replica,impacto_PVD,acum40_PVD,acum40_INF,elasticidade
1,0.009166060284067329,0.02396748849960098,0.04915920373858849,0.4875483465324567
2,0.0050727369378747505,0.0026796776410959854,0.024211363991399212,0.11067850791256155
3,4.069864069908004e-5,-0.007574038132195845,0.03242163673822679,-0.23361060372580333
4,0.010010286664869845,0.022842626513069276,0.03976007679676635,0.5745116295883775
5,0.009859806795806956,0.02383572701824171,0.042924622223170415,0.5552926451936332
6,0.00307093628560553,0.027184426616587806,0.06377215936974397,0.4262742062562989
7,0.01274259310420974,0.017812811688261442,0.042929381957688036,0.4149328705877496
8,0.007849415621581675,0.009375568266490265,0.04158660252106984,0.22544684340924787
9,0.01117791144109607,0.020742892809894956,0.030524534198495067,0.679548217673298
10,0.00786895456925488,-0.0019692324082102256,0.027974107320404205,-0.0703948256741646
11,0.0170931279576714,0.0420698947358152,0.07017939689721421,0.5994621868499581
12,0.002607574251140067,0.020544433186975377,0.035199713195280265,0.5836534256117196
13,0.009554003157863662,0.021263814880806572,0.03723922308778352,0.5710058674071065
14,0.01228881125410357,0.031005566859371923,0.059234097789878516,0.5234411937758917
15,0.004974306208987757,-0.0053760754051090385,0.030374621894386156,-0.17699233998045735
16,0.014586336995982213,0.023105522215665076,0.03584466600798245,0.6446014090498032
17,0.012114955564589565,0.04154267744641469,0.06262998296250265,0.663303348993194
18,0.006262454782889886,0.025735980898888115,0.05728785342463963,0.44923974909869835
19,0.009696576097353912,0.05688729957765924,0.07882248843814255,0.7217140781123985
20,0.009529084711096288,0.01658118014265901,0.05393470109006339,0.3074306486833173
21,0.008605762071202127,0.009002049190159293,0.026410824970618613,0.3408469519666216
22,0.014210779924823327,0.013368525200937401,0.03909876785699415,0.34191679005930575
23,0.01268336702073378,0.03734795777687452,0.037725001174630214,0.9900054768451736
24,0.0028354667479137687,0.0074168510194930195,0.03497792639810123,0.21204375968655595
25,0.00833639740105663,0.013257649928739065,0.04038123405246216,0.32831215389591856
26,0.013566654209646175,0.03202970157956651,0.05709072598622553,0.5610316041049193
27,0.0040262915325662944,0.008324890113025774,0.033912545079669947,0.24548113665513177
28,0.0162106032413025,0.039746944083301455,0.0423859391438778,0.9377389031863053
29,0.012949138922460985,0.013747985338964121,0.05398865236003796,0.25464583274429514
30,0.010827265366469843,0.03215362885476911,0.05135320625165613,0.6261269977418823
31,0.016840452016142884,0.04347691278569897,0.0456413185886047,0.9525779300459098
32,0.015324654387507566,0.03376061260624254,0.05114068688783068,0.6601517238180884
33,0.007231501765691615,0.01167294766222359,0.03933781734710331,0.2967360278081911
34,0.0097694424184631,0.008483836845989086,0.04385610190601858,0.19344712542326542
35,0.009585276695119428,0.013811224002775915,0.043480327324580494,0.3176430549769135
36,0.010649538033799569,0.030210604556121623,0.055304842503106355,0.546256045380199
37,0.003916667020971831,0.009605119218827543,0.03411723061745039,0.28153279281451077
38,0.007794153319069862,0.012793063966287373,0.0359085483830331,0.3562679234433252
39,0.014350545564880525,0.027248410886007306,0.0328637069152075,0.8291338209749629
40,0.0033480020974562706,0.021544060048006075,0.05783348404039333,0.37251879954108935
41,0.014824266575226872,0.029943670552452496,0.054171892403794414,0.5527528986665994
42,0.012009497266990188,0.06570409350530591,0.09141296845284339,0.7187611847349674
43,0.009018853684094672,0.033387139726351565,0.06654654596791744,0.5017110841853121
44,0.010775353422073936,0.05675965473151329,0.09083193465036359,0.6248865550425231
45,0.01618701931681571,0.030754721346354704,0.05862113762813921,0.524635354937088
46,0.006409129683351848,0.03477152999535936,0.05100510142036354,0.6817265141536802
47,0.014004517096002148,0.03847642401069018,0.06356430051572153,0.6053149912532068
48,0.006167539102598905,0.032087693493896036,0.041552908579329056,0.7722129350497117
49,0.013451595377637219,0.03767550119414339,0.0639713579998172,0.5889432766809648
50,0.006641902642623482,0.03328005629539241,0.0666049809358652,0.49966317575314984
51,0.011840959555716476,0.015845114297108255,0.047112112291635345,0.33632782582583376
52,0.010773493551590725,0.031668643101649956,0.05193210113500415,0.6098086233661769
53,0.010456488817469672,0.016665006988971786,0.04357840838810611,0.3824143103289697
54,0.0011907063248219598,0.00542042433499115,0.025769634529499794,0.21034152924389046
55,0.012839002560786784,0.029718143218777478,0.05793706066082007,0.5129384003920373
56,0.007868020828116166,0.02082460074734096,0.03309656802130062,0.6292072559891543
57,0.00821013387031469,0.011734938658547458,0.032162206259776324,0.36486734037346696
58,0.00918962160179565,0.016167446834851208,0.040182756939849885,0.40234787421511364
59,0.00586160422574256,0.02360991882885729,0.0395168251472965,0.5974649719670745
60,0.004810107127978228,0.007172278899253892,0.03191451254711005,0.22473408887779994
61,0.006881200329504012,0.020014061998184087,0.040905458068608506,0.4892760756917961
62,0.017396229049633057,0.051352081025777235,0.0631967201750672,0.8125750969911412
63,0.007931444185494478,-6.263627096655298e-4,0.03319093189879364,-0.018871501155057827
64,0.004847872187875757,0.00420581847766831,0.03142302039721049,0.1338451372434482
65,0.01046082509219871,0.03032368806574142,0.05527135744195976,0.5486329532902138
66,0.02065753728494975,0.0326706389149274,0.0490235175680193,0.6664278806513106
67,0.005736831767747201,0.0018553961666835498,0.03003268946765664,0.06177922122764588
68,0.00962383018219569,0.023816279741331076,0.046327150515657445,0.5140890271954403
69,0.006296334297242068,0.01439669043825474,0.032065341993464516,0.44897978762206997
70,0.009278920401742628,0.017431758637543805,0.04512597798715116,0.3862909883638909
71,0.008240993706501927,0.017271326387410305,0.04726740189191492,0.3653961439832081
72,0.010255425255705705,0.02059453043862557,0.04911274424887177,0.4193316979858781
73,0.009147428302800999,0.019325987295423525,0.03739862921136037,0.5167565684346789
74,0.013953319604904946,0.022075079819200177,0.0444111261511804,0.4970619241686004
75,0.008333103636232266,0.01738087778808252,0.03801324092832061,0.457232200244558
76,0.015914161947850294,0.050019610603142854,0.07504684571455236,0.6665118317350349
77,0.013736749062768701,0.03176809025498393,0.04670655788659909,0.6801633794576573
78,0.012334470342650748,0.03163533971025871,0.040460200378475114,0.7818878654661522
79,0.01354101797727362,0.022363357884690648,0.05040010711796502,0.4437164752913645
80,0.015377201940127911,0.026543276778203992,0.05410581896570496,0.49058081525442726
81,0.008497791456513413,0.01642388018854232,0.029823465803451542,0.5507032716043869
82,0.013308725539983432,0.020782210196658737,0.04459850408955241,0.46598446788548564
83,0.005713630436257118,0.032712348424332245,0.05497100908239414,0.5950836444588609
84,0.009294386030909036,0.013649012926234263,0.03675991576469264,0.3713015289154699
85,0.01589927056631723,0.03578451719651223,0.05667660646283722,0.6313807306013655
86,0.012236248692093596,0.02934382702407788,0.060522441252143254,0.48484209190816047
87,0.016377610653962475,0.03586547391283996,0.062098963270374716,0.5775535053086811
88,0.00797104974964485,0.015153487995806222,0.03474684943784524,0.4361111364330342
89,0.013162509050791846,0.029097129041040958,0.04804730226363433,0.6055933979682303
90,0.011173524003127717,0.043350705728070905,0.07494038391015873,0.5784692240173378
91,0.02058519340381009,0.05225595686756678,0.06310117973811243,0.8281296337793309
92,0.014354263683753008,0.03250382523961574,0.04340235708756434,0.7488953923410013
93,0.004749324500095891,0.017037130404572835,0.03862998695405287,0.4410338120185511
94,0.004037408585954751,0.008552700385604538,0.027285968590906703,0.3134468310007072
95,0.008244349375196872,0.007026159828248457,0.03968693266706984,0.1770396288166256
96,0.0033684713207065664,0.004282966844532193,0.03631275087361904,0.11794663696612802
97,0.008230078577026708,0.01837238528757727,0.04530722498967743,0.40550674405159753
98,0.01270588194834889,0.07380968643286022,0.08494801615614858,0.8688806375087764
99,0.014227483201334613,0.04011648159089638,0.05843714251710255,0.6864894459744616
100,0.013738640906707369,0.027573409607179494,0.04535658324896227,0.6079251925972698
101,0.01527196974766542,0.04577299204218946,0.07663185761226418,0.5973102240818438
102,0.00834262434626915,0.013977764542018248,0.04506035903158303,0.3102009136727287
103,0.011654943563845048,0.01874787285858596,0.04408774206401728,0.42524003228297
104,0.013416042960947047,0.04457343377459111,0.059942748567562654,0.7436000990904098
105,0.0036904483407173027,0.006869589395988622,0.027705153812270865,0.2479534834037275
106,0.0066870730893512495,0.001618598722822486,0.042221745328500274,0.03833566590459985
107,0.0164052451666471,0.04436437299317067,0.07630434510940987,0.5814134559382995
108,0.006889242304287234,0.018856153155456096,0.03925709849478656,0.4803246770252325
109,0.005460172056820675,0.012773534435713439,0.03836474498475513,0.33294980693314175
110,0.011564626663898743,0.023274588418669404,0.0475174557347214,0.48981133477781025
111,0.008644787531891643,0.021366442597255782,0.05255848790650909,0.40652696544965977
112,0.00885215975311979,0.018229202396470755,0.043965204941908684,0.4146279409036541
113,0.0052509010412431275,0.036904334254550086,0.06463390706645451,0.5709748323988248
114,0.008327553891614364,0.012480171703958482,0.03980634065701682,0.31352220520573154
115,0.008371146858979177,0.02458097685388322,0.050855056972416345,0.4833536390926841
116,0.008226229744738633,0.0028597102564120428,0.042221688465188006,0.06773083598420959
117,0.006323496533092795,0.009737791675436317,0.03521620515451595,0.2765145089515016
118,0.004771259135024143,0.017516523722578926,0.03983779462514012,0.4396961199133476
119,0.011856638530172143,0.02839342563244745,0.04154978395795989,0.6833591640615013
120,0.011318411129154994,0.016868486890839862,0.04591183025274945,0.3674104647533559
121,0.012764992183274863,0.051069041831020415,0.06072102209083092,0.8410438440022902
122,0.017229166217406073,0.061545510706251985,0.06626648440224676,0.92875774626374
123,0.010118678616271522,0.009722290930856102,0.029332060869758286,0.3314561146598432
124,0.013498957055117378,0.02251980954879015,0.04534281004267605,0.4966566811274997
125,0.011694105416184744,0.028918978023288466,0.038154410123335564,0.7579458817422884
126,0.015909066608742518,0.05674172337729532,0.08764373200819175,0.6474133640497174
127,0.0156399770003706,0.013766346262615975,0.04253650833863767,0.32363601998125063
128,0.007921787920573077,0.0016261940532777425,0.03267906606501521,0.04976256206473034
129,0.01506646138327079,0.12060067886785361,0.12405361283778926,0.9721657927492151
130,0.006904547918205793,0.006162693258871747,0.041326571693012404,0.14912181210312567
131,0.013283776199951382,0.023716878004433506,0.05451174870800514,0.43507828250886116
132,0.008711373772439569,0.0164020810512944,0.027452781963698186,0.5974651703052707
133,0.01059146204903408,0.018813664835005746,0.04256524683493555,0.44199590590801824
134,0.012101156347185348,0.037369736753596255,0.06208108782100232,0.6019504178364913
135,0.0043648074895640395,0.0013916506868227802,0.03127582223905494,0.04449605437023458
136,0.008659147659770983,0.013392360791228386,0.030537611995071726,0.43855298159494904
137,0.01366370054507258,0.028918640694618025,0.06851803815301916,0.4220587961090617
138,0.0054659975186800045,0.014253507377294552,0.03970548666320272,0.3589808002656738
139,0.011271795637850668,0.026625985689871012,0.0630872027262505,0.42205050373539504
140,0.012597310536223434,0.020057337109372072,0.04724419541066612,0.42454606190295735
141,0.013799594871736886,0.018143936222171888,0.05184147653290436,0.34998880116108827
142,0.010706948636621803,0.03227774561202847,0.056552798915109864,0.5707541665706037
143,0.006561935556032096,0.006382656978978703,0.033804331846710375,0.1888118069578063
144,0.009531345785036189,0.01835266663454314,0.03320617463012147,0.5526883731405591
145,0.012513996933000574,0.02644605703214384,0.03962754624311378,0.6673654954535437
146,0.004601540133564725,0.005045821611262134,0.026642896457729187,0.18938712685640924
147,0.012963605606601628,0.020405395042417084,0.04685620564910588,0.43548970215872496
148,0.009948472015996102,0.03559400986449257,0.05919636850909772,0.6012870512322429
149,0.010367623480466461,0.024365759848457878,0.06337684991011161,0.3844583611052967
150,0.00936398410181362,0.013780434672856046,0.04283372577954621,0.321719262615171
151,0.009931057150177398,0.035234823848396456,0.05615298975838681,0.627479035399605
152,0.011339317533946553,0.03228199380554942,0.05378872924956616,0.6001627897875984
153,0.011087915842739878,0.04451539043310173,0.06420527881375075,0.6933291351671217
154,0.006972786010610082,0.01482998297804031,0.05263630448271929,0.2817443801152312
155,0.005457294630435519,0.02167158046172478,0.039468993759492116,0.5490786158315186
156,0.01197138198047345,0.022321350715178493,0.04995580926105817,0.4468219221218493
157,0.008804758144717437,0.03301576739302896,0.04570006527446519,0.7224446441103104
158,0.012779702725357547,0.06816677281525821,0.07706574106629825,0.8845275718119102
159,0.013246173019245716,0.10175525696425267,0.1202950119190664,0.8458809333899302
160,0.007430509481070402,0.010338515778064437,0.03703270607504619,0.2791725713242127
161,0.01458353887617084,0.03561486493138719,0.06467164633230764,0.5507029270352019
162,0.010568344152859479,0.03088945754426858,0.04999134951877168,0.6178960528494961
163,0.012711259596494617,0.012905521118999553,0.038781136856130424,0.33277830835326533
164,0.01070715255752651,0.006479915291868224,0.04387596869045685,0.1476871163251975
165,0.005033975527288902,0.01418271492160942,0.04700138867249606,0.3017509763474023
166,0.011433768191723507,0.05417381498615593,0.09214474910939496,0.5879208040584099
167,0.012087756551959985,0.02532799340210854,0.059563803457070165,0.42522458157601306
168,0.009160388574034678,0.023518612899313524,0.05406505926120552,0.4350057730573755
169,0.01807253510887955,0.033084069108979285,0.04931912868440739,0.6708161719701885
170,0.0117132368525017,0.02861540375295395,0.06030391316383413,0.47451984874035297
171,0.00767756236320484,0.004259939119317473,0.03413967169627399,0.1247797330102153
172,0.004496150354269353,0.026005120035536206,0.0687555711538046,0.3782256419245411
173,0.008737000698276239,0.015639740777893055,0.03818451105440524,0.4095833715301362
174,0.019222677995471442,0.02261648114355274,0.042646373156181465,0.5303260153149635
175,0.005626487961925748,0.03821145178936183,0.05681283622716387,0.6725848298890564
176,0.009552105487937699,0.003929200006957816,0.03417640162126136,0.11496821843623922
177,0.015227295560223056,0.03561007753661869,0.05590310254350672,0.636996444140199
178,0.010988874047546402,0.08621642836800328,0.07825856945665895,1.101686741357463
179,0.010508212685102191,0.02287091822416681,0.04523072270683798,0.505650072681885
180,0.012541978611613793,0.005926317829259663,0.039645465287120436,0.1494828673680603
181,0.0068412836038922575,0.019931982636722544,0.05005961287709745,0.3981649375846759
182,0.007907733099219286,0.0030773129337853555,0.03189752697321548,0.09647496924665636
183,0.010295758586468499,0.018069105155118968,0.03645035066620845,0.4957182804792618
184,0.011118933164061165,0.02084314154237545,0.04059187898496341,0.5134805794552267
185,0.008014713005298603,0.018654767706903393,0.037466220787068606,0.4979089781412394
186,0.0111357890035414,0.01429859984407859,0.04089175305602414,0.3496695244268118
187,0.015065250236736025,0.031021521924930295,0.04696383550817934,0.6605406391802796
188,0.00829183460292461,0.03717007263539932,0.048897785646412895,0.7601586072666277
189,0.01048183372605634,0.02449298241824995,0.046278237314927965,0.5292548687965963
190,0.008173457722041387,0.013342218546086977,0.03316690864976863,0.4022750111255862
191,0.009788753363065545,0.010314620021227388,0.05146773080278165,0.2004094577387103
192,0.009266436396430877,0.0937872165708764,0.11419052846035938,0.8213222045244682
193,0.017052538400664993,0.03079752972852189,0.06521566556224023,0.47224128532629145
194,0.016912327414455655,0.02551499343883428,0.050686303813638235,0.5033902951899389
195,0.011534085424211079,0.014733763981949144,0.045154311091832565,0.3262980571663325
196,0.013877339300588808,0.051262220346006915,0.08176068198927115,0.6269788741822588
197,0.020982757128795496,0.0453916654268279,0.06189436364290446,0.7333731660723128
198,0.02040442602856177,0.04987331749086534,0.056531900463965966,0.8822154762452241
199,0.01075450883053939,0.021375664141794964,0.060952520118924124,0.35069368912210724
200,0.019371899341092125,0.03804473588620547,0.06275690066672153,0.6062239448096212
201,0.01178217210857699,0.025644002243554207,0.032271945239452426,0.79462214171721
202,0.012335471305525139,0.02792572706688602,0.04532470400654168,0.6161259665999258
203,0.005794844421674812,0.006006628651240639,0.034073435943726214,0.17628479444106698
204,0.012178550259246317,0.007449093721403421,0.052854390280677066,0.14093613949278155
205,0.01247812852916929,0.04930706073685612,0.07484731460791254,0.6587686010533714
206,0.011509129662297739,0.01509018393597413,0.029987849172458243,0.5032099451078144
207,0.012588377004983786,0.03263375922721216,0.05745268978402898,0.5680109904320593
208,0.004780455052328228,0.015558864904342082,0.04025664637340109,0.38649182944912036
209,0.019139183482038368,0.0624545281103141,0.09323654022273442,0.6698503393746205
210,0.008856488314385836,0.014012600403166011,0.03469522506122501,0.4038769132766438
211,0.008322253782365088,0.006663772232578829,0.04330887326128071,0.15386621102739284
212,0.00453731726245595,0.007859846516785562,0.03641956094188034,0.21581387346565192
213,0.0013703503566287291,0.019625472783150393,0.04161681702780886,0.4715755356791562
214,0.008949699939290285,0.018360390251555787,0.05944888458336371,0.3088433093443404
215,0.00893399459281214,0.025243875140250335,0.05791502353275448,0.4358778361882799
216,0.010884220417664266,0.014035868030344208,0.03379401865297939,0.4153358668134238
217,0.011313620899795382,0.10070390913265477,0.06531205583286531,1.5418885204036117
218,0.007163210160990605,0.007354710378363148,0.02866829609833624,0.25654508217493877
219,0.013174928901275943,0.029586992341127914,0.05560477229222693,0.532094478970898
220,0.009407430291669534,0.036851595361257185,0.04885659238393556,0.7542809181545433
221,0.010564206061561054,0.02221116573060727,0.03938201545457348,0.5639926112016154
222,0.006324589741583471,0.0016392194002336111,0.04679950740682311,0.03502642423100851
223,0.010479181638235122,0.03372071519968026,0.055533821788537975,0.6072104190502537
224,0.012102858726582181,0.05729783237184257,0.08542173758213494,0.6707640700559316
225,0.015371595348709747,0.09833054329247744,0.11885100361036596,0.8273429782287613
226,0.01332855728697988,0.02171881895671915,0.05178760848022194,0.4193825433165875
227,0.013392115943686137,0.027151701015932436,0.05146735161719702,0.5275519365729344
228,0.01085567394952687,0.02385015312261589,0.034872075780719665,0.6839327051417553
229,0.006844813551158037,0.020531672110918983,0.051966469684019266,0.39509461073190594
230,0.010922951479288416,0.03913317099938138,0.04485372448222832,0.8724620185083292
231,0.00919158241512303,0.015159980332457442,0.03447022334192017,0.4397993068417686
232,0.011443600908297574,0.013812773554320097,0.0374548576584795,0.36878456942134413
233,0.010961415065280148,0.027898986731960243,0.05681193756992212,0.49107613514542003
234,0.012980541276328757,0.023047654147520878,0.045395044307953804,0.5077130003700124
235,0.009769305689542507,0.010960412020568291,0.03936852443837946,0.2784054565652768
236,0.014474562121137726,0.032737672179095664,0.05959186075593456,0.5493648253941361
237,0.011576178893972396,0.02000066930441833,0.048380114686601895,0.4134068187721183
238,0.011425468362220453,-0.0014638482391909748,0.03802867887195242,-0.03849327093691434
239,0.01595137395543477,0.026091801792157768,0.056256332253749645,0.4638020423099779
240,0.010514691470961237,0.008407707668518115,0.027687685056334028,0.3036623557156039
241,0.015040869829809018,0.03660128301060465,0.06110934689582523,0.5989473766263589
242,0.013387666276502494,0.05701852117483936,0.07331424578490865,0.7777277194137939
243,0.015666468467133623,0.01579537336312816,0.036750778522280106,0.4297969729689465
244,0.0064187519392415945,0.0020050686760990197,0.03802093517392228,0.0527359115952059
245,0.009249387973916636,0.025736857852092277,0.04810773937914174,0.5349837299411975
246,0.006747021537996584,0.015704713090089372,0.05110235280923221,0.3073187872330634
247,0.01933676731572273,0.035048742886921204,0.07368265754498428,0.4756715359448519
248,0.011944894725726648,0.014988036522560264,0.0501246270910822,0.2990154220065374
249,0.011723603597026485,0.014445910482660902,0.05239097144016199,0.27573282352972217
250,0.01136049502942207,0.024691698177541997,0.05737783653969166,0.4303351200852838
251,0.011980429724813838,0.017343835523011858,0.028508260574857922,0.6083792968522176
252,0.0054999887374563225,0.018999159648890047,0.04592840629458176,0.4136690380029887
253,0.013345947474803478,0.02615232893830063,0.04987815017798407,0.5243243553535817
254,0.01649547684113887,0.05737118145374581,0.07530674065467426,0.7618332828508202
255,0.007540267955523655,0.008896134766830962,0.04006088970031498,0.22206533188305638
256,0.0068919374682035,0.017200906523115483,0.031124840161450465,0.5526424050337644
257,0.004227501387869183,0.0076576574249526096,0.029158603711313683,0.2626208545775256
258,0.01670493523424595,0.06136492790844191,0.06447067049477993,0.9518270468958518
259,0.016134029103208464,0.05424408465759441,0.06808088819130179,0.7967593563875507
260,0.009296951066219925,0.012378181375563803,0.030581995755026757,0.40475387789330924
261,0.005068780517745266,0.005496857757428784,0.02591532707429883,0.21210836898447702
262,0.012745373127787863,0.012990977434686534,0.03802948802158692,0.34160274330573115
263,0.005598864764207608,0.003144945414283578,0.02506601455490944,0.12546651193368943
264,0.010926685677571605,0.02434820684716328,0.033790274350548176,0.7205684864990829
265,0.00974642419899117,0.033314352114490166,0.05638524225376094,0.5908346010922401
266,0.006759506960493968,0.03127921104560489,0.05015290720057566,0.6236769270525132
267,0.01951410417350746,0.022540364461475778,0.0610036872657431,0.36949183683415515
268,0.01568480904280333,0.08733813105063534,0.10440199297679423,0.8365561667970101
269,0.016604343803860642,0.026909558467562895,0.054581060910088894,0.49302006994497366
270,0.014972670746866588,0.028857843553634535,0.06131683149245129,0.47063494396619665
271,0.014796071972903063,0.03006488423137007,0.05707907850774985,0.5267233637503108
272,0.011741476724953551,0.01741289655476839,0.04120641748265207,0.42257729787112
273,0.013202173368712114,0.018834284757088364,0.04676780426817656,0.40271902972157
274,0.004326950519241019,0.004302156196154998,0.03152167693310603,0.13648246586895907
275,0.01653337567501291,0.0323284657710381,0.05673325448905544,0.5698327385268313
276,0.013780801773696607,0.041147768594335894,0.08107481660794444,0.5075283585692856
277,0.009839944921366523,0.03364636251799436,0.04371361488805899,0.7696998430387268
278,0.005460484664948854,0.004505411342484141,0.02572184839156062,0.17515892613543177
279,0.012465006351793003,0.04087472085026927,0.06124628894269782,0.6673828170799337
280,0.014424079833051155,0.02850619241457043,0.07212856365546191,0.3952136431100525
281,0.008139847432660855,0.007638104499765628,0.040310472916554464,0.1894818876369187
282,0.015041549572382804,0.049966153857938456,0.07111958931209414,0.7025652754921284
283,0.015449502089584646,0.037143143705767996,0.054072083113613605,0.6869190452256971
284,0.01768265549379498,0.023657409375649353,0.05060824566996412,0.46746155814071166
285,0.015855355508488007,0.05125239067582978,0.06631821658233895,0.7728252253616645
286,0.013837563871898892,0.04346090444710948,0.07994537220092561,0.5436325236923006
287,0.008302792333886764,0.02335590995623378,0.04947899832035788,0.47203683884247327
288,0.015025071788022109,0.02913076946289512,0.06260159096099258,0.4653359286195566
289,0.0076205741339794965,0.011150054594978632,0.04765294181191709,0.23398460139118243
290,0.014862418408647446,0.03886701140242657,0.06421171522367074,0.6052947077809689
291,0.017964756050505792,0.014944368388930304,0.04859763144436937,0.30751227878332726
292,0.007051362443251811,0.01000998046582662,0.023931190954064364,0.4182817514197542
293,0.011308816087950467,0.03801849235801437,0.046113287765010204,0.8244585064451206
294,0.011564292748159686,0.010953074579991782,0.04127752304550294,0.2653520311264192
295,0.005634516714849331,0.017634593068726258,0.041850145784596685,0.42137471060415815
296,0.004701625326800948,0.03401739434039773,0.05782974096920495,0.5882335588968385
297,0.004688783474438296,0.012822436258633229,0.03347969620379411,0.3829914160684683
298,0.004862687958724435,0.011063481464646894,0.03786963919156529,0.292146471443305
299,0.012497958417729058,0.009668644226944034,0.02518112790364852,0.3839639059830649
300,0.011649118853337687,0.011406021691829235,0.040913855346459575,0.2787813955747448
301,0.0037940506125086703,0.023465914748788733,0.04639100478547212,0.5058289825215719
302,0.004712892812094083,0.0027592244307701364,0.027431326440756958,0.10058662080119216
303,0.014407985071045392,0.07677644095639896,0.0865335971050457,0.887244301923538
304,0.011227229900823178,0.012609474331002471,0.03533935690572497,0.35681108642245096
305,0.007706489129118225,0.020996439250642755,0.039245599961890476,0.5350011025702599
306,0.012926461871278187,0.04287469073742251,0.06700050248946257,0.6399159580059206
307,0.0040746469756454354,0.028952255228048243,0.04369646029735235,0.6625766716807154
308,0.01036754789019878,0.13735789979122734,0.17526930591824783,0.7836962614280918
309,0.012232328750225502,0.02958029791208049,0.04713896583860397,0.6275126614647963
310,0.0072695204984796515,0.02500951618317938,0.06329369248356961,0.395134415481789
311,0.013969916356176698,0.04246747556080429,0.0660747649087735,0.6427185267997132
312,0.013067811472242282,0.027620635346478486,0.04017487018466569,0.6875102575196617
313,0.008671806750458243,0.020945577835309093,0.04482678919693271,0.4672558131096818
314,0.016247564710268118,0.03282862968016462,0.05959286876623618,0.5508818481107339
315,0.015536726828224724,0.038576630667421834,0.060798800569827116,0.6344965740420614
316,0.019422565694934227,0.044906007899175204,0.06773557761340925,0.6629604335179597
317,0.011101747239893777,0.019751783990001503,0.04155565092224734,0.4753092191230035
318,0.013667814894788305,0.04005580259212156,0.05257808141559116,0.7618346184127532
319,0.008677478476830994,0.0174955749058087,0.04493670025505639,0.38933822035230664
320,0.014580658176466364,0.04038408146168788,0.0842949386540533,0.4790807384939715
321,0.0038159772268828137,0.02304271111340525,0.042299806867904945,0.5447474307711071
322,0.012338536752089914,0.04302884609478692,0.05397891597051308,0.797141723229347
323,0.002535463326317635,7.564226791602694e-4,0.03501733564898006,0.021601377293315047
324,0.015862531069711597,0.019324758529786882,0.035894082744953565,0.538382848980973
325,0.01505479430540749,0.08630446418634538,0.14672536650460316,0.5882041138649177
326,0.009257479486712817,0.029983444740140586,0.07198295570393726,0.4165353373854386
327,0.011142364029107897,0.03526918704135397,0.07563520448096127,0.4663064942229627
328,0.007094287847189373,0.012397299338048827,0.04498521647132008,0.2755860771716551
329,0.014384184694724104,0.02307124234863209,0.057371574541919525,0.4021371651875214
330,0.014717275966636273,0.03550134304361695,0.06686237163960705,0.5309614686564174
331,0.013884136600580113,0.0455264769014295,0.06169162490728672,0.7379685163075049
332,0.015043485706876055,0.07877450040638675,0.07428385169254362,1.060452556127941
333,0.007312533167853059,0.015721503150496273,0.03836916649172472,0.40974315024244823
334,0.004497357082047335,0.004087845291504589,0.038479531172345455,0.10623428006946327
335,0.00259571448411408,-0.005982014415318783,0.03038967756453806,-0.19684362897944135
336,0.008824695508879021,0.015684978373098554,0.03912854178137014,0.4008577283748018
337,0.010521104251239371,0.008552982070627295,0.03890029211474922,0.21986935330453194
338,0.008990295611556197,0.021350041819801154,0.03143501616267898,0.6791802399372981
339,0.01189656011385912,0.014833141371720055,0.027858197530851215,0.5324515828884219
340,0.010493182159740494,0.0024747236132167173,0.03569773541817272,0.06932438666562879
341,0.014592867870656391,0.038730775458648024,0.05703178542037275,0.6791085913437441
342,0.02167217437504246,0.038274053454182416,0.06372503617965591,0.6006125025379166
343,0.008250732299124652,0.013304748493421465,0.03976936493953073,0.33454767290479287
344,0.009699453632358683,0.03512346172539544,0.06284083754194722,0.5589273329138873
345,0.011252330127569248,0.02956055517981983,0.04403252306820592,0.6713345754462182
346,0.013056839992561416,0.031139721162958676,0.057989474141067504,0.5369891971637293
347,0.014061767028535815,0.04321137732915853,0.05794069088579495,0.7457863665162554
348,0.0056553316648867615,0.02136642120881631,0.03936757300541197,0.542741641855316
349,0.01034262164959003,0.018356041343585323,0.03409413200647963,0.5383929803549988
350,0.01718382645742333,0.03835255437611355,0.06834702690011141,0.5611444435200594
351,0.006486961584780044,0.009439927020558467,0.0475922750775039,0.19834998442889248
352,0.00984697300191407,0.024276213270828156,0.03193536970449376,0.7601669714633724
353,0.009208087625411884,0.03507260066800697,0.06484474800582668,0.5408703364049698
354,0.012991335635518788,0.043247740763302886,0.06590019562693727,0.6562611893920539
355,0.013946308057467802,0.024457930472409267,0.03584573045655427,0.6823108403956996
356,0.008775959695263107,0.006061963911956941,0.03370798528838544,0.17983762186005448
357,0.010839211682589554,0.022995026322124003,0.04320479159558849,0.532233242492297
358,0.013588483589873203,0.016320932374532623,0.051198057677740105,0.3187803036838376
359,0.014887360452789303,0.038955933372378855,0.04849498954858982,0.8032981084230721
360,0.013426104834678595,0.06954233776938361,0.13217271425455354,0.52614745911513106
361,0.011204475089893336,0.03461067476405485,0.06931392978834702,0.49933216699356087
362,0.005698378631380793,0.003068685232560133,0.03342515914037987,0.0918076476366855
363,0.015645021913148403,0.03259731655483023,0.05134182859847854,0.6349075879193796
364,0.005036653485220879,0.009652042254534792,0.044318520375207546,0.21778800765050566
365,0.013451643403008317,0.019542873838745898,0.03750202373242893,0.5211151797615308
366,0.0070721308745472725,0.014546099856126208,0.04046434693566476,0.3594794172572068
367,0.0075828231814786045,0.025752475044340455,0.037691381178371876,0.6832457245986459
368,0.01485834825549579,0.02336512991313054,0.06055823908721993,0.3858290839579822
369,0.012656304408712023,0.03680621284012612,0.06196568634518033,0.5939773285991997
370,0.0071665416205525315,0.013501609562287697,0.03876543696492535,0.348289884478894
371,-1.051539227510435e-4,0.010042942855315961,0.037898856707421685,0.264993293408486
372,0.004345648396596002,0.0038609085530334295,0.04330237646235883,0.08916158577092359
373,0.008744955328771531,0.014545445624552449,0.03687278908640173,0.39447641431379127
374,0.008517845943206195,0.03289579306947593,0.060805455810876735,0.5410006821064174
375,0.01570324280805262,0.03254391034165697,0.07093909376932062,0.45875847311333146
376,0.004990022071090636,0.004892666428305005,0.025404933543344933,0.19258725554063438
377,0.010726863595118636,0.024835531700448218,0.05953718414283491,0.41714320315965236
378,0.022662658570964805,0.03310803483639747,0.06970745708101997,0.4749568586028963
379,0.019849301118288882,0.02540531922489059,0.0763475421298349,0.332758835663457
380,0.01129421709541032,0.021926411974930435,0.04352282041615463,0.5037911551980183
381,0.010118542418922924,0.030611315235977373,0.0427665977410852,0.7157762565379281
382,0.009907656856590666,0.018003724131992496,0.03757911045109437,0.4790886190726262
383,0.006430655084675353,0.002095444172993309,0.027123092417553715,0.07725683121726801
384,0.01097527557987235,0.036187603152366535,0.04887017977348118,0.7404843468982553
385,0.0018700283454815975,0.014055260271974174,0.03658924570819571,0.3841363766847455
386,0.009195949195227374,0.03081651672850767,0.060675078809320396,0.5078941359986152
387,0.007407628976645189,0.007719842584372213,0.03758201589928752,0.20541321160258902
388,0.012012735267547968,0.04300120900708241,0.07091732601209584,0.6063568866055103
389,0.005505971343201147,0.005945439874732883,0.030788602404099204,0.1931052211042001
390,0.004395221876497971,0.016885775467321083,0.028247853920337105,0.5977719764107153
391,0.011490156395351137,0.03474708478615167,0.06412308357210662,0.5418810645167813
392,0.008716680994672028,0.016263234520460985,0.038853186370402325,0.41858174424659367
393,0.015603801493274448,0.027701227071187166,0.05689483961024503,0.48688470274198675
394,0.01789824526559946,0.037725704994054636,0.07290571924102685,0.517458786317342
395,0.005995170597308759,0.013604156952853072,0.036649958134151145,0.37119160963451286
396,0.011293019004243163,0.031135729361312068,0.04930577357258272,0.631482422955546
397,0.015678579229555525,0.05464428496029977,0.07180111984251779,0.7610505947560665
398,0.015796893206502863,0.037025356348052554,0.062172449398114484,0.5955267438631013
399,0.008393497650646887,0.030592981582215704,0.07172149277011511,0.42655249354992764
400,0.0073230978776098335,0.0069414610473213165,0.03022699745018081,0.22964441171380037
401,0.005578626035011961,0.009466870545729207,0.039969965993004494,0.23684960220847048
402,0.003635323711940311,0.010617310881821895,0.036647179489584306,0.28971699949895185
403,0.006759854541767293,0.010940754416667206,0.053256797198527994,0.20543395382720472
404,0.011767287100329954,0.006895950666329562,0.03861240896491517,0.1785941579712239
405,0.008675355111957153,0.022777290465583494,0.050837115059338994,0.4480445131278001
406,0.013445291187506453,0.06301793222180176,0.05476365257811257,1.1507255132757193
407,0.0068609404154660585,0.041312222842044326,0.06014173458326135,0.6869143886239414
408,0.012451718887213645,0.037398388008256386,0.06831683338578734,0.5474256658979858
409,0.0020391264644821607,-0.005228554962733448,0.0240095367180636,-0.21776992301562154
410,0.014104737119533802,0.030612317505364802,0.04511741664530616,0.6785033315631911
411,0.011272250546859118,0.03314571189964174,0.06412775309813877,0.5168700024296305
412,0.011282249509892206,0.016118321476449895,0.028958083284228935,0.5566087132993435
413,0.008348377003162348,0.022524811741475283,0.053248755183482155,0.42301104812422946
414,0.006548412153478277,0.011331510396355595,0.0397004341284979,0.28542535226892074
415,0.015234032391021583,0.01810420766832382,0.04957935510714259,0.3651561749683924
416,0.003109137770937579,0.01598336327725566,0.038022119783944174,0.420370125813055
417,0.004447973283158023,0.007832269047617538,0.032669210091044544,0.2397446716890336
418,0.011646690084920128,0.021435731522134606,0.06257253333986679,0.34257413561482375
419,0.009188734075109294,0.04170061796474807,0.051292296280294615,0.8129996313065933
420,0.00869857030240207,0.025832846673136362,0.05993594091493283,0.4310076104386341
421,0.020751482618364098,0.0579053460614203,0.08084955997476528,0.7162110230345556
422,0.009352088461587655,0.018728902746766606,0.06578104394270025,0.2847158029763217
423,0.006894502553085551,0.03519562191162377,0.04501829635448635,0.7818070598337139
424,0.006668924405645256,0.007530463123039767,0.0328414194287491,0.22929773603048542
425,0.018181703466419584,0.035248569065545694,0.04993581395864417,0.7058775309988508
426,0.009094253315733013,0.013549597091290885,0.0398513629855078,0.34000335437004453
427,0.00983451903192409,0.025238206410425814,0.027697106129001777,0.9112217822640598
428,0.011692455385001351,0.025448593918755657,0.057239652646738234,0.44459728076644484
429,0.014196049892185146,0.042679629253445185,0.03890207976919549,1.097104049620528
430,-0.0018895919224196133,-6.31380242819338e-4,0.04029645184320106,-0.01566838304464432
431,0.012178756859064124,0.024745905643685142,0.05841293374181199,0.42363743880872773
432,0.01708070423540072,0.04914144086034308,0.06384962488113394,0.7696433761643481
433,0.018299749121203374,0.03810943788306759,0.07426979331848371,0.5131216364053512
434,0.006363504241653747,0.005798167318803473,0.030476376884445103,0.19025120147279748
435,0.008994851735187447,0.00721163437388972,0.02813583441035394,0.2563149280988038
436,0.0037622798807690314,0.02659915879751108,0.042970821627316795,0.6190051246449019
437,0.008656319626410346,0.014925905653646576,0.03806024024971858,0.39216530310149417
438,0.010062101895673687,0.023917530087598903,0.05656028966544608,0.42286788538515296
439,0.004921700216023602,0.0046553608284063365,0.038352363372049905,0.12138393619306989
440,0.018842196332961088,0.039547738890402945,0.09129507885785314,0.43318587798121033
441,0.014889501843688339,0.04337659799883978,0.05452380341070537,0.7955534149388244
442,0.00914938169933136,0.021117396178536394,0.038931911865023074,0.5424186783261609
443,0.01640348770563345,0.026237454929053047,0.03677402596574062,0.7134779029496623
444,0.005614943071860527,0.019441319775456725,0.04929276996087201,0.3944050981693462
445,0.0036142927052112894,0.016813263043948985,0.03927032559912145,0.4281416766334407
446,0.01217027822730679,0.02473706296495794,0.04884151769594782,0.5064761320267137
447,0.006121525920344178,0.01541537949817576,0.040753134101740744,0.37826242908560254
448,0.009169653884227818,0.018176833514646388,0.03884947521950754,0.46787848257778347
449,0.017177306752886787,0.04488165164978374,0.07527383053892085,0.5962450871498745
450,0.012289312130620345,0.01889138527561894,0.03894961935646163,0.4850210499550085
451,0.010443675936944863,0.022005403287783498,0.04934064881433413,0.44598933772817817
452,0.004065276797662281,0.01435458289971276,0.041481904136456665,0.346044454769788
453,0.012482207172698948,0.02754061958727482,0.04850166706226812,0.56782830890982
454,0.011010537704267161,0.03901256168014566,0.06471069955617444,0.6028765250216375
455,0.011357800636233407,0.01996003249766854,0.049689242967685926,0.40169725488973573
456,0.01069822609771213,0.03044141691212122,0.04328638629445076,0.7032561393563075
457,0.013047857456569303,0.013680243844181905,0.03841929460103684,0.3560774341706084
458,0.014407863625898553,0.05749802346163219,0.07274369059545095,0.7904193888291371
459,0.005533578452802718,0.023963478312698034,0.06184452631642877,0.3874793735194674
460,0.014986686149448506,0.03365388215649883,0.043439996782823155,0.7747211014943283
461,0.007441949023519583,0.008003063150487428,0.036722128604139585,0.21793570946715937
462,0.01323387255352033,0.039347711145979715,0.05714251878373844,0.6885890223862033
463,0.005374923883237481,0.00792370428680249,0.03658139869270971,0.2166047381994063
464,0.014682753422778841,0.03190389311270392,0.054521871049151564,0.5851577082514741
465,0.012457440663935738,0.02294033290446216,0.04002316376892438,0.5731763994697983
466,0.003279964843649948,0.013810910048431253,0.04412289319198791,0.31301007366713474
467,0.00179963640854435,-0.005296587912842515,0.021440910331725575,-0.24703185783139475
468,0.016457752268963653,0.047485165588791,0.05729815616284701,0.828738109021056
469,0.014798370854937749,0.026045167622857548,0.04840523756668263,0.5380650717182817
470,0.004263852392829976,0.007544044745482031,0.041217890141122066,0.18302840634619297
471,0.008101570538995328,-0.0015470934662711524,0.02547280123567414,-0.06073511318827705
472,0.019895955020336507,0.04896781951504967,0.08263467595389541,0.5925819754211951
473,0.011981972274542525,0.009574947843023509,0.03600101519158972,0.26596327331514624
474,0.016404775496686643,0.023675178231725443,0.052457665279872084,0.45131970905326524
475,0.007472079065965288,0.02072726285966254,0.05711676508004561,0.3628928009248171
476,0.0058804254358626245,0.009763201858762813,0.031160567781211932,0.3133191258680939
477,0.007613562795089809,0.020943708804767078,0.066723040122011,0.3138902059388934
478,0.009927885043079463,0.02748680615791611,0.05162231072656624,0.5324598176844233
479,0.012373574675419436,0.02241976583771425,0.033751448863194006,0.6642608419149386
480,0.003093528513198306,0.006893938005985974,0.04363255387708507,0.15799987379621458
481,0.009685948111597224,0.016783958222444214,0.045374434204648866,0.3698990084756716
482,0.020867836017307455,0.02707464211953942,0.0504253860758367,0.5369248354156537
483,0.003429645568219505,0.009559906777385404,0.03158146363285255,0.3027062611322653
484,0.008305247486435756,0.0268823701632889,0.05529084158938153,0.48619933049547925
485,0.002735990857236019,-0.0021436905610312,0.030305749261068743,-0.07073544173299881
486,0.01151023776417113,0.017862158886224968,0.042630788526093366,0.4189966806570311
487,0.008079927077813782,0.03409747677832915,0.051491974670775584,0.6621901179035822
488,0.01064848171486945,0.05168444027545992,0.06561314513324455,0.7877147204344681
489,0.009787108965429062,0.014879688378789408,0.03726696596811147,0.3992728678669906
490,0.01700165383685912,0.03680348093401319,0.06425133199363214,0.5728049488166367
491,0.013890393212681111,0.01976882292496622,0.04450541470773482,0.44418916338129294
492,0.011509322248334153,0.061097783118607876,0.06868184817678434,0.8895768640550356
493,0.013803900269046713,0.04703851686525898,0.07036714400156298,0.6684727301738176
494,0.010156718850087459,0.02643368811351812,0.05427871127854323,0.48699918422653393
495,0.016756589408674378,0.03432035356544483,0.04802346937626158,0.7146579372795102
496,0.007119663367780804,0.016988667178225492,0.028940032907428567,0.5870299882715303
497,0.008260421214662531,0.04830575571733738,0.03616388265572149,1.335745837282074
498,0.01422471450209772,0.03925618610829474,0.06630728884348021,0.5920342513318531
499,0.003895826265673925,0.004784892343125264,0.03331043901695799,0.14364543021151197
500,0.015140527333748169,0.03384557765208193,0.044983229488101684,0.7524043524050286
501,0.009340802787557773,0.020956683903054045,0.05285261333259646,0.3965117821360248
502,0.0043756956930636895,0.007120676348013126,0.03658019924227115,0.19465931010525098
503,0.00893853803082076,0.028703664833906743,0.042621846033146095,0.6734495922955688
504,0.013506400959920822,0.07604005518258344,0.07410986739312594,1.0260449499824167
505,0.0052410446515685,0.012975589928439401,0.03875358495616519,0.3348229574919663
506,0.012829883442243227,-6.831194706089105e-4,0.037654851167732775,-0.01814160591329836
507,0.006568063853962517,0.006591849273519324,0.02528405784359641,0.26071168300181746
508,0.011050878823120638,0.021183041920416947,0.030972089926556912,0.6839397008935332
509,0.005571901487815432,0.008125682024352812,0.03217774327009858,0.25252491935640703
510,0.007711465539277974,0.011332829114749523,0.050539553766597634,0.22423682581541834
511,0.011542070159858347,0.045918183682435304,0.06624514975022981,0.6931554061778841
512,0.012059606864887128,0.045915710852664396,0.06108518873641916,0.7516668410535551
513,0.014074931820888993,0.04619084094861325,0.07204807417843719,0.6411113895177147
514,0.013714501892502095,0.0531803948846211,0.0825621406281695,0.6441256789128891
515,0.019071559955591382,0.02468211513431147,0.03349051156774806,0.736988298443335
516,0.00905981031779252,0.004887810244317532,0.02525969256672173,0.1935023647420379
517,0.005100405498664045,-6.516705580424382e-4,0.025913366704258076,-0.02514804677754805
518,0.016655386521395168,0.024745916108799254,0.05929806992287538,0.4173140228844622
519,0.010480005609227435,0.01680062559590644,0.04699095931845479,0.35752889150548406
520,0.0052894864785359924,0.013275363111094413,0.048007463130519824,0.27652706986416153
521,0.013691116274247619,0.030733802996589753,0.044172347630303914,0.6957701966355347
522,0.012171388119267303,0.019079440830795887,0.037815390787437037,0.5045416808738739
523,0.007924852909906117,0.044230129408597954,0.06790478403405797,0.6513551296535177
524,0.008266272168070216,0.011039948676373791,0.040133522329215646,0.27508048224157833
525,0.015378836098694695,0.04940978496693426,0.06544502681226906,0.7549815069778739
526,0.013063933669630086,0.05716282805802754,0.07917803341594253,0.7219531174478221
527,0.012476094091100336,0.02315033539043663,0.033715914897586005,0.6866293102458314
528,0.011222080110951202,0.021516907373481425,0.03425607452306502,0.6281194699933829
529,0.013058689514528824,0.049022690269078933,0.07741243154048812,0.6332663797472783
530,0.012926032954118465,0.026787111884164966,0.054389742860743565,0.49250300654572277
531,0.011275579209474066,0.016401869602647785,0.04484520315839831,0.3657441252906032
532,0.015692100013826645,0.03949219016275763,0.04998971674454054,0.7900062799829856
533,0.012318114295803725,0.02171285813740485,0.06418400114469949,0.3382908162495875
534,0.006974021741637566,0.02876768303027871,0.04968411528585778,0.5790116793821066
535,0.013371787845310118,0.027471536245170892,0.07870705659164863,0.34903523819598425
536,0.01393421117090181,0.02697952452501555,0.04709290461468473,0.572899988772463
537,0.016486599950642743,0.026080056535184953,0.057486765238089724,0.4536706218756724
538,0.013927292858549396,0.022771336788550162,0.043734074377443276,0.5206772319456002
539,0.0176547787091918,0.03293061052618422,0.05319583984649666,0.6190448467626354
540,0.009998350286717531,0.03061573256724699,0.0662439961304711,0.4621661487170499
541,0.007863824490547502,-0.0014454863111695963,0.027398467000789732,-0.05275792660691314
542,0.012163357959577651,0.02208817572640652,0.04156982662924893,0.5313511630299913
543,0.011600717536299555,0.026285603404110385,0.04546561017986873,0.5781425411452881
544,0.014176523497295247,0.020310826676073777,0.04142812401544795,0.4902666282571753
545,0.011826072981195859,0.03211607318469517,0.05022750489264922,0.6394120761789095
546,0.011187483754309962,0.05364940274405007,0.08761224817076355,0.6123504859672466
547,0.013789107809404389,0.02789292581191042,0.04042214802218201,0.6900406627723972
548,0.01060604111797802,0.032588946035935165,0.07021382804316915,0.4641385741836878
549,0.009786277325002545,0.022228678774857076,0.04590136222185951,0.48427056842925587
550,0.009084884248158741,0.01344048323798608,0.03671615006011855,0.3660646123294192
551,0.00955395843615119,0.025011936549106523,0.04691377744679481,0.5331469327421503
552,0.010389214311980532,0.0255728148087898,0.0693302919724282,0.3688548552335506
553,0.008775960947466748,0.010027901511149228,0.031014911174078133,0.3233251726843706
554,0.01548751952676402,0.04187568285875175,0.08959831278915299,0.4673713327314053
555,0.01612331952895679,0.030173871786561935,0.06208680924961469,0.485994886051407
556,0.008459217899892022,0.006258566573036412,0.029709898779095082,0.2106559372541571
557,0.013154753964365216,0.04467970386962287,0.059580030360426375,0.7499107267877385
558,0.01949039177116717,0.05027149430960489,0.07991495669495223,0.6290623981878508
559,7.921276320407748e-4,-0.0011778114330248963,0.024327251741707002,-0.04841530993842756
560,0.009732876804881259,0.0172765285253333,0.05690658707660736,0.30359452943603393
561,0.010864485187768213,0.024822933283511137,0.039817266901874676,0.6234213248409178
562,0.01352845319006338,0.029945377422748054,0.04580499177814769,0.6537579477753378
563,0.012755502757996171,0.023945314894173828,0.04674974046713534,0.5122020925657795
564,0.007598943467701445,0.02469858230435111,0.055199007567215776,0.4474461297927444
565,0.006320666945205408,0.004529011005208273,0.026779193276872927,0.16912425099525394
566,0.014054444333642979,0.036737080953340925,0.06062082850586048,0.6060141680476933
567,0.019163657313709594,0.02488315427621817,0.048372396492462895,0.5144081352284318
568,0.0022455533954332282,2.63598983300661e-4,0.027296660287730947,0.00965682176948002
569,0.007692530718473681,0.015030416011997895,0.05154642093898639,0.29158990552979125
570,0.011726197665539064,0.011101842276871603,0.03579763203717815,0.310127839331429
571,0.012438207299335967,0.07512429105809643,0.08961456411992376,0.8383044853910554
572,0.0091921518937343,0.026495556473904,0.04782056372913816,0.5540619852157797
573,0.006134640146384144,0.01348878070956775,0.034011668801279926,0.3965927337578961
574,0.01716910527592409,0.031977793516973226,0.058133325777849215,0.5500767948349148
575,0.012564870001124665,0.01878850067747858,0.049947113163721274,0.3761679001525452
576,0.005601098280664246,0.014000931989161964,0.038503113680594864,0.36363116254201217
577,0.006647163223790382,0.025161020460435408,0.03723190423953375,0.6757919309890902
578,0.012298625414079776,0.022619425989715114,0.04629003654961054,0.4886456714172852
579,0.00949383140488176,0.020105780252674395,0.04785692746651343,0.42012267224515953
580,-9.312133535817338e-4,-0.006100089743451604,0.023881663741279955,-0.25542984816872166
581,0.005952983630811431,0.017132487974023797,0.042511412040499075,0.40300914864230575
582,0.010982020424649469,0.025454810292884426,0.051338013390647703,0.49582772319587953
583,0.01716228392087487,0.0310014769321501,0.04109259103186462,0.754429841333453
584,0.009811957382236787,0.03481438397809017,0.06309767906942844,0.55175379651893
585,0.011020678132674834,0.00955863367076812,0.04842040357179601,0.1974092111106618
586,0.007404228596235197,0.03000957556004536,0.057988506015794465,0.5175090310461108
587,0.004566828490048444,0.014790091474143225,0.045133434549165165,0.3276970082574139
588,0.01617680742346489,0.05156623609358014,0.07147741188877708,0.721434012941321
589,0.005143013190266591,-0.0020431403959101668,0.02528306498490324,-0.08081062945217067
590,0.006653484660092187,0.012104470044022184,0.04867807569717707,0.24866369244592273
591,0.005552012204092152,0.02529861016845605,0.06734804098289775,0.37563988201053
592,0.015368497671343205,0.036135956084861205,0.07229013141026179,0.4998739852855158
593,0.005790696739466442,0.019708605786010223,0.027865795848029805,0.707268720889724
594,0.008896261353546733,0.022128163990120672,0.0526868862075964,0.41999377042195046
595,0.015929829665024386,0.018221079967416655,0.048002741530877954,0.37958415261961387
596,0.009570891625806136,0.01913771228818576,0.04727199988966315,0.40484245077117115
597,0.012580027894594956,0.022375399695075043,0.04026060545081997,0.5557641134435383
598,0.008823475872718508,0.04227768248655837,0.06090323821923404,0.694177907821107
599,0.006023460342762432,0.01461477420917458,0.03530675221586293,0.41393708828897396
600,0.01538932704974935,0.04509394454688888,0.05972331118940611,0.7550476296245238
601,0.010163398698171696,0.025896461283727582,0.05460111721164208,0.4742844580148247
602,0.0077186826436602615,0.007314746901165306,0.03127380791773431,0.2338937081281158
603,0.001467495424305853,0.0262218932768676,0.052898376555173196,0.4957031762499946
604,0.012296174621534761,0.04916483298150825,0.07220942114801675,0.6808645215522348
605,0.014829747365017805,0.04887759662380967,0.07815056742263264,0.625428557152799
606,0.011091531898108591,0.013912442697132037,0.0420254092339654,0.33104835742772126
607,0.016120886613147048,0.027984593899274095,0.058177781705719724,0.48101857923748925
608,0.012274474299889437,0.026126232969088555,0.06597610655720933,0.3959953736650696
609,0.011669021433175482,0.031276292513640384,0.0383059529453969,0.816486475567468
610,0.0073118748510823195,0.024346873217293716,0.05001132593082637,0.4868271889245512
611,0.00927691288720684,0.054273737098682384,0.06682224160893944,0.8122106620772457
612,0.0063579472780565674,-0.0024477684978117405,0.038040654590954105,-0.06434611928033984
613,-0.0011273082417931366,0.017205019474603907,0.05152371518332646,0.3339242795941005
614,0.008879683435153099,0.01036257924598374,0.04553908874521514,0.22755350472559802
615,0.010202352017882972,0.031312128409218015,0.041226755368415656,0.7595098893765149
616,0.007434248467797081,0.015134507749186388,0.03715487392880391,0.40733573146250207
617,0.010448119365981683,0.033785198763100446,0.06236292278619504,0.5417513685003119
618,0.013752158182313129,0.025987612470785352,0.06164693297338087,0.4215556430359122
619,0.013895301783102863,0.0250099784273762,0.051748586779917026,0.4832978054790524
620,0.010944424912782268,0.013163002017705861,0.04801570640807111,0.2741395056408719
621,0.009218515093827795,0.012790471023915425,0.032277067775445006,0.39627115799056134
622,0.011356280639336407,0.016575838047220758,0.03522258631030387,0.47060252478880943
623,0.013423858171880442,0.030932592488699857,0.03372961204867866,0.9170752525720682
624,0.006932845497993674,0.007977444548431712,0.03648869215264656,0.21862785640710064
625,0.004904629159355324,-2.610332412525131e-4,0.03081485406917353,-0.008471019874588495
626,0.015630985483142068,0.03294170553873428,0.06177790686510712,0.533227932287556
627,0.013042530588500746,0.027600737041036934,0.047272100675985654,0.5838694842486274
628,0.006043612765803051,0.014010409125189726,0.03934098149467788,0.35612759501399527
629,0.0057201140312370434,0.037859555010671286,0.060046751941238166,0.6305012975176526
630,0.012233169998262112,0.016504929986259013,0.028989598481632715,0.5693397235810713
631,0.009484444980090281,0.006778908097296195,0.0431377796261121,0.15714550345546285
632,0.018716962329391015,0.06309497945192336,0.07574978330646757,0.8329394052079916
633,0.011838084221974255,0.038746557381327894,0.057057338513028626,0.6790810505905459
634,0.004978178845811066,0.02270221675018482,0.04393839103727097,0.5166829329487178
635,0.00839878201105524,0.016100061676333915,0.04148657855431503,0.3880788013225869
636,0.01101530475399021,0.03965106048289798,0.08186913831272098,0.4843224357808701
637,0.016188717522300125,0.04852346705876199,0.0724178499791696,0.6700484351954575
638,0.020782652131049212,0.02096849089104137,0.056773293837401324,0.36933722660332363
639,0.009879274570269235,0.01761139640310649,0.05221231358083517,0.3373035055387941
640,0.012734416627016302,0.040296915094634636,0.05499073954097806,0.7327945656123817
641,0.013532481140405356,0.01437445200015506,0.039221510729471484,0.36649409298132757
642,0.004128465292013503,-0.0013818732355526042,0.04017477611045303,-0.0343965385582586
643,0.012422462487571395,0.03299877009162971,0.05096671573176951,0.6474572594651279
644,-0.0020406959635478985,0.005906742776516441,0.030124358598292943,0.19607862379022264
645,0.013227956303692875,0.02126874297213569,0.04771072553226354,0.44578536031176214
646,0.009620244940502416,0.03371866252623879,0.06479211102798392,0.5204130871993906
647,0.012390146299649425,0.03132423691662087,0.04696302557046738,0.6669978464147136
648,0.01517407616957165,0.014745047024378961,0.038852457411954706,0.37951388423224897
649,0.012969119175571149,0.044439224323838566,0.05317634086028105,0.835695416512412
650,0.004372912313003678,0.009744148632218678,0.04058351606117636,0.24010114396027596
651,0.011842617457366344,0.026784188096781,0.05164285120871513,0.5186427060065375
652,0.007439813276174042,0.004645699520510332,0.03213494823703519,0.14456844573834454
653,0.005629714300677034,0.004693512852434544,0.035160309381087496,0.13348895203291797
654,0.0023768941378408052,0.008446551579195405,0.03264287438003404,0.25875636688298886
655,0.010707642024992348,0.04036745033261975,0.05818147176720474,0.6938196835951088
656,0.0049796074059520615,0.006648614146180885,0.038492915005747023,0.17272306202812235
657,0.011527578682561495,0.01289046593624794,0.04480925480618622,0.28767418677242373
658,0.015487776224710122,0.034406795783745725,0.04523978044011426,0.7605429436000779
659,0.01700889373034674,0.03565196704835351,0.06176684482559242,0.5772023348290166
660,0.008503770175584896,0.012697915335513446,0.04520073514712859,0.28092276141486805
661,0.012683015509699134,0.016254372363543594,0.04663674145489797,0.3485314766097685
662,0.006136857259031582,0.031996240668706315,0.05404630977043422,0.5920152699529859
663,8.710374553227484e-4,0.012636154950628349,0.042101546039335434,0.30013517648074967
664,0.019381094189504018,0.02661863949816589,0.05316347768622607,0.5006940978404506
665,0.015226130888536908,0.025187349709308176,0.05773700143378288,0.436242774716919
666,0.007201086190409802,1.7999017839959085e-4,0.03371931574137687,0.005337895341058937
667,0.011285395989572249,0.024301558131622807,0.045395331891328564,0.5353316545806531
668,0.009560248659642997,0.025629834952222624,0.051817619381126535,0.4946162185435664
669,0.011410682227090525,0.02483275876102315,0.03624614410216309,0.6851144963455902
670,0.009465831624701333,0.005673621877855571,0.03766113971969388,0.15064923473063943
671,0.013614080550084529,0.022159665365728158,0.04906967282535424,0.45159594694257443
672,0.01425162807278958,0.02446744523012664,0.03915747213761554,0.6248474146680849
673,0.0015301582242460599,0.022411793842123814,0.04457400401406271,0.5027996550422773
674,0.021224158945920266,0.025165426796337577,0.04949922491661149,0.5084004211931061
675,0.012718260541316351,0.026502973365069234,0.04435117219288103,0.5975709785033217
676,0.00548769862260806,0.012742040707784948,0.0323418698572614,0.39397971620135325
677,0.018490969925816496,0.039879005807226565,0.08319067721195567,0.47936868821997514
678,0.0024726108049332144,0.010560506262708188,0.03827367056347101,0.275920916578806
679,0.015569229234564818,0.039866052855049586,0.070368785170874,0.5665303551602359
680,0.004336928907774046,0.028806260702203247,0.048828297331503026,0.5899501370410889
681,0.012651893319389021,0.016694679544586064,0.05671572353317224,0.29435716419665486
682,0.008951482454535625,0.022616686092430168,0.04927205734219724,0.45901647530883477
683,0.007841257721718701,0.042097137588927205,0.07066716778137042,0.5957099868381174
684,0.009712784358280751,0.02316066806631375,0.034320336207753786,0.6748380297358858
685,0.01690921776115928,0.03538231652096443,0.052223850839645765,0.6775125915093171
686,0.010151016635195997,0.015617243927539617,0.04217432674682,0.37030215138448364
687,0.012953902987357203,0.03706364867114339,0.05392882956172001,0.6872696658236408
688,0.01257282638838319,0.02777209499273773,0.05960888937063287,0.46590525819157486
689,0.012045144048030023,0.018665990018321428,0.04572432623881126,0.40822886970125655
690,0.014483139080920455,0.04798093130683859,0.06767906721967272,0.7089478811979202
691,0.01659791412299993,0.02660701888102115,0.05411422666264731,0.49168251164137605
692,0.005010835684688244,-0.005826644128660808,0.027541043170505142,-0.21156221616546486
693,0.010510003662059168,0.00508976231216716,0.035067152268495105,0.14514330314582985
694,0.010899383651064092,0.014855305044278577,0.049501651907345484,0.30009715780968144
695,0.012596405729770341,0.027034698065262677,0.03485822178006173,0.7755615945023917
696,0.014628239813933132,0.027799568619140933,0.04498053416650384,0.6180355376891622
697,0.010603538219590236,0.02684007946289652,0.0525363784705521,0.510885604304473
698,0.008232071180392802,0.011760346952620026,0.0376688502121373,0.3122035020020526
699,0.010356883227740588,0.01761667474063605,0.0480594414411707,0.366560122472512
700,0.012671621477293563,0.020829426653928902,0.046465971073740495,0.4482727073727363
701,0.007270986067170837,0.017630946058222022,0.036910712765447586,0.47766474113516694
702,0.011611849424530286,0.05027034462132524,0.07778393331839137,0.6462818538059097
703,0.014708801185169129,0.03403911145651801,0.058373222729323014,0.5831288708241718
704,0.010491407120054589,0.04044990290192907,0.06280940224246118,0.6440103146624699
705,0.01584879276155918,0.014789741462114245,0.04706163124147146,0.31426325590434034
706,0.008683789738642379,0.0233534021420046,0.05169115192758291,0.4517872260753971
707,0.016178937159108762,0.07768405728221538,0.10645662865981227,0.7297249430137305
708,0.0052831628502568095,0.027983977867149398,0.048004370061990514,0.5829464657282711
709,0.013032007654540594,0.025129637142545312,0.04467703955966041,0.5624731940662256
710,0.014210854591907178,0.048471726358035934,0.06375608506753086,0.7602682364623606
711,0.009453611760226851,0.01256304714329338,0.04205695128678402,0.29871511745173007
712,0.011536303106308855,0.027655670176352957,0.062460189847231326,0.44277275243630804
713,0.008161014877146574,0.012827524477432782,0.03414852908829571,0.3756391510821874
714,0.010205427827543207,0.006166641019749325,0.045679489805746945,0.1349980274730104
715,0.008019401192423557,0.010515819312332631,0.0489338803293151,0.21489853740523535
716,0.0071039994280188475,0.011372658442549512,0.032598104655503723,0.3488748368267295
717,0.0019254658913887804,0.00256269895565397,0.02999753003325506,0.08543033219111637
718,0.013591999094484957,0.021023442397640358,0.06442585865465025,0.3263199410400545
719,0.007124460026550123,0.03544585558997404,0.054182532914989354,0.6541934029844534
720,0.003069101008825572,0.0013086165226993557,0.029184448274810922,0.04483951556585778
721,-3.7550177299496945e-4,0.014357535030892144,0.0402444886058549,0.3567577953718453
722,0.004179542291876186,0.0710147600579536,0.12055012950519772,0.5890890399656656
723,0.004625513738644689,0.011191814594544228,0.029295511450733936,0.38203171886469456
724,0.002729660520996942,0.0076802759219884095,0.041070127674716655,0.1870039456126769
725,0.010378909916283938,0.02087492694618395,0.0519730484463423,0.4016490771699781
726,0.013623749822017556,0.0321265102153687,0.045097653453632223,0.7123765374710685
727,0.010300627878588074,0.04068954727307679,0.0660546229986194,0.6159984786216589
728,0.01113949230165316,0.03838204828232383,0.05892865442930656,0.6513308110296095
729,0.004604047080734426,0.01385693626466082,0.03016309702306851,0.4594003146978952
730,0.014242774331438847,0.022852824093787957,0.05955666210631376,0.3837156631275558
731,0.007914011719852189,0.011498182414754409,0.03127399833387471,0.36765949438259227
732,0.018492221502752475,0.048872824766540035,0.06440083178289853,0.7588849928413205
733,0.012467706080823416,0.04755077155035534,0.06450362545500749,0.7371798284969722
734,0.0074427182879973535,0.0023184250134472804,0.048887847628875686,0.04742333986652951
735,0.002973346769013749,0.0022803513585208032,0.03109784940127793,0.07332826553681537
736,0.018278932663198966,0.03517327587839592,0.05564960536988411,0.6320489722184202
737,0.0111613418175587,0.00952498687795966,0.03704279615593559,0.2571346622394059
738,0.010580855124382496,0.02128012595428389,0.04266462380913677,0.4987768332256261
739,0.008973816241864621,0.03616374604771359,0.061442718034878045,0.5885765995440694
740,0.01147530582538372,0.018616867527012932,0.04260248958563312,0.4369901315178331
741,0.0062652594313198605,0.037105063610064555,0.04737782721177211,0.783173602373326
742,0.010202110157806928,0.03408607106263705,0.06295393453454654,0.5414446501978684
743,0.002596249823213726,0.004750250659355928,0.039049050085009286,0.121648302558313
744,0.007812542053246966,0.0576260440557657,0.0830563117950463,0.6938189622236834
745,0.007474638668023948,0.02873412501544158,0.056423611616660756,0.5092571034030897
746,0.008161306998941768,0.013263539303494562,0.05419950153232723,0.24471699791525833
747,0.012504576295043179,0.023914810309910352,0.034072816937684255,0.7018735889565024
748,0.014802586796609367,0.0096539725665791,0.0434007607106671,0.2224378653392205
749,0.007868744608681873,0.021822722331729702,0.05258916443617325,0.4149661354330062
750,0.018173203376841807,0.07314718654542997,0.1263126426647639,0.5790963200695908
751,0.013389180591009978,0.021637052619675985,0.04599507632538764,0.47042106130244865
752,0.014328237847335005,0.03202926841716544,0.04756849817028239,0.673329401792533
753,0.012389103022155842,0.034382501914471786,0.061840099260679286,0.5559904063144627
754,0.02118660151984485,0.03307438415990881,0.05187920096494953,0.6375268613380229
755,0.017960520199617046,0.04565344353570098,0.06990380531868043,0.6530895325021882
756,0.004258724565008497,0.002875310544661669,0.031380658195763474,0.09162683990643154
757,0.009507734176642234,0.026057448322384828,0.05724632570555405,0.45518114920442354
758,0.009697518051888314,0.009166324571351749,0.045762543179107315,0.20030190488924998
759,0.0056603884364530245,0.01941697794679025,0.04720026470354687,0.4113743443758941
760,0.012037251889993961,0.021969831689542134,0.05170580917098906,0.42490064543596584
761,0.011819223729253934,0.03533926414168565,0.05786018915340816,0.6107699379963754
762,0.012368518689057875,0.09563732534731281,0.09869029839853391,0.969065114800925
763,0.00952508411152929,0.03716402302379463,0.056630750145608984,0.6562516464683673
764,0.012219571813282069,0.03338154247789127,0.044480752601914954,0.7504716203127856
765,0.005390854234588972,0.009359158296790241,0.03932610380437179,0.23798844511389924
766,0.019408026088919342,0.043188876680037624,0.08759186659189029,0.49306948647714144
767,0.01157715411418186,0.08991769556518026,0.12322432549840254,0.7297073463497752
768,0.007548171091187659,0.01143598846371415,0.03280957638566302,0.3485564192993176
769,0.011073386584601148,0.01634590434190627,0.03609037812116243,0.45291585161645814
770,0.012286469711176494,0.14336496039122062,0.12344506782451466,1.1613664516351794
771,0.009705498258306853,0.022155959209414926,0.06482235512127746,0.3417950361100409
772,0.010615826954553575,0.009734205732235936,0.03815924256122656,0.25509431212156236
773,0.010145810065420788,0.062083677504659276,0.0776168083920296,0.7998741353945519
774,0.009687178373066447,0.013960905155402159,0.042676642911995945,0.3271322250953788
775,0.009932642252155864,0.014228172764500422,0.04715095425590008,0.3017578962936901
776,0.008177833892498269,0.009902740543768383,0.03738383713886208,0.26489363590432685
777,0.0063717127684506745,0.016191298479189854,0.038414171926914334,0.42149284149597027
778,0.0044941276361946505,0.026766874360320467,0.05653881287387915,0.4734247678675037
779,0.004920670410816166,0.022432876568333572,0.040799104212091625,0.5498374780906377
780,0.005973847603331013,0.009183550873028622,0.04262585305104626,0.21544556215756974
781,0.010976028247129826,0.10730364295541577,0.11807575824418684,0.9087694591256084
782,0.00788469771752179,0.05115592152795821,0.06395614993834035,0.7998593032456965
783,0.00987079938217843,0.03706982349666268,0.06912374003933022,0.5362820859457342
784,0.005633052126174841,0.03113475375039742,0.06487399106474054,0.47992659676705746
785,0.009692178723443646,0.022795858135268302,0.057546636626021136,0.3961284181282732
786,0.013669336254116492,0.02737017326961199,0.05348369470771052,0.5117479900966181
787,0.015736215961352384,0.02347138771864007,0.05457959922488853,0.43003957617807165
788,0.008801110859331596,0.015035242006595215,0.05045728888398385,0.29797958509355627
789,0.007777540931965277,0.024615113323039586,0.04695982261315807,0.5241738991608216
790,0.00982378331518324,0.008756798223379937,0.0384386104643891,0.22781255923630608
791,0.009570351839914506,0.010927405357246501,0.034170196987837353,0.3197934551309738
792,0.010399374487176831,0.030724772858180538,0.05964432996338977,0.5151331715359982
793,0.0035848775215924634,0.005191017391546469,0.034704848432669105,0.14957614356442342
794,0.0034743342627934644,0.01727711184111904,0.03687808804592604,0.46849261327222363
795,0.008159905877438832,0.013502204161579472,0.03905545055140811,0.3457188169883412
796,0.016085311392897456,0.07869074097353479,0.093204165545013,0.8442835200915034
797,0.014695195472382017,0.05907617554377522,0.09162181233213358,0.6447828747331604
798,0.015206670189767275,0.029382956808323483,0.059153588110156315,0.4967231531856747
799,0.019549956809631144,0.030833459755085963,0.04498740773683954,0.6853797830595357
800,0.009770849127500873,0.018045889596040893,0.03920470713742624,0.46029905370249863
801,0.010446433986302277,0.04348821167708983,0.04931234182499422,0.8818930528877782
802,0.01041988699565524,0.026053107391266515,0.06696335225913976,0.389065160454397
803,0.013702603859747697,0.03517691166059017,0.057668760693237814,0.6099820984138988
804,0.007656242026605817,0.0050199746241756625,0.028348760146532197,0.1770791596608763
805,0.012224691880786627,0.012224842810316178,0.03404482524064126,0.35908079198252674
806,0.011917738270571023,0.048531435544250476,0.07204989181888553,0.6735809634002745
807,0.017095906341371505,0.05742916435096542,0.08811168105498202,0.6517769683128553
808,0.007843561966043824,0.023359928975730762,0.05762491180297022,0.4053789974655839
809,0.015193745468382178,0.028320533884135652,0.05374345372583983,0.5269578324572608
810,0.008080826307120205,0.04001761447021525,0.05657847803749641,0.7072939368162973
811,0.010126603005555854,0.02853045850702158,0.050294325513285366,0.5672699298747965
812,0.0036420074871115296,-8.066926939007565e-5,0.042094768982375234,-0.0019163727783813535
813,0.007143169044509135,0.020096862497780955,0.05083490808661999,0.39533586769817636
814,0.008911177101169952,0.031022034881482675,0.05952371569809084,0.5211710075162138
815,0.017350573840274754,0.03842291621993788,0.05132773687825349,0.7485799794967559
816,-6.497704356670011e-4,-7.692166170825017e-4,0.029188547745443546,-0.02635337063669362
817,0.008567188100375062,0.02508734054974242,0.05160517343866281,0.486140029730951
818,0.005794410286799368,-0.007214018646236862,0.03020218708361757,-0.23885749155397848
819,0.007757111984062037,0.06526083296867828,0.07653181759959364,0.8527281203501013
820,0.01617022921888183,0.037398070715889124,0.04907320122382022,0.7620874486120957
821,0.0047530512759579166,0.007112518660136614,0.03766948422937636,0.18881380527610067
822,0.012714549220979612,0.030669101498182364,0.0276800931951934,1.1079840404405865
823,0.015135742857949013,0.01891370927810822,0.04672184926839043,0.4048150827562438
824,0.006983976789765488,0.03929154982910039,0.037210968127155755,1.0559131300974207
825,0.006125829962006808,0.004845719312430406,0.037789177746801114,0.12823034533585745
826,0.01159813309665111,0.002472477401249122,0.04059290906520232,0.060909096149716874
827,0.00928741409648481,0.020895222254845656,0.03644691729603627,0.5733056127937077
828,0.012001894022663852,0.014308639088358981,0.04571511929827037,0.3129957726895913
829,0.012031710583218922,0.03057021253024922,0.05767381693852094,0.5300535694184488
830,0.012446249383397574,0.01884761836103769,0.04368540974717689,0.4314396607497928
831,0.01228032300198479,0.03394167194621372,0.0477396175669719,0.7109749444179853
832,0.004853110253826697,-9.282432503906926e-5,0.0267305307874133,-0.00347259565390964
833,0.011319066575195998,0.01900346500625934,0.040658685701746126,0.4673900466350593
834,0.002350615736338093,0.0045583860587857135,0.051617367140307804,0.08831109200891588
835,0.013512730934117515,0.03397092698193562,0.05819669788632367,0.5837260225363895
836,0.01931710360464155,0.04037941362037528,0.05968560231041887,0.6765352456420893
837,0.008020662977938875,0.019928140870684084,0.04098760986132397,0.4861991450125599
838,0.008782277315370126,0.016877689654061237,0.03817702262661462,0.4420902546312025
839,0.006552771884301921,0.01664902787683968,0.044422156494858055,0.3747910770330755
840,0.014023435116029773,0.036899253378686124,0.05530767077820296,0.6671633945074453
841,0.008969217903291344,0.008599331206365989,0.035780311358445366,0.24033695850822312
842,0.0016846696890408179,0.0033251830882072486,0.031628629264840814,0.10513206438268276
843,0.009477820936756098,0.012457923452209876,0.04054534055086267,0.30725906560291094
844,0.004592849544015739,0.007967277110148297,0.046487932442043405,0.17138376975747666
845,0.011012670501782515,0.05855050479825185,0.0663204781177844,0.8828420189351898
846,0.01478402998777138,0.025722138209364247,0.041744732979433846,0.6161768533059401
847,0.011368305830361403,0.02016203273394344,0.038598694536300375,0.5223501202866313
848,0.010867454251366478,0.013399997478164762,0.051419626645036964,0.26060083187045335
849,0.007466190564173127,0.00891509926762052,0.041116709151562465,0.2168242413262721
850,0.007388985202115212,0.011154587688295754,0.04175747512626687,0.2671279251096085
851,0.0016519399506376951,-0.001327985928863998,0.030212938903243353,-0.04395421223724246
852,0.015348670773899816,0.023675932938320335,0.054915707021098534,0.4311322611074474
853,0.007489878351011886,0.023884562764847024,0.036768241208497046,0.6495976413287716
854,0.017934446458471944,0.037106669576644685,0.06156830803054143,0.6026910721379194
855,0.012178504530542145,0.022468901930246723,0.04394414491561206,0.5113059310493986
856,0.008702874266022015,0.05361626774107581,0.0777654817426934,0.6894610120011687
857,0.004401623532240751,8.537829800390641e-4,0.03484470997389319,0.0245025136004503
858,0.018255823991664838,0.06168837407366787,0.08782845183425578,0.7023734653786476
859,0.008167059845054385,0.016385978897159148,0.040407290933703766,0.4055203533452322
860,0.0047261565349134204,0.01851518871157024,0.045829731739099884,0.40399950008378305
861,0.007659644092209532,0.023831113808445895,0.04105914884471447,0.5804093479525129
862,0.007241566788293464,0.02815537802163683,0.05410395319393962,0.5203940998675605
863,0.002761989244412586,0.005875452975882801,0.028734968302206215,0.20447048745941007
864,0.014233150882980414,0.017663751956563348,0.04538383255258719,0.3892080276846604
865,0.008696327264544864,0.008939018085241801,0.039969683072564,0.223644957829994
866,0.008176545642414374,0.012904384907869089,0.03842148171326727,0.3358638015101092
867,0.013169273840021267,0.022503001222924455,0.047130293445452234,0.4774636349117798
868,0.004532675594659534,0.006251714443018144,0.029305336292652022,0.21333024062875847
869,0.009516789962344356,0.036873429959643274,0.07022384876462762,0.5250841503038887
870,0.009316579853683374,0.03547862407081399,0.054734601271772244,0.6481937064755972
871,0.00408245575058244,0.013033242404346612,0.04828904303594117,0.2699006148174456
872,0.00922315461389475,0.022029025536996632,0.04930142015546952,0.44682334641738963
873,0.011012556806141847,0.03582609479478706,0.04896486979832226,0.7316693568746018
874,0.0050633648387697705,0.017101939741943028,0.034027807768236835,0.5025871739497361
875,0.010729481641666138,0.013049251556858401,0.04280824736856686,0.3048303156283893
876,0.002883590495987428,-0.003689338676469512,0.034122422791586185,-0.1081206542396872
877,0.015475626698867921,0.03503273269136506,0.05572577827097878,0.6286629595554635
878,0.015331803713660717,0.025662096072587175,0.055637237762690854,0.4612395781049294
879,0.011216771188592817,0.02903358597508745,0.04502649630854658,0.6448111302317013
880,0.008678328354217455,0.013666016174887437,0.035104428964214035,0.3892960682772756
881,0.01743333096720185,0.02589068847735718,0.05060060260155923,0.5116675918116314
882,0.0110831286134968,0.02019426768688149,0.04193292280475802,0.4815850252296293
883,0.004444802610564989,0.009090216804891221,0.02867427894992689,0.3170164041706234
884,0.007799582917367606,0.01369359857826791,0.04627780636816209,0.2958999065195265
885,0.011577859157275485,0.019378744438999663,0.05044465345332115,0.3841585403482203
886,0.012537270295245222,0.014494805658585033,0.03542414339276843,0.4091787202268394
887,0.008328066782503668,0.009175241675283045,0.039727772616633114,0.23095283402426595
888,0.01316112207645468,0.02480360710088535,0.04187477038172377,0.5923281936779498
889,0.014009295868100166,0.03306526584197168,0.06279525775376053,0.5265567341347771
890,0.008800794286532665,0.026381544229593306,0.039225521485909645,0.6725607010494411
891,0.011407465432202417,0.04818927819899306,0.0693531761668229,0.6948388071380903
892,0.011568888317851325,0.017118203939170334,0.05319341645541749,0.3218105750646315
893,0.017318209712133957,0.06109323069074828,0.07578245414128822,0.8061659045357193
894,0.009551846088739699,0.023037078989012406,0.056880832144150434,0.40500601205394837
895,0.011905476815172903,0.022781381368325283,0.05785579181465519,0.3937614654260878
896,0.010314525314533765,0.01881755130980755,0.04039310481002487,0.46586048283016257
897,0.011268547409062416,0.02624845390929434,0.05310678320316998,0.4942580274326906
898,0.012149170397630367,0.04232635086375992,0.07607504401959293,0.5563762914531982
899,0.012316563199471576,0.0601792251379374,0.0822125531887991,0.7319955749304768
900,0.01699836014110872,0.03101583390845376,0.058571152041007934,0.5295411278019317
901,0.010866345208990448,0.04436432972282787,0.06981002063207946,0.6355008825544072
902,0.006822070624227405,0.013357369995146345,0.038854935453583775,0.34377537471663283
903,0.011272334112159369,0.01695506394301709,0.045098906560790394,0.37595288302971974
904,0.015442879037450612,0.03404079932130358,0.060010847343099215,0.5672441038314718
905,0.0035226264116195176,0.017518940062703055,0.040828199074552,0.4290892192113004
906,0.013108678229410003,0.03318026866285088,0.03359936725952909,0.9875265925860746
907,0.004587160193502939,0.010612198429808357,0.03401454840771682,0.31198998447972304
908,0.007430206181928473,0.01574700365159024,0.041738279324226815,0.3772796556673086
909,0.006711984073260701,0.012174279400659332,0.03778527127406388,0.3221964270775491
910,0.007676287714539719,0.03311406833289188,0.04633405729670193,0.7146809553250357
911,0.00911230121877353,0.021916897278687415,0.03993318732935244,0.548839167230151
912,0.016957484406235273,0.04357524341911262,0.06481707288255244,0.6722803341963668
913,0.0161441291272047,0.039825023339464055,0.049556632216229364,0.803626508873654
914,0.014796182069616814,0.02534337671972152,0.03638785823269221,0.6964789341998724
915,0.005838706943121953,0.005393759904821725,0.0358535812511712,0.1504385257092144
916,0.009319945844638302,0.03550937706500666,0.06226840910598407,0.570263116961409
917,0.00740961293223982,0.01034417784450365,0.03270580095873215,0.3162796061027776
918,0.014992947312390955,0.04950225146171708,0.06913243463392388,0.7160495898031906
919,0.013916078866526798,0.030272810611340215,0.05469747213402494,0.5534590435397617
920,0.021517083664957148,0.0489441801048225,0.0707393763528018,0.6918944246938354
921,0.018381659497557698,0.021749317642196696,0.06386447031188706,0.3405542633639992
922,0.016918747482784234,0.018311992335785683,0.055882640666308686,0.32768659672208145
923,0.007088238116258045,0.008792787064167024,0.0376404613866775,0.23359934337253238
924,0.012040828758806145,0.01985966033235803,0.05007577028102418,0.39659220858523053
925,0.0017191245919931774,0.01546617609249018,0.03403472520003168,0.4544234161313512
926,0.007884035079886437,0.011684546305848944,0.03814539574409203,0.3063160331128207
927,0.01933556173540024,0.0728235496277314,0.08887098587782727,0.8194299737806824
928,0.005095221164053126,0.006849507738518585,0.03557664192604874,0.19252822547884904
929,0.009981756505708466,0.016757721274187093,0.040644732476587564,0.4122974922725837
930,0.009762535602831848,0.05409982463890692,0.04613693375450335,1.172592546500261
931,0.010949973469933951,0.029997808634668822,0.04764947817121315,0.6295516716233763
932,0.013850782771680266,0.02227319254209561,0.037671356520463335,0.5912500796194228
933,0.013191132516733204,0.029814665104629618,0.04890425863603873,0.6096537589194425
934,0.005955572323319931,0.008810622960857271,0.03652934341852094,0.2411930282981804
935,0.015922189799749242,0.031982020008047396,0.04073026602747383,0.7852151023633023
936,0.014532260546808427,0.031251457277396096,0.06582001753264248,0.47480171608731936
937,0.0027917813822303304,-0.01421221140369213,0.021753537187437662,-0.6533287566630528
938,0.006618028505342576,0.043816458985010256,0.06532763648029818,0.6707185709714851
939,0.0031736053807005843,0.021534617826025216,0.05403079989099193,0.39856189191112623
940,0.013510582528103854,0.020484756547577095,0.05328132889550119,0.3844640697260598
941,0.011855639955218456,0.02161965902524654,0.04263710319865238,0.5070620985791987
942,0.00877115500554092,0.011164815175978716,0.04420195535603874,0.25258645428800947
943,0.01414874206920441,0.039942263994823236,0.046907692132324826,0.8515077629943426
944,0.0029502871132597104,0.006671808485009086,0.02783220108781717,0.2397154455717661
945,0.014202920144234178,0.033508256106599126,0.05001092594342918,0.6700187104014558
946,0.003242336729819276,0.007925061005845446,0.028914179533814102,0.2740890847889137
947,0.005926916489769171,0.01226031468036534,0.042403533421664544,0.28913426997810937
948,0.008499167418486227,0.01846739635782994,0.041742810175884264,0.44240903475394094
949,0.015416770992996596,0.02274026942584271,0.030317038813933717,0.7500821424350744
950,0.008511487722976933,0.032864974200915865,0.05718554684127513,0.5747077017928371
951,0.013504193390481428,0.04840365176357127,0.06539453478790778,0.7401788531802763
952,0.008438153464393134,0.01844932860357164,0.048666340908843114,0.37909833077709837
953,0.007445529018240452,0.018862694572999484,0.04398177544867331,0.4288752416330312
954,0.010743967958774279,0.026708891572121127,0.04736087844173344,0.5639441760984272
955,0.011649221188523814,0.06280016600208008,0.09172501723303368,0.6846569005545342
956,0.009468772978759876,0.029772042753943576,0.0441428590123882,0.6744475419135944
957,0.011168623964793746,0.027823136375407776,0.052763017026873395,0.5273226957669389
958,0.014885871003577496,0.023647833525373172,0.058199575122028474,0.4063231299505225
959,0.01472673958486207,0.02977522754841592,0.04884629783208814,0.6095697907499544
960,0.0014104661130012865,-0.0018094741546228772,0.03860382463427695,-0.04687292442563362
961,0.017206581919638562,0.027204603768256844,0.038246974733303164,0.7112877281917075
962,0.01135174612477784,0.03014600173519356,0.06152135687895272,0.490008726473764
963,0.014739832475785674,0.061964660770473495,0.09945714807971848,0.6230287311356102
964,0.012572716743035577,0.01790887665591601,0.0342757916981447,0.5224934500020721
965,0.014041852462797417,0.0399520114425333,0.05943451868749849,0.6722021533075331
966,0.010665855544424455,0.012736778786638803,0.038519728241265684,0.3306559876763112
967,0.020242311757932348,0.04480566663559478,0.05939221370293772,0.7544030411073658
968,0.005014736486586606,0.0026340486570621893,0.027332911039300377,0.0963691226768655
969,0.010652616650419387,0.017381819580044616,0.04676970670219513,0.37164696564643634
970,0.008348340479562339,0.028754292688837918,0.05775939478360867,0.497828843196224
971,0.010229067523082011,0.01212089957854684,0.03718754040298224,0.3259398026112748
972,0.011309720188008382,0.1047998992177974,0.12102794900811638,0.8659148574910519
973,0.010044822712207404,0.03231929278737823,0.06107070341706027,0.5292110779642625
974,0.001843589810140889,-0.003715630805159289,0.03226045594501042,-0.11517601646711907
975,0.008120914393237115,0.015730616585456953,0.03109335865586996,0.5059156445451173
976,0.012637323664143437,0.02381261728669675,0.04018493974205172,0.5925756624135963
977,0.010679181079465768,0.02792775967026901,0.055808624554052035,0.5004201392424621
978,0.011803460322052128,0.02603002809274387,0.06640221258825027,0.3920054329236286
979,0.012221362937242365,0.04362556197586954,0.041942679546777245,1.0401233885692838
980,0.00785053566402766,0.016352924661292675,0.03786187422336873,0.43191006775886137
981,0.010928905819152027,0.021420820461232108,0.04238037346650415,0.5054419937606808
982,0.006469703114681632,0.005996868556318505,0.04969337015605763,0.12067743720109685
983,0.017463963076177508,0.03770023458510141,0.06990770846296934,0.5392858014373554
984,0.00648400151790396,0.02733242129874413,0.05482896145881174,0.4985033561008923
985,0.008613883513171671,0.03467521471317114,0.042321915201830894,0.8193205469980965
986,0.014361890252486473,0.027957346026707176,0.04793621411554536,0.5832197336093092
987,0.014803090606363275,0.022186671839401092,0.043741476602396155,0.5072227451550116
988,0.00879392627325058,0.011358370143131529,0.0400392739797604,0.2836807218051235
989,0.008914278367278497,0.02649878597676279,0.04828153936722895,0.5488388797054142
990,0.00846126878560547,0.01388350067086371,0.04665887368551005,0.29755327495561135
991,0.0069182560759316085,0.02513322338379241,0.041709119471711326,0.6025834086677063
992,0.013286419921564364,0.01794146599041781,0.043020220505771437,0.4170472810108179
993,0.016581297912959543,0.04233248405978629,0.053306627859521664,0.794131719818117
994,0.007496314053709979,0.02690308408023946,0.04092635083098635,0.6573536006506222
995,0.009658231267427028,0.028490412813304423,0.03825157346214519,0.7448167548323031
996,0.011463247095334262,0.017272922942283164,0.03569636752122365,0.48388461184498305
997,0.011075491532705057,0.03166027102721498,0.053607655831953364,0.5905923423785221
998,0.013147518168674687,0.022058976039725425,0.041484480896671914,0.5317404379403745
999,0.009812150918164186,0.07020672593391107,0.09911399668483648,0.7083432036057936
1000,0.0028448203430105337,0.006153724704002743,0.03295040818456635,0.18675716153601668
1001,0.007933519556961992,0.006182994663016344,0.032696257940811685,0.1891040459189273
1002,0.012513735992230345,0.027140128362278245,0.06247552002672261,0.4344122041828482
1003,0.009780354718168186,0.043958169933766555,0.06233573039431771,0.7051841641334745
1004,0.009496123223492407,0.021141578263102517,0.04341578658667377,0.48695601128626803
1005,0.0053883363699084134,0.009952357243574649,0.04060321446716374,0.24511254525484008
1006,0.005279232191561976,0.022444855756545756,0.06472256754884148,0.3467856206354643
1007,0.007117471009204903,0.013273843016116409,0.047620259146879305,0.2787436115199361
1008,0.011812854671520243,0.042136335411315666,0.054869355431642786,0.767939318401687
1009,0.0053064863545002885,0.0010680257385739676,0.036526168549547995,0.029240015610320132
1010,0.01138823370584915,0.011998903326063551,0.04994000612253584,0.2402663567285577
1011,0.015132356808288713,0.03617637674151902,0.04562856702056382,0.7928449018619212
1012,0.006859529104646578,0.013691520306749236,0.04117411636148982,0.3325273622521484
1013,0.009529987604651648,0.03249793200063549,0.047963363471391594,0.6775574031629231
1014,0.009170137133678409,0.003531918198270276,0.039347896719092536,0.08976129584472822
1015,0.014796237364455393,0.048952970772606436,0.07266104913525531,0.6737168174035398
1016,0.008086718525206215,0.01585819755193622,0.03876010610326177,0.4091371037449691
1017,0.011569254034398633,0.028405231461974132,0.05726514443472514,0.4960300326204961
1018,0.00814022951756972,0.030437445368154264,0.050161652337514295,0.6067871361843292
1019,0.013237384697284738,0.01655202296068228,0.04732750457539613,0.34973369310680036
1020,0.01300474523301567,0.04840823244380258,0.09310885318185164,0.519910092214927
1021,0.0034827798947037487,0.005615268932936959,0.028140432340785036,0.19954451534131296
1022,0.013089413014559641,0.01899427884644834,0.03294275818458668,0.5765843509525992
1023,0.009209277515349152,0.022205404863942752,0.042704242075899686,0.5199812427176752
1024,0.014259039435307843,0.023620439282333823,0.05570629246375476,0.4240174356909937
1025,0.014507463006742114,0.008607791927267057,0.03857574432052165,0.22314000880309273
1026,0.009199550871163652,0.0013170293807072476,0.039335597843500505,0.03348187018657104
1027,0.0038625640585418152,-4.366139087971327e-4,0.02260749655436549,-0.01931279333592657
1028,0.009601744323751825,0.011517263285699339,0.033017685149017734,0.34882104041270057
1029,0.014906427791512779,0.026915976452115475,0.05145195642433101,0.5231283380195673
1030,0.011164030636268665,0.011326872402718432,0.04449438111234305,0.25456860213696236
1031,0.008387951588801958,0.021068983988217976,0.03804572673354228,0.5537805634723995
1032,-3.607880691104876e-5,5.11148282209403e-4,0.02634540323611018,0.019401801431105082
1033,0.007906141911182074,0.022145043624637005,0.0641698032103187,0.34510069404538884
1034,0.008963942150365741,0.019420073407313342,0.036935939235182,0.5257771647191647
1035,0.0046503797259430085,0.004847764935223777,0.04640507397188331,0.10446626888604946
1036,0.016631822272459143,0.026366086194873916,0.046440918568378606,0.5677339511718111
1037,0.013443497314544467,0.02143445065830867,0.060356666711379195,0.355129794705306
1038,0.008050148164060304,0.02512306257153543,0.047384275428021164,0.5301983061806756
1039,0.009568408651826113,0.011612440564684285,0.04762298293066448,0.24384110045334909
1040,0.01021235935091142,0.01552173226585907,0.03877840833892905,0.40026738926974065
1041,0.013976194344113256,0.03168435378939044,0.0486416566961597,0.6513831135996638
1042,0.007545030514757305,0.0067388632743244645,0.03440348629360008,0.19587733687263154
1043,0.013328599735145198,0.03520114960087841,0.05310643337791788,0.6628415309003853
1044,0.01121802913637001,0.012484545578065368,0.029732920617030277,0.4198896482074664
1045,0.0051890713406998875,0.008059817145499687,0.03899324136907443,0.20669779845211675
1046,0.012039920020373478,0.02286567018704166,0.05046387900632133,0.4531096427244011
1047,0.008230278958976397,0.008009014107738726,0.0402588790682537,0.1989378316808196
1048,0.006355359153598872,0.006862512563046319,0.04037546040357387,0.1699674132369492
1049,0.010944257147042249,0.015135288889044,0.037134127951154255,0.4075843361382489
1050,0.012500656233028453,0.013647716181109793,0.045394310975263155,0.3006481624657081
1051,0.013425567454195294,0.04513136135007524,0.05724441481627981,0.7883976366064673
1052,0.008346371912648755,0.009348279404756731,0.03400396563579409,0.2749173289046121
1053,0.019136328250283732,0.0321642669488566,0.039654021339453074,0.8111224501928466
1054,0.020615795359728923,0.052856471228584855,0.044325240181484975,1.1924689186605568
1055,0.014215053116252607,0.03201280068499912,0.05211130102880006,0.6143158979528603
1056,0.014385428751998124,0.12728577640612604,0.1557229370964442,0.8173861781665079
1057,0.0031148567757494005,0.015182594178324146,0.04911178572297798,0.30914359872727354
1058,0.014632870765971617,0.03012944643401925,0.03766218858314158,0.7999919167604043
1059,0.006676981550254896,0.008026237268105472,0.04005008893453318,0.2004049799046726
1060,0.006632138274166852,0.012271215168596207,0.02968594043245469,0.41336791052711536
1061,0.013918628076006224,0.04353121781492979,0.05937969589429587,0.7330993727623903
1062,0.00919254171702384,0.014735919790657467,0.04127488069476534,0.35701907655729065
1063,0.010141527964301943,0.0310175605692331,0.06351615749495847,0.48834126295651764
1064,0.009712173620420641,0.024333144710948926,0.0469916803486593,0.5178181441992884
1065,0.017057402152950384,0.10373813245740858,0.0751065164115095,1.3812134740616395
1066,0.012180950581688213,0.025131435930380357,0.05265793945498086,0.47725824805328954
1067,0.010696055508516815,0.031272617765627446,0.057789299040754055,0.5411489373417289
1068,0.01579445189374461,0.03549014736914557,0.05422735252826233,0.6544694829172922
1069,0.014715437426391998,0.03674711257579462,0.056558072993500616,0.6497235607729673
1070,0.010780286540813987,0.014537742866083267,0.03618560218436991,0.40175489665784064
1071,0.006069422573445317,0.017900143734332886,0.04018401028409887,0.44545438864313935
1072,0.010145075606271965,0.0128824407392178,0.0327202816781544,0.3937142371185247
1073,0.011534836750650857,0.02894922356605038,0.06200360079973954,0.46689584463894535
1074,-0.002963060965728431,-0.014631548641482875,0.015702446532594356,-0.9318005707652903
1075,0.006636589758609377,0.024146887533369518,0.04817160262784514,0.5012680960589764
1076,0.00996446728299197,0.026684011825790218,0.06415109006876064,0.41595570390446734
1077,0.009452536810408294,0.022578286569687592,0.04558314093249359,0.49532099166059956
1078,0.011228178591550713,0.029758549042878966,0.03488592285669311,0.853024561371739
1079,0.014086088383672887,0.034475979012751366,0.050466686231223204,0.683143308732275
1080,0.008192630625543328,0.01377329517399591,0.051297862286023774,0.2684964745158294
1081,0.011119770724482234,0.01487192482907298,0.045847546346926026,0.32437776967469295
1082,0.008689991442065371,0.058094322086078426,0.048422268535112216,1.1997439162511099
1083,0.013130537057107561,0.022643082625818246,0.0482554359598344,0.46923382154634985
1084,0.013007759346543276,0.030428584689321587,0.06451637578219144,0.47164125883402214
1085,0.014605934604574194,0.031220186360699453,0.07374201827363203,0.423370380843819
1086,0.009857002750436137,0.03210590906233759,0.05628430340458679,0.5704238503504545
1087,0.011068292861630871,0.01807491793980403,0.03899112368399757,0.4635649407360423
1088,0.006926173633351926,0.030545588462658677,0.0537449931192813,0.5683429597779647
1089,0.008100906744299011,0.014679084520395016,0.043274413018618514,0.3392093270931125
1090,0.007756542012948267,0.006984502111533594,0.020852003666047298,0.33495592190530127
1091,0.007179422495063976,0.005565425778502713,0.024838964530158242,0.2240602973503766
1092,0.012989395562147966,0.026171737885201326,0.04323729803371414,0.6053046576775912
1093,0.013090654881972906,0.023211908499632745,0.05539642872015585,0.41901452920172
1094,0.004988714634286836,0.021993003986203265,0.035884502211804496,0.6128830729319269
1095,0.0012805212108280863,0.005540804566566919,0.03381102845246418,0.1638756589246282
1096,0.012017089429643697,0.024618051291438167,0.04555543408283202,0.5403976888174512
1097,0.009723148443087701,0.0363550191869328,0.039245919829200636,0.9263388231222731
1098,0.007833761951483702,0.014117583376873721,0.041896389024080584,0.33696420397374643
1099,0.011619622190343213,0.02896128045575868,0.06997624530614739,0.4138730268972354
1100,0.008628686644239908,0.012107753631028501,0.038142006547644096,0.31743882210036367
1101,0.014271989987827981,0.05612027668421067,0.054680509484549035,1.0263305373931906
1102,0.015803380568015724,0.018691523977070426,0.053001390093426116,0.3526610140625119
1103,0.009895495688002725,0.009324387925257012,0.03138348674285705,0.2971112802620398
1104,0.008986138843589899,0.011694461076149531,0.04913514728774103,0.2380060246419011
1105,0.007976792598678412,0.011582601816675288,0.03390137197568369,0.3416558428662739
1106,0.019457415519709607,0.08512864603638776,0.08524661049973539,0.9986161976100152
1107,0.013169787058240663,0.025045916684340412,0.05434993807498756,0.4608269589890631
1108,0.011418717993677155,0.045167656557222144,0.06515998982497499,0.693180841165662
1109,0.014036987105969087,0.18555945298456472,0.13178166727258206,1.4080824505031242
1110,0.011389768242837104,0.044868734806830804,0.0703268077193163,0.6380032915173389
1111,0.012440750024117877,0.015119630827581713,0.038933997447265264,0.3883400580189775
1112,0.005710386555574021,0.009707716614740068,0.04314711427531929,0.22499109796302202
1113,0.001687375149677222,0.004563095523392345,0.03121742989872317,0.14617140290523983
1114,0.00680323008031321,0.012075048170998432,0.041723078947648644,0.2894093263382936
1115,0.0031135689591363677,0.009401030976250486,0.04489352280290723,0.2094072906134622
1116,0.002155987644863298,0.003392091938976783,0.023802692684425336,0.14250874823067008
1117,0.01319377523866265,0.03032727274045887,0.042874525834373546,0.7073494610206222
1118,0.009826749873244238,0.0552366691726153,0.06482226716978284,0.8521249191722824
1119,0.021225151930597663,0.04503121537682328,0.06336529642679728,0.710660533701528
1120,0.0045748557050625405,0.005653772271958569,0.03498370932859042,0.16161157237085852
1121,0.017843126344971615,0.053675475305393704,0.07550746224986957,0.71086318763794
1122,0.005576548735110458,0.009234387131512192,0.03348768564230695,0.2757547126471425
1123,0.018428508805694615,0.09094300429070644,0.11137992441186616,0.8165116359247375
1124,0.009139849609588047,0.049859390490160235,0.053301968662834376,0.9354136768484026
1125,0.006736705578038012,0.0034379351433995358,0.03321343113592762,0.10351038799122003
1126,0.00556204541768644,0.009824815426260741,0.04613353385082635,0.21296472665695773
1127,0.009165168070139628,0.02302089000813152,0.045103859343788494,0.5103973438872
1128,0.0014809207160136411,0.01623304543228363,0.0513351292274902,0.3162170949321534
1129,0.0159681062093339,0.03434315087781873,0.055609831240586244,0.6175733698820102
1130,0.006308358155181682,0.015975726701602484,0.042080259921461687,0.379648954911863
1131,0.01041596064115595,0.008369352858583659,0.043300280434857695,0.19328634305671016
1132,0.01839297877474967,0.055817067658557096,0.08337363855651472,0.6694810089249201
1133,0.01324484857156827,0.04839813822241995,0.06709809916645906,0.7213041624674394
1134,0.009376845634546214,0.016497753532119172,0.035048635310072324,0.4707102968821735
1135,0.011604947326112768,0.04634610804478539,0.06899191234495708,0.6717614640547506
1136,0.011570000328640147,0.015702699241353688,0.05667728351070831,0.2770545493484511
1137,0.01143075329441275,0.03736618355424518,0.0514944732815079,0.7256348336640565
1138,0.014797929734897936,0.020525396674606535,0.04334541274659197,0.4735310007221086
1139,0.01141794909494807,0.022986907734459716,0.04224710009332215,0.5441061678477945
1140,0.009671557497935001,0.017181614740795666,0.025244629098902342,0.6806047604614138
1141,0.004435775379101261,0.009231366098072189,0.04391544453332324,0.21020773434428944
1142,0.004506194137806525,0.011490984908329114,0.040538283778593254,0.2834600737191808
1143,0.010635490280357998,0.016986391518300087,0.04631014523543308,0.3667963344088881
1144,0.007305556834126296,0.025112212409188064,0.05242222803534256,0.47903748753787523
1145,0.01350627917672263,0.013538953455891624,0.03824114196325643,0.3540415573598815
1146,0.014016225207055194,0.0517388319081663,0.05436717601161949,0.9516556809408041
1147,0.00180286307465618,7.034690792685205e-4,0.030827592236282887,0.022819462314042308
1148,0.0067541924107464,0.016448713106594976,0.035426955702273236,0.46429936698002855
1149,0.0012376917207406082,-8.681799509118266e-4,0.032117943529348186,-0.027030994376041416
1150,0.011063493694882557,0.033576693622464245,0.04868008669406925,0.6897418616667117
1151,0.009593413968388429,0.01856571540733007,0.04851347362418123,0.38269194144193597
1152,0.011787231138449593,0.04378847712532312,0.07021340900819634,0.6236483564017165
1153,0.011477529446693755,0.013040757676043608,0.0429499332185543,0.3036269604817458
1154,0.011737369448680377,0.033494021931326466,0.05471037200496429,0.6122060717899578
1155,0.012840151639196794,0.02690977243198512,0.05828053708443257,0.4617282849161155
1156,0.006606679208287223,0.02490987613507337,0.04486366976628783,0.5552349209246263
1157,0.00938799540108857,0.041619711378727255,0.06339037767675941,0.6565619720859645
1158,0.01390687042126215,0.01664983999151508,0.045860739926594986,0.3630521447792803
1159,0.019686836930055535,0.07513250174365638,0.08273497627014163,0.9081105129992172
1160,0.006542592855797967,0.010944036317087171,0.029007047226725705,0.3772888785110075
1161,0.011356200925466624,0.024709371953728555,0.07355074425102381,0.3359499921495982
1162,0.01865013217212912,0.03389933142085028,0.05805322147174504,0.5839354055028515
1163,0.010890891110598828,0.037281458194871615,0.07168392540346515,0.520081147691578
1164,0.01632422037440641,0.057013482907757165,0.07803875977075479,0.7305790491191674
1165,0.013126858952300046,0.01781205390143441,0.035694427943281336,0.49901497034040926
1166,0.0126505374862644,0.02933012934299606,0.05972767419748956,0.4910643137721382
1167,0.0129462804460644,0.01640658738271602,0.03067653338726773,0.534825339473513
1168,0.009210623329842755,0.016229003266006937,0.05043692090246901,0.32176831923164617
1169,0.013083657689525307,0.0344849220742151,0.04639068832970112,0.7433587065819955
1170,0.010842005352252028,0.028163005969467612,0.0595448113093017,0.4729716217115323
1171,0.012821663915133083,0.0409710676429347,0.07497380384733265,0.5464717746796347
1172,0.009055518674248555,0.026337551035229178,0.04844409436304036,0.5436689731023847
1173,0.016844777301366083,0.031012681120816846,0.04776584264245812,0.6492648178104218
1174,0.007587166159981706,0.0064289655269506325,0.03324669465109656,0.19337156954754867
1175,0.008700071948837125,0.017302956993067053,0.04725255976264021,0.3661803102304623
1176,0.011011220584676054,0.03525510795323638,0.06234156587417354,0.565515277951041
1177,0.010443293913005426,0.00885550383994766,0.042973311424555294,0.20606985001596956
1178,0.008738864961707504,0.02449499266256767,0.04539342351271735,0.5396154501478654
1179,0.013866316535759617,0.0197816440038762,0.039150018819673484,0.5052780202990763
1180,0.012977145308695832,0.032122566991099305,0.0409510032174813,0.7844146532993047
1181,0.011213878742638803,0.026822239896442442,0.03884105610660831,0.690564124281857
1182,0.013600670642418834,0.02012801286682669,0.03218059620947854,0.6254704771721459
1183,0.011883164429230845,0.02697171964559646,0.06295596602271591,0.4284219804659095
1184,0.010521409688358959,0.0255107340895284,0.05364762973654958,0.4755239740284033
1185,0.012382803390609038,0.01121991679650879,0.0447047201200469,0.2509783478429038
1186,0.012139734487951923,0.05447488503010904,0.061694057442310136,0.882984314673229
1187,0.011948485924100046,0.0143432067356194,0.045858403677797775,0.3127716096791137
1188,0.007688949569022377,0.010556274247259157,0.030278072422699365,0.34864419702441674
1189,0.013487545529551342,0.02816217841175439,0.042180812711317885,0.6676537648644679
1190,0.003260663829270516,0.002384654579323908,0.03169217147100702,0.07524427859118027
1191,0.0076319041730259305,0.006919289370692902,0.033720723849209155,0.20519397512444498
1192,0.007337572917141932,0.02470499849277586,0.03648305143588076,0.6771637108314551
1193,0.013974507434281422,0.03785626944480786,0.08353525034493281,0.45317718314714067
1194,0.011522697140797745,0.014210005772423161,0.046012628788670996,0.3088283835659022
1195,0.014718503978935567,0.01100363599476674,0.03452096672204901,0.31875225521244077
1196,0.00910534729732545,0.0037681371640253133,0.04355087766084571,0.08652264584355428
1197,0.0032676528453711015,-0.0015973987867436057,0.02953602507636317,-0.0540830657684523
1198,0.0035083245270200554,0.006973561768831845,0.028135734211004768,0.24785426662526072
1199,0.012099029092739093,0.039204093114365894,0.05390165408647261,0.727326346079697
1200,0.007608757600328987,0.02295403281657739,0.0455379946465131,0.504063321074131
1201,0.01821104616254794,0.05767798235559162,0.08711457903491682,0.6620933372412146
1202,0.004056415293945975,0.0025188866071899044,0.027879046984328252,0.09035052771372906
1203,0.011579851432479115,0.029323036776551153,0.041663724232513334,0.703802584063481
1204,0.014809995493076917,0.035183295094343786,0.04727884502101411,0.744165706220315
1205,0.005234590880979603,0.012823316067160116,0.03595457728763368,0.35665322844918
1206,0.01531293285884506,0.04766245087557071,0.08013331362375697,0.5947894667048975
1207,0.014132292717210813,0.016434482034913683,0.03772504616400269,0.43563848705360886
1208,0.006288658470706671,0.02238990072818639,0.04849881880848335,0.4616586811444154
1209,0.012989281346701043,0.016704583918697963,0.03493771047787223,0.478124745159755
1210,0.008379454004733201,0.008781363009787994,0.03797378142242501,0.23124805275784976
1211,0.0041703280685830265,0.014314284126189262,0.04352945574476363,0.32884133011268346
1212,0.008110105446867596,0.01898399915675075,0.03523789004524216,0.5387382482996873
1213,0.008037690573078366,0.05074267144900083,0.08052161194784561,0.6301745608603464
1214,0.00782269531064775,0.011611354669717135,0.029198160582971266,0.3976741835062385
1215,0.014775264519453163,0.022632896798784465,0.05171518085170408,0.4376451252038633
1216,0.008396175756601105,0.0239266323639304,0.04456172528716912,0.5369323608935697
1217,0.009498760178341451,0.016749579507526636,0.05897799723353765,0.2839970886295549
1218,0.015834234638366695,0.10140402235941054,0.10501259709327286,0.965636744221675
1219,0.016457735579367673,0.03583796584673021,0.05642325905485351,0.6351629885804593
1220,0.009616918183309968,0.03754580919663346,0.04825592527745258,0.7780559378099131
1221,0.010661277086004575,0.01835741017704985,0.027399529227955934,0.6699899850220659
1222,0.01112753130347861,0.052524916053365324,0.08548425448331824,0.6144396575817977
1223,0.008938527907510792,0.013802745398044389,0.047779503879848986,0.2888842343937711
1224,8.161563949143242e-4,6.637817565911142e-4,0.02699961577636597,0.024584859358337742
1225,0.016660058369433878,0.04570336486611164,0.05236442542222051,0.8727941631670746
1226,0.006637663734500648,0.02490342090929445,0.04914890922865757,0.5066932572894997
1227,0.006210392580100208,0.007973036436144745,0.02894948113086579,0.27541206697635534
1228,0.011648124692959384,0.027924024301760313,0.0548500121506766,0.5090978690223655
1229,0.015590823210673708,0.028456946853167513,0.07243274008869578,0.39287409006370927
1230,0.01177313411714028,0.008307185484233941,0.039909762347454865,0.2081492095069744
1231,0.004929132307161106,0.0041115511277546755,0.032592903682552674,0.1261486600825821
1232,0.014236358710737182,0.03864704294531138,0.06369212763165034,0.6067789596984136
1233,0.010988511491535916,0.021961609673838818,0.05674650489217847,0.3870125519724449
1234,0.009932462497271168,0.015828324127096338,0.045658487998573825,0.3466677242485723
1235,0.007511432754756571,0.01294537923030018,0.044369272603094784,0.2917645133852664
1236,0.002839615133632747,0.029328394460392718,0.05724695767668889,0.512313590986431
1237,0.004867200827760523,0.01400239199023207,0.04095523697167353,0.34189503041861896
1238,0.008904216326870452,0.01396285795364175,0.03920522255172554,0.3561479069585642
1239,0.011386780732598138,0.0029410504753342023,0.03717853879148982,0.07910613410141362
1240,0.01558350426939113,0.05727587585743924,0.0690587044919194,0.8293795297613948
1241,0.017464185565283896,0.07873419329207944,0.10395165568206627,0.7574116330853464
1242,0.011758409714473768,0.024567370183124142,0.03652046582342966,0.672701446413725
1243,0.011937862932566063,0.02076462381227511,0.039802106076145226,0.5216966100374288
1244,0.007841606522183695,0.007733800792227414,0.04442875173052178,0.1740719802153349
1245,0.009208843263677647,0.021153688337301527,0.04562351722252688,0.4636575526197434
1246,0.01303947384444912,0.01817653539429723,0.03493607505068161,0.5202798358982402
1247,0.00874401078853209,0.01320389289050372,0.044446973091423266,0.29707068833111644
1248,0.007499351173540564,0.02517744673158306,0.050080183748658726,0.5027426987477333
1249,0.007951340639233544,0.02820540348633212,0.04766804423029778,0.5917046512347738
1250,0.006489664139620341,0.02013554059595784,0.039245834491544555,0.5130618537438923
1251,0.010216528840350713,0.006868947709132381,0.03237446441312466,0.2121717790132058
1252,0.009098992627682639,5.931453004440772e-4,0.032941412617318123,0.018006067539806894
1253,0.009384603673511734,0.02533189684690193,0.06172277796386844,0.41041407536340685
1254,0.006234280606782615,0.023623490405356783,0.05377687657159754,0.4392871418239567
1255,0.012823091799263213,0.02869345732509141,0.06335654669241367,0.45288859357177014
1256,0.00963512042136179,0.04619636503655216,0.053849577146711965,0.8578779534459704
1257,0.011650059743477223,0.01541969654492518,0.055760954807340765,0.2765321468795083
1258,0.01631283905066995,0.046059423877447735,0.06624296825939212,0.6953103867128916
1259,0.0021404437497271095,-0.0032541569248790286,0.02912152113985197,-0.1117440572300946
1260,0.012684748925442557,0.03804049174424746,0.049242541604422804,0.7725127604061522
1261,0.014722105276442512,0.040316618849613586,0.06096257047564728,0.6613339715673385
1262,0.01106168019199988,0.021494282136621336,0.047128029067912365,0.4560827720091514
1263,0.009131414088065903,0.019904518147449746,0.036612238812416535,0.5436574979593819
1264,0.007908964092387059,0.009291169357617517,0.03340595324745716,0.27812914928044313
1265,0.007348166858861955,0.02248996552954448,0.057863327650918325,0.38867390526212764
1266,0.008165031943577114,0.023672398505801873,0.04609321994999164,0.51357658526536
1267,0.006779900134416945,0.008843576362678157,0.0342034236563832,0.25855822070688317
1268,0.007453861803001057,0.007518409365838603,0.036196398721132506,0.20771153019289562
1269,0.006451757844931088,0.010709382746370483,0.03121029484016579,0.34313622480067524
1270,0.009467625198801323,0.006960834241604305,0.029735725850410424,0.23408993870274833
1271,0.010335950396286283,0.018728959434299818,0.044939679614193706,0.41675774271395744
1272,0.006900752981898332,0.022152111988416576,0.04582011695197878,0.4834582157796068
1273,0.007282059748083071,0.03528483134720264,0.06694357962772195,0.5270831279627429
1274,0.011069025313884087,0.008906366424696046,0.04309117706105609,0.20668654309620213
1275,0.006182357484773173,0.029241947471448912,0.058454392177950884,0.5002523571270499
1276,0.008000701566883135,0.019146348804584483,0.043205866118948305,0.44314234441854383
1277,0.01106788060953753,0.031176817247930075,0.052713392114791806,0.5914401634415328
1278,0.012058108327452698,0.06816174429296636,0.10243246628583824,0.6654310568170907
1279,0.002217115353571603,0.011206041765592506,0.039612055241920484,0.2828947323524234
1280,0.00579830379030266,0.015872152527531217,0.04055761101858225,0.3913483099450578
1281,0.009590083680824018,0.007353154585026991,0.04114142503884219,0.17872872847950153
1282,0.015068279705014146,0.021940545489300616,0.04764372163886542,0.460512838514332
1283,0.013424056480681625,0.01501458399699493,0.02872406159375926,0.5227179989147871
1284,0.01971413518666476,0.042856317497312585,0.0579761064048375,0.7392065482641081
1285,0.009502144529468024,0.027177771064075543,0.047147000204462816,0.5764475140775333
1286,0.011858360191723556,0.009798115109087208,0.03300160305325276,0.29689815653126184
1287,0.013400664795533548,0.0789213833101935,0.0827930834856748,0.9532364297538066
1288,0.013239007551269177,0.025574293030161115,0.05596029727508576,0.4570078122431118
1289,0.006602393823830224,0.013181639814991368,0.03432359947363792,0.3840401361493414
1290,0.010237808573420059,0.02754039433266895,0.05081879287693045,0.5419332647149733
1291,0.0035602601613888797,-0.0027916862332237934,0.029952126265916954,-0.09320494339663965
1292,0.01277416018346611,0.05857674711324944,0.10550442894808973,0.5552065225818185
1293,0.015621406519683046,0.04546007126868378,0.06415045548162034,0.7086476772048561
1294,0.0037365921032709234,0.015424340002491814,0.039585492833198295,0.38964627944599495
1295,0.007281017260673354,0.052964291264200755,0.06929573870708629,0.7643224858036551
1296,0.016282936559596835,0.049423623696055644,0.07183411344311723,0.6880244124567971
1297,0.010125042777331955,0.018587277241944547,0.0401237321161092,0.4632489616907291
1298,0.017878000595929953,0.035519178764254034,0.05687601574220312,0.6245018801114457
1299,0.014037148520629709,0.019749157883442822,0.03463324857352631,0.5702369456193347
1300,0.01441433774889124,0.021972635694379374,0.05312258182349702,0.4136213817202029
1301,0.006853992230564244,0.03435884261441264,0.0526037407657335,0.6531634844644787
1302,0.010643296300017722,0.03122046484758718,0.0582468729345926,0.5360024199521527
1303,0.012689439465590851,0.022344501512557947,0.060398367441618604,0.36995207749872155
1304,0.008871712740695993,0.0061968292074756764,0.03455045210448154,0.17935595137036967
1305,0.01697062341590398,0.045672974144356025,0.07260384267328704,0.6290710307150227
1306,0.008934753784903007,0.020150011822469283,0.03541554784507384,0.5689594838576545
1307,0.006148927740009494,0.020052898107881672,0.03628345714182604,0.5526733031391745
1308,0.013698029348336452,0.02708167906198431,0.05421983341102864,0.49947920084305786
1309,0.012928879877576613,0.040206919776045597,0.06630803221249897,0.6063657513948462
1310,0.009667643542990795,0.027906369272151683,0.043545393826081046,0.6408569729236773
1311,0.013019780692691933,0.043646357079621945,0.06592639526643657,0.6620467705420336
1312,0.006349765970761489,0.02593868841112282,0.050808524120373025,0.5105184387893293
1313,0.006947279789507746,0.02039381933819546,0.042884650763203885,0.4755505518933565
1314,0.007593540913470184,0.06304719314793511,0.0905451720922096,0.6963065140980567
1315,0.010537849376499092,0.026513597302794307,0.04687996517884711,0.5655635024822417
1316,0.010952399154806069,0.012809069588365722,0.0445950270486817,0.2872308962697306
1317,0.012560810809323426,0.02226122099825523,0.03846045991842008,0.5788079769580067
1318,0.018943361127952172,0.04888859019571941,0.061151849670603366,0.7994621660515513
1319,0.009061178189748727,0.03671783880197126,0.05346357121301771,0.6867823822631386
1320,0.009758621124525696,0.00923755649245901,0.04245384421286037,0.21759057780828042
1321,0.007031442747488039,0.016237362140153994,0.057166854368865566,0.2840345567272851
1322,0.014743244551354708,0.027027261166045136,0.05505844072225799,0.49088315636078417
1323,0.0122567733083933,0.034474095616991066,0.05968011203538648,0.5776479708441253
1324,0.012286634895244087,0.025338937264868532,0.05875551387090791,0.43126058467535255
1325,0.008471951096838166,0.012567326652477812,0.03904725165264899,0.32184919861383476
1326,0.005545306961613724,0.024228599536057698,0.03681823021001306,0.6580598632214675
1327,0.00702581542475202,0.00951906292992806,0.03783695667675597,0.2515810933540492
1328,0.010269780983522549,0.02599075551034807,0.0578280584240817,0.4494488699541843
1329,0.006804032269427132,0.003735763449106471,0.03448271271209879,0.10833728425883736
1330,0.011824484097688395,0.04429317903796437,0.05859394758862973,0.7559343731016946
1331,0.008474244354017177,0.024326627082925704,0.0595638663197774,0.4084124921025882
1332,0.010999079761860413,0.02938318648796345,0.057918942173884394,0.5073156619426711
1333,0.012655973378506534,0.01527908442976912,0.0397144999655997,0.38472307200150346
1334,0.0180101592713938,0.03412722544170228,0.0602470908916662,0.5664543289412668
1335,0.011224021958233375,0.03856359040189809,0.086173306883952,0.4475120173098494
1336,7.178400195727171e-4,0.016241846591220282,0.0500565972930143,0.3244696497475854
1337,0.003432791565782372,0.014965050456470449,0.04473245407530205,0.3345457065976857
1338,0.00958559363559235,0.013442317992756391,0.047631348674363284,0.28221577525877356
1339,0.005894284626571771,0.0038331982611198873,0.03721290763955668,0.10300722260803032
1340,0.014424344469393112,0.03253003756511509,0.06553022780066312,0.4964127038298791
1341,0.008741917972031308,0.019414052040007304,0.048885732923757884,0.39713124625308227
1342,0.009482213473160138,0.017488089139137478,0.06089407886321859,0.2871886637520135
1343,0.01058169139670159,0.021527255745304105,0.046949227118819006,0.45852204746252734
1344,0.009454190874123322,0.011202831942284934,0.041682936791980506,0.2687630192227789
1345,0.01215339312659528,0.04515552910056607,0.05664706140261857,0.7971380682860755
1346,0.0033127669088992015,0.020260020911399258,0.05552135084064445,0.3649050429185144
1347,0.016743272989119214,0.03651166127290121,0.059133431087533814,0.6174453367817244
1348,0.0070136497532759245,0.04334018307740191,0.0704015995327503,0.6156136133986612
1349,0.0038048787398280728,0.005880442673165253,0.042687064106367516,0.1377570183443017
1350,0.01764946354527149,0.05548864180132369,0.07334144512343183,0.7565796079956931
1351,0.012282238330937806,0.02442297583044866,0.03945108178293103,0.6190698639096772
1352,0.011008112949764335,0.0401653230715802,0.07231229734231076,0.5554424979951371
1353,0.009031275594854596,0.028425947058116616,0.058972096625215444,0.4820236804326569
1354,0.014403958972735234,0.041337329928202306,0.06890425072009779,0.5999242353874862
1355,0.010749199301946677,0.14609640434355492,0.141460787517568,1.0327696240586193
1356,0.016469253159063862,0.03716643299628693,0.0610830116107022,0.60845776945574
1357,0.013453241031694133,0.023122479364237003,0.04913219114151727,0.47061771166762073
1358,0.0072206548664089255,0.00952673887236726,0.026169871967235074,0.3640345999512274
1359,0.012100614185705379,0.029501840327290235,0.05740225980367317,0.5139491098119174
1360,0.00950680277699052,0.042840559920437865,0.043704556913157826,0.9802309632280051
1361,0.003782904852286892,6.667640860940619e-4,0.03517726390198269,0.01895440441166549
1362,0.010457085711905437,0.057354750358679096,0.07150944508358298,0.8020583895126114
1363,0.013711943696278076,0.02256979228968483,0.06654088509300668,0.33918683615551837
1364,0.009342344077792645,0.05765638171382898,0.07851851462760065,0.734303011045012
1365,0.01230611596917243,0.014630564079005698,0.04855394804570935,0.301325940894287
1366,0.011800249634668036,0.04724144540668463,0.05952112528429645,0.7936920745540477
1367,0.01307989657620883,0.025200800595743783,0.04977539945797222,0.5062902733110568
1368,0.010015876998821121,0.013591735568625283,0.045769328420821764,0.29696165614791975
1369,0.017416691073250917,0.09448783235453456,0.13219462499172624,0.7147630424493306
1370,0.012868080425480427,0.0690474369039626,0.09323644466400459,0.7405627397396832
1371,0.005290248526571454,0.0084388035534382,0.04786177978667944,0.17631612512217587
1372,0.014754138431100693,0.02635668668644403,0.07182191116352667,0.3669727839243124
1373,0.015157950606385735,0.03272090655557306,0.05570252349899542,0.5874223374487365
1374,0.005183434824326888,0.004877937099671424,0.033128921734798325,0.14724104631958734
1375,0.00279835786399642,0.009119026805648729,0.03939578808291455,0.23147212555962382
1376,0.010119670791635518,0.03614546346606849,0.058104752327483376,0.6220741336672353
1377,0.015283981452153324,0.07198603066742679,0.061437427658579874,1.1716966906145163
1378,0.010557046322303887,0.06755387030422703,0.1021622948769666,0.6612407286424187
1379,0.014852628852613096,0.044930495137942054,0.08127866829698936,0.5527956606494538
1380,0.013287693109238172,0.025437085409507995,0.03984834722070285,0.6383473138452374
1381,0.010798343525217902,0.04230429199249536,0.05367909622165937,0.788096204485382
1382,0.007227033174689158,0.017982322300704096,0.039389300012124394,0.4565281001482374
1383,0.015219112109681151,0.04943078316469507,0.07137486164809378,0.6925517195172766
1384,0.019631913380230286,0.034893634453307606,0.049773805496914486,0.7010441356643041
1385,0.01754921192685852,0.04140464907928757,0.05319226955210553,0.7783959855055411
1386,0.00908746764419763,0.03586864051979409,0.06443686838490316,0.5566477921543083
1387,0.009686130019494001,0.04081781451334828,0.053273401461365714,0.7661950127766796
1388,0.012215813756955745,0.016513784831847265,0.03278454807901803,0.5037063433677774
1389,0.014562211002355495,0.01548301589608067,0.05237569838242363,0.29561450012619783
1390,0.005190902622057538,0.002706793479553747,0.03532803497385752,0.0766188518992566
1391,0.01035431021930075,0.01563171161295213,0.049610242549146866,0.3150904089506602
1392,0.01765781480086935,0.0345681117057,0.05505070216942799,0.6279322577813938
1393,0.015248242635173893,0.04219370789321797,0.052402241014228905,0.8051889971988223
1394,0.016553294955615777,0.029823640808815183,0.05779469518743513,0.5160273051374964
1395,0.0030613344868959703,-0.002800815785163224,0.024934791263276943,-0.11232561586702207
1396,0.013632741659284799,0.010395830676455883,0.04078684052854246,0.2548819801127014
1397,0.014926917837338426,0.03604316619558875,0.05026075326926067,0.7171234780842938
1398,0.017274171177669086,0.04636227566514835,0.06683290652452363,0.6937043153754835
1399,0.014419966549235263,0.020218959935710344,0.04568816921607552,0.442542572456509
1400,0.008038746796053146,0.010706970748748722,0.03090799891281359,0.3464142333818289
1401,0.0033756336811477266,0.02055024152070892,0.038647212864195264,0.5317392897884159
1402,0.009212895577240926,0.026939863059237873,0.0416543107934525,0.6467485008411773
1403,0.013221272757629415,0.024260797291101716,0.04392904821881944,0.5522723180856047
1404,0.01664883197166909,0.041080593746440595,0.05947256630644747,0.6907486308016779
1405,0.011870500204213354,0.020017031497085565,0.05856484318593896,0.341792625202342
1406,0.00946124454989312,0.013205887121155155,0.038240117541951106,0.3453411749236312
1407,0.010510294644722307,0.04029476820769753,0.0654386633965876,0.6157639248144967
1408,0.01649875669090628,0.04910238832108194,0.07295308030304982,0.6730680612403038
1409,0.012763580495719127,0.0613787750610979,0.04082465520009108,1.5034732016784056
1410,0.009219842484264383,0.013851976001040326,0.03403580269147964,0.4069824980066641
1411,0.00988921310020847,0.017687988522475336,0.052042329630793055,0.33987695493188463
1412,0.014311692940913457,0.023685415129549983,0.05797605886660142,0.4085378618793036
1413,0.00971270062117589,0.006271855983193226,0.04238264816009852,0.14798169192971558
1414,0.0048699764455586774,0.010239846435889167,0.03690519824398658,0.2774635260916847
1415,0.009983011075160388,0.018627519571499263,0.048826031068800235,0.3815079613014506
1416,0.008562538084336479,0.03309631907198611,0.042194566660984464,0.7843739535922022
1417,0.005784340633200138,0.005446359544880154,0.03329240329151655,0.16359166075186812
1418,0.008503536186101127,0.005187414776330316,0.028543136418529527,0.18173948021222955
1419,0.009035826288681222,0.0182973408309948,0.046843262553206894,0.3906077380970588
1420,0.011595993439558238,0.02745979854994883,0.04606575938646665,0.5960999865339474
1421,0.008551247046004693,0.018670774966399302,0.054084492517570214,0.34521494234847083
1422,0.008649453625537068,0.009597042265921266,0.03495991502554597,0.2745156061995145
1423,0.010825141554640445,0.024375076291514874,0.04703215289845699,0.5182640978426178
1424,0.01618530745857634,0.019418324216348298,0.045468244413116,0.42707442231367065
1425,0.009049210407411771,0.010090473636642767,0.03327818844153439,0.30321583322873674
1426,0.0057215270613775486,0.009558194436753884,0.04301089627543585,0.22222727877011733
1427,0.01259029957580165,0.027092310596787773,0.06425824335335244,0.42161610997998644
1428,0.01617770365789891,0.05062148217509519,0.09181170386493702,0.5513619728652872
1429,0.006718961961418526,0.005158226490260064,0.0399537399479532,0.12910497232498297
1430,0.004795442902056977,0.012285962386543855,0.04508027716829727,0.27253520071930626
1431,0.0035600414649193494,0.006707137149086243,0.035069719492996455,0.1912515197170505
1432,0.0095164363887575,0.02163373186203264,0.0463203673869844,0.46704577451411844
1433,0.01747621798491246,0.02882802624692586,0.04790025626655491,0.601834488870037
1434,0.012388049584576295,0.05190109325431093,0.0629310658523417,0.8247292899200063
1435,0.007865424265740719,0.01180312081910658,0.042922406731685486,0.27498739511252684
1436,0.01576329564782093,0.0426879224046683,0.06421221694094575,0.6647944026590334
1437,0.004783404615790966,0.004092896444715535,0.03515655752571395,0.11641914717395009
1438,0.012065556850221662,0.021980151979606857,0.05479945461178513,0.40110165576136636
1439,0.014174991690783387,0.03223333145775731,0.05591643611617059,0.5764553983875179
1440,0.013613203406913745,0.023720417688229887,0.048700962567571685,0.4870626048780503
1441,0.012839159115812368,0.04687065977528068,0.06537189735899768,0.71698484622352
1442,0.00846631140494729,0.014728692716614098,0.030201841324439954,0.48767532278554604
1443,0.005368349068475075,0.009959713971403819,0.037119176524768656,0.26831721239176637
1444,0.007547686614748275,0.018548720993689146,0.03419186128238322,0.5424893614447969
1445,0.009984024467664623,0.028591035262706108,0.04247791152022472,0.6730800606591323
1446,0.016528576615588212,0.02893945059853775,0.05131649182133326,0.5639405495468235
1447,0.009061309263273502,0.004477572807887735,0.031736553148227306,0.14108566821907176
1448,0.006450792911858268,0.008134121424974522,0.03477962459624339,0.23387605586326837
1449,0.007287735229597261,0.009193221415303203,0.027665777084318572,0.3322957958955751
1450,0.011208897713946989,0.026765284143211658,0.048266866222436686,0.5545270749475322
1451,0.0050808060320818894,0.015388946346083145,0.043153790284125436,0.35660706150634763
1452,0.006378863292994313,0.004867213293864171,0.030850931183592757,0.15776552302099292
1453,0.01614667120441749,0.02054218554542056,0.03842667615712201,0.5345813793893092
1454,0.016645855165068942,0.028749914331828275,0.03975338121264211,0.7232067676971693
1455,0.006472807062539819,0.013339370088804224,0.03934972720275596,0.33899523674131005
1456,0.011087729085438449,0.020704040972394804,0.04172840572189101,0.49616180187620545
1457,0.0047500005599846,0.016939819219091403,0.03647458677928757,0.4644279953491025
1458,0.013279277815597845,0.07392768769443513,0.08612972822009016,0.8583295131911394
1459,0.008385387692211203,0.020769535026330672,0.03454437368571317,0.6012421940340611
1460,0.009829100020382625,0.022028871828749956,0.03939432245260674,0.5591890012895068
1461,0.01819003959224438,0.03691036147151264,0.059684306190559804,0.6184265819169513
1462,0.010980477824873278,0.022421982486307532,0.045421008176391164,0.49364783800554174
1463,0.014687713013112754,0.03676444181509461,0.056707528846084716,0.6483167678648186
1464,0.008843007701115953,0.022694494535755366,0.04046655920742099,0.5608209588423203
1465,0.01070691582121708,0.033280139871673636,0.06091004277587598,0.5463818174308451
1466,0.013036352077497199,0.022306163487810112,0.05342867195988407,0.41749425298383386
1467,0.002805654226668265,0.005241906451376433,0.032902694791564414,0.15931541427179247
1468,0.007283544631040874,0.007242151772185184,0.03831448275297259,0.1890186491327045
1469,0.010220123136646919,0.013196199802252707,0.03515403763358284,0.37538219477942153
1470,0.015261615699529696,0.022594341230162823,0.030004318060314547,0.7530363191305924
1471,0.015046960365671542,0.0404752382927104,0.05694858293892222,0.7107330192240322
1472,0.006064221451276215,0.024319357709988842,0.047015772310594034,0.517259560245679
1473,0.0037638508777420154,0.007017950020772762,0.04069071946250912,0.172470531695534
1474,0.01974062100945708,0.053606374601643844,0.07760495344455505,0.6907597031153815
1475,0.004871291335505172,0.010555399678278721,0.027200803992516166,0.38805469430914097
1476,0.02095167214689173,0.0880643499928983,0.11154414017064346,0.7895022531723757
1477,0.018358703016307647,0.0565571380383967,0.05231833361310339,1.0810194846158419
1478,0.015570551708922017,0.04616090659386557,0.07917935835610378,0.5829916729845174
1479,0.00939186600624618,0.03626404573664592,0.05998352738914345,0.6045667421554377
1480,0.017878158037240303,0.03941350623409717,0.05872967596315945,0.6711003523809816
1481,0.008490365843009629,0.021181728885409555,0.03509106263757316,0.6036217570319338
1482,0.009222771047424787,0.04106356987732215,0.059328876687615155,0.6921346260023515
1483,0.009357660525403516,0.018644437116191688,0.05050520487810314,0.3691587265350369
1484,0.008451452933147247,0.02973196896984896,0.047086905508668876,0.6314275412380878
1485,0.016105075983544475,0.020396080518234532,0.051180931950029256,0.3985093616143673
1486,0.00710459914701472,0.005509682035117323,0.04132733701187935,0.13331809967657948
1487,0.002846774138106906,0.005648417593316592,0.02976962762125602,0.18973759649192004
1488,3.9313065074835256e-4,-0.0021134629683579585,0.032954083059721126,-0.06413356926144265
1489,0.01062630925014275,0.01973053714189124,0.0505787960536108,0.39009503351914376
1490,0.01030917158381815,0.014047875704125379,0.03880490930415865,0.36201284724095195
1491,0.015525725106147529,0.024999691850840507,0.04916359233207633,0.5085001047518997
1492,0.007699352369902697,0.024393931803122115,0.05036694926828338,0.48432418793494886
1493,0.015178988049546597,0.027237611540528256,0.051910517848079096,0.5247031366599276
1494,0.009916975734384301,0.029517346918707322,0.05808467464331535,0.5081778816868059
1495,0.008219727727840194,0.009618238194097867,0.04539442442568253,0.2118814879973721
1496,0.00878655931882533,0.017901373560245768,0.03940079483476638,0.454340417124022
1497,0.007226132487996553,0.011833169734446652,0.039636746621043537,0.2985403884829515
1498,0.009656980774805543,0.026135894363572554,0.05391221460442718,0.48478613901025536
1499,0.0038128059977171336,0.008928842861162856,0.03404339816776307,0.2622782489915446
1500,0.003266625367562208,0.012417135453420526,0.037076209321028994,0.3349084407714178
1501,0.01567013499753454,0.08172935312135224,0.10740788460301709,0.7609250794150401
1502,0.010215369205022523,0.037811659602104766,0.0658113717509641,0.5745459879667505
1503,0.003186205202463287,0.0031386805560689422,0.03568499046673065,0.0879552023138455
1504,0.00954554130104849,0.016883623742349762,0.04408436935885899,0.3829843544979034
1505,0.0022289997773777145,0.016633240801132754,0.04307661337788929,0.38613158038255624
1506,0.006101642772699193,0.013468130760064078,0.03423983673244192,0.3933468160291533
1507,0.010200098848354693,0.017363350361258356,0.03570471335576799,0.48630415229067675
1508,0.007066569342065572,0.013132013833609199,0.050078575315034575,0.26222818342970533
1509,0.006515237868171353,0.012565727765589643,0.046445320719418974,0.27054884261647183
1510,0.005247448219776156,0.006856965415747321,0.03921038957068522,0.17487623792633214
1511,0.007414595578249503,0.021518349138650923,0.037706778132087164,0.5706758891802414
1512,0.009438303241537353,0.018155604751933473,0.04201869421462647,0.43208398288620803
1513,0.015210618404394577,0.024434896502029332,0.0563280101183196,0.4337965507871252
1514,0.01324570055702669,0.019406784225333047,0.054482415334987724,0.35620271432552153
1515,0.004233142481366467,0.008653759111116249,0.029922290529883343,0.28920777647265183
1516,0.005596998151801654,0.010762235647806102,0.045528611486430594,0.2363840076918158
1517,0.016802184643387064,0.033424031421648744,0.05658120324725904,0.5907267697292723
1518,0.0155670451030525,0.02533679058027121,0.037281443280263914,0.6796086296821031
1519,0.018242395132703405,0.1293702112674723,0.13908040456757428,0.9301828799657818
1520,0.012998913332816242,0.03257669562193769,0.05040657213351349,0.646278733964507
1521,0.013698752853723418,0.02638183753037369,0.04670399558563586,0.5648732447741068
1522,0.0124977091288269,0.024895208374585757,0.056448310374853816,0.44102663497392997
1523,0.013259573820641352,0.03314536246827883,0.06812356339561182,0.48654769093323574
1524,0.01895036594543163,0.03616928357644162,0.06522736876050785,0.5545108481877081
1525,0.017267121757513854,0.04275301148783935,0.10233001328809983,0.4177954259369884
1526,0.012469807031438207,0.035526129320782265,0.06685020554892651,0.531428871894512
1527,0.010049797799083693,0.01480494426509037,0.03924519255905933,0.3772422378310591
1528,0.017985154598294813,0.07054969386877129,0.11000286859324851,0.6413441283030442
1529,0.013494194901064738,0.025904211048827508,0.05707984499166357,0.4538241309627029
1530,0.023154411029320972,0.04985409960635747,0.052448814299789544,0.9505286300925494
1531,0.017729699643759377,0.04826403428159506,0.05214679967287361,0.9255416360038229
1532,0.018655499322299124,0.08295394586799107,0.099261450244386,0.8357116046940162
1533,0.01645056580538854,0.02740808993863233,0.04061394639354745,0.6748442929689492
1534,0.00432544004454966,0.012681407923883552,0.041186216190203497,0.30790417515702584
1535,0.005831110697270385,0.004128738232516299,0.036709443685260974,0.11247073826329892
1536,0.009723492860259813,0.024390638890128425,0.047074315652015516,0.5181305039127876
1537,0.01857732923551438,0.19576591888215578,0.20465844421894183,0.9565494335172757
1538,0.005324611391927454,0.018945022997577703,0.046512890946532,0.40730693388539513
1539,0.008349289597228481,0.019215765556120857,0.03884984122880459,0.494616321414298
1540,0.011228761862692446,0.024054351330615516,0.06607833577842782,0.36402780196029677
1541,0.013332568870765749,0.04166361419947361,0.0388318469304434,1.0729238368214251
1542,0.008123427719218985,0.028392745255971633,0.05411669881611551,0.5246577466309993
1543,0.00895459728184902,0.01233170930281662,0.039270029908228754,0.3140234252847513
1544,0.012173064893564916,0.043622101112861626,0.07397031870523879,0.5897243904908602
1545,0.005861305991832117,0.014207444515071289,0.040433076378085187,0.3513817346525666
1546,0.011135227097403005,0.011024749758112113,0.042093007802270835,0.26191404068581076
1547,0.015083336838729838,0.029366506426047295,0.04430318786009667,0.6628531228674256
1548,0.0069378630277487,0.02491840504515772,0.05820844561811127,0.4280891678269533
1549,0.004186868147925943,0.01314029873671993,0.038593607293898526,0.34047863514425486
1550,0.004603616572933587,0.002037161163630549,0.028045226806124476,0.07263842712748811
1551,0.017416562063983444,0.03244780812678477,0.047775454347101745,0.6791731982503519
1552,0.005525195007427732,0.053210473536401064,0.07651111305187885,0.6954607169329945
1553,0.010173013171561173,0.018538906010842182,0.041293486085569535,0.44895473277371967
1554,0.0018542347594289448,0.006978357539206472,0.026352026491391668,0.26481293730810684
1555,0.019096197740445655,0.08302918340336644,0.10843766015804014,0.7656858630328001
1556,0.009823904290890372,0.02187078532481836,0.042501616984451096,0.5145871351864006
1557,0.010517017725829974,0.03336159108522027,0.06686292119733535,0.4989550334894703
1558,0.013226108659304002,0.011654984117918847,0.04263378864797446,0.2733743466749718
1559,0.006021164837590566,0.016289053254986953,0.041014870194684305,0.39714994044033525
1560,0.013405361322858682,0.08369697923853613,0.11653155134431602,0.718234489054698
1561,0.008452281789778663,0.015266916867523602,0.05794435122277371,0.2634754992566607
1562,0.008602454059219613,0.017206012144672503,0.04264329606012879,0.4034869190320402
1563,0.01713685287459472,0.01610615066381279,0.049399916602841765,0.3260359889531933
1564,0.006328155334991113,0.01851102732274413,0.049868512720371065,0.37119669933894894
1565,0.007345453216158999,0.0043216932046422065,0.03408655378996263,0.1267858649270318
1566,0.015812672492830047,0.030334504736875906,0.06892004105113143,0.44014054945746317
1567,0.01212760337647291,0.018407733266739584,0.0441659664356498,0.41678547425334417
1568,0.011249923615652115,0.027672426178314953,0.05745545213673805,0.48163272847383454
1569,0.007800525202230971,0.012321400508582027,0.03854422848417772,0.319669143556471
1570,0.0058055307693005605,0.010309820452092533,0.03510079084257725,0.29372046055403184
1571,0.0040005867420309935,0.007468375945951102,0.03166865010212903,0.23582867984161462
1572,0.004803371206915831,0.015718406627067413,0.03547331964325615,0.44310503739549634
1573,0.001854396985247617,0.009146098323919367,0.03885328001603995,0.23540093191986744
1574,0.012871722364151546,0.0244151401958802,0.05481118597334557,0.4454408304128499
1575,0.0067857277465024094,0.004881215350701393,0.041413030124486286,0.11786665539876244
1576,0.013855237630691184,0.036333324200630526,0.06045296646883187,0.6010180529248822
1577,0.0077958391765292016,0.012754356313761251,0.04567896663345364,0.27921726899181687
1578,0.010115546282420012,0.03499186746559794,0.06524005387634464,0.5363555881164841
1579,0.019088846650306267,0.023625237283497857,0.0515602170893246,0.45820670697659643
1580,0.01476425072902298,0.019421852219160825,0.06129550947552969,0.3168560370138434
1581,-2.3424240314621556e-4,-0.002186075439616318,0.02545500202317382,-0.08587999473055043
1582,0.011609657625848974,0.03587132569826578,0.04869364847573398,0.7366736077733407
1583,0.00980971841108103,0.0431834088894551,0.06930023496465945,0.6231351006454312
1584,0.013956596680037618,0.030055528866550493,0.06261885309437912,0.4799757162791022
1585,0.010268875059718142,0.022474801298870802,0.04468044182332376,0.5030120648256139
1586,0.011540563746784365,0.022731384848066874,0.055373389749628896,0.41051098642952805
1587,0.014715731474464963,0.03391500773858374,0.058910478325721743,0.5757041650733911
1588,0.010163986062058832,0.019352413343510153,0.05148564866056607,0.37587976158359193
1589,0.012457178748230725,0.06004166284313109,0.10680044183771528,0.5621855285427115
1590,0.011289522635661735,0.03129451472267771,0.04588171516300602,0.6820694172285471
1591,0.007143893642169625,0.015337988459305478,0.04275597147225213,0.35873324663572576
1592,0.004378592626619992,0.005110967991829092,0.021972747983762912,0.23260486105815795
1593,0.006577139802791395,0.02479803095838971,0.041480374311976084,0.597825631270403
1594,0.010672935282518286,0.013883019060633835,0.04631856504918123,0.29972904052387617
1595,0.006686763919995851,0.00790282024561971,0.03365096098508262,0.23484679231368782
1596,0.005040194437613059,0.002509156884168431,0.03041445489325659,0.0824988280399776
1597,0.012616870728879629,0.021152912199590476,0.04487239965918153,0.47140140398669966
1598,0.011061883733335321,0.015396262950904021,0.030771580723221708,0.5003403331595918
1599,0.007506340991020507,0.033311717350295166,0.05478036925056557,0.6080958892030697
1600,0.014422244614531683,0.04951490903536542,0.06909157816722616,0.7166562169924929
1601,0.0064302231798708635,0.008915784621580923,0.040007702235624776,0.22285170413115807
1602,0.008391309239180248,0.03515544750974969,0.058266846035917745,0.6033525049232737
1603,0.006596696561565862,0.02042590205036261,0.030611540550552728,0.667261486452494
1604,0.013902550218629538,0.022376689877624596,0.044523657902728095,0.5025797729043622
1605,0.016299664341702998,0.025107851240132786,0.038349087776114045,0.6547183439333688
1606,0.010042844467216167,0.047291707198493016,0.08271423768971617,0.5717480873836642
1607,0.009077932643570404,0.011062088495266466,0.06022471723204495,0.18368020646148328
1608,0.008542399431234323,0.011012557800412276,0.036273504584647974,0.30359784439116805
1609,0.009649879224553341,0.01357666193459234,0.039310733855201827,0.34536780678277257
1610,0.0019137288031664307,0.020040487818509655,0.04498535029227781,0.44548920233593925
1611,0.008538214723601993,0.01569938501979708,0.03674638708268032,0.42723615207321086
1612,0.013372539171010382,0.024141877208253573,0.06057459998166828,0.39854786025099037
1613,0.009921294719870856,0.017560454251310725,0.03281932416335327,0.5350644688448243
1614,0.014665931712891458,0.020214438062585122,0.03579707109114627,0.5646953073650984
1615,0.002750104773417304,0.012090678709752745,0.03800243967304989,0.31815532933605484
1616,0.00563816127239642,0.01193497745647843,0.03597825652619601,0.3317275101362539
1617,0.0052581558371886114,0.018717213043412763,0.03187702048770593,0.5871694643052184
1618,0.004521400819590126,0.024991268506256034,0.04251386300019819,0.5878381013303715
1619,0.012361725726737001,0.04824743029176096,0.08879100145157667,0.5433819813156778
1620,0.011321579281755718,0.022790825565756,0.05462799649644542,0.4172004654653401
1621,0.009454889853796042,0.007912596460017967,0.042291279473089236,0.18709758982470384
1622,0.009592915640157906,0.04308485606531972,0.08460020761546501,0.5092760086494605
1623,0.016156684892603145,0.019316491572627267,0.05457091565018727,0.3539704500553122
1624,0.008005892510219572,0.025503053534316217,0.05475870056479753,0.46573518493445126
1625,0.012562072011053117,0.06048393430300196,0.06811781823377519,0.8879311738292275
1626,0.007290706952440141,0.01276765137758761,0.04072063733001541,0.313542523269313
1627,0.00723367387904573,0.011739419692781425,0.04143835230845979,0.2832984189476274
1628,0.014703268408674358,0.025597246966554216,0.040934554641262916,0.6253212522007419
1629,0.012023981244654048,0.04024471858554218,0.04783904241574195,0.8412525952296074
1630,0.011435623007382297,0.03173853245956342,0.04477936430878277,0.7087758602535232
1631,0.010013333134530688,0.01588367197387096,0.040997595104984484,0.3874293585562004
1632,0.013657328192096013,0.02622976131102912,0.052152735960752906,0.5029412326664531
1633,0.009990438672932717,0.022378742692177885,0.053462574520017556,0.41858707503505643
1634,0.006185868932027035,0.005922219185167314,0.041031712785639905,0.14433273151687553
1635,0.011384612394309181,0.02015018945128808,0.05047071584983015,0.3992451684506054
1636,0.018924402563577556,0.026278146062899414,0.058620213382179154,0.4482778984712482
1637,0.002061538570733151,0.0067365204770237904,0.036234917187976674,0.1859124016229041
1638,0.016424589683880608,0.042857227701900945,0.06524524170690463,0.6568636513667102
1639,0.004465777090161513,-0.0235244771054809,0.007585603203976663,-3.1012005865464296
1640,0.012793286054854375,0.04040515803554952,0.06113860651901803,0.6608779678840231
1641,0.01428078459518097,0.02440898287206645,0.05327312519116092,0.45818567588214987
1642,0.012201273863394714,0.031738371181145794,0.045919557839730014,0.6911732750546101
1643,0.003957690607791611,0.014999387808598953,0.03673397522196089,0.4083246563424418
1644,0.016655498406723954,0.04571634464783882,0.07405837685065093,0.6173014666528841
1645,0.006851890047868373,0.02786484373524949,0.06071368524490341,0.458954906506661
1646,0.011403001247952977,0.04580748297318749,0.04523103014288117,1.0127446319149787
1647,0.015156219234126349,0.055833394746037525,0.09212449693186746,0.6060645822286579
1648,0.013803096965237294,0.01080615302308495,0.04098375671499889,0.26366916772005444
1649,0.020014427836035097,0.03428183663327672,0.04516436594306656,0.7590461178286401
1650,0.016924456377230133,0.048425953449260296,0.07349463429736346,0.6589046113669488
1651,0.003661236467260517,0.01884574788076449,0.04782663180598842,0.3940429666302529
1652,0.010976303760248338,0.03528932474153309,0.05030119932830039,0.7015603049782285
1653,0.00951471373289288,0.032259555738431415,0.06758601087076105,0.4773111376571493
1654,0.011258825953377564,0.028936493029046835,0.05343490339574424,0.541527937549363
1655,0.013063227374904639,0.039082724714539475,0.04602887113290095,0.8490915321754123
1656,0.007963964448109578,0.009302953144529627,0.038690985551184054,0.24044239276931342
1657,0.008966830735297448,0.023014677217013762,0.057388150693276595,0.40103535205413204
1658,0.01004198801661337,0.014518864240890364,0.04950882335917752,0.2932581155394997
1659,0.012973615937000176,0.01477870715036936,0.03585224133380757,0.41221152710565656
1660,0.0074689751445999875,0.004316637464649058,0.031893875532152074,0.1353437734557368
1661,0.008380417832247501,0.00570294714352318,0.034602903195790825,0.16481123307066614
1662,0.015050565468686095,0.029031758196357532,0.04570619963037146,0.6351820635086477
1663,0.012664991795212525,0.021105930300440213,0.047272002064083364,0.44647845191384894
1664,0.015396471760727672,0.05641983706318719,0.0608935469617486,0.9265322826181952
1665,0.008220728318962152,0.02258517816689318,0.04421103784947767,0.5108493097082998
1666,0.00720790300538376,0.018303932625874354,0.03899322732222657,0.4694131233256733
1667,0.013990050290127516,0.03636952119607876,0.06662831005847951,0.5458568762160907
1668,0.005996732318735344,0.010429978910149008,0.03701554846026667,0.2817729128434983
1669,0.006520263159859413,0.01393687951630844,0.03938896447518615,0.3538270097221837
1670,0.013386129815175908,0.012612759267044249,0.04555722077762848,0.2768553272511725
1671,0.006477328236506185,0.010666941600507443,0.030519591365818867,0.34951128514958213
1672,0.0032928148987475077,0.017116614614292678,0.044094325512588385,0.3881817992522892
1673,0.013586893024052157,0.02244129641911474,0.05420240470207284,0.4140276901452036
1674,0.01364134824018586,0.019026682504647705,0.04027373058723276,0.4724340712225796
1675,0.010035686555241233,0.017159819699011876,0.03799060246385724,0.45168590614842313
1676,0.008581142619723838,0.012134071783483127,0.052992452065260945,0.22897736018216044
1677,0.00638050329406439,0.015057870063879781,0.04109750507766279,0.3663937758612017
1678,0.001855259543751952,1.5006481694309812e-4,0.030220874911949865,0.004965601339482063
1679,0.018084276229097664,0.03604717918881297,0.057247933339351936,0.6296677816321157
1680,0.006778626937963048,0.02912057404458519,0.04568800459184809,0.6373789861197188
1681,0.0034616646712980386,0.025475652793366402,0.045576211849691226,0.5589681932624024
1682,0.011637207756293594,0.02433986540267351,0.0457692687310423,0.5317949374656575
1683,0.012817485500383667,0.03539031659910682,0.0574316298568679,0.6162164766576741
1684,0.004593291992613579,0.006460541893235543,0.042267405610007365,0.15284926529074508
1685,0.00828175601066397,0.015872917900255783,0.028286468148991356,0.5611488085627891
1686,0.014943824921914617,0.04810093105451365,0.06698813933517504,0.7180514570473546
1687,0.008355240990899876,0.037278595902909724,0.05506163802319763,0.6770339067501796
1688,0.017331106091374497,0.030294757681972487,0.050104194201949476,0.6046351640716291
1689,2.1790811990177484e-4,0.0024143601770032193,0.02844224903783002,0.08488640169741729
1690,0.012715019997863019,0.04018060182442691,0.06858153178176976,0.5858807871524919
1691,0.0030847875528841606,0.007498700780095721,0.030610838347081212,0.24496881447909555
1692,0.0050780672452231355,0.0066943282986295545,0.030254939545483087,0.22126397868241598
1693,0.009310427479754508,0.014521698138571772,0.041385744396152974,0.3508864791597573
1694,0.010131789263186128,0.024715026505596465,0.04765291092287625,0.518646731688573
1695,0.007147792714002113,0.020559282646210802,0.036498984879931445,0.5632836834734846
1696,0.010836552389134991,0.015100682665538696,0.04337125387146849,0.3481726101414971
1697,0.01103635372810855,0.029460831976836944,0.06436864362886557,0.4576891839868672
1698,0.004221646237340922,0.00641794477752388,0.03504230602387562,0.18314847125503378
1699,0.014979595412116967,0.07047262037041581,0.08098493321541143,0.8701942148049443
1700,0.01116780148765631,0.02384865965896822,0.059603435145718815,0.40012223457696494
1701,0.008580816180050984,0.020584125079930453,0.04834241379762496,0.425798454460744
1702,0.011209986269145404,0.026283942383178677,0.042749872586894055,0.614830894051287
1703,0.01675692978824247,0.030941376478572976,0.07264117608982872,0.4259481762838008
1704,0.01833846236589995,0.036214458585537325,0.0777607904855279,0.46571618368870893
1705,0.009185373586461015,0.007487947836942026,0.033773631611736084,0.22170988074436213
1706,0.010487222514053285,0.015166800322881096,0.04989672942081437,0.3039638168459651
1707,0.01361429719995758,0.023105530277563423,0.042984921800661706,0.5375264001808127
1708,0.0214256052649469,0.05022961565742909,0.0656497175463483,0.7651154876937176
1709,0.008163240150335972,0.017424457116727063,0.053410144227940604,0.32623872053900493
1710,0.012635700562268832,0.017171015554332245,0.03929394891207704,0.436988799286974
1711,0.01248215034273551,0.04002292342160291,0.035274345924353495,1.1346184421798444
1712,0.01040225915236883,0.01152744980928847,0.04432607483687607,0.2600602433603814
1713,0.01089719257770435,0.04094251630519636,0.07427338303142722,0.551240762627877
1714,0.008748998725364528,0.009108365767702778,0.037871883370991156,0.24050469522409706
1715,0.015234786074793312,0.03390720881822474,0.06515339737660149,0.5204211934219385
1716,0.00516389225466977,0.008645655015524374,0.043894800107894746,0.19696307977876862
1717,0.003902315636933498,0.011029878204979856,0.03498620975749165,0.31526359332531045
1718,0.005635199763804527,0.0020090900176480833,0.028299819188677917,0.07099303370997763
1719,0.004558133308610118,0.0012771017920619463,0.030800352752582857,0.041463869012177176
1720,0.011406038328794266,0.02333873297372941,0.03571984463889538,0.6533828243003005
1721,0.010729302120182438,0.04499304298823557,0.08801135677304789,0.5112186044837113
1722,0.014493586165631435,0.026741756841798314,0.04785271782595896,0.5588346505011164
1723,0.013717748276476316,0.052442129172958186,0.07477125139448415,0.7013675469503621
1724,0.009492042572052556,0.037754868493365845,0.06412456815415196,0.5887738440998963
1725,0.013382337804216686,0.0266503627804625,0.06456671097613194,0.4127570132899322
1726,0.009706235860816285,0.017501715645877762,0.05160492284669095,0.33914817967797856
1727,0.007890057384517469,0.014183397618355117,0.039459191501725464,0.3594447092950424
1728,0.012033969903556412,0.02400120849277882,0.04752573729499025,0.50501496365652
1729,0.003213597805129468,0.008124868913515666,0.04210815446036042,0.19295238695783304
1730,0.0012428360120130789,0.009660461821584495,0.042650951718181986,0.22650049840426578
1731,0.0019543053183560762,0.0030034194798119634,0.02529225875789696,0.11874856684653405
1732,0.009313722007780178,0.03952159593277165,0.059206833919377345,0.667517469125079
1733,0.00902312358970877,0.013203847455482419,0.03541222532288711,0.37286127418117104
1734,0.019259658240618628,0.03475129721520086,0.06827243975691705,0.5090091600495354
1735,0.012312412383929027,0.024406616777987368,0.04262459812390812,0.572594648447787
1736,0.010750095667166967,0.01817794909512433,0.04252312231145457,0.42748387481950467
1737,0.0059335689536266995,0.004726542187176443,0.034710196476709566,0.1361715768548858
1738,0.017907024163151337,0.03406206107333675,0.05017623507473789,0.6788484832032744
1739,0.014572620900256199,0.04660215966236452,0.08648342875086663,0.538856522405138
1740,0.007752317396870807,0.013560749814872021,0.03790973616359591,0.35771153237131165
1741,0.01824960169216048,0.023647367425259642,0.06866897905665055,0.34436754048361534
1742,0.00826653073211325,0.018934728282512827,0.026774200022196486,0.7072005238929814
1743,0.01424320713239351,0.036653256485313014,0.039228622725102864,0.9343498175340772
1744,0.013175373141992568,0.0946461251240183,0.132374132195268,0.7149895795683382
1745,0.014289131030397946,0.04951723428390203,0.06432149502189419,0.7698396044284577
1746,0.003982416400297548,0.0027412919125324687,0.03501631753991628,0.07828612787188653
1747,0.013612696842232229,0.0665041538763464,0.1432377755818941,0.4642920040204312
1748,0.017051705618625117,0.039411432475463956,0.04248351768760174,0.9276875979355559
1749,0.012490502697857923,0.02480551177733543,0.04650324113993387,0.5334146861439754
1750,0.014524992977873094,0.030131044340719077,0.04907761025660413,0.6139468524073968
1751,0.015903877770547702,0.09064087266502055,0.08228812186702118,1.1015061543329125
1752,0.009794717655448775,0.026291411732649247,0.04967491371542744,0.5292693991028308
1753,0.017259496338061463,0.04294114132101987,0.06450440006317797,0.6657087156684156
1754,0.012586731834781708,0.01735457564331447,0.02773145050551279,0.6258084350785951
1755,0.012483487997399945,0.02044241167572066,0.04197448420536865,0.4870199613580009
1756,0.009138184294057624,0.01853352562050188,0.05591959194395314,0.3314317035624578
1757,0.011794000370973024,0.018177327279774964,0.04155324390568443,0.4374466484742562
1758,0.012540854676284092,0.0359257874235565,0.05744984809365455,0.625341730494925
1759,0.00789511575309193,0.020416990373154607,0.04365424855178717,0.46769767091360803
1760,0.01501838747109507,0.024085193593120856,0.03929291902243647,0.612965241380211
1761,0.012424603483998393,0.06517566966721729,0.06725322315077387,0.969108491961806
1762,0.006375942786148148,0.023450246290630812,0.043657835641150736,0.537137170137844
1763,0.00809459639277747,0.005333475743662545,0.025691632016881672,0.20759583276601423
1764,0.009019362402988791,0.01131889454451364,0.047008522687878855,0.24078388124781927
1765,0.003767299497223994,0.010762913462915172,0.039008718777359265,0.27591045797592273
1766,0.014840186378209391,0.09457790177000344,0.11022841715311205,0.8580174170389351
1767,0.011273917455030232,0.020624839754140326,0.04474261924685424,0.46096630240507014
1768,0.015584361895959964,0.02673929832147078,0.06728421563347338,0.39740818956902846
1769,0.011995280834105221,0.0405483489724927,0.058839891020767913,0.6891302527766563
1770,0.007549664652042119,0.03706255659945345,0.04915664106755591,0.7539684525742599
1771,0.013780880885032458,0.020333703101211565,0.04233168634838765,0.4803423830996528
1772,0.009846428137041738,0.022256820158026085,0.037387273758013456,0.5953047098882314
1773,0.01571831137495534,0.022006130741095722,0.04271595026605658,0.5151736202526314
1774,0.002242685618055781,0.030789606758068126,0.061318828878261865,0.5021232029593335
1775,0.010935584712499362,0.03179866258284666,0.04998486646782816,0.6361658003690633
1776,0.006928494816123152,0.006801987125192836,0.05485392484027088,0.12400183113604978
1777,0.016539322426557385,0.021962758666078167,0.04709492803735162,0.4663508276020553
1778,-2.976931274343223e-4,-0.003434588189722363,0.02511454232058966,-0.13675694925591314
1779,0.01271672039935779,0.08939658598113555,0.11495559139658465,0.7776619205300486
1780,0.015779976077297597,0.043329570470026675,0.07657882803440233,0.5658165785791507
1781,0.010466116568167767,0.01930738531868048,0.041361719679853894,0.46679358276499694
1782,0.007227524582249918,0.02138666879711188,0.053121269791709426,0.4026008580173223
1783,0.013072402612243217,0.016176913490553484,0.04317655514836083,0.3746689247200776
1784,0.008939362107881729,0.01037116726318499,0.02738498025504127,0.3787173540603804
1785,0.006660877997470198,0.016102304073317183,0.041818062466679184,0.3850561963780022
1786,0.01699652343133473,0.029383752347832776,0.04231279423102917,0.6944413121808164
1787,0.020699189232790047,0.0342261884855499,0.04539596651877481,0.7539477867795736
1788,0.01215027416481489,0.010196998956951248,0.04681175843520692,0.2178298636455863
1789,0.006921793114203413,0.02783811838371419,0.05718475428934145,0.48681014248762594
1790,0.014955847825958619,0.032961289008256366,0.0543808068183835,0.606119896645479
1791,0.004321813062932254,0.0037694352574977603,0.04439604456318144,0.08490475434435056
1792,0.014703513001468538,0.0189017313214927,0.03545120728561853,0.5331759555946224
1793,0.008998703551019437,0.02938379984951153,0.039321993113115204,0.7472612022738757
1794,0.007033710194054802,0.013242350997816298,0.03557494829274718,0.37223809543852726
1795,0.013724882863052958,0.022523225785217357,0.05147947578217076,0.4375185536177892
1796,0.012266591429443682,0.027213659490793865,0.04923328463901146,0.5527492161112142
1797,0.010011462191616118,0.09621408971060791,0.12190254818208482,0.7892705373713249
1798,0.004198126781867986,0.013490700163430326,0.03172094844368153,0.42529308943527283
1799,0.01208644869845339,0.009751486620253,0.048006396403587004,0.20312890262107605
1800,0.007563747598678848,0.04757584453984547,0.05278782655077208,0.9012654554755414
1801,0.01255218636459615,0.027392099549769896,0.049750711942490825,0.5505870867020698
1802,0.010415598271265727,0.03480078555555482,0.05313177073202928,0.6549901325719596
1803,0.0037197046090771788,0.011593609668342775,0.03805803803520888,0.30462972520068177
1804,0.004030633419649259,0.007040254519099645,0.03611607110529278,0.19493411945542166
1805,0.004943757654083564,0.007925631977756108,0.03909509399816785,0.2027270219155256
1806,0.011345679990601085,0.04562642899165479,0.06981146716585426,0.653566395951227
1807,-0.0023690412773268435,-0.0013158211628810535,0.029640916267224794,-0.044392054247527166
1808,0.009332397262589581,0.010868851549750458,0.0334325481808421,0.325097910304625
1809,0.006345244001762269,0.009738613120701303,0.036345254604316236,0.2679473077496279
1810,0.010202070357004277,0.019021517863205693,0.03986998216271603,0.47708869759649536
1811,0.011839413276303152,0.011056789266243686,0.03217572544049881,0.34363760614164024
1812,0.00868285920249735,0.017974911284023894,0.037305034152673,0.48183607634456344
1813,0.005739150873188372,0.007423053164938449,0.02837101612212861,0.26164213269572223
1814,0.009092280053898564,0.021184956245633667,0.03906425807727286,0.5423104722410902
1815,0.008071251407095857,0.005979565306108521,0.035880320988580114,0.16665306054568688
1816,0.003777162593594215,0.00811172571431574,0.0326647567044574,0.24833265368264087
1817,0.015369026971406506,0.04216731000223086,0.05417614456724061,0.7783372246043642
1818,0.008411724503826743,0.032680032331180976,0.04789215675863968,0.6823671044066217
1819,0.008058270970327233,0.01525182697856886,0.03698876828461779,0.41233670884119455
1820,0.00915784257556705,0.024833840372467532,0.0516961033748074,0.48038128120444734
1821,0.00884140784570958,0.06628963803865916,0.05908875819058421,1.1218654794681808
1822,0.01888552783976856,0.035734079414067955,0.07270034392406516,0.49152558963671306
1823,0.0072472991109925975,0.009011183813474719,0.038420622971642115,0.2345402837462002
1824,0.014999232683439716,0.02865040994069708,0.04036886249819806,0.7097155621359394
1825,0.011106435391050808,0.048123101064720064,0.06574030762544947,0.7320181910145275
1826,0.011928054997785634,0.02039723558886117,0.046093518554756845,0.44251851948838
1827,0.004336770000121788,0.012786562591971279,0.03761881967822699,0.33989802714017314
1828,0.009638448473028088,0.04389631343312624,0.04696837433842923,0.9345929905266182
1829,0.010244225057707465,0.02596412202551646,0.04864422067417437,0.5337555348954544
1830,0.00786369400423428,0.011090626441572674,0.037829882345470744,0.2931710529863839
1831,0.0026373045704148447,0.008182744645760636,0.039193190093903464,0.20877975551761657
1832,0.006046431519235186,0.016648237328164027,0.034054633702288714,0.4888684891960869
1833,0.008301341395612599,0.00536149131088436,0.044577154522360475,0.12027441787911713
1834,0.009065488657497966,0.00866795375643728,0.034903411731392206,0.24834115997437875
1835,0.006982383222805635,0.008882681545132274,0.04214615319295592,0.21075901054279084
1836,0.016074277328715345,0.03232620127253226,0.06320335490545345,0.511463375969351
1837,0.016845138036122663,0.040685186621726814,0.05455386442482151,0.7457801028521717
1838,0.010590332120035116,0.016831146840624773,0.047948238681208635,0.35102742673259146
1839,0.020593374474156385,0.04494679500848342,0.06596050760290179,0.6814197865042823
1840,0.00852665902524006,0.025661306035296153,0.0574076116630972,0.4470018050200784
1841,0.01482636115415903,0.016750989241952903,0.04510711072406958,0.3713602794118759
1842,0.013134587880324589,0.021415504570644922,0.04038811747378942,0.5302427028083914
1843,0.012712183100908117,0.04279764960326068,0.0664247152004623,0.6443030952274647
1844,0.017135504013786804,0.039721323405639324,0.07831644288327758,0.5071900860568933
1845,0.012564339916258034,0.038333373159843705,0.07153962579133981,0.5358341301875266
1846,0.01191297192106932,0.02783254501876934,0.056056770946609054,0.49650639073160824
1847,0.009241804666819235,0.004480609748649912,0.03222400543994102,0.13904571103058108
1848,0.007358709673260608,0.007544832392162004,0.041863155291883856,0.18022608041742005
1849,0.012153213229769935,0.03467361150716256,0.058640628431923615,0.591289903166973
1850,0.007041038825906284,0.006372859233360158,0.027657106360693025,0.23042393337350092
1851,0.012983878179684685,0.03314077870134894,0.05117704731649154,0.6475711366542535
1852,0.008883109984588855,0.033786850057446735,0.055992356757795576,0.6034189666921412
1853,0.003580466455699356,-9.365595534470215e-5,0.03778613615966483,-0.002478579840737357
1854,0.010472731092523927,0.004377286690520053,0.03683056871054261,0.11884928318435307
1855,0.0098645872504571,0.009713115332734761,0.03841571913895684,0.2528422101796561
1856,0.0072438341022566894,0.023409347687341826,0.043528850484117344,0.5377892461433905
1857,0.009640066977224988,0.026983003476122865,0.043699356795655696,0.6174691220811135
1858,0.0077965016035739625,0.007995126730730422,0.0363280986340465,0.22008106758544838
1859,0.008947445083768612,0.024392161006337395,0.04624534855974683,0.5274511224588103
1860,0.007395518880276605,0.024034179104934047,0.05486336238791193,0.43807338921373706
1861,3.0932979899952025e-4,-0.002698759410659465,0.023110328817097108,-0.11677719655217163
1862,0.013491970973008,0.017185277900044666,0.054062613088610906,0.3178773077778773
1863,0.011110489711072528,0.007094391001762545,0.03830645776286068,0.18520091431269797
1864,0.01623685757134529,0.0458245422079275,0.0701527698016605,0.6532107333393248
1865,0.010316878598317243,0.019401176306881884,0.040319899133037934,0.4811811716806764
1866,0.01109695250765366,0.03279138598821421,0.06129316249668071,0.5349925612010966
1867,0.015804575528955724,0.033028081402393134,0.053426502199778556,0.6181965886310639
1868,0.0034614936706422158,0.004502147162455898,0.04170128518598451,0.10796183240820205
1869,0.01635717041942683,0.041275850783809395,0.06456879683044905,0.639253831726112
1870,0.014882780280855915,0.0399243863324687,0.0694441359407652,0.5749137172147061
1871,0.0075529672448719195,0.018222891251008937,0.04467373675692036,0.40791061088450475
1872,0.007307260593600952,0.025668780248593544,0.047966250826163466,0.5351425180513038
1873,0.007053317465544154,0.020906613799092765,0.03474749351628577,0.6016725721322623
1874,0.013031984154770335,0.030211923945554556,0.06662088165799893,0.4534903050465277
1875,0.007423649719979192,0.0655726109276924,0.10909232291162858,0.6010744768979775
1876,0.00515516991270866,0.003983964957165102,0.03706997875265422,0.10747146589286483
1877,0.009443956374709864,0.009122691533164319,0.04288416102773975,0.21272869317096532
1878,0.011051902676122057,0.02264658155869105,0.05870113072265119,0.38579463938592146
1879,0.012964933799852049,0.01750140954383406,0.04802376455314269,0.36443227028708153
1880,0.002867908533865746,0.009816711738667114,0.034696758227739474,0.2829287875896953
1881,0.01210495387899215,0.06724417514472532,0.08491385104027398,0.7919105578291571
1882,0.001391816248283093,0.010709989339536378,0.03450503148323821,0.31038920641875245
1883,0.01599970785606704,0.05770856330345121,0.07988216787413974,0.7224210964626714
1884,0.011496497297260277,0.03198356272522081,0.05096968943144403,0.6275016207081228
1885,0.004868031366127307,-0.0026111539732380936,0.02739496652877477,-0.09531509996536858
1886,0.011631415755054504,0.0184110678623321,0.048477380435866003,0.3797867726514089
1887,0.009795590033766228,0.01626224056956108,0.041611230497789094,0.3908137388637217
1888,0.009313831423022303,0.03363834163109383,0.06363029821604176,0.5286528992349325
1889,0.01597822598304766,0.032546596057753736,0.07209301535064669,0.4514528335297573
1890,0.014869738452025954,0.044155873265753195,0.0704787568159857,0.626513225553064
1891,0.00936134344629993,0.01832828800882131,0.050654238351652385,0.3618312821442991
1892,0.008379825744984831,0.049494574046476524,0.06086689316071114,0.8131608412440655
1893,0.013516504535145664,0.027477309398897996,0.04514209339741743,0.6086848732732889
1894,0.010318165440378073,0.02764838253554419,0.06488979084142285,0.4260821644981271
1895,0.011371292363005318,0.02673985762986216,0.05188333093095053,0.5153843662321754
1896,0.009134358174360284,0.009189565120403642,0.03635139751800707,0.2527981246347266
1897,0.008383663419022462,0.0035624600884032256,0.03764422230778997,0.0946349763657097
1898,0.011612210974466006,0.009325388226781637,0.039306618520084144,0.23724727737688067
1899,0.006240115569659971,0.1317779964893606,0.11885594262035064,1.1087203010983266
1900,0.013049695566240074,0.026449730093700007,0.06257170359669852,0.42271072343147104
1901,0.010393799877111426,0.018104490593695437,0.04135793005877661,0.4377513712114193
1902,0.014049646319468062,0.03126001470921152,0.05062655751734171,0.6174627753132071
1903,0.007066600933497785,0.002527316420136362,0.038582063522043186,0.06550495721133277
1904,0.01180251010146269,0.042222858631519686,0.06845845230154073,0.6167661875489028
1905,0.012591993635091354,0.019589010614495354,0.05190740123864873,0.3773837669975655
1906,0.01806965282008324,0.043566143034199534,0.051204327299589264,0.8508293211099172
1907,0.017786485092071147,0.027862313005229726,0.053264448912115486,0.5230939880970437
1908,0.014382016311763843,0.045443241886302915,0.07612222602444596,0.5969773121415187
1909,0.014177920769267023,0.0452965889054242,0.06834939764396142,0.6627211133794988
1910,0.02055238162502873,0.04100235074386742,0.045023058688448754,0.9106966949446085
1911,0.015259562589222083,0.035334443024385945,0.06077001094025532,0.5814453951493314
1912,0.0161271002739242,0.013081020257934808,0.04109491503573292,0.3183123811440072
1913,0.009907377788407007,0.03802535080914256,0.05298883512235461,0.7176106196963868
1914,0.01139950805200068,0.015504951991161031,0.04459326442539126,0.34769717335007577
1915,0.013227176596904318,0.03353049482007288,0.055240250602184376,0.6069938940274644
1916,0.012896922129419262,0.045840733636413465,0.06974692938218105,0.6572437531296519
1917,0.005335700412898022,0.006622192018770521,0.040365838805572575,0.164054364153491
1918,0.006837363493565793,0.025262306542747946,0.04543382326911529,0.5560242287582386
1919,0.003792440078163825,0.011700550933786974,0.03516511601680119,0.332731759741577
1920,-0.004480759545929629,-0.010824176759145357,0.020486449807568943,-0.5283578590149987
1921,0.017533403410345965,0.051085514219336096,0.07400901449715708,0.6902607008947329
1922,0.01157689957408355,0.013119692096460859,0.03835254733061359,0.34208137423999785
1923,0.01205959312721413,0.010845615846458491,0.04003026339488508,0.27093541052853287
1924,0.010165894423301925,0.010610024505303338,0.049133359602095736,0.215943395510263
1925,0.013932256190791725,0.0241862863427216,0.05371070580448139,0.450306619145258
1926,0.011240052625139151,0.11675061819758537,0.10661394097104561,1.0950783465484377
1927,0.010248370472761248,0.04379069461083583,0.05969960071508862,0.7335173784465207
1928,0.010284624280589879,0.012960203677130742,0.025219215839383875,0.5139019293728908
1929,0.006608981365269247,0.07091492042092962,0.07718039523555867,0.9188203844317395
1930,0.004913566449862654,0.0044911067462484735,0.029583641218326334,0.15181047907876682
1931,0.008798595865904818,0.015439273658123401,0.046589440524902985,0.3313899777326324
1932,0.007855976497312964,0.01303366552158904,0.0366200697579427,0.35591591189588345
1933,0.00852305386556652,0.006018985650373388,0.03698967756248443,0.16272068444516388
1934,0.010042142145264579,0.0192770508323793,0.0462542035564463,0.4167632204250271
1935,0.007762899819521692,0.029296740565676962,0.04084753315458858,0.7172217831319865
1936,0.00981148884421652,0.013860175387285836,0.044446537507655176,0.31183926048004645
1937,0.004290107779521848,0.005123967195679215,0.041580945756181716,0.12322873139357227
1938,0.00921292465611623,0.03415467636514402,0.043252764184246256,0.7896530316456402
1939,0.016548712898300698,0.05750578144408358,0.0827933315300966,0.6945702073020141
1940,0.007827855266381623,0.015594545516957893,0.04003209716940951,0.38955105077219015
1941,0.012523228422517062,0.0366415907933467,0.07318344893979996,0.5006813879937216
1942,0.010567062839923196,0.02386441253048306,0.0497584209702638,0.47960550325229784
1943,0.007418872280710233,0.008095522508129277,0.0591674000729882,0.1368240365157627
1944,0.010988046569861187,0.033952689984658266,0.04507461642386929,0.7532552172019948
1945,0.008469305216876503,0.02048494384457533,0.05176378495767555,0.3957389101535902
1946,0.008064215181923925,0.02357663780730633,0.04629802886791362,0.5092363192085242
1947,0.01716863019062775,0.02832574278567713,0.06638298508937819,0.4267018536081089
1948,0.005647365882895737,0.007935755077907293,0.04069709913556021,0.19499559542250539
1949,0.016193800814608233,0.026469439572185127,0.06402230269626324,0.4134409175777749
1950,0.013501455205093226,0.0386778598918829,0.06796100185047187,0.5691184479149104
1951,0.01201646694744069,0.021989683801884475,0.04053797731028331,0.5424464973565992
1952,0.007508123638339337,0.008550248211846941,0.035321088391419425,0.24207204820800649
1953,0.017308664263347005,0.04379936357784268,0.06457750163841672,0.6782449377351993
1954,0.014317093658276556,0.023835183730658783,0.05734832566117751,0.41562126628562124
1955,0.007448659811925806,0.022155789402145593,0.04573422993835892,0.4844465388836196
1956,0.011875470221496705,0.027302996510501627,0.03961725891721149,0.6891692473615331
1957,0.009776029898281902,0.06049586860874178,0.06530732552153277,0.9263259232503008
1958,0.012477497793557621,0.02263523997786241,0.049610046423091934,0.4562632291213985
1959,0.011207404091949955,0.038269077612498266,0.06093331637462722,0.6280484944757349
1960,0.005109793324529475,0.004385595385502135,0.05000825311087194,0.08769743217742382
1961,0.014521994637886457,0.03629112112374195,0.04782953422601699,0.7587596599257976
1962,0.014669087421384275,0.03706018687604735,0.06297360721623642,0.5885034781125283
1963,0.013524631968583577,0.020096057296363958,0.04370769115587307,0.4597830899988781
1964,0.0076976070571917864,0.020691499908209655,0.049682237085935756,0.41647681589738816
1965,0.016076596133473266,0.019095716629698126,0.04351813555970913,0.438799052029649
1966,0.020091738877826667,0.057556696655440824,0.07562811287525478,0.7610489600656576
1967,0.014399883207444982,0.028545516088390597,0.05865558943098277,0.4866631870092916
1968,0.006703603116738032,0.014920195805464782,0.04481826053938441,0.33290439267167765
1969,0.0098381809363965,0.037585251393488124,0.06185193272629495,0.6076649465394895
1970,0.013169916414411316,0.0498098163751598,0.06658931776165648,0.7480151178818853
1971,0.007600329369517387,0.011497286027491754,0.03768107038763508,0.30512100397404185
1972,0.00784345004892381,0.016427988681160115,0.038707962888546936,0.42440850551763065
1973,0.011265012256854726,0.07276875966409375,0.07381929085535209,0.9857688799352349
1974,0.01083450519660835,0.03266964616597095,0.05246974860070531,0.6226377491263947
1975,0.0036747971068793787,0.04991639577092283,0.06974085833278214,0.7157410586020749
1976,0.00575488510203342,0.01919629233932112,0.04415453521668929,0.4347524494395631
1977,0.011574335679184306,0.03143648114606865,0.048686054134126765,0.6456978636934365
1978,0.01824949419898588,0.0228280028236644,0.06818428163028763,0.33479861161321006
1979,0.008058224063118189,0.013662387403259077,0.0488545324194534,0.27965445019424334
1980,0.007277009656094094,0.00695704321946874,0.03346986918337564,0.20785988679406842
1981,0.005597710511211525,0.01246764188068535,0.028408007215370765,0.4388777356385443
1982,0.013750365229259879,0.020631355877016016,0.0520644502663282,0.39626570090492236
1983,0.014534222990270844,0.06225219627933284,0.07053134253890912,0.8826174866158398
1984,0.01195004193554867,0.0177563100850026,0.05114586307967311,0.3471700156343532
1985,0.014936018052068468,0.05116442231041827,0.06508794135642963,0.7860814345046735
1986,0.004826477917917928,0.03276192111710711,0.05298863424646096,0.618282044498915
1987,0.005201459292809581,0.011619117495541738,0.04547631947229635,0.25549819401325935
1988,0.01644745161558663,0.04159728191926485,0.04503256172171065,0.9237156477200893
1989,0.012738322874357893,0.02948217598904168,0.05692813237096555,0.5178841244417525
1990,0.01424863732058328,0.03909404716908285,0.06727612178171001,0.5810984065926216
1991,0.010444530455796209,0.016320310250848173,0.03260148298015154,0.500600241430254
1992,0.010357544217108891,0.007403176247566693,0.03847259575480762,0.19242726159545853
1993,0.0065863150318309725,0.020352469801621295,0.05613093494372997,0.3625891822757665
1994,0.01221811037477065,0.01801837551278764,0.030792794408957585,0.5851490862922826
1995,0.00736956339716878,0.00921244240043359,0.041268519032739884,0.22323171793795193
1996,0.014852266260331195,0.04985084072695293,0.07319034856664257,0.6811122190730088
1997,0.009579847175458945,0.01429345777168147,0.044595794331255025,0.32051133937676896
1998,0.014714908756656871,0.04512462949547835,0.07374672758025405,0.6118865334922418
1999,0.005032745111827285,0.012393296931694373,0.0494470388942338,0.2506377977092497
2000,0.01603054922881737,0.02554454428172177,0.06678913501702534,0.38246556532301496
