replica,impacto_PVD,acum40_PVD,acum40_INF,elasticidade
1,0.0044036837622508235,0.002039153438667579,0.0281266001925542,0.07249910848476429
2,0.014395096386021036,0.014302019075412235,0.043251408866584254,0.3306717503591398
3,0.006292580261194585,0.011417290175516915,0.03456790663842231,0.33028584273097317
4,0.007250581703626884,0.0098975889530571,0.04050048357539893,0.24438199446757125
5,0.008289787162424126,0.012500613997520693,0.0416080809693533,0.30043716764366285
6,0.008743712568462663,0.03218087079763352,0.06572838717005802,0.4896038406415247
7,0.015249665727359665,0.0274175549299979,0.0642732598331807,0.4265779423847387
8,0.009389837773384126,0.020139623651094663,0.033169865914784054,0.607166266599778
9,0.006361412489387318,0.005352557183820236,0.027609915126611255,0.19386358702208695
10,0.010860823805170386,0.0172281208342118,0.034322655830745716,0.5019460300265899
11,0.008188541092548213,0.01422675006518105,0.04061282751867283,0.35030188574385573
12,0.013958855304228447,0.03146007254212789,0.05628152589880951,0.5589768941000469
13,0.01068939911970403,0.007956614807960007,0.03400661688426566,0.23397254819668378
14,0.00938360463378557,0.017767893788210032,0.04530717899729478,0.39216508688989277
15,0.010640437497684539,0.010502839234863911,0.033912419045755336,0.3097048081616727
16,0.008861639088024774,0.00658597195225985,0.0424627299110339,0.15510005988918985
17,0.010641622267854567,0.03364787827495033,0.06295494712800488,0.5344755227342953
18,0.009393840758675269,0.003975197214250525,0.027466990042434324,0.14472634999718426
19,0.0061437407034672245,0.019897472501912313,0.04088350033700439,0.48668710697216777
20,0.016007269277385754,0.010275188185963157,0.04270903346131161,0.2405858281778031
21,0.0180452169297315,0.01811061422767412,0.03544968114531919,0.5108822884311178
22,0.011225851312934798,0.014703632672790066,0.04170836656943723,0.35253436857353443
23,0.01991486512290511,0.027084174922796456,0.057810962912069615,0.4684954817997314
24,0.012157369186381073,0.012429105634103472,0.03276525508906991,0.37933797860922713
25,0.018957522578380362,0.017244065237520697,0.04573158249566624,0.37707125571599964
26,0.02026457017993887,0.02838765213431193,0.05018386919488985,0.5656728464692117
27,0.014883621988544846,0.013372538164124233,0.03957590602832682,0.3378959449356059
28,0.009666415663787049,0.009673691083468817,0.03401947936819409,0.2843574111987458
29,0.007492481201521716,0.005679899203232399,0.028429205310701516,0.19979099454793176
30,0.016541025706272187,0.021227431764596967,0.047586710441568134,0.4460789907018724
31,0.01667799206530286,0.018694858289292803,0.047154636334880984,0.39645854029127436
32,0.007673184932305698,0.01703165872348419,0.028332194582055305,0.6011415273235308
33,0.015076550226826678,0.027421904737837746,0.041623627225803816,0.6588062253459264
34,0.012842667374830344,0.01947889715417924,0.046304758249691075,0.42066728972306416
35,0.013440337426275857,0.022911428456726397,0.052470749548061954,0.4366514420713597
36,0.011248950197174952,0.011563717510312179,0.033752564673835944,0.342602632483097
37,0.012402465577048334,0.008743087028527675,0.02996804272723456,0.2917470155827719
38,0.0030139599309851766,0.007234807010513303,0.030582135187165488,0.2365697151698407
39,0.0037787477086148285,0.010203638191123542,0.03312352242814208,0.30804810126275783
40,0.009702228952174827,0.017008745572725335,0.038205160259989976,0.4451949803895365
41,0.012423987931530973,0.015821686239072253,0.047731329118889484,0.3314738250775188
42,0.014146419611502929,0.006698292718363373,0.03559783839202595,0.18816571513690042
43,0.01070636539321695,0.031143852381035755,0.0467378237504358,0.6663522150139769
44,0.008225453452719227,0.009241184782874097,0.03266721315496565,0.2828886792098263
45,0.017962686397166843,0.028360312040187206,0.044440760256340216,0.6381599206809504
46,0.010379112655287967,0.004702091598535181,0.028267501050381092,0.16634266998538907
47,0.011844078778779746,0.008259738326479056,0.035313129778566765,0.23389992272767304
48,0.006461415539163352,0.010809482457258726,0.04522332268042117,0.23902450807619555
49,0.012296209385867571,0.03168108901423167,0.048543562734283334,0.6526321355448693
50,0.012775566231908123,0.02184258612202037,0.050976249439686885,0.4284855469381612
51,0.015073167394301359,0.026434893295842934,0.055382653169281953,0.4773135951981635
52,0.0052850811882309634,0.003562977679491413,0.037471945636165446,0.09508387192077537
53,0.005425096776152542,0.01003459279216928,0.04613893786596002,0.21748642808642793
54,0.01114173998538783,0.012066489443205757,0.035354918747227716,0.3412959178177131
55,0.0160275628492685,0.02788410117651446,0.038240795740466335,0.7291715728343895
56,0.00792160722778734,0.013415275599417308,0.03421594679343349,0.3920767027259899
57,0.0039945720606995565,4.6643646626968327e-4,0.032451108568923664,0.014373514090558972
58,0.013276286778087116,0.015543885379542105,0.04122544541113538,0.3770459051327449
59,0.006377014213222213,0.0064314159161928735,0.03463389097214774,0.18569718087306333
60,0.004695267298509658,0.0027558890589947796,0.03435444826501992,0.0802192786720099
61,0.011777020976311345,0.02387672446967277,0.045841833410323815,0.5208501208046276
62,0.01004270825458078,0.012111679985464011,0.04608474290916631,0.2628132266970938
63,0.004238485826803295,0.0014592853161594136,0.030901660532166798,0.04722352427114342
64,0.007163905295239658,0.013323743888417497,0.032029574629008135,0.41598254247031485
65,0.005770944585366147,8.417376082385393e-4,0.03566607520811273,0.023600511223255505
66,0.010650871636643494,0.010202283348752703,0.042064071376951416,0.24254150905475455
67,0.010074632364997286,0.030428505066217353,0.057030445585668825,0.5335484363436874
68,0.0029859031126978786,0.003526892612042688,0.03253838220533591,0.10839176298889006
69,0.0012955924853932294,0.0036406209925108498,0.024990492882876914,0.14568023966447438
70,0.007179749936827491,0.0049052645971348315,0.024856583241740518,0.1973426737467942
71,0.01642470267513533,0.0078534649620134,0.030860724061830415,0.25448090415113855
72,0.012668480141461508,0.019263185158511643,0.04235308880863251,0.4548236197258268
73,0.0022122698416525573,0.0018005329786692835,0.026370877118945993,0.06827732617872243
74,0.012855568696754402,0.032687062731982415,0.05269139640046716,0.6203491454952712
75,0.004753061314157469,-5.754120927676752e-4,0.028973607841362607,-0.019859870262557335
76,0.016146450874116466,0.017263245995777134,0.051890044100586806,0.3326889829253761
77,0.0038857432970061754,0.007419664607618823,0.03995585540656796,0.1856965526609443
78,0.010384040078737916,0.01183097484975607,0.03919751904020306,0.3018296856395833
79,0.013158363651497475,0.03617135234473125,0.055605506877975566,0.6504994626540871
80,0.005165778688791084,0.00576948111963796,0.029465812191154427,0.19580254846564
81,0.008126597753197516,0.024852805084454168,0.044271414595858004,0.5613736383020247
82,0.0041900517493166835,0.005978311026792188,0.026344972476053267,0.2269241705310674
83,0.007421863996234612,0.00414331336893408,0.03223266308458597,0.12854393563637811
84,0.019211228579020426,0.028634208449998814,0.05349152979882193,0.5353035996108199
85,0.0044263507284090925,0.008125909355393623,0.035046889723861836,0.23185821678952184
86,0.01690706462349678,0.04278965046692251,0.05485138200633412,0.7801015927361914
87,0.0037091860681638324,0.01977665453732848,0.03790192483949217,0.5217849653039801
88,0.010407808186632991,0.008012860502240945,0.02860480977146678,0.2801228383009123
89,0.008952965395377103,0.006033152996312666,0.030348771825893708,0.1987939752858517
90,0.013148646987543589,0.019137303837277193,0.046016938921707815,0.4158752034731596
91,0.01739217941479355,0.02477270238153822,0.037883015318492495,0.6539263618079918
92,0.008969737629674363,0.023796353718327737,0.049524547864343675,0.48049613261508367
93,0.011820617121244867,0.017751842023020162,0.03172694758229581,0.5595193794478357
94,0.0071432821016928945,-7.124563830657837e-4,0.0354314487175367,-0.020108022924649856
95,0.01856042441067194,0.02083117304837918,0.05455448623128121,0.3818416135396526
96,0.011976368381512661,0.01563485238355125,0.05010793116002454,0.31202350649081545
97,0.008109717972563076,0.010000328273038981,0.028305535979590676,0.3532993786180054
98,0.009805191993451647,0.014932552084229106,0.0339914415065329,0.4393032899578319
99,0.007074562181211423,0.004977260215054963,0.02848005719399462,0.174762999285847
100,0.015289249912147258,0.01106618977305007,0.028130811614051388,0.3933832384531163
101,0.00371467616583068,0.006335853113458354,0.024991231115162084,0.2535230491151921
102,0.010306671903251656,0.009507500802996149,0.03536230483433025,0.2688597603447535
103,0.008098147660910136,0.008502227659815512,0.03781166615104157,0.2248572603453315
104,0.016957954663358553,0.02694689561853362,0.045318990927000466,0.594604934208255
105,0.015165401030545509,0.020961654416557566,0.03659706682494632,0.5727687007492386
106,0.003048943317648745,0.004242882866299891,0.02931956497849669,0.14471165821906534
107,0.010319875282329994,0.009742638851867012,0.039422573935649526,0.24713350446802815
108,0.0032354006105778095,0.0043431087404277365,0.029132516693252168,0.14908113796545805
109,0.010348112973850354,0.01774167982660994,0.03835277091808367,0.4625918649920697
110,0.009850122315769512,0.011609835861276218,0.033989519243327354,0.3415710524812851
111,0.0033075621613359416,6.360737869906292e-5,0.03451081200594968,0.001843114519823439
112,0.0041701191948693905,0.008709007307775029,0.030530919226629885,0.2852520503273547
113,0.01153562359599267,0.010469742317778528,0.043766928548895176,0.23921583407622557
114,0.0073308090416672215,0.025017502360004044,0.04410129684153245,0.5672736212247568
115,0.006814860788640048,0.00464744693680632,0.03219944262269857,0.1443331485971178
116,0.00710419304733018,0.022953622485961504,0.032947455187344314,0.6966736081874507
117,0.013306681171387398,0.00657403032381637,0.04414294533781243,0.1489259557446231
118,0.017662165964093805,0.04103258465882755,0.07821375145678952,0.5246211042759749
119,0.012865949227681488,0.009621944974067051,0.047567508504015546,0.20227977618913523
120,0.008173199839595236,0.016141703860490283,0.031427301360281004,0.5136204243387812
121,0.008910107656585163,0.023079872879233486,0.028661729463957415,0.8052505313141274
122,0.005889335813483415,0.005768208205056248,0.03007713366694878,0.19178051568773086
123,0.005215513866215128,0.007930765593716476,0.03527504144752381,0.22482654217471343
124,0.00816309344520396,0.013040247360736262,0.035493223347599065,0.3674010453496433
125,0.007974770941653346,0.007422534223629464,0.030335053514308798,0.24468505454023065
126,0.01760662669148601,0.02378952115818277,0.047895554287103466,0.49669581054599937
127,0.00707814836720934,0.014661681098868395,0.03502598566507047,0.4185943898643715
128,0.008247376551188916,0.005194779463865001,0.03900160913545632,0.13319397786442697
129,0.007315000068262866,0.021821309750332068,0.04488424179416913,0.48616861682549023
130,0.007485786969636789,0.01118354063199315,0.02683308499804769,0.4167817689545141
131,0.002983004123519964,0.001032280469821177,0.03903764890047646,0.026443202879684127
132,0.011848553707336009,0.011758973329861689,0.037717445586872456,0.31176483844267533
133,0.016857258859050404,0.00893212284286546,0.03376780534631866,0.26451594207140955
134,0.012294033579429384,0.030147352014954092,0.05107454844685167,0.5902617435047031
135,0.024322406955256132,0.052266478597073104,0.06151210054423465,0.8496942574654425
136,0.015759241667881514,0.019996835112958068,0.03523045923839446,0.5676007507493783
137,0.009565132966520203,0.011808061129828512,0.03395322735372256,0.3477743369374841
138,0.008274574304504113,0.007738393756650247,0.03347006358135136,0.23120343759854337
139,0.010903178447606082,0.018257715311293807,0.02430890664672635,0.7510710200432873
140,0.007737602642377027,0.00992413473374104,0.03681760213838534,0.2695486440545329
141,0.013161811969842126,0.02495851034730916,0.05063699208531556,0.4928908554690196
142,0.012185546561055902,0.03562210277180957,0.039166357873681286,0.909507666929292
143,0.018069130713925893,0.029343087696728113,0.041449744702706626,0.7079196242869028
144,0.01314803018425835,0.01965334546625269,0.040149660663276,0.48950215622193705
145,0.020885890908499696,0.026004754299599822,0.04734066034632679,0.5493111863957671
146,0.014985271694236087,0.02750077098482313,0.05104677197222432,0.5387367295190949
147,0.013932250064616085,0.021448855952433107,0.046537247568229856,0.4608965306980436
148,0.014490705760535072,0.04783413471148018,0.08614781410293489,0.5552565112601107
149,0.015304063802568709,0.014874453043241144,0.04010938882437192,0.37084716270228696
150,0.01012261674435138,0.013115113878928124,0.03927740775487567,0.33390986392934985
151,0.017368517059280778,0.0178076918525456,0.057387833842748065,0.3103043042422816
152,0.005048102089823889,0.008917345868949175,0.03346389687245484,0.2664766121810911
153,0.00783262338099504,0.009562916145496753,0.04253628220204956,0.22481786490113082
154,0.0056077582735981875,0.00848796059298742,0.0324259450964349,0.2617644780358503
155,0.015413021157820525,0.02616683463616448,0.04916618369121224,0.5322120342002755
156,0.00794366123128591,0.014459239481398828,0.04132297664856725,0.3499079847119425
157,0.015367279393401245,0.029528794556920066,0.046086199490879914,0.6407296518942417
158,0.006251565641729377,0.006504085324964733,0.02978496520656326,0.21836806858285424
159,0.006132421430992315,0.01380346796232773,0.039735579201699824,0.34738308185368644
160,0.012460253148905991,0.03992707030960318,0.05986537902907995,0.6669475906969264
161,0.011476742156242111,0.01783002412231355,0.04222108393740186,0.4223014299857587
162,0.01037349704942749,0.019329328379606048,0.035611512772742514,0.5427831303589257
163,0.01457811282689201,0.018823341415234177,0.04176509331789761,0.4506955430928681
164,0.0057315606168615255,0.0041433592255251716,0.03208132247858926,0.1291517588868229
165,0.01628933723929808,0.014151475567380277,0.043480418505520604,0.32546778650678115
166,0.006538026532151347,0.003469022605476538,0.03561523806323574,0.09740276337103805
167,0.00931890004360297,0.007650551247400008,0.03167175033210556,0.24155757629993274
168,0.009086946453817664,0.023653638515065748,0.045509498182871894,0.5197516883182884
169,-2.6457452215433713e-4,-0.01591057821806342,0.022987291758778745,-0.6921467037102028
170,0.013277812119735832,0.019391234294660876,0.036851667867295046,0.5261969245052847
171,0.0102785673767985,0.017472162780591955,0.031249547324036498,0.5591173081458601
172,0.00523075781634506,0.0019005046838928427,0.0288663372227537,0.06583809609189982
173,0.01350892362363593,0.02251934822189447,0.052675538463366374,0.42751054623875806
174,0.008038699718093257,0.016193611722935833,0.035117512545122555,0.46112638821239493
175,0.010843541376285272,0.009797247189681148,0.04128954287775531,0.23728156106468792
176,0.010794942292214442,0.0060707667648233965,0.0317923995219973,0.19095025402606075
177,0.01771410488546627,0.02068076955677206,0.04959110230350708,0.4170258089889145
178,0.02071903387550067,0.027451801132336154,0.03873112633418391,0.7087787970706994
179,0.00922525727252781,0.006564693521380291,0.02454787204577835,0.26742413799200415
180,0.011882984404589089,0.02730543144633024,0.05187905039152336,0.5263286671644966
181,0.012591793516673866,0.017115107884184362,0.034310130896793564,0.4988354004147459
182,0.00971954931676054,0.013136634078879477,0.039529882735081845,0.33232160507324304
183,0.016780873769785605,0.02634128357207376,0.047100902244959796,0.5592522078468785
184,-0.001381860120760835,-0.007936885012745922,0.021899356509617985,-0.36242548995721036
185,0.013041475107485576,0.022205687757550472,0.04685348428213462,0.47393887771154664
186,0.01492884546731858,0.020038559754933443,0.03891653836185782,0.5149111559874318
187,0.005413720910470949,-4.909898565230767e-4,0.023120466375835313,-0.021236157114730255
188,0.0026821006835721166,0.0036326179927270307,0.025968239867069875,0.13988695465392423
189,0.0066488609757858076,0.010690644429402827,0.040121396636334045,0.2664574348272151
190,0.012300293416209128,0.019601955910940213,0.044801806048331276,0.43752602048663
191,0.013955043294432316,0.01939478883396301,0.06251328961614414,0.310250651550327
192,0.0043413222221973516,0.006277082202424664,0.02921973017704295,0.21482341432969068
193,0.008246286289560785,0.006966154873071227,0.02823390748285621,0.2467301019988507
194,0.01180624286901426,0.02906783645255658,0.05221645635337611,0.5566796079733811
195,0.010643530636257418,0.02246674845885298,0.0384229387256665,0.5847222831981148
196,0.005605768395593735,0.0046349422197413045,0.02948237744657641,0.15721059904819615
197,0.008090813958363127,0.011703599817602847,0.04210658898932493,0.277951743385578
198,0.008874543889021235,0.018305557650330286,0.03465920592107334,0.5281585992482367
199,0.00922232938894753,0.018930007863625236,0.0411974316078661,0.4594948550144763
200,0.010786789389218187,0.01628573660413536,0.03947141554344618,0.41259570704297777
201,0.019321950945127037,0.021974452977347455,0.050451029125052727,0.435560054144376
202,0.0050692070015033825,0.005089940106590225,0.030693949385073287,0.1658287776113133
203,0.003911301863602163,0.010877752069785506,0.030864470256110957,0.3524360528310634
204,0.013388008447541346,0.014485242059902587,0.031013396871038563,0.4670640278501525
205,0.011962753299607548,0.024914244879596575,0.05394314627077287,0.46186117425441037
206,0.007663787582757554,0.010099501153063642,0.03663841183054814,0.27565335527570395
207,0.016901353909172755,0.029510923298986847,0.04025601331666271,0.7330811192565789
208,0.007997633840806881,0.016092970886681032,0.023165596662433553,0.6946926997472147
209,0.012792395010404575,0.04893109632255529,0.057254376209812864,0.8546263108909561
210,0.012670931823073576,0.025484359698645872,0.04645086082799861,0.5486305150083458
211,0.006295932755475092,0.0031626791131681175,0.03667752061536817,0.08622935956698584
212,3.7224387845291926e-4,0.005805475118663329,0.04550207937843311,0.12758702894389007
213,0.017525198172532792,0.016989582192074828,0.03574819040041974,0.47525712495576683
214,0.015514063474104467,0.012552143341317696,0.038905313521386015,0.3226331368443506
215,0.013016778553839174,0.015506147749420995,0.055757717283676345,0.27809868310302194
216,0.009338713629796566,0.015232435380219367,0.033345895952221434,0.45680090293704084
217,0.006393308856699385,0.001250548131124309,0.029446889015766097,0.04246792014106331
218,0.01051995850200935,0.006979414172319438,0.04467341368636363,0.15623194191783635
219,0.005535065208586769,0.01584485263608407,0.03870021192703165,0.409425474619084
220,0.010744365131979645,0.017762009408801016,0.03525345185213789,0.5038374535151758
221,0.014636577242754346,0.012198433867124504,0.05272881441716126,0.231342843603826
222,0.019955776775266897,0.02520075047683444,0.0499438975287042,0.504581174553925
223,0.007650486301015325,0.009550739393343225,0.02866118088653069,0.33322909586853733
224,0.0056527661691134715,0.013704709209801222,0.04530674917492733,0.30248714505840957
225,0.016307665831187448,0.023248892228925577,0.042226867995839,0.5505710779027349
226,0.010625834755593224,0.011397965792698913,0.040958299378267775,0.2782822032583366
227,0.010847724699279785,0.008013573037337912,0.031148422803891646,0.25727058759253474
228,0.009345415854595892,0.013285295865325565,0.026433501545844836,0.5025931143584692
229,0.0177840315026782,0.025956794607307546,0.055688670256573945,0.4661054840727391
230,0.013319532077387229,0.01750928967383657,0.033315274971370795,0.5255634146463757
231,0.007209651817808624,0.006258920076755746,0.028688834474309286,0.21816571469156681
232,0.009152005415746556,0.009282262245441049,0.03716762638038947,0.24974051747190917
233,0.007007862134320741,0.006640467319957197,0.0337859263716393,0.19654536764548688
234,0.011587699386044505,0.013240472952683864,0.032028351213248873,0.4133985188474766
235,0.01141071253383196,0.0068542559513347714,0.03026148200633292,0.22650100050950442
236,0.006586196619147557,0.004102018234855146,0.03194261710554859,0.1284183516116031
237,0.012241649240418793,0.014699478754327382,0.032069538703315956,0.45836265031175744
238,0.00832877010626911,0.04341661274782748,0.0531553463706011,0.8167873170296964
239,0.017591425489745904,0.0413317182095137,0.054696479144491356,0.7556559189180706
240,0.014817045024899623,0.021959365125031924,0.04895285118620755,0.4485819435011575
241,0.011252459966909534,0.007720626192535488,0.0330655931066071,0.2334942599590862
242,0.004515513421566523,0.0043710127968501124,0.032174822194467635,0.1358519643226403
243,0.0051705003528944166,0.005028222219096347,0.03806957922166261,0.13207979499377165
244,0.010921145773100877,0.021268464697486382,0.03395052130965442,0.6264547310924008
245,0.008672687148941932,0.013496479843119889,0.02924041219746103,0.4615694112647222
246,0.012260369795034995,0.010397346303727429,0.03279823892969593,0.3170092859563122
247,0.018412740886442177,0.036921975843896025,0.0459343019381357,0.8037996505013297
248,0.010232890878166015,0.010353281065982805,0.0373193862082829,0.27742366951589714
249,0.017609277996576207,0.013083327999803168,0.04255212170079486,0.3074659376986783
250,0.008050838832321095,0.011460635868604444,0.055135220182536,0.20786415345149167
251,0.006600894326806526,0.015250653337326501,0.03364685631921551,0.4532564110192056
252,0.008543694936449985,0.009437523025385555,0.0345581998489281,0.2730907010967552
253,0.020269495972155792,0.02749754580971475,0.06340627202500455,0.43367233132506144
254,0.013116818795461092,0.0195995813521031,0.054000173376287,0.362954044897749
255,0.015834078609490695,0.022238904676416857,0.049730892051052016,0.4471849138275494
256,0.004001626663344527,0.001099327898856578,0.03136249144425379,0.0350523140296622
257,0.013742349252373862,0.01293338683518904,0.04803385814049122,0.2692556320868706
258,0.013978858592155542,0.0102099225332865,0.028980698754374548,0.35230077162115847
259,0.010852529236731308,0.005221984454870079,0.024790834061202423,0.21064174129754143
260,0.0045862043128801315,0.010741518607573969,0.04252867950769037,0.25257117624899694
261,0.012366826924318206,0.01375068369733409,0.02868142593922506,0.47942817510089314
262,0.00971711656691061,0.032646989707862104,0.07039261552798111,0.463784297017418
263,0.014891657196680237,0.013277220968660313,0.036582933826072306,0.3629348327224036
264,0.004784981676273237,0.026951090747510457,0.0457547331562901,0.5890339400614639
265,0.007412013797074772,0.0058911791626659925,0.03063160512110822,0.19232355403427373
266,0.011454371930004224,0.013172882559993208,0.04498102428426796,0.2928542150739863
267,0.01654503719771426,0.017126489558999803,0.03821755611384367,0.44813146889829564
268,0.01095682077550958,0.01487645581813656,0.0319269388789303,0.4659530897888257
269,0.011808707460216346,0.014719414702909843,0.04379062521082195,0.3361316407803249
270,0.012130475433241469,0.010171886698148119,0.045053942144960474,0.22577129134272436
271,0.006502871243215221,0.0024025475589985936,0.02978763744364557,0.08065586146413621
272,0.015359142434467371,0.018661986358733874,0.034047546343757895,0.5481154550849233
273,0.012385313721672045,0.009413105257440393,0.028906439895349103,0.3256404210106452
274,0.01234315633747921,0.030402273131053686,0.04435238284201313,0.6854710205616034
275,0.015468661446891976,0.021306399818630178,0.04790101386378486,0.4448006023258454
276,0.011990985585378875,0.011998064423954624,0.03515695209442116,0.34127146152292664
277,0.005667588767313266,0.00666442590263747,0.024111159312882862,0.276404208364904
278,0.011246662900381345,0.011210030887335668,0.024920785437546566,0.4498265480206826
279,0.0017208093374290738,7.537140007533153e-4,0.03137780453385304,0.024020609853061727
280,0.008950151858719219,0.020701796273184556,0.056996382385530904,0.36321246027782833
281,0.007779076529615661,0.014692329980348523,0.02596820682887442,0.5657814602744118
282,0.00360210416533956,0.004869725662189236,0.034127894577165974,0.1426904801050175
283,0.004998883004667028,0.002584952632142039,0.04276673721431908,0.06044306394448417
284,0.0025802397924827854,-0.005612936857553283,0.027762604992080414,-0.2021761595914517
285,0.009508173647175993,0.025854097736573767,0.06201189582531841,0.4169215824235126
286,0.006184097255871864,-0.0013784285306774637,0.03129925770746886,-0.044040294615310734
287,0.012422378345324918,0.013494931647223202,0.036065477751865076,0.3741786464072372
288,0.005667694753498058,0.007952180320103898,0.02327063667684558,0.3417259454708587
289,0.011856834299292735,0.019681081319205814,0.04330368253823373,0.45448978390761513
290,0.009344514527291424,0.022960540703472945,0.03597256381187938,0.6382792403551337
291,0.014104225822579126,0.02821672193425408,0.05069632041510973,0.5565832333236607
292,0.009822695428277224,0.008928080714947896,0.038349838904096795,0.23280621170990465
293,0.008673108151516139,0.004664287465807596,0.038989831127539544,0.11962830643072693
294,0.013476310676098972,0.019436312337961333,0.03298873818486559,0.5891802295996343
295,0.014354590932561704,0.025291267622329524,0.05681322630933613,0.44516513610094705
296,0.012240010960699299,0.02819142810561583,0.039239677180020555,0.7184418968658055
297,0.01568798244729027,0.02335833622086817,0.04096647725955565,0.5701817140115389
298,0.0129644410227863,0.01079233529218704,0.03557275094719447,0.3033877056122983
299,0.015678470504981386,0.02831308760075588,0.05565802175156622,0.5086973397497576
300,0.01563542998674285,0.023251860083470393,0.055307691623523024,0.42040915830920517
301,0.01077192538093211,0.02204230338076191,0.043016540838101205,0.5124145956719582
302,0.01691342083151998,0.015873851217920523,0.03069672039437951,0.5171188001186923
303,0.014978963096772024,0.018109689749749566,0.03934978294794518,0.4602233708304417
304,0.015683714674030402,0.017070258804783706,0.03586794408473118,0.4759196335440491
305,0.011762280908834861,0.008360838674925887,0.040683490790605036,0.20550937278117343
306,0.012271261317367645,0.01035218648434515,0.03989601116504543,0.2594792356939968
307,0.00894268816496438,0.011779720835554964,0.0364955731253218,0.32277122474840153
308,0.012563623913506369,0.024828282123290107,0.04093709341087619,0.6064984114552138
309,0.0057032183590901035,0.018168237759397528,0.03760809216448779,0.4830938426744566
310,0.0028506319262690703,0.005465842179562591,0.038559498270980506,0.14175086359140024
311,0.019884977162140403,0.0310698754285513,0.04762969312108986,0.6523215539004581
312,0.009808614012732067,0.016730994994242382,0.04715293717360651,0.35482402575777244
313,0.002234492908330921,0.0012305599155212567,0.03286619594715108,0.03744150730130131
314,0.008834626296066145,0.018900488432813934,0.03361835553747046,0.5622074051703024
315,0.012267605982201597,0.027944542027313116,0.03407624784294062,0.8200592434974389
316,0.007200805432110329,0.019366618766562656,0.04172805163758152,0.4641150977948011
317,0.01655960865396019,0.020746790377150555,0.03386258168920439,0.612675978682534
318,0.015350018789235182,0.017982977472296668,0.0418492330429132,0.4297086509054179
319,0.001628138288743548,-0.0014999744339950958,0.025367013721203032,-0.05913090324626353
320,4.8602341256403115e-4,-5.373295567007478e-4,0.0321352029629681,-0.01672090129071083
321,0.0076700538809328575,0.01115226252012297,0.03198004872252598,0.3487256263079919
322,0.01693130776362879,0.02427324653693084,0.04307921364601498,0.5634561191479924
323,0.00536024530788119,-0.0032323358003027835,0.028811235490277785,-0.1121901142140718
324,0.013601865393466004,0.019957655952145322,0.054031307352263844,0.36937207204757966
325,0.010327506761086753,0.010520112064007558,0.040974945835084466,0.2567449901300369
326,0.008855945508181255,0.013162425349833293,0.04256510573848125,0.30923041588814193
327,0.01106231424452086,0.018920752330134114,0.04071945044630102,0.4646612889603201
328,0.01690772880464921,0.020029489659217446,0.04402676094519926,0.4549389786849966
329,0.010387242613888481,0.005016277062678902,0.03254054402219653,0.15415467729295504
330,0.0053985563905519,0.015330152906589662,0.0419733059719454,0.3652357742998897
331,0.01096092092641573,0.009066196079454445,0.0303374379988345,0.29884514571740534
332,0.010261847886495751,0.020235425771294082,0.038155343401759384,0.5303431699781531
333,0.008923939612252622,0.02090063254588429,0.047214273343513496,0.44267614570320846
334,0.010051489406992383,0.011671588233819094,0.049878054440219685,0.23400247593473872
335,0.010412798319937602,0.01295864137558615,0.03488163232838278,0.3715032958776374
336,0.0125848918156683,0.028278909586272463,0.06371524770311364,0.44383268692668876
337,0.005310221681084432,-7.002082625970584e-4,0.03842251616283119,-0.01822390443222506
338,0.00878417378117136,0.008479892385676884,0.037408464171527864,0.2266837886419046
339,0.008455564232670618,0.014818268641321793,0.03225439390760741,0.45941860460217193
340,0.011888326484256567,0.013862127688976688,0.04334943142571464,0.31977645918450853
341,9.622909819102765e-4,0.0023015596678087526,0.033105241853001253,0.06952251483400952
342,0.01884005313729508,0.02986368086968126,0.06692686852802789,0.44621362879356646
343,0.010130342048908142,0.009530869400179942,0.03548158232308248,0.26861455369705006
344,0.010409769022654133,0.010866694427462568,0.03453291976001631,0.31467638713956914
345,0.00874552634186242,0.014574432675528635,0.04698227918647384,0.310211273865245
346,0.009837718392273792,0.02307462529046278,0.07074754670742459,0.3261544232182007
347,0.012093127581529405,0.025367794867075837,0.05411173886402669,0.468803912046158
348,0.014836217537529903,0.030028796056848123,0.0617904203226997,0.4859781807604336
349,0.002001336727203402,0.0038407609895583427,0.030722848743869925,0.12501317900491513
350,0.009462684837534326,0.013375326336957483,0.03446608424131331,0.388072118762042
351,0.013293825930633775,0.0036684935561998107,0.0384683961414826,0.09536382912111772
352,0.009499097329645882,-6.791091439063468e-4,0.03769562776679463,-0.018015594490365838
353,0.0043470800264942535,0.0065982137556550415,0.04028241166165681,0.16379887607214969
354,0.006174294674705073,0.003536981157421828,0.0401863995841648,0.08801438282656089
355,0.014389412933254181,0.017959286108972055,0.043672860846798396,0.41122302868987864
356,0.008140663693670449,0.014234106716942233,0.03838660901363695,0.3708091723310472
357,0.015256861325591342,0.013696244393348255,0.03176971309748762,0.4311101063871857
358,0.0048294344498606865,0.007249036249594387,0.029776337019602105,0.24344956348466446
359,0.01680462073661075,0.010404324887162685,0.037664584792758866,0.2762362825558865
360,0.006297410312328664,0.023660920408366756,0.04528462469835143,0.522493463641935
361,0.014207737730213858,0.02788811977000488,0.04387000676474548,0.6356990077424867
362,0.009386453542749126,0.00773410227634897,0.04358184028529146,0.17746158091812317
363,0.010434235481092747,0.02214393895501746,0.03943947745858767,0.5614663373334267
364,0.013860942217587853,0.01652718686205241,0.04815964789279742,0.3431749936968322
365,0.013960885823530866,0.016610719319139326,0.047316623918459026,0.3510546176702011
366,0.007464076266876231,0.008274620019068946,0.0317619158902218,0.26052017918781667
367,0.006854889803735588,0.005569439190013875,0.04440576610376785,0.1254215314515496
368,0.013507587218059563,0.020803543294966545,0.043660536223756756,0.4764839164674948
369,0.015841012273032886,0.01622343763581158,0.052947545141549826,0.3064058511577805
370,0.014133835948487997,0.02903950963320183,0.0582935385472882,0.49816000807095867
371,0.012729416558967819,0.025704393172944696,0.039975152434180844,0.64300925969618306
372,0.010365069852304945,0.010775083470814082,0.027685214399737874,0.38919992871415515
373,0.019829196803174867,0.019318691835559273,0.05582067932663217,0.3460848572357356
374,0.012063180754270241,0.017613513425794026,0.05026530520153571,0.35041095155343643
375,0.008720227206114532,0.02465223601936938,0.036279481570342734,0.6795090489805058
376,0.008950501099711012,0.010264381500699115,0.0356785982072996,0.287690156464698
377,0.005608781230394529,0.00837254688036418,0.031284130134164576,0.2676292051099974
378,0.013738982074991996,0.020278026683201566,0.039094801961266315,0.5186885638477536
379,0.009254836169530335,0.010210134550071987,0.029928555559178338,0.34115026132428217
380,0.012465649002167241,0.019283945971175283,0.042931339534344796,0.44918109195610467
381,0.0078867712528669,0.013079294894566695,0.028180910061592276,0.4641189679815361
382,0.012540328084882025,0.01851878568108506,0.038809102873393245,0.47717634034207923
383,0.007044070217885484,0.015350748574224778,0.03741423893439451,0.4102916165458333
384,0.010450417632370866,0.01292889654647483,0.04505566724902962,0.2869538359073638
385,0.0070985237215267435,0.031242410699694412,0.047402978900688925,0.6590811679820475
386,0.0027622319633153025,0.003532797420656175,0.029481579369072426,0.11983067041388722
387,0.0032431253207854806,0.003784929739563511,0.02513833448380027,0.15056406151340726
388,0.01398772084305461,0.023859101885147255,0.042475451732347014,0.5617150827610257
389,0.009652277364453895,0.01931902029059007,0.04105143839955852,0.4706051978631236
390,0.013248706864604807,0.0098958262421996665,0.029741075472562883,0.3327326293673842
391,0.009346913833500744,0.01632559402963916,0.039794710862336144,0.4102453234580624
392,0.019455357789957266,0.02494323661934239,0.04468239213984725,0.5582341370908451
393,0.010220547223838963,0.015139063432069928,0.039959717491420806,0.3788581196881641
394,0.009645785090470458,0.01299813317883265,0.03214934835760115,0.4043047166696139
395,0.012427691652602723,0.018749167916405136,0.04278247568624328,0.43824410849683343
396,0.01746932746811667,0.026642432190219525,0.06447615792648843,0.4132137063842345
397,0.007158440200997539,8.574432096863806e-4,0.029254427535607988,0.029309861170337907
398,0.013313880287261262,0.015320049845867122,0.036429085778298065,0.42054445008866376
399,0.012687024674395406,0.01562017469001856,0.04590696174681658,0.34025720926961023
400,0.013701222395027648,0.033958127519952086,0.055204460918827324,0.6151337583005138
401,0.012979282451239018,0.02572251125290727,0.04745806761736494,0.5420050276867023
402,0.004161533651000791,-0.0024552384183856666,0.029647370757138723,-0.08281471023174881
403,0.01075044840498466,0.0066850369429228675,0.042682671376618866,0.15662180288426986
404,0.008998247884641965,0.008499889938827172,0.023835737398327905,0.3566027682207745
405,0.004681520347581547,0.005616503930881079,0.02603199566580554,0.2157538746926985
406,0.01608721622757388,0.0221037124724815,0.040631640225833925,0.5440024658031841
407,0.010554908225262744,0.01367695432512156,0.03239497595040103,0.422193686640235
408,0.006370697281487088,0.006037195816388976,0.03406842683788702,0.17720794227208328
409,0.015678695435979894,0.02537699334321788,0.04476606443256995,0.5668801505087104
410,0.004304731005694639,0.004741327156128992,0.02973068424327677,0.15947588415161298
411,0.01979567617555285,0.01365359910284144,0.045636530151190687,0.29918135882828967
412,0.008284443333258866,0.004656063213889101,0.02326130985272211,0.20016341484502578
413,0.005560050837543244,8.101882051104992e-4,0.034505927180330874,0.023479682226082134
414,0.014437861657902439,0.026368542264957526,0.04572636450516517,0.5766594950267472
415,0.014164008361499203,0.015578329734900264,0.04289570445643424,0.3631675929397998
416,0.009108010095162279,0.0066212795103040316,0.027084258094041042,0.24446966526880115
417,0.008505541072916309,0.02245578202474038,0.04522193703083265,0.49656833605844575
418,0.005057348611340924,0.002778970593861464,0.028524860264997294,0.0974227592368445
419,0.005950142563198696,0.008739691309837701,0.037205018308162065,0.234906249405618
420,0.0028798477601396995,0.011230150259846068,0.04019079779975063,0.27942093401081347
421,0.008347203608694091,0.00393611926243928,0.03125210977194115,0.12594731335460801
422,0.015176707196382916,0.020536187313686474,0.04157329597053203,0.49397544347320754
423,0.01423291911202293,0.012045881057835694,0.030836606576219835,0.3906357539070164
424,0.010251194754042068,0.010422275028371853,0.033341517452666204,0.3125915022664459
425,0.018262448441023142,0.019528170106276648,0.02934925666185988,0.6653718808372415
426,0.015777315018660257,0.03214695323803016,0.04735151154273212,0.6789002545149865
427,0.008982628505155358,0.014146693773009903,0.03597467884897076,0.3932403075063071
428,0.006503815926117418,0.01038165302571502,0.03340887318825636,0.3107453809416207
429,0.004823084457486677,0.011907794361036478,0.03400253092455591,0.35020317715340776
430,0.010694516325350152,0.017860888908295194,0.059069517051574455,0.3023706608723513
431,0.01069793979339516,0.010583621702610107,0.03893331362046295,0.2718397361648525
432,0.014762417256792205,0.022001689912157084,0.03761984229493762,0.5848426939077781
433,0.01595141995086001,0.019377367534173004,0.05356804451836472,0.36173371099125834
434,0.004732860494773965,0.008141472511298518,0.031094976489209728,0.26182597417700865
435,0.016802183829439175,0.02561160659113215,0.0438519118625705,0.5840476618533196
436,0.015079889888942476,0.01970632475655027,0.06002939704692802,0.32827790592573897
437,0.011516753530030021,0.02242435538936258,0.052172492424696064,0.4298118481061472
438,0.01635048376297088,0.019815325342232466,0.041468724861564034,0.47783782617822
439,0.012423307919881813,0.018524139183548942,0.04610534243718854,0.40177858365948027
440,0.008297365809986126,0.02260134476897829,0.04284237166114968,0.5275465361193727
441,0.012317937801346487,0.011607013655476296,0.03189546978834904,0.363907907063221
442,0.007707888136443271,0.0031693304213377006,0.026917602513583067,0.11774192815791837
443,0.008718625077547018,0.01216975670584875,0.032158017913353744,0.3784361566884758
444,0.008734900327133048,0.010989013867725989,0.03229859036220901,0.3402319960249316
445,0.01489854432165567,0.020605374989187342,0.05791370244990929,0.355794468623541
446,0.003110368561036647,0.0055250680120928625,0.03114687994469552,0.17738752715852077
447,0.01126049618109483,0.020344215496049135,0.04592518291842193,0.442986052601839
448,0.007854459205989048,-0.001088511280386259,0.03621040470654432,-0.030060732245545216
449,0.013051904994031662,0.01661210735213944,0.029854311531488376,0.5564391372622368
450,0.020105898655798666,0.021858414097015253,0.03545800452862929,0.6164592279682988
451,0.014067240326071274,0.02319166539524666,0.045284683236203535,0.5121304542262035
452,0.011868205000211395,0.010596195777325582,0.033639067143313106,0.3149967189096661
453,0.004757452102731162,0.010163544300642716,0.03788198272387197,0.2682949404925943
454,0.009933041421324179,0.0051367387209112795,0.04023537296788788,0.12766723263658933
455,0.004392301764221105,0.006711657701448826,0.04547432055846976,0.14759225908211518
456,0.015572432631156582,0.0192897258229231,0.03629010775731172,0.5315422580699449
457,0.014050444407475843,0.015453349400893459,0.04465389687615916,0.3460694470574649
458,0.008556449801212613,0.012278918643060169,0.0412321209431492,0.29779983086463896
459,0.01279165664209006,0.005617138894264218,0.03643927788567384,0.15415066434323071
460,0.019374413481369958,0.03285078003350189,0.0536309009373295,0.6125345548807718
461,0.014789309012687381,0.027931101210364816,0.06306806654668512,0.4428723241371173
462,0.007393523148198422,0.0055060454329633685,0.028261594960613225,0.1948242992172547
463,0.011876234739998676,0.010342212004194773,0.03231779932126343,0.32001597328411335
464,0.0030514655871277125,0.005089239872810283,0.025274987080228697,0.20135479621239172
465,0.009943144599779925,0.015463927058923905,0.023230637959749664,0.6656694958492886
466,0.0056075205363132746,0.010841542738448659,0.03416153502938962,0.31736111182127896
467,0.014077022888523118,0.013060958535350248,0.04015899631344348,0.32523119934095585
468,0.017682822988338603,0.025308062008689534,0.06112810166422279,0.4140168158289447
469,0.01341885727922556,0.01417425021098421,0.034319348723902694,0.41301046604978686
470,0.011301912335502817,0.006618541018463645,0.029821693609942874,0.22193712754989048
471,0.012665784913073916,0.014833870105944887,0.034849348178933405,0.4256570317981451
472,0.017461184329889412,0.044244923310724195,0.06822367199737338,0.6485274394557308
473,0.0070123308795843825,0.002863267031249531,0.02645369397642956,0.10823694542625023
474,0.01395647504687584,0.012311715836064406,0.03721141129337879,0.3308586105213131
475,0.007590249269817685,0.011495478276041323,0.032072187518660235,0.35842513920676683
476,0.012865660930760843,0.02696135165734455,0.05171926427118616,0.5213019179077004
477,0.004256643503551989,-0.007115654139076005,0.027669826788909613,-0.25716294479761764
478,0.010366734369745228,0.01930305156510528,0.05120622312077055,0.37696690731473753
479,0.012168433932649233,0.012560050749851231,0.034541751616305315,0.3636193928255307
480,0.015256591836431632,0.03141406001775086,0.05287881133875768,0.5940765161399502
481,0.010216997455694031,0.014640499187736165,0.04344454884161408,0.3369927776465369
482,0.007800907538452345,0.021531582193069856,0.030553739802047133,0.704711839943967
483,0.007178090558102556,0.009020310120493326,0.04066575677878549,0.22181586757532176
484,0.014736937755699465,0.024542391036694765,0.04574833630085595,0.5364652142822421
485,0.015767165393941247,0.032874262192871775,0.05925703401360414,0.554774006834776
486,0.009631977123764792,0.018639395233656538,0.04602576705934001,0.4049773947194661
487,0.020576652495074597,0.030473187502564544,0.04976012255285432,0.612401777551823
488,0.01158999210299605,0.017887558329966722,0.046285244048782474,0.38646351980156085
489,0.008314548721732252,0.02161164183051081,0.041235112331010466,0.5241077472282762
490,0.007072285083858982,0.012284057205074831,0.02803648919634514,0.43814534405670846
491,0.003875228703070268,0.0018697130418979797,0.029322690429973663,0.06376335235551095
492,0.0138884810793962,0.020954869363202153,0.040389285745635654,0.5188224791884682
493,0.012311306930544733,0.021793635253639684,0.030432428280852988,0.7161319843593116
494,0.015116219497347178,0.019518540054739266,0.03702726794618154,0.5271396226993876
495,0.011580020065226192,0.020806742455504654,0.042311078936016065,0.4917563668600643
496,0.004839415137777336,0.007729078482737543,0.0318540204721146,0.24264059507036712
497,0.00701787986956851,0.015627473358598817,0.04306180249708189,0.36290801713787574
498,0.009276535637095793,0.018611309620841773,0.04012926816818575,0.4637839280507166
499,0.012657702537877968,0.02024433448220273,0.03475297393290063,0.5825209238578982
500,0.009758836237877879,0.021351850962351614,0.04733596537850086,0.4510703603828736
501,0.006376085807680218,0.010800489178315104,0.03671741222193204,0.2941516987371936
502,0.019711016299478603,0.029216954431895256,0.04918941539351428,0.5939683201794581
503,0.0073349684130051785,0.011045494047482868,0.03603453002732927,0.30652527004253294
504,0.007749186720036388,0.00761344754837865,0.02734248485680871,0.27844753643459663
505,0.01394307357694167,0.020032560923899663,0.04913416917573926,0.4077114004359932
506,0.006061431959851514,0.00438604401582582,0.025727004694860042,0.17048405237404496
507,0.015439422111910647,0.05342213671785119,0.08507866217278418,0.6279146304552542
508,0.007220239912779414,0.005429619451110918,0.026469682751777926,0.20512597381796044
509,0.009835852424894204,0.024310441928741208,0.047317687454910703,0.5137707110455634
510,0.007815080142134143,0.011956012561411496,0.0399190445379226,0.2995064811747543
511,0.010102999007196075,0.02030243052465693,0.06178752450308971,0.32858462429000046
512,0.015401121530934113,0.05095809484422231,0.07598025426940622,0.6706754976567749
513,0.007074924179496042,0.006538674569547732,0.03911736733537489,0.16715528203848812
514,0.018224120036948847,0.03101842602188037,0.046447172475282475,0.6678216211845246
515,0.010383766854803198,0.013803285186091419,0.03598969204292187,0.38353440673038836
516,0.009647031065369488,0.00718387600288354,0.03211237429470269,0.22371052158758015
517,0.009570813507617543,0.0264811019145026,0.05634521118873045,0.4699796372366612
518,0.0030936691061673027,0.006494978375717231,0.03428271357180994,0.1894534504135033
519,0.007126302783763525,0.014422643843213408,0.03526053271198476,0.4090307982871533
520,0.011136125246057664,0.007030338485390097,0.02954126029302082,0.23798370196991994
521,0.003652974322305315,0.002190710960562222,0.03249232571048204,0.06742241168213754
522,0.009819028557408073,0.009673372519559029,0.03426152215707893,0.2823392514555974
523,0.01680490031606129,0.02819525722411099,0.03521588691775782,0.8006402703972043
524,0.008825408470345743,0.014360452098016908,0.037493417261636346,0.3830126231974772
525,0.01565040142582337,0.013913317932480488,0.049582898632842216,0.2806071915139049
526,0.0181336772580824,0.018027550718865457,0.04100222101911255,0.4396725414084811
527,0.015751832609933063,0.02258150980810854,0.04538654352096573,0.4975375531224867
528,0.00738256416041751,0.010041061468515553,0.032252387052864075,0.3113276996228993
529,0.006976160269302173,0.015350883092241542,0.04085565271264618,0.37573461866367236
530,0.009259627412470092,0.006692503615061559,0.03618749850849347,0.18493965847047372
531,0.004554824635477813,-0.0017679672456714704,0.024436271454317225,-0.07235012301187703
532,0.005726976783154981,0.00883977481684711,0.023853422415827323,0.37058727518201773
533,0.012066629646874336,0.010529132197586496,0.024294510322683142,0.43339553083133037
534,0.009826235384256199,0.014736318745314798,0.03069417521810522,0.48010147334476855
535,0.016111651406531122,0.012151909543934598,0.046349426296929966,0.2621803658600948
536,0.004283495005443918,0.005964158388908398,0.033705022547537246,0.17695162139401052
537,0.013503178238576287,0.016724769789471707,0.03245387291669409,0.5153397202362427
538,0.009470345741734696,0.007729821726382903,0.03432789042874459,0.22517613607593864
539,0.012414590215993464,0.02860346533901941,0.04263489317662014,0.6708933272220511
540,0.010149370818764812,0.011820363878576778,0.045171422399049685,0.2616779204815444
541,0.009786961781107328,0.02985102121346534,0.051743293036631166,0.5769060966477838
542,0.013775387884624861,0.02016586350274702,0.04022321065538469,0.5013489270043492
543,0.012678814066444668,0.029539590869294197,0.06050047544553198,0.4882538633252299
544,0.008421545479480026,0.009987384264410034,0.030973753564434624,0.3224466884077612
545,0.013970563649314958,0.018956970431461564,0.040074345328372556,0.4730450435590789
546,0.009945684750340867,0.01251189437009204,0.04764950140163808,0.2625818529480333
547,0.01062246540859231,0.012543964846243903,0.03750805712020825,0.33443387392853197
548,0.008943462257560996,0.006213323746784119,0.03924828469162621,0.1583081603591649
549,0.006488670126238575,0.004609231322151669,0.03313447097883225,0.13910683303488527
550,0.0024276833879450423,0.019662341563373136,0.04313979952834053,0.45578194099988883
551,0.0038204713050566824,0.0013249042470836754,0.022722627759250175,0.05830770371812824
552,0.0182893447519578,0.026551793433911414,0.05313861891483698,0.4996703711186934
553,0.01408247845641873,0.047990265206152856,0.06439863646285059,0.745206231716363
554,0.005475416426435193,0.010660744411873391,0.038867137703488666,0.2742868408063014
555,0.004052176836840296,0.012756903113564552,0.04498538764250287,0.28357881930335166
556,0.01384628416182521,0.02970451343677141,0.061455659521473076,0.4833487048722083
557,0.008111845420355698,0.03129707106135215,0.05966749333957883,0.5245246500172998
558,0.006607392590338939,0.001961171060005035,0.028912093253325957,0.06783220581164347
559,0.014947728643296156,0.03072510541747918,0.032849955449177015,0.9353165018751625
560,0.0038616750388965593,0.0019206008713769588,0.029254597656805457,0.0656512488706257
561,0.017780967580055585,0.014980602544694542,0.04582405578534176,0.3269156840867532
562,0.0037082104779247145,0.003107030756435293,0.033257408335001036,0.09342371856334236
563,0.013696976648752487,0.024985955435585818,0.04149792047636031,0.6021013860156994
564,0.003943784587601144,0.004521968991423885,0.030757583969557186,0.14701964224171757
565,0.017109408660974785,0.015591933021230969,0.03314829276425422,0.4703691116800042
566,0.011804372419989325,0.01143432391458327,0.040688436510422046,0.2810214619982867
567,0.02334339309207556,0.03485158353734234,0.04585614591268952,0.7600199023201829
568,0.017123189715842604,0.02459901116437815,0.053194366647973085,0.4624363953267497
569,0.004404732713330446,0.010677546268528801,0.030276813775290158,0.3526641326189705
570,0.007507553376774289,0.006838618074279844,0.030225440122590597,0.22625371364464061
571,0.01413675822073,0.018232111709907947,0.03966601732861537,0.4596405925723015
572,0.0017956403822562115,0.0018157760235343293,0.026592164597444595,0.06828237005229798
573,0.01496767954359406,0.02331273360612692,0.047228434696374874,0.4936164782085472
574,0.010726218340838832,0.009246221010770562,0.04434871661195383,0.2084890323134699
575,0.010993925474804586,0.01920164533191126,0.03548339107587853,0.5411445960970868
576,0.006421982517286277,0.0026984554401714416,0.030400985012014534,0.08876210554049503
577,0.005702982419739842,0.015591338677302205,0.04017300576781817,0.38810485746107976
578,0.009127993249263435,0.015544829210809344,0.03314820648309918,0.4689493296940506
579,0.006188330493370486,0.012446752831273679,0.03216145053948194,0.38700844092818
580,0.012626448206713716,0.02917427108136947,0.06028024944594567,0.4839772786197664
581,0.013463711270566524,0.01784252299456761,0.03948061343986405,0.45193125030199754
582,0.013157020939525747,0.007880725633203649,0.0397395704311957,0.19830928084258437
583,0.011006419435742027,0.01583037247375973,0.04048973204861406,0.3909725175447684
584,0.01582898156934493,0.028799692329543533,0.05292316535897013,0.5441793236326552
585,0.017937333398860278,0.021448411266520567,0.06174589907895654,0.34736576171793637
586,0.013034014505839155,0.03737961821688914,0.061892656844812245,0.6039426988990576
587,0.01258991455081695,0.014740112059358776,0.04626720049935435,0.3185866423788591
588,0.013217119980831301,0.010880059937207464,0.0328372028674628,0.33133333497135725
589,0.008331356199995976,-0.0024126187128686253,0.031956523423653106,-0.07549690812370688
590,0.010561150446370904,0.012826134499456146,0.040895509050657954,0.3136318582944694
591,0.011790777705035874,0.011693748182274144,0.035148993006397705,0.3326908449452787
592,0.0065862905321522345,0.014969654329735104,0.04098122515903094,0.36528079069486474
593,0.010335428284330712,0.009832544039123703,0.036022959457924955,0.2729521446067799
594,0.011160371432549348,0.02063091621743313,0.0390815356755054,0.527894205302779
595,0.0070815750127243135,-4.476339090298567e-4,0.028451196188995366,-0.015733395040978874
596,0.012052248589739988,0.01775131047509803,0.030344766349258503,0.5849875484551819
597,0.011696608302312839,0.021922313930147735,0.0509748147060444,0.43006166979844407
598,0.014067720524605051,0.01814538566710208,0.03885502233935523,0.46700232234130246
599,0.009228079068190597,0.009888909098741022,0.04181255352035805,0.23650574447519035
600,0.00401312169158554,0.007402921316295558,0.027411202854770413,0.2700691887006052
601,0.008592245641725981,0.010494150535219312,0.033179040669648496,0.31628854612481744
602,0.01254804350025553,0.016349654481480302,0.01954167905021017,0.8366555626807546
603,0.007722997574784079,0.004496190114933135,0.03881536774103093,0.11583530896656441
604,0.010067565337734119,0.0029813583768980878,0.022312046551574757,0.13362101813505167
605,0.01158211257726188,0.012700301432635551,0.047600951693693584,0.2668077208699622
606,0.006457148539105769,0.013564274781997064,0.03804660311207133,0.35651736745174567
607,0.008574210104356739,0.011996068616664737,0.039467226999955134,0.3039501259279851
608,0.01495334236225476,0.019807611417742305,0.036884820662377915,0.5370125450534137
609,0.006104210003895287,0.009130903910782327,0.028452816642618197,0.32091388439573876
610,0.002043338055167531,0.010644328968591509,0.033403245178425266,0.31866152260758623
611,0.015973824511967574,0.022506510969862663,0.038964324901352244,0.577618399057174
612,0.008022119154582247,0.01931501954788778,0.042122649488463004,0.45854237049305224
613,0.010804778023495568,0.012860750404729589,0.03633500669302773,0.35394930606129266
614,0.006341962378833843,0.03343175236409525,0.060433709005747106,0.5531970966884717
615,0.003462404187095691,0.0042235393258108584,0.03749053945371871,0.11265613638407976
616,0.01510997574730741,0.034368827061115464,0.05455440984251517,0.6299917304637628
617,0.014120579302371357,0.01869168630241279,0.03652816013552582,0.5117062078424807
618,0.0030856535224505787,0.006338344241650609,0.043102959707650775,0.14705125320026582
619,0.011341716130322569,0.011817351799876172,0.04096535160109335,0.2884718753289248
620,0.010567988556936843,0.01348993724615015,0.037828729155318465,0.35660561555643894
621,0.00945295108875107,0.008374799957564944,0.03730142512149269,0.2245168899120552
622,0.00716012880773793,0.00867634855525651,0.03429422569452251,0.252997359746259
623,0.009174618594879001,0.012231884273393867,0.028951140753008277,0.4225009431492908
624,0.0071586939718288195,0.008486614701251043,0.0390353464196759,0.21740846385760104
625,0.0021115106613475753,0.014322847938567447,0.03758374118750626,0.3810915966856622
626,0.01455559488221442,0.012965970632341608,0.0389789071129912,0.33264069191976414
627,0.009238107879564885,0.012267829701984027,0.04692000317038497,0.2614626784536803
628,0.011576009829218036,0.017988983588712277,0.040440777883428744,0.4448228874470674
629,0.015893888059555043,0.020856625593844068,0.04607190034532681,0.45269731522935996
630,0.007864097226478213,0.0032111923353061885,0.03642920402281446,0.08814884709792507
631,0.002471955774972203,8.342235226581973e-4,0.025215930811338945,0.033083193672274386
632,0.014685619359291212,0.01387803564209327,0.04149763472426027,0.3344295580774371
633,0.020214838690809315,0.019075696280803488,0.04178649647118605,0.45650384434495883
634,0.006157204785416668,0.006453730767080174,0.0308640596816762,0.2091018107676779
635,0.013166799758646923,0.01887527752013399,0.050046514630968576,0.3771546861817635
636,0.015584822608689684,0.021269423468184917,0.05761458858413089,0.3691673236046204
637,0.010061730972301364,0.015396198488775702,0.031556978841600504,0.4878856929256932
638,0.003901818260361493,0.015223477381706936,0.03515485616018802,0.4330405253925384
639,0.008992034781921624,0.00890011377668517,0.029796842854583495,0.29869318102324094
640,0.011749004908258602,0.0176642959934325,0.042870352770745516,0.41203990291133114
641,0.010816764993704325,0.014192890044709848,0.04403828384606091,0.3222852664813676
642,0.0029832157420676274,0.019116692998666716,0.05521460724154811,0.34622528265095964
643,0.01506126826634652,0.041567828958071276,0.06954252592488333,0.5977325155397857
644,0.009306568386648261,0.007910490675792687,0.03523032353966264,0.22453641865897084
645,0.01817799267906357,0.021682270053715175,0.0433443937253158,0.500232398937706
646,0.0025618542060460046,0.0030540318119683294,0.02720538057358724,0.1122583749088731
647,0.010041126719037174,0.010138559204585213,0.033557129592458816,0.3021283205004405
648,0.008816166081366894,0.005790526014745867,0.030713430748876048,0.1885340020166184
649,0.010082931184789147,0.010264749076250981,0.03969565546447559,0.25858620940110444
650,0.009360779939653811,0.01701766263275372,0.03684101011363158,0.46192171659422004
651,0.013193848536509662,0.002210808188031819,0.02918442373696345,0.07575301838945431
652,0.008576607104402452,0.004685903427648542,0.034175507737930995,0.13711291324715896
653,0.005970928312231108,0.005055256001502873,0.036441989825650216,0.13872063588428585
654,0.004858727868016735,0.003121300344711186,0.024946561070965798,0.1251194637943075
655,0.01305215019979525,0.025107160788982917,0.06015371953987051,0.4173833468825087
656,0.012669230070938958,0.017637698789995482,0.04391988922194928,0.4015879616832211
657,0.00548489052785307,0.01994746624144594,0.05665201738848858,0.3521051351915169
658,0.013830750432058964,0.0258255353925567,0.05641779721223567,0.4577551175102554
659,0.010874207822246344,0.027592532317855675,0.045922543776303566,0.6008493878793723
660,0.010661356618321972,0.028615064168932846,0.054696706841807906,0.523158811949912
661,0.005143333903368851,0.010590403979028284,0.05111192289684378,0.2072002651984407
662,0.012021791921477789,0.017361735722412296,0.055864410544080326,0.31078347651610605
663,0.014220388354916248,0.014265809123927966,0.04584944999531165,0.3111446075228104
664,0.008835423838205564,0.010368489513167338,0.04108596851006429,0.25236083970194123
665,0.014230058215710788,0.013409214213763824,0.038740959676299466,0.34612498827609506
666,-6.856862353690151e-4,-0.0017832882584667494,0.02769405070040633,-0.06439246745657849
667,0.007233326857832815,0.03189742531003478,0.058429073479005465,0.5459170137533681
668,0.011756758329209532,0.011007093656699779,0.052088172490711335,0.21131656440169075
669,0.011480855276578389,0.00725063776968375,0.0286363078805852,0.2531973674790501
670,0.008026577419423407,0.015149559840124074,0.03256056515810937,0.4652732459206409
671,0.012532505548875009,0.03141211411666019,0.04738768543189255,0.6628750450748839
672,0.011023540281455827,0.010050537047391391,0.032202520162962274,0.3121040526185592
673,0.011433416307064204,0.012473448998246962,0.040001897418021376,0.31182143356598657
674,0.01302853665208168,0.016022550311230493,0.040300814321573855,0.397573860006429
675,0.012398448442795746,0.007425294413911254,0.03257213691508931,0.22796460770344562
676,0.010881138475210852,0.007219164670063088,0.02587930285950541,0.27895514455141146
677,0.012050074140479514,0.01739448252877888,0.03171178955741945,0.5485178468809933
678,0.008517694246688311,0.01602674343116689,0.049478917650032504,0.3239105500351696
679,0.01033913360902989,0.014253345939892543,0.049427820933272526,0.2883668685118556
680,0.014161105455778764,0.010585561131596723,0.04593309650934924,0.23045607494461284
681,0.012469847437348082,0.020963901125824434,0.05658816388991383,0.3704644166686066
682,0.006224937728820446,0.00925660970001076,0.037143947514824215,0.24920909917602138
683,0.007335880259572778,0.004873272049791941,0.02998372339185156,0.1625305832135682
684,0.00833313822303615,0.012704184773133866,0.03482152313594976,0.3648371360303323
685,0.006936678589853709,0.006727519164149901,0.04545205242608345,0.14801353965457448
686,0.012782907608308964,0.034694152496324224,0.054573291915224746,0.6357350139371988
687,0.00886153164018516,0.01522235314637938,0.03883764157820791,0.3919484430002247
688,0.00950673644444255,0.017065138076651762,0.04371562432082361,0.3903670219007466
689,0.0118688940939636,0.0070345650240143725,0.036336183746088914,0.19359669339991012
690,0.011632751566026679,0.017058306020793296,0.04533351185869794,0.3762846803919162
691,0.019753537734461892,0.026995539865716938,0.04491450268780025,0.6010428313848282
692,0.012012174054284756,0.015202666656492813,0.040420834613177505,0.376109667254041
693,0.008343865296564215,6.62741034105471e-4,0.03319677706053962,0.019964017377254936
694,0.013210821219640838,0.021832607453450715,0.034913520571491725,0.625333884869746
695,0.008855909134643935,0.020722855295278446,0.052571985499007046,0.39418057162155024
696,0.013512861138872458,0.024600390623776742,0.04575215258536181,0.5376881574670985
697,0.002040266244129138,0.0025874544263088752,0.03272995469550966,0.07905462902042627
698,0.010437408545625915,0.006333523469039746,0.035667762179582674,0.17756997024795826
699,0.011470317955294487,0.01671072568211207,0.0496751209053839,0.33640030215408945
700,0.016646289779721976,0.021250781733389703,0.054511974398846384,0.38983694807868535
701,0.0033351295695882776,0.008052869110090264,0.03359234919174182,0.23972330914177156
702,0.01487782200025086,0.018333381500182724,0.057069606726880266,0.3212459757769374
703,0.00917180498558928,0.021463460780531535,0.039157400137196714,0.5481329379716093
704,0.020856193767046123,0.03925122860629419,0.05812648211337656,0.6752727359232593
705,0.014736045468263657,0.02751627099628249,0.051396136038313445,0.5353762581640452
706,0.011212990124102273,0.02051157420181046,0.04676519187708772,0.43860772036861806
707,0.015281270083033028,0.034745550776172564,0.04156719307437652,0.835888791287929
708,0.016696302941045925,0.017734050774613173,0.053520608719477156,0.33134994535589835
709,0.018268911327083637,0.028654339209549413,0.06106481066427334,0.46924470735015245
710,0.009276382869623,0.006277226690152132,0.038773836057242786,0.1618933623406491
711,0.0056022554714756844,0.007196486075468669,0.030300311619555233,0.23750534865206457
712,0.015646250010040916,0.012286320500701834,0.03599355104851824,0.34134782878577996
713,0.005669473942596346,0.024113810785515433,0.04913638480598729,0.4907526445164349
714,0.0116064776123639,0.007866448980768515,0.04305018479414316,0.18272741495499273
715,0.012604333318743947,0.020311884199091277,0.053501879035592614,0.3796480528390154
716,0.001375102135890013,-0.0015407352080147364,0.03261663281615076,-0.04723771508540917
717,0.010235624931886567,0.004701869266002863,0.031237032138910905,0.1505222789762381
718,0.007382116987764326,0.01125581775557058,0.04012877444206313,0.28049243746084085
719,0.02321291473883633,0.043125403890560174,0.06918904093600513,0.6232981886603698
720,0.008037927392564249,0.005559825740168153,0.037351979026755425,0.14884956259441087
721,0.004756195716293364,0.0018308155416025475,0.02702913520889723,0.06773489153289279
722,0.017716624491668817,0.02161558721838085,0.03786043810083801,0.5709280796172934
723,0.005243677044721637,0.004486613133659629,0.033540406156924,0.13376740617475866
724,0.016338027078067398,0.013608196953362009,0.04459541073516247,0.30514792282498826
725,0.008350926800668746,0.0031598538635487033,0.035008212627734236,0.09026035968044256
726,0.007627845049641757,0.01489754091929736,0.03868585062600362,0.38509017323464567
727,0.014106951231964981,0.027885144676504554,0.04160477558230029,0.6702390359333555
728,0.015159497660335499,0.03066303866790167,0.04438243026346646,0.6908823713770819
729,0.007817825189668597,0.008176556060138734,0.03415854507090856,0.23937073558505784
730,0.008108271256606571,0.01256080732516632,0.029586189641733908,0.42454967933580073
731,0.010145178160633525,0.013194466359216572,0.032929464198215755,0.40068876553210053
732,0.004515998480122742,0.017312349428994494,0.05570876203829555,0.3107652871031951
733,0.01458600136330435,0.01539338449914355,0.036091761263176765,0.4265068802516134
734,0.005022988112127832,-0.0029983104508287395,0.02535254992569965,-0.11826465028629642
735,0.010190722426194102,0.013192192943244127,0.03646212658046026,0.3618053630013371
736,0.010950876224054525,0.010457391494717241,0.03967988525220072,0.26354389455139
737,0.0072841642540013955,0.0040004912812769446,0.03708647191254263,0.10786928696563289
738,0.003692424715785871,-0.0013160805584059184,0.029479116359339474,-0.04464450502394256
739,0.010874292156928663,0.011801201902504319,0.03821508591826989,0.3088100319267474
740,0.010030786582808933,0.016846613837972146,0.03475916544780617,0.4846668100610403
741,0.01187136073670619,0.016588191714442174,0.037844890125006594,0.43832051459653387
742,0.01414049062931697,0.014767818921967619,0.03226293999655341,0.4577332048333239
743,0.006929208973524845,0.0027022651625052212,0.034227104959112,0.07895102918384043
744,0.016726110397889984,0.026294057066420778,0.060482515431358894,0.43473815331410426
745,0.01093873864545304,0.02414857007238046,0.03964517460185617,0.6091175108924817
746,0.0075470395096249145,0.011893336365911182,0.03094285504196539,0.38436454392399066
747,0.00490930377856513,0.00880252490888879,0.034806314698352867,0.2529002275930508
748,0.0168611974847137,0.018985357087154906,0.046471023033174706,0.40854183635255137
749,0.01728853998804985,0.0139274966411472,0.050339680013943344,0.27667034508939053
750,0.01127901098023128,0.0258757738948317,0.05402935091477093,0.47892068767677154
751,0.01033269065581055,0.02686084953521809,0.04156688436925479,0.6462079114855644
752,0.009156095894253913,0.009651502496377353,0.032312315297626584,0.29869424111141546
753,0.012019364901158291,0.01941828208575354,0.04880728080464956,0.3978562576242454
754,0.012532015818875315,0.02083304385307069,0.0537925063276048,0.3872852424126547
755,0.006926161377648001,0.006189246038265444,0.0313251235130298,0.1975808981468502
756,0.008623534599286414,0.013820648203305712,0.03656412003774934,0.37798388663632737
757,0.010932316924708406,0.006723843452681767,0.03716026741891434,0.1809417401893985
758,0.007664825846208485,0.015666564786256772,0.03240293672053129,0.48349212669757974
759,0.014361255250334118,0.0199022677570424,0.033114733939319144,0.6010094417038702
760,0.012888950210800559,0.023079981960957712,0.03285935958759988,0.7023868465673747
761,0.0156362100949541,0.024603889799561376,0.047502288888454675,0.5179516687571932
762,0.012048828329150189,-0.003417014565419906,0.02922789352419796,-0.11690936818936123
763,0.00858031545275362,0.009687106757402095,0.03768371397421971,0.2570634827562184
764,0.009564236402796106,0.016460902540617495,0.03388347406807595,0.4858091737448637
765,0.016678294357758593,0.027117944783462335,0.047941105046373104,0.5656512247106389
766,0.004560594685474839,0.002876973529026586,0.031133295191602316,0.09240825654081748
767,0.0154300861984703,0.01935908484789082,0.044602273812757075,0.43403807010291395
768,0.016177520756228966,0.03343637439771047,0.04907134980370201,0.6813828136267811
769,0.014663778981726607,0.013701038321668461,0.037509633613844066,0.36526718609727177
770,0.006888405400457931,0.010509785657794254,0.041390026723858726,0.2539207265535789
771,0.014445221502919414,0.042607806636392125,0.061805316692869344,0.6893874008950416
772,0.01415992803029282,0.015214228672382661,0.03187903693837868,0.47724869172777573
773,0.013103801166594452,0.005345270977658166,0.03454244330535801,0.15474501703326357
774,0.011518790121054877,0.012833288576882191,0.03834728412430493,0.3346596472199269
775,0.008466512694935511,0.020824478654148347,0.03590873630308621,0.5799279172171415
776,0.008758980445203674,0.006204213408063073,0.03681759742158164,0.16851217468161853
777,0.008394609145884257,0.012911417621569995,0.032142726507502856,0.40169018078028235
778,0.015573637267033617,0.015736971427793938,0.04399716563582315,0.3576814824403293
779,6.334759485380983e-4,-3.547003875841172e-4,0.023472434620293664,-0.015111359061043134
780,0.0107586404496917,0.024010551816670955,0.04756144320231045,0.5048322801000404
781,0.015341773145102941,0.0443497506771257,0.06577606035132483,0.6742536789257922
782,0.003847627533818168,0.004216274801566769,0.03033093683350838,0.13900905285948176
783,0.0057646940633894325,0.009174238715133304,0.04227363858857106,0.2170203233372397
784,0.01116683913279279,0.029577490092155705,0.04402089226469563,0.6718966511243706
785,0.01117205260609855,0.0072073749516388405,0.04103622797153147,0.17563444078337062
786,0.01809279135302913,0.030788688549052343,0.04592184985574665,0.670458368854221
787,0.0035670378639895447,-0.005680067162430957,0.02514738292623922,-0.22587110472256242
788,0.005944027423285404,0.009515607419809082,0.04412302392059412,0.2156608177384628
789,0.009327487420985024,0.006320357566514451,0.040419894401202916,0.15636749328880864
790,0.00436507449643008,0.015634253041899287,0.04654804844142447,0.33587343756362315
791,0.01431602072120616,0.017369897629959104,0.041134742103382686,0.42226830026802825
792,0.014190080556413623,0.023745517846063435,0.04297996339081428,0.5524787825002743
793,0.00883548462260835,0.008628180530218167,0.02961347514591926,0.29135994636573853
794,0.013685240424088451,0.016380906549385225,0.04377615237061494,0.3741970379375102
795,0.007490118498241551,0.022987390807252914,0.043177471065255706,0.5323931726457815
796,0.013873284155757637,0.010070194959685797,0.03482748312657726,0.28914506750564223
797,0.0074413039597490994,0.013312322629525725,0.03875300770660404,0.34351714659962057
798,0.011602433685133405,0.033435575785066445,0.05313836024626563,0.6292173042245159
799,0.005915172603139647,-4.863930102568893e-4,0.02343492621606689,-0.02075504764864249
800,0.009553532550456134,0.013539418902671055,0.04888823519206575,0.27694636244239834
801,0.01198408407444416,0.03224910336411274,0.05392996018686588,0.597981219573878
802,0.01715968131918701,0.030906819204801785,0.056888587128431735,0.5432868131357617
803,0.007113141649845493,0.008519426806690262,0.029752759263518697,0.28634072998857435
804,0.013421803657394728,0.01687375259232088,0.03525226223550099,0.47865729806491875
805,0.009991340810759275,0.008347497666181834,0.03607420675829817,0.231397954835463
806,0.009277390624420739,0.010262406294460591,0.031054217641673442,0.33046739135005215
807,0.006212396422210662,0.002799069634867105,0.02299652688885902,0.12171705964099963
808,0.005536438467063578,0.010883392829362133,0.028321137008776736,0.38428516573996885
809,0.009624877955494401,0.005306158188530789,0.02951646215612376,0.17976945070396672
810,0.010392566223587231,0.00965592183202461,0.03521120273477109,0.2742286852499185
811,0.012307483244322058,0.04263886664499292,0.04888905646853163,0.8721556463753444
812,0.014548340457963833,0.018467360207509647,0.049377374333558155,0.3740045001736503
813,0.0096796270251851,0.014959860601156049,0.028601911980607676,0.5230370826712198
814,0.019421481620338295,0.024616517524063224,0.05985126143727383,0.411294882228375
815,0.011067288263186625,0.012886166766468829,0.03785798877777338,0.34038170495825076
816,0.004064553901420314,0.0035716389853288123,0.02978791476675202,0.11990228296595372
817,0.004500190291377664,0.004422536873398989,0.032018944236426955,0.13812250774863483
818,0.007981860055164231,0.015472949778649162,0.033724596574245945,0.4588031096112563
819,0.010810182962303572,0.010814236807396242,0.027713025036641678,0.39022217145540217
820,0.006191520262598961,0.012586135934836,0.030608283281175794,0.4112003217957839
821,0.011614236307731198,0.018250772439476648,0.04539806842718612,0.40201649699588055
822,0.013607756923758617,0.011145136086051438,0.035870723607278235,0.310702850828191
823,0.004362267578687835,0.005017486441079343,0.03104443679110833,0.16162272405974004
824,0.007064608935112271,0.00424702037204039,0.03241709810734522,0.13101173824926912
825,0.00790285114854755,0.003478270293874908,0.03487075756564761,0.09974748289671437
826,0.010887594944779843,0.011654610062362859,0.04301914571076357,0.27091681784482363
827,0.015241263405966338,0.03293229306594278,0.04696907962830572,0.7011483581657468
828,0.005646777891409275,-5.537517986021692e-4,0.026805553988257208,-0.020658099394056655
829,0.017382187890694862,0.03401229233620231,0.04755788931938116,0.7151766578156645
830,0.014830279213105521,0.02585973394888092,0.04334610151419887,0.5965873064826847
831,0.012465993093434309,0.01447180351529455,0.04549994432441325,0.3180620049139186
832,0.0033372019568255564,-0.0015847980371867976,0.025917916068718964,-0.061146815700184064
833,0.009897220324422909,0.014650691971241175,0.038599950162906856,0.3795520955185055
834,0.013372929025337344,0.015486731454220493,0.03658564982213883,0.4233007075044246
835,0.009700576253540729,0.023820028893153863,0.0481567185069403,0.4946356319881086
836,0.005559087698266951,0.014405961741881653,0.041029342476206536,0.351113638982537
837,0.0071411974628130285,0.010509669495101175,0.03550838501485593,0.29597711894540285
838,0.004011646519093888,0.0029083540694285017,0.030104202678826072,0.09660956978189979
839,0.006374366282768372,0.013593455612560536,0.028468265490470712,0.477495041526528
840,0.00403228827704661,0.010096974309615597,0.04923675761437085,0.20506984616445517
841,0.01285248352448159,0.03491442457144972,0.058278677395448654,0.5990943194290199
842,0.015050174849636147,0.015983198615200343,0.03911190581565167,0.408653024747371
843,0.010833261107412385,0.009829375441082127,0.034234390484921585,0.28711991952686994
844,0.013734307857262165,0.01973549376420568,0.030295612614502913,0.651430753862955
845,0.013229469878847157,0.009877027127542985,0.0223361476507559,0.44219922262238115
846,0.00917684898554689,0.0016281959377497162,0.028754114053261712,0.05662479931510957
847,0.014440932908111269,0.016928326682760772,0.03937263589612617,0.4299515716301415
848,0.01710060948646482,0.015139284034084807,0.04749776401196131,0.31873677317257076
849,0.006403018256545907,0.009777500725677997,0.021913285479844127,0.4461905420194227
850,0.016185565055122263,0.024575973609650935,0.05650903096968398,0.43490346919655154
851,0.01864685327260742,0.02489847210188935,0.052342757578976974,0.47568132161018606
852,0.011139184643971314,0.027299646808626288,0.05858234058453069,0.46600471296012125
853,0.0038628003720295747,4.1901936003513665e-4,0.030506129216884753,0.013735579399670765
854,0.009956216246717229,0.01724191330338897,0.05034022549098033,0.3425076692689483
855,0.009279047666745643,0.022849929947409336,0.050472715199293576,0.4527184609978967
856,0.021705025611098355,0.024819042104550312,0.04716799633134434,0.5261839390039433
857,0.010951986933184282,0.0206177994381168,0.04875067273422954,0.4229233830375499
858,0.010903412514454109,0.03375811360893006,0.06389854269106367,0.5283080362590366
859,0.005891677569298842,0.018080982656685902,0.04859984141152057,0.3720378941895027
860,0.008572269923520413,0.008999379150543512,0.02477700928643508,0.363214908082974
861,0.013425053538500854,0.022646600328566996,0.044993219237139385,0.5033336292121434
862,0.008839078677793414,0.0084856858759952,0.03961771609543056,0.21418917374123758
863,0.012061911822174944,0.019913655903425802,0.03483630772999846,0.5716350899690104
864,0.009691120817297326,0.013052863867502039,0.03705367607375414,0.35226906613855896
865,0.005450953835896898,0.011860063269660196,0.04118070401158556,0.2880004981537846
866,0.004012038868751105,0.011069763072278938,0.029011531407778277,0.3815642448061541
867,0.008028718959618984,0.005199448709422261,0.034287784305803884,0.15164143191784346
868,0.00734072009689049,0.0034658420188588557,0.030420105099662472,0.11393261159039555
869,0.015311491801219846,0.017054604140596036,0.03466508801153619,0.49198213877087044
870,0.012069988152833567,0.015449550898402524,0.044499559005695265,0.34718435965680505
871,0.008847162076608813,0.0041493379081348125,0.027003493142455957,0.1536593020112298
872,0.005331085878471576,-0.0018624370156199645,0.028457603067189252,-0.06544602548649986
873,0.014750434703264747,0.02077091680510312,0.03973725966476244,0.5227063209776898
874,0.014534392926560447,0.028740573815182295,0.035654934838279737,0.8060756230670749
875,0.014572257391483424,0.030633430391802566,0.05257859816143586,0.5826216647645595
876,0.01129014697179789,0.02440611508304432,0.03812971728175567,0.6400811971066508
877,0.0031863532510654864,0.005142734472552558,0.028520341241239724,0.18031812554599763
878,0.004413852624509266,0.003135658598182548,0.02472967313522332,0.12679741382090176
879,0.011442863708676958,0.015581396343124143,0.029257091772644704,0.5325681877134727
880,0.009205652677484272,0.013359834848411387,0.03185756107079129,0.4193615078920902
881,0.011474384423260946,0.02061700560225034,0.04239848417062877,0.4862675165291078
882,0.006335993117847853,0.01854502878366065,0.054286072979994444,0.34161669403669853
883,0.010718063130226076,0.006634657084928811,0.03586441461558543,0.1849927610987862
884,0.009469889439401493,0.02296376520659974,0.054178366680188085,0.42385488182310077
885,0.011889457912205801,0.01894322440275575,0.05036669243372296,0.37610618222911807
886,0.009789673321024896,0.013886749548833758,0.03526518047732053,0.39378075940273427
887,0.011954457559305328,0.022022187876670138,0.039699971742902046,0.5547154546931757
888,0.009123354796234604,0.0187990622147522,0.038499326927242596,0.48829586684149934
889,0.01002026409856334,0.016536282812528023,0.05240809832219425,0.31552915182814584
890,0.0054326675256024465,0.005235692614492885,0.032667247103112515,0.16027345671236654
891,0.0062832492473526595,0.00651094793481759,0.03205240433864884,0.20313446273878055
892,0.007908692651561867,0.025719940993935413,0.043444898201803216,0.5920129188579359
893,0.0034886029288458353,0.0019517650942578978,0.036032749872326256,0.05416642085806738
894,0.017477647593410684,0.024271279342437294,0.046899981709450554,0.5175114884436409
895,0.01435295095223091,0.018674726295069534,0.03894281137209924,0.47954232468303837
896,0.004696531402658358,0.004040174367853023,0.021203538771454176,0.19054245668143915
897,0.010159592626993301,0.010747255259603947,0.04022970741408652,0.26714723895408626
898,0.007086140643444401,0.013038792268251,0.03827613400948451,0.3406507110937613
899,0.012877469043745276,0.014129399962689774,0.039566308343786924,0.3571068556591408
900,0.005016961974081903,0.005781501707460756,0.03525462700623967,0.16399270672860886
901,0.020884475610879034,0.024152793832230766,0.06370804479747787,0.37911685893061575
902,0.008050128679253692,0.00975870377783842,0.03263185869988741,0.2990544874439558
903,0.004344255352566707,0.007813004862157672,0.03527348766560384,0.22149794021577146
904,0.011449842032565946,0.015774570890203943,0.044296393099324635,0.3561141164435903
905,0.00805361298479436,0.014490939906581289,0.03025042173104101,0.47903265731041467
906,0.017792546837710553,0.01704286492680677,0.03733105621249041,0.45653315646355824
907,0.005864573150623601,0.021333661078299537,0.03677632575187403,0.5800922371156784
908,0.010707342497569874,0.025683705760608366,0.03644896635874289,0.7046483981965569
909,0.008441748750610495,0.005844291810233231,0.03617431797659603,0.16155914298133708
910,0.00934098113339745,0.0138507548097847,0.040969609854221524,0.3380738761991777
911,0.016201869667286605,0.025951420750258188,0.04837125314188298,0.5365050327337448
912,0.011037883797250469,0.017717416955253685,0.04872782122558683,0.36359961331393004
913,0.008619307728359294,0.01599233027467474,0.04119314584679168,0.38822794292415763
914,0.0124246288165405,0.015211719215210808,0.04442522667436591,0.3424117411197864
915,0.010542061668878982,0.00868449595130258,0.030230873717239787,0.28727241007096876
916,0.007610843368434103,0.01272720094744037,0.03888625823889078,0.3272930213355341
917,0.011275979108409877,0.004972763696953938,0.03254020873344615,0.1528190472805028
918,0.007876797051584474,0.016669472529449652,0.04042352021136925,0.4123706308180777
919,0.011126865934614929,0.019280952753442885,0.034708317978363344,0.5555138905164563
920,0.008015677564572844,0.00931846436528782,0.028019658072771465,0.33256881083581746
921,0.008834792071692727,0.015460748390859863,0.044466321691969866,0.3476956897393181
922,0.011269735779477789,0.012733351749912766,0.050733220213940985,0.25098646796352514
923,0.007523937360215423,0.008452737822320604,0.030730986151619136,0.2750558599264232
924,0.01095506658857642,0.010193711071537145,0.03825649762726311,0.2664569864930003
925,0.006976118478219276,0.00590677544741191,0.030084377829749053,0.19634028933019756
926,0.010796051776437218,0.01483940741585048,0.03187971276483945,0.4654812145050771
927,0.020574210781589924,0.028594431079005188,0.050870804822072915,0.5620990503102483
928,0.010460877787885944,0.01903255534036685,0.04562557823893585,0.41714661106749307
929,0.01827333781094462,0.01982366290211954,0.04217713408221937,0.47000971814433
930,0.00526694374298861,0.004057596051243238,0.02696314220703696,0.15048676523258736
931,0.014902626444862108,0.0416239709909644,0.08071323861302321,0.5157019059850771
932,0.012983935139820586,0.02458519539595316,0.05373345023174841,0.4575398618536317
933,0.006828465368083096,0.008623453296758994,0.031967757682448174,0.2697547129335781
934,0.014843944622909899,0.01907578609076795,0.03872786162495913,0.4925597564744986
935,0.01549398606288281,0.021931444460934164,0.04432382928810968,0.49480030974709804
936,0.013744314159114233,0.02487655111251936,0.04243650559776531,0.5862063985265872
937,0.0027854767126007864,-0.004672366644125364,0.025750132712798735,-0.18145019663541503
938,0.0076961063531066735,0.011518228674153749,0.03719686054694755,0.3096559361405289
939,0.010218648701925803,0.00625976535971139,0.039698123015507576,0.15768416449478204
940,0.00822722503519245,0.017510338952985215,0.054127468919780264,0.3235018984341657
941,0.015288595015014866,0.022968660698084085,0.05883890796503583,0.3903651765891522
942,0.011238827942071435,0.012871665219998319,0.04271694330994341,0.3013245851091158
943,0.010877232333109072,0.02822421817738287,0.05417655169175528,0.5209674166412127
944,0.0075990165602129855,0.0073827387928816456,0.0317530134214252,0.2325051388004698
945,0.008399809094124081,0.010270854868649851,0.032178354773535846,0.3191852082225415
946,0.009332023240317202,0.004274887860407379,0.03192730736879521,0.1338944061592092
947,0.009685356931653575,0.013386684093634117,0.04155569509834316,0.3221383750639717
948,0.006687417527391291,0.0194879957846918,0.04200131653619968,0.4639853555041704
949,0.017078800371389966,0.023770980585295188,0.0539796863417393,0.4403690016797021
950,0.004077734777156414,0.0050215503606956475,0.028560487303166862,0.17582159251669507
951,0.009817948584817427,0.008447493867504888,0.037314051894371904,0.22638907968016808
952,0.005625893132506538,0.0025639461452517756,0.0341022356915277,0.07518410723695626
953,0.014037326535573352,0.017416975941556067,0.03660740327138712,0.4757774216443653
954,0.014141553584977132,0.04074894805607759,0.04428429280426687,0.9201670722435327
955,0.014818278039324053,0.01739062353015936,0.031971927770553875,0.5439341554554653
956,0.009717481712426382,0.01524601551008746,0.04426121169685267,0.344455448136129
957,0.014774543039425625,0.021902592259323617,0.03825806054786424,0.5724961471039947
958,0.0050215604693968335,0.008405907982903828,0.029361397597078898,0.2862911397562395
959,0.011725505883793463,0.013934433028618473,0.039654226055374685,0.35139843630184325
960,0.009209123160469294,0.009195743997439599,0.035756663571777,0.25717567241642386
961,0.016579100266835272,0.03146788205844224,0.05498139439426209,0.5723369224285489
962,0.011639067168940559,0.014749848781066902,0.04046482662483057,0.3645103664429369
963,0.011726826958412154,0.016408367582992432,0.02868204711319176,0.5720779802863415
964,0.005045281228564947,0.004736623229611078,0.03309392973724026,0.1431266479145571
965,0.016327892997130538,0.026560606328642596,0.041569825493993594,0.6389395676553977
966,0.010751832760914067,0.01492724520953087,0.04972355980904414,0.3002046769550835
967,0.011213532002161075,0.014432281847479588,0.03705556692271833,0.38947675197033155
968,0.004595982730395221,0.0039336905475460034,0.041153716936200554,0.09558530408430162
969,0.0035399708876964857,0.007623740755981369,0.03714623583353644,0.20523588958368932
970,0.008603273527824843,0.04670451721968336,0.07795344694523433,0.5991334450225826
971,0.009876271352720067,0.012340029594669698,0.034866695462011404,0.3539202505759294
972,0.003487014496774533,0.00854850086375505,0.03970083666266934,0.21532293982593062
973,0.013221888898750618,0.008403666315104752,0.04335571357186459,0.19383065397309612
974,0.013623443881826545,0.014448419153168373,0.04339195740957854,0.33297458828116755
975,0.012073448152978805,0.01023900526380768,0.03026108959391365,0.3383554723643206
976,0.011063899468628775,0.02729711351264583,0.044569562447662164,0.6124608816768329
977,0.011242591770840195,0.02129257560807024,0.03921403605284832,0.5429835271068368
978,0.008277962944709727,0.0049023865351023295,0.027958562411324016,0.17534472849422053
979,0.011389228976484082,0.006928355396141105,0.03765529427126833,0.18399419072997564
980,0.0049133065989919195,0.008302728698468532,0.024731033328339296,0.3357210589722684
981,0.007198261088942561,0.001032232211854021,0.026249827836159523,0.039323389787421996
982,0.009841136103107303,0.010236812042195013,0.03831948240431146,0.26714379735576055
983,0.011025257684406762,0.017429745118707665,0.05142919859491302,0.33890757769715046
984,0.0016972573377600103,6.280810838869695e-4,0.024163001118161574,0.025993504731284662
985,0.004748573210231521,0.007331901410804509,0.032658731544773875,0.2245004953959327
986,0.012668140515035703,0.015162827987109707,0.03713871265028723,0.4082755406706979
987,0.012985875234900154,0.01130755900144933,0.038470648421233884,0.29392691481665073
988,0.008714282285343027,0.012204473327798573,0.03651665259951008,0.33421665073326884
989,0.01315112251203141,0.01326255283279733,0.02704574049808604,0.4903749199891897
990,0.00793411350412384,0.022403052770069227,0.04450737598448892,0.5033559556033324
991,0.013610596927192293,0.01856000218301688,0.05022282306168785,0.3695531443985126
992,0.010843361001375004,0.019071781078271826,0.02370456804597339,0.8045614263581352
993,0.01646688787728728,0.015438961216113071,0.042872135540481214,0.3601164490986254
994,0.010595053086720653,0.010424445231121482,0.044459531079625046,0.23447042687993636
995,0.012743301201165786,0.021258165498488607,0.04415658822414015,0.48142681202138016
996,0.00499306353699212,0.002981845409695634,0.035534314456247565,0.08391453318642461
997,0.0098693344479096,0.0071515389838463575,0.032037440358117876,0.2232244181777852
998,0.0049497295806168375,0.010581005389785904,0.03543603095127802,0.29859454080322995
999,0.007686684789938511,0.004754410281126297,0.03165116395348826,0.1502128101232851
1000,0.011928783586759958,0.013462752251045837,0.044377077398940853,0.3033717639856822
1001,0.00930565246448606,0.01686743253231334,0.04152060286385607,0.40624247647898537
1002,0.00500304272141707,9.538298644459019e-4,0.021609348279441297,0.044139686774050314
1003,5.207767549309092e-5,-0.0065222854807146634,0.030910331638577846,-0.21100664842348316
1004,0.010139501874248934,0.016691592203716618,0.03541213248004947,0.47135235962195576
1005,0.009845306052250001,0.014658348802839338,0.03427210453399663,0.4277049513635444
1006,0.0030726276996339967,0.013305669233639081,0.048955660741721675,0.27179020836500606
1007,0.01282972511964283,0.013167867026462532,0.03810187600536336,0.34559629097026545
1008,0.007915490005894381,0.004279950056490084,0.0372010625106016,0.11504913482700604
1009,0.011084664616162086,0.01337814823754972,0.027323799334707414,0.4896152278704683
1010,0.007782114794703433,-0.0020143687161987786,0.02618102800121637,-0.07694001611033727
1011,0.01682876162554408,0.026137874507749303,0.05353824549134666,0.4882093962525153
1012,0.002661976197882411,0.010419498999052796,0.028246725882244736,0.36887457479106495
1013,0.009587231004755677,0.01345762907516462,0.033027486844560285,0.40746754781861727
1014,0.012185047302350427,0.018187401443501835,0.04377949999325797,0.41543191325398166
1015,0.0049653177039274,-0.005043652927539818,0.028876558664287,-0.1746625346245826
1016,0.014777773657320583,0.017471387861454746,0.03249031662155915,0.537741385070452
1017,0.012058130953888795,0.02422752390549462,0.04700298988886859,0.5154464420832996
1018,0.006320785255880561,0.01539494374614734,0.044869971051819536,0.3431012631670297
1019,0.009718832237867195,0.0300187265681823,0.05127113090073014,0.5854898466410619
1020,0.009581448098230505,0.010689087939802975,0.04500842800443189,0.23749080813821008
1021,0.008593748385158629,0.004628919861007853,0.023266677086341198,0.1989506212610515
1022,0.01443673096294926,0.010346771535436606,0.0352817882926325,0.2932609721938954
1023,0.0126592224167275,0.024108387467763406,0.03151141958637942,0.7650682763331956
1024,0.0028349440725618153,0.004106972619905881,0.030717135587357707,0.13370298178441462
1025,0.008337382230175239,0.008913882482739584,0.035609231164658604,0.25032504750022294
1026,0.013599110570495829,0.019880795729692213,0.047456685089140166,0.41892508278547397
1027,0.004179991884433283,0.006054222275654788,0.030307624088661507,0.19975905263783955
1028,0.01635511020656079,0.02932193934403115,0.036542162311807375,0.8024139100973986
1029,0.012710016611446719,0.009512843636165473,0.04524877762490442,0.21023426787400576
1030,0.010851061667117867,0.02042125478556175,0.041148795659644286,0.49627831041454795
1031,0.016759935362255174,0.02618443179958471,0.036820263615731846,0.7111418884137791
1032,0.015401049479596642,0.023422215644743106,0.04102148458857382,0.5709743535529468
1033,0.007231480029337958,0.007199514363084224,0.033964373949383724,0.21197253256643223
1034,0.009809273182521124,0.005561309576629265,0.03927017005907964,0.14161664103472443
1035,0.009621778113556804,0.009621994792459784,0.036763958329527203,0.26172358009479674
1036,0.010592443923244446,0.01717320322347718,0.04126415323912089,0.41617728404507653
1037,0.003918721804111223,0.0050148342246464864,0.02794214085202489,0.17947208308783094
1038,0.007975350381635887,0.009406570438266164,0.03202716550397049,0.29370599271733894
1039,0.014516444567631145,0.019342333290301838,0.029430618932946167,0.6572180263816683
1040,0.0033370096515043155,0.009577625798701214,0.04397972502801473,0.21777366258202716
1041,0.014782677612676065,0.020311276092511273,0.04267215087765263,0.4759843522007294
1042,0.011892917367211377,0.035658726200967765,0.06517798409405488,0.5470977155339839
1043,0.009010311854116874,0.018340735610467226,0.05013691894463587,0.36581297767260373
1044,0.010572135924203382,0.03063052232443565,0.06183109044957494,0.4953902980154577
1045,0.016245593836137922,0.02065492939573468,0.04904872938631928,0.42111038663308925
1046,0.006502487542527151,0.02334795143812061,0.0450066286094565,0.518766949658053
1047,0.013987452831402633,0.022329333346306993,0.045773730857269754,0.48781982434277943
1048,0.0063808221552978,0.019522122252151563,0.03228684513548534,0.6046463248493574
1049,0.01351537197952228,0.02234027075408945,0.04910040008701089,0.45499162358148254
1050,0.00658891555114768,0.01916955894143634,0.050844823344486756,0.37702085837839666
1051,0.011801626994924685,0.008114407923927341,0.03798544279320456,0.21361888468966264
1052,0.010808545739566676,0.01799340687586243,0.04036540615309224,0.4457630577930906
1053,0.010474895447349166,0.011142933959504053,0.03633436862584124,0.30667751720829756
1054,0.001202953465585982,0.002549208405289283,0.022922577614034174,0.111209500441545
1055,0.012955055424026607,0.01517492769093057,0.044469735228879675,0.34124169196931986
1056,0.007860380239035951,0.012170939250853623,0.025638607520370383,0.4747113992514441
1057,0.008395820648247178,0.00818892344846134,0.030183420051260828,0.27130535355350727
1058,0.009216651779365325,0.011040048937943055,0.03542134130087099,0.31167789057360135
1059,0.005776872914285532,0.011250243342078895,0.02918409302477821,0.38549230680313024
1060,0.00484309112387493,0.004809847009030765,0.028366388103181085,0.16956148916581223
1061,0.006900667727068655,0.012647123659195675,0.03488272924497219,0.36256118523233283
1062,0.017395507851830482,0.033053331466559435,0.049609282490132335,0.666273120824394
1063,0.007996497882456129,-0.0012170032489966967,0.030639873746486055,-0.039719590852957384
1064,0.0048236754261442635,0.0018702200472369207,0.027594457778402495,0.06777520552336042
1065,0.010464093834576705,0.017607888640921474,0.04103218400238281,0.42912384678083315
1066,0.02076857824392878,0.02382749081118588,0.044661577268377405,0.5335120761186577
1067,0.005769781852263941,6.059163387474426e-4,0.027529369455162583,0.022009815362255422
1068,0.009560599166406293,0.015114033812526862,0.03798584290451445,0.39788596637224094
1069,0.006245035143678534,0.008831958372997984,0.026984399681794006,0.3272986791311419
1070,0.009264397693941103,0.01122469353716447,0.03655229726718421,0.30708585715190423
1071,0.008195481381001908,0.010346179177126073,0.037438304380596296,0.27635277153439514
1072,0.010278835419372051,0.0130828920362719,0.04128122397037432,0.3169211272820036
1073,0.009214410425328444,0.012927944569055235,0.031526409925626706,0.4100671341758633
1074,0.01398261387451369,0.015224063624457421,0.03638999498297718,0.4183584974820431
1075,0.008562104200301691,0.012170881796913936,0.03434717494624486,0.35434884574821673
1076,0.01589487423180449,0.03113956949002209,0.05721236281442161,0.5442804309800799
1077,0.01369581825242366,0.021472974122754715,0.04080728787817634,0.526204392383509
1078,0.012411283837059375,0.021907074792198104,0.035545241154510306,0.6163152669852778
1079,0.013550108254181403,0.016140096565671197,0.043052464331535506,0.3748936748749301
1080,0.015493198720109833,0.01969163186872579,0.04783886569732312,0.4116241382752447
1081,0.008334723007087728,0.010653736788583414,0.026071335261012032,0.40863794208942483
1082,0.013421170580206324,0.014147473050605408,0.03992591496017536,0.35434311435860627
1083,0.005632225080449048,0.01593938708609147,0.038827113509003634,0.4105220719638425
1084,0.009233482512679704,0.008910009604094736,0.03076758312563667,0.28959081926297264
1085,0.015881253013081114,0.02290314393777807,0.045040477021856734,0.5085013626002205
1086,0.012151353096624263,0.019404339749929014,0.04832699918610171,0.40152171822639215
1087,0.016394379574585425,0.02216297257476736,0.04923057840948491,0.45018712537607275
1088,0.007903838660984609,0.008769437472520838,0.0295594863487273,0.29667083416347695
1089,0.013216938097650208,0.019071146730372895,0.03904237001171963,0.4884730800063667
1090,0.011181484439450395,0.024889997394441643,0.05769116930978738,0.43143513456606303
1091,0.020567223487810465,0.032869960470648864,0.04503682907700286,0.729846242381954
1092,0.014406734446263041,0.023010697821082622,0.037885739173062205,0.6073709612994395
1093,0.00472959873639522,0.009235509489842437,0.03163630197890478,0.2919275930543561
1094,0.0041572563566390506,0.006679056141816029,0.024766560509346,0.2696804079555413
1095,0.008290839260136356,0.004739054044691186,0.03529350168828486,0.13427554133185496
1096,0.003378729455918387,0.0016654564708137708,0.0322215502422893,0.05168765805153397
1097,0.00817008210345849,0.012204650914843525,0.03689952537776094,0.3307536015679804
1098,0.012601791938865584,0.0390008263540711,0.0565043798090009,0.6902266069622172
1099,0.01428475585480051,0.028410247797674787,0.049269144301224484,0.5766336761194513
1100,0.013752321255763847,0.01809587474756924,0.03856275091591615,0.46925788015036196
1101,0.015287854410626626,0.028617248931981497,0.05938282259678248,0.4819112275328599
1102,0.00831775854214754,0.008455345327338373,0.03897258204418309,0.21695625190428938
1103,0.011526497117980594,0.013049236320929952,0.03593255161019332,0.3631591895418903
1104,0.013385569848417211,0.025537154871679603,0.04412396221642916,0.5787593314131493
1105,0.003780244608495266,0.004359054379303513,0.025309787351801567,0.17222801277282296
1106,0.006875420304739174,5.921805225231606e-4,0.03933795142895669,0.015053669573836935
1107,0.016433947023569682,0.029105628621636282,0.062137917701412505,0.4684036687791142
1108,0.006916717252746104,0.011701137303294055,0.03409006453016812,0.343241864295654
1109,0.0054971941798722945,0.009147440169945197,0.033763922238157155,0.2709235054334868
1110,0.011594939691270205,0.014595257491153226,0.03890401551919034,0.375160694760513
1111,0.008671094635437235,0.012791411156599168,0.04281533729140309,0.2987576874506501
1112,0.008879773175502193,0.012412509380535437,0.03786137811825029,0.32784092913279994
1113,0.005039430015602682,0.022216626102490755,0.046763911705561656,0.47508057585885227
1114,0.00830267770197894,0.007693933747386184,0.034897344840688405,0.22047332777064105
1115,0.008348263602940031,0.012110180025055201,0.03844209677003037,0.31502392019616243
1116,0.008388819100877623,0.0019558656677028576,0.03913181799997992,0.04998146694088839
1117,0.006342231815074026,0.006059590373276119,0.031462973620520286,0.1925943315581598
1118,0.004789376459278661,0.009686445797812757,0.0335251002462617,0.2889311508887395
1119,0.011856449694172839,0.017732105100439273,0.032059519113912846,0.553099534569877
1120,0.011261462121755779,0.009198976905617526,0.037986989197215486,0.24216125310325537
1121,0.012602222332844736,0.031672023791343595,0.04446570165801829,0.7122798608898671
1122,0.017283212840136276,0.03887429328367219,0.053532563100607944,0.7261803103022114
1123,0.010079729038788142,0.006710418799529075,0.026522810080620168,0.2530055744143144
1124,0.013650894089870368,0.015293415009216582,0.04085079489298768,0.3743725195379687
1125,0.011742081223608808,0.019657437327162373,0.03317872819134054,0.5924710921346543
1126,0.015878055826638864,0.03364420039410574,0.06352252039191593,0.5296420889242204
1127,0.015633122784750497,0.008695196551080992,0.03677713534467034,0.2364294138080844
1128,0.007868334129321194,5.431028080602038e-4,0.030004713463354513,0.018100583054176087
1129,0.01517122390115894,0.05394737409806739,0.06545019584930441,0.8242507665260215
1130,0.006980759678150753,0.003254651434053482,0.03628961333245639,0.08968548119366748
1131,0.013399364935702374,0.01732744317745668,0.04705516527230811,0.3682367934993494
1132,0.008765221756827063,0.011214643012544462,0.02464121224706549,0.45511734163484624
1133,0.010630765400642832,0.012033092026043007,0.03558446149717457,0.3381557994631573
1134,0.01207994333705684,0.020987126116581416,0.045604869283054454,0.46019485301714635
1135,0.004467369257133191,5.401013421869856e-4,0.029462368018774557,0.01833190535950173
1136,0.008664600458453495,0.009700224488545838,0.02641126113857821,0.36727608112499344
1137,0.013721789350969384,0.019088874994916117,0.054685217243716874,0.349068284941473
1138,0.005443119104234651,0.008194746017933149,0.032277223214051694,0.25388633847429654
1139,0.01127573897866473,0.015816613806014134,0.04987276492873795,0.3171393009514137
1140,0.012672603544573249,0.014195263778149782,0.0409171519964757,0.3469269752541051
1141,0.013934578309003777,0.014426027504478326,0.04614675956152668,0.3126119285850256
1142,0.01069845509763191,0.017475709227368085,0.04187254682925655,0.41735481958211634
1143,0.0065738748990237334,0.0037446204614476563,0.02964686238910452,0.12630747943242174
1144,0.009640082282211627,0.012068965575570674,0.029056250486824895,0.4153655538261263
1145,0.012643747911548391,0.019019602982892788,0.03393895829180683,0.5604062098595494
1146,0.0047598110337353505,0.0033568263435332147,0.023788851145630598,0.14110922477859036
1147,0.013016565872391927,0.01365267045902847,0.042184341463391284,0.3236430861644866
1148,0.009989573055492609,0.017939237323634134,0.04332697135266815,0.4140431875012516
1149,0.010336298254240695,0.01723390900715298,0.05244500554431937,0.32860915597747875
1150,0.009404507958598414,0.009175638978696497,0.03842320241715091,0.2388046389022686
1151,0.009974412999281743,0.021416461341218097,0.04487408525588873,0.47725677791744314
1152,0.011408792864658701,0.020433747328400746,0.04465897230296803,0.457550773667103
1153,0.011164298874656087,0.02865452470081427,0.04993836949924186,0.573797762885496
1154,0.006920005943227252,0.008532768448361247,0.043713158292188456,0.1951990837936332
1155,0.0054473035375913765,0.012737533227343403,0.03380240493578703,0.3768232837734577
1156,0.012026951044579385,0.014432583882147375,0.04193511544538739,0.3441646393210269
1157,0.008767221849777547,0.018178861018502877,0.03422209130549927,0.5312025164161038
1158,0.012800392181324961,0.03743624299099592,0.05287240147145946,0.708048848721275
1159,0.01309819581502807,0.04780267137312532,0.07045974340268168,0.6784394757149507
1160,0.007505337821211785,0.006389325247818848,0.03202049201815734,0.19953863432815952
1161,0.014650228421200121,0.023640318924319514,0.05125680814557486,0.4612132471686192
1162,0.010480617162370906,0.018665680450817023,0.03868036350106682,0.482562177842569
1163,0.012830068126126156,0.009671049953262715,0.034810310240523674,0.27782142378048585
1164,0.010952214629378919,0.0049359871258407035,0.039889670248522316,0.12374098595170897
1165,0.005112200893431785,0.006950610042189928,0.037949393382150184,0.18315470743358986
1166,0.01136218227195184,0.03233455826736473,0.0674264304489272,0.4795531670901198
1167,0.0121741255571583,0.01791272720720426,0.05274652867906337,0.33960011503684684
1168,0.009097671693433755,0.013413616520983768,0.04146363907507561,0.3235031179172811
1169,0.018094584216430957,0.023217559674173122,0.04140884359064517,0.5606908491262067
1170,0.011664395054349663,0.01844398133686847,0.04789415930358308,0.3850987595368153
1171,0.007796527988444364,0.0025050518462688804,0.03062649495659704,0.08179361855866843
1172,0.004479753098209982,0.014619828623698556,0.053749777105342886,0.27199793954578655
1173,0.008710888876384857,0.009857112429026245,0.03316804309246853,0.2971870363755196
1174,0.019184229393875193,0.017126491906742543,0.03796654453418829,0.45109430201951617
1175,0.005550531508734925,0.022457808266696508,0.043046893381886456,0.5217056679901191
1176,0.009619976391074092,0.0025919276563651393,0.031468526545603115,0.08236571396531725
1177,0.015291159953644613,0.02452595432312992,0.04523719022076884,0.5421635208428532
1178,0.010934728389548119,0.03610148786460101,0.04746368873588621,0.7606127721233242
1179,0.01043064159919854,0.014690584744389688,0.03672096843611131,0.40005983965126046
1180,0.01260619114581032,0.0030162587293424224,0.03495432434316669,0.0862914327775321
1181,0.006859242335342156,0.011462681450684492,0.04089426669742694,0.28030045227356337
1182,0.00809596318058005,0.0022267225346030315,0.029392724153366433,0.07575761004609022
1183,0.010314518957033622,0.012594164813902686,0.03027698917014397,0.4159649013687843
1184,0.011059126322300142,0.012133364774643983,0.034068475000326344,0.3561464014614026
1185,0.007969358063462528,0.012610060093117019,0.03113443197572685,0.40501975764157583
1186,0.011238032628665854,0.010197345316544306,0.036420588046761744,0.2799884862773648
1187,0.015166343330749562,0.023082849299601842,0.04068761929153122,0.5673187495736901
1188,0.008299694954444724,0.021287874815638402,0.0376414255341556,0.5655437995121071
1189,0.010499210194787084,0.016534868362085547,0.03782943246943595,0.43709004557350384
1190,0.008260548550727184,0.009724318006516713,0.030338699594580812,0.3205252082806377
1191,0.009720852430971292,0.005736991895441712,0.043756281607381216,0.13111241825616973
1192,0.009287863670525937,0.04248301983432994,0.06747859473223047,0.6295777202075957
1193,0.017042011705592972,0.018658647143033218,0.05245404427755677,0.35571417609483724
1194,0.016893462374383005,0.01687082777205259,0.04219124532434694,0.39986560345297717
1195,0.011487027743904674,0.00903899327027512,0.0374123286664952,0.24160466863347205
1196,0.013744969191712897,0.031530855491165036,0.05912442985090824,0.5332965674371011
1197,0.021001500896696307,0.030050026173824625,0.047846317844556875,0.6280530566939583
1198,0.020352175902591935,0.03138308309021251,0.04630131746011115,0.6778010823827899
1199,0.010776849429008058,0.011559407578692841,0.048266032761918216,0.23949363387108927
1200,0.019353829836903792,0.025775573313864913,0.05003552188799026,0.5151454874712055
1201,0.011870189067604724,0.01724250156589374,0.02686536800591518,0.641811478707357
1202,0.012340802130401297,0.01821151684084082,0.037488783864694765,0.48578574611996417
1203,0.0057318004692383335,0.003762050866680454,0.03006907776109747,0.12511360995406684
1204,0.012167042535903182,0.0041440157392470915,0.046270892194800586,0.08955988403683192
1205,0.012424167971840056,0.0286614401510645,0.05359451608016005,0.5347830757198416
1206,0.011549324968759373,0.010257214795123771,0.025420562044903918,0.40350070848177977
1207,0.012508493919194053,0.01964199689581155,0.044054955814018824,0.445852152904923
1208,0.004822617875914902,0.009620040319500613,0.035129750762994516,0.2738431133315728
1209,0.01912976320858882,0.03694364170106835,0.06805010128601241,0.5428888569290352
1210,0.008878611191188641,0.00998400568234258,0.030580016833644627,0.32648790668283795
1211,0.008365458429072728,0.0040199011524913765,0.03897890073009502,0.1031301826679702
1212,0.004685557805053841,0.005514852925423413,0.03239803263645004,0.17022184610119875
1213,0.001312816831166217,0.010664872065055177,0.03507374606269708,0.3040699458218942
1214,0.009001337315778724,0.011473157164496024,0.05140711258506436,0.22318229107910242
1215,0.00895318904312417,0.01293479829647431,0.04407780540562302,0.2934537728782707
1216,0.010965299212133602,0.008760181267040883,0.0296409290640648,0.2955434105357141
1217,0.011249918302485236,0.04682332767921333,0.048068867427979466,0.9740884315480846
1218,0.007152238275074464,0.004359222790531586,0.025398849203180508,0.17163072057554926
1219,0.01323383734893623,0.02058770604671895,0.04592201411472009,0.4483188824272334
1220,0.009572674772528779,0.025498650950702067,0.04135665701339746,0.6165549343710687
1221,0.01071516795111673,0.015470242385979415,0.03472578425794235,0.4454972786522775
1222,0.006378365914535899,-1.49009599212188e-4,0.042209727322195696,-0.0035302194225223607
1223,0.01039575157043632,0.015977211755169862,0.04091634269694992,0.3904848454688711
1224,0.012037574236896319,0.03391754398419713,0.0597901665739524,0.5672762918672536
1225,0.015196348732256372,0.04813600023897747,0.07292750363160498,0.6600527625645548
1226,0.013381634388985523,0.01586707934956335,0.04318480763329962,0.3674227169030692
1227,0.01331776154681669,0.01758784989372592,0.04212802930617401,0.417485702117767
1228,0.010790138574082571,0.0156839128537259,0.031045930450351703,0.5051841779652065
1229,0.006902668264687951,0.01276685340436445,0.04307016074089808,0.2964199154297895
1230,0.010947117269587489,0.024077946438249842,0.03816920091273488,0.6308213392598535
1231,0.009221144885950569,0.009700220240006814,0.03045729710514514,0.31848591838335383
1232,0.011529303489752292,0.01050217038476005,0.0328399285743906,0.3197988193235568
1233,0.0108881682572535,0.01703952327308337,0.04363936586248969,0.3904622108115858
1234,0.012969525265685471,0.01578982116876366,0.03809611252473157,0.41447329195368904
1235,0.009801729348965093,0.007840797629539523,0.03525602956117163,0.22239593417447082
1236,0.014388534727768474,0.019352334792340876,0.046286945702606684,0.4180948753171034
1237,0.011645152696859104,0.011280746673732217,0.03859070646054486,0.2923177031046491
1238,0.011303229733783733,-0.0015880653827255462,0.03481656651349858,-0.045612348997993366
1239,0.01598620068279866,0.015304227948941112,0.04676651905812365,0.32724753214837926
1240,0.010550520701538751,0.0057113875952638634,0.02480994525012077,0.23020557029387484
1241,0.014961770419366348,0.02374938770645751,0.04874925516277077,0.48717437070904496
1242,0.013430292801966006,0.033054352384772126,0.0522848318136226,0.6321977376268417
1243,0.015744020589612617,0.011930383540671887,0.031346338243224525,0.38059895379488623
1244,0.006436541942030497,0.0010875183701816774,0.03459881315925815,0.03143224494943905
1245,0.00928142923348692,0.016801152810745467,0.04190865160779685,0.40089938869853103
1246,0.006688826907599675,0.00941027265380718,0.04250396277393662,0.22139753659810626
1247,0.019376957582516625,0.02414944165604117,0.06098232074422796,0.3960072585188871
1248,0.01189151188906814,0.008916843920682226,0.041421128685511545,0.21527283788867868
1249,0.01166916570876438,0.008149712807096811,0.04597630325923526,0.17725898407153423
1250,0.011369315629276514,0.01600584369585915,0.047253588689602714,0.33872228839586405
1251,0.011991027319727853,0.013058755628556452,0.026427604540879533,0.4941331556689718
1252,0.005421435064855362,0.01015866058320153,0.035156992657700344,0.28895135264012706
1253,0.013256727976335708,0.0167006160830472,0.03932434496987276,0.4246889832708442
1254,0.016438706462665275,0.02986598621287822,0.053648922051458624,0.5566931276686521
1255,0.00758402746054976,0.005234313035233532,0.035111417699652044,0.14907723407834383
1256,0.006950739273563098,0.01143445984880061,0.027323181150481202,0.41848933276933725
1257,0.004346215024676039,0.00488225287279869,0.026053446947382163,0.18739374036222323
1258,0.016681960507907635,0.038797036733506325,0.04799701387532632,0.8083218850714918
1259,0.016128923723551705,0.031414195794975994,0.04783361023117012,0.6567389674991615
1260,0.009302743640670276,0.008419346241405586,0.027451501193517764,0.30669893722947583
1261,0.0050920432210190625,0.0034699871022818496,0.024148664344006397,0.1436927133049943
1262,0.01281236446435996,0.00921707613486177,0.032911213891175566,0.280058832388833
1263,0.005565832409250571,0.0016123991847255337,0.02257417410135432,0.07142671875773295
1264,0.01089133853145393,0.017438580131592666,0.031116984857186752,0.560419983222284
1265,0.009718744418055167,0.01978087919369383,0.0429673933664425,0.46036954173586614
1266,0.006784790137146377,0.0179617195309925,0.03987225242015767,0.4504816869064523
1267,0.019580813045660398,0.015714495607493124,0.05087925665903363,0.30885859266387317
1268,0.015716983899679203,0.049163405885378944,0.06940134552465364,0.708392690569875
1269,0.016676938249245654,0.018718575928314156,0.04623449503195451,0.40486169288486873
1270,0.015015688175749626,0.017633629802231293,0.04678010139379027,0.3769472334784643
1271,0.014798384159789584,0.019997831180198756,0.04887061303421546,0.4091995155902343
1272,0.011850875796453175,0.013513745954732271,0.0377676710824199,0.3578125303316002
1273,0.013322339355032515,0.01405962655367808,0.040883813783886315,0.34389224615878305
1274,0.0043246177096472925,0.002427414507617791,0.028096785451351917,0.08639474119986891
1275,0.016628319314621186,0.023091203247425467,0.046329490713933344,0.49841262857830015
1276,0.013844606060411544,0.027638886581693126,0.06465787384838029,0.4274635854328435
1277,0.009707403043935222,0.020270578838100267,0.03729475725833462,0.5435235493742275
1278,0.005687177463783438,0.0033617707614867066,0.024218470542144495,0.1388102009016887
1279,0.012510924420667507,0.028103873863405064,0.049952323417532835,0.5626139474733791
1280,0.014259289049769476,0.0171257066396832,0.05480067531955065,0.3125090437265733
1281,0.007935107479540708,0.00420981924535571,0.03435618979780639,0.12253452056620383
1282,0.014986518373234925,0.029924467067249067,0.05140736753129298,0.582104637998304
1283,0.015484627728029431,0.025233752268152155,0.04572846041011552,0.5518172280860397
1284,0.01766951418151672,0.016872802721176892,0.042472398272375256,0.3972651276476478
1285,0.015873497737101155,0.030925590483010124,0.046398442036802996,0.666522174569571
1286,0.013759958541046207,0.024517914620554183,0.061354931375836884,0.399607889223554
1287,0.008315370166281753,0.0141403916570229,0.04102154635142804,0.34470645099244646
1288,0.014949976729297699,0.01847946465285941,0.048561520769036984,0.38053718994405933
1289,0.007601108788981796,0.006961229966220613,0.04029746337943269,0.17274610812782662
1290,0.014849043926496257,0.025685896060209008,0.05118205861380649,0.5018535157802382
1291,0.01812147851661734,0.011292293654210516,0.043473230443806424,0.2597528073927461
1292,0.006907670238461301,0.006683645275889014,0.021280721744450736,0.3140704228056491
1293,0.011402910086117789,0.02274037103045951,0.03786638404345437,0.6005424495870352
1294,0.011385713575175618,0.006956246109026677,0.03379581804992747,0.20583156468501598
1295,0.005658241347114941,0.011177654513677932,0.035953182660673724,0.3108947160303631
1296,0.004664309202450229,0.016776075609402273,0.04456498900938992,0.3764406989053116
1297,0.004656244215201097,0.007504790407379155,0.028391507835853893,0.26433222394415473
1298,0.004870954432550102,0.006587065521246394,0.032579608470110606,0.20218369190315905
1299,0.012634060607160014,0.0075883577148191435,0.024137658464326157,0.31437836963491006
1300,0.011629913623045773,0.007425685869057751,0.035392526104195896,0.20980943398039656
1301,0.0038281423288332086,0.011850664545975024,0.035229954480159045,0.3363803536178036
1302,0.004807937242405764,0.0010103602142598807,0.025928473931779612,0.03896720712982332
1303,0.014467286853608895,0.039746104847194,0.055521719947064924,0.7158658788864685
1304,0.01129269678341067,0.00864214384659037,0.031107866247258215,0.2778121706548122
1305,0.007677827476644806,0.014391542436874382,0.033636447324466925,0.4278556025269075
1306,0.012964638815453816,0.025968425834594536,0.050077802330797526,0.5185616106524731
1307,0.004113281675359808,0.015943075978844107,0.032616874288108506,0.48879840042357003
1308,0.010293861954040435,0.047458403197948,0.0770875044949112,0.6156432681133281
1309,0.012238576369205329,0.020691349406147794,0.039483980886481425,0.5240441551634963
1310,0.007162364419388823,0.011144136938299543,0.04607069600990539,0.24189208984174035
1311,0.013890612486515555,0.02560560468655575,0.051977978381774155,0.4926240974299655
1312,0.01329243117272938,0.019874121618650948,0.03434485466101775,0.5786637275017664
1313,0.00870538758016945,0.013305980763172326,0.03749840430462744,0.3548412528457996
1314,0.016222044744166546,0.02027625662292232,0.04755047975586788,0.42641539532353856
1315,0.01544944698507187,0.026137002645178136,0.04734357418270978,0.5520707529243444
1316,0.0193929658601674,0.02813813858344699,0.0531498338724558,0.5294115998738654
1317,0.011130372172793007,0.012498095711231188,0.035014811253543596,0.35693740059690726
1318,0.013588159260284458,0.022330687028761387,0.040383263507740665,0.5529688561322202
1319,0.008570031282195861,0.011111925758393457,0.035862622613433946,0.3098469924570154
1320,0.014608158966080207,0.023835598870649167,0.06311610763926757,0.37764684423948686
1321,0.003847105155026232,0.014701127290321107,0.03458730522576588,0.4250440210464698
1322,0.012243203531310691,0.02168069974043014,0.03739850154473004,0.5797210809235015
1323,0.0024449048193835314,-9.336769288900978e-4,0.030928371378356724,-0.030188363863978718
1324,0.015964784168474137,0.014793240498700929,0.030572914531348475,0.48386752540496
1325,0.015033932756199886,0.04313072780630957,0.08800866057757298,0.49007367596843604
1326,0.009241635167684762,0.018200797996878897,0.056941657450728565,0.3196394135985239
1327,0.011161661371555566,0.01897950235349059,0.05417911394645072,0.3503103127941416
1328,0.007128561974934273,0.008352763068047098,0.03874698938811576,0.21557192442437884
1329,0.014441263493207972,0.01651723103263587,0.04931496839233189,0.3349334202392833
1330,0.01480613895510274,0.025064422152961757,0.0576534068938396,0.43474312279782984
1331,0.013851250730730775,0.027946789345453277,0.046150833412888684,0.6055532972812684
1332,0.014987911701635097,0.037353948423249635,0.046102546061591906,0.8102361282464887
1333,0.007335321428324653,0.010532744043787401,0.03272993955794498,0.3218076228078657
1334,0.004426997783563448,0.00197882211554129,0.03467220888967113,0.05707228292947849
1335,0.0026947911445341327,-0.005146296324065824,0.028916672897146247,-0.17796986335083198
1336,0.008926683637559694,0.010620755306646284,0.03459770523745909,0.3069786054812429
1337,0.010641187491110116,0.005554630186036728,0.034406164036132475,0.1614428792527815
1338,0.008970361960317445,0.013303179054556634,0.027141723043967614,0.4901376022814194
1339,0.012192318448342022,0.012123728898804339,0.02502670792870235,0.48443162933547534
1340,0.010667684953495108,7.334950054887501e-4,0.03268443013912607,0.02244172538320298
1341,0.014680764711877283,0.02544160813576703,0.0469256236078668,0.5421687807149759
1342,0.02170161784789877,0.026838133466256717,0.051494830165729956,0.5211811240056796
1343,0.008110259499353276,0.00855073024737637,0.032816788351280365,0.2605596305112764
1344,0.009589580130944273,0.02047090476235876,0.04555705188360255,0.44934656471322054
1345,0.011415062549086192,0.020060779298091424,0.036606576904301226,0.5480102482823055
1346,0.013205365904359815,0.018590237810231888,0.045783051567162426,0.40605064917878053
1347,0.01407760526290223,0.024703328946022157,0.043806311379352314,0.5639216854415603
1348,0.0058313299067408435,0.014007916543953943,0.03361950577667525,0.4166603946234225
1349,0.010483118150192528,0.013468463651174104,0.029152793640793727,0.46199564326924675
1350,0.017179133370691577,0.024389292155761577,0.054376049372371595,0.4485300502201204
1351,0.006537611976859532,0.0041444140201427355,0.038926672830207475,0.1064672040741851
1352,0.009983779982529048,0.01713869822819424,0.0271709199011938,0.63077357301551
1353,0.009243406304621359,0.020504766899549488,0.049992489859662495,0.410156944715294
1354,0.01299354597307531,0.02567553755910154,0.049324653630327404,0.5205416697202079
1355,0.013797910670893688,0.014765471536523137,0.02986775415066896,0.49436162699204583
1356,0.008791935700057735,0.004057758506072912,0.03057090876391721,0.13273267528318547
1357,0.011101979218286045,0.01710660027785209,0.03784334434369582,0.4520372227805446
1358,0.013717066151820567,0.010745550348396476,0.045393347659302544,0.23672081709079174
1359,0.015009512125658288,0.027676608472591676,0.03952470906331864,0.7002356027024439
1360,0.01339659757703043,0.03596812259209856,0.08216715804549805,0.43774329607678647
1361,0.011078608773575551,0.02053032641587337,0.05032177147151534,0.40798099541258337
1362,0.005693611663917049,9.111644769625766e-4,0.02960572271843269,0.03077663347820523
1363,0.01570152702585018,0.022064737717919922,0.040946272054807366,0.5388704907832843
1364,0.0050626566858980124,0.005964353247995288,0.039185377837731634,0.1522086445789533
1365,0.013560601835649808,0.01342618630461135,0.032342880545313646,0.4151203009206535
1366,0.007270811305945951,0.01088370294824961,0.03580077675028341,0.3040074528037566
1367,0.007552937756143807,0.015085020326825708,0.029571470031544627,0.5101207451213666
1368,0.01482791703922757,0.013696432723182564,0.049471242090542926,0.27685645527385727
1369,0.012730879585052826,0.027131992691223725,0.05291375681328702,0.512758766816774
1370,0.007220996455943395,0.00838476798462254,0.03285628810051119,0.2551952295698334
1371,-1.2059470991401334e-4,0.0035547914297178744,0.030815744248415846,0.11535633866446748
1372,0.004446798458185695,0.0015606067133820212,0.03899453475019774,0.040021165103761296
1373,0.008880702922893448,0.01120886566925272,0.03236540925415,0.3463223832961569
1374,0.00850835252249641,0.020807941227903567,0.04762544596669528,0.43690806050309045
1375,0.01562909169368743,0.02063601270189609,0.05549984082885029,0.3718211150466749
1376,0.005043964839746233,0.0035158080540450497,0.02311240650362511,0.15211778373202314
1377,0.010642489083256507,0.01663183453696512,0.0494275091379677,0.3364894332534631
1378,0.022593332882582126,0.02479353699223061,0.058642708055095354,0.42278976900140525
1379,0.019694308657307234,0.01755210599235707,0.06124585793849921,0.28658437620356686
1380,0.01126229671133335,0.01499992037741705,0.035256793899362815,0.4254476575559566
1381,0.010063713022727001,0.020716695414304365,0.0363089740623123,0.5705668074991883
1382,0.00984674013632002,0.010779690968227887,0.030679943463391326,0.35135954474918424
1383,0.00652054717616797,0.0010097935415821471,0.025094572089838927,0.040239520242348496
1384,0.011073492694112747,0.024393726215533366,0.04001098746197942,0.6096756856779301
1385,0.001924250075377779,0.007758125581637782,0.03006929372393862,0.258008240993749
1386,0.009204840522948664,0.016804177728233796,0.04734773412923969,0.3549098607837358
1387,0.007484700172565525,0.005445202588047621,0.03356289961122441,0.16223874132217667
1388,0.011869245584217007,0.0269523985820995,0.05049999354984802,0.5337109311805172
1389,0.005497384212771062,0.0038971163202751458,0.02695966547502441,0.14455358594436035
1390,0.004617709705870206,0.011294822149127262,0.024486159472212797,0.4612737314704157
1391,0.011467633474093629,0.02042012485809773,0.04779706039762164,0.4272255383118462
1392,0.008693525699851828,0.00981439962593316,0.03189450581608804,0.3077144283885608
1393,0.015562632130589626,0.01845428454476056,0.0456773032489344,0.4040143185377538
1394,0.0179455337281264,0.025164865264023152,0.05839690709716916,0.4309280493597073
1395,0.006020647364978558,0.00785688006549075,0.03264184393269391,0.24069963944718628
1396,0.011393422369485732,0.02195026037584011,0.04083999520268155,0.5374697099474405
1397,0.015597994588760846,0.030947735003183204,0.05767726073783977,0.5365673509331489
1398,0.01583830482146959,0.023590937898474797,0.051227418841217336,0.46051388947775057
1399,0.008414933243427443,0.018080521844448822,0.05547533478982309,0.325920013154489
1400,0.007328934454889701,0.0041718776575651335,0.02660041869498752,0.15683503727523154
1401,0.0055997758747233575,0.005601608461083153,0.03428345037919224,0.1633910355908329
1402,0.003608168544341269,0.005580071207437479,0.030837333976467714,0.18095180380040923
1403,0.006784335612305372,0.005127994882247783,0.044440899066543714,0.11538908955395714
1404,0.011765381112393293,0.004784399311034265,0.03461967670964169,0.13819884429197443
1405,0.008690977402776738,0.013880313611497988,0.0404215788191802,0.34338870516635345
1406,0.013438884170695671,0.03665703095847848,0.039473665562527495,0.9286452229882887
1407,0.006852865526238123,0.019500479161282887,0.0403443416305665,0.48335103196995877
1408,0.012431997955791849,0.022401601134686353,0.05190722062644132,0.43157003716117043
1409,0.0019383885690695101,-0.004806154941186243,0.02306665919099713,-0.20835938578665414
1410,0.014104536463358224,0.018901967675818622,0.03684099753252823,0.5130688347710836
1411,0.011293541492056441,0.01883375095288,0.046553332756450266,0.4045628924444827
1412,0.011546428128419477,0.012631566160213372,0.027445084164329076,0.46024876748714333
1413,0.008299905631875697,0.013052547775359746,0.04082643623232081,0.3197082327020872
1414,0.006603738378196775,0.008028979335198127,0.03536236465922556,0.2270487116054179
1415,0.015416100596447362,0.013933153389725856,0.04335192635873997,0.32139640749590037
1416,0.0030339168354114585,0.007479834276354436,0.03073563191719104,0.24336035440907328
1417,0.004453705042123064,0.004270902612432981,0.02834242608524421,0.15068937992773038
1418,0.011544548235934779,0.014013383294843494,0.05255950474519542,0.26661939382380667
1419,0.00924587962058484,0.02115505407407128,0.0353895978948716,0.597776050943402
1420,0.008461893887835376,0.011836769854196036,0.04380729908156796,0.2702008592713352
1421,0.020736994939149593,0.0371476917447837,0.06179833034356696,0.6011115759642958
1422,0.009257590950961132,0.01171291575097928,0.055113922617753115,0.21252190362524392
1423,0.006745360341285875,0.015486956088037952,0.029400994448970045,0.5267493966885355
1424,0.006671105640094134,0.005042868413729043,0.02935525958081666,0.17178755990372854
1425,0.018289863333428875,0.024307955616476633,0.04061814723087932,0.5984506254878332
1426,0.009149728674812637,0.009251596604011408,0.03554332556061711,0.2602906863127745
1427,0.009876592188178658,0.01799291279901518,0.02636871473407281,0.6823583546059343
1428,0.011639057364902132,0.015763644835243604,0.045368330566440206,0.34745922184988365
1429,0.014226523001783759,0.024271872426551943,0.032703413799821134,0.7421816136725363
1430,-0.001861966141033545,-0.0025226383363009058,0.036656339872730266,-0.06881860941543623
1431,0.012173603417303922,0.01433325471307821,0.046336106163055585,0.30933230907750103
1432,0.017144658538698707,0.03488852466671149,0.05402991062161957,0.6457261221666942
1433,0.018326691619832695,0.025989227803026482,0.05916938305969046,0.439234388785301
1434,0.006360308162640558,0.0030939639398346887,0.02735619016583626,0.11309922621091373
1435,0.009075363953562813,0.005281204427565068,0.02579741999595096,0.20471831789357156
1436,0.003747972452336501,0.012541197570870381,0.032924461757117926,0.38090820324979513
1437,0.008579582601246047,0.009944029256512617,0.03133470057078291,0.31734878825632135
1438,0.010079483183920258,0.015409411614799392,0.045955347439702435,0.33531269968131416
1439,0.005082183478134957,0.00278843608037794,0.03379852677375094,0.08250170485370185
1440,0.018742201342090654,0.024889439322221537,0.07114451609055314,0.34984339890009397
1441,0.015019270611979376,0.03134658390381859,0.04729591985224415,0.6627756474923749
1442,0.009172001378331676,0.014235205858178713,0.03410829905855411,0.41735314428142467
1443,0.01645530111518669,0.019819943368313154,0.03160675111093695,0.6270794267574948
1444,0.005483677951420717,0.01025716628375119,0.03772453090505861,0.27189645669989687
1445,0.0036273985587791293,0.010322493825870284,0.03365037739653503,0.30675714879005156
1446,0.012084865325232425,0.016774101163817806,0.039598982653335724,0.4235992957360685
1447,0.0060292502273863735,0.007830232845002602,0.032567320340110485,0.24043221128508843
1448,0.009195301502222027,0.010868582419769257,0.031959196157718923,0.3400768394215144
1449,0.017172117518903046,0.026895580142287254,0.057560956835787054,0.4672538752094825
1450,0.012367021026420903,0.012447721133960855,0.0335108565288487,0.3714533862554336
1451,0.010789418976302667,0.01749586629584384,0.0437194227377935,0.4001852083174795
1452,0.004035273066228598,0.006542178355262892,0.033747098585688085,0.1938589872741648
1453,0.012502186287237925,0.016113029860004516,0.03961241849168295,0.4067671319636194
1454,0.011005069011971489,0.023051499047665635,0.048127428916614756,0.4789680140113967
1455,0.011222105228033638,0.012920259215700383,0.03941995110134615,0.32775939225503425
1456,0.010788644912368618,0.02095653306950074,0.03489578139426053,0.6005463191303565
1457,0.013116337162640273,0.009237257938540617,0.032363801516671065,0.2854194348516929
1458,0.014451292287526283,0.0351076341012084,0.05622841734296883,0.6243752849571977
1459,0.005557038157926759,0.014417824701191385,0.04864737258077704,0.29637417061427435
1460,0.015151974945736436,0.025362278304011728,0.03824787449309153,0.6631029472916922
1461,0.007740145415618245,0.006354499632271408,0.03298788812892276,0.19263129568758236
1462,0.01326555264530569,0.02538838106217611,0.04408821031555139,0.5758541995799901
1463,0.005446168543673185,0.005211335970597878,0.0328233341936767,0.1587692444602969
1464,0.014754270624200672,0.022141673296199548,0.044801639716979806,0.49421569023081674
1465,0.012552634340302633,0.016170951526199212,0.03608608413696312,0.4481215380650083
1466,0.003256371425893726,0.008628859690686691,0.03785646961495822,0.22793619633451428
1467,0.0015537111754925735,-0.005210853002257104,0.020426759500336462,-0.25509934662770534
1468,0.016546567391231396,0.029152534079004058,0.0442667261797111,0.6585653965159417
1469,0.014859918530388478,0.017763484429921865,0.041136601498229834,0.43181701411785933
1470,0.004337340113025577,0.004091917980147592,0.03579226372437514,0.11432409002286509
1471,0.008236843376597438,-0.0014349738379838052,0.02445710281221781,-0.05867309178039472
1472,0.01988092165477445,0.030603808473271682,0.06263760982423837,0.4885851896192433
1473,0.011937512368610112,0.006375966609087923,0.03149224424445695,0.20246148732985828
1474,0.016701024567936068,0.018640113516220445,0.04776855495270847,0.39021723672977787
1475,0.00748071641291439,0.011786147768605364,0.045086890608795574,0.2614096383551922
1476,0.005910652525114664,0.006596088940052411,0.027421275253572526,0.24054639614884624
1477,0.007650626727108203,0.014780245821705432,0.05499221201874201,0.2687697999249084
1478,0.010017449541545391,0.018802544891308896,0.041945044628408756,0.448266179184709
1479,0.012563987397467244,0.01727158339099783,0.03284851442531673,0.5257949619081228
1480,0.003078975968524602,0.0036788808121725096,0.03801192397374893,0.09678228375688502
1481,0.009620901282400833,0.01148724739378613,0.038402453049515756,0.2991279588044697
1482,0.020906946670574997,0.019726009878899275,0.043370331373127805,0.4548272806400894
1483,0.0035450256241673197,0.0064841266263578395,0.02918474278577425,0.22217521922168348
1484,0.008303916208885168,0.016131482175219005,0.04360559408928244,0.3699406581226666
1485,0.002569640455320805,-0.0027887918087451426,0.027822038998249636,-0.10023678742311422
1486,0.011519354198233439,0.010808208580729763,0.03386316221797671,0.3191730444769887
1487,0.008058541725344225,0.01928798734326688,0.04010015778421314,0.48099529800005636
1488,0.010703281406342502,0.026608270573510683,0.04600149703701314,0.5784218403175331
1489,0.009730419370327372,0.01047385145243143,0.033140754399349916,0.3160414312305722
1490,0.017036919622921344,0.02499981640100114,0.05097883903002054,0.4903959540208279
1491,0.014005880013977758,0.01436620183579566,0.039607315763077876,0.3627158659711017
1492,0.011469141585216534,0.03359006483460184,0.050647004824266734,0.6632191765564719
1493,0.013783156115944533,0.029739963249108253,0.05509835484023245,0.5397613655678941
1494,0.010139259767959,0.01704143998791908,0.04367435705887918,0.39019326523673414
1495,0.01675818998797188,0.020620899282562333,0.03853106925634049,0.5351758900168351
1496,0.007256596559029414,0.01215364616915416,0.025625683981339055,0.47427597163863405
1497,0.008091534678923509,0.02435129215595566,0.02934997459705235,0.8296869925877649
1498,0.014256430062302245,0.025226235134960927,0.05190004849859224,0.4860541726785703
1499,0.003964862277095986,0.0024103394802915163,0.03073812935586869,0.07841529497081516
1500,0.015174879974134985,0.02301642058771788,0.035622088774455864,0.6461277645297054
1501,0.00934560163240428,0.012048050734429933,0.04245294254951601,0.2837977772772146
1502,0.004441260866970796,0.004856866235270457,0.03279877255187268,0.14808073160631582
1503,0.00894703188623983,0.017273834841961554,0.03611063178920857,0.4783586989780591
1504,0.0133744041402031,0.03867842000500074,0.052357601661831225,0.738735518384093
1505,0.005231719369841357,0.006724063172459322,0.03512739623397211,0.19141934482341172
1506,0.012937334387159789,-5.563106113577417e-4,0.035588897368637545,-0.015631577612404097
1507,0.006616277599437148,0.004650294280056167,0.023114555221898304,0.20118467499865902
1508,0.011041094192230363,0.014802902147424406,0.024950162984983024,0.5932988155762333
1509,0.00562960639515153,0.005472153635907237,0.02830796078700946,0.19330794178641125
1510,0.0077574281002232666,0.007207895096956447,0.044469001784361556,0.16208807951005666
1511,0.01143541092533726,0.027585454944325617,0.046677834399583264,0.5909754661748382
1512,0.012093944340706665,0.02453755755115291,0.04425135444448991,0.5545041018333909
1513,0.014023811191688312,0.02858132167596546,0.05353850255404664,0.5338461165796125
1514,0.013627394699929721,0.026968925177627858,0.05468513230622892,0.4931674120601141
1515,0.019225814221707875,0.019655936949690426,0.029199362281490615,0.6731632273404226
1516,0.008998437335750686,0.003348512894254708,0.02233819573448617,0.14990077686020112
1517,0.004979387378936178,-0.001007374407460332,0.023774083037943355,-0.0423727975481774
1518,0.016732270990882363,0.017606092004181076,0.049299529157167225,0.3571249524118727
1519,0.010519401415392449,0.010475642371506165,0.04141161783080226,0.25296385218049383
1520,0.005343734888019744,0.008797017152619517,0.04115228262661101,0.21376741680256028
1521,0.013699529504908058,0.019826083247767943,0.03625643752515535,0.5468293246961249
1522,0.012270902846260423,0.014089492351041316,0.033789884520442875,0.41697367573177635
1523,0.00787612375752857,0.025053227382550093,0.048565265422812746,0.5158671977685052
1524,0.008187460393193416,0.0075557248285125665,0.03640344678966072,0.20755520410387454
1525,0.015391131906025951,0.029492513105668493,0.049529192633406174,0.595457174599219
1526,0.013022770259907907,0.03045688588121558,0.053093793174206164,0.5736430580742917
1527,0.012600999479461509,0.017745623745329706,0.03211083997814694,0.5526365475772825
1528,0.011235674838842637,0.014537554145325855,0.028027589156023144,0.5186872857454358
1529,0.013022886381412377,0.024960311263053786,0.05283515611094164,0.47241861480721076
1530,0.01296373526900685,0.019846185836911938,0.046769967540424465,0.4243361045687786
1531,0.011375991317641972,0.011658060269453796,0.03876457280231738,0.3007400682294341
1532,0.015636495523753412,0.02400124877962669,0.03851854243006036,0.6231089565033959
1533,0.012392585925394906,0.013372929189023582,0.052623743806435,0.2541234853645722
1534,0.006965005455549136,0.017163859560871346,0.037978755449301474,0.4519331757404134
1535,0.013359143548733052,0.015263347398962387,0.06077558976418667,0.25114272783176916
1536,0.013829360009744256,0.01763143048133524,0.038507667398419196,0.4578680473920121
1537,0.0165574389114457,0.019180597994305274,0.0490459754227273,0.3910738410030116
1538,0.0140023520847795,0.015747479130373585,0.03695419929665439,0.4261350382390579
1539,0.017695787311169896,0.022263511629987246,0.042602187566335756,0.5225908081673222
1540,0.009978659207100117,0.018976658225194922,0.05109427314132721,0.37140479859074066
1541,0.007985618747355006,-0.001360430054277633,0.025859453401665282,-0.052608616011583016
1542,0.012165088921960287,0.014441366725638973,0.03500367932506989,0.41256710734679714
1543,0.011684220337467001,0.01843910215531176,0.038233493340631385,0.48227615486331227
1544,0.014162221839584058,0.014925066918135688,0.03518070813987407,0.4242400937125967
1545,0.0118652318932757,0.020173197599388345,0.03756802007465379,0.5369779285493594
1546,0.011020364234861784,0.027958222870886642,0.05863068787554433,0.4768530591050493
1547,0.013791253139263921,0.015607302416841466,0.03238370296579531,0.481949282740346
1548,0.010501380577556238,0.019118742504213554,0.05407781753608414,0.3535413109350487
1549,0.00989852654164668,0.012662443021321261,0.035331678718925875,0.3583878117440952
1550,0.009052514899622378,0.008101973662036578,0.03158043761138986,0.2565503924212407
1551,0.009615272607005695,0.015977107527329244,0.03759875054457472,0.424937193282202
1552,0.010340758132274896,0.015245308041492609,0.05302576327604574,0.28750756424056306
1553,0.008980769849009555,0.00764845535693906,0.029049445069991964,0.2632909282263675
1554,0.015392113125588835,0.02635741456062063,0.06516608152079803,0.40446523629333997
1555,0.016190417867781248,0.021164743251474022,0.05109306859110916,0.41423903153777214
1556,0.008440701926243275,0.004539508572569973,0.0270310784841382,0.16793664282517437
1557,0.0131434388138225,0.024091962991162827,0.04255835871276906,0.5660923898349106
1558,0.019555145801320457,0.03238950639110681,0.06222630445417417,0.5205114890754872
1559,5.230004100731559e-4,-0.002328402998327528,0.022771308783143467,-0.10225161059039065
1560,0.009703551339041775,0.012120325098628797,0.04869689548580543,0.24889317846066245
1561,0.010764040283930241,0.01655606395967983,0.03123127913226996,0.5301116194940972
1562,0.013586547550611235,0.01977115160667699,0.03725990709970167,0.5306280435367831
1563,0.012980887009369816,0.018299522913468272,0.04138395292794187,0.442188858694373
1564,0.007629166111927071,0.013122851879798371,0.04160587271758446,0.31540864360362475
1565,0.0063500171542285044,0.0025188334183989802,0.023695751150185688,0.10629894796051831
1566,0.01406095137956054,0.023259936971547532,0.049132170932727724,0.4734156160816765
1567,0.019291869612964044,0.020025853448287417,0.04222106847908041,0.4743094897801977
1568,0.0023637212721624224,-7.015340811643524e-4,0.025431476989256498,-0.027585266929668097
1569,0.007720344247932954,0.009552273259139423,0.04361518590751707,0.21901255400800873
1570,0.011798157679776294,0.007848574782903545,0.03192787209439341,0.245822044128076
1571,0.012359589117108166,0.0364887966828117,0.057497778651595145,0.634612284831275
1572,0.009237303470382194,0.01641305543028679,0.03970622184320412,0.41336230616703595
1573,0.006050742186070824,0.008905901592194596,0.02783574182324504,0.3199448266457719
1574,0.017137361022918064,0.021925430175718914,0.04732098308420731,0.4633342070832042
1575,0.012556966921864822,0.012719407005048587,0.041944578945023354,0.30324316812715846
1576,0.005582865024565399,0.008506153778070962,0.03177048215356457,0.26773763573860626
1577,0.00653552228090251,0.013672786219513022,0.030936875629794053,0.4419575649179426
1578,0.012383073249444274,0.015304304961160206,0.039373108970233314,0.3886994286565102
1579,0.009346347209682904,0.012009395361037583,0.03787797742316241,0.31705482124538753
1580,-8.878707331948626e-4,-0.005555174887196696,0.02271694540242266,-0.24453881403457797
1581,0.005968196677760529,0.009666377581463147,0.0358939984638807,0.2693034489091595
1582,0.010916199685349215,0.016690562214165167,0.04437823354347091,0.37609793994652463
1583,0.017234229399859063,0.022018728207312245,0.03636274420471489,0.6055298819954639
1584,0.009835592246391666,0.015420991277881097,0.04327231111047856,0.35637087278536517
1585,0.011092573378136631,0.006441870824668112,0.04277884946578386,0.15058541557599778
1586,0.007443835904869444,0.017810638682547085,0.044921407480097326,0.39648443095729324
1587,0.004553407688244835,0.0073938031164163245,0.03801667337478875,0.1944884299455728
1588,0.016066020063060876,0.028465374598001067,0.05043607232187665,0.5643852363510513
1589,0.0052277159884271136,-0.002148575893715475,0.02397472720169443,-0.08961836669255711
1590,0.006533814855352576,0.007877812121392101,0.04054378292009458,0.19430382549447914
1591,0.0055737496597927545,0.01330540821490889,0.05211965269492865,0.25528581882134327
1592,0.015374105456827705,0.02158782542142229,0.055486647864801994,0.38906342790833015
1593,0.005752580107660858,0.011756426185752842,0.023699027000343407,0.4960721039552589
1594,0.008808299801544376,0.01365333279223608,0.04118427075020768,0.3315181389284944
1595,0.015871430481723237,0.013096187858651036,0.04025889118855205,0.3252992686091426
1596,0.00957838191565486,0.01278313780397904,0.039231833876382925,0.3258358465795383
1597,0.012679051413843739,0.016336159869699336,0.03363729511591651,0.4856561686486315
1598,0.008777245079311068,0.02090019807751236,0.0440002849826903,0.4750014252347341
1599,0.0060364445366115375,0.009632620646941632,0.030326410571322557,0.31763141319634075
1600,0.015390609649856212,0.027441962656605357,0.04354373408382184,0.6302161087925874
1601,0.010185934666059611,0.015276181849113165,0.041222861735782566,0.37057548180487004
1602,0.007673395480041322,0.004547039367312943,0.027178136227532,0.16730504730882542
1603,0.0015171842107545455,0.012762738110219407,0.04090421152140457,0.31201525797755214
1604,0.01222484547480674,0.026183058961504906,0.052745091334910774,0.49640750065731587
1605,0.01480713600520994,0.03033769222617357,0.060504279038786,0.5014139943180833
1606,0.011178847414016105,0.009472343948814533,0.03597017333710923,0.26333884632805565
1607,0.016046923626412603,0.018826124262463672,0.04689371784693241,0.401463674173047
1608,0.012326358921006057,0.018352736072991024,0.05508852819531684,0.3331498712022446
1609,0.011821791070769076,0.020254561624022054,0.031718231067873456,0.63857790747156
1610,0.007319644455553013,0.014307922755521302,0.04172945818233632,0.3428734371053423
1611,0.009112550223279147,0.02847054868699281,0.043548298882463456,0.6537694793506084
1612,0.006410368822339488,-0.0026159390009117046,0.03502043058763515,-0.07469751105331436
1613,-0.001272864831748491,0.0030755757851011873,0.037195450206189265,0.08268688154201764
1614,0.008824738612630645,0.00540589633039253,0.03827279047798453,0.1412464642080942
1615,0.010281038502414967,0.02098557217729403,0.03410226350232819,0.6153718264437588
1616,0.007340482614714575,0.009707596163047841,0.030950938841417645,0.3136446429876117
1617,0.010354215707107126,0.020533694879598784,0.04646277567256931,0.4419386182242544
1618,0.013731506902677297,0.016511238165777025,0.04779789110716475,0.3454386330300259
1619,0.013984138508697596,0.015120034706846596,0.041031830419238524,0.3684952524018351
1620,0.010953812642459669,0.007882008795636705,0.04053754832279353,0.19443723465646282
1621,0.009158738961656244,0.008126002195689866,0.027357329804652067,0.2970319930239702
1622,0.011359171061720812,0.011839484319261913,0.03167428231277602,0.3737885582489231
1623,0.013542547471262044,0.021913413628902315,0.02742018719776751,0.7991708251607581
1624,0.006985327252970578,0.004987536796464466,0.03231207987745984,0.15435517662060672
1625,0.0047978676253920965,-0.001193037659140749,0.02824689535819139,-0.0422360632562324
1626,0.015628019187190995,0.022590034633138405,0.05009261686801707,0.45096535269175764
1627,0.013118608865222701,0.01870333920994086,0.03913226155956049,0.47795191140368437
1628,0.006044441363335832,0.00756189334242557,0.03308280970956764,0.22857470114573278
1629,0.005747371465201951,0.01903049883369547,0.04252468249301904,0.4475165414067363
1630,0.012173032261885586,0.01124135993499282,0.026184018543596557,0.4293214166601618
1631,0.009566078547289386,0.004260959150451276,0.03760500236190824,0.1133083069492741
1632,0.01876618123870193,0.040847333837047306,0.05734549137354366,0.7123024471265098
1633,0.011853619207917832,0.022534009943587917,0.04306216349643167,0.5232902416864214
1634,0.004981807693108494,0.012590024398826782,0.03574657366090333,0.3522022703002923
1635,0.008317579939177033,0.008515917254839505,0.033991940601589485,0.2505275398851837
1636,0.011020988591135471,0.023282742878767904,0.06073845819484823,0.3833278547189517
1637,0.01610731030650855,0.030228864680909698,0.05549034677220552,0.5447589795212993
1638,0.020789455264131767,0.01473085939789477,0.049411670311984984,0.2981251049576793
1639,0.009917340088639932,0.009543277819697677,0.04110603174968434,0.23216246894887785
1640,0.012714825501319263,0.024173397049281765,0.04057095851886597,0.5958300698772215
1641,0.013420832065882817,0.009981102239909462,0.03468980243418963,0.2877243898648518
1642,0.004024537571555765,-0.0023700121873789313,0.03675792627083331,-0.06447622126222853
1643,0.012481118458756909,0.022505572258358884,0.042335591684656386,0.5315993319756893
1644,-0.0020823259458828424,0.0026195500367616914,0.025699987322516684,0.10192806727443827
1645,0.013164869317368091,0.014262373116484699,0.03914308742598575,0.3643650527938785
1646,0.009620160695436789,0.018797371130065813,0.04776261302561371,0.3935582653316167
1647,0.012391193414561883,0.0201620486077412,0.03792321852411663,0.5316544690140023
1648,0.015136738074517375,0.010879546852758154,0.03323715850924588,0.3273308351474057
1649,0.012989451531597135,0.028713999868729266,0.042826326735061045,0.6704754308340364
1650,0.0043614900483944,0.005799921144448121,0.03497451938429859,0.16583276186639836
1651,0.011819583320516568,0.016802147084432156,0.04099908744020553,0.40981758701183246
1652,0.0074617495204816475,0.0035160303368899012,0.029311368169376614,0.11995449398924046
1653,0.005607525706313612,0.0026551559432095176,0.03147802780036928,0.08434950118375487
1654,0.0022299273314407564,0.003125897440799075,0.02643652772135846,0.1182416039559392
1655,0.010640874654572734,0.02292017893990465,0.0449948712026034,0.5093953672341769
1656,0.005029464959298508,0.003101695478694819,0.03305666092361261,0.09382966676102653
1657,0.01161676370374146,0.008727145337306338,0.03857122209204353,0.22626053477072933
1658,0.01546772715968549,0.023968353783089175,0.03969085526356581,0.6038759715286586
1659,0.01702508852105782,0.024059495559972388,0.051036648407386205,0.4714160571032014
1660,0.008544719475416072,0.0074005518682379754,0.038452690824549475,0.19245862147866172
1661,0.012821849861639714,0.01142387048983192,0.03923959284687046,0.2911312187772363
1662,0.006064681025088965,0.017945415154275873,0.039900288532415784,0.449756525938319
1663,0.0010042663687323979,0.007833891493947791,0.0383877463567034,0.20407271167091603
1664,0.019414803106354687,0.019747660055681168,0.04475472572547837,0.44124189648287904
1665,0.015298035359293092,0.01757449723337654,0.04972241961717129,0.35345217245436117
1666,0.007359996057661384,-4.8008786003041594e-4,0.0313645078106086,-0.015306723858999408
1667,0.011391039490557213,0.012692262339111967,0.03384391103231518,0.37502351093503977
1668,0.009625097317828043,0.017267128984870265,0.04423328095681126,0.3903650964017261
1669,0.011344530957125102,0.01622010057494843,0.029660004666036233,0.5468677688214297
1670,0.009572123974838366,0.004013404337653337,0.03416795147588774,0.11746107578283084
1671,0.013601783679751225,0.01440506980619015,0.03979019035331889,0.36202565703455164
1672,0.014227544831474797,0.015020029498213293,0.03301496107830366,0.45494615191547083
1673,0.0013423670229473145,0.006825483770307133,0.03134100221969143,0.21778128607574357
1674,0.021295738391963717,0.0189563930825882,0.043587844973709815,0.43490090170830475
1675,0.012788093109763265,0.01849106262463363,0.03843434608450207,0.48110777230290386
1676,0.005449394853649916,0.008521179827370223,0.029066068498180966,0.29316588956306566
1677,0.018535691155834876,0.026166492831302946,0.06679277475151822,0.39175633784712877
1678,0.0024403380839183543,0.004450334755021674,0.03292341019369857,0.13517235088464355
1679,0.015566650168515423,0.02432731106681449,0.05441455052991981,0.4470736380233102
1680,0.00432913658968193,0.01523061734771772,0.03710129881067287,0.4105143980387111
1681,0.012768425968633357,0.011522326073451898,0.04865317445540796,0.23682578171774676
1682,0.009007571078395482,0.014820268245227888,0.04020700541753121,0.3685991555781446
1683,0.007681761409657329,0.022599211403760082,0.052666804349306456,0.42909782894503035
1684,0.009626268057113745,0.0132644916375991,0.0308605746790331,0.4298199814992782
1685,0.01693382126706555,0.02461401532911282,0.04602404980548101,0.5348076806179175
1686,0.010144080508610402,0.01117294911328144,0.03667978581462561,0.3046078068652834
1687,0.01295834823373509,0.023381333750041,0.041701326226288964,0.5606856152047547
1688,0.012577471142324917,0.01707605677976868,0.04857842211621188,0.3515152620420323
1689,0.012026854941614989,0.011685423928519406,0.038784991077004755,0.3012872661313459
1690,0.014352461291617916,0.03119923894917429,0.05031980495328677,0.6200190755535993
1691,0.016643972096233837,0.020125249241420066,0.045859630251943354,0.43884455960190033
1692,0.005084335742426128,-0.004800587573521101,0.026486683399865995,-0.18124532622855258
1693,0.010418179135144551,0.0030606272819524707,0.03140713891202207,0.09745005078386555
1694,0.011016966096587665,0.010540789049689504,0.04335274461551901,0.24314006283044445
1695,0.012675873298312674,0.018588337533394908,0.029426515077777625,0.6316866772794474
1696,0.01475025817445645,0.02050371404025833,0.03999030270592912,0.5127171502309826
1697,0.010542792304723807,0.011713694234559044,0.03792127476975839,0.3088950544431731
1698,0.008323065200927541,0.00817822000806131,0.0337390953358242,0.24239594828073738
1699,0.010305613430764431,0.012571317677416462,0.040858668369510194,0.30767810550569746
1700,0.012663748857217895,0.013982098843763759,0.03863986072014744,0.3618568644703543
1701,0.00731795525853855,0.012022808153685444,0.03159829119657815,0.38048918781365687
1702,0.011518254973886635,0.029287069582111656,0.05480922976730416,0.5343455784080829
1703,0.014705433110392449,0.021691368580195557,0.0465546823778657,0.4659331236358872
1704,0.010511028743719302,0.021045199924382835,0.04557066194395068,0.4618146637910863
1705,0.0160069214770864,0.012148304377949292,0.04280374937320173,0.2838140246086717
1706,0.008718069616285599,0.014881641731404481,0.04277630900718719,0.3478944789019571
1707,0.015894145595981162,0.04056552420253608,0.06798003910522749,0.5967269912826028
1708,0.005215097421428345,0.010907775219753352,0.031899221390224546,0.34194487339731805
1709,0.013042878589776725,0.015503189808939366,0.03600172849473297,0.4306234855142434
1710,0.014221966835786587,0.028528067545489377,0.047565676721493914,0.5997616245959589
1711,0.009442284200791498,0.006826878910307507,0.03541174342204472,0.19278573294015225
1712,0.011599552292982141,0.019014372728466438,0.050474767477280566,0.37671045710166146
1713,0.008108789383977256,0.00805029428507896,0.028705756260506168,0.28044181146185937
1714,0.010207982644243186,0.0032666150646692396,0.04052915611799523,0.0805991384365104
1715,0.008048030937250967,0.0061845645838377004,0.04205878384748337,0.14704573023948148
1716,0.007135889241849177,0.007529878551000935,0.02822308392522262,0.26679857420795805
1717,0.0018017127091239137,8.590924558200995e-4,0.027195323612748252,0.03158971255695541
1718,0.013576399743179368,0.014235652750620604,0.05447841415339191,0.2613081340902848
1719,0.006975342788372787,0.016360062492558097,0.0382002059048276,0.4282715787793848
1720,0.0029978284478854264,-3.975211349538068e-4,0.026309224181268177,-0.015109572681236135
1721,-3.2325968912119295e-4,0.0063742718810403266,0.031080999962921865,0.20508580446718336
1722,0.00392633282259523,0.028670315296221143,0.06836369424715179,0.4193792569572207
1723,0.004607210650993978,0.006827370276774023,0.024590668805247084,0.2776406908996806
1724,0.0027758968255305883,0.004344530974803931,0.03627343907167892,0.11977168655607279
1725,0.010448335877536512,0.013268147889945289,0.0428887320413398,0.30936209252249103
1726,0.013582599302467427,0.01871462830574067,0.03741360221408874,0.5002092072998348
1727,0.010255075485452096,0.02241345007202152,0.049677110002819734,0.4511826487239154
1728,0.011171032593704187,0.02256952954492733,0.043532525311158844,0.5184521087073716
1729,0.004732587512470423,0.00868956757264137,0.02638255370753625,0.3293679478101155
1730,0.014012711615493525,0.014860170897794903,0.04762943796219318,0.3119955123046058
1731,0.008003230680861395,0.0075272694358903625,0.028076796057129417,0.2680957407167901
1732,0.01854565462857169,0.03314467827977463,0.054215139292480535,0.611354664256515
1733,0.012455609408843256,0.02622260170319771,0.04719885185529753,0.5555771098752803
1734,0.007404066061080574,4.061940227261249e-4,0.043861413406481954,0.009260851194232068
1735,0.002966759921582947,4.1210846829787374e-4,0.0279436407711064,0.014747844480021803
1736,0.01841589288843582,0.0252225156204449,0.04531668204834098,0.556583458461039
1737,0.011206351233433338,0.006553040641720774,0.03248225549120814,0.2017421679197882
1738,0.010622676916114581,0.014682398598590257,0.03523008506158092,0.4167573984827443
1739,0.008965935046067016,0.020265369126799906,0.046374860398839646,0.4369904071410848
1740,0.011344141141740526,0.013303749261555373,0.03782361741856403,0.35173127716297764
1741,0.006369607452609294,0.020227134225693385,0.0344832624905526,0.5865783213300954
1742,0.010167434731125281,0.019817599225143433,0.04732869386032404,0.4187227157298896
1743,0.0026888420143946954,0.002302850363157995,0.0350973642638977,0.06561319949392275
1744,0.007739173911531821,0.02395225165509503,0.050403375604427314,0.47521126051309787
1745,0.007427190656851899,0.016949316634215707,0.04204393864510555,0.40313341662125235
1746,0.008193517196911186,0.008086396936035772,0.04593326617660218,0.17604663480592808
1747,0.012505695906802502,0.016375256766986444,0.02799480279190826,0.584939172056594
1748,0.014895488319893626,0.0070126228928988,0.03935879029097083,0.178171708049359
1749,0.007970602362081936,0.012314333358219824,0.041162916184643746,0.2991608588415272
1750,0.018052112895406435,0.04108913672992972,0.08706230530914905,0.4719509388595505
1751,0.013553724473092056,0.01565940486632925,0.03990933618516479,0.39237447582879637
1752,0.014424478102862572,0.022166307304621408,0.03937459972997795,0.562959559122706
1753,0.01244293345452289,0.01864911309573896,0.045622857447179574,0.40876688000812317
1754,0.021300973053159842,0.024780626810662586,0.04680281436875353,0.529468732700968
1755,0.01798863856602598,0.029072366146167462,0.05491382114786079,0.5294180142352013
1756,0.004387779226520938,0.0017069908147071277,0.028808339489367635,0.059253356665597855
1757,0.009477748482112646,0.016523932689027097,0.047463059793118344,0.3481430139786921
1758,0.009934164437997299,0.006289875965342241,0.039884029561301965,0.157704124546259
1759,0.005736512247047232,0.013609909667703658,0.04004207451406623,0.3398902237925431
1760,0.011991117759363202,0.013888186690254265,0.043911341457103265,0.3162778960834425
1761,0.011864160261093422,0.022655733185691102,0.04626892146497849,0.48965336706280266
1762,0.012293906334694371,0.03105290426502896,0.056762122677773114,0.5470708775517418
1763,0.00953765802698333,0.020034951170015053,0.04274425472482128,0.4687168205176566
1764,0.012201985002784778,0.021197995426826124,0.037297794163955546,0.5683444799347354
1765,0.005405107267153797,0.004278775869627816,0.03391476543714987,0.12616262605610978
1766,0.019370654826459253,0.027893268000670112,0.06584871044304742,0.42359626806655554
1767,0.01156213543889762,0.03657279044056206,0.06890084576273839,0.5308032149053915
1768,0.007447606614986122,0.007783305206698202,0.028241990063582266,0.27559336963065817
1769,0.010987570551007346,0.011081571932466384,0.03094783116968362,0.3580726504454325
1770,0.012139974515774784,0.05994626028842619,0.06929950746311066,0.8650315490385936
1771,0.00964486329957287,0.014516407910473376,0.052576090526096554,0.27610284000230184
1772,0.01053663861202055,0.0070281551703827985,0.03421951246221891,0.205384433169305
1773,0.010209223577633908,0.031300811334239564,0.04886816370264495,0.6405153982191771
1774,0.009651422055254431,0.009045390540055868,0.03595368364557601,0.2515845282843188
1775,0.00999469812856805,0.009524011982701197,0.041174185959553154,0.23131026784735872
1776,0.008160114376495267,0.006274330684452856,0.03206975451732428,0.19564635834874958
1777,0.00632604822064812,0.009748453039693038,0.03185668999667325,0.3060096024009731
1778,0.004406867913523891,0.014207560564331709,0.04447857337180067,0.31942482609703654
1779,0.004949726828298301,0.014276888180689373,0.035211043865476466,0.40546620075321027
1780,0.005814139706025757,0.004747429250892391,0.03573880912866212,0.13283680588800054
1781,0.011018365621013933,0.04692261250808868,0.06811952157297418,0.6888276873439582
1782,0.007733477753302656,0.028848116215452947,0.048627574528685345,0.5932460439382079
1783,0.009834720407227654,0.021220332482006367,0.05123619629494575,0.41416681987573045
1784,0.005384654248773593,0.01534262575319728,0.04403398659425068,0.34842690702913776
1785,0.00962005180797121,0.013414332313420945,0.04534231961712892,0.2958457446970451
1786,0.013766389553398928,0.020157425721647297,0.04572816591303352,0.4408098448554219
1787,0.01576614341637915,0.015566765219540039,0.04618212956741213,0.3370733520812895
1788,0.008779775792047773,0.010099066174177837,0.04263667933489351,0.23686333766412346
1789,0.007796729129208088,0.013988705618158504,0.03673082693269716,0.3808437431531387
1790,0.009719750946840565,0.0053258663239561235,0.03381312817118082,0.15750883198364946
1791,0.009695329572181097,0.007642240429623092,0.029919534928358124,0.25542644455945995
1792,0.010414786336108412,0.01933007292275659,0.04797486000603318,0.40292088231889983
1793,0.0035767983422195075,0.001115382623906342,0.030074245982598186,0.03708763386958177
1794,0.0035103534973804063,0.00825335873673159,0.029074345343594425,0.28387083661541307
1795,0.008216415953383762,0.007689118613804762,0.03244751382725037,0.23697096346861607
1796,0.01614749545762762,0.03449635696590433,0.0535776460150205,0.6438572712999237
1797,0.014774381507086268,0.03262304960509432,0.06170229404772703,0.5287169643945528
1798,0.015193065711303175,0.02050437134955618,0.047484506221187994,0.4318118262416921
1799,0.01961279087918656,0.022663566265434008,0.03818194001575308,0.5935676986576243
1800,0.009800895303534504,0.012099679864766151,0.03312109055756758,0.3653164693878593
1801,0.010437343302365867,0.02609791594857104,0.03856030089870681,0.676807891544391
1802,0.010470751067651093,0.01480059730916714,0.05264839209659348,0.2811215446430469
1803,0.013650115521928737,0.02240494305337375,0.04493780537626623,0.49857670764685036
1804,0.007726379796088407,0.0033644458513712215,0.02622908409395087,0.12827157209607457
1805,0.012279411662816729,0.008633302896895905,0.030374178807304728,0.28423164792918354
1806,0.011894290359486392,0.02790550693706017,0.05347202669515806,0.5218711289203302
1807,0.017080818550345378,0.03528815135098453,0.06328431077026088,0.5576129521120968
1808,0.007828376372277861,0.01461075433977015,0.046556151297803536,0.3138308028580418
1809,0.015176982231430047,0.01796580537403238,0.041758031547992215,0.4302359260729138
1810,0.00818100151901905,0.023750257046592546,0.040896315713799515,0.5807431948834103
1811,0.010177299187541691,0.018168815334738072,0.03966011409048476,0.45811303752898497
1812,0.003599406257243632,-0.0018371792562773084,0.03909167527623713,-0.0469966877422131
1813,0.007201933847567655,0.013916076632719931,0.04216225475516124,0.33006006707970026
1814,0.008847620082719674,0.018753130168446954,0.04458105307169919,0.42065247176387943
1815,0.01728873009347202,0.02503125487699598,0.03994536167683503,0.6266373322515694
1816,-8.064463157556926e-4,-0.0016008177741875726,0.026545787173324856,-0.06030402352491514
1817,0.008593054275800802,0.015920491900089196,0.04060767645509052,0.39205621424058174
1818,0.005776163682976015,-0.005978645249135149,0.029053469200871925,-0.20578076951153645
1819,0.007658905822683249,0.021710870079424,0.0389131494237329,0.5579314550721682
1820,0.016190768497879836,0.025949621293377082,0.038930389368882164,0.6665646481850791
1821,0.004895886891592974,0.004510989761456614,0.034608517119127054,0.13034334137834325
1822,0.012764974748677441,0.021250902040816814,0.025249328091529032,0.8416422791046998
1823,0.015070402880246553,0.013057643602819208,0.03931996985180095,0.33208681624208153
1824,0.007040456351684112,0.01940956183836758,0.02776667158391477,0.6990237119241737
1825,0.006026299883846229,0.0029001143043308414,0.0338067527162083,0.0857850598274235
1826,0.01167822966899682,0.0016693750038812376,0.03747773449279057,0.044543114104252164
1827,0.009268781215408138,0.010608453845444807,0.030495811810590467,0.34786592701102464
1828,0.01191499945119647,0.00945072000171988,0.039475979834612686,0.2394043172915357
1829,0.011953001795299083,0.018882521319929582,0.04464158060907335,0.4229805724238118
1830,0.012386492804889846,0.012250514178313571,0.035601399085732365,0.344102043540842
1831,0.012275681050333555,0.022604983433592202,0.03916272568921308,0.5772065921299876
1832,0.004905581291247719,-8.385116216667522e-4,0.024839183358382293,-0.033757616326133603
1833,0.011309802574246693,0.0127145559939645,0.03408317292434595,0.3730449633368015
1834,0.002381035320735387,0.0011410268144087178,0.04353201014462277,0.026211213555679593
1835,0.013554946306070619,0.021487483272426843,0.046650035090253755,0.46061022742759017
1836,0.01927604450728486,0.026686506537766764,0.04755524537189913,0.561168517354262
1837,0.007978097902854251,0.011116832479080928,0.03223514253554501,0.34486686282905776
1838,0.008792591318590231,0.010597020134991298,0.0320103302096911,0.3310500099678153
1839,0.006704399122729647,0.011992222994745136,0.03971074680880703,0.30198935951729583
1840,0.014005806139953753,0.02276159285732355,0.04288693373289385,0.5307349086574038
1841,0.009109565022641089,0.00631329603970771,0.03268600089345742,0.19314984602388016
1842,0.0016689527815174896,7.128815524616812e-4,0.028586675240345312,0.024937546827955986
1843,0.009475042547797916,0.00890143421899771,0.03556038811408885,0.2503188151501363
1844,0.004485923408008185,0.0042955720882219975,0.04003358201960231,0.1072992190935771
1845,0.011029811533119898,0.03141214066952286,0.044331981539816864,0.7085661316832855
1846,0.01488446649577444,0.018221246008416906,0.03633666150761175,0.5014562497603129
1847,0.011484048592123798,0.01398736847870084,0.032678348479293795,0.42803168243229156
1848,0.010962499821729263,0.009559123091960393,0.04554488883014583,0.20988355307244222
1849,0.007473957320187887,0.005657653695654186,0.035730304931168085,0.1583432804884609
1850,0.007447063010259492,0.006412428479293034,0.03643893788981835,0.17597737065450456
1851,0.0016760646169711431,-0.0019500807375608233,0.028609087876490698,-0.06816298184617368
1852,0.01524950717940936,0.016304417412695,0.04507793901608658,0.36169394095139495
1853,0.007453254629616684,0.015237119747434712,0.031410246766627035,0.4851002878342219
1854,0.01803329939296424,0.026427234328201012,0.05081418261184396,0.5200759506469215
1855,0.012200133633154598,0.015137179686297636,0.03698774922065674,0.40924846753973054
1856,0.008582608072464942,0.02794852589160252,0.05532232357677274,0.5051943606963175
1857,0.004348198566910978,-0.0014795747384772418,0.03244126826107692,-0.04560779580410047
1858,0.01815248319137879,0.03707439428098935,0.06287460684690596,0.5896560812103714
1859,0.008222249819813033,0.010940420269498057,0.03457759507492197,0.3164020009428821
1860,0.0047372547085598,0.010630581612881778,0.038526501775186746,0.2759290650086605
1861,0.0076447116860934635,0.015386503193764294,0.035154563608728,0.4376815301995161
1862,0.007226026099247989,0.016324758074368922,0.043364306807994586,0.3764561058626057
1863,0.0027498803594663886,0.0017253594183885264,0.025065768012742542,0.06883329557312648
1864,0.01419045602257182,0.012035020898251817,0.03785982930524778,0.3178836544987706
1865,0.008767949249215925,0.005598690317998451,0.03558550503649985,0.15733064100835176
1866,0.008140662356346057,0.007540841641064638,0.03272585027555492,0.2304246208294055
1867,0.013379340561326957,0.017480433941986017,0.04089066918225426,0.42749199980254127
1868,0.004481559041565989,0.0040711070749454605,0.02587613705141874,0.15733055775890045
1869,0.009580281465513237,0.024778805696106774,0.05672085650503286,0.4368552808067724
1870,0.00922285526065236,0.021461911173635523,0.042131041254236445,0.5094085153064534
1871,0.0041473147486325865,0.007143247747426314,0.041626283886522175,0.17160426251114783
1872,0.00907543030591059,0.01384718890195257,0.03765980868537933,0.36769142981144415
1873,0.01099674623431684,0.022775439269194304,0.04063945023351263,0.5604268546529925
1874,0.005119858926821061,0.010995390353992366,0.027999082490704964,0.39270538088676926
1875,0.010608110694748178,0.007831570733987249,0.03548378241273447,0.22070845331236852
1876,0.002945247750835251,-0.003852742162242015,0.03158156660221229,-0.12199338337991536
1877,0.015498662735905182,0.022452348932426095,0.04509961993059503,0.4978389832769898
1878,0.015558087123865104,0.01981125495296754,0.04900498254854711,0.4042702174894438
1879,0.01121683530850463,0.018177831118376397,0.03630095597734116,0.5007535098999291
1880,0.008689039592183699,0.009294472120576186,0.02998093074901828,0.3100127944120124
1881,0.017433622935569368,0.01859853887716164,0.04197766527270741,0.4430579632367939
1882,0.011097180451425175,0.01180639845354377,0.03244491771261814,0.3638905346630652
1883,0.0045141434107651415,0.005912397332456313,0.025326590591725935,0.23344623947875015
1884,0.007778348397122957,0.009440213491018439,0.03995545607998216,0.23626844534376426
1885,0.011549162196747745,0.012672670708329463,0.04230195891281519,0.29957645068986
1886,0.012832140723012878,0.011501863809691603,0.03295609460336448,0.3490056679384996
1887,0.008317332771418027,0.004433947035868533,0.03370344646126881,0.13155767440472052
1888,0.013119236475700492,0.016703147636892336,0.03454289836956133,0.4835479483566119
1889,0.01392346848934748,0.02118648828134165,0.04759226459617908,0.44516663497963904
1890,0.008841872248494437,0.01723604024133142,0.03124430244690373,0.5516538661927941
1891,0.011442472607750881,0.028993721821974003,0.053885202739683745,0.5380646327349082
1892,0.01156819516541982,0.011421387103398198,0.04537437390865592,0.2517144837390115
1893,0.017335972888024485,0.042785412019460095,0.06105895572229126,0.7007229572359047
1894,0.009518569526186557,0.014056420553700325,0.04453176814862878,0.3156492800103009
1895,0.011937597743382287,0.014416623847263317,0.046578826145225835,0.3095102440390926
1896,0.010434125844783511,0.013157685534839357,0.03468293066312514,0.37937063804209015
1897,0.01123164526991149,0.015796875958333137,0.042518865005449324,0.3715262850103964
1898,0.012104431715520987,0.022856883725112357,0.05303976278855503,0.43093864910806945
1899,0.012328214032179518,0.03150117454982257,0.058457646931356015,0.5388717508046958
1900,0.01702940283375243,0.02110860356154405,0.04804612838712015,0.4393403645652058
1901,0.010806095288001107,0.02713502066065149,0.052020624421826527,0.5216204334768871
1902,0.006806386658895977,0.007893056107253271,0.033115673399408484,0.23834804782783786
1903,0.011338258293847145,0.01310361284547806,0.03903107855045394,0.33572254039917276
1904,0.015418651670563166,0.02266739475630489,0.04867933560158039,0.46564716786251675
1905,0.003581391138596291,0.010177498889662566,0.03306861833954141,0.3077690995481641
1906,0.013212524087391589,0.019162033852299462,0.03014939333841571,0.6355694669279999
1907,0.004694646004172752,0.0066913505664861475,0.029768377292964925,0.22478049443654072
1908,0.007441883038394271,0.009685011756790462,0.03407593891455079,0.284218485690936
1909,0.006756858166599808,0.006560192486945115,0.030615088628572144,0.21427971568315773
1910,0.007603500275063522,0.018337671095937872,0.03510948869197548,0.5222995770977741
1911,0.009092434376078906,0.0153538390329145,0.032678086878150964,0.469851221406119
1912,0.016953425717790835,0.029235687569575394,0.05004391896010081,0.5842006017331401
1913,0.01620778293595486,0.028686876390594453,0.040926429594462264,0.7009376746237366
1914,0.014933974297039023,0.017882318579935302,0.032784294851221085,0.545453811377897
1915,0.005855923924504922,0.0033944259201776155,0.03220177409893797,0.10541114628493606
1916,0.009318770177312918,0.02147422735338998,0.04617776198164129,0.4650339564296642
1917,0.007401134206305491,0.006158760114410651,0.0278320128298043,0.22128331687945532
1918,0.014943434858057086,0.03005656612589639,0.04989079964761768,0.6024470711671909
1919,0.014021726463062401,0.02192679650672506,0.04539164414853732,0.48305799267752714
1920,0.021604333203275667,0.03489476832571847,0.05952944137885422,0.5861766466720724
1921,0.018515114737395304,0.014816990822268788,0.05344456056408645,0.27724039015161206
1922,0.016847214632414474,0.013294168677067075,0.04703072717843927,0.2826698517041353
1923,0.00710359550256619,0.005638962893263974,0.033818927697888114,0.16673984886919135
1924,0.012109214918266773,0.014476753700108229,0.04309547052144508,0.3359228597563249
1925,0.0017170411782759785,0.008238244813725962,0.027760185503105383,0.296764760912869
1926,0.007932936571628956,0.007350939144024661,0.034210084179223076,0.21487638280905288
1927,0.019294796609669287,0.04413999285306048,0.06559817224923242,0.6728844926556162
1928,0.005081389630986069,0.0045924508685638325,0.030882957061450132,0.14870502392066567
1929,0.010007971104107734,0.011324127625546949,0.03563892616879933,0.3177460390336014
1930,0.009881578265096015,0.03185906559060688,0.03608327793137291,0.8829315798636671
1931,0.010908510065704077,0.01846142863808958,0.03807410277995375,0.4848815149968454
1932,0.01385478326597556,0.014679902408853343,0.033674284576532015,0.4359380635241151
1933,0.013264273458238903,0.018324497019524086,0.037362666366907195,0.4904493924382879
1934,0.005985957704850686,0.004927720282790984,0.0312164996215575,0.15785627288550946
1935,0.015935836213857295,0.021604317438697125,0.03273647964493716,0.6599462640155423
1936,0.014488552858150625,0.017662449285018637,0.04844701572120552,0.36457249269303676
1937,0.002787643706023159,-0.010078881745921428,0.022677627037719715,-0.44444163973405226
1938,0.006497774645062612,0.01740028647927971,0.042099264582293655,0.4133156873860932
1939,0.0031339459415670227,0.011373903415793984,0.044101996812681864,0.25789996457764314
1940,0.01344202139208258,0.0126948190438494,0.044193296185498616,0.2872566687617888
1941,0.011785559859540377,0.015274732746421308,0.03466279914180235,0.4406664529293716
1942,0.008733306987885357,0.007042847438154713,0.03744161388485063,0.18810213309219403
1943,0.014082636774479896,0.024955294182010812,0.037583080378245495,0.6640034273629118
1944,0.0029620080618719268,0.004310614515778687,0.025422190391318055,0.16956109797882749
1945,0.014193890048574883,0.022037875418650512,0.04069597715445425,0.5415246655709907
1946,0.003388421926751817,0.005290008337665582,0.02639416308525749,0.20042341636588304
1947,0.005904262254833881,0.006446745990269245,0.03620946741847804,0.17804034275796635
1948,0.008558611715045277,0.012913513866999165,0.035184105407603604,0.3670269207472428
1949,0.015540188926298581,0.017266195446558677,0.026829810609944132,0.643545185524313
1950,0.008444626241930956,0.018687789074471942,0.04093672791075702,0.4565042207382021
1951,0.01354703018649268,0.031077537930721388,0.05109952069297885,0.6081767012540978
1952,0.008346904302549696,0.012218749504051357,0.040645971788736336,0.300614032986102
1953,0.0074966791783291405,0.011180717120500337,0.03804634592285664,0.2938709841720551
1954,0.010844548029258112,0.019138388947847695,0.03982397912150026,0.4805745023483909
1955,0.01161692622373299,0.035678743865466656,0.06542457476525554,0.5453416242059285
1956,0.009428077368566903,0.018355962224952792,0.03865882884778666,0.4748194079346439
1957,0.011152584788756815,0.018227064540184093,0.0439372666115918,0.41484293279580836
1958,0.014911889841551262,0.015827225294492632,0.04810233337616039,0.3290323812511065
1959,0.014749697176360373,0.020656246307700042,0.04202623020942701,0.4915084271124225
1960,0.0014035153130309802,-0.0023088270904189447,0.03532486708869078,-0.06535982384936173
1961,0.017289864230484845,0.020258303318331845,0.03226271306303338,0.6279169169298353
1962,0.011467159194523444,0.020300173802977956,0.05020616980295814,0.404336237610818
1963,0.014680464268783455,0.03563629011955389,0.06857168339169985,0.5196939663270309
1964,0.012488716943856372,0.011656316491791045,0.02957703803531544,0.3941001961681634
1965,0.014114794469198097,0.02655528184761489,0.049961413573998685,0.5315158228716531
1966,0.010660531475560122,0.008133095002012853,0.03416287497478736,0.238068224879059
1967,0.020277263265716276,0.03282460618139427,0.050065327201667925,0.6556355069681981
1968,0.005191997872915333,0.0020694024416587596,0.025654997079344894,0.08066274321757211
1969,0.010696732180478516,0.010919370346714129,0.03912376136782835,0.2790981737173455
1970,0.008326328266745304,0.01651522965536921,0.0458988203430502,0.3598181724918748
1971,0.010242826294889557,0.00924680136810745,0.033523696500590214,0.2758288116569917
1972,0.01127889439790062,0.044904257437871756,0.0673173607679958,0.6670531483346605
1973,0.010054435132153162,0.021091900856854653,0.05038214359927745,0.4186384173053951
1974,0.001858589835810065,-0.0038665872898711274,0.03027382267969518,-0.12772048415492862
1975,0.007933111236512374,0.0104450830922475,0.026887623403393252,0.3884717862765557
1976,0.012644526329658344,0.016720200570676334,0.03514716902792109,0.4757196961551504
1977,0.010633896369954857,0.019553692517274728,0.04477013696116854,0.43675748712215595
1978,0.011871028941829431,0.016958207996650525,0.05303904346267406,0.319730652921461
1979,0.012088136314440629,0.02616973304108684,0.03445494583005455,0.7595348769423798
1980,0.007803687379561976,0.011630163508174017,0.031591361284406476,0.3681437910659037
1981,0.011010262894220623,0.014755403019790676,0.03640858583071078,0.40527262136461334
1982,0.006522780593850914,0.002925417486385893,0.04344805932418979,0.06733137295172954
1983,0.017481092986338022,0.023885445681282987,0.057432739950737235,0.41588553326500977
1984,0.006493606580247763,0.015423448519021788,0.04251569486646529,0.36277070308892445
1985,0.008599272635539256,0.02071765746113414,0.0338559941622365,0.6119346949865361
1986,0.014440775498895985,0.015345596907941262,0.03959000679841699,0.38761288893122536
1987,0.014878169595877051,0.015985769393862564,0.03691734242362591,0.4330151723931294
1988,0.008713479061724493,0.007815067270254203,0.034403823923058,0.22715693719779848
1989,0.008950758583963976,0.015040221314065617,0.039498206396072814,0.38078238700886985
1990,0.008635222048907503,0.00922999110392304,0.04035314779347411,0.22873038681298882
1991,0.006911600259649685,0.015622187960516627,0.03456751617428267,0.4519326144740225
1992,0.013425524025166918,0.013450387163118964,0.03781995398811796,0.3556426104416923
1993,0.01659043637432672,0.029676081923751766,0.04544788556710776,0.6529694737928445
1994,0.007483026623071315,0.01842429314236281,0.03525584789449992,0.5225882865587552
1995,0.009630139464979653,0.01751671819841913,0.03497886431315294,0.5007800722630208
1996,0.011557574501262356,0.013160442990305665,0.03141408970444122,0.418934405361588
1997,0.011084422150354583,0.019136038709728367,0.04002135051947541,0.47814575123886144
1998,0.013494176230845738,0.017705476884073614,0.03807084426236911,0.4650665680554524
1999,0.00982627169369275,0.03284907577519744,0.0602380796248279,0.5453207668602084
2000,0.00287514964333363,0.0033433215185399026,0.029233268763730745,0.11436700923052125
