trimestre,serie,nominal_rs_bi,nominal_sa_rs_bi,real_rs_bi_2025,real_sa_rs_bi_2025,indice_sa,log10_indice_sa,base_indice,nominal_sa_semao_rs_bi,real_sa_semao_rs_bi_2025,indice_sa_semao,log10_indice_sa_semao
2003Q1,uniao_econ_dir,0.12119999999999999,,0.4181441573921397,0.735048175046367,98.03373624986727,1.9913755547319947,media 2003 = 100,,0.735048175046367,98.03373624986727,1.9913755547319947
2003Q2,uniao_econ_dir,0.1646,,0.5530309453020799,0.746110728260431,99.509154407281585,1.9978630357777654,media 2003 = 100,,0.746110728260431,99.509154407281585,1.9978630357777654
2003Q3,uniao_econ_dir,0.23579999999999998,,0.7860299799052962,0.799451872035561,106.62328896014608,2.0278520748801117,media 2003 = 100,,0.799451872035561,106.62328896014608,2.0278520748801117
2003Q4,uniao_econ_dir,0.3722,,1.2244515219166752,0.718553402886591,95.83382038270504,1.981518801495382,media 2003 = 100,,0.718553402886591,95.83382038270504,1.981518801495382
2004Q1,uniao_econ_dir,0.1445,,0.4669934753531381,0.820902981862922,109.48423401718236,2.039351584269165,media 2003 = 100,,0.820902981862922,109.48423401718236,2.039351584269165
2004Q2,uniao_econ_dir,0.2705,,0.8615293897243662,1.15299414757282,153.7753959509719,2.186886853947132,media 2003 = 100,,1.15299414757282,153.7753959509719,2.186886853947132
2004Q3,uniao_econ_dir,0.421,,1.3128030309779648,1.32195503338143,176.3097923051433,2.24627643383073,media 2003 = 100,,1.32195503338143,176.3097923051433,2.24627643383073
2004Q4,uniao_econ_dir,0.8866,,2.7199057803538595,1.61982392720691,216.03671302361838,2.3345275609135236,media 2003 = 100,,1.61982392720691,216.03671302361838,2.3345275609135236
2005Q1,uniao_econ_dir,0.0705,,0.2120551171698717,0.368416317677649,49.135865299005296,1.69139860852632,media 2003 = 100,,1.6492705838543495,219.9640280884213,2.342351664094749
2005Q2,uniao_econ_dir,0.4213,,1.2447854651680033,1.64162179687413,218.94390561086678,2.3403328609398475,media 2003 = 100,,1.64162179687413,218.94390561086678,2.3403328609398475
2005Q3,uniao_econ_dir,0.6347,,1.8635454112507273,1.84543360997771,246.12638726132894,2.3911581770008916,media 2003 = 100,,1.84543360997771,246.12638726132894,2.3911581770008916
2005Q4,uniao_econ_dir,1.4509,,4.195620071378773,2.56323387396412,341.85976113888455,2.5338479848451922,media 2003 = 100,,2.56323387396412,341.85976113888455,2.5338479848451922
2006Q1,uniao_econ_dir,0.5448,,1.5531063198139927,2.65451526920152,354.03400567007964,2.5490449788776965,media 2003 = 100,,2.65451526920152,354.03400567007964,2.5490449788776965
2006Q2,uniao_econ_dir,0.5612,,1.5898398614061973,2.03247817958201,271.0726134082086,2.433085642823963,media 2003 = 100,,2.03247817958201,271.0726134082086,2.433085642823963
2006Q3,uniao_econ_dir,1.0967,,3.1010917400862623,3.02752554386816,403.7825692698101,2.606147567125378,media 2003 = 100,,3.02752554386816,403.7825692698101,2.606147567125378
2006Q4,uniao_econ_dir,1.6228,,4.549774230030027,2.87568771532226,383.5318834756683,2.5838014732184527,media 2003 = 100,,2.87568771532226,383.5318834756683,2.5838014732184527
2007Q1,uniao_econ_dir,0.6675,,1.847689776697712,3.09280869475388,412.48941517836187,2.6154128086711332,media 2003 = 100,,3.09280869475388,412.48941517836187,2.6154128086711332
2007Q2,uniao_econ_dir,1.0997999999999999,,3.0164017387720885,3.68919681189893,492.02999137945875,2.6919915757218877,media 2003 = 100,,3.68919681189893,492.02999137945875,2.6919915757218877
2007Q3,uniao_econ_dir,1.4352,,3.901342457977759,3.77731985631384,503.78300510969723,2.7022435126825957,media 2003 = 100,,3.77731985631384,503.78300510969723,2.7022435126825957
2007Q4,uniao_econ_dir,1.9032,,5.118199025077715,3.36166444768513,448.3468390410347,2.651614112219473,media 2003 = 100,,3.36166444768513,448.3468390410347,2.651614112219473
2008Q1,uniao_econ_dir,0.8752000000000001,,2.315316222804464,3.78612801518872,504.95775358646534,2.7032550451448834,media 2003 = 100,,3.78612801518872,504.95775358646534,2.7032550451448834
2008Q2,uniao_econ_dir,1.0603,,2.7548948424419026,3.20738378394825,427.77035111725786,2.631210680206545,media 2003 = 100,,3.20738378394825,427.77035111725786,2.631210680206545
2008Q3,uniao_econ_dir,1.5735000000000001,,4.025274077349582,3.89962404031723,520.0947742207317,2.7160824901168787,media 2003 = 100,,3.89962404031723,520.0947742207317,2.7160824901168787
2008Q4,uniao_econ_dir,2.0533,,5.197912418673143,3.53522438481675,471.4946131297622,2.6734767352464472,media 2003 = 100,,3.53522438481675,471.4946131297622,2.6734767352464472
2009Q1,uniao_econ_dir,0.9222,,2.3062920227928116,3.68668778472629,491.6953611927084,2.6916961110399833,media 2003 = 100,,3.68668778472629,491.6953611927084,2.6916961110399833
2009Q2,uniao_econ_dir,1.6911,,4.177612869079541,4.67185341587966,623.087385451297,2.7945489589512,media 2003 = 100,,4.67185341587966,623.087385451297,2.7945489589512
2009Q3,uniao_econ_dir,2.0265999999999997,,4.965781388459512,4.83510919543555,644.8608889815097,2.809466037637302,media 2003 = 100,,4.83510919543555,644.8608889815097,2.809466037637302
2009Q4,uniao_econ_dir,3.5780000000000003,,8.689876890820145,6.06312620269854,808.6421205895977,2.907756359138655,media 2003 = 100,,6.06312620269854,808.6421205895977,2.907756359138655
2010Q1,uniao_econ_dir,1.8102,,4.3170674507556175,6.77682224998421,903.8281130692914,2.9560858456928796,media 2003 = 100,,6.77682224998421,903.8281130692914,2.9560858456928796
2010Q2,uniao_econ_dir,3.1494999999999997,,7.4023898713237335,8.04732656126321,1073.2758972888603,3.0307113764563502,media 2003 = 100,,8.04732656126321,1073.2758972888603,3.0307113764563502
2010Q3,uniao_econ_dir,2.7622999999999998,,6.47098890768719,6.36252498597216,848.5730834154365,2.9286892519067416,media 2003 = 100,,6.36252498597216,848.5730834154365,2.9286892519067416
2010Q4,uniao_econ_dir,4.2855,,9.858014008653004,6.97737341750129,930.5757208158614,2.968751717385677,media 2003 = 100,,6.97737341750129,930.5757208158614,2.968751717385677
2011Q1,uniao_econ_dir,2.9706,,6.676977186880839,10.2872318128803,1372.0131612074747,3.137358277414732,media 2003 = 100,,10.2872318128803,1372.0131612074747,3.137358277414732
2011Q2,uniao_econ_dir,2.6764,,5.901421766356032,6.37420572964091,850.1309499375217,2.929485827426053,media 2003 = 100,,6.37420572964091,850.1309499375217,2.929485827426053
2011Q3,uniao_econ_dir,2.7378,,5.986380459586917,5.84123799212853,779.0487809277404,2.891564652312432,media 2003 = 100,,5.84123799212853,779.0487809277404,2.891564652312432
2011Q4,uniao_econ_dir,3.3866,,7.300850732366452,5.26116941233298,701.6847494410629,2.8461420375868642,media 2003 = 100,,5.26116941233298,701.6847494410629,2.8461420375868642
2012Q1,uniao_econ_dir,1.3237999999999999,,2.8132625758173555,4.22657688138774,563.7006352728039,2.751048524256622,media 2003 = 100,,4.22657688138774,563.7006352728039,2.751048524256622
2012Q2,uniao_econ_dir,2.0248,,4.251935688773013,4.64627315219389,619.6757331154283,2.7921644892424395,media 2003 = 100,,4.64627315219389,619.6757331154283,2.7921644892424395
2012Q3,uniao_econ_dir,2.327,,4.8347672092286835,4.5810827392191404,610.9812557076266,2.786027886727635,media 2003 = 100,,4.5810827392191404,610.9812557076266,2.786027886727635
2012Q4,uniao_econ_dir,3.0379,,6.201335966521122,4.60461950830801,614.1203661650966,2.788253500193526,media 2003 = 100,,4.60461950830801,614.1203661650966,2.788253500193526
2013Q1,uniao_econ_dir,1.513,,3.023288002091147,4.39536967421576,586.2126129835666,2.768055158507454,media 2003 = 100,,4.39536967421576,586.2126129835666,2.768055158507454
2013Q2,uniao_econ_dir,2.1376,,4.212295934124925,4.67424438026489,623.4062695460839,2.7947711656270204,media 2003 = 100,,4.67424438026489,623.4062695460839,2.7947711656270204
2013Q3,uniao_econ_dir,2.8169,,5.517565505320051,5.0632550618227,675.2888152742108,2.829489556613536,media 2003 = 100,,5.0632550618227,675.2888152742108,2.829489556613536
2013Q4,uniao_econ_dir,4.3141,,8.320466187532928,6.38801414372535,851.9725849083146,2.9304256201016776,media 2003 = 100,,6.38801414372535,851.9725849083146,2.9304256201016776
2014Q1,uniao_econ_dir,2.6294,,4.965725786432934,6.98042256189483,930.9823867017338,2.96894146462194,media 2003 = 100,,6.98042256189483,930.9823867017338,2.96894146462194
2014Q2,uniao_econ_dir,2.9503999999999997,,5.46462014939596,6.1116036292675,815.1075787890333,2.9112149311831366,media 2003 = 100,,6.1116036292675,815.1075787890333,2.9112149311831366
2014Q3,uniao_econ_dir,3.897,,7.1614381301766175,6.48901531870781,865.4431612396314,2.937238550466103,media 2003 = 100,,6.48901531870781,865.4431612396314,2.937238550466103
2014Q4,uniao_econ_dir,2.705,,4.897885608041446,3.83414521190304,511.3618307040675,2.708728308099293,media 2003 = 100,,3.83414521190304,511.3618307040675,2.708728308099293
2015Q1,uniao_econ_dir,2.3208,,4.071127206633632,5.59516017685406,746.2292618016107,2.872872274977932,media 2003 = 100,,5.59516017685406,746.2292618016107,2.872872274977932
2015Q2,uniao_econ_dir,1.699,,2.8999224768965033,3.23584660314262,431.5664512975657,2.6350476765515527,media 2003 = 100,,3.23584660314262,431.5664512975657,2.6350476765515527
2015Q3,uniao_econ_dir,2.1675,,3.636742098929352,3.31146380074971,441.6515540946714,2.645079762982033,media 2003 = 100,,3.31146380074971,441.6515540946714,2.645079762982033
2015Q4,uniao_econ_dir,1.8088,,2.9676690500937077,2.33246826300622,311.0824382256494,2.492875494242825,media 2003 = 100,,2.33246826300622,311.0824382256494,2.492875494242825
2016Q1,uniao_econ_dir,3.7908,,6.037345003501455,8.224054959477,1096.8462505888454,3.0401457550126967,media 2003 = 100,,3.009908954092654,401.4330360360664,2.603613109999477
2016Q2,uniao_econ_dir,1.8993,,2.970124263249185,3.29124162470709,438.9545125403059,2.6424195180182557,media 2003 = 100,,3.29124162470709,438.9545125403059,2.6424195180182557
2016Q3,uniao_econ_dir,2.0143,,3.108373031905564,2.87270506417502,383.13408582672434,2.5833507910536726,media 2003 = 100,,2.87270506417502,383.13408582672434,2.5833507910536726
2016Q4,uniao_econ_dir,2.7571,,4.225836110500039,3.28952092860199,438.72502245535617,2.6421924048730983,media 2003 = 100,,3.28952092860199,438.72502245535617,2.6421924048730983
2017Q1,uniao_econ_dir,1.7097,,2.5959092944614404,3.57459413049013,476.74537545336773,2.6782864889758833,media 2003 = 100,,3.57459413049013,476.74537545336773,2.6782864889758833
2017Q2,uniao_econ_dir,1.9189,,2.8976940917606004,3.16038104288803,421.50157244866546,2.624799199137522,media 2003 = 100,,3.16038104288803,421.50157244866546,2.624799199137522
2017Q3,uniao_econ_dir,2.0352,,3.0619898339095695,2.88218151191891,384.3979643182962,2.5847810790806083,media 2003 = 100,,2.88218151191891,384.3979643182962,2.5847810790806083
2017Q4,uniao_econ_dir,3.5089,,5.230740568314299,4.02110703046969,536.2970203043985,2.7294053840058567,media 2003 = 100,,4.02110703046969,536.2970203043985,2.7294053840058567
2018Q1,uniao_econ_dir,1.6008,,2.364513005736566,3.3268834156473,443.70807570952957,2.6470973331658882,media 2003 = 100,,3.3268834156473,443.70807570952957,2.6470973331658882
2018Q2,uniao_econ_dir,2.1324,,3.116143149096853,3.31990253470471,442.77703218836933,2.6461850849877258,media 2003 = 100,,3.31990253470471,442.77703218836933,2.6461850849877258
2018Q3,uniao_econ_dir,2.5307000000000004,,3.646974276768796,3.50336269529441,467.2452039438797,2.669544852241564,media 2003 = 100,,3.50336269529441,467.2452039438797,2.669544852241564
2018Q4,uniao_econ_dir,2.8796999999999997,,4.123117440218105,3.13175530576832,417.6837438246101,2.62084757293174,media 2003 = 100,,3.13175530576832,417.6837438246101,2.62084757293174
2019Q1,uniao_econ_dir,1.3112,,1.8608067658654195,2.69371213847265,359.26171138297946,2.5554109343736995,media 2003 = 100,,2.69371213847265,359.26171138297946,2.5554109343736995
2019Q2,uniao_econ_dir,1.8309,,2.564828970641448,2.66396666135913,355.29454248579896,2.550588536545039,media 2003 = 100,,2.66396666135913,355.29454248579896,2.550588536545039
2019Q3,uniao_econ_dir,1.9673,,2.7476577195003338,2.64520800935089,352.79269185095745,2.5475195800831503,media 2003 = 100,,2.64520800935089,352.79269185095745,2.5475195800831503
2019Q4,uniao_econ_dir,2.6769,,3.7077318361670963,2.84235261457801,379.08596471120296,2.578737705393688,media 2003 = 100,,2.84235261457801,379.08596471120296,2.578737705393688
2020Q1,uniao_econ_dir,1.3164,,1.7992508208769595,2.64572107888262,352.8611201864856,2.547603808491222,media 2003 = 100,,2.64572107888262,352.8611201864856,2.547603808491222
2020Q2,uniao_econ_dir,1.7528,,2.4040683641590004,2.43827052295688,325.19333761804455,2.512141639427077,media 2003 = 100,,2.43827052295688,325.19333761804455,2.512141639427077
2020Q3,uniao_econ_dir,2.4015000000000004,,3.2682534371103307,3.11706510214108,415.72450414925294,2.6188056239845903,media 2003 = 100,,3.11706510214108,415.72450414925294,2.6188056239845903
2020Q4,uniao_econ_dir,2.319,,3.0810512211366685,2.41437181408613,322.0059550740369,2.5078639034718515,media 2003 = 100,,2.41437181408613,322.0059550740369,2.5078639034718515
2021Q1,uniao_econ_dir,0.6029,,0.7826744833859627,1.1596843320853,154.66766914642338,2.189399540727561,media 2003 = 100,,2.664505179926835,355.36636497175874,2.5506763199283875
2021Q2,uniao_econ_dir,2.1679999999999997,,2.760434496873755,2.72708301367613,363.7124014046489,2.560758109330174,media 2003 = 100,,2.72708301367613,363.7124014046489,2.560758109330174
2021Q3,uniao_econ_dir,1.8764999999999998,,2.329188371042924,2.20939465001009,294.66804999181727,2.46933304910247,media 2003 = 100,,2.20939465001009,294.66804999181727,2.46933304910247
2021Q4,uniao_econ_dir,2.3213999999999997,,2.791463567425989,2.23807063111422,298.4925796807607,2.474933539338905,media 2003 = 100,,2.23807063111422,298.4925796807607,2.474933539338905
2022Q1,uniao_econ_dir,1.1542999999999999,,1.3531196061096467,1.99013462104649,265.4252322020855,2.423942205963435,media 2003 = 100,,1.99013462104649,265.4252322020855,2.423942205963435
2022Q2,uniao_econ_dir,1.9323,,2.198372603305597,2.14984193582431,286.72547524141515,2.4574662812452495,media 2003 = 100,,2.14984193582431,286.72547524141515,2.4574662812452495
2022Q3,uniao_econ_dir,1.8937,,2.163499693290529,2.03963886127236,272.0276370434374,2.43461302905526,media 2003 = 100,,2.03963886127236,272.0276370434374,2.43461302905526
2022Q4,uniao_econ_dir,2.3024999999999998,,2.6107884972038535,2.12009196639933,282.75770720244793,2.451414451439671,media 2003 = 100,,2.12009196639933,282.75770720244793,2.451414451439671
2023Q1,uniao_econ_dir,1.8951,,2.108996085720256,3.07759332125334,410.4601333389763,2.6132709818898388,media 2003 = 100,,3.07759332125334,410.4601333389763,2.6132709818898388
2023Q2,uniao_econ_dir,3.1476,,3.4512930768677634,3.38952659009148,452.0628266629998,2.6551987962648043,media 2003 = 100,,3.38952659009148,452.0628266629998,2.6551987962648043
2023Q3,uniao_econ_dir,4.065799999999999,,4.44104208879339,4.13716575602612,551.7758295538428,2.741762672364081,media 2003 = 100,,4.13716575602612,551.7758295538428,2.741762672364081
2023Q4,uniao_econ_dir,4.387899999999999,,4.751715427208657,3.89644242496873,519.6704406185107,2.715728014414996,media 2003 = 100,,3.89644242496873,519.6704406185107,2.715728014414996
2024Q1,uniao_econ_dir,2.3479,,2.5049867235812435,3.59768681038089,479.82525751629584,2.681083105055832,media 2003 = 100,,3.59768681038089,479.82525751629584,2.681083105055832
2024Q2,uniao_econ_dir,3.9791000000000003,,4.1973377784150845,4.21151803845937,561.6922299927351,2.7494984162303897,media 2003 = 100,,4.21151803845937,561.6922299927351,2.7494984162303897
2024Q3,uniao_econ_dir,3.1964,,3.3446784920619725,3.05862792163027,407.9307086731656,2.6105863998630756,media 2003 = 100,,3.05862792163027,407.9307086731656,2.6105863998630756
2024Q4,uniao_econ_dir,4.8024000000000004,,4.961399870291912,4.08754184846265,545.1574646208802,2.7365219630814126,media 2003 = 100,,4.08754184846265,545.1574646208802,2.7365219630814126
2025Q1,uniao_econ_dir,2.4104,,2.4484360598323676,3.48412643549603,464.67965452340883,2.667153657799187,media 2003 = 100,,3.48412643549603,464.67965452340883,2.667153657799187
2025Q2,uniao_econ_dir,2.8072,,2.8094547441854436,2.86931020389251,382.681311642883,2.5828372538405215,media 2003 = 100,,2.86931020389251,382.681311642883,2.5828372538405215
2025Q3,uniao_econ_dir,4.6395,,4.61580726788874,4.17751041298614,557.156616274741,2.745977292163238,media 2003 = 100,,4.17751041298614,557.156616274741,2.745977292163238
2025Q4,uniao_econ_dir,3.6096,,3.5696045814704735,2.93774495367696,391.8084878450023,2.5930738399903146,media 2003 = 100,,2.93774495367696,391.8084878450023,2.5930738399903146
2003Q1,uniao_econ_dt,0.1305,,0.45022947639995253,0.821828349773573,89.95982677458258,1.9540486104928594,media 2003 = 100,,0.821828349773573,89.95982677458258,1.9540486104928594
2003Q2,uniao_econ_dt,0.2089,,0.7018722021482655,0.938751179459985,102.75855476623876,2.011817987561403,media 2003 = 100,,0.938751179459985,102.75855476623876,2.011817987561403
2003Q3,uniao_econ_dt,0.29259999999999997,,0.9753705348612793,0.983288644843191,107.63376097195807,2.0319485157920116,media 2003 = 100,,0.983288644843191,107.63376097195807,2.0319485157920116
2003Q4,uniao_econ_dt,0.4729,,1.5557311249715091,0.910333392286311,99.64785748722058,1.9984679654401138,media 2003 = 100,,0.910333392286311,99.64785748722058,1.9984679654401138
2004Q1,uniao_econ_dt,0.18359999999999999,,0.5933564157428108,1.07890694021701,118.10042994325794,2.072251478660463,media 2003 = 100,,1.07890694021701,118.10042994325794,2.072251478660463
2004Q2,uniao_econ_dt,0.3966,,1.2631517780579802,1.67924181793543,183.81490866763974,2.2643807327819077,media 2003 = 100,,1.67924181793543,183.81490866763974,2.2643807327819077
2004Q3,uniao_econ_dt,0.5335,,1.663611441868751,1.66781022378288,182.56357165790524,2.2614141236568854,media 2003 = 100,,1.66781022378288,182.56357165790524,2.2614141236568854
2004Q4,uniao_econ_dt,1.1935,,3.661411627399426,2.16623634027979,237.12280791733048,2.374973329078342,media 2003 = 100,,2.16623634027979,237.12280791733048,2.374973329078342
2005Q1,uniao_econ_dt,0.1117,,0.3359795260691442,0.604887629449975,66.21283675404969,1.8209421947418967,media 2003 = 100,,2.077323826133242,227.39017412230527,2.356771694227441
2005Q2,uniao_econ_dt,0.4668,,1.3792211135542938,1.80343585927327,197.40956556681542,2.2953681927724934,media 2003 = 100,,1.80343585927327,197.40956556681542,2.2953681927724934
2005Q3,uniao_econ_dt,0.7394,,2.1709555334469632,2.15208369804074,235.57361672116602,2.3721266496379037,media 2003 = 100,,2.15208369804074,235.57361672116602,2.3721266496379037
2005Q4,uniao_econ_dt,1.7066999999999999,,4.935326194653078,2.98823569791944,327.10135373222556,2.514682341487314,media 2003 = 100,,2.98823569791944,327.10135373222556,2.514682341487314
2006Q1,uniao_econ_dt,0.6869,,1.958202516667092,3.46304496004595,379.07541739605085,2.5787256218429357,media 2003 = 100,,3.46304496004595,379.07541739605085,2.5787256218429357
2006Q2,uniao_econ_dt,0.6971,,1.9748349383219175,2.50021359232459,273.6809720995214,2.43724460376948,media 2003 = 100,,2.50021359232459,273.6809720995214,2.43724460376948
2006Q3,uniao_econ_dt,1.2421,,3.5122331087454604,3.44359115557371,376.94594488404584,2.576279075612297,media 2003 = 100,,3.44359115557371,376.94594488404584,2.576279075612297
2006Q4,uniao_econ_dt,2.0142,,5.647125495517921,3.5373176022532,387.2055263523745,2.5879415471054,media 2003 = 100,,3.5373176022532,387.2055263523745,2.5879415471054
2007Q1,uniao_econ_dt,0.745,,2.062215556014675,3.55423287604471,389.05712358742744,2.5900133716019478,media 2003 = 100,,3.55423287604471,389.05712358742744,2.5900133716019478
2007Q2,uniao_econ_dt,1.1706999999999999,,3.210857897418152,3.87858765621858,424.56198277850837,2.627941102857042,media 2003 = 100,,3.87858765621858,424.56198277850837,2.627941102857042
2007Q3,uniao_econ_dt,1.6022,,4.355303014333867,4.25477815869726,465.74093754022874,2.6681444130807606,media 2003 = 100,,4.25477815869726,465.74093754022874,2.6681444130807606
2007Q4,uniao_econ_dt,2.4188,,6.5047813166550945,4.23493783781973,463.56915576878407,2.6661145318535744,media 2003 = 100,,4.23493783781973,463.56915576878407,2.6661145318535744
2008Q1,uniao_econ_dt,0.9692000000000001,,2.5639904971915977,4.27813515138971,468.29766488745025,2.670521992227898,media 2003 = 100,,4.27813515138971,468.29766488745025,2.670521992227898
2008Q2,uniao_econ_dt,1.523,,3.9570921862105233,4.56113571434235,499.2757658830451,2.6983404865464156,media 2003 = 100,,4.56113571434235,499.2757658830451,2.6983404865464156
2008Q3,uniao_econ_dt,1.995,,5.10354101322683,5.01608772280187,549.0761942608724,2.7396326148525936,media 2003 = 100,,5.01608772280187,549.0761942608724,2.7396326148525936
2008Q4,uniao_econ_dt,2.4007,,6.077352721720457,4.08063448292726,446.6786419763503,2.6499951870955885,media 2003 = 100,,4.08063448292726,446.6786419763503,2.6499951870955885
2009Q1,uniao_econ_dt,1.1083,,2.7717018530267548,4.50221440515461,492.8260604557243,2.6926936650915723,media 2003 = 100,,4.50221440515461,492.8260604557243,2.6926936650915723
2009Q2,uniao_econ_dt,2.0836,,5.147226168774248,5.73301366626107,627.5530850879693,2.7976504689349873,media 2003 = 100,,5.73301366626107,627.5530850879693,2.7976504689349873
2009Q3,uniao_econ_dt,2.5244999999999997,,6.185786595858106,6.11327141096748,669.1772525347443,2.8255411694891808,media 2003 = 100,,6.11327141096748,669.1772525347443,2.8255411694891808
2009Q4,uniao_econ_dt,4.2641,,10.356205715524364,7.11162872474065,778.4604757661122,2.891236567331334,media 2003 = 100,,7.11162872474065,778.4604757661122,2.891236567331334
2010Q1,uniao_econ_dt,2.2946,,5.472291996742812,8.70116497856807,952.4559409817267,2.978844895076188,media 2003 = 100,,8.70116497856807,952.4559409817267,2.978844895076188
2010Q2,uniao_econ_dt,3.4736,,8.164134452144824,8.91058359099968,975.3795382303633,2.989173640606733,media 2003 = 100,,8.91058359099968,975.3795382303633,2.989173640606733
2010Q3,uniao_econ_dt,3.0907,,7.240301711251058,7.20610230528066,788.8018407756005,2.89696791541915,media 2003 = 100,,7.20610230528066,788.8018407756005,2.89696791541915
2010Q4,uniao_econ_dt,5.1,,11.731623251459647,8.16038626174379,893.2606604802733,2.950978207925281,media 2003 = 100,,8.16038626174379,893.2606604802733,2.950978207925281
2011Q1,uniao_econ_dt,3.1713999999999998,,7.128312613772938,11.0748144396035,1212.2828189388579,3.0836039501735106,media 2003 = 100,,11.0748144396035,1212.2828189388579,3.0836039501735106
2011Q2,uniao_econ_dt,3.0637,,6.755412444173133,7.38574357590473,808.4659197664988,2.9076617172921337,media 2003 = 100,,7.38574357590473,808.4659197664988,2.9076617172921337
2011Q3,uniao_econ_dt,2.919,,6.382586223074808,6.28660313504149,688.1506694003634,2.837683536673329,media 2003 = 100,,6.28660313504149,688.1506694003634,2.837683536673329
2011Q4,uniao_econ_dt,4.5801,,9.873804535319078,6.97605843944999,763.6205406581439,2.882877601982638,media 2003 = 100,,6.97605843944999,763.6205406581439,2.882877601982638
2012Q1,uniao_econ_dt,1.5816999999999999,,3.361336618953249,5.09219544261142,557.4071763840396,2.746172555772918,media 2003 = 100,,5.09219544261142,557.4071763840396,2.746172555772918
2012Q2,uniao_econ_dt,2.3746,,4.986490757882456,5.53240518096753,605.5938711091738,2.7821814712526916,media 2003 = 100,,5.53240518096753,605.5938711091738,2.7821814712526916
2012Q3,uniao_econ_dt,3.2835,,6.822070533520577,6.54008903538744,715.898005801211,2.854851152652872,media 2003 = 100,,6.54008903538744,715.898005801211,2.854851152652872
2012Q4,uniao_econ_dt,3.983,,8.130590590425502,5.88670079456735,644.3761448470117,2.8091394542284425,media 2003 = 100,,5.88670079456735,644.3761448470117,2.8091394542284425
2013Q1,uniao_econ_dt,1.6274,,3.251882944218858,4.78302546694647,523.5644920055028,2.718970185149568,media 2003 = 100,,4.78302546694647,523.5644920055028,2.718970185149568
2013Q2,uniao_econ_dt,2.4556,,4.8389380126483745,5.46619967799304,598.346815710379,2.7769529841378264,media 2003 = 100,,5.46619967799304,598.346815710379,2.7769529841378264
2013Q3,uniao_econ_dt,2.837,,5.556936113668566,5.13931179283279,562.5646751553254,2.7501724582472975,media 2003 = 100,,5.13931179283279,562.5646751553254,2.7501724582472975
2013Q4,uniao_econ_dt,4.5618,,8.798197226371133,6.58860646874481,721.208871387168,2.858061060217305,media 2003 = 100,,6.58860646874481,721.208871387168,2.858061060217305
2014Q1,uniao_econ_dt,2.9411,,5.554383551562296,7.92618545871493,867.6243293939227,2.938331721734713,media 2003 = 100,,7.92618545871493,867.6243293939227,2.938331721734713
2014Q2,uniao_econ_dt,3.1917999999999997,,5.91173216948279,6.71029109426188,734.5288400103746,2.8660088522862113,media 2003 = 100,,6.71029109426188,734.5288400103746,2.8660088522862113
2014Q3,uniao_econ_dt,4.1686,,7.660551960342377,6.96697145999123,762.6258522925752,2.8823115233579335,media 2003 = 100,,6.96697145999123,762.6258522925752,2.8823115233579335
2014Q4,uniao_econ_dt,2.7587,,4.995119048763009,3.8364437317621,419.9487808309842,2.6231963247814094,media 2003 = 100,,3.8364437317621,419.9487808309842,2.6231963247814094
2015Q1,uniao_econ_dt,2.5007,,4.386706224417753,6.09211371097404,666.8612664448476,2.824035492860563,media 2003 = 100,,6.09211371097404,666.8612664448476,2.824035492860563
2015Q2,uniao_econ_dt,1.7699,,3.02093748785116,3.42602062391998,375.02262113360285,2.5740574648935755,media 2003 = 100,,3.42602062391998,375.02262113360285,2.5740574648935755
2015Q3,uniao_econ_dt,2.2348,,3.7496614729814604,3.40496855131973,372.71819733891846,2.5713805969688894,media 2003 = 100,,3.40496855131973,372.71819733891846,2.5713805969688894
2015Q4,uniao_econ_dt,2.0002,,3.2816959497995546,2.54661315521858,278.760009153317,2.4452304701082817,media 2003 = 100,,2.54661315521858,278.760009153317,2.4452304701082817
2016Q1,uniao_econ_dt,3.8417999999999997,,6.118569176546346,8.4018582069125909,919.6929128652047,2.963642839833334,media 2003 = 100,,3.213740866895235,351.7858343094954,2.546278347329849
2016Q2,uniao_econ_dt,1.9561000000000002,,3.0589480710481394,3.44115943948445,376.679761856635,2.5759722871793813,media 2003 = 100,,3.44115943948445,376.679761856635,2.5759722871793813
2016Q3,uniao_econ_dt,2.213,,3.41499752748201,3.1391240261545,343.61804833648466,2.536075966821278,media 2003 = 100,,3.1391240261545,343.61804833648466,2.536075966821278
2016Q4,uniao_econ_dt,2.8636,,4.3890697784004615,3.38400247399368,370.42318684808595,2.568698163768546,media 2003 = 100,,3.38400247399368,370.42318684808595,2.568698163768546
2017Q1,uniao_econ_dt,1.7417999999999998,,2.6446480722307637,3.66695055025837,401.3955424914339,2.6035725453260503,media 2003 = 100,,3.66695055025837,401.3955424914339,2.6035725453260503
2017Q2,uniao_econ_dt,1.9288,,2.9126438919109106,3.22928027038403,353.4868246031711,2.5483732311208236,media 2003 = 100,,3.22928027038403,353.4868246031711,2.5483732311208236
2017Q3,uniao_econ_dt,2.1458,,3.2283892421399143,3.00627580669977,329.07607882088945,2.5172963137326247,media 2003 = 100,,3.00627580669977,329.07607882088945,2.5172963137326247
2017Q4,uniao_econ_dt,3.6728,,5.475067388442177,4.18327623765815,457.9141201366914,2.660784035541021,media 2003 = 100,,4.18327623765815,457.9141201366914,2.660784035541021
2018Q1,uniao_econ_dt,1.6148,,2.385192154962148,3.3910646998533,371.19623953621647,2.5696035678783358,media 2003 = 100,,3.3910646998533,371.19623953621647,2.5696035678783358
2018Q2,uniao_econ_dt,2.152,,3.1447852451962244,3.38666125598959,370.7142251991593,2.5690392512763034,media 2003 = 100,,3.38666125598959,370.7142251991593,2.5690392512763034
2018Q3,uniao_econ_dt,2.5703,,3.704041563037434,3.51600688019827,384.8727900029519,2.5853172081346294,media 2003 = 100,,3.51600688019827,384.8727900029519,2.5853172081346294
2018Q4,uniao_econ_dt,2.9661999999999997,,4.246967028223406,3.21991092232861,352.46122731355626,2.547111349157444,media 2003 = 100,,3.21991092232861,352.46122731355626,2.547111349157444
2019Q1,uniao_econ_dt,1.3263,,1.8822361299323567,2.75197490014947,301.2395293660218,2.4789119604208096,media 2003 = 100,,2.75197490014947,301.2395293660218,2.4789119604208096
2019Q2,uniao_econ_dt,1.8423,,2.580798739752439,2.69331597530968,294.81854532619815,2.4695547989953863,media 2003 = 100,,2.69331597530968,294.81854532619815,2.4695547989953863
2019Q3,uniao_econ_dt,2.0476,,2.8598098645091667,2.72657959386496,298.45968202336024,2.474885671956511,media 2003 = 100,,2.72657959386496,298.45968202336024,2.474885671956511
2019Q4,uniao_econ_dt,2.7685,,3.8346055468745965,2.94263953730725,322.11025953185055,2.5080045577508008,media 2003 = 100,,2.94263953730725,322.11025953185055,2.5080045577508008
2020Q1,uniao_econ_dt,1.3397999999999999,,1.8312338573465134,2.71540748260633,297.236748799154,2.4731025023094504,media 2003 = 100,,2.71540748260633,297.236748799154,2.4731025023094504
2020Q2,uniao_econ_dt,1.7667,,2.4231330322682028,2.45456497776471,268.68413613074773,2.4292420252189357,media 2003 = 100,,2.45456497776471,268.68413613074773,2.4292420252189357
2020Q3,uniao_econ_dt,2.4592,,3.3467786185891004,3.17474973874049,347.5177470191107,2.5409769880215722,media 2003 = 100,,3.17474973874049,347.5177470191107,2.5409769880215722
2020Q4,uniao_econ_dt,2.4194,,3.214443865639524,2.52638087273172,276.54532207386325,2.441766316521725,media 2003 = 100,,2.52638087273172,276.54532207386325,2.441766316521725
2021Q1,uniao_econ_dt,0.6057,,0.7863093955662259,1.17109593072231,128.19171679003728,2.107859963805266,media 2003 = 100,,2.7264207675785426,298.44229641574856,2.4748603730842498
2021Q2,uniao_econ_dt,2.2681999999999998,,2.8880154639340643,2.84160660027476,311.05088744219915,2.492831444742184,media 2003 = 100,,2.84160660027476,311.05088744219915,2.492831444742184
2021Q3,uniao_econ_dt,1.9464,,2.4159511033295753,2.28301151705149,249.9053733725715,2.3977755942655796,media 2003 = 100,,2.28301151705149,249.9053733725715,2.3977755942655796
2021Q4,uniao_econ_dt,2.3678,,2.8472591690149294,2.29466930437622,251.18147017380323,2.3999875980504624,media 2003 = 100,,2.29466930437622,251.18147017380323,2.3999875980504624
2022Q1,uniao_econ_dt,1.218,,1.4277914582357705,2.11169018764338,231.15202041195496,2.3638976937936915,media 2003 = 100,,2.11169018764338,231.15202041195496,2.3638976937936915
2022Q2,uniao_econ_dt,1.9441,,2.211797432120484,2.14092691539873,234.35236141388268,2.369869333976783,media 2003 = 100,,2.14092691539873,234.35236141388268,2.369869333976783
2022Q3,uniao_econ_dt,1.9089999999999998,,2.180979518662734,2.05771160441661,225.24336077767066,2.352651998673892,media 2003 = 100,,2.05771160441661,225.24336077767066,2.352651998673892
2022Q4,uniao_econ_dt,2.3158,,2.6258692733223383,2.14363008989418,234.64825910276033,2.37041733645233,media 2003 = 100,,2.14363008989418,234.64825910276033,2.37041733645233
2023Q1,uniao_econ_dt,1.9173,,2.1337017546047425,3.14005187242682,343.7196132070009,2.536204314402414,media 2003 = 100,,3.14005187242682,343.7196132070009,2.536204314402414
2023Q2,uniao_econ_dt,3.2644,,3.5793624094952112,3.45805229813405,378.5289054621874,2.578099048970581,media 2003 = 100,,3.45805229813405,378.5289054621874,2.578099048970581
2023Q3,uniao_econ_dt,4.068099999999999,,4.44355436111476,4.16267543165113,455.65909335364245,2.6586400416871014,media 2003 = 100,,4.16267543165113,455.65909335364245,2.6586400416871014
2023Q4,uniao_econ_dt,4.3938,,4.758104615891291,3.91450523628153,428.49363016146305,2.631944370235205,media 2003 = 100,,3.91450523628153,428.49363016146305,2.631944370235205
2024Q1,uniao_econ_dt,2.3639,,2.5220572068119176,3.6790185326798,402.7165404935711,2.6049994674459307,media 2003 = 100,,3.6790185326798,402.7165404935711,2.6049994674459307
2024Q2,uniao_econ_dt,3.9979,,4.217168883497692,4.12524141718445,451.5614524559689,2.6547168612861665,media 2003 = 100,,4.12524141718445,451.5614524559689,2.6547168612861665
2024Q3,uniao_econ_dt,3.217,,3.366234109924717,3.11687831501264,341.18296524236837,2.5329873393597144,media 2003 = 100,,3.11687831501264,341.18296524236837,2.5329873393597144
2024Q4,uniao_econ_dt,4.9223,,5.0852695697022074,4.18805617749254,458.43734686598725,2.6612799904539446,media 2003 = 100,,4.18805617749254,458.43734686598725,2.6612799904539446
2025Q1,uniao_econ_dt,2.4165,,2.454632317700347,3.57048040193937,390.8356271099719,2.591994145507408,media 2003 = 100,,3.57048040193937,390.8356271099719,2.591994145507408
2025Q2,uniao_econ_dt,2.8123,,2.814558840507525,2.78700640565164,305.0741843368516,2.4844054587915165,media 2003 = 100,,2.78700640565164,305.0741843368516,2.4844054587915165
2025Q3,uniao_econ_dt,4.682,,4.658090231329902,4.28232806451967,468.7566338910822,2.6709474269585036,media 2003 = 100,,4.28232806451967,468.7566338910822,2.6709474269585036
2025Q4,uniao_econ_dt,3.7756,,3.7337652531582224,3.0654720061759,335.55587457392414,2.525764846408773,media 2003 = 100,,3.0654720061759,335.55587457392414,2.525764846408773
2003Q1,uniao_soc_dir,0.1137,,0.3922689001277747,0.354964370517274,122.53527149970857,2.088261117376659,media 2003 = 100,,0.354964370517274,122.53527149970857,2.088261117376659
2003Q2,uniao_soc_dir,0.0688,,0.23115752756247326,0.220880200859428,76.24882278122348,1.8822331429228847,media 2003 = 100,,0.220880200859428,76.24882278122348,1.8822331429228847
2003Q3,uniao_soc_dir,0.0575,,0.1916739772881872,0.255366655965066,88.1536996940071,1.9452405437819638,media 2003 = 100,,0.255366655965066,88.1536996940071,1.9452405437819638
2003Q4,uniao_soc_dir,0.11699999999999999,,0.38490281586311387,0.32752247005937,113.06220602506087,2.0533174549889868,media 2003 = 100,,0.32752247005937,113.06220602506087,2.0533174549889868
2004Q1,uniao_soc_dir,0.1279,,0.4133457819907708,0.407442849109571,140.65107453883593,2.1481430544145113,media 2003 = 100,,0.407442849109571,140.65107453883593,2.1481430544145113
2004Q2,uniao_soc_dir,0.1734,,0.5522705958528838,0.528493554017959,182.43831354979633,2.2611160489920388,media 2003 = 100,,0.528493554017959,182.43831354979633,2.2611160489920388
2004Q3,uniao_soc_dir,0.1675,,0.5223147451040597,0.547916024090635,189.14303616768086,2.2767903561515044,media 2003 = 100,,0.547916024090635,189.14303616768086,2.2767903561515044
2004Q4,uniao_soc_dir,0.2468,,0.7571314534077741,0.647211590199681,223.42030499372802,2.349122640337345,media 2003 = 100,,0.647211590199681,223.42030499372802,2.349122640337345
2005Q1,uniao_soc_dir,0.15689999999999998,,0.47193543097805485,0.491514576386625,169.67300683116986,2.22961275618495,media 2003 = 100,,0.491514576386625,169.67300683116986,2.22961275618495
2005Q2,uniao_soc_dir,0.1938,,0.5726072232365512,0.551024651340673,190.21614805076845,2.2792473827993738,media 2003 = 100,,0.551024651340673,190.21614805076845,2.2792473827993738
2005Q3,uniao_soc_dir,0.1997,,0.5863400324984562,0.657785635864518,227.07051234975916,2.3561607398768456,media 2003 = 100,,0.657785635864518,227.07051234975916,2.3561607398768456
2005Q4,uniao_soc_dir,0.22840000000000002,,0.6604725510392941,0.643378505301339,222.09710712455794,2.346542901781146,media 2003 = 100,,0.643378505301339,222.09710712455794,2.346542901781146
2006Q1,uniao_soc_dir,0.3373,,0.9615689458026061,0.886109385260323,305.8888810251158,2.485563690789189,media 2003 = 100,,0.886109385260323,305.8888810251158,2.485563690789189
2006Q2,uniao_soc_dir,0.33740000000000003,,0.955830308692892,0.923663482162698,318.85272146113766,2.5035901281149027,media 2003 = 100,,0.923663482162698,318.85272146113766,2.5035901281149027
2006Q3,uniao_soc_dir,0.2192,,0.6198224759979107,0.76097216107117,262.6909574746688,2.4194451234657657,media 2003 = 100,,0.76097216107117,262.6909574746688,2.4194451234657657
2006Q4,uniao_soc_dir,0.3951,,1.10772479559087,1.05600801310749,364.5386391975841,2.5617435680474814,media 2003 = 100,,1.05600801310749,364.5386391975841,2.5617435680474814
2007Q1,uniao_soc_dir,0.4148,,1.1481973323958217,1.10186750547856,380.36953890264175,2.5802057300945216,media 2003 = 100,,1.10186750547856,380.36953890264175,2.5802057300945216
2007Q2,uniao_soc_dir,0.448,,1.228721566621109,1.19223602201521,411.56515071209634,2.614438593752716,media 2003 = 100,,1.19223602201521,411.56515071209634,2.614438593752716
2007Q3,uniao_soc_dir,0.4193,,1.13979437892285,1.29399030032378,446.69117786977347,2.650007375260487,media 2003 = 100,,1.29399030032378,446.69117786977347,2.650007375260487
2007Q4,uniao_soc_dir,0.5021,,1.3502772858824719,1.37526766742835,474.74848466489385,2.6764635872000504,media 2003 = 100,,1.37526766742835,474.74848466489385,2.6764635872000504
2008Q1,uniao_soc_dir,0.586,,1.550246008413409,1.49107123993001,514.7243903493112,2.7115747478949084,media 2003 = 100,,1.49107123993001,514.7243903493112,2.7115747478949084
2008Q2,uniao_soc_dir,0.4426,,1.1499730805100312,1.1202961048325,386.73117295031716,2.587409180334403,media 2003 = 100,,1.1202961048325,386.73117295031716,2.587409180334403
2008Q3,uniao_soc_dir,0.3694,,0.944986491371424,1.14110476108388,393.91441317127584,2.5954018717617515,media 2003 = 100,,1.14110476108388,393.91441317127584,2.5954018717617515
2008Q4,uniao_soc_dir,0.5289,,1.3389060917723787,1.24265166998337,428.96885549128234,2.6324257621630993,media 2003 = 100,,1.24265166998337,428.96885549128234,2.6324257621630993
2009Q1,uniao_soc_dir,0.5235000000000001,,1.3091996030492703,1.34458078459346,464.1552369139341,2.6666632548216342,media 2003 = 100,,1.34458078459346,464.1552369139341,2.6666632548216342
2009Q2,uniao_soc_dir,0.7791,,1.9246515204895451,1.88164654273552,649.5527132613006,2.812614401212831,media 2003 = 100,,1.88164654273552,649.5527132613006,2.812614401212831
2009Q3,uniao_soc_dir,0.7915,,1.9394137811929855,1.98196190366064,684.1820197706778,2.8351716567870984,media 2003 = 100,,1.98196190366064,684.1820197706778,2.8351716567870984
2009Q4,uniao_soc_dir,0.8301,,2.016061153457183,1.7050323327916,588.5847064310725,2.769808973361819,media 2003 = 100,,1.7050323327916,588.5847064310725,2.769808973361819
2010Q1,uniao_soc_dir,0.8714,,2.078164057335347,2.37392050134434,819.4878621960091,2.913542525422889,media 2003 = 100,,2.37392050134434,819.4878621960091,2.913542525422889
2010Q2,uniao_soc_dir,1.2782,,3.004202169717732,2.94602255866547,1016.9800240634918,3.007312422417141,media 2003 = 100,,2.94602255866547,1016.9800240634918,3.007312422417141
2010Q3,uniao_soc_dir,1.4959,,3.5043088393763413,3.23685170021868,1117.375530711998,3.0481991565595736,media 2003 = 100,,3.23685170021868,1117.375530711998,3.0481991565595736
2010Q4,uniao_soc_dir,1.1628,,2.6748101013328,2.41714796321191,834.410173323932,2.921379590470622,media 2003 = 100,,2.41714796321191,834.410173323932,2.921379590470622
2011Q1,uniao_soc_dir,1.1373,,2.5562937301015207,2.77367305101486,957.4842113371808,2.9811316212979206,media 2003 = 100,,2.77367305101486,957.4842113371808,2.9811316212979206
2011Q2,uniao_soc_dir,1.0566,,2.3297871163995603,2.29804593568185,793.2956263673059,2.899435059921144,media 2003 = 100,,2.29804593568185,793.2956263673059,2.899435059921144
2011Q3,uniao_soc_dir,1.0352,,2.263533147696828,2.21523047711438,764.7073635927918,2.8834952721587475,media 2003 = 100,,2.21523047711438,764.7073635927918,2.8834952721587475
2011Q4,uniao_soc_dir,1.2901,,2.7812046092913127,2.79209467328541,963.8434368647949,2.9840064944549294,media 2003 = 100,,2.79209467328541,963.8434368647949,2.9840064944549294
2012Q1,uniao_soc_dir,1.1554,,2.4553887143823636,2.5611049446254,884.104760349877,2.946503728979403,media 2003 = 100,,2.5611049446254,884.104760349877,2.946503728979403
2012Q2,uniao_soc_dir,1.2268,,2.5761925637034437,2.57972509132718,890.5325173896669,2.9496497821541907,media 2003 = 100,,2.57972509132718,890.5325173896669,2.9496497821541907
2012Q3,uniao_soc_dir,1.0514000000000001,,2.184475394835857,2.22342103164432,767.5347792615725,2.885098063757259,media 2003 = 100,,2.22342103164432,767.5347792615725,2.885098063757259
2012Q4,uniao_soc_dir,1.3417000000000001,,2.7388434333853615,2.70670522997156,934.3666231653692,2.970517316461392,media 2003 = 100,,2.70670522997156,934.3666231653692,2.970517316461392
2013Q1,uniao_soc_dir,1.3938,,2.7851016637902446,2.83956515638354,980.2304576978297,2.991328192774237,media 2003 = 100,,2.83956515638354,980.2304576978297,2.991328192774237
2013Q2,uniao_soc_dir,1.4437,,2.8449156250449823,2.90036083022019,1001.2173933407666,3.000528385648834,media 2003 = 100,,2.90036083022019,1001.2173933407666,3.000528385648834
2013Q3,uniao_soc_dir,1.5103,,2.9582800889931744,3.04736832529685,1051.9650311824469,3.022001303489855,media 2003 = 100,,3.04736832529685,1051.9650311824469,3.022001303489855
2013Q4,uniao_soc_dir,1.3729,,2.6478681599554847,2.71704092089451,937.9345494097275,2.9721725336648483,media 2003 = 100,,2.71704092089451,937.9345494097275,2.9721725336648483
2014Q1,uniao_soc_dir,1.2797,,2.416764010381922,2.41718287975433,834.4222266688889,2.9213858639600434,media 2003 = 100,,2.41718287975433,834.4222266688889,2.9213858639600434
2014Q2,uniao_soc_dir,1.5490000000000002,,2.8689996649316507,2.96387250443157,1023.1419043319727,3.0099358722208405,media 2003 = 100,,2.96387250443157,1023.1419043319727,3.0099358722208405
2014Q3,uniao_soc_dir,1.6447999999999998,,3.0226157137578906,3.16621917602313,1092.9928707948943,3.038617329209963,media 2003 = 100,,3.16621917602313,1092.9928707948943,3.038617329209963
2014Q4,uniao_soc_dir,1.6584999999999999,,3.003010455059792,2.6281515811937,907.2495559896951,2.957726764327791,media 2003 = 100,,2.6281515811937,907.2495559896951,2.957726764327791
2015Q1,uniao_soc_dir,1.2957,,2.2729056883984815,2.73832072486323,945.2804319076466,2.9755606677291735,media 2003 = 100,,2.73832072486323,945.2804319076466,2.9755606677291735
2015Q2,uniao_soc_dir,1.1377,,1.9418727498323434,1.99911890441679,690.1046923552866,2.838914980394087,media 2003 = 100,,1.99911890441679,690.1046923552866,2.838914980394087
2015Q3,uniao_soc_dir,1.2415,,2.0830520488215876,1.84468637465358,636.7938996823615,2.803998894322926,media 2003 = 100,,1.84468637465358,636.7938996823615,2.803998894322926
2015Q4,uniao_soc_dir,1.1569,,1.8981072114404083,1.52005046463001,524.7281469553358,2.719934360824074,media 2003 = 100,,1.52005046463001,524.7281469553358,2.719934360824074
2016Q1,uniao_soc_dir,0.8705,,1.3863851497172146,1.61855914132738,558.73377807431,2.7472049272897316,media 2003 = 100,,1.61855914132738,558.73377807431,2.7472049272897316
2016Q2,uniao_soc_dir,0.9652,,1.5093792128089891,1.53222661545712,528.9314081030592,2.723399356319142,media 2003 = 100,,1.53222661545712,528.9314081030592,2.723399356319142
2016Q3,uniao_soc_dir,1.2167,,1.8775542212776146,1.65760756140766,572.2134654840606,2.7575580735262433,media 2003 = 100,,1.65760756140766,572.2134654840606,2.7575580735262433
2016Q4,uniao_soc_dir,1.1983,,1.8366469882166756,1.76937001747311,610.7943598918495,2.785895018104167,media 2003 = 100,,1.76937001747311,610.7943598918495,2.785895018104167
2017Q1,uniao_soc_dir,0.7142000000000001,,1.0843998468177813,1.25293467171186,432.5185931925516,2.6360047817369265,media 2003 = 100,,1.25293467171186,432.5185931925516,2.6360047817369265
2017Q2,uniao_soc_dir,0.9224,,1.3928985513783825,1.36774629823679,472.1520747362177,2.6740819024083096,media 2003 = 100,,1.36774629823679,472.1520747362177,2.6740819024083096
2017Q3,uniao_soc_dir,0.8517,,1.281395804609267,1.28787671857206,444.58074239510603,2.647950646728525,media 2003 = 100,,1.28787671857206,444.58074239510603,2.647950646728525
2017Q4,uniao_soc_dir,1.0110000000000001,,1.507104424339752,1.36799039289865,472.23633729366566,2.6741594018002157,media 2003 = 100,,1.36799039289865,472.23633729366566,2.6741594018002157
2018Q1,uniao_soc_dir,0.7068,,1.0440016194743909,1.32638381339931,457.87356193202476,2.6607455676628455,media 2003 = 100,,1.32638381339931,457.87356193202476,2.6607455676628455
2018Q2,uniao_soc_dir,0.9824999999999999,,1.4357581335526441,1.35308178752976,467.08982074639414,2.6694004028436775,media 2003 = 100,,1.35308178752976,467.08982074639414,2.6694004028436775
2018Q3,uniao_soc_dir,0.9727,,1.4017512463006312,1.35767301801448,468.67473382694664,2.6708715414115995,media 2003 = 100,,1.35767301801448,468.67473382694664,2.6708715414115995
2018Q4,uniao_soc_dir,1.1293,,1.6169172223628525,1.52991663549532,528.1339927980652,2.722744121303142,media 2003 = 100,,1.52991663549532,528.1339927980652,2.722744121303142
2019Q1,uniao_soc_dir,0.8356,,1.1858527559160652,1.50354057696126,519.0288606721185,2.715191507525067,media 2003 = 100,,1.50354057696126,519.0288606721185,2.715191507525067
2019Q2,uniao_soc_dir,1.1017000000000001,,1.5433240903138805,1.39945360445367,483.0975771542435,2.6840348594050023,media 2003 = 100,,1.39945360445367,483.0975771542435,2.6840348594050023
2019Q3,uniao_soc_dir,0.908,,1.268171203835868,1.29355483644579,446.5408538120658,2.649861198439548,media 2003 = 100,,1.29355483644579,446.5408538120658,2.649861198439548
2019Q4,uniao_soc_dir,0.9696,,1.3429776190173772,1.33501817579403,460.85418203967697,2.663563532866421,media 2003 = 100,,1.33501817579403,460.85418203967697,2.663563532866421
2020Q1,uniao_soc_dir,0.711,,0.9717922619595246,1.33153080241602,459.6503253171766,2.6624275718244323,media 2003 = 100,,1.33153080241602,459.6503253171766,2.6624275718244323
2020Q2,uniao_soc_dir,1.3173000000000001,,1.806754482032549,1.58669889054517,547.7354785155183,2.7385708724323257,media 2003 = 100,,1.58669889054517,547.7354785155183,2.7385708724323257
2020Q3,uniao_soc_dir,1.2228999999999999,,1.6642711339755247,1.54469072685776,533.2340745150553,2.7269178937445075,media 2003 = 100,,1.54469072685776,533.2340745150553,2.7269178937445075
2020Q4,uniao_soc_dir,1.0649,,1.4148389156483132,1.10894141943585,382.81148530435786,2.582984959223611,media 2003 = 100,,1.10894141943585,382.81148530435786,2.582984959223611
2021Q1,uniao_soc_dir,0.4045,,0.525114991755883,0.845616474739356,291.9105491230449,2.4652497898942975,media 2003 = 100,,0.845616474739356,291.9105491230449,2.4652497898942975
2021Q2,uniao_soc_dir,1.3493000000000002,,1.718013960623505,1.48995782636457,514.3400350594161,2.7112503301322644,media 2003 = 100,,1.48995782636457,514.3400350594161,2.7112503301322644
2021Q3,uniao_soc_dir,1.0797,,1.340167697423419,1.16003668919472,400.4497985331762,2.6025480795049996,media 2003 = 100,,1.16003668919472,400.4497985331762,2.6025480795049996
2021Q4,uniao_soc_dir,1.2669,,1.5234363718325088,1.27187821654739,439.05798869922154,2.642521883588154,media 2003 = 100,,1.27187821654739,439.05798869922154,2.642521883588154
2022Q1,uniao_soc_dir,0.9136,,1.0709608179344827,1.61451027006939,557.3360897988862,2.7461171663166226,media 2003 = 100,,1.61451027006939,557.3360897988862,2.7461171663166226
2022Q2,uniao_soc_dir,1.5043,,1.7114381344266467,1.48841509938007,513.8074788774528,2.7108004214787305,media 2003 = 100,,1.48841509938007,513.8074788774528,2.7108004214787305
2022Q3,uniao_soc_dir,1.4112,,1.6122568343304613,1.53110179309742,528.5431144468989,2.7230804194630545,media 2003 = 100,,1.53110179309742,528.5431144468989,2.7230804194630545
2022Q4,uniao_soc_dir,1.4059,,1.5941400860885548,1.46053683514771,504.1837786968551,2.7025888688379047,media 2003 = 100,,1.46053683514771,504.1837786968551,2.7025888688379047
2023Q1,uniao_soc_dir,0.8502,,0.946160346197753,1.26940263910199,438.20340841008266,2.6416757512437057,media 2003 = 100,,1.26940263910199,438.20340841008266,2.6416757512437057
2023Q2,uniao_soc_dir,1.6674,,1.8282774419777952,1.62700496415669,561.6493134896526,2.749465232377111,media 2003 = 100,,1.62700496415669,561.6493134896526,2.749465232377111
2023Q3,uniao_soc_dir,1.1243,,1.2280642482243125,1.31892188978739,455.2976728805004,2.6582954305459667,media 2003 = 100,,1.31892188978739,455.2976728805004,2.6582954305459667
2023Q4,uniao_soc_dir,1.5437999999999998,,1.671801608178109,1.41450187493747,488.2923067172313,2.688679881817249,media 2003 = 100,,1.41450187493747,488.2923067172313,2.688679881817249
2024Q1,uniao_soc_dir,0.9136,,0.9747245924714953,1.39001359780463,479.838845084843,2.6810954031214305,media 2003 = 100,,1.39001359780463,479.838845084843,2.6810954031214305
2024Q2,uniao_soc_dir,1.2628,,1.3320595477828072,1.21119680737794,418.1104977250489,2.6212910717523443,media 2003 = 100,,1.21119680737794,418.1104977250489,2.6212910717523443
2024Q3,uniao_soc_dir,1.1884,,1.2435289450526992,1.33045072489174,459.2774777762093,2.662075148841965,media 2003 = 100,,1.33045072489174,459.2774777762093,2.662075148841965
2024Q4,uniao_soc_dir,1.6455,,1.6999799030829046,1.53416357688264,529.6000557586385,2.7239480221560917,media 2003 = 100,,1.53416357688264,529.6000557586385,2.7239480221560917
2025Q1,uniao_soc_dir,1.0529,,1.0695147392123712,1.39691351734452,482.22072784370823,2.6832458742178558,media 2003 = 100,,1.39691351734452,482.22072784370823,2.6832458742178558
2025Q2,uniao_soc_dir,1.418,,1.4191389381785975,1.31863292041996,455.1979193761091,2.6582002683133332,media 2003 = 100,,1.31863292041996,455.1979193761091,2.6582002683133332
2025Q3,uniao_soc_dir,1.4401,,1.4327457800380587,1.59562247759013,550.8159402523173,2.741006499964426,media 2003 = 100,,1.59562247759013,550.8159402523173,2.741006499964426
2025Q4,uniao_soc_dir,1.7929,,1.7730341461985848,1.35519950511707,467.82086622891,2.6700795887556747,media 2003 = 100,,1.35519950511707,467.82086622891,2.6700795887556747
2003Q1,uniao_soc_dt,0.1943,,0.6703416648621515,1.06210217919636,87.72317138607534,1.9431143239924404,media 2003 = 100,,1.06210217919636,87.72317138607534,1.9431143239924404
2003Q2,uniao_soc_dt,0.2966,,0.996530852834732,1.00953227145135,83.38121717753104,1.921068230555533,media 2003 = 100,,1.00953227145135,83.38121717753104,1.921068230555533
2003Q3,uniao_soc_dt,0.275,,0.9167016305087213,1.15779062950291,95.626454601500825,1.9805780543901756,media 2003 = 100,,1.15779062950291,95.626454601500825,1.9805780543901756
2003Q4,uniao_soc_dt,0.7768,,2.5554915159185203,1.61354702135711,133.26915683489278,2.124729650041544,media 2003 = 100,,1.61354702135711,133.26915683489278,2.124729650041544
2004Q1,uniao_soc_dt,0.3674,,1.1873591892369755,1.85642996153209,153.32980844173272,2.1856265931016887,media 2003 = 100,,1.85642996153209,153.32980844173272,2.1856265931016887
2004Q2,uniao_soc_dt,0.6538,,2.082321312391093,2.12054589258732,175.1441757781049,2.2433956999209874,media 2003 = 100,,2.12054589258732,175.1441757781049,2.2433956999209874
2004Q3,uniao_soc_dt,0.5567,,1.7359559319368956,2.15269638784175,177.7996108770947,2.2499308061611045,media 2003 = 100,,2.15269638784175,177.7996108770947,2.2499308061611045
2004Q4,uniao_soc_dt,1.1151,,3.420896611406033,2.18878009081303,180.77990497873088,2.2571501537838308,media 2003 = 100,,2.18878009081303,180.77990497873088,2.2571501537838308
2005Q1,uniao_soc_dt,0.28859999999999997,,0.8680724370953896,1.34404589006555,111.01000475696462,2.045362121263594,media 2003 = 100,,1.34404589006555,111.01000475696462,2.045362121263594
2005Q2,uniao_soc_dt,0.5325,,1.5733402805648273,1.60875654880219,132.87349297769828,2.123438351885586,media 2003 = 100,,1.60875654880219,132.87349297769828,2.123438351885586
2005Q3,uniao_soc_dt,0.4879,,1.432525297225823,1.68108820878967,138.84764756470994,2.142538526086131,media 2003 = 100,,1.68108820878967,138.84764756470994,2.142538526086131
2005Q4,uniao_soc_dt,1.0608,,3.067553774704392,2.03774148918447,168.3050363680661,2.226097112019399,media 2003 = 100,,2.03774148918447,168.3050363680661,2.226097112019399
2006Q1,uniao_soc_dt,0.6217,,1.7723314960138756,2.69998783119406,223.00255088014987,2.3483098308815102,media 2003 = 100,,2.69998783119406,223.00255088014987,2.3483098308815102
2006Q2,uniao_soc_dt,1.0882,,3.082793544515723,3.15930028147236,260.938961881593,2.4165389302571785,media 2003 = 100,,3.15930028147236,260.938961881593,2.4165389302571785
2006Q3,uniao_soc_dt,0.7309,,2.0667347066919386,2.23924125581241,184.94768987954998,2.267048911056497,media 2003 = 100,,2.23924125581241,184.94768987954998,2.267048911056497
2006Q4,uniao_soc_dt,1.6368,,4.589025425014264,3.24470846472152,267.9931576489046,2.4281237058449876,media 2003 = 100,,3.24470846472152,267.9931576489046,2.4281237058449876
2007Q1,uniao_soc_dt,0.8923,,2.469952940445496,3.66110921107653,302.38532325525824,2.4805607081785808,media 2003 = 100,,3.66110921107653,302.38532325525824,2.4805607081785808
2007Q2,uniao_soc_dt,0.95,,2.605547964933155,2.66095071525954,219.77832285518429,2.341984854927168,media 2003 = 100,,2.66095071525954,219.77832285518429,2.341984854927168
2007Q3,uniao_soc_dt,1.1803000000000001,,3.2084409860306224,3.1935109557205,263.76455521817155,2.4212164344726497,media 2003 = 100,,3.1935109557205,263.76455521817155,2.4212164344726497
2007Q4,uniao_soc_dt,2.0991,,5.645024996606048,4.33966940741646,358.4302627773074,2.5544046706394647,media 2003 = 100,,4.33966940741646,358.4302627773074,2.5544046706394647
2008Q1,uniao_soc_dt,1.2078,,3.195199878774259,4.50119364909737,371.7711813946683,2.570275721513471,media 2003 = 100,,4.50119364909737,371.7711813946683,2.570275721513471
2008Q2,uniao_soc_dt,2.3682,,6.15310946512394,6.29989957069175,520.3333356994103,2.7162816503175935,media 2003 = 100,,6.29989957069175,520.3333356994103,2.7162816503175935
2008Q3,uniao_soc_dt,3.0676,,7.847429780538659,7.34339623424447,606.5198048081508,2.782844986535595,media 2003 = 100,,7.34339623424447,606.5198048081508,2.782844986535595
2008Q4,uniao_soc_dt,2.1221,,5.372079064757354,4.43695331887425,366.465321366846,2.5640328836112656,media 2003 = 100,,4.43695331887425,366.465321366846,2.5640328836112656
2009Q1,uniao_soc_dt,1.2666,,3.167587807492274,4.30929587185439,355.92159372653055,2.551354337404767,media 2003 = 100,,4.30929587185439,355.92159372653055,2.551354337404767
2009Q2,uniao_soc_dt,2.2009,,5.4369985001225,5.49059051135179,453.4893364050098,2.6565670792794425,media 2003 = 100,,5.49059051135179,453.4893364050098,2.6565670792794425
2009Q3,uniao_soc_dt,2.9166,,7.146549885315807,6.51109180612881,537.776528103621,2.7306018430015775,media 2003 = 100,,6.51109180612881,537.776528103621,2.7306018430015775
2009Q4,uniao_soc_dt,3.2231,,7.827932422247739,6.78381891614204,560.3021263764933,2.748422270641449,media 2003 = 100,,6.78381891614204,560.3021263764933,2.748422270641449
2010Q1,uniao_soc_dt,2.8081,,6.696915870327504,8.93100095295681,737.646285443303,2.8678481597835694,media 2003 = 100,,8.93100095295681,737.646285443303,2.8678481597835694
2010Q2,uniao_soc_dt,3.375,,7.93239111469046,7.81730608893413,645.6618725100993,2.8100051412960836,media 2003 = 100,,7.81730608893413,645.6618725100993,2.8100051412960836
2010Q3,uniao_soc_dt,3.8165,,8.94056734105208,8.19717770248326,677.03695422332,2.8306123741168534,media 2003 = 100,,8.19717770248326,677.03695422332,2.8306123741168534
2010Q4,uniao_soc_dt,3.0889,,7.105453149300727,6.30204887425738,520.5108550838363,2.7164297910105373,media 2003 = 100,,6.30204887425738,520.5108550838363,2.7164297910105373
2011Q1,uniao_soc_dt,2.6015,,5.847356140736047,7.64206630729153,631.188133824878,2.800158825653173,media 2003 = 100,,7.64206630729153,631.188133824878,2.800158825653173
2011Q2,uniao_soc_dt,2.79,,6.151908058635977,5.95132321955985,491.5430520615276,2.6915615617488804,media 2003 = 100,,5.95132321955985,491.5430520615276,2.6915615617488804
2011Q3,uniao_soc_dt,3.0864,,6.748617375436138,6.2874833749841,519.3078335534215,2.7154248738050795,media 2003 = 100,,6.2874833749841,519.3078335534215,2.7154248738050795
2011Q4,uniao_soc_dt,4.3191,,9.311139313223865,8.38299545458159,692.3843688442283,2.8403472547531465,media 2003 = 100,,8.38299545458159,692.3843688442283,2.8403472547531465
2012Q1,uniao_soc_dt,2.8478,,6.051978518970135,7.59957583646821,627.6786797183726,2.797737377275984,media 2003 = 100,,7.59957583646821,627.6786797183726,2.797737377275984
2012Q2,uniao_soc_dt,5.338,,11.209419550903965,10.9358143548785,903.2316623483275,2.955799153166409,media 2003 = 100,,10.9358143548785,903.2316623483275,2.955799153166409
2012Q3,uniao_soc_dt,4.3072,,8.948994122728744,8.48577929523553,700.8736880886602,2.8456397561850046,media 2003 = 100,,8.48577929523553,700.8736880886602,2.8456397561850046
2012Q4,uniao_soc_dt,5.8981,,12.039928787694866,10.7824482728378,890.5645580308814,2.9496654074380335,media 2003 = 100,,10.7824482728378,890.5645580308814,2.9496654074380335
2013Q1,uniao_soc_dt,3.02,,6.034586758965805,7.33194953356383,605.5743770467911,2.7821674910914114,media 2003 = 100,,7.33194953356383,605.5743770467911,2.7821674910914114
2013Q2,uniao_soc_dt,4.2542,,8.383209844196415,8.35543706191853,690.1082134515941,2.838917196273522,media 2003 = 100,,8.35543706191853,690.1082134515941,2.838917196273522
2013Q3,uniao_soc_dt,3.9492,,7.735443108953085,7.49386553529869,618.9476526586371,2.791653920227166,media 2003 = 100,,7.49386553529869,618.9476526586371,2.791653920227166
2013Q4,uniao_soc_dt,4.0537,,7.818241066364301,6.79194549553863,560.9733323406211,2.748942216171324,media 2003 = 100,,6.79194549553863,560.9733323406211,2.748942216171324
2014Q1,uniao_soc_dt,4.2783999999999995,,8.079927437694783,9.700236418437,801.180449948666,2.9037303432887818,media 2003 = 100,,9.700236418437,801.180449948666,2.9037303432887818
2014Q2,uniao_soc_dt,4.7166,,8.7359095026576,8.94657182838237,738.9323449207642,2.868604677132808,media 2003 = 100,,8.94657182838237,738.9323449207642,2.868604677132808
2014Q3,uniao_soc_dt,5.9231,,10.884761146740857,10.8042414714504,892.3645435072226,2.9505423060480687,media 2003 = 100,,10.8042414714504,892.3645435072226,2.9505423060480687
2014Q4,uniao_soc_dt,3.5953,,6.509932763989431,5.4194299011036,447.6119033943149,2.6509016272524892,media 2003 = 100,,5.4194299011036,447.6119033943149,2.6509016272524892
2015Q1,uniao_soc_dt,3.5901,,6.29772224428447,7.56053538778571,624.4541764287216,2.7955005745687416,media 2003 = 100,,7.56053538778571,624.4541764287216,2.7955005745687416
2015Q2,uniao_soc_dt,3.0108,,5.138956205673921,5.40768473122837,446.64182389527554,2.6499593883199757,media 2003 = 100,,5.40768473122837,446.64182389527554,2.6499593883199757
2015Q3,uniao_soc_dt,3.7843,,6.349491637821614,6.53610693967444,539.842625782593,2.732267173312924,media 2003 = 100,,6.53610693967444,539.842625782593,2.732267173312924
2015Q4,uniao_soc_dt,4.7235000000000005,,7.749770432395859,6.05238464200377,499.890110052009,2.698874544649516,media 2003 = 100,,6.05238464200377,499.890110052009,2.698874544649516
2016Q1,uniao_soc_dt,3.6172,,5.760864288980021,7.12317529781974,588.3308966906607,2.769621656325439,media 2003 = 100,,7.12317529781974,588.3308966906607,2.769621656325439
2016Q2,uniao_soc_dt,3.6663,,5.733357861501862,6.13289812635955,506.5400335013482,2.70461377475387,media 2003 = 100,,6.13289812635955,506.5400335013482,2.70461377475387
2016Q3,uniao_soc_dt,3.3762,,5.209993064746842,5.61947889574963,464.13473197585887,2.6666440686152595,media 2003 = 100,,5.61947889574963,464.13473197585887,2.6666440686152595
2016Q4,uniao_soc_dt,6.9567000000000005,,10.662607112515188,7.77691197660647,642.3255648476963,2.80775520747469,media 2003 = 100,,7.77691197660647,642.3255648476963,2.80775520747469
2017Q1,uniao_soc_dt,1.9658,,2.9847566772254193,3.89497033331051,321.70082764655325,2.5074521782220467,media 2003 = 100,,3.89497033331051,321.70082764655325,2.5074521782220467
2017Q2,uniao_soc_dt,2.8789000000000002,,4.347371682093696,4.62453856071197,381.95871987552795,2.582016429144683,media 2003 = 100,,4.62453856071197,381.95871987552795,2.582016429144683
2017Q3,uniao_soc_dt,2.5666,,3.861489341446689,4.43514269507816,366.3157748686925,2.563855621342434,media 2003 = 100,,4.43514269507816,366.3157748686925,2.563855621342434
2017Q4,uniao_soc_dt,4.6065000000000005,,6.8669401886459625,4.6702910471316,385.73759660334446,2.5862919702158638,media 2003 = 100,,4.6702910471316,385.73759660334446,2.5862919702158638
2018Q1,uniao_soc_dt,2.7552,,4.069656567594569,5.75547388520882,475.3670898427854,2.6770291117749663,media 2003 = 100,,5.75547388520882,475.3670898427854,2.6770291117749663
2018Q2,uniao_soc_dt,4.233,,6.185815958603911,6.42257291178895,530.4654065456585,2.724657067339726,media 2003 = 100,,6.42257291178895,530.4654065456585,2.724657067339726
2018Q3,uniao_soc_dt,2.9195,,4.207271269224522,5.05710916382353,417.68641716925316,2.6208503525829197,media 2003 = 100,,5.05710916382353,417.68641716925316,2.6208503525829197
2018Q4,uniao_soc_dt,5.3707,,7.689699217341869,5.06073178802077,417.9856238647542,2.6211613449722226,media 2003 = 100,,5.06073178802077,417.9856238647542,2.6211613449722226
2019Q1,uniao_soc_dt,1.5876000000000001,,2.2530634697131946,3.35817980178426,277.36519900569164,2.4430519692537693,media 2003 = 100,,3.35817980178426,277.36519900569164,2.4430519692537693
2019Q2,uniao_soc_dt,2.8798,,4.03418781454653,4.06689856659317,335.9010526058616,2.526211364783019,media 2003 = 100,,4.06689856659317,335.9010526058616,2.526211364783019
2019Q3,uniao_soc_dt,2.8179,,3.9356603912875463,4.8497052706373,400.5561187624826,2.6026633702617255,media 2003 = 100,,4.8497052706373,400.5561187624826,2.6026633702617255
2019Q4,uniao_soc_dt,5.4731,,7.5807042147731085,4.95152888177205,408.9661288968007,2.611687340666631,media 2003 = 100,,4.95152888177205,408.9661288968007,2.611687340666631
2020Q1,uniao_soc_dt,2.4107,,3.294936154579221,5.09416953245918,420.74737790649226,2.6240214181373687,media 2003 = 100,,5.09416953245918,420.74737790649226,2.6240214181373687
2020Q2,uniao_soc_dt,3.4533,,4.736404200108556,4.61386770426768,381.07737212289743,2.5810131616981207,media 2003 = 100,,4.61386770426768,381.07737212289743,2.5810131616981207
2020Q3,uniao_soc_dt,3.5133,,4.781326171392764,5.89579163052606,486.95648101632156,2.6874901503337574,media 2003 = 100,,5.89579163052606,486.95648101632156,2.6874901503337574
2020Q4,uniao_soc_dt,6.6987,,8.899973184574472,5.91376279851658,488.4407900409328,2.688811925031202,media 2003 = 100,,5.91376279851658,488.4407900409328,2.688811925031202
2021Q1,uniao_soc_dt,0.7292,,0.9466349863742642,1.48511260229174,122.66125603568024,2.08870740749457,media 2003 = 100,,5.776850262431679,477.13264841093843,2.678639134730365
2021Q2,uniao_soc_dt,4.1293,,5.257685501817711,4.95107099600216,408.9283103209103,2.611647178029384,media 2003 = 100,,4.95107099600216,408.9283103209103,2.611647178029384
2021Q3,uniao_soc_dt,2.6557,,3.2963632064901116,4.03687730697967,333.42147940293904,2.5229935741533294,media 2003 = 100,,4.03687730697967,333.42147940293904,2.5229935741533294
2021Q4,uniao_soc_dt,4.7328,,5.691151362071906,3.85418365744746,318.33209662699176,2.5028804296521994,media 2003 = 100,,3.85418365744746,318.33209662699176,2.5028804296521994
2022Q1,uniao_soc_dt,4.1985,,4.921660457637834,7.92968912913166,654.9440271739713,2.81620418590295,media 2003 = 100,,7.92968912913166,654.9440271739713,2.81620418590295
2022Q2,uniao_soc_dt,4.8087,,5.470845281537869,4.9821136700062,411.49224613168036,2.614361656087896,media 2003 = 100,,4.9821136700062,411.49224613168036,2.614361656087896
2022Q3,uniao_soc_dt,2.492,,2.847040838401013,3.41465309076334,282.0295487310595,2.4502946124986615,media 2003 = 100,,3.41465309076334,282.0295487310595,2.4502946124986615
2022Q4,uniao_soc_dt,3.5638,,4.040967663989183,2.80717262438696,231.85536200078639,2.365217144055097,media 2003 = 100,,2.80717262438696,231.85536200078639,2.365217144055097
2023Q1,uniao_soc_dt,1.694,,1.8851983374017802,3.11058536173158,256.9154062038212,2.409790147974759,media 2003 = 100,,3.11058536173158,256.9154062038212,2.409790147974759
2023Q2,uniao_soc_dt,4.4703,,4.901612479832877,4.35335228412632,359.56038505949846,2.555771836849315,media 2003 = 100,,4.35335228412632,359.56038505949846,2.555771836849315
2023Q3,uniao_soc_dt,4.0243,,4.395711957777373,5.14140521634567,424.6487577118217,2.6280298579163923,media 2003 = 100,,5.14140521634567,424.6487577118217,2.6280298579163923
2023Q4,uniao_soc_dt,6.9987,,7.578985564941141,5.36343256121042,442.9868641647272,2.6463908483328766,media 2003 = 100,,5.36343256121042,442.9868641647272,2.6463908483328766
2024Q1,uniao_soc_dt,2.3551,,2.512668441035047,4.28073649629588,353.56276324310744,2.5484665194360456,media 2003 = 100,,4.28073649629588,353.56276324310744,2.5484665194360456
2024Q2,uniao_soc_dt,5.4093,,5.705978549114301,4.99487297832613,412.54608728975415,2.6154724724921943,media 2003 = 100,,4.99487297832613,412.54608728975415,2.6154724724921943
2024Q3,uniao_soc_dt,3.5368,,3.700869381405576,4.20557588070925,347.3549541530464,2.5407734973833613,media 2003 = 100,,4.20557588070925,347.3549541530464,2.5407734973833613
2024Q4,uniao_soc_dt,5.6152999999999995,,5.801213703908498,4.16397838007155,343.9192539453372,2.536456490006791,media 2003 = 100,,4.16397838007155,343.9192539453372,2.536456490006791
2025Q1,uniao_soc_dt,2.6437,,2.685417528783119,4.67524004650163,386.14635380997703,2.586751938364645,media 2003 = 100,,4.67524004650163,386.14635380997703,2.586751938364645
2025Q2,uniao_soc_dt,6.641,,6.646334053909779,5.80515302495165,479.4702842202516,2.6807616963886924,media 2003 = 100,,5.80515302495165,479.4702842202516,2.6807616963886924
2025Q3,uniao_soc_dt,6.313400000000001,,6.281159091516063,6.9659769072424,575.3472670283383,2.7599300544815053,media 2003 = 100,,6.9659769072424,575.3472670283383,2.7599300544815053
2025Q4,uniao_soc_dt,8.7286,,8.631884571648708,6.24902323036969,516.131259845517,2.7127601632111755,media 2003 = 100,,6.24902323036969,516.131259845517,2.7127601632111755
2003Q1,uniao_transf_econ,0.0093,,0.0320853190078127,0.0691190661880354,42.17859534671823,1.625092112546024,media 2003 = 100,,0.0691190661880354,42.17859534671823,1.625092112546024
2003Q2,uniao_transf_econ,0.0443,,0.14884125684618554,0.19701423128758,120.22418700532194,2.079991848916597,media 2003 = 100,,0.19701423128758,120.22418700532194,2.079991848916597
2003Q3,uniao_transf_econ,0.0568,,0.18934055495598318,0.214091281883914,130.64513228919915,2.116093232973999,media 2003 = 100,,0.214091281883914,130.64513228919915,2.116093232973999
2003Q4,uniao_transf_econ,0.1007,,0.3312796030548339,0.175264923027736,106.95208535876074,2.029189256892336,media 2003 = 100,,0.175264923027736,106.95208535876074,2.029189256892336
2004Q1,uniao_transf_econ,0.0391,,0.1263629403896727,0.270941789565952,165.33707318222082,2.218370245423956,media 2003 = 100,,0.270941789565952,165.33707318222082,2.218370245423956
2004Q2,uniao_transf_econ,0.1261,,0.4016223883336139,0.526090012728669,321.0364228947504,2.506554307684772,media 2003 = 100,,0.526090012728669,321.0364228947504,2.506554307684772
2004Q3,uniao_transf_econ,0.1125,,0.35080841089078635,0.388481128751822,237.06321906727112,2.3748641773639205,media 2003 = 100,,0.388481128751822,237.06321906727112,2.3748641773639205
2004Q4,uniao_transf_econ,0.3069,,0.9415058470455667,0.510079255635612,311.2661629380331,2.4931319120477218,media 2003 = 100,,0.510079255635612,311.2661629380331,2.4931319120477218
2005Q1,uniao_transf_econ,0.0412,,0.12392440889927255,0.257908199329663,157.3835726676764,2.1969593997377954,media 2003 = 100,,0.257908199329663,157.3835726676764,2.1969593997377954
2005Q2,uniao_transf_econ,0.0455,,0.1344356483862904,0.17143543529026,104.6152133121274,2.0195948449239958,media 2003 = 100,,0.17143543529026,104.6152133121274,2.0195948449239958
2005Q3,uniao_transf_econ,0.1047,,0.30741012219623626,0.335686893104433,204.84654102430346,2.3114286349880095,media 2003 = 100,,0.335686893104433,204.84654102430346,2.3114286349880095
2005Q4,uniao_transf_econ,0.25579999999999997,,0.7397061232743056,0.412530853728561,251.73910625640286,2.4009506859978638,media 2003 = 100,,0.412530853728561,251.73910625640286,2.4009506859978638
2006Q1,uniao_transf_econ,0.1421,,0.4050961968530991,0.801258742974038,488.95290622100714,2.689267031816325,media 2003 = 100,,0.801258742974038,488.95290622100714,2.689267031816325
2006Q2,uniao_transf_econ,0.1359,,0.3849950769157202,0.484187974167541,295.4665009304641,2.470508249055695,media 2003 = 100,,0.484187974167541,295.4665009304641,2.470508249055695
2006Q3,uniao_transf_econ,0.1454,,0.4111413686591981,0.456857794725745,278.7887788053893,2.4452752895085643,media 2003 = 100,,0.456857794725745,278.7887788053893,2.4452752895085643
2006Q4,uniao_transf_econ,0.39139999999999997,,1.0973512654878927,0.613233142531609,374.21386020568724,2.573119868945318,media 2003 = 100,,0.613233142531609,374.21386020568724,2.573119868945318
2007Q1,uniao_transf_econ,0.0775,,0.21452577931696282,0.40965417786753,249.9836695328219,2.397911638818312,media 2003 = 100,,0.40965417786753,249.9836695328219,2.397911638818312
2007Q2,uniao_transf_econ,0.0709,,0.19445615864606391,0.248368664555341,151.5622530342852,2.1805910526143357,media 2003 = 100,,0.248368664555341,151.5622530342852,2.1805910526143357
2007Q3,uniao_transf_econ,0.167,,0.45396055635610766,0.507487796611554,309.6847743637722,2.490919853815476,media 2003 = 100,,0.507487796611554,309.6847743637722,2.490919853815476
2007Q4,uniao_transf_econ,0.5156,,1.3865822915773798,0.76827463309383,468.8249805959095,2.671010744319588,media 2003 = 100,,0.76827463309383,468.8249805959095,2.671010744319588
2008Q1,uniao_transf_econ,0.094,,0.2486742743871339,0.479537402058464,292.62857776486663,2.4663167365518928,media 2003 = 100,,0.479537402058464,292.62857776486663,2.4663167365518928
2008Q2,uniao_transf_econ,0.4627,,1.2021973437686206,1.54520909141057,942.9344548054444,2.9744815051385496,media 2003 = 100,,1.54520909141057,942.9344548054444,2.9744815051385496
2008Q3,uniao_transf_econ,0.4215,,1.0782669358772474,1.16810120045073,712.8115377570834,2.8529747206916714,media 2003 = 100,,1.16810120045073,712.8115377570834,2.8529747206916714
2008Q4,uniao_transf_econ,0.3474,,0.8794403030473139,0.499073750133946,304.5502625542226,2.4836589782449296,media 2003 = 100,,0.499073750133946,304.5502625542226,2.4836589782449296
2009Q1,uniao_transf_econ,0.1861,,0.465409830233943,0.869752306811222,530.7498006565295,2.7248898397220955,media 2003 = 100,,0.869752306811222,530.7498006565295,2.7248898397220955
2009Q2,uniao_transf_econ,0.3925,,0.9696132996947073,1.24218915843431,758.0223048029353,2.8796819849332613,media 2003 = 100,,1.24218915843431,758.0223048029353,2.8796819849332613
2009Q3,uniao_transf_econ,0.4979,,1.2200052073985945,1.26417198183431,771.4369046218122,2.8873004111572413,media 2003 = 100,,1.26417198183431,771.4369046218122,2.8873004111572413
2009Q4,uniao_transf_econ,0.6860999999999999,,1.6663288247042205,0.98796249689564,602.8853205413798,2.7802347094989743,media 2003 = 100,,0.98796249689564,602.8853205413798,2.7802347094989743
2010Q1,uniao_transf_econ,0.4844,,1.1552245459871953,2.06462083073257,1259.8955883890176,3.1003345552243853,media 2003 = 100,,2.06462083073257,1259.8955883890176,3.1003345552243853
2010Q2,uniao_transf_econ,0.3241,,0.7617445808210898,0.946874447109499,577.8121197431976,2.76178664703118,media 2003 = 100,,0.946874447109499,577.8121197431976,2.76178664703118
2010Q3,uniao_transf_econ,0.32839999999999997,,0.7693128035638681,0.776766988289108,474.00727881081554,2.675785010710163,media 2003 = 100,,0.776766988289108,474.00727881081554,2.675785010710163
2010Q4,uniao_transf_econ,0.8145,,1.8736092428066438,1.16499090950679,710.9135418730228,2.8518167869877176,media 2003 = 100,,1.16499090950679,710.9135418730228,2.8518167869877176
2011Q1,uniao_transf_econ,0.2008,,0.45133542689210004,0.765153560051081,466.9204051411495,2.669242853683564,media 2003 = 100,,0.765153560051081,466.9204051411495,2.669242853683564
2011Q2,uniao_transf_econ,0.3873,,0.8539906778171016,1.04099466569888,635.2471927667009,2.802942754527405,media 2003 = 100,,1.04099466569888,635.2471927667009,2.802942754527405
2011Q3,uniao_transf_econ,0.1812,,0.3962057634878915,0.38915625431535,237.47520160006175,2.3756182650322395,media 2003 = 100,,0.38915625431535,237.47520160006175,2.3756182650322395
2011Q4,uniao_transf_econ,1.1935,,2.5729538029526253,1.65385625301263,1009.2343184684756,3.003992010046168,media 2003 = 100,,1.65385625301263,1009.2343184684756,3.003992010046168
2012Q1,uniao_transf_econ,0.2579,,0.5480740431358937,0.897665923423363,547.7835542165673,2.7386089895458925,media 2003 = 100,,0.897665923423363,547.7835542165673,2.7386089895458925
2012Q2,uniao_transf_econ,0.3498,,0.734555069109443,0.927947632653279,566.262391250345,2.7530177185842764,media 2003 = 100,,0.927947632653279,566.262391250345,2.7530177185842764
2012Q3,uniao_transf_econ,0.9565,,1.9873033242918934,1.87671294624932,1145.2283762985737,3.058892100367033,media 2003 = 100,,1.87671294624932,1145.2283762985737,3.058892100367033
2012Q4,uniao_transf_econ,0.9451,,1.929254623904379,1.23887735853237,756.0013419103925,2.878522566379198,media 2003 = 100,,1.23887735853237,756.0013419103925,2.878522566379198
2013Q1,uniao_transf_econ,0.1144,,0.2285949421277113,0.377628534299652,230.44062974271574,2.362559053385824,media 2003 = 100,,0.377628534299652,230.44062974271574,2.362559053385824
2013Q2,uniao_transf_econ,0.318,,0.6266420785234498,0.850738427497312,519.146942490434,2.7152903005853033,media 2003 = 100,,0.850738427497312,519.146942490434,2.7152903005853033
2013Q3,uniao_transf_econ,0.0201,,0.0393706083485154,0.0358309239058536,21.8651397316716,1.33975225709821,media 2003 = 100,,0.675244446418712,412.0550788133143,2.6149552714358446
2013Q4,uniao_transf_econ,0.24769999999999998,,0.47773103883820633,0.299006725245368,182.46316632464624,2.261175207003663,media 2003 = 100,,0.299006725245368,182.46316632464624,2.261175207003663
2014Q1,uniao_transf_econ,0.31170000000000003,,0.5886577651293624,1.00752029133922,614.8200925689113,2.78874805197868,media 2003 = 100,,1.00752029133922,614.8200925689113,2.78874805197868
2014Q2,uniao_transf_econ,0.24140000000000003,,0.44711202008683054,0.670626544416294,409.23709195884925,2.6119749899057196,media 2003 = 100,,0.670626544416294,409.23709195884925,2.6119749899057196
2014Q3,uniao_transf_econ,0.2716,,0.49911383016576066,0.437750457790137,267.1288899034192,2.4267208593697482,media 2003 = 100,,0.437750457790137,267.1288899034192,2.4267208593697482
2014Q4,uniao_transf_econ,0.0537,,0.09723344072156216,0.05877678509117,35.86741503997084,1.5547000782558473,media 2003 = 100,,0.05877678509117,35.86741503997084,1.5547000782558473
2015Q1,uniao_transf_econ,0.1799,,0.31557901778412195,0.571879730326963,348.9787270393811,2.5427989541483176,media 2003 = 100,,0.571879730326963,348.9787270393811,2.5427989541483176
2015Q2,uniao_transf_econ,0.07089999999999999,,0.12101501095465689,0.199909383892624,121.99089881046906,2.0863274311351496,media 2003 = 100,,0.199909383892624,121.99089881046906,2.0863274311351496
2015Q3,uniao_transf_econ,0.0673,,0.1129193740521086,0.0940412045124123,57.386856186052206,1.758812433521177,media 2003 = 100,,0.0940412045124123,57.386856186052206,1.758812433521177
2015Q4,uniao_transf_econ,0.1914,,0.31402689970584674,0.188198708880475,114.84468214673961,2.060110890103126,media 2003 = 100,,0.188198708880475,114.84468214673961,2.060110890103126
2016Q1,uniao_transf_econ,0.051,,0.08122417304489137,0.158246447579528,96.56688444480106,1.9848282199083527,media 2003 = 100,,0.158246447579528,96.56688444480106,1.9848282199083527
2016Q2,uniao_transf_econ,0.0568,,0.0888238077989542,0.146326889863738,89.29320108457671,1.9508183923279523,media 2003 = 100,,0.146326889863738,89.29320108457671,1.9508183923279523
2016Q3,uniao_transf_econ,0.1987,,0.30662449557644617,0.245709528090146,149.93956558894212,2.1759162482561347,media 2003 = 100,,0.245709528090146,149.93956558894212,2.1759162482561347
2016Q4,uniao_transf_econ,0.1065,,0.16323366790042224,0.100707699230397,61.45495777651588,1.7885569246208575,media 2003 = 100,,0.100707699230397,61.45495777651588,1.7885569246208575
2017Q1,uniao_transf_econ,0.032100000000000004,,0.04873877776932342,0.0929175447062291,56.70116416377518,1.7535919757308833,media 2003 = 100,,0.0929175447062291,56.70116416377518,1.7535919757308833
2017Q2,uniao_transf_econ,0.009899999999999999,,0.014949800150310043,0.0246265485178182,15.027882782640662,1.1768977989112512,media 2003 = 100,,0.0246265485178182,15.027882782640662,1.1768977989112512
2017Q3,uniao_transf_econ,0.1106,,0.16639940823034513,0.13152086198352,80.25810421343228,1.9044888969955132,media 2003 = 100,,0.13152086198352,80.25810421343228,1.9044888969955132
2017Q4,uniao_transf_econ,0.1639,,0.24432682012787865,0.154575482084655,94.32674758127938,1.974634860073676,media 2003 = 100,,0.154575482084655,94.32674758127938,1.974634860073676
2018Q1,uniao_transf_econ,0.014,,0.02067914922558216,0.039598902473776,24.164476977622652,1.3831773995911592,media 2003 = 100,,0.039598902473776,24.164476977622652,1.3831773995911592
2018Q2,uniao_transf_econ,0.0196,,0.028642096099370812,0.0416310228279081,25.404539768395775,1.4049113315881137,media 2003 = 100,,0.0416310228279081,25.404539768395775,1.4049113315881137
2018Q3,uniao_transf_econ,0.0396,,0.057067286268638835,0.0470307503248376,28.69962075887017,1.4578761579389334,media 2003 = 100,,0.0470307503248376,28.69962075887017,1.4578761579389334
2018Q4,uniao_transf_econ,0.0865,,0.12384958800530127,0.0804400169284616,49.08699018702965,1.6909664037593082,media 2003 = 100,,0.0804400169284616,49.08699018702965,1.6909664037593082
2019Q1,uniao_transf_econ,0.0151,,0.021429364066937035,0.0384310504435684,23.451817491266677,1.3701765057223707,media 2003 = 100,,0.0384310504435684,23.451817491266677,1.3701765057223707
2019Q2,uniao_transf_econ,0.0114,,0.015969769110990503,0.0222160791439321,13.556939699581498,1.1321616643405115,media 2003 = 100,,0.0222160791439321,13.556939699581498,1.1321616643405115
2019Q3,uniao_transf_econ,0.08030000000000001,,0.11215214500883282,0.096893595119364,59.12747329528945,1.771789320613191,media 2003 = 100,,0.096893595119364,59.12747329528945,1.771789320613191
2019Q4,uniao_transf_econ,0.0916,,0.12687371070749975,0.0810767926584965,49.475570463428156,1.6943908104113428,media 2003 = 100,,0.0810767926584965,49.475570463428156,1.6943908104113428
2020Q1,uniao_transf_econ,0.0234,,0.03198303646955398,0.057983357137347,35.383240723870664,1.5487976070937661,media 2003 = 100,,0.057983357137347,35.383240723870664,1.5487976070937661
2020Q2,uniao_transf_econ,0.0139,,0.01906466810920248,0.0252253177146824,15.393270295138429,1.1873308953515609,media 2003 = 100,,0.0252253177146824,15.393270295138429,1.1873308953515609
2020Q3,uniao_transf_econ,0.0577,,0.07852518147876997,0.0734548497948146,44.82442481674847,1.651514725439688,media 2003 = 100,,0.0734548497948146,44.82442481674847,1.651514725439688
2020Q4,uniao_transf_econ,0.1004,,0.13339264450285535,0.0811251417849519,49.50507459814233,1.6946497192772372,media 2003 = 100,,0.0811251417849519,49.50507459814233,1.6946497192772372
2021Q1,uniao_transf_econ,0.0028,,0.0036349121802632203,0.00662517014056823,4.042884053178358,0.6066912862787895,media 2003 = 100,,0.00662517014056823,4.042884053178358,0.6066912862787895
2021Q2,uniao_transf_econ,0.1002,,0.12758096706030916,0.171922354934805,104.91234676294343,2.0208266017824825,media 2003 = 100,,0.171922354934805,104.91234676294343,2.0208266017824825
2021Q3,uniao_transf_econ,0.0699,,0.0867627322866509,0.0873085792993852,53.278399718934324,1.7265511717989996,media 2003 = 100,,0.0873085792993852,53.278399718934324,1.7265511717989996
2021Q4,uniao_transf_econ,0.046400000000000004,,0.05579560158894026,0.0322108873964421,19.656081312748046,1.2934969400534624,media 2003 = 100,,0.0322108873964421,19.656081312748046,1.2934969400534624
2022Q1,uniao_transf_econ,0.06369999999999999,,0.07467185212612362,0.137546437816098,83.93509724574359,1.923943597931175,media 2003 = 100,,0.137546437816098,83.93509724574359,1.923943597931175
2022Q2,uniao_transf_econ,0.0118,,0.013424828814886946,0.017905719681712,10.926624830146093,1.0384860316650792,media 2003 = 100,,0.017905719681712,10.926624830146093,1.0384860316650792
2022Q3,uniao_transf_econ,0.0153,,0.017479825372205254,0.0189560694534132,11.567580798396305,1.0632425416861002,media 2003 = 100,,0.0189560694534132,11.567580798396305,1.0632425416861002
2022Q4,uniao_transf_econ,0.013300000000000001,,0.015080776118484802,0.00850226601002499,5.188346101080241,0.7150289390342148,media 2003 = 100,,0.00850226601002499,5.188346101080241,0.7150289390342148
2023Q1,uniao_transf_econ,0.0222,,0.024705668884486144,0.0443878405596541,27.086835348542085,1.4327582678257238,media 2003 = 100,,0.0443878405596541,27.086835348542085,1.4327582678257238
2023Q2,uniao_transf_econ,0.1168,,0.12806933262744782,0.16364138200019,99.85904055165791,1.999387389026097,media 2003 = 100,,0.16364138200019,99.85904055165791,1.999387389026097
2023Q3,uniao_transf_econ,0.0023,,0.0025122723213696686,0.00295274241708785,1.8018548924637758,0.2557198133135516,media 2003 = 100,,0.00295274241708785,1.8018548924637758,0.2557198133135516
2023Q4,uniao_transf_econ,0.0059,,0.006389188682634307,0.00358777360936278,2.1893705978791473,0.34031928143597623,media 2003 = 100,,0.00358777360936278,2.1893705978791473,0.34031928143597623
2024Q1,uniao_transf_econ,0.016,,0.017070483230674175,0.0292742715370584,17.864067345361125,1.2519803473038422,media 2003 = 100,,0.0292742715370584,17.864067345361125,1.2519803473038422
2024Q2,uniao_transf_econ,0.0188,,0.01983110508260752,0.0239901214146871,14.639515249178565,1.1655266963881992,media 2003 = 100,,0.0239901214146871,14.639515249178565,1.1655266963881992
2024Q3,uniao_transf_econ,0.0206,,0.021555617862744535,0.0277971495296681,16.96268173841506,1.2294945137300184,media 2003 = 100,,0.0277971495296681,16.96268173841506,1.2294945137300184
2024Q4,uniao_transf_econ,0.11989999999999999,,0.12386969941029491,0.069086090986682,42.15847285735216,1.6248848706666046,media 2003 = 100,,0.069086090986682,42.15847285735216,1.6248848706666046
2025Q1,uniao_transf_econ,0.0061,,0.006196257867979357,0.00996500214322725,6.080953001953581,0.7839716468806707,media 2003 = 100,,0.00996500214322725,6.080953001953581,0.7839716468806707
2025Q2,uniao_transf_econ,0.0051,,0.005104096322080994,0.00613221661570485,3.7420685416755406,0.5731117380006692,media 2003 = 100,,0.00613221661570485,3.7420685416755406,0.5731117380006692
2025Q3,uniao_transf_econ,0.042499999999999996,,0.04228296344116207,0.0608029484119415,37.10384266445134,1.5694188897106471,media 2003 = 100,,0.0608029484119415,37.10384266445134,1.5694188897106471
2025Q4,uniao_transf_econ,0.166,,0.16416067168774895,0.0883617848222062,53.921098354982824,1.7317587300526698,media 2003 = 100,,0.0883617848222062,53.921098354982824,1.7317587300526698
2003Q1,uniao_transf_soc,0.0806,,0.2780727647343768,0.604323402112544,68.06251409035809,1.832907987007863,media 2003 = 100,,0.604323402112544,68.06251409035809,1.832907987007863
2003Q2,uniao_transf_soc,0.2278,,0.7653733252722589,0.76851415488004,86.55465817195206,1.93729044556712,media 2003 = 100,,0.76851415488004,86.55465817195206,1.93729044556712
2003Q3,uniao_transf_soc,0.2175,,0.7250276532205341,0.964603373406404,108.63939815101455,2.03598735100475,media 2003 = 100,,0.964603373406404,108.63939815101455,2.03598735100475
2003Q4,uniao_transf_soc,0.6598,,2.1705887000554065,1.21413755705012,136.74342958667535,2.1359064680014193,media 2003 = 100,,1.21413755705012,136.74342958667535,2.1359064680014193
2004Q1,uniao_transf_soc,0.2395,,0.7740134072462048,1.6551991986079,186.41842825179776,2.2704888419904647,media 2003 = 100,,1.6551991986079,186.41842825179776,2.2704888419904647
2004Q2,uniao_transf_soc,0.4804,,1.530050716538209,1.5483162307033,174.38062947783712,2.2414982410431756,media 2003 = 100,,1.5483162307033,174.38062947783712,2.2414982410431756
2004Q3,uniao_transf_soc,0.3892,,1.2136411868328358,1.57863932688156,177.7957978358411,2.2499214923019535,media 2003 = 100,,1.57863932688156,177.7957978358411,2.2499214923019535
2004Q4,uniao_transf_soc,0.8683,,2.6637651579982586,1.50638524679119,169.65811141323124,2.22957462824753,media 2003 = 100,,1.50638524679119,169.65811141323124,2.22957462824753
2005Q1,uniao_transf_soc,0.13169999999999998,,0.39613700611733477,0.836182073112311,94.17582363079262,1.973939427088676,media 2003 = 100,,0.836182073112311,94.17582363079262,1.973939427088676
2005Q2,uniao_transf_soc,0.3387,,1.000733057328276,1.02214933251925,115.12056806644308,2.061152923975047,media 2003 = 100,,1.02214933251925,115.12056806644308,2.061152923975047
2005Q3,uniao_transf_soc,0.2882,,0.8461852647273667,1.02951999258627,115.95069586376668,2.06427335934647,media 2003 = 100,,1.02951999258627,115.95069586376668,2.06427335934647
2005Q4,uniao_transf_soc,0.8324,,2.4070812236650982,1.41021154978513,158.8264547460983,2.2009228418779725,media 2003 = 100,,1.41021154978513,158.8264547460983,2.2009228418779725
2006Q1,uniao_transf_soc,0.2844,,0.8107625502112694,1.6630903876127,187.30718112972926,2.272554428017151,media 2003 = 100,,1.6630903876127,187.30718112972926,2.272554428017151
2006Q2,uniao_transf_soc,0.7508,,2.126963235822831,2.19258160695732,246.9416474624638,2.3925943411988886,media 2003 = 100,,2.19258160695732,246.9416474624638,2.3925943411988886
2006Q3,uniao_transf_soc,0.5117,,1.446912230694028,1.59437980542968,179.56858462388428,2.254230359514548,media 2003 = 100,,1.59437980542968,179.56858462388428,2.254230359514548
2006Q4,uniao_transf_soc,1.2417,,3.4813006294233944,2.1783845094848,245.34268547722922,2.389773114673852,media 2003 = 100,,2.1783845094848,245.34268547722922,2.389773114673852
2007Q1,uniao_transf_soc,0.47750000000000004,,1.3217556080496742,2.55637460464843,287.91418955626403,2.4592630691647397,media 2003 = 100,,2.55637460464843,287.91418955626403,2.4592630691647397
2007Q2,uniao_transf_soc,0.502,,1.3768263983120463,1.42390744210535,160.3689680109601,2.2051203344877632,media 2003 = 100,,1.42390744210535,160.3689680109601,2.2051203344877632
2007Q3,uniao_transf_soc,0.761,,2.068646607107772,2.0467754865483,230.5200905773455,2.3627087815549617,media 2003 = 100,,2.0467754865483,230.5200905773455,2.3627087815549617
2007Q4,uniao_transf_soc,1.597,,4.294747710723576,2.96176616580574,333.5718105368979,2.523189342188861,media 2003 = 100,,2.96176616580574,333.5718105368979,2.523189342188861
2008Q1,uniao_transf_soc,0.6218,,1.6449538703608495,2.87327391481293,323.6052842381794,2.510015604710152,media 2003 = 100,,2.87327391481293,323.6052842381794,2.510015604710152
2008Q2,uniao_transf_soc,1.9256,,5.003136384613909,5.22538602188332,588.5142102700831,2.7697569537850186,media 2003 = 100,,5.22538602188332,588.5142102700831,2.7697569537850186
2008Q3,uniao_transf_soc,2.6982,,6.902443289167234,6.29906511210675,709.4383676854628,2.8509146721870837,media 2003 = 100,,6.29906511210675,709.4383676854628,2.8509146721870837
2008Q4,uniao_transf_soc,1.5932,,4.033172972984976,3.05019786301426,343.53151690644904,2.535966587074349,media 2003 = 100,,3.05019786301426,343.53151690644904,2.535966587074349
2009Q1,uniao_transf_soc,0.7431,,1.858388204443004,2.99307594185831,337.0981046805543,2.5277563107259833,media 2003 = 100,,2.99307594185831,337.0981046805543,2.5277563107259833
2009Q2,uniao_transf_soc,1.4218,,3.512346979632955,3.6304065175193,408.87808396731333,2.6115938328161574,media 2003 = 100,,3.6304065175193,408.87808396731333,2.6115938328161574
2009Q3,uniao_transf_soc,2.1250999999999998,,5.207136104122822,4.57877977607923,515.6895495634001,2.712388330528422,media 2003 = 100,,4.57877977607923,515.6895495634001,2.712388330528422
2009Q4,uniao_transf_soc,2.3930000000000002,,5.811871268790556,4.70191245186025,529.5574875764448,2.723913113040337,media 2003 = 100,,4.70191245186025,529.5574875764448,2.723913113040337
2010Q1,uniao_transf_soc,1.9367,,4.618751812992158,7.06002812671524,795.1425713005765,2.900445005861196,media 2003 = 100,,7.06002812671524,795.1425713005765,2.900445005861196
2010Q2,uniao_transf_soc,2.0968,,4.928188944972728,4.9556356375583,558.1333094646201,2.7467379420382536,media 2003 = 100,,4.9556356375583,558.1333094646201,2.7467379420382536
2010Q3,uniao_transf_soc,2.3205999999999998,,5.436258501675738,4.82782899318152,543.7389611681165,2.735390453130625,media 2003 = 100,,4.82782899318152,543.7389611681165,2.735390453130625
2010Q4,uniao_transf_soc,1.9261,,4.430643047967927,3.69760348444514,416.44620807475536,2.6195589119972302,media 2003 = 100,,3.69760348444514,416.44620807475536,2.6195589119972302
2011Q1,uniao_transf_soc,1.4642,,3.291062410634526,4.80491507671343,541.1582589199114,2.733324290845278,media 2003 = 100,,4.80491507671343,541.1582589199114,2.733324290845278
2011Q2,uniao_transf_soc,1.7334,,3.8221209422364164,3.76036260037247,423.5145148740125,2.626868299251533,media 2003 = 100,,3.76036260037247,423.5145148740125,2.626868299251533
2011Q3,uniao_transf_soc,2.0512,,4.485084227739311,4.15155420042199,467.5728513496893,2.669849286811209,media 2003 = 100,,4.15155420042199,467.5728513496893,2.669849286811209
2011Q4,uniao_transf_soc,3.029,,6.529934703932553,5.40443008702722,608.6792231821302,2.7843884776831023,media 2003 = 100,,5.40443008702722,608.6792231821302,2.7843884776831023
2012Q1,uniao_transf_soc,1.6924,,3.5965898045877722,5.03020144568472,566.5313565177743,2.7532239523031565,media 2003 = 100,,5.03020144568472,566.5313565177743,2.7532239523031565
2012Q2,uniao_transf_soc,4.1112,,8.633226987200521,8.58988477673717,967.4441724537852,2.985625912921123,media 2003 = 100,,8.58988477673717,967.4441724537852,2.985625912921123
2012Q3,uniao_transf_soc,3.2558000000000002,,6.764518727892887,6.54425266731273,737.0528558430462,2.867498633283573,media 2003 = 100,,6.54425266731273,737.0528558430462,2.867498633283573
2012Q4,uniao_transf_soc,4.5564,,9.301085354309503,7.44973325383591,839.0334923091192,2.9237792972228847,media 2003 = 100,,7.44973325383591,839.0334923091192,2.9237792972228847
2013Q1,uniao_transf_soc,1.6262,,3.2494850951755607,4.39382438842001,494.8587681727781,2.694481269731505,media 2003 = 100,,4.39382438842001,494.8587681727781,2.694481269731505
2013Q2,uniao_transf_soc,2.8105,,5.538294219151433,5.67496595879666,639.1485902790967,2.8056018353672436,media 2003 = 100,,5.67496595879666,639.1485902790967,2.8056018353672436
2013Q3,uniao_transf_soc,2.4389,,4.77716301995991,4.85025177280076,546.2643486484696,2.7374028576801,media 2003 = 100,,4.85025177280076,546.2643486484696,2.7374028576801
2013Q4,uniao_transf_soc,2.6808,,5.170372906408816,3.90718685396105,440.0507400040431,2.643502755652741,media 2003 = 100,,3.90718685396105,440.0507400040431,2.643502755652741
2014Q1,uniao_transf_soc,2.9987,,5.6631634273128615,7.6609120776746,862.817713841598,2.9359190526853625,media 2003 = 100,,7.6609120776746,862.817713841598,2.9359190526853625
2014Q2,uniao_transf_soc,3.1676,,5.8669098377259505,6.20725901781348,699.0986165446444,2.8445384426988527,media 2003 = 100,,6.20725901781348,699.0986165446444,2.8445384426988527
2014Q3,uniao_transf_soc,4.2783,,7.862145432982967,8.25985787723576,930.2745701862086,2.9686111493255227,media 2003 = 100,,8.25985787723576,930.2745701862086,2.9686111493255227
2014Q4,uniao_transf_soc,1.9368,,3.5069223089296386,2.54319507547871,286.4298321961443,2.457018248564071,media 2003 = 100,,7.980980403461584,898.8657220067641,2.9536948190445758
2015Q1,uniao_transf_soc,2.2944,,4.024816555885989,5.38363444667044,606.3370938522821,2.7827141378582203,media 2003 = 100,,5.38363444667044,606.3370938522821,2.7827141378582203
2015Q2,uniao_transf_soc,1.8731,,3.1970834558415775,3.50073775712993,394.27401303405304,2.5957981532643486,media 2003 = 100,,3.50073775712993,394.27401303405304,2.5957981532643486
2015Q3,uniao_transf_soc,2.5428,,4.266439589000027,4.72107833126304,531.7160634852157,2.725679780828772,media 2003 = 100,,4.72107833126304,531.7160634852157,2.725679780828772
2015Q4,uniao_transf_soc,3.5666,,5.851663220955451,3.96366732722573,446.41190853395466,2.6497357713721783,media 2003 = 100,,3.96366732722573,446.41190853395466,2.6497357713721783
2016Q1,uniao_transf_soc,2.7466999999999997,,4.374479139262806,6.0941151679085,686.3556798132931,2.836549231959001,media 2003 = 100,,6.0941151679085,686.3556798132931,2.836549231959001
2016Q2,uniao_transf_soc,2.7011,,4.2239786486928725,4.70816324579671,530.261489355772,2.724490087296576,media 2003 = 100,,4.70816324579671,530.261489355772,2.724490087296576
2016Q3,uniao_transf_soc,2.1595,,3.3324388434692276,3.85360563065085,434.01610233523746,2.6375058424747504,media 2003 = 100,,3.85360563065085,434.01610233523746,2.6375058424747504
2016Q4,uniao_transf_soc,5.7584,,8.825960124298511,5.67635889197084,639.305470739895,2.8057084208455376,media 2003 = 100,,5.67635889197084,639.305470739895,2.8057084208455376
2017Q1,uniao_transf_soc,1.2516,,1.9003568304076381,2.77539554310991,312.581636916414,2.4949634611428007,media 2003 = 100,,2.77539554310991,312.581636916414,2.4949634611428007
2017Q2,uniao_transf_soc,1.9565000000000001,,2.954473130715314,3.29238378362343,370.80794303246927,2.569149028542103,media 2003 = 100,,3.29238378362343,370.80794303246927,2.569149028542103
2017Q3,uniao_transf_soc,1.7149,,2.580093536837422,3.18957844379377,359.22939110768846,2.555371862164807,media 2003 = 100,,3.18957844379377,359.22939110768846,2.555371862164807
2017Q4,uniao_transf_soc,3.5955,,5.35983576430621,3.22733823257441,363.4821242418797,2.5604830574673927,media 2003 = 100,,3.22733823257441,363.4821242418797,2.5604830574673927
2018Q1,uniao_transf_soc,2.0484,,3.025654948120178,4.89245287981909,551.0172895920489,2.7411652261777677,media 2003 = 100,,4.89245287981909,551.0172895920489,2.7411652261777677
2018Q2,uniao_transf_soc,3.2505,,4.750057825051267,5.13826330877495,578.7019295147793,2.76245493039573,media 2003 = 100,,5.13826330877495,578.7019295147793,2.76245493039573
2018Q3,uniao_transf_soc,1.9468,,2.805520022923891,3.63260895845769,409.1261360316191,2.6118572242349813,media 2003 = 100,,3.63260895845769,409.1261360316191,2.6118572242349813
2018Q4,uniao_transf_soc,4.2414,,6.072781994979016,3.56467404413204,401.47489987668416,2.6036583984669956,media 2003 = 100,,3.56467404413204,401.47489987668416,2.6036583984669956
2019Q1,uniao_transf_soc,0.752,,1.067210713797129,1.82275621161429,205.2897006844379,2.312367161508356,media 2003 = 100,,1.82275621161429,205.2897006844379,2.312367161508356
2019Q2,uniao_transf_soc,1.7781,,2.4908637242326503,2.60845694492833,293.78001405812466,2.468022247276193,media 2003 = 100,,2.60845694492833,293.78001405812466,2.468022247276193
2019Q3,uniao_transf_soc,1.9099,,2.6674891874516784,3.63356203789216,409.233477534879,2.611971154155372,media 2003 = 100,,3.63356203789216,409.233477534879,2.611971154155372
2019Q4,uniao_transf_soc,4.5035,,6.237726595755732,3.57706224670988,402.8701333056081,2.6051650722497475,media 2003 = 100,,3.57706224670988,402.8701333056081,2.6051650722497475
2020Q1,uniao_transf_soc,1.6997,,2.3231438926196963,4.24139156721541,477.6908726307501,2.6791469431800055,media 2003 = 100,,4.24139156721541,477.6908726307501,2.6791469431800055
2020Q2,uniao_transf_soc,2.136,,2.929649718076007,2.95301228115006,332.5858957177136,2.521903827740237,media 2003 = 100,,2.95301228115006,332.5858957177136,2.521903827740237
2020Q3,uniao_transf_soc,2.2904,,3.117055037417239,4.27860891931954,481.88251330383696,2.6829411667796434,media 2003 = 100,,4.27860891931954,481.88251330383696,2.6829411667796434
2020Q4,uniao_transf_soc,5.6338,,7.485134268926159,4.34496221548652,489.35561816709316,2.68962457870772,media 2003 = 100,,4.34496221548652,489.35561816709316,2.68962457870772
2021Q1,uniao_transf_soc,0.3247,,0.42151999461838124,0.787368400333379,88.67813600243984,1.9478165557509461,media 2003 = 100,,3.334347913244685,375.53419416497854,2.5746494877078203
2021Q2,uniao_transf_soc,2.78,,3.5396715411942066,3.43648915398115,387.03795128001013,2.5877535521594397,media 2003 = 100,,3.43648915398115,387.03795128001013,2.5877535521594397
2021Q3,uniao_transf_soc,1.576,,1.9561955090666927,2.65855025983757,299.42182263267983,2.4762834496595874,media 2003 = 100,,2.65855025983757,299.42182263267983,2.4762834496595874
2021Q4,uniao_transf_soc,3.4659,,4.167714990239397,2.46383625756191,277.4919677285848,2.4432504165699043,media 2003 = 100,,2.46383625756191,277.4919677285848,2.4432504165699043
2022Q1,uniao_transf_soc,3.2849,,3.8506996397033517,7.54343115252127,849.5863097694657,2.9292075055741638,media 2003 = 100,,7.54343115252127,849.5863097694657,2.9292075055741638
2022Q2,uniao_transf_soc,3.3044000000000002,,3.7594071471112227,3.48239800740076,392.2084807875907,2.5935169802533147,media 2003 = 100,,3.48239800740076,392.2084807875907,2.5935169802533147
2022Q3,uniao_transf_soc,1.0808,,1.2347840040705516,1.60646150935872,180.92929834278257,2.257508898967719,media 2003 = 100,,1.60646150935872,180.92929834278257,2.257508898967719
2022Q4,uniao_transf_soc,2.1579,,2.446827577900628,1.50743984336837,169.77688638395557,2.229878564593599,media 2003 = 100,,1.50743984336837,169.77688638395557,2.229878564593599
2023Q1,uniao_transf_soc,0.8438,,0.9390379912040273,1.90625531983976,214.6938693965243,2.331819643293847,media 2003 = 100,,1.90625531983976,214.6938693965243,2.331819643293847
2023Q2,uniao_transf_soc,2.8029,,3.0733350378550814,2.72100750759045,306.45613123361284,2.486368314656275,media 2003 = 100,,2.72100750759045,306.45613123361284,2.486368314656275
2023Q3,uniao_transf_soc,2.9,,3.1676477095530604,3.93491542610967,443.1736975561974,2.6465739770245786,media 2003 = 100,,3.93491542610967,443.1736975561974,2.6465739770245786
2023Q4,uniao_transf_soc,5.4549,,5.907183956763031,3.77570063367575,425.24197587283123,2.628636127417987,media 2003 = 100,,3.77570063367575,425.24197587283123,2.628636127417987
2024Q1,uniao_transf_soc,1.4415,,1.5379438485635515,3.27746920543368,369.12817407988024,2.5671771944247443,media 2003 = 100,,3.27746920543368,369.12817407988024,2.5671771944247443
2024Q2,uniao_transf_soc,4.1465,,4.373919001331493,3.75861521039028,423.31771336861254,2.6266664415363596,media 2003 = 100,,3.75861521039028,423.31771336861254,2.6266664415363596
2024Q3,uniao_transf_soc,2.3484000000000003,,2.4573404363528772,2.88078998460976,324.4517889485093,2.511150173095864,media 2003 = 100,,2.88078998460976,324.4517889485093,2.511150173095864
2024Q4,uniao_transf_soc,3.9697999999999998,,4.101233800825594,2.72254027053292,306.62876015879493,2.4866128869582753,media 2003 = 100,,2.72254027053292,306.62876015879493,2.4866128869582753
2025Q1,uniao_transf_soc,1.5908,,1.6159027895707476,3.54853020258102,399.6566839360177,2.601687080591912,media 2003 = 100,,3.54853020258102,399.6566839360177,2.601687080591912
2025Q2,uniao_transf_soc,5.223,,5.227195115731181,4.42531513082704,498.4054438290605,2.697582777254664,media 2003 = 100,,4.42531513082704,498.4054438290605,2.697582777254664
2025Q3,uniao_transf_soc,4.8733,,4.848413311478003,5.44040946572668,612.7314358899847,2.787270162171896,media 2003 = 100,,5.44040946572668,612.7314358899847,2.787270162171896
2025Q4,uniao_transf_soc,6.9357,,6.858850425450123,4.66972278737627,525.9320951378169,2.720929674551684,media 2003 = 100,,4.66972278737627,525.9320951378169,2.720929674551684
2003Q1,uniao_gnd4_dir,0.5588,,1.9278791679102945,2.84869729124218,111.91999405810618,2.04890767842684,media 2003 = 100,,2.84869729124218,111.91999405810618,2.04890767842684
2003Q2,uniao_gnd4_dir,0.5694,,1.9130973284022132,2.55801425411099,100.49960064230423,2.002164335993441,media 2003 = 100,,2.55801425411099,100.49960064230423,2.002164335993441
2003Q3,uniao_gnd4_dir,0.6009,,2.0030763991734206,2.24817866582912,88.32673927647768,1.94609219805412,media 2003 = 100,,2.24817866582912,88.32673927647768,1.94609219805412
2003Q4,uniao_gnd4_dir,1.2938,,4.256301394561511,2.52630150604816,99.25366602311186,1.9967465567873361,media 2003 = 100,,2.52630150604816,99.25366602311186,1.9967465567873361
2004Q1,uniao_gnd4_dir,0.635,,2.0521858605483927,3.05364422293344,119.97197608077693,2.0790798122574468,media 2003 = 100,,3.05364422293344,119.97197608077693,2.0790798122574468
2004Q2,uniao_gnd4_dir,0.7987000000000001,,2.543820789548434,3.37649292813892,132.65609849678438,2.122727220263472,media 2003 = 100,,3.37649292813892,132.65609849678438,2.122727220263472
2004Q3,uniao_gnd4_dir,1.2367,,3.856397882210093,4.26930304822214,167.73293998567397,2.224618359262155,media 2003 = 100,,4.26930304822214,167.73293998567397,2.224618359262155
2004Q4,uniao_gnd4_dir,2.3758,,7.288463966799796,4.37694551418716,171.9620113539244,2.2354325162007376,media 2003 = 100,,4.37694551418716,171.9620113539244,2.2354325162007376
2005Q1,uniao_gnd4_dir,0.8288,,2.492925973197017,3.74554698240384,147.15554274712062,2.167776624839667,media 2003 = 100,,3.74554698240384,147.15554274712062,2.167776624839667
2005Q2,uniao_gnd4_dir,1.2673,,3.744402136262546,4.83124717218033,189.81067467785803,2.278320632871715,media 2003 = 100,,4.83124717218033,189.81067467785803,2.278320632871715
2005Q3,uniao_gnd4_dir,1.4306,,4.200390838719538,4.56274271416105,179.26163619683746,2.253487356094684,media 2003 = 100,,4.56274271416105,179.26163619683746,2.253487356094684
2005Q4,uniao_gnd4_dir,3.3701,,9.745440211285135,6.02145214115176,236.57160412611307,2.3739626147152912,media 2003 = 100,,6.02145214115176,236.57160412611307,2.3739626147152912
2006Q1,uniao_gnd4_dir,1.4379,,4.099140193209509,6.06465793219834,238.2690789305001,2.377067685983986,media 2003 = 100,,6.06465793219834,238.2690789305001,2.377067685983986
2006Q2,uniao_gnd4_dir,1.663,,4.7111612429053915,5.95085719994647,233.798060785963,2.368840904629721,media 2003 = 100,,5.95085719994647,233.798060785963,2.368840904629721
2006Q3,uniao_gnd4_dir,2.2387,,6.330276355002385,6.63039186808601,260.49570825249714,2.415800572558337,media 2003 = 100,,6.63039186808601,260.49570825249714,2.415800572558337
2006Q4,uniao_gnd4_dir,3.7068,,10.392594969112215,6.71237973663569,263.71685842142773,2.42113789348466,media 2003 = 100,,6.71237973663569,263.71685842142773,2.42113789348466
2007Q1,uniao_gnd4_dir,1.8769,,5.195399163871064,7.51575052924856,295.2797958427224,2.470233731915284,media 2003 = 100,,7.51575052924856,295.2797958427224,2.470233731915284
2007Q2,uniao_gnd4_dir,2.5772999999999997,,7.068714494760232,8.59465378460303,337.6678889194319,2.5284897626544502,media 2003 = 100,,8.59465378460303,337.6678889194319,2.5284897626544502
2007Q3,uniao_gnd4_dir,2.875,,7.815189218705446,8.05850914560296,316.6037677874151,2.500516078939308,media 2003 = 100,,8.05850914560296,316.6037677874151,2.500516078939308
2007Q4,uniao_gnd4_dir,4.1297,,11.10583570505645,7.49018504579682,294.27537576453165,2.4687539229320836,media 2003 = 100,,7.49018504579682,294.27537576453165,2.4687539229320836
2008Q1,uniao_gnd4_dir,2.2978,,6.078763273263364,8.45437015901416,332.15640737640354,2.5213426345026204,media 2003 = 100,,8.45437015901416,332.15640737640354,2.5213426345026204
2008Q2,uniao_gnd4_dir,2.574,,6.68782356356263,7.93394764832934,311.70997929062,2.4937507062918347,media 2003 = 100,,7.93394764832934,311.70997929062,2.4937507062918347
2008Q3,uniao_gnd4_dir,3.4868,,8.919812934796647,9.14895124320947,359.44520041699883,2.555632688959296,media 2003 = 100,,9.14895124320947,359.44520041699883,2.555632688959296
2008Q4,uniao_gnd4_dir,5.4181,,13.715876528326573,9.54844199691433,375.14044572030724,2.574193890080365,media 2003 = 100,,9.54844199691433,375.14044572030724,2.574193890080365
2009Q1,uniao_gnd4_dir,2.6179,,6.546998358782587,8.86708798155933,348.37131950095164,2.5420423934791767,media 2003 = 100,,8.86708798155933,348.37131950095164,2.5420423934791767
2009Q2,uniao_gnd4_dir,4.2633,,10.531853198951454,12.08985534679,474.98782785238643,2.6766824804369196,media 2003 = 100,,12.08985534679,474.98782785238643,2.6766824804369196
2009Q3,uniao_gnd4_dir,4.656499999999999,,11.409829781585769,11.8596076039827,465.94182423308,2.668331695677637,media 2003 = 100,,11.8596076039827,465.94182423308,2.668331695677637
2009Q4,uniao_gnd4_dir,8.184,,19.87645401746005,14.1416898576591,555.6005721305092,2.744762684281192,media 2003 = 100,,14.1416898576591,555.6005721305092,2.744762684281192
2010Q1,uniao_gnd4_dir,5.3871,,12.847461089363378,16.9499376136539,665.9313795247822,2.823429479877331,media 2003 = 100,,16.9499376136539,665.9313795247822,2.823429479877331
2010Q2,uniao_gnd4_dir,6.7882,,15.954565145108674,17.9540872427873,705.3825422971714,2.848424706993186,media 2003 = 100,,17.9540872427873,705.3825422971714,2.848424706993186
2010Q3,uniao_gnd4_dir,6.8667,,16.08599338682099,16.803809521074,660.1902797934965,2.819669125775686,media 2003 = 100,,16.803809521074,660.1902797934965,2.819669125775686
2010Q4,uniao_gnd4_dir,10.2127,,23.492460545133717,17.009646046913,668.2772123081115,2.8249566522989547,media 2003 = 100,,17.009646046913,668.2772123081115,2.8249566522989547
2011Q1,uniao_gnd4_dir,6.1124,,13.738758283542193,17.9371682202432,704.7178255129677,2.8480152569151893,media 2003 = 100,,17.9371682202432,704.7178255129677,2.8480152569151893
2011Q2,uniao_gnd4_dir,6.3091,,13.911470656896142,15.3905510999897,604.6659969654842,2.7815155469994153,media 2003 = 100,,15.3905510999897,604.6659969654842,2.7815155469994153
2011Q3,uniao_gnd4_dir,6.4113,,14.018730747516107,14.4551777933934,567.9169274036844,2.754284813512571,media 2003 = 100,,14.4551777933934,567.9169274036844,2.754284813512571
2011Q4,uniao_gnd4_dir,8.956,,19.30739359802573,14.3688311836925,564.5245304388078,2.7516828181879065,media 2003 = 100,,14.3688311836925,564.5245304388078,2.7516828181879065
2012Q1,uniao_gnd4_dir,4.698,,9.98391568302609,12.8727464973955,505.7461584034378,2.703932592598502,media 2003 = 100,,12.8727464973955,505.7461584034378,2.703932592598502
2012Q2,uniao_gnd4_dir,5.8865,,12.361230458298273,13.5392578036101,531.9321423128306,2.7258562336131957,media 2003 = 100,,13.5392578036101,531.9321423128306,2.7258562336131957
2012Q3,uniao_gnd4_dir,6.5513,,13.611521451577085,13.6657380053905,536.9013131247835,2.729894466138969,media 2003 = 100,,13.6657380053905,536.9013131247835,2.729894466138969
2012Q4,uniao_gnd4_dir,8.9841,,18.33945240357563,14.1516680924409,555.9925983317215,2.7450690100621173,media 2003 = 100,,14.1516680924409,555.9925983317215,2.7450690100621173
2013Q1,uniao_gnd4_dir,5.4598,,10.909813505497187,13.7433096544966,539.948958283054,2.732352707630894,media 2003 = 100,,13.7433096544966,539.948958283054,2.732352707630894
2013Q2,uniao_gnd4_dir,7.3386,,14.461243891359082,15.9020746302062,624.76280073555,2.795715163128798,media 2003 = 100,,15.9020746302062,624.76280073555,2.795715163128798
2013Q3,uniao_gnd4_dir,8.6267,,16.89743418110138,16.3769024578343,643.4178989132814,2.808493138149953,media 2003 = 100,,16.3769024578343,643.4178989132814,2.808493138149953
2013Q4,uniao_gnd4_dir,10.582099999999999,,20.409356584940586,16.39489229353,644.1246859455009,2.8089699437211486,media 2003 = 100,,16.39489229353,644.1246859455009,2.8089699437211486
2014Q1,uniao_gnd4_dir,8.829,,16.673915329891372,20.4412799552721,803.0996968921693,2.9047694619941518,media 2003 = 100,,20.4412799552721,803.0996968921693,2.9047694619941518
2014Q2,uniao_gnd4_dir,10.0509,,18.615899762596207,20.5978936871074,809.2527577983991,2.9080841880802777,media 2003 = 100,,20.5978936871074,809.2527577983991,2.9080841880802777
2014Q3,uniao_gnd4_dir,12.0566,,22.156170120679345,21.3396813728947,838.3962100145834,2.9234493064079325,media 2003 = 100,,21.3396813728947,838.3962100145834,2.9234493064079325
2014Q4,uniao_gnd4_dir,8.7124,,15.775356218669241,12.6116346917124,495.48756342025126,2.695032758305166,media 2003 = 100,,12.6116346917124,495.48756342025126,2.695032758305166
2015Q1,uniao_gnd4_dir,6.121,,10.737405046451421,13.3506918226209,524.523737237025,2.7197651469009534,media 2003 = 100,,13.3506918226209,524.523737237025,2.7197651469009534
2015Q2,uniao_gnd4_dir,5.7034,,9.734795676710721,10.7681841951008,423.06183771697107,2.626403851574671,media 2003 = 100,,10.7681841951008,423.06183771697107,2.626403851574671
2015Q3,uniao_gnd4_dir,6.4916,,10.891937720604282,10.7566306020699,422.6079186335559,2.625937630403559,media 2003 = 100,,10.7566306020699,422.6079186335559,2.625937630403559
2015Q4,uniao_gnd4_dir,6.638,,10.89085977140758,8.23824902687278,323.6654118959582,2.510096291539369,media 2003 = 100,,8.23824902687278,323.6654118959582,2.510096291539369
2016Q1,uniao_gnd4_dir,7.5575,,12.03630760366209,16.0580589592992,630.8911335840127,2.7999544239623386,media 2003 = 100,,9.357818054431954,367.6511871825364,2.5654359726904388
2016Q2,uniao_gnd4_dir,6.0756000000000006,,9.501019835621939,10.369405379858,407.394563145649,2.610015228857569,media 2003 = 100,,10.369405379858,407.394563145649,2.610015228857569
2016Q3,uniao_gnd4_dir,6.0758,,9.375888828502122,9.75891708018266,383.4096184896257,2.583663003702637,media 2003 = 100,,9.75891708018266,383.4096184896257,2.583663003702637
2016Q4,uniao_gnd4_dir,9.4153,,14.430929139745029,10.0425734397885,394.5539468741226,2.5961063921537457,media 2003 = 100,,10.0425734397885,394.5539468741226,2.5961063921537457
2017Q1,uniao_gnd4_dir,3.7868999999999997,,5.749809268992237,8.51103652475276,334.38272301066075,2.5242438300858425,media 2003 = 100,,8.51103652475276,334.38272301066075,2.5242438300858425
2017Q2,uniao_gnd4_dir,5.6994,,8.606554644108794,9.34880935735136,367.2972523061173,2.5650176794676605,media 2003 = 100,,9.34880935735136,367.2972523061173,2.5650176794676605
2017Q3,uniao_gnd4_dir,5.3353,,8.027041254352262,8.67264198053919,340.73189942437796,2.5324127942531347,media 2003 = 100,,8.67264198053919,340.73189942437796,2.5324127942531347
2017Q4,uniao_gnd4_dir,10.193100000000001,,15.194921966110313,9.93584592238659,390.360822125424,2.591466223983027,media 2003 = 100,,9.93584592238659,390.360822125424,2.591466223983027
2018Q1,uniao_gnd4_dir,3.747,,5.534626582018311,8.91461895345297,350.2387225796384,2.5443641602310922,media 2003 = 100,,8.91461895345297,350.2387225796384,2.5443641602310922
2018Q2,uniao_gnd4_dir,5.6697,,8.285310829316463,9.10416135862804,357.68548953735285,2.55350132219627,media 2003 = 100,,9.10416135862804,357.68548953735285,2.55350132219627
2018Q3,uniao_gnd4_dir,6.5373,,9.420857841514461,10.0856916481923,396.2479807201144,2.5979670620665747,media 2003 = 100,,10.0856916481923,396.2479807201144,2.5979670620665747
2018Q4,uniao_gnd4_dir,10.1778,,14.572443200004107,9.37973585833349,368.51229674653536,2.5664519842440896,media 2003 = 100,,9.37973585833349,368.51229674653536,2.5664519842440896
2019Q1,uniao_gnd4_dir,3.9143,,5.555030448159711,9.31680415855199,366.03982784390206,2.563528342421124,media 2003 = 100,,9.31680415855199,366.03982784390206,2.563528342421124
2019Q2,uniao_gnd4_dir,5.3939,,7.556082246295761,8.30515428427007,326.2939944531086,2.5136090805305114,media 2003 = 100,,8.30515428427007,326.2939944531086,2.5136090805305114
2019Q3,uniao_gnd4_dir,5.5154000000000005,,7.7031623982779145,8.05912477807317,316.62795483692,2.5005492557425644,media 2003 = 100,,8.05912477807317,316.62795483692,2.5005492557425644
2019Q4,uniao_gnd4_dir,10.6091,,14.694496553132483,9.57266586784104,376.09215634906263,2.5752942760178743,media 2003 = 100,,9.57266586784104,376.09215634906263,2.5752942760178743
2020Q1,uniao_gnd4_dir,3.5914,,4.908712699861375,8.36262908798069,328.5520721047984,2.516604210533815,media 2003 = 100,,8.36262908798069,328.5520721047984,2.516604210533815
2020Q2,uniao_gnd4_dir,5.4914,,7.531778306106078,8.13630838699156,319.66035462123085,2.5046887769132526,media 2003 = 100,,8.13630838699156,319.66035462123085,2.5046887769132526
2020Q3,uniao_gnd4_dir,6.5418,,8.902877507761133,8.98652499018803,353.06377641349826,2.5478531621659735,media 2003 = 100,,8.98652499018803,353.06377641349826,2.5478531621659735
2020Q4,uniao_gnd4_dir,8.6821,,11.535142219504385,7.81917104895833,307.20062115028503,2.4874220894905568,media 2003 = 100,,7.81917104895833,307.20062115028503,2.4874220894905568
2021Q1,uniao_gnd4_dir,2.2741000000000002,,2.952197781834496,4.99445601506524,196.2228451749011,2.2927495685679853,media 2003 = 100,,8.181438536278836,321.4334338654179,2.5070910478724966
2021Q2,uniao_gnd4_dir,6.1979,,7.891557642146609,8.22800603968287,323.26298406729546,2.5095559776221372,media 2003 = 100,,8.22800603968287,323.26298406729546,2.5095559776221372
2021Q3,uniao_gnd4_dir,5.5824,,6.929102671201717,6.95640878341447,273.3043037247429,2.436646470584688,media 2003 = 100,,6.95640878341447,273.3043037247429,2.436646470584688
2021Q4,uniao_gnd4_dir,8.0835,,9.720339341469797,6.75282910756806,265.3060386296313,2.4237471350697057,media 2003 = 100,,6.75282910756806,265.3060386296313,2.4237471350697057
2022Q1,uniao_gnd4_dir,3.5533,,4.165329547248903,6.98222512289602,274.3185794676448,2.4382552231605454,media 2003 = 100,,6.98222512289602,274.3185794676448,2.4382552231605454
2022Q2,uniao_gnd4_dir,6.2393,,7.098435120739333,7.27689415682539,285.8955752501985,2.4562074339193987,media 2003 = 100,,7.27689415682539,285.8955752501985,2.4562074339193987
2022Q3,uniao_gnd4_dir,6.5527,,7.486277889964011,7.45857938465495,293.0336483903822,2.4669174922695674,media 2003 = 100,,7.45857938465495,293.0336483903822,2.4669174922695674
2022Q4,uniao_gnd4_dir,8.9065,,10.099017481149238,7.13879365342061,280.4698644988309,2.447886204683251,media 2003 = 100,,7.13879365342061,280.4698644988309,2.447886204683251
2023Q1,uniao_gnd4_dir,4.223,,4.699641427891215,7.7610666740508,304.91780882256137,2.4841827902148457,media 2003 = 100,,7.7610666740508,304.91780882256137,2.4841827902148457
2023Q2,uniao_gnd4_dir,7.5039,,8.227906379307411,8.41932628883437,330.77959919311473,2.519538716626973,media 2003 = 100,,8.41932628883437,330.77959919311473,2.519538716626973
2023Q3,uniao_gnd4_dir,8.1508,,8.90305619000865,8.91259813061915,350.1593282262092,2.5442657004204268,media 2003 = 100,,8.91259813061915,350.1593282262092,2.5442657004204268
2023Q4,uniao_gnd4_dir,12.4394,,13.470792152332407,9.48548006708505,372.6667891355786,2.571320691552291,media 2003 = 100,,9.48548006708505,372.6667891355786,2.571320691552291
2024Q1,uniao_gnd4_dir,5.4119,,5.773984262255348,9.47565325772437,372.2807121562384,2.5708705360274027,media 2003 = 100,,9.47565325772437,372.2807121562384,2.5708705360274027
2024Q2,uniao_gnd4_dir,8.9293,,9.41903652202805,9.75688610148781,383.32982513139183,2.583572611025993,media 2003 = 100,,9.75688610148781,383.32982513139183,2.583572611025993
2024Q3,uniao_gnd4_dir,7.9185,,8.28583301194867,8.26755310076678,324.81671420743146,2.5116383687874015,media 2003 = 100,,8.26755310076678,324.81671420743146,2.5116383687874015
2024Q4,uniao_gnd4_dir,12.9275,,13.355509083624582,9.37059011178122,368.15297745243777,2.5660283172015155,media 2003 = 100,,9.37059011178122,368.15297745243777,2.5660283172015155
2025Q1,uniao_gnd4_dir,5.4356,,5.521373650358786,9.0205122187548,354.39907112204395,2.5494925749331303,media 2003 = 100,,9.0205122187548,354.39907112204395,2.5494925749331303
2025Q2,uniao_gnd4_dir,8.4176,,8.4243610197547,8.82021631384329,346.52981925155683,2.5397406120479546,media 2003 = 100,,8.82021631384329,346.52981925155683,2.5397406120479546
2025Q3,uniao_gnd4_dir,9.389,,9.34105279409578,9.28190795488926,364.66882120216786,2.561898633183001,media 2003 = 100,,9.28190795488926,364.66882120216786,2.561898633183001
2025Q4,uniao_gnd4_dir,12.825099999999999,,12.682994159412944,8.88604879133347,349.1162542905422,2.5429700693365387,media 2003 = 100,,8.88604879133347,349.1162542905422,2.5429700693365387
2003Q1,uniao_filtro_diss,0.49540246134,,1.7091554848762904,2.43819739305054,111.68299938931617,2.047987068967635,media 2003 = 100,,2.43819739305054,111.68299938931617,2.047987068967635
2003Q2,uniao_filtro_diss,0.51543968411,,1.7317988806170033,2.21777282962489,101.5863286059647,2.006835264931196,media 2003 = 100,,2.21777282962489,101.5863286059647,2.006835264931196
2003Q3,uniao_filtro_diss,0.54753908483,,1.8251998975669603,1.97012210896523,90.24254841694896,1.9554113511316327,media 2003 = 100,,1.97012210896523,90.24254841694896,1.9554113511316327
2003Q4,uniao_filtro_diss,1.01853082605,,3.3507297691455418,2.10647182362963,96.48812358777022,1.9844738607249803,media 2003 = 100,,2.10647182362963,96.48812358777022,1.9844738607249803
2004Q1,uniao_filtro_diss,0.5890788247100001,,1.903778322548547,2.72598685091085,124.86535695317664,2.096441963025979,media 2003 = 100,,2.72598685091085,124.86535695317664,2.096441963025979
2004Q2,uniao_filtro_diss,0.7184973049400001,,2.2883790929521632,2.90815650993973,133.2097403800736,2.124535981881254,media 2003 = 100,,2.90815650993973,133.2097403800736,2.124535981881254
2004Q3,uniao_filtro_diss,1.13848628775,,3.5501383593469154,3.78987544753904,173.5973709509718,2.2395431437083797,media 2003 = 100,,3.78987544753904,173.5973709509718,2.2395431437083797
2004Q4,uniao_filtro_diss,2.11437136606,,6.48645488423334,4.13066716560332,189.2075267771322,2.276938408877381,media 2003 = 100,,4.13066716560332,189.2075267771322,2.276938408877381
2005Q1,uniao_filtro_diss,0.7274956066799999,,2.188215122199919,3.13511855617618,143.6058642310263,2.157172174942316,media 2003 = 100,,3.13511855617618,143.6058642310263,2.157172174942316
2005Q2,uniao_filtro_diss,1.21196488255,,3.580907358396122,4.48453608196628,205.41669100752117,2.3126357290273596,media 2003 = 100,,4.48453608196628,205.41669100752117,2.3126357290273596
2005Q3,uniao_filtro_diss,1.30820073848,,3.8410138383318366,4.02408953452286,184.32567859666904,2.26558584143718,media 2003 = 100,,4.02408953452286,184.32567859666904,2.26558584143718
2005Q4,uniao_filtro_diss,3.02754652092,,8.75486591095522,5.68936050856622,260.60434976054864,2.4159816602685016,media 2003 = 100,,5.68936050856622,260.60434976054864,2.4159816602685016
2006Q1,uniao_filtro_diss,1.33733204127,,3.8124428138512934,5.50487902595622,252.15407195761205,2.4016659858381724,media 2003 = 100,,5.50487902595622,252.15407195761205,2.4016659858381724
2006Q2,uniao_filtro_diss,1.5059220335399999,,4.266170486621119,5.16378585812046,236.53010805555914,2.373886430190719,media 2003 = 100,,5.16378585812046,236.53010805555914,2.373886430190719
2006Q3,uniao_filtro_diss,1.99847220326,,5.6509944764489655,5.85504740794886,268.1937311352114,2.4284486222657518,media 2003 = 100,,5.85504740794886,268.1937311352114,2.4284486222657518
2006Q4,uniao_filtro_diss,3.06673443493,,8.598070805022314,5.72225627926613,262.1111589916062,2.4184855107799272,media 2003 = 100,,5.72225627926613,262.1111589916062,2.4184855107799272
2007Q1,uniao_filtro_diss,1.70552995842,,4.721034109399713,6.84193205229783,313.3985359005271,2.49609696324997,media 2003 = 100,,6.84193205229783,313.3985359005271,2.49609696324997
2007Q2,uniao_filtro_diss,2.3859664945500003,,6.54394752028784,7.6492899303785,350.38001642447665,2.544539328648823,media 2003 = 100,,7.6492899303785,350.38001642447665,2.544539328648823
2007Q3,uniao_filtro_diss,2.59897990144,,7.064876419257749,7.21705522445017,330.5812632407412,2.5192782348925564,media 2003 = 100,,7.21705522445017,330.5812632407412,2.5192782348925564
2007Q4,uniao_filtro_diss,3.4726247965700003,,9.338789853018744,6.40746738335281,293.4976380098286,2.4676046105123373,media 2003 = 100,,6.40746738335281,293.4976380098286,2.4676046105123373
2008Q1,uniao_filtro_diss,2.08527456408,,5.516533394899372,7.96312975906071,364.755625837792,2.562001998993089,media 2003 = 100,,7.96312975906071,364.755625837792,2.562001998993089
2008Q2,uniao_filtro_diss,2.2721360495700003,,5.903513990650489,6.6528112328769,304.7357506723514,2.483923407320608,media 2003 = 100,,6.6528112328769,304.7357506723514,2.483923407320608
2008Q3,uniao_filtro_diss,2.9700280476,,7.597824537022861,7.72702471722205,353.94070194416497,2.5489305078574622,media 2003 = 100,,7.72702471722205,353.94070194416497,2.5489305078574622
2008Q4,uniao_filtro_diss,4.35668219114,,11.028905890780074,7.77973488086382,356.3551205595705,2.551883003668368,media 2003 = 100,,7.77973488086382,356.3551205595705,2.551883003668368
2009Q1,uniao_filtro_diss,2.2326645667,,5.583578919705465,7.95153294377118,364.22442720777536,2.561369068987174,media 2003 = 100,,7.95153294377118,364.22442720777536,2.561369068987174
2009Q2,uniao_filtro_diss,3.74610665635,,9.254203404004663,10.1877774794994,466.65686267421734,2.668997656963117,media 2003 = 100,,10.1877774794994,466.65686267421734,2.668997656963117
2009Q3,uniao_filtro_diss,4.17308410789,,10.2253150081103,10.3308770185477,473.21161733751677,2.675055398009244,media 2003 = 100,,10.3308770185477,473.21161733751677,2.675055398009244
2009Q4,uniao_filtro_diss,7.33900175108,,17.824209535606112,12.8844206565981,590.1781161869657,2.7709831018168614,media 2003 = 100,,12.8844206565981,590.1781161869657,2.7709831018168614
2010Q1,uniao_filtro_diss,4.10381542424,,9.787011375480807,13.7938175603895,631.8335515263125,2.8006026840190357,media 2003 = 100,,13.7938175603895,631.8335515263125,2.8006026840190357
2010Q2,uniao_filtro_diss,6.17640769651,,14.516646380000502,15.6142910495459,715.2213609617671,2.8544404767180747,media 2003 = 100,,15.6142910495459,715.2213609617671,2.8544404767180747
2010Q3,uniao_filtro_diss,6.31701806508,,14.798303525609917,14.9214734253096,683.4864610209212,2.8347299161794215,media 2003 = 100,,14.9214734253096,683.4864610209212,2.8347299161794215
2010Q4,uniao_filtro_diss,8.75345431535,,20.135731015009775,14.8852358359498,681.8265779114256,2.833673926220096,media 2003 = 100,,14.8852358359498,681.8265779114256,2.833673926220096
2011Q1,uniao_filtro_diss,4.958788897430001,,11.145802310206053,15.4675583051427,708.500185289,2.8503399681614323,media 2003 = 100,,15.4675583051427,708.500185289,2.8503399681614323
2011Q2,uniao_filtro_diss,4.877662041810001,,10.755171477531812,11.4137737816452,522.814311063801,2.7183474670702763,media 2003 = 100,,11.4137737816452,522.814311063801,2.7183474670702763
2011Q3,uniao_filtro_diss,5.05264141259,,11.047934042526267,10.9737356358659,502.6581169400521,2.7012726999493677,media 2003 = 100,,10.9737356358659,502.6581169400521,2.7012726999493677
2011Q4,uniao_filtro_diss,6.66641405474,,14.371491742103153,10.9776725277075,502.83844847940753,2.701428477693397,media 2003 = 100,,10.9776725277075,502.83844847940753,2.701428477693397
2012Q1,uniao_filtro_diss,3.38557302211,,7.194822390692648,9.72979724736108,445.6788212194898,2.6490219967829516,media 2003 = 100,,9.72979724736108,445.6788212194898,2.6490219967829516
2012Q2,uniao_filtro_diss,4.64463878225,,9.753410410760571,10.2736344834131,470.58959090327403,2.6726423166707174,media 2003 = 100,,10.2736344834131,470.58959090327403,2.6726423166707174
2012Q3,uniao_filtro_diss,5.12776909279,,10.653876178047877,10.4187045195556,477.2346052913995,2.6787319277522816,media 2003 = 100,,10.4187045195556,477.2346052913995,2.6787319277522816
2012Q4,uniao_filtro_diss,6.609624286020001,,13.49237987099224,10.6288925520403,486.86238603242487,2.6874062231604583,media 2003 = 100,,10.6288925520403,486.86238603242487,2.6874062231604583
2013Q1,uniao_filtro_diss,3.88473425929,,7.762505272586844,10.234920624488,468.81628087718116,2.6710026852889266,media 2003 = 100,,10.234920624488,468.81628087718116,2.6710026852889266
2013Q2,uniao_filtro_diss,5.52112065448,,10.879768939314769,11.4335805982682,523.7215734106134,2.7191004639534464,media 2003 = 100,,11.4335805982682,523.7215734106134,2.7191004639534464
2013Q3,uniao_filtro_diss,6.15133015371,,12.048836333538778,11.6739649559679,534.7325137679022,2.7281365916572615,media 2003 = 100,,11.6739649559679,534.7325137679022,2.7281365916572615
2013Q4,uniao_filtro_diss,7.531415988479999,,14.525600258777663,11.6228590190575,532.3915776578799,2.726231176393847,media 2003 = 100,,11.6228590190575,532.3915776578799,2.726231176393847
2014Q1,uniao_filtro_diss,6.239511541560001,,11.783564066581881,15.4002796361863,705.4184481148942,2.8484468131564427,media 2003 = 100,,15.4002796361863,705.4184481148942,2.8484468131564427
2014Q2,uniao_filtro_diss,7.93605573973,,14.698864595328773,15.3603309413773,703.5885757384108,2.847318779145219,media 2003 = 100,,15.3603309413773,703.5885757384108,2.847318779145219
2014Q3,uniao_filtro_diss,8.49275251068,,15.60695962538798,15.3116734243108,701.3597908728733,2.8459408640510566,media 2003 = 100,,15.3116734243108,701.3597908728733,2.8459408640510566
2014Q4,uniao_filtro_diss,6.4696431757,,11.714444436016482,9.24240088820807,423.35335756474615,2.626703008458824,media 2003 = 100,,9.24240088820807,423.35335756474615,2.626703008458824
2015Q1,uniao_filtro_diss,4.2457712580399996,,7.447895071419227,9.85457881496534,451.39451092462417,2.654556273639305,media 2003 = 100,,9.85457881496534,451.39451092462417,2.654556273639305
2015Q2,uniao_filtro_diss,4.32397505048,,7.3803369266784244,7.70373979039606,352.87412280832496,2.5476198115659496,media 2003 = 100,,7.70373979039606,352.87412280832496,2.5476198115659496
2015Q3,uniao_filtro_diss,4.21170321817,,7.066610565958511,7.0777301530203,324.19940018413666,2.5108122070055234,media 2003 = 100,,7.0777301530203,324.19940018413666,2.5108122070055234
2015Q4,uniao_filtro_diss,4.27115814251,,7.00762042657157,5.3504739036389,245.0814587103731,2.3893104565627254,media 2003 = 100,,5.3504739036389,245.0814587103731,2.3893104565627254
2016Q1,uniao_filtro_diss,4.391961619560001,,6.994773541052213,9.5161471836337,435.8924601952338,2.639379356918752,media 2003 = 100,,9.5161471836337,435.8924601952338,2.639379356918752
2016Q2,uniao_filtro_diss,4.17170528264,,6.523710355970021,6.8496083955685,313.7501551103802,2.496583949193686,media 2003 = 100,,6.8496083955685,313.7501551103802,2.496583949193686
2016Q3,uniao_filtro_diss,3.9127022437399996,,6.037898096767019,6.2157728611991,284.71696288416035,2.4544133423402505,media 2003 = 100,,6.2157728611991,284.71696288416035,2.4544133423402505
2016Q4,uniao_filtro_diss,5.27719203682,,8.088407628028438,5.88163327536873,269.41151170674374,2.4304161487882405,media 2003 = 100,,5.88163327536873,269.41151170674374,2.4304161487882405
2017Q1,uniao_filtro_diss,2.451908864911432,,3.722836176870788,5.31199405667555,243.31886773346625,2.386175786838018,media 2003 = 100,,5.31199405667555,243.31886773346625,2.386175786838018
2017Q2,uniao_filtro_diss,3.6901976246207226,,5.572496666992793,5.90684286201359,270.5662509652991,2.432273623992489,media 2003 = 100,,5.90684286201359,270.5662509652991,2.432273623992489
2017Q3,uniao_filtro_diss,3.45445334362195,,5.197278409927934,5.42786075380646,248.62620679542928,2.3955469041398274,media 2003 = 100,,5.42786075380646,248.62620679542928,2.3955469041398274
2017Q4,uniao_filtro_diss,6.599739166845895,,9.838275072049255,6.87834784081281,315.0665815222934,2.4984023408758684,media 2003 = 100,,6.87834784081281,315.0665815222934,2.4984023408758684
2018Q1,uniao_filtro_diss,2.72572866742,,4.0261249901446705,6.07381677281355,278.21458461993075,2.4443798929239358,media 2003 = 100,,6.07381677281355,278.21458461993075,2.4443798929239358
2018Q2,uniao_filtro_diss,4.30070775632,,6.284759431215656,6.65917170493287,305.02709566302667,2.484338419590278,media 2003 = 100,,6.65917170493287,305.02709566302667,2.484338419590278
2018Q3,uniao_filtro_diss,4.70137537816,,6.775119559641082,7.12996865498661,326.592214071901,2.514005826983884,media 2003 = 100,,7.12996865498661,326.592214071901,2.514005826983884
2018Q4,uniao_filtro_diss,6.936927552909999,,9.932203693069667,6.77860417593112,310.4977669973412,2.492058481213984,media 2003 = 100,,6.77860417593112,310.4977669973412,2.492058481213984
2019Q1,uniao_filtro_diss,2.9387529666999996,,4.170570014980502,6.59382610929909,302.03390399689533,2.480055696242965,media 2003 = 100,,6.59382610929909,302.03390399689533,2.480055696242965
2019Q2,uniao_filtro_diss,4.00100771571,,5.604839423787739,5.91277565538987,270.8380058941283,2.432709607546135,media 2003 = 100,,5.91277565538987,270.8380058941283,2.432709607546135
2019Q3,uniao_filtro_diss,4.2814315911,,5.979722747826213,6.20281330085884,284.12334295261076,2.453506915873772,media 2003 = 100,,6.20281330085884,284.12334295261076,2.453506915873772
2019Q4,uniao_filtro_diss,7.22317568218,,10.004706352514765,6.85616851330218,314.0506449833219,2.496999689675803,media 2003 = 100,,6.85616851330218,314.0506449833219,2.496999689675803
2020Q1,uniao_filtro_diss,2.6225960759699998,,3.5845549548144295,5.79953370287557,265.65089473178057,2.424311282984023,media 2003 = 100,,5.79953370287557,265.65089473178057,2.424311282984023
2020Q2,uniao_filtro_diss,4.18496247985,,5.739922354518361,5.97164318293681,273.53446601742036,2.437012056293258,media 2003 = 100,,5.97164318293681,273.53446601742036,2.437012056293258
2020Q3,uniao_filtro_diss,4.73277859129,,6.4409410360465245,6.59292641479128,301.99269298524683,2.4799964348956345,media 2003 = 100,,6.59292641479128,301.99269298524683,2.4799964348956345
2020Q4,uniao_filtro_diss,6.523984233189999,,8.667843720718594,6.02861244711568,276.1439751222341,2.4411355722755688,media 2003 = 100,,6.02861244711568,276.1439751222341,2.4411355722755688
2021Q1,uniao_filtro_diss,1.5208311320299999,,1.9743170021211958,3.21508551188907,147.26879549799574,2.1681107347674295,media 2003 = 100,,6.011291546255259,275.35058154149675,2.4398859980499013
2021Q2,uniao_filtro_diss,4.46302659105,,5.682607270479382,5.81826431523984,266.5088609387836,2.4257116531105973,media 2003 = 100,,5.81826431523984,266.5088609387836,2.4257116531105973
2021Q3,uniao_filtro_diss,3.81047230591,,4.729713713352885,4.77018138123884,218.50083418442145,2.339453099343052,media 2003 = 100,,4.77018138123884,218.50083418442145,2.339453099343052
2021Q4,uniao_filtro_diss,5.54268458048,,6.665030616069494,4.74131682765341,217.17867711475895,2.3368171834122826,media 2003 = 100,,4.74131682765341,217.17867711475895,2.3368171834122826
2022Q1,uniao_filtro_diss,2.62383442477,,3.0757704265283845,4.98279012889488,228.2394971418634,2.3583908018108035,media 2003 = 100,,4.98279012889488,228.2394971418634,2.3583908018108035
2022Q2,uniao_filtro_diss,4.65671342673,,5.297930558799647,5.33071800000904,244.17652846177316,2.3877039149346317,media 2003 = 100,,5.33071800000904,244.17652846177316,2.3877039149346317
2022Q3,uniao_filtro_diss,4.83981595047,,5.529355401818902,5.56048868933971,254.701303785273,2.406031168070409,media 2003 = 100,,5.56048868933971,254.701303785273,2.406031168070409
2022Q4,uniao_filtro_diss,6.4719273906499994,,7.338472784472343,5.2935708627696,242.47498300140478,2.384666937557246,media 2003 = 100,,5.2935708627696,242.47498300140478,2.384666937557246
2023Q1,uniao_filtro_diss,3.1318053415300002,,3.4852858458786136,5.60834736695271,256.893497361503,2.4097531112894726,media 2003 = 100,,5.60834736695271,256.893497361503,2.4097531112894726
2023Q2,uniao_filtro_diss,5.54857393176,,6.083922606802717,6.07349699847667,278.1999371770403,2.444357027583893,media 2003 = 100,,6.07349699847667,278.1999371770403,2.444357027583893
2023Q3,uniao_filtro_diss,5.52434370889,,6.034198171120437,6.04480787234195,276.88581566017035,2.442300708225524,media 2003 = 100,,6.04480787234195,276.88581566017035,2.442300708225524
2023Q4,uniao_filtro_diss,7.78708178622,,8.43273471512959,6.14207784486179,281.34132131877504,2.449233522790174,media 2003 = 100,,6.14207784486179,281.34132131877504,2.449233522790174
2024Q1,uniao_filtro_diss,3.74697365871,,3.997665687924182,6.37427138228597,291.97707655838803,2.4653487558491114,media 2003 = 100,,6.37427138228597,291.97707655838803,2.4653487558491114
2024Q2,uniao_filtro_diss,5.884272204609999,,6.2070010863982725,6.19547239799906,283.7870887789567,2.4529926328423626,media 2003 = 100,,6.19547239799906,283.7870887789567,2.4529926328423626
2024Q3,uniao_filtro_diss,4.95767927873,,5.187662136813146,5.19601658874408,238.00645475284247,2.3765887353150363,media 2003 = 100,,5.19601658874408,238.00645475284247,2.3765887353150363
2024Q4,uniao_filtro_diss,8.4222893674,,8.701138050761974,6.34139071145541,290.47095898531677,2.4631027185408403,media 2003 = 100,,6.34139071145541,290.47095898531677,2.4631027185408403
2025Q1,uniao_filtro_diss,3.5476129566599997,,3.6035942123360707,5.72053012739936,262.0320916369975,2.4183544835616066,media 2003 = 100,,5.72053012739936,262.0320916369975,2.4183544835616066
2025Q2,uniao_filtro_diss,5.30510995346,,5.309371019939304,5.32479308598171,243.90513445094282,2.3872209427501447,media 2003 = 100,,5.32479308598171,243.90513445094282,2.3872209427501447
2025Q3,uniao_filtro_diss,6.07457836642,,6.043557058536726,6.04734534915492,277.00204620908363,2.4424829772017467,media 2003 = 100,,6.04734534915492,277.00204620908363,2.4424829772017467
2025Q4,uniao_filtro_diss,8.138901410899999,,8.04872001454043,5.85639144868629,268.2552956751807,2.428548304206703,media 2003 = 100,,5.85639144868629,268.2552956751807,2.428548304206703
2003Q1,estatais_total,3.7892,,13.072869976817625,17.5006296456859,110.28030601663525,2.042497962558434,media 2003 = 100,,17.5006296456859,110.28030601663525,2.042497962558434
2003Q2,estatais_total,4.3144,,14.49572728074905,16.3308420974152,102.90888387871557,2.012452867988515,media 2003 = 100,,16.3308420974152,102.90888387871557,2.012452867988515
2003Q3,estatais_total,3.9739,,13.246838579922208,14.3264345928444,90.27809987486127,1.9555824097040524,media 2003 = 100,,14.3264345928444,90.27809987486127,1.9555824097040524
2003Q4,estatais_total,6.6862,,21.99604450789703,15.3189927689446,96.53271022978791,1.9846744995115435,media 2003 = 100,,15.3189927689446,96.53271022978791,1.9846744995115435
2004Q1,estatais_total,3.2009,,10.344632631542284,13.7140903438887,86.4194095003119,1.9366112944719451,media 2003 = 100,,13.7140903438887,86.4194095003119,1.9366112944719451
2004Q2,estatais_total,4.5125,,14.372093793461007,16.2610750610452,102.46924654700084,2.010593542865226,media 2003 = 100,,16.2610750610452,102.46924654700084,2.010593542865226
2004Q3,estatais_total,4.9106,,15.312709177958181,16.4118123692933,103.4191184555137,2.014600831525998,media 2003 = 100,,16.4118123692933,103.4191184555137,2.014600831525998
2004Q4,estatais_total,6.8309,,20.955791106495802,14.7746084363108,93.10226961085188,1.9689602681720482,media 2003 = 100,,14.7746084363108,93.10226961085188,1.9689602681720482
2005Q1,estatais_total,3.7089,,11.155903887536697,14.5191055589716,91.49221694008732,1.9613841510747632,media 2003 = 100,,14.5191055589716,91.49221694008732,1.9613841510747632
2005Q2,estatais_total,4.3106,,12.736226504042714,14.4811221500609,91.2528642971806,1.9602465052264517,media 2003 = 100,,14.4811221500609,91.2528642971806,1.9602465052264517
2005Q3,estatais_total,4.7941,,14.075977715577615,14.8998348999041,93.89138480305036,1.9726257445116222,media 2003 = 100,,14.8998348999041,93.89138480305036,1.9726257445116222
2005Q4,estatais_total,8.8261,,25.522752989176503,18.3322152712756,115.52054703228772,2.0626592367745724,media 2003 = 100,,18.3322152712756,115.52054703228772,2.0626592367745724
2006Q1,estatais_total,4.7475,,13.534090039127994,17.1932151509449,108.3431320268786,2.0348013861923824,media 2003 = 100,,17.1932151509449,108.3431320268786,2.0348013861923824
2006Q2,estatais_total,5.0459,,14.294677399624963,16.2991172840894,102.7089698074666,2.0116083731764256,media 2003 = 100,,16.2991172840894,102.7089698074666,2.0116083731764256
2006Q3,estatais_total,6.1011,,17.25181983718455,18.0908776389396,113.99975672438556,2.056903924552528,media 2003 = 100,,18.0908776389396,113.99975672438556,2.056903924552528
2006Q4,estatais_total,7.6022,,21.313959607797802,15.5914457613567,98.24957413621092,1.9923306765976478,media 2003 = 100,,15.5914457613567,98.24957413621092,1.9923306765976478
2007Q1,estatais_total,5.6549,,15.653184896251522,19.4422564469025,122.51547710152539,2.0881909556002003,media 2003 = 100,,19.4422564469025,122.51547710152539,2.0881909556002003
2007Q2,estatais_total,6.3514,,17.41987088892257,19.8830646367221,125.2932321338952,2.09792761268381,media 2003 = 100,,19.8830646367221,125.2932321338952,2.09792761268381
2007Q3,estatais_total,7.576,,20.594042963795637,21.3733868415943,134.68450502773692,2.1293176345646194,media 2003 = 100,,21.3733868415943,134.68450502773692,2.1293176345646194
2007Q4,estatais_total,10.1422,,27.275009537696093,20.352761373219,128.25302848891732,2.108067629070375,media 2003 = 100,,20.352761373219,128.25302848891732,2.108067629070375
2008Q1,estatais_total,7.1062,,18.7992460494665,22.8915275465977,144.25107634052145,2.1591190623616003,media 2003 = 100,,22.8915275465977,144.25107634052145,2.1591190623616003
2008Q2,estatais_total,8.4859000000000009,,22.048252516719554,25.1025501590905,158.18384648948086,2.1991621318881434,media 2003 = 100,,25.1025501590905,158.18384648948086,2.1991621318881434
2008Q3,estatais_total,10.2054,,26.107106494428614,26.9435849854941,169.78513673752178,2.2298996687382573,media 2003 = 100,,26.9435849854941,169.78513673752178,2.2298996687382573
2008Q4,estatais_total,17.0539,,43.1718105473189,32.7009912922122,206.0654616299176,2.314005206332725,media 2003 = 100,,32.7009912922122,206.0654616299176,2.314005206332725
2009Q1,estatais_total,10.9311,,27.337138072381812,32.8870563640913,207.23795161920734,2.316469290983972,media 2003 = 100,,32.8870563640913,207.23795161920734,2.316469290983972
2009Q2,estatais_total,13.1455,,32.474016894615986,36.7060120135448,231.30311991385264,2.364181490756923,media 2003 = 100,,36.7060120135448,231.30311991385264,2.364181490756923
2009Q3,estatais_total,15.3761,,37.676083690462995,38.9322979015603,245.33207167053345,2.3897543261887564,media 2003 = 100,,38.9322979015603,245.33207167053345,2.3897543261887564
2009Q4,estatais_total,21.2132,,51.52042941876632,39.3064297551663,247.6896654338191,2.3939078865265015,media 2003 = 100,,39.3064297551663,247.6896654338191,2.3939078865265015
2010Q1,estatais_total,15.0879,,35.98247817382371,43.1488676033432,271.9028069222059,2.4344136909436345,media 2003 = 100,,43.1488676033432,271.9028069222059,2.4344136909436345
2010Q2,estatais_total,16.1633,,37.989219941948534,42.5482139202732,268.1177847075734,2.428325622428196,media 2003 = 100,,42.5482139202732,268.1177847075734,2.428325622428196
2010Q3,estatais_total,17.7249,,41.52251069393791,43.149915175687,271.9094082046162,2.434424234658706,media 2003 = 100,,43.149915175687,271.9094082046162,2.434424234658706
2010Q4,estatais_total,23.8117,,54.774488897408176,41.8161391965291,263.5046121420111,2.420788221105664,media 2003 = 100,,41.8161391965291,263.5046121420111,2.420788221105664
2011Q1,estatais_total,14.6568,,32.94388986490105,39.6051473184377,249.57203566603727,2.3971959214097875,media 2003 = 100,,39.6051473184377,249.57203566603727,2.3971959214097875
2011Q2,estatais_total,15.4415,,34.04827537183779,37.8210563681326,238.32957754055735,2.377177943167027,media 2003 = 100,,37.8210563681326,238.32957754055735,2.377177943167027
2011Q3,estatais_total,17.266,,37.75324896458021,39.4198770630504,248.40455421688102,2.3951595538762405,media 2003 = 100,,39.4198770630504,248.40455421688102,2.3951595538762405
2011Q4,estatais_total,23.7829,,51.2713054044759,39.1430732867083,246.66027382357004,2.3920992092851296,media 2003 = 100,,39.1430732867083,246.66027382357004,2.3920992092851296
2012Q1,estatais_total,17.3941,,36.96492715668883,44.5178771227082,280.52962731620676,2.447978734756045,media 2003 = 100,,44.5178771227082,280.52962731620676,2.447978734756045
2012Q2,estatais_total,19.8805,,41.74763308013231,46.234157839992,291.3447789161474,2.4644072396624,media 2003 = 100,,46.234157839992,291.3447789161474,2.4644072396624
2012Q3,estatais_total,19.8647,,41.27253982860551,42.9136982648302,270.4208861489533,2.4320402316073837,media 2003 = 100,,42.9136982648302,270.4208861489533,2.4320402316073837
2012Q4,estatais_total,29.8694,,60.97310132604957,46.8789255415375,295.407785840793,2.4704219374997396,media 2003 = 100,,46.8789255415375,295.407785840793,2.4704219374997396
2013Q1,estatais_total,19.1073,,38.18035085416799,45.8102533778205,288.67354280884456,2.460406982222759,media 2003 = 100,,45.8102533778205,288.67354280884456,2.460406982222759
2013Q2,estatais_total,22.8244,,44.97713665739191,49.6729731995368,313.0144912558283,2.4955644440217175,media 2003 = 100,,49.6729731995368,313.0144912558283,2.4955644440217175
2013Q3,estatais_total,24.7317,,48.442889278257624,50.164158022202,316.1096948942642,2.499837815594452,media 2003 = 100,,50.164158022202,316.1096948942642,2.499837815594452
2013Q4,estatais_total,35.6476,,68.75238183322101,53.2960728881371,335.84547222491085,2.5261394976369695,media 2003 = 100,,53.2960728881371,335.84547222491085,2.5261394976369695
2014Q1,estatais_total,20.0714,,37.90563191215106,45.2485746724451,285.1341216128137,2.4550491918497923,media 2003 = 100,,45.2485746724451,285.1341216128137,2.4550491918497923
2014Q2,estatais_total,21.3581,,39.55867123536261,43.5650969989118,274.5256785585838,2.4385829736848716,media 2003 = 100,,43.5650969989118,274.5256785585838,2.4385829736848716
2014Q3,estatais_total,21.0314,,38.64897867359418,39.8307509262887,250.99367793925674,2.399662782554052,media 2003 = 100,,39.8307509262887,250.99367793925674,2.399662782554052
2014Q4,estatais_total,26.025,,47.12291051729339,36.8855449986906,232.434447925633,2.3663004930614413,media 2003 = 100,,36.8855449986906,232.434447925633,2.3663004930614413
2015Q1,estatais_total,17.2394,,30.241205776473553,35.8413408072421,225.85438994439457,2.3538285363855587,media 2003 = 100,,35.8413408072421,225.85438994439457,2.3538285363855587
2015Q2,estatais_total,16.315,,27.847107245771895,30.5943892760078,192.790698395353,2.285086076594717,media 2003 = 100,,30.5943892760078,192.790698395353,2.285086076594717
2015Q3,estatais_total,17.7696,,29.814741592219153,30.6794644155577,193.3267998164972,2.2862920620247134,media 2003 = 100,,30.6794644155577,193.3267998164972,2.2862920620247134
2015Q4,estatais_total,19.9557,,32.740995833124174,25.7762042808839,162.42888133707316,2.210663253292622,media 2003 = 100,,25.7762042808839,162.42888133707316,2.210663253292622
2016Q1,estatais_total,13.0272,,20.747520531184488,24.4764476371517,154.23845828830724,2.1881926755303116,media 2003 = 100,,24.4764476371517,154.23845828830724,2.1881926755303116
2016Q2,estatais_total,12.0678,,18.871618798524988,20.6779726303728,130.3023488668168,2.1149522444977182,media 2003 = 100,,20.6779726303728,130.3023488668168,2.1149522444977182
2016Q3,estatais_total,11.5622,,17.842243295188656,18.4623284716806,116.34045602116257,2.06573076177528,media 2003 = 100,,18.4623284716806,116.34045602116257,2.06573076177528
2016Q4,estatais_total,13.2845,,20.361292593644688,15.9739070545811,100.65965590528042,2.0028554414724717,media 2003 = 100,,15.9739070545811,100.65965590528042,2.0028554414724717
2017Q1,estatais_total,9.8902,,15.016705915705995,17.7287490340642,111.7178014935416,2.048122380585913,media 2003 = 100,,17.7287490340642,111.7178014935416,2.048122380585913
2017Q2,estatais_total,11.3263,,17.103628428530975,18.7120746315492,117.91423270773898,2.071566229296717,media 2003 = 100,,18.7120746315492,117.91423270773898,2.071566229296717
2017Q3,estatais_total,9.518,,14.319978006658452,15.0194039426379,94.64484972915662,1.9760969860223252,media 2003 = 100,,15.0194039426379,94.64484972915662,1.9760969860223252
2017Q4,estatais_total,14.1474,,21.08962327685876,16.2909670081437,102.65761080247024,2.0113911525082457,media 2003 = 100,,16.2909670081437,102.65761080247024,2.0113911525082457
2018Q1,estatais_total,8.7636,,12.944556582379416,15.4533034647027,97.37906975680994,1.988465621499525,media 2003 = 100,,15.4533034647027,97.37906975680994,1.988465621499525
2018Q2,estatais_total,16.1077,,23.538688333665068,25.7126859661234,162.02862035611037,2.2095917340789946,media 2003 = 100,,25.7126859661234,162.02862035611037,2.2095917340789946
2018Q3,estatais_total,28.3026,,40.78668122087822,43.4537178580907,273.8238223407049,2.4374712285352254,media 2003 = 100,,26.573464814338756,167.45282261144104,2.223892472474523
2018Q4,estatais_total,24.194,,34.64065817572554,26.2066158297163,165.14112188380295,2.217855230643144,media 2003 = 100,,26.2066158297163,165.14112188380295,2.217855230643144
2019Q1,estatais_total,6.8353,,9.700406106406271,11.7715170656609,74.17827418575997,1.8702767249170973,media 2003 = 100,,11.7715170656609,74.17827418575997,1.8702767249170973
2019Q2,estatais_total,8.5267,,11.944686866551114,13.1004465725786,82.55253017908919,1.9167303886342708,media 2003 = 100,,13.1004465725786,82.55253017908919,1.9167303886342708
2019Q3,estatais_total,15.3492,,21.437680002111787,22.8622837220646,144.06679623266817,2.158563898409056,media 2003 = 100,,22.8622837220646,144.06679623266817,2.158563898409056
2019Q4,estatais_total,25.3676,,35.136261394580465,26.3060516600649,165.7677172704761,2.21949995699592,media 2003 = 100,,26.3060516600649,165.7677172704761,2.21949995699592
2020Q1,estatais_total,16.99982751537437,,23.235303564117334,28.5763750836649,180.0741717798464,2.2554514259906147,media 2003 = 100,,28.5763750836649,180.0741717798464,2.2554514259906147
2020Q2,estatais_total,11.79987699182383,,16.184225797016968,17.8269062341866,112.33633958539262,2.0505202685363413,media 2003 = 100,,17.8269062341866,112.33633958539262,2.0505202685363413
2020Q3,estatais_total,27.793448538423526,,37.824706939351145,39.7825008664634,250.68962994380837,2.3991363692540713,media 2003 = 100,,20.37283046835783,128.3794939931989,2.108495659583229
2020Q4,estatais_total,21.39708050762056,,28.428417864063793,21.389319274942,134.784903336869,2.129641251511943,media 2003 = 100,,21.389319274942,134.784903336869,2.129641251511943
2021Q1,estatais_total,10.585783020622882,,13.74228272831632,16.9445040804968,106.77587796150829,2.0284731510871152,media 2003 = 100,,16.9445040804968,106.77587796150829,2.0284731510871152
2021Q2,estatais_total,17.78308093633535,,22.642541548596927,25.1493940874609,158.47903374047112,2.199971814609865,media 2003 = 100,,14.990444056145773,94.46235885830123,1.9752587863216982
2021Q3,estatais_total,10.777340069412364,,13.377274266160525,13.6784776524284,86.19499594538098,1.935482053569602,media 2003 = 100,,13.6784776524284,86.19499594538098,1.935482053569602
2021Q4,estatais_total,14.351521079803016,,17.257580869913074,13.2246083523048,83.33493626052702,1.920827107581255,media 2003 = 100,,13.2246083523048,83.33493626052702,1.920827107581255
2022Q1,estatais_total,9.119566853103574,,10.690344544886164,13.1369807810913,82.78275067837559,1.9179398529006053,media 2003 = 100,,13.1369807810913,82.78275067837559,1.9179398529006053
2022Q2,estatais_total,10.739568256975002,,12.21837842336298,13.648111030085,86.00364052146071,1.9345168352542443,media 2003 = 100,,13.648111030085,86.00364052146071,1.9345168352542443
2022Q3,estatais_total,12.542102409620087,,14.32900391637084,14.1927471699202,89.43566790474694,1.9515107546453376,media 2003 = 100,,14.1927471699202,89.43566790474694,1.9515107546453376
2022Q4,estatais_total,15.409690032173865,,17.47293875416999,13.7358601664028,86.55659214673027,1.9373001493220499,media 2003 = 100,,13.7358601664028,86.55659214673027,1.9373001493220499
2023Q1,estatais_total,11.778293099002479,,13.107685104882135,15.970459034745,100.63792819088528,2.002761687475918,media 2003 = 100,,15.970459034745,100.63792819088528,2.002761687475918
2023Q2,estatais_total,15.503189223059454,,16.998999121526246,19.1065281177185,120.39988334116076,2.08062606612185,media 2003 = 100,,19.1065281177185,120.39988334116076,2.08062606612185
2023Q3,estatais_total,16.030878188933155,,17.51040502665456,16.8505240689114,106.18366244430034,2.026057700774575,media 2003 = 100,,16.8505240689114,106.18366244430034,2.026057700774575
2023Q4,estatais_total,18.786452850465786,,20.344100328650683,16.3810234567724,103.22510196790913,2.013785320552101,media 2003 = 100,,16.3810234567724,103.22510196790913,2.013785320552101
2024Q1,estatais_total,14.435158664485748,,15.40094586963906,18.6307172995401,117.40155906957236,2.0696738642950394,media 2003 = 100,,18.6307172995401,117.40155906957236,2.0696738642950394
2024Q2,estatais_total,17.537657189513272,,18.4995277993609,20.8329698343757,131.279064529923,2.118195473354757,media 2003 = 100,,20.8329698343757,131.279064529923,2.118195473354757
2024Q3,estatais_total,25.31139389798904,,26.485569632934734,25.0537367935324,157.87624882011494,2.198316798898556,media 2003 = 100,,25.0537367935324,157.87624882011494,2.198316798898556
2024Q4,estatais_total,32.20307505543368,,33.269267949989455,27.2072974267882,171.4469220169718,2.234129692641142,media 2003 = 100,,27.2072974267882,171.4469220169718,2.234129692641142
2025Q1,estatais_total,22.64178267165868,,22.999069512187504,27.6586035956939,174.29083011752317,2.2412745383772315,media 2003 = 100,,27.6586035956939,174.29083011752317,2.2412745383772315
2025Q2,estatais_total,23.704696359089397,,23.72373598087743,26.7820139029664,168.76699574572118,2.2272875194995594,media 2003 = 100,,26.7820139029664,168.76699574572118,2.2272875194995594
2025Q3,estatais_total,29.454012775355764,,29.303598714726785,27.5379998948571,173.53084528816024,2.2393766822842363,media 2003 = 100,,27.5379998948571,173.53084528816024,2.2393766822842363
2025Q4,estatais_total,32.01933286438986,,31.664549337420805,26.001940300898,163.85135800620654,2.2144500451822813,media 2003 = 100,,26.001940300898,163.85135800620654,2.2144500451822813
2016Q1,estatais_petro,13.2677,,21.13054824917069,27.5597222630946,140.9187263362114,2.1489687092490932,media 2016 = 100,,27.5597222630946,140.9187263362114,2.1489687092490932
2016Q2,estatais_petro,11.6914,,18.28300469191361,20.473777986837,104.68678492667323,2.0198918622361215,media 2016 = 100,,20.473777986837,104.68678492667323,2.0198918622361215
2016Q3,estatais_petro,10.4264,,16.089530149362144,15.7051981859828,80.30402135765084,1.9047372938429215,media 2016 = 100,,15.7051981859828,80.30402135765084,1.9047372938429215
2016Q4,estatais_petro,12.41,,19.020937264265164,14.4900025455042,74.09046737946454,1.869762334419098,media 2016 = 100,,14.4900025455042,74.09046737946454,1.869762334419098
2017Q1,estatais_petro,9.9315,,15.079413439751884,19.5116251499661,99.76709266641475,1.9989873165369496,media 2016 = 100,,19.5116251499661,99.76709266641475,1.9989873165369496
2017Q2,estatais_petro,10.5922,,15.995078096173136,17.9975991463373,92.02555543194926,1.9639084473662205,media 2016 = 100,,17.9975991463373,92.02555543194926,1.9639084473662205
2017Q3,estatais_petro,9.1488,,13.764510904319904,13.4132523291262,68.58481432441123,1.8362279672347566,media 2016 = 100,,13.4132523291262,68.58481432441123,1.8362279672347566
2017Q4,estatais_petro,13.6832,,20.397637249382484,15.6066400609926,79.80007268534136,1.9020032869250187,media 2016 = 100,,15.6066400609926,79.80007268534136,1.9020032869250187
2018Q1,estatais_petro,8.6615,,12.79374650124142,16.4008537201984,83.86105618240568,1.923560327794501,media 2016 = 100,,16.4008537201984,83.86105618240568,1.923560327794501
2018Q2,estatais_petro,16.2918,,23.807719450598437,26.7745578647962,136.9040136364063,2.1364161805999653,media 2016 = 100,,26.7745578647962,136.9040136364063,2.1364161805999653
2018Q3,estatais_petro,28.6906,,41.34582533886387,40.210793762546,205.6063478395078,2.3130365188305966,media 2016 = 100,,25.770801188912287,131.7715920914169,2.1198217932039682
2018Q4,estatais_petro,23.322599999999998,,33.392998857947276,25.8115666683462,131.98003466516533,2.120508238095569,media 2016 = 100,,25.8115666683462,131.98003466516533,2.120508238095569
2019Q1,estatais_petro,6.9215,,9.822737972801633,12.4269387901997,63.541583251658125,1.8030580318460572,media 2016 = 100,,12.4269387901997,63.541583251658125,1.8030580318460572
2019Q2,estatais_petro,7.1017,,9.948465727677302,11.1804186308086,57.16786034048678,1.7571519378901654,media 2016 = 100,,11.1804186308086,57.16786034048678,1.7571519378901654
2019Q3,estatais_petro,13.398399999999999,,18.713067243914637,18.1591568929393,92.85163457975652,1.967789553554743,media 2016 = 100,,18.1591568929393,92.85163457975652,1.967789553554743
2019Q4,estatais_petro,16.7223,,23.16179315026226,18.0646278421678,92.36828742156223,1.9655228915468588,media 2016 = 100,,18.0646278421678,92.36828742156223,1.9655228915468588
2020Q1,estatais_petro,17.5963,,24.05056002688943,30.09578591271,153.88615960711684,2.187199561504306,media 2016 = 100,,30.09578591271,153.88615960711684,2.187199561504306
2020Q2,estatais_petro,11.3825,,15.611768687265988,17.5747424674135,89.86339922268667,1.9535828424312136,media 2016 = 100,,17.5747424674135,89.86339922268667,1.9535828424312136
2020Q3,estatais_petro,28.2155,,38.39908592745639,37.2135109713933,190.28060292210398,2.2793945188532243,media 2016 = 100,,18.43735740283274,94.2741330050315,1.974392547093441
2020Q4,estatais_petro,18.7753,,24.94508882803247,19.5001447234615,99.70839080195543,1.9987317072148938,media 2016 = 100,,19.5001447234615,99.70839080195543,1.9987317072148938
2021Q1,estatais_petro,10.3618,,13.451511796232657,16.7567079304031,85.68061450685862,1.9328825726228276,media 2016 = 100,,16.7567079304031,85.68061450685862,1.9328825726228276
2021Q2,estatais_petro,16.245,,20.68415977938845,23.4173465548091,119.73787758726222,2.0782315557947206,media 2016 = 100,,14.046567604829338,71.82309013754822,1.8562640864043005
2021Q3,estatais_petro,9.7375,,12.086582341076728,11.6632249764524,59.6365519566673,1.7755125256347148,media 2016 = 100,,11.6632249764524,59.6365519566673,1.7755125256347148
2021Q4,estatais_petro,11.5167,,13.848732862485953,10.856304702716,55.510596834758445,1.7443758967724796,media 2016 = 100,,10.856304702716,55.510596834758445,1.7443758967724796
2022Q1,estatais_petro,8.3341,,9.769586857210783,12.0758871170438,61.746581321411156,1.7906129173268888,media 2016 = 100,,12.0758871170438,61.746581321411156,1.7906129173268888
2022Q2,estatais_petro,9.5827,,10.902212464781114,12.4521708589138,63.6706001899304,1.8039389437533708,media 2016 = 100,,12.4521708589138,63.6706001899304,1.8039389437533708
2022Q3,estatais_petro,11.2436,,12.84550095130242,12.3080261884654,62.93355780707075,1.798882284302742,media 2016 = 100,,12.3080261884654,62.93355780707075,1.798882284302742
2022Q4,estatais_petro,13.2118,,14.98076676106748,11.8500120784756,60.5916341691027,1.7824126656678978,media 2016 = 100,,11.8500120784756,60.5916341691027,1.7824126656678978
2023Q1,estatais_petro,11.5891,,12.897138165279205,15.7145307353996,80.35174066935981,1.904995289374528,media 2016 = 100,,15.7145307353996,80.35174066935981,1.904995289374528
2023Q2,estatais_petro,13.8718,,15.210206920731427,17.4112680078139,89.02751951332817,1.949524273222473,media 2016 = 100,,17.4112680078139,89.02751951332817,1.949524273222473
2023Q3,estatais_petro,15.0347,,16.42228724786807,15.7374177649897,80.46876692342242,1.9056273463939806,media 2016 = 100,,15.7374177649897,80.46876692342242,1.9056273463939806
2023Q4,estatais_petro,16.2049,,17.548502319189947,14.0192647243925,71.6834846981414,1.8554191092152958,media 2016 = 100,,14.0192647243925,71.6834846981414,1.8554191092152958
2024Q1,estatais_petro,13.9203,,14.851640482247106,17.8178958532072,91.10669424225478,1.9595502887804668,media 2016 = 100,,17.8178958532072,91.10669424225478,1.9595502887804668
2024Q2,estatais_petro,16.5865,,17.49620342833349,19.9467182020835,101.99181605646947,2.008565324858879,media 2016 = 100,,19.9467182020835,101.99181605646947,2.008565324858879
2024Q3,estatais_petro,23.2447,,24.323003423987277,23.4008763164352,119.6536617525761,2.077925993836243,media 2016 = 100,,23.4008763164352,119.6536617525761,2.077925993836243
2024Q4,estatais_petro,31.7343,,32.784972493712445,26.4029110920533,135.00370457806628,2.1303456859449135,media 2016 = 100,,26.4029110920533,135.00370457806628,2.1303456859449135
2025Q1,estatais_petro,22.0023,,22.3494958178102,26.5821819935887,135.92035485749753,2.133284499707751,media 2016 = 100,,26.5821819935887,135.92035485749753,2.133284499707751
2025Q2,estatais_petro,22.693,,22.711227026859603,25.7012300919881,131.41586026383246,2.1186477823424656,media 2016 = 100,,25.7012300919881,131.41586026383246,2.1186477823424656
2025Q3,estatais_petro,27.6393,,27.498153210336724,26.562370743134,135.81905571686931,2.1329607067051737,media 2016 = 100,,26.562370743134,135.81905571686931,2.1329607067051737
2025Q4,estatais_petro,31.0264,,30.68261845814924,24.7875628430577,126.74408513543082,2.102927700920698,media 2016 = 100,,24.7875628430577,126.74408513543082,2.102927700920698
2016Q1,estatais_sempetro,1.7637,,2.808923019593626,4.06452879367746,116.1987812500183,2.0652015729840225,media 2016 = 100,,4.06452879367746,116.1987812500183,2.0652015729840225
2016Q2,estatais_sempetro,2.3162000000000003,,3.622072246900312,3.69711719482466,105.69503477140401,2.0240545859637207,media 2016 = 100,,3.69711719482466,105.69503477140401,2.0240545859637207
2016Q3,estatais_sempetro,1.8803,,2.9015905336305576,3.36142502803684,96.09809927506812,1.982714797840106,media 2016 = 100,,3.36142502803684,96.09809927506812,1.982714797840106
2016Q4,estatais_sempetro,2.7494,,4.214034239675314,2.86856899879664,82.00808470350957,1.9138566690793841,media 2016 = 100,,2.86856899879664,82.00808470350957,1.9138566690793841
2017Q1,estatais_sempetro,1.2609000000000001,,1.9144774108828628,2.74272408487402,78.41036738703527,1.89437348872154,media 2016 = 100,,2.74272408487402,78.41036738703527,1.89437348872154
2017Q2,estatais_sempetro,1.81,,2.73324629010719,2.85608307652743,81.65113091523246,1.9119622043432758,media 2016 = 100,,2.85608307652743,81.65113091523246,1.9119622043432758
2017Q3,estatais_sempetro,1.5276,,2.298297793966322,2.70081148417091,77.21214900356709,1.8876856401037498,media 2016 = 100,,2.70081148417091,77.21214900356709,1.8876856401037498
2017Q4,estatais_sempetro,2.4417999999999997,,3.640007500843527,2.39349311171994,68.42637772545723,1.8352235504378793,media 2016 = 100,,2.39349311171994,68.42637772545723,1.8352235504378793
2018Q1,estatais_sempetro,1.2007,,1.7735324625111788,2.55404784940536,73.01639683713944,1.8634203978775092,media 2016 = 100,,2.55404784940536,73.01639683713944,1.8634203978775092
2018Q2,estatais_sempetro,1.6866,,2.4646815959795316,2.72579550374776,77.92640464620702,1.891684639304331,media 2016 = 100,,2.72579550374776,77.92640464620702,1.891684639304331
2018Q3,estatais_sempetro,2.05,,2.9542408295633735,3.55865830935923,101.73670292999952,2.0074776589636096,media 2016 = 100,,2.556513134547982,73.08687564133737,1.8638393968172218
2018Q4,estatais_sempetro,2.8977,,4.148889608820364,2.54691262243121,72.81241140108393,1.862205414252293,media 2016 = 100,,2.54691262243121,72.81241140108393,1.862205414252293
2019Q1,estatais_sempetro,1.2205,,1.7320886651454732,2.61278812576912,74.69569322553644,1.8732955621593759,media 2016 = 100,,2.61278812576912,74.69569322553644,1.8732955621593759
2019Q2,estatais_sempetro,1.2896999999999998,,1.8066851949512674,2.1558843063421,61.63349840273573,1.7898168195866375,media 2016 = 100,,2.1558843063421,61.63349840273573,1.7898168195866375
2019Q3,estatais_sempetro,1.3232,,1.8480662300832822,2.23240171204435,63.82101625249123,1.8049637153907916,media 2016 = 100,,2.23240171204435,63.82101625249123,1.8049637153907916
2019Q4,estatais_sempetro,3.5808,,4.959709424687937,2.86589760736801,81.93171362976263,1.9134520383717486,media 2016 = 100,,2.86589760736801,81.93171362976263,1.9134520383717486
2020Q1,estatais_sempetro,0.6764,,0.9245011054703551,1.50396973941435,42.99623883307225,1.633430466614826,media 2016 = 100,,1.50396973941435,42.99623883307225,1.633430466614826
2020Q2,estatais_sempetro,1.3009,,1.7842609167814032,2.24572179532272,64.20181745274427,1.8075473224384138,media 2016 = 100,,2.24572179532272,64.20181745274427,1.8075473224384138
2020Q3,estatais_sempetro,1.659,,2.257769082725812,2.65880397935453,76.01121745386062,1.8808776885810923,media 2016 = 100,,2.4757966468241643,70.77931233538187,1.849906338883584
2020Q4,estatais_sempetro,4.2238999999999995,,5.61192421429891,3.15309713714274,90.14231737485451,1.954928718702511,media 2016 = 100,,3.15309713714274,90.14231737485451,1.954928718702511
2021Q1,estatais_sempetro,1.0166,,1.3197327580198535,2.3297774991987,66.6048439395278,1.8235058150518098,media 2016 = 100,,2.3297774991987,66.6048439395278,1.8235058150518098
2021Q2,estatais_sempetro,2.8695999999999997,,3.6537559189247824,4.60118503165183,131.54097808716293,2.119061066778813,media 2016 = 100,,2.582051874996602,73.81698992159697,1.8681563317415995
2021Q3,estatais_sempetro,1.8468,,2.292323519127137,2.55416388096224,73.01971400529851,1.8634401276254322,media 2016 = 100,,2.55416388096224,73.01971400529851,1.8634401276254322
2021Q4,estatais_sempetro,3.9094,,4.701019932150928,2.70717976435019,77.39420858120916,1.88870846358565,media 2016 = 100,,2.70717976435019,77.39420858120916,1.88870846358565
2022Q1,estatais_sempetro,1.4683,,1.7212037751457978,3.10549854991741,88.78154516593094,1.9483226992745901,media 2016 = 100,,3.10549854991741,88.78154516593094,1.9483226992745901
2022Q2,estatais_sempetro,1.961,,2.2310245174570595,2.76887013792379,79.1578438235677,1.8984939559704384,media 2016 = 100,,2.76887013792379,79.1578438235677,1.8984939559704384
2022Q3,estatais_sempetro,2.2376,,2.5563958988788547,2.61488174087791,74.75554654098755,1.8736434209801438,media 2016 = 100,,2.61488174087791,74.75554654098755,1.8736434209801438
2022Q4,estatais_sempetro,3.3517,,3.800468971152294,2.32817942416836,66.559157371589,1.8232078152179798,media 2016 = 100,,2.32817942416836,66.559157371589,1.8232078152179798
2023Q1,estatais_sempetro,1.0711,,1.1919928802780677,2.10875926437763,60.28626414248266,1.780218372062818,media 2016 = 100,,2.10875926437763,60.28626414248266,1.780218372062818
2023Q2,estatais_sempetro,2.7922000000000002,,3.0616026589243135,3.71663189103363,106.2529306631674,2.026340917576834,media 2016 = 100,,3.71663189103363,106.2529306631674,2.026340917576834
2023Q3,estatais_sempetro,2.1965,,2.3992200669080335,2.23852783281286,63.99615285582853,1.8061538670510149,media 2016 = 100,,2.23852783281286,63.99615285582853,1.8061538670510149
2023Q4,estatais_sempetro,3.9881999999999995,,4.318874966793584,2.90057500159411,82.92308831316191,1.9186754681973706,media 2016 = 100,,2.90057500159411,82.92308831316191,1.9186754681973706
2024Q1,estatais_sempetro,1.5957,,1.7024606306991736,2.80138627765506,80.08743148293091,1.903564365448829,media 2016 = 100,,2.80138627765506,80.08743148293091,1.903564365448829
2024Q2,estatais_sempetro,2.2643,,2.3884878318376708,2.91467461864994,83.32617521477962,1.920781447573427,media 2016 = 100,,2.91467461864994,83.32617521477962,1.920781447573427
2024Q3,estatais_sempetro,3.9619,,4.145689437398426,3.50085827363,100.08428661094393,2.0003658979204872,media 2016 = 100,,3.50085827363,100.08428661094393,2.0003658979204872
2024Q4,estatais_sempetro,2.88,,2.9753522460521213,2.22343492936553,63.564669386248475,1.8032157924717265,media 2016 = 100,,2.22343492936553,63.564669386248475,1.8032157924717265
2025Q1,estatais_sempetro,2.3348,,2.371643093468558,3.64541287594965,104.21688585338327,2.0179380916968146,media 2016 = 100,,3.64541287594965,104.21688585338327,2.0179380916968146
2025Q2,estatais_sempetro,2.7866,,2.788838198257038,3.37701244238447,96.54372006950095,1.9847240292509507,media 2016 = 100,,3.37701244238447,96.54372006950095,1.9847240292509507
2025Q3,estatais_sempetro,4.0201,,3.9995703842309567,3.19232348744915,91.26373988896768,1.9602982617176183,media 2016 = 100,,3.19232348744915,91.26373988896768,1.9602982617176183
2025Q4,estatais_sempetro,3.3904,,3.352833381265928,2.71750888231115,77.68950256960905,1.8903623407560721,media 2016 = 100,,2.71750888231115,77.68950256960905,1.8903623407560721
2016Q1,estatais_econ,1.2279,,1.955591413369061,2.82346077516386,130.68786203232685,2.116235253248684,media 2016 = 100,,2.82346077516386,130.68786203232685,2.116235253248684
2016Q2,estatais_econ,1.4209,,2.222002614463627,2.43615910787356,112.76105840715962,2.0521591436294315,media 2016 = 100,,2.43615910787356,112.76105840715962,2.0521591436294315
2016Q3,estatais_econ,1.1691,,1.8041001398008216,1.88492983494733,87.24663447676798,1.9407486831228045,media 2016 = 100,,1.88492983494733,87.24663447676798,1.9407486831228045
2016Q4,estatais_econ,1.4147999999999998,,2.1684788107560315,1.49729576408596,69.30444508374555,1.8407610905054872,media 2016 = 100,,1.49729576408596,69.30444508374555,1.8407610905054872
2017Q1,estatais_econ,0.7439,,1.129494603819305,1.64662896222928,76.21654266536244,1.8820492444176464,media 2016 = 100,,1.64662896222928,76.21654266536244,1.8820492444176464
2017Q2,estatais_econ,0.9105000000000001,,1.374928589581545,1.52977004544211,70.80756297325303,1.8500796472679064,media 2016 = 100,,1.52977004544211,70.80756297325303,1.8500796472679064
2017Q3,estatais_econ,0.9433,,1.4192094193823197,1.51006239204214,69.89536645500435,1.8444483861931371,media 2016 = 100,,1.51006239204214,69.89536645500435,1.8444483861931371
2017Q4,estatais_econ,1.3458999999999999,,2.006342081818864,1.32636027763428,61.39245513639825,1.7881150015325962,media 2016 = 100,,1.32636027763428,61.39245513639825,1.7881150015325962
2018Q1,estatais_econ,0.6113999999999999,,0.9030879883229237,1.37709446429975,63.740758482979885,1.804417227054452,media 2016 = 100,,1.37709446429975,63.740758482979885,1.804417227054452
2018Q2,estatais_econ,0.9394,,1.3727747487627011,1.57539097963447,72.91919222128854,1.8628418490150274,media 2016 = 100,,1.57539097963447,72.91919222128854,1.8628418490150274
2018Q3,estatais_econ,1.0529,,1.5173269119255006,1.65764866031592,76.72660492507318,1.884945981532837,media 2016 = 100,,1.4658003871890348,67.8466371670329,1.8315283266310605
2018Q4,estatais_econ,1.6083,,2.302743264611862,1.42721089972257,66.06046834249065,1.819941648341746,media 2016 = 100,,1.42721089972257,66.06046834249065,1.819941648341746
2019Q1,estatais_econ,0.6031,,0.8558973158125645,1.40853540384049,65.1960466899246,1.8142212620999565,media 2016 = 100,,1.40853540384049,65.1960466899246,1.8142212620999565
2019Q2,estatais_econ,0.7113999999999999,,0.9965696268033897,1.19112785661341,55.13303190086656,1.741411876056451,media 2016 = 100,,1.19112785661341,55.13303190086656,1.741411876056451
2019Q3,estatais_econ,0.7090000000000001,,0.990235003876245,1.08935961083915,50.42254518895303,1.7026247638636214,media 2016 = 100,,1.08935961083915,50.42254518895303,1.7026247638636214
2019Q4,estatais_econ,1.5108,,2.092585176166928,1.2341422554873,57.12401398741889,1.7568187168237488,media 2016 = 100,,1.2341422554873,57.12401398741889,1.7568187168237488
2020Q1,estatais_econ,0.3691,,0.5044845624321527,0.915452517010354,42.37301020526918,1.6270893176498082,media 2016 = 100,,0.915452517010354,42.37301020526918,1.6270893176498082
2020Q2,estatais_econ,0.5233,,0.7177367497514862,0.858922779694153,39.756451627197706,1.5994076154763648,media 2016 = 100,,0.858922779694153,39.756451627197706,1.5994076154763648
2020Q3,estatais_econ,0.7797,,1.0611106412304494,1.15100609012028,53.27593938161841,1.726531116099173,media 2016 = 100,,1.1518899890900742,53.31685189141173,1.7268644984584183
2020Q4,estatais_econ,1.9489999999999998,,2.5894647822317234,1.52140471543784,70.4203618819294,1.8476982525279912,media 2016 = 100,,1.52140471543784,70.4203618819294,1.8476982525279912
2021Q1,estatais_econ,0.48850000000000005,,0.6341623571637798,1.22561076099512,56.72912173854078,1.753806060013531,media 2016 = 100,,1.22561076099512,56.72912173854078,1.753806060013531
2021Q2,estatais_econ,1.1267,,1.4345855846991054,1.64591950419369,76.18370440010709,1.8818620862221578,media 2016 = 100,,1.3277341955360478,61.45604886320664,1.7885646351252629
2021Q3,estatais_econ,1.1181999999999999,,1.3879554684253652,1.43639472195052,66.48555450016397,1.8227272951924423,media 2016 = 100,,1.43639472195052,66.48555450016397,1.8227272951924423
2021Q4,estatais_econ,1.8504,,2.2250901116417037,1.38145570965028,63.94262487180056,1.8057904602738033,media 2016 = 100,,1.38145570965028,63.94262487180056,1.8057904602738033
2022Q1,estatais_econ,0.5756,,0.6747428270611736,1.30151922081918,60.24265180484654,1.7799040807036695,media 2016 = 100,,1.30151922081918,60.24265180484654,1.7799040807036695
2022Q2,estatais_econ,0.9068,,1.031663963503346,1.10303197269603,51.05538973056147,1.708041595721387,media 2016 = 100,,1.10303197269603,51.05538973056147,1.708041595721387
2022Q3,estatais_econ,0.5004,,0.5716931121733012,0.561296163716953,25.98038416129877,1.4146455685191,media 2016 = 100,,0.561296163716953,25.98038416129877,1.4146455685191
2022Q4,estatais_econ,0.7067,,0.8013221415739255,0.544042204997733,25.18176036016662,1.401086086692565,media 2016 = 100,,0.544042204997733,25.18176036016662,1.401086086692565
2023Q1,estatais_econ,0.23629999999999998,,0.26297070078396734,0.488981280403092,22.633187849404827,1.3547457279671535,media 2016 = 100,,0.488981280403092,22.633187849404827,1.3547457279671535
2023Q2,estatais_econ,0.4082,,0.44758477378873457,0.448181801572322,20.744726459280834,1.3169077125798803,media 2016 = 100,,0.448181801572322,20.744726459280834,1.3169077125798803
2023Q3,estatais_econ,0.48100000000000004,,0.5253926028603525,0.477920896020139,22.121242367116345,1.344809514044583,media 2016 = 100,,0.477920896020139,22.121242367116345,1.344809514044583
2023Q4,estatais_econ,0.5472,,0.5925701774809311,0.45515434906553,21.06746064876265,1.323612191389234,media 2016 = 100,,0.45515434906553,21.06746064876265,1.323612191389234
2024Q1,estatais_econ,0.40090000000000003,,0.4277222954485798,0.761167792249919,35.231724234325576,1.5469338979961478,media 2016 = 100,,0.761167792249919,35.231724234325576,1.5469338979961478
2024Q2,estatais_econ,0.4814,,0.5078028716365564,0.477905602888827,22.120534502975815,1.3447956167053736,media 2016 = 100,,0.477905602888827,22.120534502975815,1.3447956167053736
2024Q3,estatais_econ,0.5427,,0.5678754278694882,0.485262377902314,22.461053204854952,1.351430116588521,media 2016 = 100,,0.485262377902314,22.461053204854952,1.351430116588521
2024Q4,estatais_econ,0.6548,,0.6764793926093504,0.583629198234237,27.014100145395844,1.4315905055269658,media 2016 = 100,,0.583629198234237,27.014100145395844,1.4315905055269658
2025Q1,estatais_econ,0.3928,,0.3989983754987363,0.697984623882499,32.30720222112797,1.509299350077817,media 2016 = 100,,0.697984623882499,32.30720222112797,1.509299350077817
2025Q2,estatais_econ,0.9178000000000001,,0.9185371773344971,0.822104967289718,38.05228728031966,1.5803807668455172,media 2016 = 100,,0.822104967289718,38.05228728031966,1.5803807668455172
2025Q3,estatais_econ,0.911,,0.9063477575270271,0.737912246943681,34.155308537956714,1.533458212836593,media 2016 = 100,,0.737912246943681,34.155308537956714,1.533458212836593
2025Q4,estatais_econ,0.5618,,0.5555750924950443,0.52849908217784,24.462325010291856,1.3884977319788239,media 2016 = 100,,0.52849908217784,24.462325010291856,1.3884977319788239
2016Q1,estatais_outras,0.5358,,0.8533316062245647,1.22483855760943,90.19898898261178,1.9552016696734986,media 2016 = 100,,1.22483855760943,90.19898898261178,1.9552016696734986
2016Q2,estatais_outras,0.8953,,1.4000696324366846,1.46003298139631,107.51906688849463,2.0314854866720244,media 2016 = 100,,1.46003298139631,107.51906688849463,2.0314854866720244
2016Q3,estatais_outras,0.7112,,1.097490393829736,1.47783470258508,108.83001292575142,2.036748680753404,media 2016 = 100,,1.47783470258508,108.83001292575142,2.036748680753404
2016Q4,estatais_outras,1.3346,,2.045555428919282,1.26901121522258,93.45193120314214,1.9705882805912762,media 2016 = 100,,1.26901121522258,93.45193120314214,1.9705882805912762
2017Q1,estatais_outras,0.517,,0.7849828070635578,1.13327554001849,83.45614800688423,1.921458335588235,media 2016 = 100,,1.13327554001849,83.45614800688423,1.921458335588235
2017Q2,estatais_outras,0.8995,,1.358317700525645,1.44442633382528,106.36976943735765,2.026818217883778,media 2016 = 100,,1.44442633382528,106.36976943735765,2.026818217883778
2017Q3,estatais_outras,0.5843,,0.8790883745840024,1.20675797965121,88.86750750538287,1.9487429995467043,media 2016 = 100,,1.20675797965121,88.86750750538287,1.9487429995467043
2017Q4,estatais_outras,1.0958999999999999,,1.6336654190246627,0.976861918132242,71.93760911896422,1.8569559997363774,media 2016 = 100,,0.976861918132242,71.93760911896422,1.8569559997363774
2018Q1,estatais_outras,0.5893,,0.8704444741882549,1.30018344379519,95.74750190028936,1.9811274518305049,media 2016 = 100,,1.30018344379519,95.74750190028936,1.9811274518305049
2018Q2,estatais_outras,0.7472,,1.0919068472168303,1.19324268995353,87.87222085395906,1.9438516027575958,media 2016 = 100,,1.19324268995353,87.87222085395906,1.9438516027575958
2018Q3,estatais_outras,0.9971,,1.4369139176378731,2.02476949041032,149.10712911773447,2.173498408459537,media 2016 = 100,,1.2833497972692756,94.50784636520267,1.9754678666219605
2018Q4,estatais_outras,1.2894,,1.8461463442085027,1.05703790293546,77.84189154460087,1.891213380669871,media 2016 = 100,,1.05703790293546,77.84189154460087,1.891213380669871
2019Q1,estatais_outras,0.6174000000000001,,0.876191349332909,1.36261387463679,100.34497452937754,2.0014956270595565,media 2016 = 100,,1.36261387463679,100.34497452937754,2.0014956270595565
2019Q2,estatais_outras,0.5783,,0.8101155681478779,0.925921589065454,68.18628519817449,1.8336970306428981,media 2016 = 100,,0.925921589065454,68.18628519817449,1.8336970306428981
2019Q3,estatais_outras,0.6142,,0.8578312262070374,1.19592598324619,88.06982268534992,1.9448271219608884,media 2016 = 100,,1.19592598324619,88.06982268534992,1.9448271219608884
2019Q4,estatais_outras,2.07,,2.867124248521009,1.59024617526706,117.10816609374982,2.068587180006615,media 2016 = 100,,1.59024617526706,117.10816609374982,2.068587180006615
2020Q1,estatais_outras,0.3073,,0.42001654303820246,0.685563765959697,50.485966651284066,1.7031706760815113,media 2016 = 100,,0.685563765959697,50.485966651284066,1.7031706760815113
2020Q2,estatais_outras,0.7776,,1.066524167029917,1.26948604489141,93.4868983878387,1.97075075144414,media 2016 = 100,,1.26948604489141,93.4868983878387,1.97075075144414
2020Q3,estatais_outras,0.8793000000000001,,1.1966584414953627,1.60893946041471,118.48476826764983,2.0736625234896797,media 2016 = 100,,1.0580239035840535,77.9145021438401,1.8916182999687186
2020Q4,estatais_outras,2.2749,,3.0224594320671874,1.64652521329341,121.25264072622578,2.083691205751328,media 2016 = 100,,1.64652521329341,121.25264072622578,2.083691205751328
2021Q1,estatais_outras,0.5281,,0.6855704008560738,1.18696721751105,87.4100854433914,1.9415615447592978,media 2016 = 100,,1.18696721751105,87.4100854433914,1.9415615447592978
2021Q2,estatais_outras,1.7429,,2.219170334225677,2.72843193644133,200.92591031360502,2.3030359446160835,media 2016 = 100,,1.5723269195791898,115.78856463580631,2.063665670265353
2021Q3,estatais_outras,0.7286,,0.9043680507017718,1.09275411074338,80.4720878382699,1.905645269189227,media 2016 = 100,,1.09275411074338,80.4720878382699,1.905645269189227
2021Q4,estatais_outras,2.059,,2.475929820509224,1.38931214433145,102.31107603645577,2.0099226522960216,media 2016 = 100,,1.38931214433145,102.31107603645577,2.0099226522960216
2022Q1,estatais_outras,0.8927,,1.0464609480846243,1.86532173032715,137.36515164185064,2.1378765699198548,media 2016 = 100,,1.86532173032715,137.36515164185064,2.1378765699198548
2022Q2,estatais_outras,1.0542,,1.1993605539537133,1.47593144874366,108.68985439530114,2.0361890069586375,media 2016 = 100,,1.47593144874366,108.68985439530114,2.0361890069586375
2022Q3,estatais_outras,1.7372,,1.9847027867055536,2.12040804890371,156.15009917306557,2.1935422643926756,media 2016 = 100,,2.12040804890371,156.15009917306557,2.1935422643926756
2022Q4,estatais_outras,2.645,,2.9991468295783683,1.80994758792929,133.28731491060458,2.1247888191327626,media 2016 = 100,,1.80994758792929,133.28731491060458,2.1247888191327626
2023Q1,estatais_outras,0.8348,,0.9290221794941005,1.592109669707,117.24539668092645,2.0690958003396323,media 2016 = 100,,1.592109669707,117.24539668092645,2.0690958003396323
2023Q2,estatais_outras,2.384,,2.6140178851355786,3.26538945576719,240.46828515877044,2.3810578063282106,media 2016 = 100,,3.26538945576719,240.46828515877044,2.3810578063282106
2023Q3,estatais_outras,1.7155,,1.873827464047681,1.73877367779293,128.04595906304803,2.1073658773432102,media 2016 = 100,,1.73877367779293,128.04595906304803,2.1073658773432102
2023Q4,estatais_outras,3.441,,3.726304789312653,2.50619030611027,184.55969597362414,2.266136866097529,media 2016 = 100,,2.50619030611027,184.55969597362414,2.266136866097529
2024Q1,estatais_outras,1.1947999999999999,,1.2747383352505939,2.0371901452686,150.02180518157869,2.1761543869343196,media 2016 = 100,,2.0371901452686,150.02180518157869,2.1761543869343196
2024Q2,estatais_outras,1.7829000000000002,,1.8806849602011144,2.36157930747954,173.91032035491745,2.2403253550918416,media 2016 = 100,,2.36157930747954,173.91032035491745,2.2403253550918416
2024Q3,estatais_outras,3.4192,,3.5778140095289372,3.04369876386023,224.14264276889412,2.350524488206003,media 2016 = 100,,3.04369876386023,224.14264276889412,2.350524488206003
2024Q4,estatais_outras,2.2252,,2.298872853442771,1.68407529744372,124.01788648496517,2.093484325819686,media 2016 = 100,,1.68407529744372,124.01788648496517,2.093484325819686
2025Q1,estatais_outras,1.942,,1.9726447179698214,2.9987077946774,220.8294388299525,2.344056968826954,media 2016 = 100,,2.9987077946774,220.8294388299525,2.344056968826954
2025Q2,estatais_outras,1.8688,,1.870301020922541,2.36942361329006,174.48798705963017,2.2417655325370203,media 2016 = 100,,2.36942361329006,174.48798705963017,2.2417655325370203
2025Q3,estatais_outras,3.1091,,3.0932226267039296,2.47301042537402,182.11627869354228,2.260348767490689,media 2016 = 100,,2.47301042537402,182.11627869354228,2.260348767490689
2025Q4,estatais_outras,2.8286000000000002,,2.797258288770884,2.18618624054902,160.99410603964512,2.206809976893257,media 2016 = 100,,2.18618624054902,160.99410603964512,2.206809976893257
2016Q1,estatais_grupopetro,13.273299999999999,,21.139466981897186,27.5758498775603,140.7339187417332,2.1483987807828298,media 2016 = 100,,27.5758498775603,140.7339187417332,2.1483987807828298
2016Q2,estatais_grupopetro,11.6969,,18.29160558879555,20.4744110133266,104.4915789949637,2.019081291945804,media 2016 = 100,,20.4744110133266,104.4915789949637,2.019081291945804
2016Q3,estatais_grupopetro,10.496099999999998,,16.19708791152459,15.7890942345848,80.57996815626035,1.9062270914271027,media 2016 = 100,,15.7890942345848,80.57996815626035,1.9062270914271027
2016Q4,estatais_grupopetro,12.4352,,19.05956156878245,14.5379120581869,74.19453410704273,1.8703719120905262,media 2016 = 100,,14.5379120581869,74.19453410704273,1.8703719120905262
2017Q1,estatais_grupopetro,9.9365,,15.087005149684801,19.524228677469,99.6423038415901,1.998443760355063,media 2016 = 100,,19.524228677469,99.6423038415901,1.998443760355063
2017Q2,estatais_grupopetro,10.594000000000001,,15.997796241655013,17.9900057644747,91.81236555400368,1.9629011771730294,media 2016 = 100,,17.9900057644747,91.81236555400368,1.9629011771730294
2017Q3,estatais_grupopetro,9.1618,,13.784069605106472,13.4173269598913,68.47560494014657,1.8355358776694388,media 2016 = 100,,13.4173269598913,68.47560494014657,1.8355358776694388
2017Q4,estatais_grupopetro,13.686499999999999,,20.402556581331368,15.62924738909,79.76418648262667,1.9018079401705577,media 2016 = 100,,15.62924738909,79.76418648262667,1.9018079401705577
2018Q1,estatais_grupopetro,8.6704,,12.80689253182054,16.4195481604483,83.79750277321087,1.923231076530344,media 2016 = 100,,16.4195481604483,83.79750277321087,1.923231076530344
2018Q2,estatais_grupopetro,16.368,,23.91907290584191,26.8817868470383,137.19175374689797,2.1373280078004124,media 2016 = 100,,26.8817868470383,137.19175374689797,2.1373280078004124
2018Q3,estatais_grupopetro,28.7014,,41.36138914420986,40.1866596718009,205.09344668847902,2.311951783661876,media 2016 = 100,,25.92763107061198,132.32220005760956,2.1216327130740744
2018Q4,estatais_grupopetro,23.4237,,33.537752538263305,25.9545347769735,132.45950367805085,2.1220831234249897,media 2016 = 100,,25.9545347769735,132.45950367805085,2.1220831234249897
2019Q1,estatais_grupopetro,7.0535000000000005,,10.010067512989428,12.6650640308966,64.6364155627882,1.8104772644672606,media 2016 = 100,,12.6650640308966,64.6364155627882,1.8104772644672606
2019Q2,estatais_grupopetro,7.1512,,10.017808146185551,11.2492734729558,57.41089924248461,1.7589943493931446,media 2016 = 100,,11.2492734729558,57.41089924248461,1.7589943493931446
2019Q3,estatais_grupopetro,13.431999999999999,,18.75999516511385,18.1886483739342,92.82614220939038,1.9676703018484627,media 2016 = 100,,18.1886483739342,92.82614220939038,1.9676703018484627
2019Q4,estatais_grupopetro,16.7361,,23.180907311919068,18.1024051843499,92.38599831214422,1.9656061561059717,media 2016 = 100,,18.1024051843499,92.38599831214422,1.9656061561059717
2020Q1,estatais_grupopetro,17.595699999999997,,24.04973994903123,30.1002849738066,153.6174253346889,2.1864404819550525,media 2016 = 100,,30.1002849738066,153.6174253346889,2.1864404819550525
2020Q2,estatais_grupopetro,11.3825,,15.611768687265988,17.5535601433654,89.58495632277037,1.952235086285545,media 2016 = 100,,17.5535601433654,89.58495632277037,1.952235086285545
2020Q3,estatais_grupopetro,28.2155,,38.39908592745639,37.1844143278691,189.77142563920333,2.2782308202016535,media 2016 = 100,,18.45232372910734,94.1718148241565,1.9739209399696909
2020Q4,estatais_grupopetro,18.7754,,24.945221689232174,19.5293818741191,99.66860328700467,1.9985583722872597,media 2016 = 100,,19.5293818741191,99.66860328700467,1.9985583722872597
2021Q1,estatais_grupopetro,10.3619,,13.451641614524808,16.7602113324382,85.53608429936504,1.9321493650919106,media 2016 = 100,,16.7602113324382,85.53608429936504,1.9321493650919106
2021Q2,estatais_grupopetro,16.2451,,20.684287105702882,23.377366834936,119.30687391871761,2.0766654664613444,media 2016 = 100,,14.016489308723454,71.53344234817028,1.8545091247626377
2021Q3,estatais_grupopetro,9.7376,,12.086706465157251,11.6546429711673,59.47971083940653,1.7743688485325766,media 2016 = 100,,11.6546429711673,59.47971083940653,1.7743688485325766
2021Q4,estatais_grupopetro,11.5168,,13.848853111627308,10.8764546135856,55.50821050241112,1.7443572265850502,media 2016 = 100,,10.8764546135856,55.50821050241112,1.7443572265850502
2022Q1,estatais_grupopetro,8.3342,,9.769704081468438,12.0782559176695,61.64162825104357,1.7898741019980982,media 2016 = 100,,12.0782559176695,61.64162825104357,1.7898741019980982
2022Q2,estatais_grupopetro,9.5828,,10.902326234516833,12.4241592665644,63.40695312813762,1.8021368846894221,media 2016 = 100,,12.4241592665644,63.40695312813762,1.8021368846894221
2022Q3,estatais_grupopetro,11.2436,,12.84550095130242,12.2994968607826,62.77073596843655,1.7977572206557622,media 2016 = 100,,12.2994968607826,62.77073596843655,1.7977572206557622
2022Q4,estatais_grupopetro,13.2117,,14.980653371773357,11.8756994468115,60.60787712326639,1.7825290724971024,media 2016 = 100,,11.8756994468115,60.60787712326639,1.7825290724971024
2023Q1,estatais_grupopetro,11.5891,,12.897138165279205,15.7164989187353,80.20947646417628,1.9042256816628393,media 2016 = 100,,15.7164989187353,80.20947646417628,1.9042256816628393
2023Q2,estatais_grupopetro,13.8718,,15.210206920731427,17.3663972640247,88.62976670687256,1.9475796061467996,media 2016 = 100,,17.3663972640247,88.62976670687256,1.9475796061467996
2023Q3,estatais_grupopetro,15.0347,,16.42228724786807,15.7255051460886,80.2554399312729,1.9044744797318944,media 2016 = 100,,15.7255051460886,80.2554399312729,1.9044744797318944
2023Q4,estatais_grupopetro,16.2049,,17.548502319189947,14.0534270578912,71.72195491307609,1.855652118541997,media 2016 = 100,,14.0534270578912,71.72195491307609,1.855652118541997
2024Q1,estatais_grupopetro,13.9203,,14.851640482247106,17.8206660455436,90.94813680494923,1.9587938063833645,media 2016 = 100,,17.8206660455436,90.94813680494923,1.9587938063833645
2024Q2,estatais_grupopetro,16.5864,,17.49609794373199,19.8909620887811,101.51393537195592,2.006525664315492,media 2016 = 100,,19.8909620887811,101.51393537195592,2.006525664315492
2024Q3,estatais_grupopetro,23.2447,,24.323003423987277,23.3802002766085,119.32133444674731,2.076718101709955,media 2016 = 100,,23.3802002766085,119.32133444674731,2.076718101709955
2024Q4,estatais_grupopetro,31.7421,,32.793030739378835,26.4802091076538,135.1422934693739,2.130791284965171,media 2016 = 100,,26.4802091076538,135.1422934693739,2.130791284965171
2025Q1,estatais_grupopetro,22.1156,,22.464583689358076,26.7250616437254,136.39190343853932,2.1347885902887107,media 2016 = 100,,26.7250616437254,136.39190343853932,2.1347885902887107
2025Q2,estatais_grupopetro,23.1586,,23.177200996969585,26.1501907591502,133.45803801948546,2.125344735953279,media 2016 = 100,,26.1501907591502,133.45803801948546,2.125344735953279
2025Q3,estatais_grupopetro,28.0332,,27.89004166444199,26.9114612402343,137.34319762475846,2.137807154421385,media 2016 = 100,,26.9114612402343,137.34319762475846,2.137807154421385
2025Q4,estatais_grupopetro,31.095599999999997,,30.75105170200943,24.9180575153899,127.16982059096458,2.1043840585929945,media 2016 = 100,,24.9180575153899,127.16982059096458,2.1043840585929945
2016Q1,estatais_semgrupopetro,1.7581,,2.8000042868671278,4.05229558914904,117.1031193363882,2.068568463753297,media 2016 = 100,,4.05229558914904,117.1031193363882,2.068568463753297
2016Q2,estatais_semgrupopetro,2.3107,,3.613471350018371,3.69904731384914,106.89496101531564,2.0289572332272794,media 2016 = 100,,3.69904731384914,106.89496101531564,2.0289572332272794
2016Q3,estatais_semgrupopetro,1.8106,,2.79403277146811,3.27803207783765,94.72847504694028,1.976480546024395,media 2016 = 100,,3.27803207783765,94.72847504694028,1.976480546024395
2016Q4,estatais_semgrupopetro,2.7242,,4.175409935158031,2.81242739680534,81.2734446013559,1.9099486667869023,media 2016 = 100,,2.81242739680534,81.2734446013559,1.9099486667869023
2017Q1,estatais_semgrupopetro,1.2559,,1.9068857009499462,2.74126361656318,79.21695576267369,1.8988181488373277,media 2016 = 100,,2.74126361656318,79.21695576267369,1.8988181488373277
2017Q2,estatais_semgrupopetro,1.8082,,2.7305281446253153,2.8647573934856,82.7856753138761,1.9179551958387526,media 2016 = 100,,2.8647573934856,82.7856753138761,1.9179551958387526
2017Q3,estatais_semgrupopetro,1.5146,,2.278739093179753,2.70773189477235,78.24795704773771,1.8934730075031305,media 2016 = 100,,2.70773189477235,78.24795704773771,1.8934730075031305
2017Q4,estatais_semgrupopetro,2.4385,,3.6350881688946437,2.36181032147913,68.25152554682303,1.8341123630997918,media 2016 = 100,,2.36181032147913,68.25152554682303,1.8341123630997918
2018Q1,estatais_semgrupopetro,1.1918,,1.7603864319320583,2.5579116947552,73.9184572924412,1.8687528944083247,media 2016 = 100,,2.5579116947552,73.9184572924412,1.8687528944083247
2018Q2,estatais_semgrupopetro,1.6104,,2.353328140736059,2.61171076877422,75.47314135890129,1.8777924266635069,media 2016 = 100,,2.61171076877422,75.47314135890129,1.8777924266635069
2018Q3,estatais_semgrupopetro,2.0392,,2.9386770242173816,3.5763294047511,103.34866246979477,2.0143048603948857,media 2016 = 100,,2.456395922130007,70.98485746618817,1.8511657146309224
2018Q4,estatais_semgrupopetro,2.7966,,4.0041359285043425,2.42926402898207,70.20080081207024,1.8463420663503103,media 2016 = 100,,2.42926402898207,70.20080081207024,1.8463420663503103
2019Q1,estatais_semgrupopetro,1.0885,,1.5447591249576795,2.36346567554547,68.29936192018475,1.8344166463486302,media 2016 = 100,,2.36346567554547,68.29936192018475,1.8344166463486302
2019Q2,estatais_semgrupopetro,1.2402,,1.7373427764430194,2.07477899651158,59.95690271847822,1.7778391897696884,media 2016 = 100,,2.07477899651158,59.95690271847822,1.7778391897696884
2019Q3,estatais_semgrupopetro,1.2896,,1.8011383088840698,2.19339643919781,63.38470610563924,1.8019844809860972,media 2016 = 100,,2.19339643919781,63.38470610563924,1.8019844809860972
2019Q4,estatais_semgrupopetro,3.567,,4.940595263031131,2.83330428654491,81.87674435004449,1.9131605655620258,media 2016 = 100,,2.83330428654491,81.87674435004449,1.9131605655620258
2020Q1,estatais_semgrupopetro,0.677,,0.9253211833285488,1.51856620738075,43.88348181689715,1.6423010781979275,media 2016 = 100,,1.51856620738075,43.88348181689715,1.6423010781979275
2020Q2,estatais_semgrupopetro,1.3009,,1.7842609167814032,2.24573335853313,64.89713686884275,1.8122255370239249,media 2016 = 100,,2.24573335853313,64.89713686884275,1.8122255370239249
2020Q3,estatais_semgrupopetro,1.659,,2.257769082725812,2.67609760008508,77.33379012570826,1.888369295453417,media 2016 = 100,,2.359196135848867,68.17598088698927,1.8336313951027365
2020Q4,estatais_semgrupopetro,4.2238,,5.611791353099207,3.14080558546037,90.76290788643973,1.9579084014791426,media 2016 = 100,,3.14080558546037,90.76290788643973,1.9579084014791426
2021Q1,estatais_semgrupopetro,1.0165,,1.3196029397277012,2.32594852893356,67.21519251541093,1.8274674468616192,media 2016 = 100,,2.32594852893356,67.21519251541093,1.8274674468616192
2021Q2,estatais_semgrupopetro,2.8695,,3.653628592610351,4.62705867563267,133.71260618795753,2.126172353707628,media 2016 = 100,,2.499360024996267,72.2264328533837,1.85869616628841
2021Q3,estatais_semgrupopetro,1.8467,,2.2921993950466124,2.55829427326857,73.92951303512362,1.868817845561034,media 2016 = 100,,2.55829427326857,73.92951303512362,1.868817845561034
2021Q4,estatais_semgrupopetro,3.9093,,4.700899683009572,2.70106208754236,78.0552131536112,1.8924019140382757,media 2016 = 100,,2.70106208754236,78.0552131536112,1.8924019140382757
2022Q1,estatais_semgrupopetro,1.4682,,1.721086550888143,3.08546221434028,89.16359676754999,1.9501875791531234,media 2016 = 100,,3.08546221434028,89.16359676754999,1.9501875791531234
2022Q2,estatais_semgrupopetro,1.9609,,2.23091074772134,2.79575618668909,80.79168045933407,1.907366641509385,media 2016 = 100,,2.79575618668909,80.79168045933407,1.907366641509385
2022Q3,estatais_semgrupopetro,2.2376,,2.5563958988788547,2.61637785518431,75.6080106853881,1.878567811534984,media 2016 = 100,,2.61637785518431,75.6080106853881,1.878567811534984
2022Q4,estatais_semgrupopetro,3.3518,,3.8005823604464175,2.31911420162852,67.01769432497066,1.8261894823001006,media 2016 = 100,,2.31911420162852,67.01769432497066,1.8261894823001006
2023Q1,estatais_semgrupopetro,1.0711,,1.1919928802780677,2.08759440311551,60.32724196344911,1.7805134707260681,media 2016 = 100,,2.08759440311551,60.32724196344911,1.7805134707260681
2023Q2,estatais_semgrupopetro,2.7922000000000002,,3.0616026589243135,3.79093710038464,109.55038937727319,2.0396139255215586,media 2016 = 100,,3.79093710038464,109.55038937727319,2.0396139255215586
2023Q3,estatais_semgrupopetro,2.1965,,2.3992200669080335,2.2418662274537,64.78538462808899,1.811477041498808,media 2016 = 100,,2.2418662274537,64.78538462808899,1.811477041498808
2023Q4,estatais_semgrupopetro,3.9881999999999995,,4.318874966793584,2.87346143084597,83.03720433077434,1.9192727190670464,media 2016 = 100,,2.87346143084597,83.03720433077434,1.9192727190670464
2024Q1,estatais_semgrupopetro,1.5957,,1.7024606306991736,2.75571620214812,79.63460615792238,1.9011018365489822,media 2016 = 100,,2.75571620214812,79.63460615792238,1.9011018365489822
2024Q2,estatais_semgrupopetro,2.2644,,2.388593316439174,3.01097350010811,87.01102408373556,1.939574280152259,media 2016 = 100,,3.01097350010811,87.01102408373556,1.939574280152259
2024Q3,estatais_semgrupopetro,3.9619,,4.145689437398426,3.52328858968422,101.81589054834161,2.0078155642374096,media 2016 = 100,,3.52328858968422,101.81589054834161,2.0078155642374096
2024Q4,estatais_semgrupopetro,2.8722,,2.96729400038573,2.17777974364318,62.93341529455655,1.798881300845414,media 2016 = 100,,2.17777974364318,62.93341529455655,1.798881300845414
2025Q1,estatais_semgrupopetro,2.2215,,2.256555221920679,3.3692606502013,97.36479566111151,1.988401956736645,media 2016 = 100,,3.3692606502013,97.36479566111151,1.988401956736645
2025Q2,estatais_semgrupopetro,2.321,,2.322864228147056,2.96263010654997,85.61399811156218,1.9325447787611547,media 2016 = 100,,2.96263010654997,85.61399811156218,1.9325447787611547
2025Q3,estatais_semgrupopetro,3.6262000000000003,,3.6076819301256924,2.90752948641588,84.02170200356124,1.9243914746700546,media 2016 = 100,,2.90752948641588,84.02170200356124,1.9243914746700546
2025Q4,estatais_semgrupopetro,3.3212,,3.2844001374057337,2.58685832766593,74.75495624311219,1.873639991614244,media 2016 = 100,,2.58685832766593,74.75495624311219,1.873639991614244
2003Q1,inf_diss,4.2846024613400004,,14.782025461693916,19.93882703873644,110.44993904413717,2.04316548052613,media 2003 = 100,,19.93882703873644,110.44993904413717,2.04316548052613
2003Q2,inf_diss,4.82983968411,,16.227526161366054,18.54861492704009,102.74894225546078,2.0117773597453708,media 2003 = 100,,18.54861492704009,102.74894225546078,2.0117773597453708
2003Q3,inf_diss,4.52143908483,,15.07203847748917,16.29655670180963,90.27380050227192,1.955561726523342,media 2003 = 100,,16.29655670180963,90.27380050227192,1.955561726523342
2003Q4,inf_diss,7.7047308260500005,,25.34677427704257,17.42546459257423,96.52731819813017,1.9846502404288646,media 2003 = 100,,17.42546459257423,96.52731819813017,1.9846502404288646
2004Q1,inf_diss,3.78997882471,,12.248410954090831,16.44007719479955,91.0688236835014,1.9593697269232278,media 2003 = 100,,16.44007719479955,91.0688236835014,1.9593697269232278
2004Q2,inf_diss,5.230997304940001,,16.66047288641317,19.16923157098493,106.1868110107448,2.026070578318337,media 2003 = 100,,19.16923157098493,106.1868110107448,2.026070578318337
2004Q3,inf_diss,6.04908628775,,18.862847537305097,20.20168781683234,111.90604059220628,2.048853530005178,media 2003 = 100,,20.20168781683234,111.90604059220628,2.048853530005178
2004Q4,inf_diss,8.94527136606,,27.442245990729145,18.90527560191412,104.72464271781725,2.020048887381835,media 2003 = 100,,18.90527560191412,104.72464271781725,2.020048887381835
2005Q1,inf_diss,4.43639560668,,13.344119009736616,17.65422411514778,97.7945178821902,1.9903145099998196,media 2003 = 100,,17.65422411514778,97.7945178821902,1.9903145099998196
2005Q2,inf_diss,5.52256488255,,16.317133862438837,18.96565823202718,105.05912868343376,2.021433794624848,media 2003 = 100,,18.96565823202718,105.05912868343376,2.021433794624848
2005Q3,inf_diss,6.10230073848,,17.91699155390945,18.923924434426958,104.82794680939122,2.020477079662009,media 2003 = 100,,18.923924434426958,104.82794680939122,2.020477079662009
2005Q4,inf_diss,11.85364652092,,34.27761890013172,24.02157577984182,133.0660813433581,2.124067367550665,media 2003 = 100,,24.02157577984182,133.0660813433581,2.124067367550665
2006Q1,inf_diss,6.084832041269999,,17.346532852979287,22.698094176901122,125.73473421411889,2.099455268089576,media 2003 = 100,,22.698094176901122,125.73473421411889,2.099455268089576
2006Q2,inf_diss,6.55182203354,,18.560847886246084,21.46290314220986,118.89246740351516,2.0751543401635484,media 2003 = 100,,21.46290314220986,118.89246740351516,2.0751543401635484
2006Q3,inf_diss,8.09957220326,,22.902814313633513,23.94592504688846,132.64701863585225,2.122697493258803,media 2003 = 100,,23.94592504688846,132.64701863585225,2.122697493258803
2006Q4,inf_diss,10.66893443493,,29.912030412820112,21.31370204062283,118.06597683094584,2.072124764646628,media 2003 = 100,,21.31370204062283,118.06597683094584,2.072124764646628
2007Q1,inf_diss,7.360429958419999,,20.374219005651234,26.284188499200333,145.59968908508378,2.1631604475815744,media 2003 = 100,,26.284188499200333,145.59968908508378,2.1631604475815744
2007Q2,inf_diss,8.73736649455,,23.96381840921041,27.5323545671006,152.51383031559428,2.1833092283214848,media 2003 = 100,,27.5323545671006,152.51383031559428,2.1833092283214848
2007Q3,inf_diss,10.17497990144,,27.65891938305339,28.59044206604447,158.37504268955544,2.1996867449543918,media 2003 = 100,,28.59044206604447,158.37504268955544,2.1996867449543918
2007Q4,inf_diss,13.614824796570002,,36.61379939071484,26.76022875657181,148.23668559982795,2.1709556960990404,media 2003 = 100,,26.76022875657181,148.23668559982795,2.1709556960990404
2008Q1,inf_diss,9.19147456408,,24.31577944436587,30.85465730565841,170.91752749632542,2.2327866016593814,media 2003 = 100,,30.85465730565841,170.91752749632542,2.2327866016593814
2008Q2,inf_diss,10.758036049570002,,27.951766507370046,31.7553613919674,175.9069238753783,2.2452829340662737,media 2003 = 100,,31.7553613919674,175.9069238753783,2.2452829340662737
2008Q3,inf_diss,13.175428047599999,,33.70493103145147,34.67060970271615,192.05576741543078,2.2834273535167497,media 2003 = 100,,34.67060970271615,192.05576741543078,2.2834273535167497
2008Q4,inf_diss,21.410582191139998,,54.20071643809897,40.48072617307602,224.24055986805908,2.350714169069502,media 2003 = 100,,40.48072617307602,224.24055986805908,2.350714169069502
2009Q1,inf_diss,13.163764566700001,,32.92071699208728,40.83858930786248,226.2229212851333,2.3545366062628528,media 2003 = 100,,40.83858930786248,226.2229212851333,2.3545366062628528
2009Q2,inf_diss,16.89160665635,,41.72822029862065,46.8937894930442,259.76534030777975,2.4145812040224732,media 2003 = 100,,46.8937894930442,259.76534030777975,2.4145812040224732
2009Q3,inf_diss,19.54918410789,,47.901398698573296,49.263174920108,272.89040907350227,2.435988272351284,media 2003 = 100,,49.263174920108,272.89040907350227,2.435988272351284
2009Q4,inf_diss,28.55220175108,,69.34463895437243,52.1908504117644,289.1080922384271,2.4610602478979486,media 2003 = 100,,52.1908504117644,289.1080922384271,2.4610602478979486
2010Q1,inf_diss,19.191715424239998,,45.76948954930451,56.9426851637327,315.4305964500876,2.498903817163344,media 2003 = 100,,56.9426851637327,315.4305964500876,2.498903817163344
2010Q2,inf_diss,22.33970769651,,52.505866321949036,58.162504969819096,322.1877152598013,2.508108977124193,media 2003 = 100,,58.162504969819096,322.1877152598013,2.508108977124193
2010Q3,inf_diss,24.04191806508,,56.32081421954782,58.0713886009966,321.68298158801525,2.5074280854654756,media 2003 = 100,,58.0713886009966,321.68298158801525,2.5074280854654756
2010Q4,inf_diss,32.56515431535,,74.91021991241796,56.7013750324789,314.0938734203961,2.4970594653202993,media 2003 = 100,,56.7013750324789,314.0938734203961,2.4970594653202993
2011Q1,inf_diss,19.61558889743,,44.08969217510711,55.072705623580404,305.0719567055155,2.4844022875906124,media 2003 = 100,,55.072705623580404,305.0719567055155,2.4844022875906124
2011Q2,inf_diss,20.31916204181,,44.8034468493696,49.2348301497778,272.73339491468994,2.435738318503461,media 2003 = 100,,49.2348301497778,272.73339491468994,2.435738318503461
2011Q3,inf_diss,22.318641412589997,,48.801183007106474,50.3936126989163,279.15240149261496,2.44584136835161,media 2003 = 100,,50.3936126989163,279.15240149261496,2.44584136835161
2011Q4,inf_diss,30.44931405474,,65.64279714657906,50.1207458144158,277.640871716982,2.4434833992992626,media 2003 = 100,,50.1207458144158,277.640871716982,2.4434833992992626
2012Q1,inf_diss,20.779673022110003,,44.15974954738148,54.24767437006928,300.50174545473436,2.4778469989316303,media 2003 = 100,,54.24767437006928,300.50174545473436,2.4778469989316303
2012Q2,inf_diss,24.525138782250004,,51.50104349089288,56.5077923234051,313.0215335893889,2.4955742148543334,media 2003 = 100,,56.5077923234051,313.0215335893889,2.4955742148543334
2012Q3,inf_diss,24.99246909279,,51.92641600665339,53.332402784385806,295.43165328476005,2.4704570248636877,media 2003 = 100,,53.332402784385806,295.43165328476005,2.4704570248636877
2012Q4,inf_diss,36.47902428602,,74.46548119704181,57.5078180935778,318.5611164918113,2.50319276479968,media 2003 = 100,,57.5078180935778,318.5611164918113,2.50319276479968
2013Q1,inf_diss,22.992034259289998,,45.94285612675483,56.0451740023085,310.4588870873378,2.4920040963216334,media 2003 = 100,,56.0451740023085,310.4588870873378,2.4920040963216334
2013Q2,inf_diss,28.34552065448,,55.856905596706675,61.106553797805,338.4960975413807,2.5295536661496305,media 2003 = 100,,61.106553797805,338.4960975413807,2.5295536661496305
2013Q3,inf_diss,30.88303015371,,60.491725611796404,61.838122978169906,342.54858123166474,2.534722173097454,media 2003 = 100,,61.838122978169906,342.54858123166474,2.534722173097454
2013Q4,inf_diss,43.179015988479996,,83.27798209199868,64.9189319071946,359.61453790786925,2.5558372403624805,media 2003 = 100,,64.9189319071946,359.61453790786925,2.5558372403624805
2014Q1,inf_diss,26.310911541560003,,49.68919597873294,60.6488543086314,335.9606986143754,2.526288475683844,media 2003 = 100,,60.6488543086314,335.9606986143754,2.526288475683844
2014Q2,inf_diss,29.29415573973,,54.25753583069139,58.9254279402891,326.41388139385106,2.5137686197036357,media 2003 = 100,,58.9254279402891,326.41388139385106,2.5137686197036357
2014Q3,inf_diss,29.524152510680004,,54.255938298982166,55.1424243505995,305.45815942117844,2.4849517305296245,media 2003 = 100,,55.1424243505995,305.45815942117844,2.4849517305296245
2014Q4,inf_diss,32.4946431757,,58.83735495330988,46.12794588689867,255.52299548720512,2.407429990043384,media 2003 = 100,,46.12794588689867,255.52299548720512,2.407429990043384
2015Q1,inf_diss,21.485171258039998,,37.689100847892774,45.69591962220744,253.1298118506798,2.4033432963230315,media 2003 = 100,,45.69591962220744,253.1298118506798,2.4033432963230315
2015Q2,inf_diss,20.63897505048,,35.22744417245032,38.29812906640386,212.1501938238824,2.3266434328813483,media 2003 = 100,,38.29812906640386,212.1501938238824,2.3266434328813483
2015Q3,inf_diss,21.98130321817,,36.88135215817767,37.757194568578,209.15371954805545,2.3204655923918187,media 2003 = 100,,37.757194568578,209.15371954805545,2.3204655923918187
2015Q4,inf_diss,24.22685814251,,39.748616259695744,31.1266781845228,172.4243708743704,2.2365986500515094,media 2003 = 100,,31.1266781845228,172.4243708743704,2.2365986500515094
2016Q1,inf_diss,17.41916161956,,27.7422940722367,33.9925948207854,188.29994455610301,2.27485019214103,media 2003 = 100,,33.9925948207854,188.29994455610301,2.27485019214103
2016Q2,inf_diss,16.23950528264,,25.39532915449501,27.5275810259413,152.48738757003832,2.183233924107359,media 2003 = 100,,27.5275810259413,152.48738757003832,2.183233924107359
2016Q3,inf_diss,15.47490224374,,23.880141391955675,24.6781013328797,136.70286535141813,2.135777617664149,media 2003 = 100,,24.6781013328797,136.70286535141813,2.135777617664149
2016Q4,inf_diss,18.56169203682,,28.449700221673126,21.85554032994983,121.06745760570153,2.0830274224036387,media 2003 = 100,,21.85554032994983,121.06745760570153,2.0830274224036387
2017Q1,inf_diss,12.342108864911431,,18.73954209257678,23.040743090739753,127.63281736482236,2.105962355952417,media 2003 = 100,,23.040743090739753,127.63281736482236,2.105962355952417
2017Q2,inf_diss,15.016497624620722,,22.67612509552377,24.61891749356279,136.37502001566938,2.13473482733751,media 2003 = 100,,24.61891749356279,136.37502001566938,2.13473482733751
2017Q3,inf_diss,12.97245334362195,,19.517256416586385,20.44726469644436,113.26639901906366,2.054101093580159,media 2003 = 100,,20.44726469644436,113.26639901906366,2.054101093580159
2017Q4,inf_diss,20.747139166845894,,30.927898348908013,23.16931484895651,128.34503292445632,2.1083790657208117,media 2003 = 100,,23.16931484895651,128.34503292445632,2.1083790657208117
2018Q1,inf_diss,11.48932866742,,16.970681572524086,21.52712023751625,119.24819415957772,2.0764518110038175,media 2003 = 100,,21.52712023751625,119.24819415957772,2.0764518110038175
2018Q2,inf_diss,20.408407756320003,,29.823447764880726,32.37185767105627,179.32196811614614,2.2536334967412195,media 2003 = 100,,32.37185767105627,179.32196811614614,2.2536334967412195
2018Q3,inf_diss,33.00397537816,,47.5618007805193,50.58368651307731,280.20530401025974,2.447476351794103,media 2003 = 100,,33.70343346932537,186.69815255597015,2.2711400204733554
2018Q4,inf_diss,31.13092755291,,44.57286186879521,32.98522000564742,182.71965205893517,2.261785259568007,media 2003 = 100,,32.98522000564742,182.71965205893517,2.261785259568007
2019Q1,inf_diss,9.7740529667,,13.870976121386773,18.36534317495999,101.73371935361037,2.0074649224611965,media 2003 = 100,,18.36534317495999,101.73371935361037,2.0074649224611965
2019Q2,inf_diss,12.527707715710001,,17.549526290338857,19.01322222796847,105.3226065922498,2.022521598768843,media 2003 = 100,,19.01322222796847,105.3226065922498,2.022521598768843
2019Q3,inf_diss,19.6306315911,,27.417402749938,29.06509702292344,161.00436541513147,2.2068376514976915,media 2003 = 100,,29.06509702292344,161.00436541513147,2.2068376514976915
2019Q4,inf_diss,32.59077568218,,45.14096774709523,33.162220173367075,183.70013389457463,2.264109472852644,media 2003 = 100,,33.162220173367075,183.70013389457463,2.264109472852644
2020Q1,inf_diss,19.622423591344372,,26.819858518931767,34.37590878654047,190.42328932809806,2.279720062788702,media 2003 = 100,,34.37590878654047,190.42328932809806,2.279720062788702
2020Q2,inf_diss,15.98483947167383,,21.92414815153533,23.798549417123407,131.83064015518647,2.120016360969746,media 2003 = 100,,23.798549417123407,131.83064015518647,2.120016360969746
2020Q3,inf_diss,32.526227129713526,,44.26564797539767,46.37542728125468,256.8939038595018,2.4097537984991524,media 2003 = 100,,26.96575688314911,149.37519635616363,2.1742784891798603
2020Q4,inf_diss,27.92106474081056,,37.09626158478239,27.41793172205768,151.87999181367564,2.1815005650593084,media 2003 = 100,,27.41793172205768,151.87999181367564,2.1815005650593084
2021Q1,inf_diss,12.106614152652883,,15.716599730437517,20.15958959238587,111.67283999745987,2.0479475609983084,media 2003 = 100,,22.955795626752057,127.16225597216032,2.1043582240836414
2021Q2,inf_diss,22.246107527385348,,28.325148819076308,30.967658402700742,171.54349031028627,2.234374242205877,media 2003 = 100,,20.808708371385613,115.26859462403041,2.0617109981937367
2021Q3,inf_diss,14.587812375322365,,18.10698797951341,18.44865903366724,102.19524256647279,2.0094306788200273,media 2003 = 100,,18.44865903366724,102.19524256647279,2.0094306788200273
2021Q4,inf_diss,19.894205660283014,,23.922611485982568,17.965925179958212,99.52116727542787,1.9979154611801864,media 2003 = 100,,17.965925179958212,99.52116727542787,1.9979154611801864
2022Q1,inf_diss,11.743401277873573,,13.766114971414549,18.11977090998618,100.37338648926516,2.0016185770220716,media 2003 = 100,,18.11977090998618,100.37338648926516,2.0016185770220716
2022Q2,inf_diss,15.396281683705002,,17.516308982162627,18.97882903009404,105.13208753105408,2.021735287967631,media 2003 = 100,,18.97882903009404,105.13208753105408,2.021735287967631
2022Q3,inf_diss,17.381918360090086,,19.85835931818974,19.75323585925991,109.42186781304173,2.039104123839128,media 2003 = 100,,19.75323585925991,109.42186781304173,2.039104123839128
2022Q4,inf_diss,21.881617422823865,,24.811411538642336,19.0294310291724,105.41239427642373,2.0228916777588397,media 2003 = 100,,19.0294310291724,105.41239427642373,2.0228916777588397
2023Q1,inf_diss,14.91009844053248,,16.592970950760748,21.57880640169771,119.53450657264881,2.0774932931573113,media 2003 = 100,,21.57880640169771,119.53450657264881,2.0774932931573113
2023Q2,inf_diss,21.051763154819454,,23.082921728328962,25.18002511619517,139.48324210900245,2.1445220334392805,media 2003 = 100,,25.18002511619517,139.48324210900245,2.1445220334392805
2023Q3,inf_diss,21.555221897823156,,23.544603197774997,22.895331941253353,126.82732100508622,2.103212818874148,media 2003 = 100,,22.895331941253353,126.82732100508622,2.103212818874148
2023Q4,inf_diss,26.573534636685785,,28.77683504378027,22.523101301634192,124.76537165488503,2.0960940646251394,media 2003 = 100,,22.523101301634192,124.76537165488503,2.0960940646251394
2024Q1,inf_diss,18.18213232319575,,19.398611557563243,25.00498868182607,138.51363825672914,2.141492536779789,media 2003 = 100,,25.00498868182607,138.51363825672914,2.141492536779789
2024Q2,inf_diss,23.42192939412327,,24.706528885759173,27.028442232374758,149.72243809648683,2.1752868905986045,media 2003 = 100,,27.028442232374758,149.72243809648683,2.1752868905986045
2024Q3,inf_diss,30.26907317671904,,31.673231769747883,30.24975338227648,167.56669841619475,2.2241877127959215,media 2003 = 100,,30.24975338227648,167.56669841619475,2.2241877127959215
2024Q4,inf_diss,40.62536442283368,,41.97040600075143,33.54868813824361,185.84095005593645,2.269141416997711,media 2003 = 100,,33.54868813824361,185.84095005593645,2.269141416997711
2025Q1,inf_diss,26.18939562831868,,26.602663724523573,33.37913372309326,184.90171352102703,2.2669409358713333,media 2003 = 100,,33.37913372309326,184.90171352102703,2.2669409358713333
2025Q2,inf_diss,29.009806312549397,,29.033107000816734,32.10680698894811,177.85373572586667,2.250062991748905,media 2003 = 100,,32.10680698894811,177.85373572586667,2.250062991748905
2025Q3,inf_diss,35.52859114177576,,35.347155773263516,33.58534524401202,186.04400989941615,2.2696156915061194,media 2003 = 100,,33.58534524401202,186.04400989941615,2.2696156915061194
2025Q4,inf_diss,40.15823427528986,,39.71326935196124,31.858331749584288,176.47732200863072,2.246688904855303,media 2003 = 100,,31.858331749584288,176.47732200863072,2.246688904855303
2003Q1,uniao_econ_dt_g1,0.1305,,0.45022947639995253,0.828868563012851,90.65682787024032,1.9574005187977586,media 2003 = 100,,0.828868563012851,90.65682787024032,1.9574005187977586
2003Q2,uniao_econ_dt_g1,0.2089,,0.7018722021482655,0.937038204753222,102.48779484092316,2.0106721488176404,media 2003 = 100,,0.937038204753222,102.48779484092316,2.0106721488176404
2003Q3,uniao_econ_dt_g1,0.29259999999999997,,0.9753705348612793,0.981619067598907,107.36379061354289,2.03085783640803,media 2003 = 100,,0.981619067598907,107.36379061354289,2.03085783640803
2003Q4,uniao_econ_dt_g1,0.4729,,1.5557311249715091,0.909644098704339,99.49158667529366,1.9977863569770713,media 2003 = 100,,0.909644098704339,99.49158667529366,1.9977863569770713
2004Q1,uniao_econ_dt_g1,0.18359999999999999,,0.5933564157428108,1.08718224737784,118.9096779178797,2.0752172027707987,media 2003 = 100,,1.08718224737784,118.9096779178797,2.0752172027707987
2004Q2,uniao_econ_dt_g1,0.3966,,1.2631517780579802,1.67637297743885,183.35193689767172,2.2632855021315152,media 2003 = 100,,1.67637297743885,183.35193689767172,2.2632855021315152
2004Q3,uniao_econ_dt_g1,0.5335,,1.663611441868751,1.66536190053616,182.14760927809752,2.260423475417936,media 2003 = 100,,1.66536190053616,182.14760927809752,2.260423475417936
2004Q4,uniao_econ_dt_g1,1.1935,,3.661411627399426,2.16503614342149,236.7990749625859,2.3743800015161307,media 2003 = 100,,2.16503614342149,236.7990749625859,2.3743800015161307
2005Q1,uniao_econ_dt_g1,0.1117,,0.3359795260691442,0.608664132125798,66.57214656126627,1.8232925606272485,media 2003 = 100,,2.03310638805079,222.36936480428298,2.3470749555139543
2005Q2,uniao_econ_dt_g1,0.4668,,1.3792211135542938,1.80014204998475,196.88907898044968,2.294221627412545,media 2003 = 100,,1.80014204998475,196.88907898044968,2.294221627412545
2005Q3,uniao_econ_dt_g1,0.7394,,2.1709555334469632,2.15098530931226,235.26227636011072,2.3715522948680383,media 2003 = 100,,2.15098530931226,235.26227636011072,2.3715522948680383
2005Q4,uniao_econ_dt_g1,1.7066999999999999,,4.935326194653078,2.98613053456463,326.60560908002157,2.514023638978678,media 2003 = 100,,2.98613053456463,326.60560908002157,2.514023638978678
2006Q1,uniao_econ_dt_g1,0.6869,,1.958202516667092,3.48021047348896,380.6452022989857,2.5805203602604028,media 2003 = 100,,3.48021047348896,380.6452022989857,2.5805203602604028
2006Q2,uniao_econ_dt_g1,0.6971,,1.9748349383219175,2.49534513989332,272.92635397084314,2.436045473491473,media 2003 = 100,,2.49534513989332,272.92635397084314,2.436045473491473
2006Q3,uniao_econ_dt_g1,1.2421,,3.5122331087454604,3.444629213778,376.75353083143983,2.576057331095297,media 2003 = 100,,3.444629213778,376.75353083143983,2.576057331095297
2006Q4,uniao_econ_dt_g1,2.0142,,5.647125495517921,3.53552409103432,386.6950844256073,2.5873686514617322,media 2003 = 100,,3.53552409103432,386.6950844256073,2.5873686514617322
2007Q1,uniao_econ_dt_g1,0.745,,2.062215556014675,3.56375483852022,389.7827995709069,2.5908226705531288,media 2003 = 100,,3.56375483852022,389.7827995709069,2.5908226705531288
2007Q2,uniao_econ_dt_g1,1.1706999999999999,,3.210857897418152,3.8717647850982,423.47113805456695,2.6268238160580357,media 2003 = 100,,3.8717647850982,423.47113805456695,2.6268238160580357
2007Q3,uniao_econ_dt_g1,1.6022,,4.355303014333867,4.26153502780909,466.10194271911195,2.6684809130815492,media 2003 = 100,,4.26153502780909,466.10194271911195,2.6684809130815492
2007Q4,uniao_econ_dt_g1,2.4188,,6.5047813166550945,4.23168915180051,462.83757419955884,2.6654286087177748,media 2003 = 100,,4.23168915180051,462.83757419955884,2.6654286087177748
2008Q1,uniao_econ_dt_g1,0.9692000000000001,,2.5639904971915977,4.28248073385082,468.39286235580744,2.6706102684176076,media 2003 = 100,,4.28248073385082,468.39286235580744,2.6706102684176076
2008Q2,uniao_econ_dt_g1,1.523,,3.9570921862105233,4.55155790663033,497.82296023262217,2.697074922952322,media 2003 = 100,,4.55155790663033,497.82296023262217,2.697074922952322
2008Q3,uniao_econ_dt_g1,1.995,,5.10354101322683,5.03255471131071,550.4315962382427,2.7407033556018527,media 2003 = 100,,5.03255471131071,550.4315962382427,2.7407033556018527
2008Q4,uniao_econ_dt_g1,2.4007,,6.077352721720457,4.07857206776779,446.09051712612967,2.6494229912228593,media 2003 = 100,,4.07857206776779,446.09051712612967,2.6494229912228593
2009Q1,uniao_econ_dt_g1,1.1083,,2.7717018530267548,4.50309687934857,492.52257461692426,2.6924261410404844,media 2003 = 100,,4.50309687934857,492.52257461692426,2.6924261410404844
2009Q2,uniao_econ_dt_g1,2.0836,,5.147226168774248,5.68729675090816,622.0434766158023,2.7938207399873938,media 2003 = 100,,5.68729675090816,622.0434766158023,2.7938207399873938
2009Q3,uniao_econ_dt_g1,2.5244999999999997,,6.185786595858106,6.18982212130834,677.0067820634135,2.830593019346833,media 2003 = 100,,6.18982212130834,677.0067820634135,2.830593019346833
2009Q4,uniao_econ_dt_g1,4.2641,,10.356205715524364,7.09041402797536,775.508292564998,2.8895864461160508,media 2003 = 100,,7.09041402797536,775.508292564998,2.8895864461160508
2010Q1,uniao_econ_dt_g1,2.2946,,5.472291996742812,8.67603769552349,948.9345971812359,2.9772362808549997,media 2003 = 100,,8.67603769552349,948.9345971812359,2.9772362808549997
2010Q2,uniao_econ_dt_g1,3.4736,,8.164134452144824,8.82658106591097,965.4001564088838,2.9847073648447093,media 2003 = 100,,8.82658106591097,965.4001564088838,2.9847073648447093
2010Q3,uniao_econ_dt_g1,3.0907,,7.240301711251058,7.33825018189858,802.615171205166,2.9045073646034214,media 2003 = 100,,7.33825018189858,802.615171205166,2.9045073646034214
2010Q4,uniao_econ_dt_g1,5.1,,11.731623251459647,8.1217887503336,888.3140676262224,2.948566539789999,media 2003 = 100,,8.1217887503336,888.3140676262224,2.948566539789999
2011Q1,uniao_econ_dt_g1,3.1713999999999998,,7.128312613772938,11.0271952110711,1206.0905465009312,3.0813799134173716,media 2003 = 100,,11.0271952110711,1206.0905465009312,3.0813799134173716
2011Q2,uniao_econ_dt_g1,3.0637,,6.755412444173133,7.30083589998215,798.5230144182597,2.9022874375575554,media 2003 = 100,,7.30083589998215,798.5230144182597,2.9022874375575554
2011Q3,uniao_econ_dt_g1,2.919,,6.382586223074808,6.42853948244258,703.1163001265919,2.847027166166014,media 2003 = 100,,6.42853948244258,703.1163001265919,2.847027166166014
2011Q4,uniao_econ_dt_g1,4.5801,,9.873804535319078,6.93224315935663,758.2084818949771,2.8797886384649614,media 2003 = 100,,6.93224315935663,758.2084818949771,2.8797886384649614
2012Q1,uniao_econ_dt_g1,1.5816999999999999,,3.361336618953249,5.06388079480825,553.8578612532439,2.7433983243065514,media 2003 = 100,,5.06388079480825,553.8578612532439,2.7433983243065514
2012Q2,uniao_econ_dt_g1,2.3746,,4.986490757882456,5.48358424090676,599.7625857987076,2.777979370246501,media 2003 = 100,,5.48358424090676,599.7625857987076,2.777979370246501
2012Q3,uniao_econ_dt_g1,2.4924,,5.178415896983915,5.04772343165931,552.0906627428961,2.7420104021781255,media 2003 = 100,,5.04772343165931,552.0906627428961,2.7420104021781255
2012Q4,uniao_econ_dt_g1,3.5017,,7.148101699847596,5.15865976694083,564.224234579202,2.7514517360518562,media 2003 = 100,,5.15865976694083,564.224234579202,2.7514517360518562
2013Q1,uniao_econ_dt_g1,1.5625,,3.122199275127176,4.57192578249267,500.05068016136795,2.6990140223340653,media 2003 = 100,,4.57192578249267,500.05068016136795,2.6990140223340653
2013Q2,uniao_econ_dt_g1,2.1586,,4.25367795817836,4.74693619254562,519.1923020392682,2.7153282446423668,media 2003 = 100,,4.74693619254562,519.1923020392682,2.7153282446423668
2013Q3,uniao_econ_dt_g1,2.8335,,5.550080535100417,5.21150120894477,570.0037245079233,2.7558776934408322,media 2003 = 100,,5.21150120894477,570.0037245079233,2.7558776934408322
2013Q4,uniao_econ_dt_g1,4.343699999999999,,8.377554757373908,6.26694698427487,685.4422514954522,2.835970871359926,media 2003 = 100,,6.26694698427487,685.4422514954522,2.835970871359926
2014Q1,uniao_econ_dt_g1,2.6574,,5.018604892700569,7.12136418908136,778.8934413728426,2.891478046903359,media 2003 = 100,,7.12136418908136,778.8934413728426,2.891478046903359
2014Q2,uniao_econ_dt_g1,3.0330999999999997,,5.617793985606319,6.31254463789192,690.429457935303,2.8391193127561447,media 2003 = 100,,6.31254463789192,690.429457935303,2.8391193127561447
2014Q3,uniao_econ_dt_g1,3.9764999999999997,,7.307533673247964,6.70899742383739,733.7911603546752,2.865572475705143,media 2003 = 100,,6.70899742383739,733.7911603546752,2.865572475705143
2014Q4,uniao_econ_dt_g1,2.7395,,4.960354019678204,3.81928935819712,417.73168073132564,2.620897413366755,media 2003 = 100,,3.81928935819712,417.73168073132564,2.620897413366755
2015Q1,uniao_econ_dt_g1,2.3663000000000003,,4.150942911520667,5.73898805546417,627.697171192526,2.7977501714446493,media 2003 = 100,,5.73898805546417,627.697171192526,2.7977501714446493
2015Q2,uniao_econ_dt_g1,1.7458,,2.9798026251712275,3.33834342098684,365.1286083140554,2.5624458618354646,media 2003 = 100,,3.33834342098684,365.1286083140554,2.5624458618354646
2015Q3,uniao_econ_dt_g1,2.2254,,3.7338896733367384,3.42048453795818,374.1127264657587,2.5730024821619675,media 2003 = 100,,3.42048453795818,374.1127264657587,2.5730024821619675
2015Q4,uniao_econ_dt_g1,1.8451,,3.027225875899989,2.35787044651766,257.89017070848183,2.411434789643104,media 2003 = 100,,2.35787044651766,257.89017070848183,2.411434789643104
2016Q1,uniao_econ_dt_g1,3.8261,,6.093564872295272,8.33151705215517,911.2529308021215,2.9596389381207,media 2003 = 100,,3.0760540843039967,336.4409245135933,2.5269088177127266
2016Q2,uniao_econ_dt_g1,1.9042000000000001,,2.9777868804712777,3.3081531193588,361.82656852128616,2.5585004534539904,media 2003 = 100,,3.3081531193588,361.82656852128616,2.5585004534539904
2016Q3,uniao_econ_dt_g1,2.0194,,3.116243112063792,2.88752212116826,315.8203937168788,2.49944017061445,media 2003 = 100,,2.88752212116826,315.8203937168788,2.49944017061445
2016Q4,uniao_econ_dt_g1,2.7868999999999997,,4.271510883302223,3.31015254917662,362.0452545384924,2.558762859394948,media 2003 = 100,,3.31015254917662,362.0452545384924,2.558762859394948
2017Q1,uniao_econ_dt_g1,1.7188999999999999,,2.6098780407380064,3.60040900302169,393.7918191310874,2.595266689600142,media 2003 = 100,,3.60040900302169,393.7918191310874,2.595266689600142
2017Q2,uniao_econ_dt_g1,1.9238,,2.905093487794592,3.17150289234099,346.8805605991703,2.540179962393035,media 2003 = 100,,3.17150289234099,346.8805605991703,2.540179962393035
2017Q3,uniao_econ_dt_g1,2.0403000000000002,,3.069662862679685,2.89713669209783,316.87197962651925,2.500883837070981,media 2003 = 100,,2.89713669209783,316.87197962651925,2.500883837070981
2017Q4,uniao_econ_dt_g1,3.5254000000000003,,5.255337228058716,4.02624168884443,440.36692430799314,2.643814691930123,media 2003 = 100,,4.02624168884443,440.36692430799314,2.643814691930123
2018Q1,uniao_econ_dt_g1,1.6048,,2.3704213340867324,3.34048820875011,365.36319273883583,2.562724793712805,media 2003 = 100,,3.34048820875011,365.36319273883583,2.562724793712805
2018Q2,uniao_econ_dt_g1,2.1489000000000003,,3.1402551177519364,3.34582709488006,365.9471290859237,2.5634183443975163,media 2003 = 100,,3.34582709488006,365.9471290859237,2.5634183443975163
2018Q3,uniao_econ_dt_g1,2.5423,,3.663690956584861,3.5275490428913,385.82281999307696,2.586387910980175,media 2003 = 100,,3.5275490428913,385.82281999307696,2.586387910980175
2018Q4,uniao_econ_dt_g1,2.9183,,4.178384423998505,3.16667854486714,346.35290150092527,2.5395188302017098,media 2003 = 100,,3.16667854486714,346.35290150092527,2.5395188302017098
2019Q1,uniao_econ_dt_g1,1.3114,,1.8610905985020678,2.697359485591,295.02150944237457,2.4698536806954206,media 2003 = 100,,2.697359485591,295.02150944237457,2.4698536806954206
2019Q2,uniao_econ_dt_g1,1.8353000000000002,,2.570992741175515,2.66843648303642,291.8580794595192,2.465171720315762,media 2003 = 100,,2.66843648303642,291.8580794595192,2.465171720315762
2019Q3,uniao_econ_dt_g1,1.9781000000000002,,2.7627416941715093,2.66550025761703,291.5369321819988,2.464693579427306,media 2003 = 100,,2.66550025761703,291.5369321819988,2.464693579427306
2019Q4,uniao_econ_dt_g1,2.6993,,3.738757721754957,2.86129599990982,312.95193294188186,2.495477638309512,media 2003 = 100,,2.86129599990982,312.95193294188186,2.495477638309512
2020Q1,uniao_econ_dt_g1,1.3397999999999999,,1.8312338573465134,2.69726823236672,295.01152869486486,2.46983898801454,media 2003 = 100,,2.69726823236672,295.01152869486486,2.46983898801454
2020Q2,uniao_econ_dt_g1,1.7593999999999999,,2.4131206526137294,2.44424442471885,267.33725462947234,2.4270594838317776,media 2003 = 100,,2.44424442471885,267.33725462947234,2.4270594838317776
2020Q3,uniao_econ_dt_g1,2.4314,,3.3089449956235923,3.16043804011723,345.6703513474008,2.5386621310656605,media 2003 = 100,,3.16043804011723,345.6703513474008,2.5386621310656605
2020Q4,uniao_econ_dt_g1,2.3592,,3.1344614234176924,2.45399983875825,268.40424514019713,2.42878938044771,media 2003 = 100,,2.45399983875825,268.40424514019713,2.42878938044771
2021Q1,uniao_econ_dt_g1,0.6037,,0.7837130297231807,1.16308003201873,127.21093665172681,2.1045244503321783,media 2003 = 100,,2.6996498141847693,295.27201227763345,2.4702222837770464
2021Q2,uniao_econ_dt_g1,2.2062999999999997,,2.809200475300999,2.77260822969,303.2517798925389,2.4818033585748496,media 2003 = 100,,2.77260822969,303.2517798925389,2.4818033585748496
2021Q3,uniao_econ_dt_g1,1.9026999999999998,,2.3617088801403527,2.24134419264382,245.14520605279995,2.389423404801563,media 2003 = 100,,2.24134419264382,245.14520605279995,2.389423404801563
2021Q4,uniao_econ_dt_g1,2.3568,,2.834031763465827,2.27037421033246,248.32034072928332,2.395012295489604,media 2003 = 100,,2.27037421033246,248.32034072928332,2.395012295489604
2022Q1,uniao_econ_dt_g1,1.1643,,1.364842031875129,2.01179213345187,220.03813546759162,2.3424979562215245,media 2003 = 100,,2.01179213345187,220.03813546759162,2.3424979562215245
2022Q2,uniao_econ_dt_g1,1.9441,,2.211797432120484,2.16274453282755,236.5484319095966,2.373920073436089,media 2003 = 100,,2.16274453282755,236.5484319095966,2.373920073436089
2022Q3,uniao_econ_dt_g1,1.9071,,2.1788088213942904,2.05306504987202,224.5523272786597,2.3513175604855387,media 2003 = 100,,2.05306504987202,224.5523272786597,2.3513175604855387
2022Q4,uniao_econ_dt_g1,2.3158,,2.6258692733223383,2.12927749675862,232.88800194082108,2.3671471148759586,media 2003 = 100,,2.12927749675862,232.88800194082108,2.3671471148759586
2023Q1,uniao_econ_dt_g1,1.8951,,2.108996085720256,3.0878315142535,337.72907137707784,2.5285684458744813,media 2003 = 100,,3.0878315142535,337.72907137707784,2.5285684458744813
2023Q2,uniao_econ_dt_g1,3.1606,,3.4655473690266403,3.407725533648,372.71722070144403,2.571379458980928,media 2003 = 100,,3.407725533648,372.71722070144403,2.571379458980928
2023Q3,uniao_econ_dt_g1,4.068099999999999,,4.44355436111476,4.13375132542421,452.1257037487018,2.655259197764014,media 2003 = 100,,4.13375132542421,452.1257037487018,2.655259197764014
2023Q4,uniao_econ_dt_g1,4.3934999999999995,,4.757779741890479,3.89100380222281,425.57538997301174,2.628976505781481,media 2003 = 100,,3.89100380222281,425.57538997301174,2.628976505781481
2024Q1,uniao_econ_dt_g1,2.3525,,2.509894487510062,3.62265656544813,396.2251282556306,2.5979420146571077,media 2003 = 100,,3.62265656544813,396.2251282556306,2.5979420146571077
2024Q2,uniao_econ_dt_g1,3.9908,,4.209679476790963,4.23412266943423,463.1037382201092,2.6656782866769273,media 2003 = 100,,4.23412266943423,463.1037382201092,2.6656782866769273
2024Q3,uniao_econ_dt_g1,3.217,,3.366234109924717,3.07167632014901,335.9621101042103,2.526290300304882,media 2003 = 100,,3.07167632014901,335.9621101042103,2.526290300304882
2024Q4,uniao_econ_dt_g1,4.882700000000001,,5.044358476318991,4.14087826009925,452.90520645746545,2.6560073132260147,media 2003 = 100,,4.14087826009925,452.90520645746545,2.6560073132260147
2025Q1,uniao_econ_dt_g1,2.4165,,2.454632317700347,3.51414032004924,384.3562517904733,2.5847339495291912,media 2003 = 100,,3.51414032004924,384.3562517904733,2.5847339495291912
2025Q2,uniao_econ_dt_g1,2.8119,,2.8141585192273615,2.88402182124792,315.4375512475988,2.4989133926354707,media 2003 = 100,,2.88402182124792,315.4375512475988,2.4989133926354707
2025Q3,uniao_econ_dt_g1,4.6768,,4.652916786391218,4.19992515108899,459.36341234389937,2.6621564012857935,media 2003 = 100,,4.19992515108899,459.36341234389937,2.6621564012857935
2025Q4,uniao_econ_dt_g1,3.7359999999999998,,3.6946040326833134,3.02764444054347,331.1461589289204,2.5200197218903835,media 2003 = 100,,3.02764444054347,331.1461589289204,2.5200197218903835
2003Q1,uniao_soc_dt_g1,0.1943,,0.6703416648621515,1.062101873896,87.72314530346476,1.943114194864237,media 2003 = 100,,1.062101873896,87.72314530346476,1.943114194864237
2003Q2,uniao_soc_dt_g1,0.2966,,0.996530852834732,1.00953213975996,83.38120547686023,1.9210681696121061,media 2003 = 100,,1.00953213975996,83.38120547686023,1.9210681696121061
2003Q3,uniao_soc_dt_g1,0.275,,0.9167016305087213,1.15779119517282,95.62650037764888,1.9805782622858237,media 2003 = 100,,1.15779119517282,95.62650037764888,1.9805782622858237
2003Q4,uniao_soc_dt_g1,0.7768,,2.5554915159185203,1.61354694052506,133.2691488420261,2.124729623994572,media 2003 = 100,,1.61354694052506,133.2691488420261,2.124729623994572
2004Q1,uniao_soc_dt_g1,0.3674,,1.1873591892369755,1.8564294764939,153.32976686571192,2.185626475340902,media 2003 = 100,,1.8564294764939,153.32976686571192,2.185626475340902
2004Q2,uniao_soc_dt_g1,0.6538,,2.082321312391093,2.12054554199777,175.14414509120792,2.2433956238285275,media 2003 = 100,,2.12054554199777,175.14414509120792,2.2433956238285275
2004Q3,uniao_soc_dt_g1,0.5567,,1.7359559319368956,2.15269757411823,177.79970709973608,2.2499310411950884,media 2003 = 100,,2.15269757411823,177.79970709973608,2.2499310411950884
2004Q4,uniao_soc_dt_g1,1.1151,,3.420896611406033,2.18877990580592,180.77988791225667,2.2571501127843847,media 2003 = 100,,2.18877990580592,180.77988791225667,2.2571501127843847
2005Q1,uniao_soc_dt_g1,0.28859999999999997,,0.8680724370953896,1.34404558328248,111.00997832182914,2.045362017843773,media 2003 = 100,,1.34404558328248,111.00997832182914,2.045362017843773
2005Q2,uniao_soc_dt_g1,0.5325,,1.5733402805648273,1.60875626499069,132.87346822387437,2.1234382709781765,media 2003 = 100,,1.60875626499069,132.87346822387437,2.1234382709781765
2005Q3,uniao_soc_dt_g1,0.4879,,1.432525297225823,1.68108915160876,138.8477240640795,2.1425387653645456,media 2003 = 100,,1.68108915160876,138.8477240640795,2.1425387653645456
2005Q4,uniao_soc_dt_g1,1.0608,,3.067553774704392,2.03774124658011,168.30501466765526,2.2260970560236335,media 2003 = 100,,2.03774124658011,168.30501466765526,2.2260970560236335
2006Q1,uniao_soc_dt_g1,0.6217,,1.7723314960138756,2.69998728841646,223.00250384687416,2.348309739284826,media 2003 = 100,,2.69998728841646,223.00250384687416,2.348309739284826
2006Q2,uniao_soc_dt_g1,1.0882,,3.082793544515723,3.15929986649742,260.938925029246,2.4165388689218688,media 2003 = 100,,3.15929986649742,260.938925029246,2.4165388689218688
2006Q3,uniao_soc_dt_g1,0.7309,,2.0667347066919386,2.239242273854,184.94777213639478,2.2670491042121177,media 2003 = 100,,2.239242273854,184.94777213639478,2.2670491042121177
2006Q4,uniao_soc_dt_g1,1.6368,,4.589025425014264,3.24470800237849,267.99311681455004,2.428123639671148,media 2003 = 100,,3.24470800237849,267.99311681455004,2.428123639671148
2007Q1,uniao_soc_dt_g1,0.8923,,2.469952940445496,3.66110829499436,302.3852446050373,2.480560595218861,media 2003 = 100,,3.66110829499436,302.3852446050373,2.480560595218861
2007Q2,uniao_soc_dt_g1,0.95,,2.605547964933155,2.66095056449162,219.77830823137396,2.3419848260296847,media 2003 = 100,,2.66095056449162,219.77830823137396,2.3419848260296847
2007Q3,uniao_soc_dt_g1,1.1803000000000001,,3.2084409860306224,3.1935146900295,263.7648610434884,2.421216938020863,media 2003 = 100,,3.1935146900295,263.7648610434884,2.421216938020863
2007Q4,uniao_soc_dt_g1,2.0991,,5.645024996606048,4.33966809973141,358.4301512293783,2.554404535481632,media 2003 = 100,,4.33966809973141,358.4301512293783,2.554404535481632
2008Q1,uniao_soc_dt_g1,1.2078,,3.195199878774259,4.5011778828931,371.7698755293199,2.5702741960291426,media 2003 = 100,,4.5011778828931,371.7698755293199,2.5702741960291426
2008Q2,uniao_soc_dt_g1,2.3682,,6.15310946512394,6.29990782728365,520.3340125029789,2.7162822152090653,media 2003 = 100,,6.29990782728365,520.3340125029789,2.7162822152090653
2008Q3,uniao_soc_dt_g1,3.0676,,7.847429780538659,7.34343628846684,606.5231070508319,2.7828473510781193,media 2003 = 100,,7.34343628846684,606.5231070508319,2.7828473510781193
2008Q4,uniao_soc_dt_g1,2.1221,,5.372079064757354,4.43694059543688,366.46426686792876,2.5640316339330744,media 2003 = 100,,4.43694059543688,366.46426686792876,2.5640316339330744
2009Q1,uniao_soc_dt_g1,1.2666,,3.167587807492274,4.30923809610636,355.91681828534223,2.551348510386383,media 2003 = 100,,4.30923809610636,355.91681828534223,2.551348510386383
2009Q2,uniao_soc_dt_g1,2.2009,,5.4369985001225,5.49063175287882,453.49273822368707,2.656570337097036,media 2003 = 100,,5.49063175287882,453.49273822368707,2.656570337097036
2009Q3,uniao_soc_dt_g1,2.9166,,7.146549885315807,6.51118846041861,537.7845058462577,2.7306082855733997,media 2003 = 100,,6.51118846041861,537.7845058462577,2.7306082855733997
2009Q4,uniao_soc_dt_g1,3.2231,,7.827932422247739,6.78377646943693,560.2986150017019,2.7484195489393484,media 2003 = 100,,6.78377646943693,560.2986150017019,2.7484195489393484
2010Q1,uniao_soc_dt_g1,2.8081,,6.696915870327504,8.93064818985097,737.6171420719417,2.8678310010780366,media 2003 = 100,,8.93064818985097,737.6171420719417,2.8678310010780366
2010Q2,uniao_soc_dt_g1,3.375,,7.93239111469046,7.81732276361051,645.6632433579874,2.810006063374755,media 2003 = 100,,7.81732276361051,645.6632433579874,2.810006063374755
2010Q3,uniao_soc_dt_g1,3.8165,,8.94056734105208,8.19777581680261,677.0863481340791,2.830644057351097,media 2003 = 100,,8.19777581680261,677.0863481340791,2.830644057351097
2010Q4,uniao_soc_dt_g1,3.0889,,7.105453149300727,6.30175022132039,520.4861830280138,2.716409205096628,media 2003 = 100,,6.30175022132039,520.4861830280138,2.716409205096628
2011Q1,uniao_soc_dt_g1,2.6015,,5.847356140736047,7.64155563505378,631.1459491728303,2.800129799166669,media 2003 = 100,,7.64155563505378,631.1459491728303,2.800129799166669
2011Q2,uniao_soc_dt_g1,2.79,,6.151908058635977,5.9513354110664,491.5440541495115,2.6915624471257287,media 2003 = 100,,5.9513354110664,491.5440541495115,2.6915624471257287
2011Q3,uniao_soc_dt_g1,3.0864,,6.748617375436138,6.28849101671732,519.3910534923348,2.715494464637962,media 2003 = 100,,6.28849101671732,519.3910534923348,2.715494464637962
2011Q4,uniao_soc_dt_g1,4.3191,,9.311139313223865,8.38197941201436,692.3004430766922,2.840294609562759,media 2003 = 100,,8.38197941201436,692.3004430766922,2.840294609562759
2012Q1,uniao_soc_dt_g1,2.8478,,6.051978518970135,7.59892070895405,627.6245639750717,2.7976999326683445,media 2003 = 100,,7.59892070895405,627.6245639750717,2.7976999326683445
2012Q2,uniao_soc_dt_g1,5.338,,11.209419550903965,10.9358935305712,903.2381928547982,2.955802293172223,media 2003 = 100,,10.9358935305712,903.2381928547982,2.955802293172223
2012Q3,uniao_soc_dt_g1,4.3072,,8.948994122728744,8.48802940863706,701.0595268254475,2.845754895390674,media 2003 = 100,,8.48802940863706,701.0595268254475,2.845754895390674
2012Q4,uniao_soc_dt_g1,5.8981,,12.039928787694866,10.7800816693459,890.3690821995912,2.949570070842331,media 2003 = 100,,10.7800816693459,890.3690821995912,2.949570070842331
2013Q1,uniao_soc_dt_g1,3.02,,6.034586758965805,7.33136818583358,605.5263552826128,2.7821330503770296,media 2003 = 100,,7.33136818583358,605.5263552826128,2.7821330503770296
2013Q2,uniao_soc_dt_g1,4.2517000000000005,,8.378283412761483,8.35067069153475,689.7145334729141,2.8386693774179523,media 2003 = 100,,8.35067069153475,689.7145334729141,2.8386693774179523
2013Q3,uniao_soc_dt_g1,3.9423,,7.7219278254901615,7.48323554631004,618.0696742027286,2.7910374353091654,media 2003 = 100,,7.48323554631004,618.0696742027286,2.7910374353091654
2013Q4,uniao_soc_dt_g1,4.0537,,7.818241066364301,6.7902413881451,560.832577907851,2.748833233194469,media 2003 = 100,,6.7902413881451,560.832577907851,2.748833233194469
2014Q1,uniao_soc_dt_g1,4.278,,8.07917202189096,9.69812970437398,801.0064402842312,2.9036360079302543,media 2003 = 100,,9.69812970437398,801.0064402842312,2.9036360079302543
2014Q2,uniao_soc_dt_g1,4.7165,,8.73572428641067,8.94676736391015,738.9484876640347,2.8686141646424517,media 2003 = 100,,8.94676736391015,738.9484876640347,2.8686141646424517
2014Q3,uniao_soc_dt_g1,5.9231,,10.884761146740857,10.8083832089487,892.7066169803002,2.9507087538926924,media 2003 = 100,,10.8083832089487,892.7066169803002,2.9507087538926924
2014Q4,uniao_soc_dt_g1,3.5936999999999997,,6.507035678232363,5.41556479218146,447.29266451833854,2.650591775916162,media 2003 = 100,,5.41556479218146,447.29266451833854,2.650591775916162
2015Q1,uniao_soc_dt_g1,3.5872,,6.2926350894674945,7.55325496713118,623.852851859902,2.795082164744311,media 2003 = 100,,7.55325496713118,623.852851859902,2.795082164744311
2015Q2,uniao_soc_dt_g1,3.0102,,5.137932101208861,5.40703068311953,446.5877990928317,2.649906853847289,media 2003 = 100,,5.40703068311953,446.5877990928317,2.649906853847289
2015Q3,uniao_soc_dt_g1,3.7826,,6.346639291077355,6.53566088688246,539.805779205603,2.7322375298382595,media 2003 = 100,,6.53566088688246,539.805779205603,2.7322375298382595
2015Q4,uniao_soc_dt_g1,4.723,,7.748950090442603,6.05026068176125,499.7146789347933,2.698722106870541,media 2003 = 100,,6.05026068176125,499.7146789347933,2.698722106870541
2016Q1,uniao_soc_dt_g1,3.6148,,5.757041974954379,7.1172940139147,587.8451326517998,2.769262926597378,media 2003 = 100,,7.1172940139147,587.8451326517998,2.769262926597378
2016Q2,uniao_soc_dt_g1,3.6659,,5.73273234172863,6.13281682088213,506.5333131598029,2.7046080128665215,media 2003 = 100,,6.13281682088213,506.5333131598029,2.7046080128665215
2016Q3,uniao_soc_dt_g1,3.3762,,5.209993064746842,5.62140645770122,464.29393226646914,2.666793008024543,media 2003 = 100,,5.62140645770122,464.29393226646914,2.666793008024543
2016Q4,uniao_soc_dt_g1,6.9566,,10.662453841465515,7.77515717238446,642.1806223619798,2.8076571967019373,media 2003 = 100,,7.77515717238446,642.1806223619798,2.8076571967019373
2017Q1,uniao_soc_dt_g1,1.9621,,2.9791388118750612,3.88720619646078,321.0595540574744,2.50658559813572,media 2003 = 100,,3.88720619646078,321.0595540574744,2.50658559813572
2017Q2,uniao_soc_dt_g1,2.8781,,4.346163617435085,4.62362367217207,381.88315188134743,2.5819304983671185,media 2003 = 100,,4.62362367217207,381.88315188134743,2.5819304983671185
2017Q3,uniao_soc_dt_g1,2.5634,,3.8566748920223026,4.43073841088235,365.95200420250274,2.563424129993188,media 2003 = 100,,4.43073841088235,365.95200420250274,2.563424129993188
2017Q4,uniao_soc_dt_g1,4.6051,,6.8648531993343145,4.66820791888131,385.56553908774,2.5860982107784163,media 2003 = 100,,4.66820791888131,385.56553908774,2.5860982107784163
2018Q1,uniao_soc_dt_g1,2.7549,,4.069213442968307,5.7543937888148,475.27787576334197,2.6769475983100537,media 2003 = 100,,5.7543937888148,475.27787576334197,2.6769475983100537
2018Q2,uniao_soc_dt_g1,4.233,,6.185815958603911,6.42295900336769,530.4972901175701,2.7246831697830864,media 2003 = 100,,6.42295900336769,530.4972901175701,2.7246831697830864
2018Q3,uniao_soc_dt_g1,2.9194,,4.207127159915763,5.05783895491947,417.7466893419404,2.6209130167791357,media 2003 = 100,,5.05783895491947,417.7466893419404,2.6209130167791357
2018Q4,uniao_soc_dt_g1,5.3707,,7.689699217341869,5.06018365735918,417.940347481397,2.6211142994582755,media 2003 = 100,,5.06018365735918,417.940347481397,2.6211142994582755
2019Q1,uniao_soc_dt_g1,1.5873000000000002,,2.2526377207582224,3.35751604654535,277.31037412579934,2.4429661167517334,media 2003 = 100,,3.35751604654535,277.31037412579934,2.4429661167517334
2019Q2,uniao_soc_dt_g1,2.8798,,4.03418781454653,4.06705737916681,335.9141662385522,2.526228319380522,media 2003 = 100,,4.06705737916681,335.9141662385522,2.526228319380522
2019Q3,uniao_soc_dt_g1,2.8179,,3.9356603912875463,4.85018880164438,400.5960515210894,2.602706664350833,media 2003 = 100,,4.85018880164438,400.5960515210894,2.602706664350833
2019Q4,uniao_soc_dt_g1,5.4731,,7.5807042147731085,4.95109897676772,408.9306173217045,2.6116496281284927,media 2003 = 100,,4.95109897676772,408.9306173217045,2.6116496281284927
2020Q1,uniao_soc_dt_g1,2.4107,,3.294936154579221,5.0945184339895,420.7761908908951,2.6240511578157384,media 2003 = 100,,5.0945184339895,420.7761908908951,2.6240511578157384
2020Q2,uniao_soc_dt_g1,3.4533,,4.736404200108556,4.61396121505834,381.0850917797613,2.5810219593089636,media 2003 = 100,,4.61396121505834,381.0850917797613,2.5810219593089636
2020Q3,uniao_soc_dt_g1,3.5133,,4.781326171392764,5.89598197984773,486.9721978999516,2.6875041672858844,media 2003 = 100,,5.89598197984773,486.9721978999516,2.6875041672858844
2020Q4,uniao_soc_dt_g1,6.6985,,8.899707462175064,5.91319970308017,488.39427696226767,2.6887705662100494,media 2003 = 100,,5.91319970308017,488.39427696226767,2.6887705662100494
2021Q1,uniao_soc_dt_g1,0.7259,,0.9423509827332398,1.47856030251364,122.12007477357992,2.0867870615432897,media 2003 = 100,,5.776703209926873,477.1204980559397,2.6786280751239095
2021Q2,uniao_soc_dt_g1,4.1281,,5.256157586044534,4.94965239425083,408.8111384172402,2.611522720021091,media 2003 = 100,,4.94965239425083,408.8111384172402,2.611522720021091
2021Q3,uniao_soc_dt_g1,2.6557,,3.2963632064901116,4.03679778573024,333.41490813808116,2.522985014740195,media 2003 = 100,,4.03679778573024,333.41490813808116,2.522985014740195
2021Q4,uniao_soc_dt_g1,4.7328,,5.691151362071906,3.85407932158365,318.32347597521243,2.5028686685001436,media 2003 = 100,,3.85407932158365,318.32347597521243,2.5028686685001436
2022Q1,uniao_soc_dt_g1,4.1985,,4.921660457637834,7.93031421203164,654.9956487434866,2.816238414903279,media 2003 = 100,,7.93031421203164,654.9956487434866,2.816238414903279
2022Q2,uniao_soc_dt_g1,4.8087,,5.470845281537869,4.98215610569346,411.49574699562874,2.6143653509313385,media 2003 = 100,,4.98215610569346,411.49574699562874,2.6143653509313385
2022Q3,uniao_soc_dt_g1,2.492,,2.847040838401013,3.4144694578593,282.01437898542247,2.45027125213079,media 2003 = 100,,3.4144694578593,282.01437898542247,2.45027125213079
2022Q4,uniao_soc_dt_g1,3.5638,,4.040967663989183,2.80720554473551,231.85807873043862,2.3652222328042822,media 2003 = 100,,2.80720554473551,231.85807873043862,2.3652222328042822
2023Q1,uniao_soc_dt_g1,1.694,,1.8851983374017802,3.11065045864685,256.92078027430983,2.4097992323063813,media 2003 = 100,,3.11065045864685,256.92078027430983,2.4097992323063813
2023Q2,uniao_soc_dt_g1,4.4703,,4.901612479832877,4.35341026646879,359.56517049552986,2.555777616892719,media 2003 = 100,,4.35341026646879,359.56517049552986,2.555777616892719
2023Q3,uniao_soc_dt_g1,4.0243,,4.395711957777373,5.14100603755318,424.6157837797275,2.6279961336854547,media 2003 = 100,,5.14100603755318,424.6157837797275,2.6279961336854547
2023Q4,uniao_soc_dt_g1,6.9987,,7.578985564941141,5.3636558406735,443.00530131185093,2.646408923326248,media 2003 = 100,,5.3636558406735,443.00530131185093,2.646408923326248
2024Q1,uniao_soc_dt_g1,2.3551,,2.512668441035047,4.28072440057676,353.5617607173648,2.548465287994105,media 2003 = 100,,4.28072440057676,353.5617607173648,2.548465287994105
2024Q2,uniao_soc_dt_g1,5.4093,,5.705978549114301,4.99488507412293,412.5470822531456,2.6154735199062964,media 2003 = 100,,4.99488507412293,412.5470822531456,2.6154735199062964
2024Q3,uniao_soc_dt_g1,3.5368,,3.700869381405576,4.20514504745451,347.3193665188076,2.5407290002349066,media 2003 = 100,,4.20514504745451,347.3193665188076,2.5407290002349066
2024Q4,uniao_soc_dt_g1,5.6152999999999995,,5.801213703908498,4.16431157432952,343.946770363743,2.53649123580978,media 2003 = 100,,4.16431157432952,343.946770363743,2.53649123580978
2025Q1,uniao_soc_dt_g1,2.6437,,2.685417528783119,4.67509439634404,386.13432017921485,2.586738404063934,media 2003 = 100,,4.67509439634404,386.13432017921485,2.586738404063934
2025Q2,uniao_soc_dt_g1,6.641,,6.646334053909779,5.80511931033765,479.4674948615743,2.680759169836693,media 2003 = 100,,5.80511931033765,479.4674948615743,2.680759169836693
2025Q3,uniao_soc_dt_g1,6.313400000000001,,6.281159091516063,6.96513075899862,575.2773746533251,2.759877293795295,media 2003 = 100,,6.96513075899862,575.2773746533251,2.759877293795295
2025Q4,uniao_soc_dt_g1,8.7226,,8.625951053394934,6.24539273636847,515.8313980559847,2.712507773605417,media 2003 = 100,,6.24539273636847,515.8313980559847,2.712507773605417
2003Q1,uniao_transf_econ_g1,0.0093,,0.0320853190078127,0.262119633903817,148.5497818860222,,media 2003 = 100,,0.262119633903817,83.78179737199454,
2003Q2,uniao_transf_econ_g1,0.0443,,0.14884125684618554,0.277478684968249,157.25414199677556,,media 2003 = 100,,0.277478684968249,88.69104009044938,
2003Q3,uniao_transf_econ_g1,0.0568,,0.18934055495598318,0.28786918496023,163.14269938756559,,media 2003 = 100,,0.28786918496023,92.0121753749634,
2003Q4,uniao_transf_econ_g1,0.1007,,0.3312796030548339,-0.121657961533719,-68.94662327036339,,media 2003 = 100,,0.42397203136886596,135.51498716259266,
2004Q1,uniao_transf_econ_g1,0.0391,,0.1263629403896727,0.349328739337394,197.9733729298991,,media 2003 = 100,,0.349328739337394,111.65660969189098,
2004Q2,uniao_transf_econ_g1,0.1261,,0.4016223883336139,0.53622216493804,303.8905726277093,,media 2003 = 100,,0.53622216493804,171.3937109560296,
2004Q3,uniao_transf_econ_g1,0.1125,,0.35080841089078635,0.440054212574424,249.3897779513266,,media 2003 = 100,,0.440054212574424,140.65536534409958,
2004Q4,uniao_transf_econ_g1,0.3069,,0.9415058470455667,0.503375612104198,285.2756059176407,,media 2003 = 100,,0.503375612104198,160.89490477006007,
2005Q1,uniao_transf_econ_g1,0.0412,,0.12392440889927255,0.336850775051971,190.90179707968514,,media 2003 = 100,,0.336850775051971,107.66825422302935,
2005Q2,uniao_transf_econ_g1,0.0455,,0.1344356483862904,0.26827813263732597,152.03995784111225,,media 2003 = 100,,0.26827813263732597,85.75025004119013,
2005Q3,uniao_transf_econ_g1,0.1047,,0.30741012219623626,0.3887749259725,220.3285179207948,,media 2003 = 100,,0.3887749259725,124.26486938819832,
2005Q4,uniao_transf_econ_g1,0.25579999999999997,,0.7397061232743056,0.324932661222825,184.14750254842514,,media 2003 = 100,,0.324932661222825,103.85884482084668,
2006Q1,uniao_transf_econ_g1,0.1421,,0.4050961968530991,0.601238945414254,340.7372155702102,,media 2003 = 100,,0.601238945414254,192.17514822004028,
2006Q2,uniao_transf_econ_g1,0.1359,,0.3849950769157202,0.524597924543484,297.3028235549496,,media 2003 = 100,,0.524597924543484,167.67823287895655,
2006Q3,uniao_transf_econ_g1,0.1454,,0.4111413686591981,0.473363334408034,268.26689413489856,,media 2003 = 100,,0.473363334408034,151.30202333968728,
2006Q4,uniao_transf_econ_g1,0.39139999999999997,,1.0973512654878927,0.718498879732806,407.19136632406764,,media 2003 = 100,,0.718498879732806,229.6551641601482,
2007Q1,uniao_transf_econ_g1,0.0775,,0.21452577931696282,0.391781922030231,222.0326581328629,,media 2003 = 100,,0.391781922030231,125.22600126014214,
2007Q2,uniao_transf_econ_g1,0.0709,,0.19445615864606391,0.328907529582879,186.40016031052295,,media 2003 = 100,,0.328907529582879,105.12933955854572,
2007Q3,uniao_transf_econ_g1,0.167,,0.45396055635610766,0.508531663286612,288.197669660572,,media 2003 = 100,,0.508531663286612,162.54294322094222,
2007Q4,uniao_transf_econ_g1,0.5156,,1.3865822915773798,1.03254785085026,585.1708082538014,,media 2003 = 100,,1.03254785085026,330.03523440204674,
2008Q1,uniao_transf_econ_g1,0.094,,0.2486742743871339,0.420530831015404,238.32538712689026,,media 2003 = 100,,1.201787021752833,384.1294726427681,
2008Q2,uniao_transf_econ_g1,0.4627,,1.2021973437686206,1.32469475946675,750.7378011085984,,media 2003 = 100,,1.32469475946675,423.4147067293388,
2008Q3,uniao_transf_econ_g1,0.4215,,1.0782669358772474,1.12018722448661,634.8382430980167,,media 2003 = 100,,1.12018722448661,358.04757416635266,
2008Q4,uniao_transf_econ_g1,0.3474,,0.8794403030473139,0.557733607767497,316.0816477210846,,media 2003 = 100,,1.222720503183699,390.8204811468269,
2009Q1,uniao_transf_econ_g1,0.1861,,0.465409830233943,0.63962425241636,362.49113342011526,,media 2003 = 100,,1.227321793981347,392.29120048027306,
2009Q2,uniao_transf_econ_g1,0.3925,,0.9696132996947073,1.05545306462649,598.1517683590647,,media 2003 = 100,,1.05545306462649,337.3564714676628,
2009Q3,uniao_transf_econ_g1,0.4979,,1.2200052073985945,1.27135873428253,720.5109356510853,,media 2003 = 100,,1.27135873428253,406.36681150661144,
2009Q4,uniao_transf_econ_g1,0.6860999999999999,,1.6663288247042205,1.37030949532201,776.5888179178689,,media 2003 = 100,,1.37030949532201,437.99463155101313,
2010Q1,uniao_transf_econ_g1,0.4844,,1.1552245459871953,1.32563646679694,751.2714903115656,,media 2003 = 100,,1.32563646679694,423.7157064352617,
2010Q2,uniao_transf_econ_g1,0.3241,,0.7617445808210898,0.820388784442532,464.93493515024466,,media 2003 = 100,,0.820388784442532,262.22242828876557,
2010Q3,uniao_transf_econ_g1,0.32839999999999997,,0.7693128035638681,0.819050354192168,464.1764131013615,,media 2003 = 100,,0.819050354192168,261.7946232809435,
2010Q4,uniao_transf_econ_g1,0.8145,,1.8736092428066438,1.62105714244527,918.6938091916687,,media 2003 = 100,,0.713423985204511,228.03306596505504,
2011Q1,uniao_transf_econ_g1,0.2008,,0.45133542689210004,0.604879357967644,342.80032882398365,,media 2003 = 100,,0.604879357967644,193.3387402118195,
2011Q2,uniao_transf_econ_g1,0.3873,,0.8539906778171016,0.884292404142904,501.15072191462315,,media 2003 = 100,,0.884292404142904,282.64806385576077,
2011Q3,uniao_transf_econ_g1,0.1812,,0.3962057634878915,0.445517962059601,252.48622205288035,,media 2003 = 100,,0.445517962059601,142.40175398901278,
2011Q4,uniao_transf_econ_g1,1.1935,,2.5729538029526253,2.37057818805137,1343.4662163003454,,media 2003 = 100,,0.7090190814458801,226.62511819459473,
2012Q1,uniao_transf_econ_g1,0.2579,,0.5480740431358937,0.675798596918172,382.9920432740709,,media 2003 = 100,,0.675798596918172,216.00679150976038,
2012Q2,uniao_transf_econ_g1,0.3498,,0.734555069109443,0.747088838924698,423.3940144768735,,media 2003 = 100,,0.747088838924698,238.79342722047136,
2012Q3,uniao_transf_econ_g1,0.1654,,0.3436486877552317,0.378901171256529,214.73281306035008,,media 2003 = 100,,0.378901171256529,121.10890237956968,
2012Q4,uniao_transf_econ_g1,0.4638,,0.9467657333264744,0.808165366262736,458.007616973169,,media 2003 = 100,,0.808165366262736,258.31543387602113,
2013Q1,uniao_transf_econ_g1,0.0495,,0.09891127303602894,0.191878687021138,108.74247259183015,,media 2003 = 100,,0.191878687021138,61.330549858421904,
2013Q2,uniao_transf_econ_g1,0.020999999999999998,,0.04138202405343536,0.0383774387344908,21.749458704969495,,media 2003 = 100,,0.0383774387344908,12.26665377111387,
2013Q3,uniao_transf_econ_g1,0.0166,,0.03251502978036595,0.0598501383761837,33.918577060475855,,media 2003 = 100,,0.0598501383761837,19.130013617977355,
2013Q4,uniao_transf_econ_g1,0.029599999999999998,,0.05708856984098065,-0.0268330447396933,-15.206960592970944,,media 2003 = 100,,-0.0268330447396933,-8.576697150735304,
2014Q1,uniao_transf_econ_g1,0.028,,0.05287910626763602,0.105910528209054,60.022157175228955,,media 2003 = 100,,0.105910528209054,33.85238366854998,
2014Q2,uniao_transf_econ_g1,0.08270000000000001,,0.15317383621035993,0.153219736824106,86.83347426849596,,media 2003 = 100,,0.153219736824106,48.973916042847975,
2014Q3,uniao_transf_econ_g1,0.07949999999999999,,0.14609554307134745,0.159621672319857,90.46161195272285,,media 2003 = 100,,0.159621672319857,51.02017886759465,
2014Q4,uniao_transf_econ_g1,0.0345,,0.06246841163675782,0.0193361156645741,10.958262537286233,,media 2003 = 100,,0.0193361156645741,6.180439444552445,
2015Q1,uniao_transf_econ_g1,0.0455,,0.07981570488703474,0.104479896242836,59.211382097545005,,media 2003 = 100,,0.104479896242836,33.395108050838886,
2015Q2,uniao_transf_econ_g1,0.046799999999999994,,0.07988014827472414,0.0843998891205792,47.831537582061024,,media 2003 = 100,,0.0843998891205792,26.976897164116647,
2015Q3,uniao_transf_econ_g1,0.0579,,0.09714757440738615,0.0995389368859152,56.411216295972075,,media 2003 = 100,,0.0995389368859152,31.815819809437254,
2015Q4,uniao_transf_econ_g1,0.0363,,0.059556825806281286,0.0399761067713869,22.6554640455546,,media 2003 = 100,,0.0399761067713869,12.77763907785156,
2016Q1,uniao_transf_econ_g1,0.0353,,0.05621986879381697,0.0672994419533316,38.14028454994283,,media 2003 = 100,,0.0672994419533316,21.51104869561711,
2016Q2,uniao_transf_econ_g1,0.0049,,0.007662617222092879,0.0135726749339235,7.691975877640872,,media 2003 = 100,,0.0135726749339235,4.3382599165661695,
2016Q3,uniao_transf_econ_g1,0.0051,,0.00787008015822786,0.00588150313008375,3.3331955875403625,,media 2003 = 100,,0.00588150313008375,1.8799160373779722,
2016Q4,uniao_transf_econ_g1,0.0298,,0.04567477280218388,0.0348603967195112,19.756262634808238,,media 2003 = 100,,0.0348603967195112,11.142494939288484,
2017Q1,uniao_transf_econ_g1,0.0092,,0.013968746276566212,0.0201115440268411,11.397717271628133,,media 2003 = 100,,0.0201115440268411,6.428291087546081,
2017Q2,uniao_transf_econ_g1,0.0049,,0.0073993960339918405,0.0131556319781322,7.455627157030983,,media 2003 = 100,,0.0131556319781322,4.204959683015769,
2017Q3,uniao_transf_econ_g1,0.0051,,0.007673028770115372,0.00887871011772993,5.031788087656082,,media 2003 = 100,,0.00887871011772993,2.837919010222967,
2017Q4,uniao_transf_econ_g1,0.0165,,0.024596659744417316,0.00972039353963265,5.508791228850036,,media 2003 = 100,,0.00972039353963265,3.1069478840046876,
2018Q1,uniao_transf_econ_g1,0.004,,0.005908328350166332,0.0130726449730518,7.408596336331032,,media 2003 = 100,,0.0130726449730518,4.178434388665992,
2018Q2,uniao_transf_econ_g1,0.0165,,0.024111968655082576,0.031242030928411,17.705643835115367,,media 2003 = 100,,0.031242030928411,9.985949796092711,
2018Q3,uniao_transf_econ_g1,0.0116,,0.016716679816065918,0.0185246470537161,10.498382888611987,,media 2003 = 100,,0.0185246470537161,5.921068188320697,
2018Q4,uniao_transf_econ_g1,0.0386,,0.05526698378040035,0.0375793077244347,21.297137809756393,,media 2003 = 100,,0.0375793077244347,12.011545637606545,
2019Q1,uniao_transf_econ_g1,2e-4,,2.8383263664817263e-4,0.0100349711400804,5.687070258302247,,media 2003 = 100,,0.0100349711400804,3.207496921045357,
2019Q2,uniao_transf_econ_g1,0.0044,,0.00616377053406651,0.0123249047755191,6.984833180566619,,media 2003 = 100,,0.0123249047755191,3.939432766454174,
2019Q3,uniao_transf_econ_g1,0.010799999999999999,,0.01508397467117552,0.0163523976188238,9.267314559431831,,media 2003 = 100,,0.0163523976188238,5.226747967873731,
2019Q4,uniao_transf_econ_g1,0.0224,,0.031025885587860198,0.0129114053119797,7.317217769502933,,media 2003 = 100,,0.0129114053119797,4.126897048974648,
2020Q1,uniao_transf_econ_g1,0.0234,,0.03198303646955398,0.0447828537150154,25.379568300634286,,media 2003 = 100,,0.0447828537150154,14.314028750199842,
2020Q2,uniao_transf_econ_g1,0.0066,,0.009052288454729236,0.012726037315684,7.212165068916301,,media 2003 = 100,,0.012726037315684,4.0676475235819876,
2020Q3,uniao_transf_econ_g1,0.0299,,0.040691558513262074,0.0404355879576854,22.9158635775882,,media 2003 = 100,,0.0404355879576854,12.924503923774664,
2020Q4,uniao_transf_econ_g1,0.0402,,0.05341020228102375,0.0384216713013488,21.774526411883144,,media 2003 = 100,,0.0384216713013488,12.280791910628817,
2021Q1,uniao_transf_econ_g1,8e-4,,0.001038546337218063,0.012953513605359,7.341081597267102,,media 2003 = 100,,0.012953513605359,4.140356202915323,
2021Q2,uniao_transf_econ_g1,0.0383,,0.04876597842724393,0.0519918114731585,29.465065776152123,,media 2003 = 100,,0.0519918114731585,16.61824163635716,
2021Q3,uniao_transf_econ_g1,0.0262,,0.03252050909742852,0.0322066188774828,18.25230005964329,,media 2003 = 100,,0.0322066188774828,10.294262877768446,
2021Q4,uniao_transf_econ_g1,0.0354,,0.04256819603983804,0.027323061779291,15.484665560235559,,media 2003 = 100,,0.027323061779291,8.73332222955509,
2022Q1,uniao_transf_econ_g1,0.01,,0.011722425765482516,0.024082122078413,13.647943608121746,,media 2003 = 100,,0.024082122078413,7.697414505780954,
2022Q2,uniao_transf_econ_g1,0.0118,,0.013424828814886946,0.0168657550802262,9.558247130125377,,media 2003 = 100,,0.0168657550802262,5.390833390129432,
2022Q3,uniao_transf_econ_g1,0.0134,,0.015309128103761466,0.0158768460210734,8.997807521484063,,media 2003 = 100,,0.0158768460210734,5.0747465057578784,
2022Q4,uniao_transf_econ_g1,0.013300000000000001,,0.015080776118484802,-0.00222439982449504,-1.2606232651663738,,media 2003 = 100,,-0.00222439982449504,-0.7109891487126401,
2023Q1,uniao_transf_econ_g1,0,,0,0.0116076767303086,6.578362028094106,,media 2003 = 100,,0.0116076767303086,3.7101838015506616,
2023Q2,uniao_transf_econ_g1,0.013,,0.014254292158876896,0.0205099755204082,11.6235184090112,,media 2003 = 100,,0.0205099755204082,6.555642504010018,
2023Q3,uniao_transf_econ_g1,0.0023,,0.0025122723213696686,0.00492720364145294,2.7923700920260983,,media 2003 = 100,,0.00492720364145294,1.574891475890897,
2023Q4,uniao_transf_econ_g1,0.0056,,0.006064314681822394,-0.016746828292691,-9.490848331776522,,media 2003 = 100,,-0.016746828292691,-5.352820594723833,
2024Q1,uniao_transf_econ_g1,0.0046,,0.004907763928818825,0.0171514533815687,9.720159535226662,,media 2003 = 100,,0.0171514533815687,5.482151681842686,
2024Q2,uniao_transf_econ_g1,0.0117,,0.012341698375878086,0.0218861550054906,12.403433897600749,,media 2003 = 100,,0.0218861550054906,6.995513371558146,
2024Q3,uniao_transf_econ_g1,0.0206,,0.021555617862744535,0.0255829719101763,14.498512914326108,,media 2003 = 100,,0.0255829719101763,8.177133993473836,
2024Q4,uniao_transf_econ_g1,0.0803,,0.08295860602707823,0.0552103100118041,31.289069757829143,,media 2003 = 100,,0.0552103100118041,17.646976448743676,
2025Q1,uniao_transf_econ_g1,0.0061,,0.006196257867979357,0.0177221250506451,10.043573507340398,,media 2003 = 100,,0.0177221250506451,5.664556553360404,
2025Q2,uniao_transf_econ_g1,0.0047,,0.004703775041917778,0.0185597603565161,10.518282479476484,,media 2003 = 100,,0.0185597603565161,5.932291520111747,
2025Q3,uniao_transf_econ_g1,0.0373,,0.03710951850247871,0.0424773315609229,24.07297097321124,,media 2003 = 100,,0.0424773315609229,13.577110316910325,
2025Q4,uniao_transf_econ_g1,0.1264,,0.12499945121284017,0.0920769589985253,52.18232595646841,,media 2003 = 100,,0.0920769589985253,29.430733617896912,
2003Q1,uniao_transf_soc_g1,0.0806,,0.2780727647343768,0.604323551051035,68.06252897077108,1.8329080819570527,media 2003 = 100,,0.604323551051035,68.06252897077108,1.8329080819570527
2003Q2,uniao_transf_soc_g1,0.2278,,0.7653733252722589,0.76851420870521,86.5546618255661,1.9372904638994017,media 2003 = 100,,0.76851420870521,86.5546618255661,1.9372904638994017
2003Q3,uniao_transf_soc_g1,0.2175,,0.7250276532205341,0.964603393879528,108.63939743378472,2.0359873481375677,media 2003 = 100,,0.964603393879528,108.63939743378472,2.0359873481375677
2003Q4,uniao_transf_soc_g1,0.6598,,2.1705887000554065,1.21413743264072,136.7434117698781,2.135906411415613,media 2003 = 100,,1.21413743264072,136.7434117698781,2.135906411415613
2004Q1,uniao_transf_soc_g1,0.2395,,0.7740134072462048,1.65519935795219,186.41844101076373,2.2704888717147167,media 2003 = 100,,1.65519935795219,186.41844101076373,2.2704888717147167
2004Q2,uniao_transf_soc_g1,0.4804,,1.530050716538209,1.54831652801345,174.3806581103102,2.241498312352266,media 2003 = 100,,1.54831652801345,174.3806581103102,2.241498312352266
2004Q3,uniao_transf_soc_g1,0.3892,,1.2136411868328358,1.57863913352139,177.79577111105962,2.249921427022424,media 2003 = 100,,1.57863913352139,177.79577111105962,2.249921427022424
2004Q4,uniao_transf_soc_g1,0.8683,,2.6637651579982586,1.50638515043278,169.65809583980942,2.229574588382348,media 2003 = 100,,1.50638515043278,169.65809583980942,2.229574588382348
2005Q1,uniao_transf_soc_g1,0.13169999999999998,,0.39613700611733477,0.836182066098221,94.17582022025668,1.9739394113608926,media 2003 = 100,,0.836182066098221,94.17582022025668,1.9739394113608926
2005Q2,uniao_transf_soc_g1,0.3387,,1.000733057328276,1.02214963009475,115.1205983777913,2.0611530383251564,media 2003 = 100,,1.02214963009475,115.1205983777913,2.0611530383251564
2005Q3,uniao_transf_soc_g1,0.2882,,0.8461852647273667,1.02951929706961,115.95061430404303,2.0642730538636083,media 2003 = 100,,1.02951929706961,115.95061430404303,2.0642730538636083
2005Q4,uniao_transf_soc_g1,0.8324,,2.4070812236650982,1.41021202448471,158.82650379004443,2.2009229759835405,media 2003 = 100,,1.41021202448471,158.82650379004443,2.2009229759835405
2006Q1,uniao_transf_soc_g1,0.2844,,0.8107625502112694,1.6630894562854,187.30707102601357,2.2725541727282192,media 2003 = 100,,1.6630894562854,187.30707102601357,2.2725541727282192
2006Q2,uniao_transf_soc_g1,0.7508,,2.126963235822831,2.19258206273634,246.94169192354127,2.3925944193922555,media 2003 = 100,,2.19258206273634,246.94169192354127,2.3925944193922555
2006Q3,uniao_transf_soc_g1,0.5117,,1.446912230694028,1.59437784579206,179.56835892105323,2.2542298136420285,media 2003 = 100,,1.59437784579206,179.56835892105323,2.2542298136420285
2006Q4,uniao_transf_soc_g1,1.2417,,3.4813006294233944,2.17838673344332,245.34292912573957,2.3897735459691676,media 2003 = 100,,2.17838673344332,245.34292912573957,2.3897735459691676
2007Q1,uniao_transf_soc_g1,0.47750000000000004,,1.3217556080496742,2.55637222967446,287.91391406091157,2.459262653602836,media 2003 = 100,,2.55637222967446,287.91391406091157,2.459262653602836
2007Q2,uniao_transf_soc_g1,0.502,,1.3768263983120463,1.42390674586511,160.3688851337452,2.205120110048292,media 2003 = 100,,1.42390674586511,160.3688851337452,2.205120110048292
2007Q3,uniao_transf_soc_g1,0.761,,2.068646607107772,2.04677363600104,230.5198757431293,2.362708376812113,media 2003 = 100,,2.04677363600104,230.5198757431293,2.362708376812113
2007Q4,uniao_transf_soc_g1,1.597,,4.294747710723576,2.96177398565681,333.5726819731685,2.523190476755564,media 2003 = 100,,2.96177398565681,333.5726819731685,2.523190476755564
2008Q1,uniao_transf_soc_g1,0.6218,,1.6449538703608495,2.87325617968982,323.6032777979065,2.5100129119585723,media 2003 = 100,,2.87325617968982,323.6032777979065,2.5100129119585723
2008Q2,uniao_transf_soc_g1,1.9256,,5.003136384613909,5.22537612222438,588.5130789351572,2.769756118914799,media 2003 = 100,,5.22537612222438,588.5130789351572,2.769756118914799
2008Q3,uniao_transf_soc_g1,2.6982,,6.902443289167234,6.29909410706307,709.4416135296161,2.8509166591799566,media 2003 = 100,,6.29909410706307,709.4416135296161,2.8509166591799566
2008Q4,uniao_transf_soc_g1,1.5932,,4.033172972984976,3.05020842405691,343.5326967949512,2.5359680786934886,media 2003 = 100,,3.05020842405691,343.5326967949512,2.5359680786934886
2009Q1,uniao_transf_soc_g1,0.7431,,1.858388204443004,2.99303031672308,337.09295672502634,2.527749678396346,media 2003 = 100,,2.99303031672308,337.09295672502634,2.527749678396346
2009Q2,uniao_transf_soc_g1,1.4218,,3.512346979632955,3.6303708948095,408.87406054732566,2.6115895592740808,media 2003 = 100,,3.6303708948095,408.87406054732566,2.6115895592740808
2009Q3,uniao_transf_soc_g1,2.1250999999999998,,5.207136104122822,4.57886435356161,515.699060835045,2.712396340492367,media 2003 = 100,,4.57886435356161,515.699060835045,2.712396340492367
2009Q4,uniao_transf_soc_g1,2.3930000000000002,,5.811871268790556,4.7019661182674,529.5635170722193,2.7239180578516136,media 2003 = 100,,4.7019661182674,529.5635170722193,2.7239180578516136
2010Q1,uniao_transf_soc_g1,1.9367,,4.618751812992158,7.05973065962194,795.109046653356,2.900426694835276,media 2003 = 100,,7.05973065962194,795.109046653356,2.900426694835276
2010Q2,uniao_transf_soc_g1,2.0968,,4.928188944972728,4.95540224810068,558.1070082186714,2.746717476040379,media 2003 = 100,,4.95540224810068,558.1070082186714,2.746717476040379
2010Q3,uniao_transf_soc_g1,2.3205999999999998,,5.436258501675738,4.82821950328987,543.7829276194414,2.7354255685382434,media 2003 = 100,,4.82821950328987,543.7829276194414,2.7354255685382434
2010Q4,uniao_transf_soc_g1,1.9261,,4.430643047967927,3.69760886885526,416.4468029110252,2.6195595323268672,media 2003 = 100,,3.69760886885526,416.4468029110252,2.6195595323268672
2011Q1,uniao_transf_soc_g1,1.4642,,3.291062410634526,4.8045248520383,541.114294427077,2.733289006689565,media 2003 = 100,,4.8045248520383,541.114294427077,2.733289006689565
2011Q2,uniao_transf_soc_g1,1.7334,,3.8221209422364164,3.76008992858668,423.4837931635118,2.626836794420356,media 2003 = 100,,3.76008992858668,423.4837931635118,2.626836794420356
2011Q3,uniao_transf_soc_g1,2.0512,,4.485084227739311,4.15222442947574,467.6483235393048,2.669919381792885,media 2003 = 100,,4.15222442947574,467.6483235393048,2.669919381792885
2011Q4,uniao_transf_soc_g1,3.029,,6.529934703932553,5.40418486516101,608.651587893124,2.7843687593724935,media 2003 = 100,,5.40418486516101,608.651587893124,2.7843687593724935
2012Q1,uniao_transf_soc_g1,1.6924,,3.5965898045877722,5.02989242785149,566.4965373186209,2.753197259604515,media 2003 = 100,,5.02989242785149,566.4965373186209,2.753197259604515
2012Q2,uniao_transf_soc_g1,4.1112,,8.633226987200521,8.58895096096597,967.338973621947,2.9855786856416135,media 2003 = 100,,8.58895096096597,967.338973621947,2.9855786856416135
2012Q3,uniao_transf_soc_g1,3.2558000000000002,,6.764518727892887,6.54590364863935,737.2387787146938,2.8676081710110504,media 2003 = 100,,6.54590364863935,737.2387787146938,2.8676081710110504
2012Q4,uniao_transf_soc_g1,4.5564,,9.301085354309503,7.44882837277688,838.9315558506394,2.923726530400923,media 2003 = 100,,7.44882837277688,838.9315558506394,2.923726530400923
2013Q1,uniao_transf_soc_g1,1.6262,,3.2494850951755607,4.39389016470412,494.86616252078653,2.694487759058868,media 2003 = 100,,4.39389016470412,494.86616252078653,2.694487759058868
2013Q2,uniao_transf_soc_g1,2.8080000000000003,,5.5333677877165,5.66928981454498,638.509291215061,2.8051672212455934,media 2003 = 100,,5.66928981454498,638.509291215061,2.8051672212455934
2013Q3,uniao_transf_soc_g1,2.432,,4.763647736496988,4.8380120151296,544.8858188101439,2.7363055051097516,media 2003 = 100,,4.8380120151296,544.8858188101439,2.7363055051097516
2013Q4,uniao_transf_soc_g1,2.6808,,5.170372906408816,3.90628012773543,439.94860683410184,2.6434019467771814,media 2003 = 100,,3.90628012773543,439.94860683410184,2.6434019467771814
2014Q1,uniao_transf_soc_g1,2.9983,,5.662408011509038,7.66164094058664,862.8997787284412,2.9359603576239683,media 2003 = 100,,7.66164094058664,862.8997787284412,2.9359603576239683
2014Q2,uniao_transf_soc_g1,3.1675,,5.866724621479021,6.2059277946317,698.948666782908,2.844445280822125,media 2003 = 100,,6.2059277946317,698.948666782908,2.844445280822125
2014Q3,uniao_transf_soc_g1,4.2783,,7.862145432982967,8.2628836321697,930.6153228987206,2.9687701990629,media 2003 = 100,,8.2628836321697,930.6153228987206,2.9687701990629
2014Q4,uniao_transf_soc_g1,1.9352,,3.5040252231725715,2.54027914780769,286.10141502975347,2.4565200057888137,media 2003 = 100,,7.981969849379987,898.9771343056054,2.953748645491637
2015Q1,uniao_transf_soc_g1,2.2915,,4.019729401069013,5.37907386480417,605.8234370022644,2.7823460705218754,media 2003 = 100,,5.37907386480417,605.8234370022644,2.7823460705218754
2015Q2,uniao_transf_soc_g1,1.8725,,3.1960593513765168,3.49891152884329,394.0683213220497,2.595571523858238,media 2003 = 100,,3.49891152884329,394.0683213220497,2.595571523858238
2015Q3,uniao_transf_soc_g1,2.5411,,4.263587242255768,4.71962660466099,531.5525465659583,2.725546203112624,media 2003 = 100,,4.71962660466099,531.5525465659583,2.725546203112624
2015Q4,uniao_transf_soc_g1,3.5661,,5.850842879002196,3.9616176334368,446.1810473511381,2.6495111186021614,media 2003 = 100,,3.9616176334368,446.1810473511381,2.6495111186021614
2016Q1,uniao_transf_soc_g1,2.7443,,4.370656825237164,6.0927922692692,686.2066679658567,2.836454933840684,media 2003 = 100,,6.0927922692692,686.2066679658567,2.836454933840684
2016Q2,uniao_transf_soc_g1,2.7007,,4.223353128919641,4.70627216243327,530.048489493498,2.7243156012162384,media 2003 = 100,,4.70627216243327,530.048489493498,2.7243156012162384
2016Q3,uniao_transf_soc_g1,2.1595,,3.3324388434692276,3.85483151351975,434.1541565111407,2.637643963233191,media 2003 = 100,,3.85483151351975,434.1541565111407,2.637643963233191
2016Q4,uniao_transf_soc_g1,5.7583,,8.82580685324884,5.67427433674697,639.0706778864698,2.8055488915209503,media 2003 = 100,,5.67427433674697,639.0706778864698,2.8055488915209503
2017Q1,uniao_transf_soc_g1,1.2479,,1.89473896505728,2.76925074729209,311.88956460010616,2.4940008440985757,media 2003 = 100,,2.76925074729209,311.88956460010616,2.4940008440985757
2017Q2,uniao_transf_soc_g1,1.9557,,2.9532650660567024,3.29032096734728,370.57560602051973,2.56887682750483,media 2003 = 100,,3.29032096734728,370.57560602051973,2.56887682750483
2017Q3,uniao_transf_soc_g1,1.7117,,2.5752790874130356,3.1843438998503,358.6398354979153,2.5546585266541775,media 2003 = 100,,3.1843438998503,358.6398354979153,2.5546585266541775
2017Q4,uniao_transf_soc_g1,3.5941,,5.357748774994562,3.22513809155732,363.23432110098213,2.5601868771853833,media 2003 = 100,,3.22513809155732,363.23432110098213,2.5601868771853833
2018Q1,uniao_transf_soc_g1,2.0481,,3.025211823493916,4.89572946399853,551.3863027461551,2.7414559733844666,media 2003 = 100,,4.89572946399853,551.3863027461551,2.7414559733844666
2018Q2,uniao_transf_soc_g1,3.2505,,4.750057825051267,5.13713717625295,578.5750816386998,2.7623597253025465,media 2003 = 100,,5.13713717625295,578.5750816386998,2.7623597253025465
2018Q3,uniao_transf_soc_g1,1.9467,,2.8053759136151317,3.63300660883139,409.17091040806923,2.61190475041078,media 2003 = 100,,3.63300660883139,409.17091040806923,2.61190475041078
2018Q4,uniao_transf_soc_g1,4.2414,,6.072781994979016,3.56394785786853,401.39310126937164,2.6035699040099853,media 2003 = 100,,3.56394785786853,401.39310126937164,2.6035699040099853
2019Q1,uniao_transf_soc_g1,0.7517,,1.0667849648421568,1.82320473597845,205.34021046566951,2.3124740028211104,media 2003 = 100,,1.82320473597845,205.34021046566951,2.3124740028211104
2019Q2,uniao_transf_soc_g1,1.7781,,2.4908637242326503,2.60812368722308,293.74247240942634,2.4679667459761783,media 2003 = 100,,2.60812368722308,293.74247240942634,2.4679667459761783
2019Q3,uniao_transf_soc_g1,1.9099,,2.6674891874516784,3.6338166133104,409.2621379520284,2.612001568639669,media 2003 = 100,,3.6338166133104,409.2621379520284,2.612001568639669
2019Q4,uniao_transf_soc_g1,4.5035,,6.237726595755732,3.57656553443947,402.8141793916123,2.605104749674899,media 2003 = 100,,3.57656553443947,402.8141793916123,2.605104749674899
2020Q1,uniao_transf_soc_g1,1.6997,,2.3231438926196963,4.24351486196728,477.9299974793709,2.6793642900539756,media 2003 = 100,,4.24351486196728,477.9299974793709,2.6793642900539756
2020Q2,uniao_transf_soc_g1,2.136,,2.929649718076007,2.95279942589881,332.56191343292807,2.5218725102682193,media 2003 = 100,,2.95279942589881,332.56191343292807,2.5218725102682193
2020Q3,uniao_transf_soc_g1,2.2904,,3.117055037417239,4.27857041464595,481.87816326842335,2.6829372463117886,media 2003 = 100,,4.27857041464595,481.87816326842335,2.6829372463117886
2020Q4,uniao_transf_soc_g1,5.6335999999999995,,7.484868546526751,4.34450504186568,489.3041149254702,2.6895788680834833,media 2003 = 100,,4.34450504186568,489.3041149254702,2.6895788680834833
2021Q1,uniao_transf_soc_g1,0.3214,,0.4172359909773568,0.779594114319763,87.80254699497968,1.943507114195639,media 2003 = 100,,3.3329436140040007,375.37602314449015,2.5744665289443684
2021Q2,uniao_transf_soc_g1,2.7788,,3.5381436254210294,3.43497443660975,386.86734398981815,2.587562071867585,media 2003 = 100,,3.43497443660975,386.86734398981815,2.587562071867585
2021Q3,uniao_transf_soc_g1,1.576,,1.9561955090666927,2.65839124231821,299.40390479775823,2.476257460072033,media 2003 = 100,,2.65839124231821,299.40390479775823,2.476257460072033
2021Q4,uniao_transf_soc_g1,3.4659,,4.167714990239397,2.46374007273025,277.48112709658574,2.443233449885566,media 2003 = 100,,2.46374007273025,277.48112709658574,2.443233449885566
2022Q1,uniao_transf_soc_g1,3.2849,,3.8506996397033517,7.545081627362,849.7721724662533,2.9293025051222545,media 2003 = 100,,7.545081627362,849.7721724662533,2.9293025051222545
2022Q2,uniao_transf_soc_g1,3.3044000000000002,,3.7594071471112227,3.48234208263636,392.20217129276915,2.593509993660827,media 2003 = 100,,3.48234208263636,392.20217129276915,2.593509993660827
2022Q3,uniao_transf_soc_g1,1.0808,,1.2347840040705516,1.60632945832619,180.9144209319361,2.25747318643717,media 2003 = 100,,1.60632945832619,180.9144209319361,2.25747318643717
2022Q4,uniao_transf_soc_g1,2.1579,,2.446827577900628,1.50745733411424,169.77885157199034,2.229883591575764,media 2003 = 100,,1.50745733411424,169.77885157199034,2.229883591575764
2023Q1,uniao_transf_soc_g1,0.8438,,0.9390379912040273,1.90649086296067,214.72039169595877,2.3318732907357234,media 2003 = 100,,1.90649086296067,214.72039169595877,2.3318732907357234
2023Q2,uniao_transf_soc_g1,2.8029,,3.0733350378550814,2.72092576090149,306.44691590554197,2.4863552549524632,media 2003 = 100,,2.72092576090149,306.44691590554197,2.4863552549524632
2023Q3,uniao_transf_soc_g1,2.9,,3.1676477095530604,3.93453038827464,443.1303199628352,2.646531466443383,media 2003 = 100,,3.93453038827464,443.1303199628352,2.646531466443383
2023Q4,uniao_transf_soc_g1,5.4549,,5.907183956763031,3.7759151902309,425.26612868106105,2.628660793688146,media 2003 = 100,,3.7759151902309,425.26612868106105,2.628660793688146
2024Q1,uniao_transf_soc_g1,1.4415,,1.5379438485635515,3.27772378389871,369.1568359561606,2.567210914992131,media 2003 = 100,,3.27772378389871,369.1568359561606,2.567210914992131
2024Q2,uniao_transf_soc_g1,4.1465,,4.373919001331493,3.75839342519932,423.29272281593,2.6266408022135517,media 2003 = 100,,3.75839342519932,423.29272281593,2.6266408022135517
2024Q3,uniao_transf_soc_g1,2.3484000000000003,,2.4573404363528772,2.8804490481086,324.4133816144543,2.5110987599702383,media 2003 = 100,,2.8804490481086,324.4133816144543,2.5110987599702383
2024Q4,uniao_transf_soc_g1,3.9697999999999998,,4.101233800825594,2.72284939843557,306.6635674577855,2.4866621835733387,media 2003 = 100,,2.72284939843557,306.6635674577855,2.4866621835733387
2025Q1,uniao_transf_soc_g1,1.5908,,1.6159027895707476,3.54863782019875,399.66879335413205,2.6017002393204045,media 2003 = 100,,3.54863782019875,399.66879335413205,2.6017002393204045
2025Q2,uniao_transf_soc_g1,5.223,,5.227195115731181,4.42493568370273,498.3626943580457,2.6975455251422296,media 2003 = 100,,4.42493568370273,498.3626943580457,2.6975455251422296
2025Q3,uniao_transf_soc_g1,4.8733,,4.848413311478003,5.43973136777314,612.6550473969609,2.787216015824606,media 2003 = 100,,5.43973136777314,612.6550473969609,2.787216015824606
2025Q4,uniao_transf_soc_g1,6.9297,,6.852916907196349,4.66637330153588,525.5548413955438,2.7206180411497196,media 2003 = 100,,4.66637330153588,525.5548413955438,2.7206180411497196
2003Q1,uniao_filtro_diss_imprazao,0.49540246134,,1.7091554848762904,2.43819991237996,111.68311824998273,2.0479875311732028,media 2003 = 100,,2.43819991237996,111.68311824998273,2.0479875311732028
2003Q2,uniao_filtro_diss_imprazao,0.51543968411,,1.7317988806170033,2.21777268364265,101.58632506760787,2.00683524980427,media 2003 = 100,,2.21777268364265,101.58632506760787,2.00683524980427
2003Q3,uniao_filtro_diss_imprazao,0.54753908483,,1.8251998975669603,1.97011725495549,90.24232887316948,1.9554102945705136,media 2003 = 100,,1.97011725495549,90.24232887316948,1.9554102945705136
2003Q4,uniao_filtro_diss_imprazao,1.01853082605,,3.3507297691455418,2.10647403364584,96.48822780923994,1.984474329827115,media 2003 = 100,,2.10647403364584,96.48822780923994,1.984474329827115
2004Q1,uniao_filtro_diss_imprazao,0.5890788247100001,,1.903778322548547,2.72599033257211,124.86552030255214,2.0964425311714416,media 2003 = 100,,2.72599033257211,124.86552030255214,2.0964425311714416
2004Q2,uniao_filtro_diss_imprazao,0.7184973049400001,,2.2883790929521632,2.9081547197909,133.20966250983858,2.1245357280062507,media 2003 = 100,,2.9081547197909,133.20966250983858,2.1245357280062507
2004Q3,uniao_filtro_diss_imprazao,1.13848628775,,3.5501383593469154,3.7898648399433,173.59689044434663,2.239541941606853,media 2003 = 100,,3.7898648399433,173.59689044434663,2.239541941606853
2004Q4,uniao_filtro_diss_imprazao,2.11437136606,,6.48645488423334,4.13067303554925,189.20780151737227,2.276939039497556,media 2003 = 100,,4.13067303554925,189.20780151737227,2.276939039497556
2005Q1,uniao_filtro_diss_imprazao,0.7274956066799999,,2.188215122199919,3.13512831702208,143.60631578280595,2.1571735405281776,media 2003 = 100,,3.13512831702208,143.60631578280595,2.1571735405281776
2005Q2,uniao_filtro_diss_imprazao,1.21196488255,,3.580907358396122,4.48452142179706,205.41602585665746,2.312634322754987,media 2003 = 100,,4.48452142179706,205.41602585665746,2.312634322754987
2005Q3,uniao_filtro_diss_imprazao,1.30820073848,,3.8410138383318366,4.02406930183357,184.32475753972057,2.265583671305744,media 2003 = 100,,4.02406930183357,184.32475753972057,2.265583671305744
2005Q4,uniao_filtro_diss_imprazao,3.02754652092,,8.75486591095522,5.6893830845223,260.6053919417646,2.41598339704936,media 2003 = 100,,5.6893830845223,260.6053919417646,2.41598339704936
2006Q1,uniao_filtro_diss_imprazao,1.33733204127,,3.8124428138512934,5.50493764238325,252.1567647309718,2.4016706236786707,media 2003 = 100,,5.50493764238325,252.1567647309718,2.4016706236786707
2006Q2,uniao_filtro_diss_imprazao,1.5059220335399999,,4.266170486621119,5.1636962848888,236.52601243402967,2.373878910128074,media 2003 = 100,,5.1636962848888,236.52601243402967,2.373878910128074
2006Q3,uniao_filtro_diss_imprazao,1.99847220326,,5.6509944764489655,5.85500704470222,268.1918905860652,2.4284456417968294,media 2003 = 100,,5.85500704470222,268.1918905860652,2.4284456417968294
2006Q4,uniao_filtro_diss_imprazao,3.06673443493,,8.598070805022314,5.72232293512517,262.1142203242684,2.418490583101623,media 2003 = 100,,5.72232293512517,262.1142203242684,2.418490583101623
2007Q1,uniao_filtro_diss_imprazao,1.70552995842,,4.721034109399713,6.84205766861414,313.4042995396323,2.496104950184673,media 2003 = 100,,6.84205766861414,313.4042995396323,2.496104950184673
2007Q2,uniao_filtro_diss_imprazao,2.3859664945500003,,6.54394752028784,7.64902157742244,350.36773522564795,2.5445241058903614,media 2003 = 100,,7.64902157742244,350.36773522564795,2.5445241058903614
2007Q3,uniao_filtro_diss_imprazao,2.59897990144,,7.064876419257749,7.2169784270399,330.5777557378015,2.5192736269567098,media 2003 = 100,,7.2169784270399,330.5777557378015,2.5192736269567098
2007Q4,uniao_filtro_diss_imprazao,3.4726247965700003,,9.338789853018744,6.40757702789499,293.50266943605317,2.4676120555532264,media 2003 = 100,,6.40757702789499,293.50266943605317,2.4676120555532264
2008Q1,uniao_filtro_diss_imprazao,2.08527456408,,5.516533394899372,7.96366113181958,364.77997697064785,2.562030991581225,media 2003 = 100,,7.96366113181958,364.77997697064785,2.562030991581225
2008Q2,uniao_filtro_diss_imprazao,2.2721360495700003,,5.903513990650489,6.65213664610858,304.7048602906406,2.483879381628552,media 2003 = 100,,6.65213664610858,304.7048602906406,2.483879381628552
2008Q3,uniao_filtro_diss_imprazao,2.9700280476,,7.597824537022861,7.72710151802607,353.9442308177895,2.548934837855945,media 2003 = 100,,7.72710151802607,353.9442308177895,2.548934837855945
2008Q4,uniao_filtro_diss_imprazao,4.35668219114,,11.028905890780074,7.77993381824846,356.36424404279046,2.551894122430156,media 2003 = 100,,7.77993381824846,356.36424404279046,2.551894122430156
2009Q1,uniao_filtro_diss_imprazao,2.2326645667,,5.583578919705465,7.95242427814781,364.2652665685148,2.561417762356988,media 2003 = 100,,7.95242427814781,364.2652665685148,2.561417762356988
2009Q2,uniao_filtro_diss_imprazao,3.74610665635,,9.254203404004663,10.1859940978733,466.5751883388346,2.668921640042734,media 2003 = 100,,10.1859940978733,466.5751883388346,2.668921640042734
2009Q3,uniao_filtro_diss_imprazao,4.17308410789,,10.2253150081103,10.3311231101275,473.2229043668726,2.675065756664712,media 2003 = 100,,10.3311231101275,473.2229043668726,2.675065756664712
2009Q4,uniao_filtro_diss_imprazao,7.33900175108,,17.824209535606112,12.8850900719674,590.2087974256962,2.771005678638966,media 2003 = 100,,12.8850900719674,590.2087974256962,2.771005678638966
2010Q1,uniao_filtro_diss_imprazao,4.10381542424,,9.787011375480807,13.7961407357235,631.9399854613314,2.800675835844774,media 2003 = 100,,13.7961407357235,631.9399854613314,2.800675835844774
2010Q2,uniao_filtro_diss_imprazao,6.17640769651,,14.516646380000502,15.609767368593,715.0141733782563,2.8543146506947283,media 2003 = 100,,15.609767368593,715.0141733782563,2.8543146506947283
2010Q3,uniao_filtro_diss_imprazao,6.31701806508,,14.798303525609917,14.9216412683812,683.4941703503513,2.8347348147407527,media 2003 = 100,,14.9216412683812,683.4941703503513,2.8347348147407527
2010Q4,uniao_filtro_diss_imprazao,8.75345431535,,20.135731015009775,14.887119135995,681.912864660874,2.8337288837259464,media 2003 = 100,,14.887119135995,681.912864660874,2.8337288837259464
2011Q1,uniao_filtro_diss_imprazao,4.958788897430001,,11.145802310206053,15.4714875530079,708.6801886556902,2.850450292112759,media 2003 = 100,,15.4714875530079,708.6801886556902,2.850450292112759
2011Q2,uniao_filtro_diss_imprazao,4.877662041810001,,10.755171477531812,11.4090956407642,522.6000423931864,2.7181694406211694,media 2003 = 100,,11.4090956407642,522.6000423931864,2.7181694406211694
2011Q3,uniao_filtro_diss_imprazao,5.05264141259,,11.047934042526267,10.9696749063534,502.47212851971256,2.70111197700637,media 2003 = 100,,10.9696749063534,502.47212851971256,2.70111197700637
2011Q4,uniao_filtro_diss_imprazao,6.66641405474,,14.371491742103153,10.984355663744,503.144588868566,2.70169280637662,media 2003 = 100,,10.984355663744,503.144588868566,2.70169280637662
2012Q1,uniao_filtro_diss_imprazao,3.38557302211,,7.194822390692648,9.73280159551242,445.8164508890532,2.649156090161531,media 2003 = 100,,9.73280159551242,445.8164508890532,2.649156090161531
2012Q2,uniao_filtro_diss_imprazao,4.64463878225,,9.753410410760571,10.2657501193778,470.2284577592821,2.6723089086550145,media 2003 = 100,,10.2657501193778,470.2284577592821,2.6723089086550145
2012Q3,uniao_filtro_diss_imprazao,5.12776909279,,10.653876178047877,10.4075325527991,476.72288186173597,2.678265997800324,media 2003 = 100,,10.4075325527991,476.72288186173597,2.678265997800324
2012Q4,uniao_filtro_diss_imprazao,6.609624286020001,,13.49237987099224,10.6443036541947,487.56831532315033,2.688035475191996,media 2003 = 100,,10.6443036541947,487.56831532315033,2.688035475191996
2013Q1,uniao_filtro_diss_imprazao,3.88473425929,,7.762505272586844,10.2469355248777,469.36664467672426,2.6715122234228845,media 2003 = 100,,10.2469355248777,469.36664467672426,2.6715122234228845
2013Q2,uniao_filtro_diss_imprazao,5.52112065448,,10.879768939314769,11.4098591332926,522.6350145978441,2.7181985024774606,media 2003 = 100,,11.4098591332926,522.6350145978441,2.7181985024774606
2013Q3,uniao_filtro_diss_imprazao,6.15133015371,,12.048836333538778,11.6496130890826,533.6170793823758,2.727229721513466,media 2003 = 100,,11.6496130890826,533.6170793823758,2.727229721513466
2013Q4,uniao_filtro_diss_imprazao,7.531415988479999,,14.525600258777663,11.6541223478021,533.8236285140661,2.727397792954982,media 2003 = 100,,11.6541223478021,533.8236285140661,2.727397792954982
2014Q1,uniao_filtro_diss_imprazao,6.239511541560001,,11.783564066581881,15.4679862615045,708.5198100292222,2.8503519975137577,media 2003 = 100,,15.4679862615045,708.5198100292222,2.8503519975137577
2014Q2,uniao_filtro_diss_imprazao,7.93605573973,,14.698864595328773,15.2619201282733,699.0808349033014,2.8445273962359585,media 2003 = 100,,15.2619201282733,699.0808349033014,2.8445273962359585
2014Q3,uniao_filtro_diss_imprazao,8.49275251068,,15.60695962538798,15.2537875409187,698.7083171656907,2.8442959129661878,media 2003 = 100,,15.2537875409187,698.7083171656907,2.8442959129661878
2014Q4,uniao_filtro_diss_imprazao,6.4696431757,,11.714444436016482,9.30309901838699,426.13368267560605,2.6295458632828552,media 2003 = 100,,9.30309901838699,426.13368267560605,2.6295458632828552
2015Q1,uniao_filtro_diss_imprazao,4.2457712580399996,,7.447895071419227,9.91547164857341,454.1837554046322,2.6572315969372324,media 2003 = 100,,9.91547164857341,454.1837554046322,2.6572315969372324
2015Q2,uniao_filtro_diss_imprazao,4.32397505048,,7.3803369266784244,7.61697119426178,348.8996493995783,2.542700533036804,media 2003 = 100,,7.61697119426178,348.8996493995783,2.542700533036804
2015Q3,uniao_filtro_diss_imprazao,4.21170321817,,7.066610565958511,7.03957386077673,322.4516398063492,2.508464589854654,media 2003 = 100,,7.03957386077673,322.4516398063492,2.508464589854654
2015Q4,uniao_filtro_diss_imprazao,4.27115814251,,7.00762042657157,5.40617639313412,247.63295016498734,2.393808431635385,media 2003 = 100,,5.40617639313412,247.63295016498734,2.393808431635385
2016Q1,uniao_filtro_diss_imprazao,4.391961619560001,,6.994773541052213,9.5854206505184,439.0655838153625,2.6425293962370175,media 2003 = 100,,9.5854206505184,439.0655838153625,2.6425293962370175
2016Q2,uniao_filtro_diss_imprazao,4.17170528264,,6.523710355970021,6.74276483578213,308.856135488667,2.4897562331058163,media 2003 = 100,,6.74276483578213,308.856135488667,2.4897562331058163
2016Q3,uniao_filtro_diss_imprazao,3.9127022437399996,,6.037898096767019,6.17601014187456,282.8956179867913,2.451626220348842,media 2003 = 100,,6.17601014187456,282.8956179867913,2.451626220348842
2016Q4,uniao_filtro_diss_imprazao,5.27719203682,,8.088407628028438,5.95805789141612,272.9121925764279,2.436022938566115,media 2003 = 100,,5.95805789141612,272.9121925764279,2.436022938566115
2017Q1,uniao_filtro_diss_imprazao,2.422924515941652,,3.6788280228761896,5.28362287110889,242.01931716352627,2.3838500312808955,media 2003 = 100,,5.28362287110889,242.01931716352627,2.3838500312808955
2017Q2,uniao_filtro_diss_imprazao,4.027212578183968,,6.081416485521736,6.33621454996832,290.23387099978527,2.4627480942833992,media 2003 = 100,,6.33621454996832,290.23387099978527,2.4627480942833992
2017Q3,uniao_filtro_diss_imprazao,3.5559467240330704,,5.349976768333971,5.55396931273305,254.40268796715372,2.4055216956679457,media 2003 = 100,,5.55396931273305,254.40268796715372,2.4055216956679457
2017Q4,uniao_filtro_diss_imprazao,6.190215181841308,,9.227794943786485,6.53129525191968,299.16965226763733,2.4759175366484327,media 2003 = 100,,6.53129525191968,299.16965226763733,2.4759175366484327
2018Q1,uniao_filtro_diss_imprazao,2.72572866742,,4.0261249901446705,6.11485558681228,280.09439919834546,2.4473044247051394,media 2003 = 100,,6.11485558681228,280.09439919834546,2.4473044247051394
2018Q2,uniao_filtro_diss_imprazao,4.30070775632,,6.284759431215656,6.54854670436744,299.9598647493638,2.4770631491065,media 2003 = 100,,6.54854670436744,299.9598647493638,2.4770631491065
2018Q3,uniao_filtro_diss_imprazao,4.70137537816,,6.775119559641082,7.09418379103921,324.95307837509006,2.5118206555206077,media 2003 = 100,,7.09418379103921,324.95307837509006,2.5118206555206077
2018Q4,uniao_filtro_diss_imprazao,6.936927552909999,,9.932203693069667,6.85354911386221,313.9306716521022,2.4968337492091743,media 2003 = 100,,6.85354911386221,313.9306716521022,2.4968337492091743
2019Q1,uniao_filtro_diss_imprazao,2.9387529666999996,,4.170570014980502,6.6208046930352,303.26968255876983,2.481828996675524,media 2003 = 100,,6.6208046930352,303.26968255876983,2.481828996675524
2019Q2,uniao_filtro_diss_imprazao,4.00100771571,,5.604839423787739,5.83808273477307,267.41666305139125,2.427188465176539,media 2003 = 100,,5.83808273477307,267.41666305139125,2.427188465176539
2019Q3,uniao_filtro_diss_imprazao,4.2814315911,,5.979722747826213,6.18224501564785,283.18120988652043,2.452064432939588,media 2003 = 100,,6.18224501564785,283.18120988652043,2.452064432939588
2019Q4,uniao_filtro_diss_imprazao,7.22317568218,,10.004706352514765,6.90945435087213,316.4914424749006,2.500361971743031,media 2003 = 100,,6.90945435087213,316.4914424749006,2.500361971743031
2020Q1,uniao_filtro_diss_imprazao,2.6225960759699998,,3.5845549548144295,5.81283076574796,266.25998240828375,2.425305898976615,media 2003 = 100,,5.81283076574796,266.25998240828375,2.425305898976615
2020Q2,uniao_filtro_diss_imprazao,4.18496247985,,5.739922354518361,5.9256426671699,271.4273949992446,2.433653678609569,media 2003 = 100,,5.9256426671699,271.4273949992446,2.433653678609569
2020Q3,uniao_filtro_diss_imprazao,4.73277859129,,6.4409410360465245,6.58117807429957,301.4545630012523,2.479221861998906,media 2003 = 100,,6.58117807429957,301.4545630012523,2.479221861998906
2020Q4,uniao_filtro_diss_imprazao,6.523984233189999,,8.667843720718594,6.05474743013486,277.3411112764211,2.4430142513922037,media 2003 = 100,,6.05474743013486,277.3411112764211,2.4430142513922037
2021Q1,uniao_filtro_diss_imprazao,1.5208311320299999,,1.9743170021211958,3.21861691538541,147.43055798550355,2.1685875092287836,media 2003 = 100,,6.000572438544408,274.8595953181655,2.4391109027388693
2021Q2,uniao_filtro_diss_imprazao,4.46302659105,,5.682607270479382,5.7980217403958,265.581646673312,2.424198059310766,media 2003 = 100,,5.7980217403958,265.581646673312,2.424198059310766
2021Q3,uniao_filtro_diss_imprazao,3.81047230591,,4.729713713352885,4.76606175365539,218.3121390979958,2.339077885029802,media 2003 = 100,,4.76606175365539,218.3121390979958,2.339077885029802
2021Q4,uniao_filtro_diss_imprazao,5.54268458048,,6.665030616069494,4.74937557901809,217.54781948429422,2.337554734649262,media 2003 = 100,,4.74937557901809,217.54781948429422,2.337554734649262
2022Q1,uniao_filtro_diss_imprazao,2.62383442477,,3.0757704265283845,4.99304342446732,228.70916218587004,2.3592835629760645,media 2003 = 100,,4.99304342446732,228.70916218587004,2.3592835629760645
2022Q2,uniao_filtro_diss_imprazao,4.65671342673,,5.297930558799647,5.31498916941854,243.45606809826054,2.386420603727866,media 2003 = 100,,5.31498916941854,243.45606809826054,2.386420603727866
2022Q3,uniao_filtro_diss_imprazao,4.83981595047,,5.529355401818902,5.55824201326837,254.59840141817557,2.405855672462001,media 2003 = 100,,5.55824201326837,254.59840141817557,2.405855672462001
2022Q4,uniao_filtro_diss_imprazao,6.4719273906499994,,7.338472784472343,5.30469383351465,242.98448444700236,2.3855785430049763,media 2003 = 100,,5.30469383351465,242.98448444700236,2.3855785430049763
2023Q1,uniao_filtro_diss_imprazao,3.1318053415300002,,3.4852858458786136,5.60916485025972,256.93095060598114,2.4098164237203985,media 2003 = 100,,5.60916485025972,256.93095060598114,2.4098164237203985
2023Q2,uniao_filtro_diss_imprazao,5.54857393176,,6.083922606802717,6.05433936355223,277.32241955710373,2.4429849806357593,media 2003 = 100,,6.05433936355223,277.32241955710373,2.4429849806357593
2023Q3,uniao_filtro_diss_imprazao,5.52434370889,,6.034198171120437,6.04278345046679,276.79309445908586,2.4421552509735793,media 2003 = 100,,6.04278345046679,276.79309445908586,2.4421552509735793
2023Q4,uniao_filtro_diss_imprazao,7.78708178622,,8.43273471512959,6.16338575538821,282.3173508637266,2.450737570151207,media 2003 = 100,,6.16338575538821,282.3173508637266,2.450737570151207
2024Q1,uniao_filtro_diss_imprazao,3.74697365871,,3.997665687924182,6.36171894637132,291.4021142209042,2.4644926983987663,media 2003 = 100,,6.36171894637132,291.4021142209042,2.4644926983987663
2024Q2,uniao_filtro_diss_imprazao,5.884272204609999,,6.2070010863982725,6.17044478502798,282.64069368643186,2.4512346903191604,media 2003 = 100,,6.17044478502798,282.64069368643186,2.4512346903191604
2024Q3,uniao_filtro_diss_imprazao,4.95767927873,,5.187662136813146,5.19652989589786,238.02997445218892,2.376631649995611,media 2003 = 100,,5.19652989589786,238.02997445218892,2.376631649995611
2024Q4,uniao_filtro_diss_imprazao,8.4222893674,,8.701138050761974,6.37061510751097,291.8096078851791,2.465099587018785,media 2003 = 100,,6.37061510751097,291.8096078851791,2.465099587018785
2025Q1,uniao_filtro_diss_imprazao,3.5476129566599997,,3.6035942123360707,5.69928850455984,261.05911527747276,2.416738861866192,media 2003 = 100,,5.69928850455984,261.05911527747276,2.416738861866192
2025Q2,uniao_filtro_diss_imprazao,5.30510995346,,5.309371019939304,5.30053362349366,242.79392368725502,2.3852378136136125,media 2003 = 100,,5.30053362349366,242.79392368725502,2.3852378136136125
2025Q3,uniao_filtro_diss_imprazao,6.07457836642,,6.043557058536726,6.04722286287625,276.9964442412628,2.442474194131921,media 2003 = 100,,6.04722286287625,276.9964442412628,2.442474194131921
2025Q4,uniao_filtro_diss_imprazao,8.138901410899999,,8.04872001454043,5.88912589961918,269.75472392425746,2.4309690587535555,media 2003 = 100,,5.88912589961918,269.75472392425746,2.4309690587535555
2003Q1,uniao_filtro_diss_impapendice,0.49540246134,,1.7091554848762904,2.43820126026946,111.68315082197348,2.047987657833651,media 2003 = 100,,2.43820126026946,111.68315082197348,2.047987657833651
2003Q2,uniao_filtro_diss_impapendice,0.51543968411,,1.7317988806170033,2.21777330166096,101.58632684447618,2.0068352574006085,media 2003 = 100,,2.21777330166096,101.58632684447618,2.0068352574006085
2003Q3,uniao_filtro_diss_impapendice,0.54753908483,,1.8251998975669603,1.970121281752,90.2424897537669,1.9554110688135358,media 2003 = 100,,1.970121281752,90.2424897537669,1.9554110688135358
2003Q4,uniao_filtro_diss_impapendice,1.01853082605,,3.3507297691455418,2.10647032166881,96.48803257978345,1.9844734510964828,media 2003 = 100,,2.10647032166881,96.48803257978345,1.9844734510964828
2004Q1,uniao_filtro_diss_impapendice,0.5890788247100001,,1.903778322548547,2.72599093866591,124.86551545326968,2.096442514305163,media 2003 = 100,,2.72599093866591,124.86551545326968,2.096442514305163
2004Q2,uniao_filtro_diss_impapendice,0.7184973049400001,,2.2883790929521632,2.90816016420918,133.20987710339148,2.1245364276305803,media 2003 = 100,,2.90816016420918,133.20987710339148,2.1245364276305803
2004Q3,uniao_filtro_diss_impapendice,1.13848628775,,3.5501383593469154,3.78987621753276,173.59736626194018,2.2395431319776686,media 2003 = 100,,3.78987621753276,173.59736626194018,2.2395431319776686
2004Q4,uniao_filtro_diss_impapendice,2.11437136606,,6.48645488423334,4.13065756499134,189.20704346361867,2.2769372995099917,media 2003 = 100,,4.13065756499134,189.20704346361867,2.2769372995099917
2005Q1,uniao_filtro_diss_impapendice,0.7274956066799999,,2.188215122199919,3.1351256525292,143.60615622787455,2.1571730580015953,media 2003 = 100,,3.1351256525292,143.60615622787455,2.1571730580015953
2005Q2,uniao_filtro_diss_impapendice,1.21196488255,,3.580907358396122,4.48455381749484,205.41745610991168,2.312637346613184,media 2003 = 100,,4.48455381749484,205.41745610991168,2.312637346613184
2005Q3,uniao_filtro_diss_impapendice,1.30820073848,,3.8410138383318366,4.02409868469268,184.3260552967515,2.2655867289890463,media 2003 = 100,,4.02409868469268,184.3260552967515,2.2655867289890463
2005Q4,uniao_filtro_diss_impapendice,3.02754652092,,8.75486591095522,5.68932359937221,260.6025991281284,2.41597874284769,media 2003 = 100,,5.68932359937221,260.6025991281284,2.41597874284769
2006Q1,uniao_filtro_diss_impapendice,1.33733204127,,3.8124428138512934,5.50486230016478,252.15324778215958,2.4016645663273417,media 2003 = 100,,5.50486230016478,252.15324778215958,2.4016645663273417
2006Q2,uniao_filtro_diss_impapendice,1.5059220335399999,,4.266170486621119,5.16390126335457,236.53533981082063,2.373896036144614,media 2003 = 100,,5.16390126335457,236.53533981082063,2.373896036144614
2006Q3,uniao_filtro_diss_impapendice,1.99847220326,,5.6509944764489655,5.85505125741195,268.19384572857484,2.428448807830323,media 2003 = 100,,5.85505125741195,268.19384572857484,2.428448807830323
2006Q4,uniao_filtro_diss_impapendice,3.06673443493,,8.598070805022314,5.72216179869837,262.1067709238809,2.4184782400877567,media 2003 = 100,,5.72216179869837,262.1067709238809,2.4184782400877567
2007Q1,uniao_filtro_diss_impapendice,1.70552995842,,4.721034109399713,6.84188903509519,313.3964933351297,2.4960941327397084,media 2003 = 100,,6.84188903509519,313.3964933351297,2.4960941327397084
2007Q2,uniao_filtro_diss_impapendice,2.3859664945500003,,6.54394752028784,7.64964898149052,350.39638230707163,2.544559613614232,media 2003 = 100,,7.64964898149052,350.39638230707163,2.544559613614232
2007Q3,uniao_filtro_diss_impapendice,2.59897990144,,7.064876419257749,7.21706730577712,330.5817405386631,2.5192788619326434,media 2003 = 100,,7.21706730577712,330.5817405386631,2.5192788619326434
2007Q4,uniao_filtro_diss_impapendice,3.4726247965700003,,9.338789853018744,6.40726802067339,293.4884385346394,2.4675909976466457,media 2003 = 100,,6.40726802067339,293.4884385346394,2.4675909976466457
2008Q1,uniao_filtro_diss_impapendice,2.08527456408,,5.516533394899372,7.96281623818645,364.74118088133287,2.561984799836562,media 2003 = 100,,7.96281623818645,364.74118088133287,2.561984799836562
2008Q2,uniao_filtro_diss_impapendice,2.2721360495700003,,5.903513990650489,6.65364253695811,304.773758868645,2.483977571364582,media 2003 = 100,,6.65364253695811,304.773758868645,2.483977571364582
2008Q3,uniao_filtro_diss_impapendice,2.9700280476,,7.597824537022861,7.72684551057566,353.93241181424844,2.548920335532487,media 2003 = 100,,7.72684551057566,353.93241181424844,2.548920335532487
2008Q4,uniao_filtro_diss_impapendice,4.35668219114,,11.028905890780074,7.77925717776487,356.3331570795826,2.5518562356732586,media 2003 = 100,,7.77925717776487,356.3331570795826,2.5518562356732586
2009Q1,uniao_filtro_diss_impapendice,2.2326645667,,5.583578919705465,7.95083831712203,364.1925256137921,2.5613310284495783,media 2003 = 100,,7.95083831712203,364.1925256137921,2.5613310284495783
2009Q2,uniao_filtro_diss_impapendice,3.74610665635,,9.254203404004663,10.1905751071945,466.7849021346466,2.669116800617441,media 2003 = 100,,10.1905751071945,466.7849021346466,2.669116800617441
2009Q3,uniao_filtro_diss_impapendice,4.17308410789,,10.2253150081103,10.330614155811,473.19946784029867,2.675044247548979,media 2003 = 100,,10.330614155811,473.19946784029867,2.675044247548979
2009Q4,uniao_filtro_diss_impapendice,7.33900175108,,17.824209535606112,12.8819566363119,590.0651145329755,2.7708999393065477,media 2003 = 100,,12.8819566363119,590.0651145329755,2.7708999393065477
2010Q1,uniao_filtro_diss_impapendice,4.10381542424,,9.787011375480807,13.7913958443599,631.7224780537441,2.8005263303074197,media 2003 = 100,,13.7913958443599,631.7224780537441,2.8005263303074197
2010Q2,uniao_filtro_diss_impapendice,6.17640769651,,14.516646380000502,15.6247653614216,715.700977951567,2.854731610645099,media 2003 = 100,,15.6247653614216,715.700977951567,2.854731610645099
2010Q3,uniao_filtro_diss_impapendice,6.31701806508,,14.798303525609917,14.9210049037356,683.464842805939,2.834716179521137,media 2003 = 100,,14.9210049037356,683.464842805939,2.834716179521137
2010Q4,uniao_filtro_diss_impapendice,8.75345431535,,20.135731015009775,14.8778167593026,681.4865860774937,2.8334573118950384,media 2003 = 100,,14.8778167593026,681.4865860774937,2.8334573118950384
2011Q1,uniao_filtro_diss_impapendice,4.958788897430001,,11.145802310206053,15.4621827843474,708.2537935159406,2.850188909346556,media 2003 = 100,,15.4621827843474,708.2537935159406,2.850188909346556
2011Q2,uniao_filtro_diss_impapendice,4.877662041810001,,10.755171477531812,11.4277270207175,523.453326517469,2.718877964067255,media 2003 = 100,,11.4277270207175,523.453326517469,2.718877964067255
2011Q3,uniao_filtro_diss_impapendice,5.05264141259,,11.047934042526267,10.9861354964634,503.2259836772289,2.7017630574696057,media 2003 = 100,,10.9861354964634,503.2259836772289,2.7017630574696057
2011Q4,uniao_filtro_diss_impapendice,6.66641405474,,14.371491742103153,10.9509623676769,501.6148591522957,2.700370392958756,media 2003 = 100,,10.9509623676769,501.6148591522957,2.700370392958756
2012Q1,uniao_filtro_diss_impapendice,3.38557302211,,7.194822390692648,9.73835693007004,446.0707996102933,2.6494037946758553,media 2003 = 100,,9.73835693007004,446.0707996102933,2.6494037946758553
2012Q2,uniao_filtro_diss_impapendice,4.64463878225,,9.753410410760571,10.2918915378172,471.425757008427,2.6734133071255974,media 2003 = 100,,10.2918915378172,471.425757008427,2.6734133071255974
2012Q3,uniao_filtro_diss_impapendice,5.12776909279,,10.653876178047877,10.4443044014755,478.4071121231716,2.679797627361811,media 2003 = 100,,10.4443044014755,478.4071121231716,2.679797627361811
2012Q4,uniao_filtro_diss_impapendice,6.609624286020001,,13.49237987099224,10.5777732675006,484.5207269987014,2.6853123601868303,media 2003 = 100,,10.5777732675006,484.5207269987014,2.6853123601868303
2013Q1,uniao_filtro_diss_impapendice,3.88473425929,,7.762505272586844,10.2582920284058,469.8867129851608,2.6719931646253974,media 2003 = 100,,10.2582920284058,469.8867129851608,2.6719931646253974
2013Q2,uniao_filtro_diss_impapendice,5.52112065448,,10.879768939314769,11.4582504018328,524.8514667908934,2.720036415253556,media 2003 = 100,,11.4582504018328,524.8514667908934,2.720036415253556
2013Q3,uniao_filtro_diss_impapendice,6.15133015371,,12.048836333538778,11.7145503701312,536.5914279177995,2.729643730509357,media 2003 = 100,,11.7145503701312,536.5914279177995,2.729643730509357
2013Q4,uniao_filtro_diss_impapendice,7.531415988479999,,14.525600258777663,11.5489995823819,529.0082829583641,2.7234624720634453,media 2003 = 100,,11.5489995823819,529.0082829583641,2.7234624720634453
2014Q1,uniao_filtro_diss_impapendice,6.239511541560001,,11.783564066581881,15.4178625038883,706.2236786736414,2.8489422747463413,media 2003 = 100,,15.4178625038883,706.2236786736414,2.8489422747463413
2014Q2,uniao_filtro_diss_impapendice,7.93605573973,,14.698864595328773,15.4645442566298,708.3619620536963,2.8502552321994106,media 2003 = 100,,15.4645442566298,708.3619620536963,2.8502552321994106
2014Q3,uniao_filtro_diss_impapendice,8.49275251068,,15.60695962538798,15.2498485169122,698.527705517767,2.8441836360978217,media 2003 = 100,,15.2498485169122,698.527705517767,2.8441836360978217
2014Q4,uniao_filtro_diss_impapendice,6.4696431757,,11.714444436016482,9.2427210990919,423.3679275521482,2.6267179547351063,media 2003 = 100,,9.2427210990919,423.3679275521482,2.6267179547351063
2015Q1,uniao_filtro_diss_impapendice,4.2457712580399996,,7.447895071419227,9.81062238251856,449.38095843784396,2.6526146661681724,media 2003 = 100,,9.81062238251856,449.38095843784396,2.6526146661681724
2015Q2,uniao_filtro_diss_impapendice,4.32397505048,,7.3803369266784244,7.7834694162796,356.5261009833548,2.55209132969448,media 2003 = 100,,7.7834694162796,356.5261009833548,2.55209132969448
2015Q3,uniao_filtro_diss_impapendice,4.21170321817,,7.066610565958511,6.99365166101689,320.34806395242924,2.5056221036445097,media 2003 = 100,,6.99365166101689,320.34806395242924,2.5056221036445097
2015Q4,uniao_filtro_diss_impapendice,4.27115814251,,7.00762042657157,5.38880654088562,246.83724984608247,2.392410699047954,media 2003 = 100,,5.38880654088562,246.83724984608247,2.392410699047954
2016Q1,uniao_filtro_diss_impapendice,4.391961619560001,,6.994773541052213,9.42215571279756,431.58702880179527,2.6350683836372473,media 2003 = 100,,9.42215571279756,431.58702880179527,2.6350683836372473
2016Q2,uniao_filtro_diss_impapendice,4.17170528264,,6.523710355970021,6.93721976346176,317.7631698222691,2.502103559108382,media 2003 = 100,,6.93721976346176,317.7631698222691,2.502103559108382
2016Q3,uniao_filtro_diss_impapendice,3.9127022437399996,,6.037898096767019,6.06965313375237,278.0238028008457,2.444081979308483,media 2003 = 100,,6.06965313375237,278.0238028008457,2.444081979308483
2016Q4,uniao_filtro_diss_impapendice,5.27719203682,,8.088407628028438,5.99190443427372,274.4624808248548,2.4384829845441973,media 2003 = 100,,5.99190443427372,274.4624808248548,2.4384829845441973
2017Q1,uniao_filtro_diss_impapendice,2.591211925534047,,3.9343458626736614,5.51537503107908,252.63478920836775,2.4024931550906348,media 2003 = 100,,5.51537503107908,252.63478920836775,2.4024931550906348
2017Q2,uniao_filtro_diss_impapendice,3.507010539172836,,5.295869362188381,5.66970512330492,259.703964032977,2.4144785786031546,media 2003 = 100,,5.66970512330492,259.703964032977,2.4144785786031546
2017Q3,uniao_filtro_diss_impapendice,3.906517172014826,,5.877415421925392,5.96818575717117,273.37603376434885,2.4367604383220662,media 2003 = 100,,5.96818575717117,273.37603376434885,2.4367604383220662
2017Q4,uniao_filtro_diss_impapendice,6.191559363278289,,9.229798723994982,6.61328682065444,302.9252430697592,2.481335465043368,media 2003 = 100,,6.61328682065444,302.9252430697592,2.481335465043368
2018Q1,uniao_filtro_diss_impapendice,2.72572866742,,4.0261249901446705,5.93505783682024,271.8585911375813,2.4343430619089648,media 2003 = 100,,5.93505783682024,271.8585911375813,2.4343430619089648
2018Q2,uniao_filtro_diss_impapendice,4.30070775632,,6.284759431215656,6.70816312065198,307.27110421531734,2.4875217211093337,media 2003 = 100,,6.70816312065198,307.27110421531734,2.4875217211093337
2018Q3,uniao_filtro_diss_impapendice,4.70137537816,,6.775119559641082,6.90677180332802,316.3684842484202,2.5001932137677443,media 2003 = 100,,6.90677180332802,316.3684842484202,2.5001932137677443
2018Q4,uniao_filtro_diss_impapendice,6.936927552909999,,9.932203693069667,6.98290574307813,319.8558412662092,2.5049542862917176,media 2003 = 100,,6.98290574307813,319.8558412662092,2.5049542862917176
2019Q1,uniao_filtro_diss_impapendice,2.9387529666999996,,4.170570014980502,6.42241225184461,294.1821283795012,2.4686162857201372,media 2003 = 100,,6.42241225184461,294.1821283795012,2.4686162857201372
2019Q2,uniao_filtro_diss_impapendice,4.00100771571,,5.604839423787739,5.91918970956422,271.1317428340903,2.4331803657201725,media 2003 = 100,,5.91918970956422,271.1317428340903,2.4331803657201725
2019Q3,uniao_filtro_diss_impapendice,4.2814315911,,5.979722747826213,6.05997310092148,277.5804035687026,2.443388802840512,media 2003 = 100,,6.05997310092148,277.5804035687026,2.443388802840512
2019Q4,uniao_filtro_diss_impapendice,7.22317568218,,10.004706352514765,7.02991201247146,322.00898931012966,2.5078679957743777,media 2003 = 100,,7.02991201247146,322.00898931012966,2.5078679957743777
2020Q1,uniao_filtro_diss_impapendice,2.6225960759699998,,3.5845549548144295,5.68204415390478,260.2691601215595,2.4154227106274218,media 2003 = 100,,5.68204415390478,260.2691601215595,2.4154227106274218
2020Q2,uniao_filtro_diss_impapendice,4.18496247985,,5.739922354518361,5.95004862202597,272.54525230553025,2.435438621089568,media 2003 = 100,,5.95004862202597,272.54525230553025,2.435438621089568
2020Q3,uniao_filtro_diss_impapendice,4.73277859129,,6.4409410360465245,6.49575580598644,297.5416702485495,2.473547796591311,media 2003 = 100,,6.49575580598644,297.5416702485495,2.473547796591311
2020Q4,uniao_filtro_diss_impapendice,6.523984233189999,,8.667843720718594,6.14676653995508,281.5560248186383,2.4495648249375286,media 2003 = 100,,6.14676653995508,281.5560248186383,2.4495648249375286
2021Q1,uniao_filtro_diss_impapendice,1.5208311320299999,,1.9743170021211958,3.16967483371153,145.18870048935008,2.1619328181128505,media 2003 = 100,,5.931853404761697,271.7118103632766,2.4341085160922558
2021Q2,uniao_filtro_diss_impapendice,4.46302659105,,5.682607270479382,5.78011545951857,264.7613702580444,2.422854620089408,media 2003 = 100,,5.78011545951857,264.7613702580444,2.422854620089408
2021Q3,uniao_filtro_diss_impapendice,3.81047230591,,4.729713713352885,4.74979180358197,217.56682806151653,2.3375926801436195,media 2003 = 100,,4.74979180358197,217.56682806151653,2.3375926801436195
2021Q4,uniao_filtro_diss_impapendice,5.54268458048,,6.665030616069494,4.78994645092214,219.40613378585195,2.341248764679496,media 2003 = 100,,4.78994645092214,219.40613378585195,2.341248764679496
2022Q1,uniao_filtro_diss_impapendice,2.62383442477,,3.0757704265283845,4.94596757563819,226.55276728449545,2.3551693713443647,media 2003 = 100,,4.94596757563819,226.55276728449545,2.3551693713443647
2022Q2,uniao_filtro_diss_impapendice,4.65671342673,,5.297930558799647,5.3074456333618,243.11046869226126,2.385803660601423,media 2003 = 100,,5.3074456333618,243.11046869226126,2.385803660601423
2022Q3,uniao_filtro_diss_impapendice,4.83981595047,,5.529355401818902,5.55091546348052,254.26273827756367,2.4052827198055,media 2003 = 100,,5.55091546348052,254.26273827756367,2.4052827198055
2022Q4,uniao_filtro_diss_impapendice,6.4719273906499994,,7.338472784472343,5.32360098254818,243.85047335437218,2.387123602966307,media 2003 = 100,,5.32360098254818,243.85047335437218,2.387123602966307
2023Q1,uniao_filtro_diss_impapendice,3.1318053415300002,,3.4852858458786136,5.58504009727638,255.8258359123121,2.4079444018610006,media 2003 = 100,,5.58504009727638,255.8258359123121,2.4079444018610006
2023Q2,uniao_filtro_diss_impapendice,5.54857393176,,6.083922606802717,6.05925381802856,277.5474564198668,2.4433372515998633,media 2003 = 100,,6.05925381802856,277.5474564198668,2.4433372515998633
2023Q3,uniao_filtro_diss_impapendice,5.52434370889,,6.034198171120437,6.04815863647022,277.03923552130146,2.4425412801247917,media 2003 = 100,,6.04815863647022,277.03923552130146,2.4425412801247917
2023Q4,uniao_filtro_diss_impapendice,7.78708178622,,8.43273471512959,6.14931149254684,281.67259777295993,2.44974459915174,media 2003 = 100,,6.14931149254684,281.67259777295993,2.44974459915174
2024Q1,uniao_filtro_diss_impapendice,3.74697365871,,3.997665687924182,6.37205446751454,291.8754623490792,2.4651975858604906,media 2003 = 100,,6.37205446751454,291.8754623490792,2.4651975858604906
2024Q2,uniao_filtro_diss_impapendice,5.884272204609999,,6.2070010863982725,6.1890820822653,283.49431152653034,2.452544348952298,media 2003 = 100,,6.1890820822653,283.49431152653034,2.452544348952298
2024Q3,uniao_filtro_diss_impapendice,4.95767927873,,5.187662136813146,5.19611164515361,238.01075407916449,2.376596580299054,media 2003 = 100,,5.19611164515361,238.01075407916449,2.376596580299054
2024Q4,uniao_filtro_diss_impapendice,8.4222893674,,8.701138050761974,6.34495657296506,290.6342283733438,2.463346760403457,media 2003 = 100,,6.34495657296506,290.6342283733438,2.463346760403457
2025Q1,uniao_filtro_diss_impapendice,3.5476129566599997,,3.6035942123360707,5.72022961666441,262.01826626225574,2.4183315686494367,media 2003 = 100,,5.72022961666441,262.01826626225574,2.4183315686494367
2025Q2,uniao_filtro_diss_impapendice,5.30510995346,,5.309371019939304,5.32350090399352,243.84588920108823,2.3871154385729327,media 2003 = 100,,5.32350090399352,243.84588920108823,2.3871154385729327
2025Q3,uniao_filtro_diss_impapendice,6.07457836642,,6.043557058536726,6.04503387096051,276.8961039171181,2.4423168450225674,media 2003 = 100,,6.04503387096051,276.8961039171181,2.4423168450225674
2025Q4,uniao_filtro_diss_impapendice,8.138901410899999,,8.04872001454043,5.85862149474192,268.35738241469284,2.428713547071774,media 2003 = 100,,5.85862149474192,268.35738241469284,2.428713547071774
2003Q1,inf_diss_imprazao,4.2846024613400004,,14.782025461693916,19.938829558065862,110.44995341378622,2.043165537028279,media 2003 = 100,,19.938829558065862,110.44995341378622,2.043165537028279
2003Q2,inf_diss_imprazao,4.82983968411,,16.227526161366054,18.54861478105785,102.74894183191144,2.0117773579551317,media 2003 = 100,,18.54861478105785,102.74894183191144,2.0117773579551317
2003Q3,inf_diss_imprazao,4.52143908483,,15.07203847748917,16.29655184779989,90.27377395212818,1.9555615987943382,media 2003 = 100,,16.29655184779989,90.27377395212818,1.9555615987943382
2003Q4,inf_diss_imprazao,7.7047308260500005,,25.34677427704257,17.42546680259044,96.52733080217419,1.9846502971368154,media 2003 = 100,,17.42546680259044,96.52733080217419,1.9846502971368154
2004Q1,inf_diss_imprazao,3.78997882471,,12.248410954090831,16.44008067646081,91.06884331128828,1.9593698205253878,media 2003 = 100,,16.44008067646081,91.06884331128828,1.9593698205253878
2004Q2,inf_diss_imprazao,5.230997304940001,,16.66047288641317,19.1692297808361,106.18680149231841,2.0260705393888294,media 2003 = 100,,19.1692297808361,106.18680149231841,2.0260705393888294
2004Q3,inf_diss_imprazao,6.04908628775,,18.862847537305097,20.2016772092366,111.90598225149634,2.0488533035915286,media 2003 = 100,,20.2016772092366,111.90598225149634,2.0488533035915286
2004Q4,inf_diss_imprazao,8.94527136606,,27.442245990729145,18.90528147186005,104.72467562654717,2.020049023854753,media 2003 = 100,,18.90528147186005,104.72467562654717,2.020049023854753
2005Q1,inf_diss_imprazao,4.43639560668,,13.344119009736616,17.65423387599368,97.79457231835309,1.9903147517446442,media 2003 = 100,,17.65423387599368,97.79457231835309,1.9903147517446442
2005Q2,inf_diss_imprazao,5.52256488255,,16.317133862438837,18.96564357185796,105.05904786807277,2.0214334605493685,media 2003 = 100,,18.96564357185796,105.05904786807277,2.0214334605493685
2005Q3,inf_diss_imprazao,6.10230073848,,17.91699155390945,18.92390420173767,104.82783512452224,2.020476616959556,media 2003 = 100,,18.92390420173767,104.82783512452224,2.020476616959556
2005Q4,inf_diss_imprazao,11.85364652092,,34.27761890013172,24.0215983557979,133.0662069002575,2.1240677773368577,media 2003 = 100,,24.0215983557979,133.0662069002575,2.1240677773368577
2006Q1,inf_diss_imprazao,6.084832041269999,,17.346532852979287,22.698152793328152,125.73505938757243,2.0994563912545856,media 2003 = 100,,22.698152793328152,125.73505938757243,2.0994563912545856
2006Q2,inf_diss_imprazao,6.55182203354,,18.560847886246084,21.462813568978202,118.89197166357515,2.075152529303921,media 2003 = 100,,21.462813568978202,118.89197166357515,2.075152529303921
2006Q3,inf_diss_imprazao,8.09957220326,,22.902814313633513,23.945884683641818,132.6467955432331,2.122696762839259,media 2003 = 100,,23.945884683641818,132.6467955432331,2.122696762839259
2006Q4,inf_diss_imprazao,10.66893443493,,29.912030412820112,21.313768696481873,118.06634650960899,2.0721261244723492,media 2003 = 100,,21.313768696481873,118.06634650960899,2.0721261244723492
2007Q1,inf_diss_imprazao,7.360429958419999,,20.374219005651234,26.28431411551664,145.60038547487073,2.163162524766769,media 2003 = 100,,26.28431411551664,145.60038547487073,2.163162524766769
2007Q2,inf_diss_imprazao,8.73736649455,,23.96381840921041,27.53208621414454,152.5123443620825,2.183304996937662,media 2003 = 100,,27.53208621414454,152.5123443620825,2.183304996937662
2007Q3,inf_diss_imprazao,10.17497990144,,27.65891938305339,28.5903652686342,158.37461786849724,2.1996855800127086,media 2003 = 100,,28.5903652686342,158.37461786849724,2.1996855800127086
2007Q4,inf_diss_imprazao,13.614824796570002,,36.61379939071484,26.76033840111399,148.23729352481138,2.170957477155621,media 2003 = 100,,26.76033840111399,148.23729352481138,2.170957477155621
2008Q1,inf_diss_imprazao,9.19147456408,,24.31577944436587,30.85518867841728,170.920471644543,2.2327940825557593,media 2003 = 100,,30.85518867841728,170.920471644543,2.2327940825557593
2008Q2,inf_diss_imprazao,10.758036049570002,,27.951766507370046,31.754686805199082,175.90318770164717,2.2452737097740685,media 2003 = 100,,31.754686805199082,175.90318770164717,2.2452737097740685
2008Q3,inf_diss_imprazao,13.175428047599999,,33.70493103145147,34.670686503520166,192.0561935687288,2.2834283171734153,media 2003 = 100,,34.670686503520166,192.0561935687288,2.2834283171734153
2008Q4,inf_diss_imprazao,21.410582191139998,,54.20071643809897,40.48092511046066,224.24166271026908,2.350716304977068,media 2003 = 100,,40.48092511046066,224.24166271026908,2.350716304977068
2009Q1,inf_diss_imprazao,13.163764566700001,,32.92071699208728,40.83948064223911,226.22785962648499,2.354546086606304,media 2003 = 100,,40.83948064223911,226.22785962648499,2.354546086606304
2009Q2,inf_diss_imprazao,16.89160665635,,41.72822029862065,46.8920061114181,259.7554623455796,2.414564689016897,media 2003 = 100,,46.8920061114181,259.7554623455796,2.414564689016897
2009Q3,inf_diss_imprazao,19.54918410789,,47.901398698573296,49.2634210116878,272.8917733058983,2.435990443468703,media 2003 = 100,,49.2634210116878,272.8917733058983,2.435990443468703
2009Q4,inf_diss_imprazao,28.55220175108,,69.34463895437243,52.1915198271337,289.11180150841307,2.46106581988018,media 2003 = 100,,52.1915198271337,289.11180150841307,2.46106581988018
2010Q1,inf_diss_imprazao,19.191715424239998,,45.76948954930451,56.945008339066696,315.44346672311366,2.498921536986944,media 2003 = 100,,56.945008339066696,315.44346672311366,2.498921536986944
2010Q2,inf_diss_imprazao,22.33970769651,,52.505866321949036,58.157981288866196,322.16265780739377,2.5080751994970774,media 2003 = 100,,58.157981288866196,322.16265780739377,2.5080751994970774
2010Q3,inf_diss_imprazao,24.04191806508,,56.32081421954782,58.0715564440682,321.6839125503599,2.507429342327813,media 2003 = 100,,58.0715564440682,321.6839125503599,2.507429342327813
2010Q4,inf_diss_imprazao,32.56515431535,,74.91021991241796,56.7032583325241,314.1043070255671,2.497073891523028,media 2003 = 100,,56.7032583325241,314.1043070255671,2.497073891523028
2011Q1,inf_diss_imprazao,19.61558889743,,44.08969217510711,55.076634871445606,305.09372368241327,2.484433273528571,media 2003 = 100,,55.076634871445606,305.09372368241327,2.484433273528571
2011Q2,inf_diss_imprazao,20.31916204181,,44.8034468493696,49.2301520088968,272.70748165539356,2.4356970528557533,media 2003 = 100,,49.2301520088968,272.70748165539356,2.4356970528557533
2011Q3,inf_diss_imprazao,22.318641412589997,,48.801183007106474,50.3895519694038,279.129908370714,2.4458063730148236,media 2003 = 100,,50.3895519694038,279.129908370714,2.4458063730148236
2011Q4,inf_diss_imprazao,30.44931405474,,65.64279714657906,50.1274289504523,277.6778935898282,2.4435413062028832,media 2003 = 100,,50.1274289504523,277.6778935898282,2.4435413062028832
2012Q1,inf_diss_imprazao,20.779673022110003,,44.15974954738148,54.25067871822062,300.51838898787366,2.477871052018006,media 2003 = 100,,54.25067871822062,300.51838898787366,2.477871052018006
2012Q2,inf_diss_imprazao,24.525138782250004,,51.50104349089288,56.4999079593698,312.97785979975777,2.4955136164381955,media 2003 = 100,,56.4999079593698,312.97785979975777,2.4955136164381955
2012Q3,inf_diss_imprazao,24.99246909279,,51.92641600665339,53.3212308176293,295.36976795062105,2.470366041808266,media 2003 = 100,,53.3212308176293,295.36976795062105,2.470366041808266
2012Q4,inf_diss_imprazao,36.47902428602,,74.46548119704181,57.5232291957322,318.6464865641529,2.503309134257237,media 2003 = 100,,57.5232291957322,318.6464865641529,2.503309134257237
2013Q1,inf_diss_imprazao,22.992034259289998,,45.94285612675483,56.0571889026982,310.52544407282795,2.4920971915261037,media 2003 = 100,,56.0571889026982,310.52544407282795,2.4920971915261037
2013Q2,inf_diss_imprazao,28.34552065448,,55.856905596706675,61.0828323328294,338.3646951740915,2.5293850426324944,media 2003 = 100,,61.0828323328294,338.3646951740915,2.5293850426324944
2013Q3,inf_diss_imprazao,30.88303015371,,60.491725611796404,61.8137711112846,342.41368680590216,2.5345511157757903,media 2003 = 100,,61.8137711112846,342.41368680590216,2.5345511157757903
2013Q4,inf_diss_imprazao,43.179015988479996,,83.27798209199868,64.95019523593919,359.7877205948533,2.5560463369725683,media 2003 = 100,,64.95019523593919,359.7877205948533,2.5560463369725683
2014Q1,inf_diss_imprazao,26.310911541560003,,49.68919597873294,60.7165609339496,336.33575667370144,2.526773040673516,media 2003 = 100,,60.7165609339496,336.33575667370144,2.526773040673516
2014Q2,inf_diss_imprazao,29.29415573973,,54.25753583069139,58.8270171271851,325.86874180591934,2.513042703784352,media 2003 = 100,,58.8270171271851,325.86874180591934,2.513042703784352
2014Q3,inf_diss_imprazao,29.524152510680004,,54.255938298982166,55.0845384672074,305.1375051782704,2.4844955910934337,media 2003 = 100,,55.0845384672074,305.1375051782704,2.4844955910934337
2014Q4,inf_diss_imprazao,32.4946431757,,58.83735495330988,46.188644017077586,255.8592301055329,2.408001088736687,media 2003 = 100,,46.188644017077586,255.8592301055329,2.408001088736687
2015Q1,inf_diss_imprazao,21.485171258039998,,37.689100847892774,45.756812455815506,253.4671250080346,2.4039216388036233,media 2003 = 100,,45.756812455815506,253.4671250080346,2.4039216388036233
2015Q2,inf_diss_imprazao,20.63897505048,,35.22744417245032,38.21136047026958,211.66954517204195,2.325658376606173,media 2003 = 100,,38.21136047026958,211.66954517204195,2.325658376606173
2015Q3,inf_diss_imprazao,21.98130321817,,36.88135215817767,37.71903827633443,208.942355833954,2.3200264870859635,media 2003 = 100,,37.71903827633443,208.942355833954,2.3200264870859635
2015Q4,inf_diss_imprazao,24.22685814251,,39.748616259695744,31.18238067401802,172.73293212855606,2.237375145200561,media 2003 = 100,,31.18238067401802,172.73293212855606,2.237375145200561
2016Q1,inf_diss_imprazao,17.41916161956,,27.7422940722367,34.0618682876701,188.68368148710053,2.275734341359624,media 2003 = 100,,34.0618682876701,188.68368148710053,2.275734341359624
2016Q2,inf_diss_imprazao,16.23950528264,,25.39532915449501,27.42073746615493,151.8955346344944,2.1815450068311626,media 2003 = 100,,27.42073746615493,151.8955346344944,2.1815450068311626
2016Q3,inf_diss_imprazao,15.47490224374,,23.880141391955675,24.63833861355516,136.48260265906168,2.1350772956939883,media 2003 = 100,,24.63833861355516,136.48260265906168,2.1350772956939883
2016Q4,inf_diss_imprazao,18.56169203682,,28.449700221673126,21.93196494599722,121.49080764764635,2.08454341917771,media 2003 = 100,,21.93196494599722,121.49080764764635,2.08454341917771
2017Q1,inf_diss_imprazao,12.313124515941652,,18.695533938582184,23.01237190517309,127.47565735817675,2.1054272601868163,media 2003 = 100,,23.01237190517309,127.47565735817675,2.1054272601868163
2017Q2,inf_diss_imprazao,15.353512578183967,,23.18504491405271,25.048289181517518,138.75349930329727,2.1422439446520034,media 2003 = 100,,25.048289181517518,138.75349930329727,2.1422439446520034
2017Q3,inf_diss_imprazao,13.073946724033071,,19.669954774992423,20.57337325537095,113.96497026080102,2.0567713815096043,media 2003 = 100,,20.57337325537095,113.96497026080102,2.0567713815096043
2017Q4,inf_diss_imprazao,20.337615181841308,,30.317418220645244,22.82226226006338,126.42255635318898,2.1018245678210357,media 2003 = 100,,22.82226226006338,126.42255635318898,2.1018245678210357
2018Q1,inf_diss_imprazao,11.48932866742,,16.970681572524086,21.56815905151498,119.47552666135748,2.07727895361524,media 2003 = 100,,21.56815905151498,119.47552666135748,2.07727895361524
2018Q2,inf_diss_imprazao,20.408407756320003,,29.823447764880726,32.26123267049084,178.70916821622498,2.252146833443406,media 2003 = 100,,32.26123267049084,178.70916821622498,2.252146833443406
2018Q3,inf_diss_imprazao,33.00397537816,,47.5618007805193,50.54790164912991,280.00707694763094,2.4471690079153072,media 2003 = 100,,33.66764860537796,186.49992514286967,2.2706786618281103
2018Q4,inf_diss_imprazao,31.13092755291,,44.57286186879521,33.060164943578506,183.1348057435595,2.2627708921217007,media 2003 = 100,,33.060164943578506,183.1348057435595,2.2627708921217007
2019Q1,inf_diss_imprazao,9.7740529667,,13.870976121386773,18.3923217586961,101.88316598541638,2.0081024320575036,media 2003 = 100,,18.3923217586961,101.88316598541638,2.0081024320575036
2019Q2,inf_diss_imprazao,12.527707715710001,,17.549526290338857,18.93852930735167,104.90885002206342,2.020812126454992,media 2003 = 100,,18.93852930735167,104.90885002206342,2.020812126454992
2019Q3,inf_diss_imprazao,19.6306315911,,27.417402749938,29.04452873771245,160.89042923324428,2.2065302103214326,media 2003 = 100,,29.04452873771245,160.89042923324428,2.2065302103214326
2019Q4,inf_diss_imprazao,32.59077568218,,45.14096774709523,33.21550601093703,183.99530829226885,2.2648067490489043,media 2003 = 100,,33.21550601093703,183.99530829226885,2.2648067490489043
2020Q1,inf_diss_imprazao,19.622423591344372,,26.819858518931767,34.38920584941286,190.49694832604817,2.279888022868471,media 2003 = 100,,34.38920584941286,190.49694832604817,2.279888022868471
2020Q2,inf_diss_imprazao,15.98483947167383,,21.92414815153533,23.752548901356498,131.5758235443781,2.1191760969842774,media 2003 = 100,,23.752548901356498,131.5758235443781,2.1191760969842774
2020Q3,inf_diss_imprazao,32.526227129713526,,44.26564797539767,46.36367894076297,256.8288255930983,2.409643765866677,media 2003 = 100,,26.954008542657398,149.31011768677214,2.174089237776294
2020Q4,inf_diss_imprazao,27.92106474081056,,37.09626158478239,27.44406670507686,152.02476555773404,2.181914342345778,media 2003 = 100,,27.44406670507686,152.02476555773404,2.181914342345778
2021Q1,inf_diss_imprazao,12.106614152652883,,15.716599730437517,20.16312099588221,111.69240241440497,2.0480236323661,media 2003 = 100,,22.94507651904121,127.10287859292458,2.10415538645382
2021Q2,inf_diss_imprazao,22.246107527385348,,28.325148819076308,30.9474158278567,171.43135842099122,2.2340902664993116,media 2003 = 100,,20.788465796541573,115.15646252381292,2.06128831537603
2021Q3,inf_diss_imprazao,14.587812375322365,,18.10698797951341,18.44453940608379,102.17242251898331,2.009333690671354,media 2003 = 100,,18.44453940608379,102.17242251898331,2.009333690671354
2021Q4,inf_diss_imprazao,19.894205660283014,,23.922611485982568,17.97398393132289,99.56580861947693,1.998110225198506,media 2003 = 100,,17.97398393132289,99.56580861947693,1.998110225198506
2022Q1,inf_diss_imprazao,11.743401277873573,,13.766114971414549,18.13002420555862,100.43018438284959,2.0018642600277885,media 2003 = 100,,18.13002420555862,100.43018438284959,2.0018642600277885
2022Q2,inf_diss_imprazao,15.396281683705002,,17.516308982162627,18.96310019950354,105.04495900908324,2.021375215932185,media 2003 = 100,,18.96310019950354,105.04495900908324,2.021375215932185
2022Q3,inf_diss_imprazao,17.381918360090086,,19.85835931818974,19.75098918318857,109.40942289548242,2.0390547272559236,media 2003 = 100,,19.75098918318857,109.40942289548242,2.0390547272559236
2022Q4,inf_diss_imprazao,21.881617422823865,,24.811411538642336,19.04055399991745,105.47400970248147,2.0231454564737645,media 2003 = 100,,19.04055399991745,105.47400970248147,2.0231454564737645
2023Q1,inf_diss_imprazao,14.91009844053248,,16.592970950760748,21.57962388500472,119.53903542054275,2.0775097471206694,media 2003 = 100,,21.57962388500472,119.53903542054275,2.0775097471206694
2023Q2,inf_diss_imprazao,21.051763154819454,,23.082921728328962,25.16086748127073,139.3771200593168,2.144191486476971,media 2003 = 100,,25.16086748127073,139.3771200593168,2.144191486476971
2023Q3,inf_diss_imprazao,21.555221897823156,,23.544603197774997,22.89330751937819,126.81610731658627,2.103174418170667,media 2003 = 100,,22.89330751937819,126.81610731658627,2.103174418170667
2023Q4,inf_diss_imprazao,26.573534636685785,,28.77683504378027,22.54440921216061,124.8834060180418,2.0965047349828434,media 2003 = 100,,22.54440921216061,124.8834060180418,2.0965047349828434
2024Q1,inf_diss_imprazao,18.18213232319575,,19.398611557563243,24.992436245911417,138.44410530814065,2.1412744690259995,media 2003 = 100,,24.992436245911417,138.44410530814065,2.1412744690259995
2024Q2,inf_diss_imprazao,23.42192939412327,,24.706528885759173,27.003414619403678,149.58379969298485,2.174884560875231,media 2003 = 100,,27.003414619403678,149.58379969298485,2.174884560875231
2024Q3,inf_diss_imprazao,30.26907317671904,,31.673231769747883,30.250266689430262,167.56954247851468,2.2241950838911424,media 2003 = 100,,30.250266689430262,167.56954247851468,2.2241950838911424
2024Q4,inf_diss_imprazao,40.62536442283368,,41.97040600075143,33.57791253429917,186.0028375459611,2.2695195696004604,media 2003 = 100,,33.57791253429917,186.0028375459611,2.2695195696004604
2025Q1,inf_diss_imprazao,26.18939562831868,,26.602663724523573,33.35789210025374,184.78404751520083,2.2666644756764893,media 2003 = 100,,33.35789210025374,184.78404751520083,2.2666644756764893
2025Q2,inf_diss_imprazao,29.009806312549397,,29.033107000816734,32.08254752646006,177.71935255144584,2.2497347223954898,media 2003 = 100,,32.08254752646006,177.71935255144584,2.2497347223954898
2025Q3,inf_diss_imprazao,35.52859114177576,,35.347155773263516,33.58522275773335,186.0433320913103,2.26961410925224,media 2003 = 100,,33.58522275773335,186.0433320913103,2.26961410925224
2025Q4,inf_diss_imprazao,40.15823427528986,,39.71326935196124,31.89106620051718,176.6586532025492,2.2471349151706783,media 2003 = 100,,31.89106620051718,176.6586532025492,2.2471349151706783
2003Q1,inf_diss_impapendice,4.2846024613400004,,14.782025461693916,19.93883090595536,110.44995739179069,2.043165552669982,media 2003 = 100,,19.93883090595536,110.44995739179069,2.043165552669982
2003Q2,inf_diss_impapendice,4.82983968411,,16.227526161366054,18.54861539907616,102.74894201007379,2.0117773587081804,media 2003 = 100,,18.54861539907616,102.74894201007379,2.0117773587081804
2003Q3,inf_diss_impapendice,4.52143908483,,15.07203847748917,16.2965558745964,90.2737934070395,1.9555616923891814,media 2003 = 100,,16.2965558745964,90.2737934070395,1.9555616923891814
2003Q4,inf_diss_impapendice,7.7047308260500005,,25.34677427704257,17.42546309061341,96.52730719109601,1.9846501909061538,media 2003 = 100,,17.42546309061341,96.52730719109601,1.9846501909061538
2004Q1,inf_diss_impapendice,3.78997882471,,12.248410954090831,16.44008128255461,91.06884379231003,1.9593698228193128,media 2003 = 100,,16.44008128255461,91.06884379231003,1.9593698228193128
2004Q2,inf_diss_impapendice,5.230997304940001,,16.66047288641317,19.169235225254383,106.18682829744942,2.026070649019394,media 2003 = 100,,19.169235225254383,106.18682829744942,2.026070649019394
2004Q3,inf_diss_impapendice,6.04908628775,,18.862847537305097,20.201688586826062,111.90604174243346,2.0488535344690773,media 2003 = 100,,20.201688586826062,111.90604174243346,2.0488535344690773
2004Q4,inf_diss_impapendice,8.94527136606,,27.442245990729145,18.905266001302138,104.7245866206036,2.0200486547458842,media 2003 = 100,,18.905266001302138,104.7245866206036,2.0200486547458842
2005Q1,inf_diss_impapendice,4.43639560668,,13.344119009736616,17.6542312115008,97.79455446972486,1.9903146724809258,media 2003 = 100,,17.6542312115008,97.79455446972486,1.9903146724809258
2005Q2,inf_diss_impapendice,5.52256488255,,16.317133862438837,18.96567596755574,105.05922400381934,2.021434188661037,media 2003 = 100,,18.96567596755574,105.05922400381934,2.021434188661037
2005Q3,inf_diss_impapendice,6.10230073848,,17.91699155390945,18.92393358459678,104.82799457813262,2.02047727756435,media 2003 = 100,,18.92393358459678,104.82799457813262,2.02047727756435
2005Q4,inf_diss_impapendice,11.85364652092,,34.27761890013172,24.02153887064781,133.06587318295774,2.124066688166535,media 2003 = 100,,24.02153887064781,133.06587318295774,2.124066688166535
2006Q1,inf_diss_impapendice,6.084832041269999,,17.346532852979287,22.698077451109683,125.73463806254732,2.09945493597679,media 2003 = 100,,22.698077451109683,125.73463806254732,2.09945493597679
2006Q2,inf_diss_impapendice,6.55182203354,,18.560847886246084,21.463018547443973,118.89310337429808,2.0751566632532192,media 2003 = 100,,21.463018547443973,118.89310337429808,2.0751566632532192
2006Q3,inf_diss_impapendice,8.09957220326,,22.902814313633513,23.94592889635155,132.64703626725264,2.1226975509850865,media 2003 = 100,,23.94592889635155,132.64703626725264,2.1226975509850865
2006Q4,inf_diss_impapendice,10.66893443493,,29.912030412820112,21.313607560055072,118.06545017493018,2.072122827388175,media 2003 = 100,,21.313607560055072,118.06545017493018,2.072122827388175
2007Q1,inf_diss_impapendice,7.360429958419999,,20.374219005651234,26.28414548199769,145.59944674084053,2.1631597247170147,media 2003 = 100,,26.28414548199769,145.59944674084053,2.1631597247170147
2007Q2,inf_diss_impapendice,8.73736649455,,23.96381840921041,27.532713618212618,152.51581501218672,2.1833148798559603,media 2003 = 100,,27.532713618212618,152.51581501218672,2.1833148798559603
2007Q3,inf_diss_impapendice,10.17497990144,,27.65891938305339,28.59045414737142,158.3751052046857,2.1996869163827326,media 2003 = 100,,28.59045414737142,158.3751052046857,2.1996869163827326
2007Q4,inf_diss_impapendice,13.614824796570002,,36.61379939071484,26.76002939389239,148.2355771157919,2.170952448520358,media 2003 = 100,,26.76002939389239,148.2355771157919,2.170952448520358
2008Q1,inf_diss_impapendice,9.19147456408,,24.31577944436587,30.85434378478415,170.91578600845682,2.2327821765870333,media 2003 = 100,,30.85434378478415,170.91578600845682,2.2327821765870333
2008Q2,inf_diss_impapendice,10.758036049570002,,27.951766507370046,31.75619269604861,175.91152393776744,2.245294290956309,media 2003 = 100,,31.75619269604861,175.91152393776744,2.245294290956309
2008Q3,inf_diss_impapendice,13.175428047599999,,33.70493103145147,34.670430496069756,192.05476936474696,2.2834250966252396,media 2003 = 100,,34.670430496069756,192.05476936474696,2.2834250966252396
2008Q4,inf_diss_impapendice,21.410582191139998,,54.20071643809897,40.48024846997707,224.23790741826542,2.350709031947464,media 2003 = 100,,40.48024846997707,224.23790741826542,2.350709031947464
2009Q1,inf_diss_impapendice,13.163764566700001,,32.92071699208728,40.83789468121333,226.21906714516706,2.3545292071630226,media 2003 = 100,,40.83789468121333,226.21906714516706,2.3545292071630226
2009Q2,inf_diss_impapendice,16.89160665635,,41.72822029862065,46.8965871207393,259.78083036748995,2.41460710065241,media 2003 = 100,,46.8965871207393,259.78083036748995,2.41460710065241
2009Q3,inf_diss_impapendice,19.54918410789,,47.901398698573296,49.262912057371295,272.88894536474754,2.435985942909431,media 2003 = 100,,49.262912057371295,272.88894536474754,2.435985942909431
2009Q4,inf_diss_impapendice,28.55220175108,,69.34463895437243,52.1883863914782,289.0944348980569,2.461039731531164,media 2003 = 100,,52.1883863914782,289.0944348980569,2.461039731531164
2010Q1,inf_diss_impapendice,19.191715424239998,,45.76948954930451,56.9402634477031,315.417172718874,2.498885334566818,media 2003 = 100,,56.9402634477031,315.417172718874,2.498885334566818
2010Q2,inf_diss_impapendice,22.33970769651,,52.505866321949036,58.1729792816948,322.2457281132578,2.508187168789951,media 2003 = 100,,58.1729792816948,322.2457281132578,2.508187168789951
2010Q3,inf_diss_impapendice,24.04191806508,,56.32081421954782,58.0709200794226,321.68037728624233,2.5074245694620427,media 2003 = 100,,58.0709200794226,321.68037728624233,2.5074245694620427
2010Q4,inf_diss_impapendice,32.56515431535,,74.91021991241796,56.6939559558317,314.0527671471135,2.497002624364603,media 2003 = 100,,56.6939559558317,314.0527671471135,2.497002624364603
2011Q1,inf_diss_impapendice,19.61558889743,,44.08969217510711,55.0673301027851,305.0421708383941,2.4843598829415288,media 2003 = 100,,55.0673301027851,305.0421708383941,2.4843598829415288
2011Q2,inf_diss_impapendice,20.31916204181,,44.8034468493696,49.2487833888501,272.8106804532525,2.4358613688111035,media 2003 = 100,,49.2487833888501,272.8106804532525,2.4358613688111035
2011Q3,inf_diss_impapendice,22.318641412589997,,48.801183007106474,50.4060125595138,279.22108200564077,2.445948205688458,media 2003 = 100,,50.4060125595138,279.22108200564077,2.445948205688458
2011Q4,inf_diss_impapendice,30.44931405474,,65.64279714657906,50.0940356543852,277.49290465957654,2.4432518829304484,media 2003 = 100,,50.0940356543852,277.49290465957654,2.4432518829304484
2012Q1,inf_diss_impapendice,20.779673022110003,,44.15974954738148,54.25623405277824,300.5491529384755,2.4779155082997635,media 2003 = 100,,54.25623405277824,300.5491529384755,2.4779155082997635
2012Q2,inf_diss_impapendice,24.525138782250004,,51.50104349089288,56.5260493778092,313.12265873324225,2.4957144959361597,media 2003 = 100,,56.5260493778092,313.12265873324225,2.4957144959361597
2012Q3,inf_diss_impapendice,24.99246909279,,51.92641600665339,53.3580026663057,295.5734540706834,2.4706654267853336,media 2003 = 100,,53.3580026663057,295.5734540706834,2.4706654267853336
2012Q4,inf_diss_impapendice,36.47902428602,,74.46548119704181,57.4566988090381,318.27793541474637,2.502806532244103,media 2003 = 100,,57.4566988090381,318.27793541474637,2.502806532244103
2013Q1,inf_diss_impapendice,22.992034259289998,,45.94285612675483,56.0685454062263,310.58834293477616,2.492185151669082,media 2003 = 100,,56.0685454062263,310.58834293477616,2.492185151669082
2013Q2,inf_diss_impapendice,28.34552065448,,55.856905596706675,61.1312236013696,338.63274501528684,2.5297289510908687,media 2003 = 100,,61.1312236013696,338.63274501528684,2.5297289510908687
2013Q3,inf_diss_impapendice,30.88303015371,,60.491725611796404,61.8787083923332,342.7733921626721,2.5350071023835428,media 2003 = 100,,61.8787083923332,342.7733921626721,2.5350071023835428
2013Q4,inf_diss_impapendice,43.179015988479996,,83.27798209199868,64.845072470519,359.2053879797539,2.5553428423391593,media 2003 = 100,,64.845072470519,359.2053879797539,2.5553428423391593
2014Q1,inf_diss_impapendice,26.310911541560003,,49.68919597873294,60.6664371763334,336.0580885028933,2.5264143527940774,media 2003 = 100,,60.6664371763334,336.0580885028933,2.5264143527940774
2014Q2,inf_diss_impapendice,29.29415573973,,54.25753583069139,59.0296412555416,326.9911557141452,2.514536006249009,media 2003 = 100,,59.0296412555416,326.9911557141452,2.514536006249009
2014Q3,inf_diss_impapendice,29.524152510680004,,54.255938298982166,55.0805994432009,305.1156755534125,2.4844645204299085,media 2003 = 100,,55.0805994432009,305.1156755534125,2.4844645204299085
2014Q4,inf_diss_impapendice,32.4946431757,,58.83735495330988,46.1282660977825,255.52476216323788,2.407432992728127,media 2003 = 100,,46.1282660977825,255.52476216323788,2.407432992728127
2015Q1,inf_diss_impapendice,21.485171258039998,,37.689100847892774,45.65196318976066,252.88631078438166,2.4029253207967067,media 2003 = 100,,45.65196318976066,252.88631078438166,2.4029253207967067
2015Q2,inf_diss_impapendice,20.63897505048,,35.22744417245032,38.3778586922874,212.59184539677528,2.3275466018283684,media 2003 = 100,,38.3778586922874,212.59184539677528,2.3275466018283684
2015Q3,inf_diss_impapendice,21.98130321817,,36.88135215817767,37.67311607657459,208.68796596448573,2.319497406104724,media 2003 = 100,,37.67311607657459,208.68796596448573,2.319497406104724
2015Q4,inf_diss_impapendice,24.22685814251,,39.748616259695744,31.16501082176952,172.63670741853903,2.2371331444171725,media 2003 = 100,,31.16501082176952,172.63670741853903,2.2371331444171725
2016Q1,inf_diss_impapendice,17.41916161956,,27.7422940722367,33.89860334994926,187.77927920161136,2.2736476676697994,media 2003 = 100,,33.89860334994926,187.77927920161136,2.2736476676697994
2016Q2,inf_diss_impapendice,16.23950528264,,25.39532915449501,27.615192393834562,152.97270124067919,2.1846139356651277,media 2003 = 100,,27.615192393834562,152.97270124067919,2.1846139356651277
2016Q3,inf_diss_impapendice,15.47490224374,,23.880141391955675,24.531981605432968,135.8934400836395,2.1331984927572285,media 2003 = 100,,24.531981605432968,135.8934400836395,2.1331984927572285
2016Q4,inf_diss_impapendice,18.56169203682,,28.449700221673126,21.96581148885482,121.67829470360186,2.085213114539309,media 2003 = 100,,21.96581148885482,121.67829470360186,2.085213114539309
2017Q1,inf_diss_impapendice,12.481411925534047,,18.951051778379657,23.244124065143282,128.75943051594683,2.1097790471971054,media 2003 = 100,,23.244124065143282,128.75943051594683,2.1097790471971054
2017Q2,inf_diss_impapendice,14.833310539172835,,22.399497790719355,24.38177975485412,135.06140594508594,2.130531266271285,media 2003 = 100,,24.38177975485412,135.06140594508594,2.130531266271285
2017Q3,inf_diss_impapendice,13.424517172014827,,20.197393428583844,20.98758969980907,116.25949380050814,2.065428427685184,media 2003 = 100,,20.98758969980907,116.25949380050814,2.065428427685184
2017Q4,inf_diss_impapendice,20.33895936327829,,30.31942200085374,22.90425382879814,126.87673973532304,2.1033820103490766,media 2003 = 100,,22.90425382879814,126.87673973532304,2.1033820103490766
2018Q1,inf_diss_impapendice,11.48932866742,,16.970681572524086,21.38836130152294,118.47954404025992,2.073643374166257,media 2003 = 100,,21.38836130152294,118.47954404025992,2.073643374166257
2018Q2,inf_diss_impapendice,20.408407756320003,,29.823447764880726,32.42084908677538,179.593348132085,2.2542902470137527,media 2003 = 100,,32.42084908677538,179.593348132085,2.2542902470137527
2018Q3,inf_diss_impapendice,33.00397537816,,47.5618007805193,50.36048966141872,278.96891064320386,2.4455558065408805,media 2003 = 100,,33.480236617666776,185.46176179185483,2.2682543810419373
2018Q4,inf_diss_impapendice,31.13092755291,,44.57286186879521,33.189521572794426,183.85136324488118,2.264466854479749,media 2003 = 100,,33.189521572794426,183.85136324488118,2.264466854479749
2019Q1,inf_diss_impapendice,9.7740529667,,13.870976121386773,18.19392931750551,100.78417974383488,2.0033923655502295,media 2003 = 100,,18.19392931750551,100.78417974383488,2.0033923655502295
2019Q2,inf_diss_impapendice,12.527707715710001,,17.549526290338857,19.01963628214282,105.35813392863396,2.022668069929486,media 2003 = 100,,19.01963628214282,105.35813392863396,2.022668069929486
2019Q3,inf_diss_impapendice,19.6306315911,,27.417402749938,28.92225682298608,160.21310621672976,2.2046980406170267,media 2003 = 100,,28.92225682298608,160.21310621672976,2.2046980406170267
2019Q4,inf_diss_impapendice,32.59077568218,,45.14096774709523,33.33596367253636,184.66257046927416,2.266378876566594,media 2003 = 100,,33.33596367253636,184.66257046927416,2.266378876566594
2020Q1,inf_diss_impapendice,19.622423591344372,,26.819858518931767,34.25841923756968,189.77245772065356,2.2782331821276305,media 2003 = 100,,34.25841923756968,189.77245772065356,2.2782331821276305
2020Q2,inf_diss_impapendice,15.98483947167383,,21.92414815153533,23.77695485621257,131.71101471103918,2.1196220956010867,media 2003 = 100,,23.77695485621257,131.71101471103918,2.1196220956010867
2020Q3,inf_diss_impapendice,32.526227129713526,,44.26564797539767,46.27825667244984,256.3556259515571,2.408842852858556,media 2003 = 100,,26.86858627434427,148.8369214411964,2.172710678448879
2020Q4,inf_diss_impapendice,27.92106474081056,,37.09626158478239,27.53608581489708,152.53449509337466,2.183368068827896,media 2003 = 100,,27.53608581489708,152.53449509337466,2.183368068827896
2021Q1,inf_diss_impapendice,12.106614152652883,,15.716599730437517,20.114178914208328,111.4212871619073,2.046968171212679,media 2003 = 100,,22.876357485258495,126.72220961418036,2.1028527369638472
2021Q2,inf_diss_impapendice,22.246107527385348,,28.325148819076308,30.92950954697947,171.33216223788332,2.2338388957812754,media 2003 = 100,,20.770559515664342,115.05726811814085,2.0609140580668335
2021Q3,inf_diss_impapendice,14.587812375322365,,18.10698797951341,18.42826945601037,102.08229287971173,2.0089504162146965,media 2003 = 100,,18.42826945601037,102.08229287971173,2.0089504162146965
2021Q4,inf_diss_impapendice,19.894205660283014,,23.922611485982568,18.01455480322694,99.79054538519634,1.999089396181696,media 2003 = 100,,18.01455480322694,99.79054538519634,1.999089396181696
2022Q1,inf_diss_impapendice,11.743401277873573,,13.766114971414549,18.08294835672949,100.16940737092959,2.0007351043790402,media 2003 = 100,,18.08294835672949,100.16940737092959,2.0007351043790402
2022Q2,inf_diss_impapendice,15.396281683705002,,17.516308982162627,18.9555566634468,105.00316872590767,2.021202405159573,media 2003 = 100,,18.9555566634468,105.00316872590767,2.021202405159573
2022Q3,inf_diss_impapendice,17.381918360090086,,19.85835931818974,19.743662633400717,109.36883445687222,2.038893583865049,media 2003 = 100,,19.743662633400717,109.36883445687222,2.038893583865049
2022Q4,inf_diss_impapendice,21.881617422823865,,24.811411538642336,19.05946114895098,105.57874138866218,2.0235764804418204,media 2003 = 100,,19.05946114895098,105.57874138866218,2.0235764804418204
2023Q1,inf_diss_impapendice,14.91009844053248,,16.592970950760748,21.55549913202138,119.40539402334973,2.07702394607026,media 2003 = 100,,21.55549913202138,119.40539402334973,2.07702394607026
2023Q2,inf_diss_impapendice,21.051763154819454,,23.082921728328962,25.16578193574706,139.4043389827914,2.144276291458956,media 2003 = 100,,25.16578193574706,139.4043389827914,2.144276291458956
2023Q3,inf_diss_impapendice,21.555221897823156,,23.544603197774997,22.89868270538162,126.84587883144751,2.103276361744301,media 2003 = 100,,22.89868270538162,126.84587883144751,2.103276361744301
2023Q4,inf_diss_impapendice,26.573534636685785,,28.77683504378027,22.53033494931924,124.80543853911823,2.096233510635396,media 2003 = 100,,22.53033494931924,124.80543853911823,2.096233510635396
2024Q1,inf_diss_impapendice,18.18213232319575,,19.398611557563243,25.00277176705464,138.50135393459936,2.141454018912751,media 2003 = 100,,25.00277176705464,138.50135393459936,2.141454018912751
2024Q2,inf_diss_impapendice,23.42192939412327,,24.706528885759173,27.022051916641,149.68703515813027,2.175184186427785,media 2003 = 100,,27.022051916641,149.68703515813027,2.175184186427785
2024Q3,inf_diss_impapendice,30.26907317671904,,31.673231769747883,30.249848438686012,167.56722031094978,2.22418906542542,media 2003 = 100,,30.249848438686012,167.56722031094978,2.22418906542542
2024Q4,inf_diss_impapendice,40.62536442283368,,41.97040600075143,33.55225399975326,185.8606977585842,2.26918756324618,media 2003 = 100,,33.55225399975326,185.8606977585842,2.26918756324618
2025Q1,inf_diss_impapendice,26.18939562831868,,26.602663724523573,33.37883321235831,184.9000437127694,2.2669370138320355,media 2003 = 100,,33.37883321235831,184.9000437127694,2.2669370138320355
2025Q2,inf_diss_impapendice,29.009806312549397,,29.033107000816734,32.105514806959924,177.84657281039924,2.2500455005374125,media 2003 = 100,,32.105514806959924,177.84657281039924,2.2500455005374125
2025Q3,inf_diss_impapendice,35.52859114177576,,35.347155773263516,33.58303376581761,186.03120042578524,2.269585788499621,media 2003 = 100,,33.58303376581761,186.03120042578524,2.269585788499621
2025Q4,inf_diss_impapendice,40.15823427528986,,39.71326935196124,31.860561795639917,176.48967030237887,2.2467192918090677,media 2003 = 100,,31.860561795639917,176.48967030237887,2.2467192918090677
2003Q1,inf_diss_x11soma,4.2846024613400004,,14.782025461693916,20.4655480360512,112.88749097353585,2.0526458205596123,media 2003 = 100,,20.4655480360512,112.88749097353585,2.0526458205596123
2003Q2,inf_diss_x11soma,4.82983968411,,16.227526161366054,18.5658430744614,102.4087622179668,2.010337116992458,media 2003 = 100,,18.5658430744614,102.4087622179668,2.010337116992458
2003Q3,inf_diss_x11soma,4.52143908483,,15.07203847748917,16.2684542537463,89.73641846717521,1.9529687321127867,media 2003 = 100,,16.2684542537463,89.73641846717521,1.9529687321127867
2003Q4,inf_diss_x11soma,7.7047308260500005,,25.34677427704257,17.2167740044856,94.96732834132214,1.9775742204304911,media 2003 = 100,,17.2167740044856,94.96732834132214,1.9775742204304911
2004Q1,inf_diss_x11soma,3.78997882471,,12.248410954090831,16.7999220144681,92.66798237816948,1.9669297074090863,media 2003 = 100,,16.7999220144681,92.66798237816948,1.9669297074090863
2004Q2,inf_diss_x11soma,5.230997304940001,,16.66047288641317,19.1102103439733,105.41147952194815,2.0228879089938143,media 2003 = 100,,19.1102103439733,105.41147952194815,2.0228879089938143
2004Q3,inf_diss_x11soma,6.04908628775,,18.862847537305097,20.1779687256982,111.30121013001958,2.046499886256836,media 2003 = 100,,20.1779687256982,111.30121013001958,2.046499886256836
2004Q4,inf_diss_x11soma,8.94527136606,,27.442245990729145,18.8912935160341,104.2039393478757,2.0178841374347716,media 2003 = 100,,18.8912935160341,104.2039393478757,2.0178841374347716
2005Q1,inf_diss_x11soma,4.43639560668,,13.344119009736616,17.9496339965958,99.00976715598135,1.995678039170431,media 2003 = 100,,17.9496339965958,99.00976715598135,1.995678039170431
2005Q2,inf_diss_x11soma,5.52256488255,,16.317133862438837,18.7671597369883,103.51922028553452,2.0150209921986098,media 2003 = 100,,18.7671597369883,103.51922028553452,2.0150209921986098
2005Q3,inf_diss_x11soma,6.10230073848,,17.91699155390945,18.9161428953183,104.3410079509105,2.018455027761132,media 2003 = 100,,18.9161428953183,104.3410079509105,2.018455027761132
2005Q4,inf_diss_x11soma,11.85364652092,,34.27761890013172,24.0796862689115,132.82299411376104,2.1232732659376725,media 2003 = 100,,24.0796862689115,132.82299411376104,2.1232732659376725
2006Q1,inf_diss_x11soma,6.084832041269999,,17.346532852979287,22.7876305052121,125.6960443196492,2.099321610564398,media 2003 = 100,,22.7876305052121,125.6960443196492,2.099321610564398
2006Q2,inf_diss_x11soma,6.55182203354,,18.560847886246084,21.2939094515214,117.45671343691633,2.0698778446579627,media 2003 = 100,,21.2939094515214,117.45671343691633,2.0698778446579627
2006Q3,inf_diss_x11soma,8.09957220326,,22.902814313633513,23.9637994132475,132.1837648905965,2.121178117393131,media 2003 = 100,,23.9637994132475,132.1837648905965,2.121178117393131
2006Q4,inf_diss_x11soma,10.66893443493,,29.912030412820112,21.4534697896119,118.33684458191162,2.073119984757335,media 2003 = 100,,21.4534697896119,118.33684458191162,2.073119984757335
2007Q1,inf_diss_x11soma,7.360429958419999,,20.374219005651234,26.1492694888346,144.2387674244243,2.159082002517325,media 2003 = 100,,26.1492694888346,144.2387674244243,2.159082002517325
2007Q2,inf_diss_x11soma,8.73736649455,,23.96381840921041,27.389040022202,151.07731309386983,2.1791992523079737,media 2003 = 100,,27.389040022202,151.07731309386983,2.1791992523079737
2007Q3,inf_diss_x11soma,10.17497990144,,27.65891938305339,28.6435985278392,157.99742887730324,2.198650019653885,media 2003 = 100,,28.6435985278392,157.99742887730324,2.198650019653885
2007Q4,inf_diss_x11soma,13.614824796570002,,36.61379939071484,26.8560128341515,148.13714741769525,2.1706639774650154,media 2003 = 100,,26.8560128341515,148.13714741769525,2.1706639774650154
2008Q1,inf_diss_x11soma,9.19147456408,,24.31577944436587,30.58449465024,168.70336712592132,2.227123750695908,media 2003 = 100,,30.58449465024,168.70336712592132,2.227123750695908
2008Q2,inf_diss_x11soma,10.758036049570002,,27.951766507370046,31.7030328328862,174.87319794474905,2.2427232521507263,media 2003 = 100,,31.7030328328862,174.87319794474905,2.2427232521507263
2008Q3,inf_diss_x11soma,13.175428047599999,,33.70493103145147,34.7326691455859,191.584601973633,2.282360601054577,media 2003 = 100,,34.7326691455859,191.584601973633,2.282360601054577
2008Q4,inf_diss_x11soma,21.410582191139998,,54.20071643809897,40.465521421264,223.20688291051312,2.348707582577219,media 2003 = 100,,40.465521421264,223.20688291051312,2.348707582577219
2009Q1,inf_diss_x11soma,13.163764566700001,,32.92071699208728,40.8271417419396,225.20157225937407,2.3525714182449686,media 2003 = 100,,40.8271417419396,225.20157225937407,2.3525714182449686
2009Q2,inf_diss_x11soma,16.89160665635,,41.72822029862065,46.8887634760359,258.637337946537,2.41269122160242,media 2003 = 100,,46.8887634760359,258.637337946537,2.41269122160242
2009Q3,inf_diss_x11soma,19.54918410789,,47.901398698573296,49.3667258411028,272.30572120343726,2.435056766058953,media 2003 = 100,,49.3667258411028,272.30572120343726,2.435056766058953
2009Q4,inf_diss_x11soma,28.55220175108,,69.34463895437243,52.2992586459692,288.4815045225938,2.4601179743677766,media 2003 = 100,,52.2992586459692,288.4815045225938,2.4601179743677766
2010Q1,inf_diss_x11soma,19.191715424239998,,45.76948954930451,56.533302155506,311.8363908722006,2.4939267953710376,media 2003 = 100,,56.533302155506,311.8363908722006,2.4939267953710376
2010Q2,inf_diss_x11soma,22.33970769651,,52.505866321949036,58.2772913215347,321.4561948907005,2.5071217996135253,media 2003 = 100,,58.2772913215347,321.4561948907005,2.5071217996135253
2010Q3,inf_diss_x11soma,24.04191806508,,56.32081421954782,58.3106422205559,321.64015768053554,2.507370266352174,media 2003 = 100,,58.3106422205559,321.64015768053554,2.507370266352174
2010Q4,inf_diss_x11soma,32.56515431535,,74.91021991241796,56.7712079393459,313.14867368908233,2.4957505766289514,media 2003 = 100,,56.7712079393459,313.14867368908233,2.4957505766289514
2011Q1,inf_diss_x11soma,19.61558889743,,44.08969217510711,54.4587565609656,300.3932452175946,2.477690162693956,media 2003 = 100,,54.4587565609656,300.3932452175946,2.477690162693956
2011Q2,inf_diss_x11soma,20.31916204181,,44.8034468493696,49.2276671178942,271.53867649330545,2.433831696876355,media 2003 = 100,,49.2276671178942,271.53867649330545,2.433831696876355
2011Q3,inf_diss_x11soma,22.318641412589997,,48.801183007106474,50.5377022656651,278.7648001553003,2.4452379341912764,media 2003 = 100,,50.5377022656651,278.7648001553003,2.4452379341912764
2011Q4,inf_diss_x11soma,30.44931405474,,65.64279714657906,50.1425085107306,276.58492051736545,2.4418284985693157,media 2003 = 100,,50.1425085107306,276.58492051736545,2.4418284985693157
2012Q1,inf_diss_x11soma,20.779673022110003,,44.15974954738148,54.3498539877404,299.7925411352853,2.47682082336188,media 2003 = 100,,54.3498539877404,299.7925411352853,2.47682082336188
2012Q2,inf_diss_x11soma,24.525138782250004,,51.50104349089288,56.2918739976637,310.5046787215574,2.4920681485629883,media 2003 = 100,,56.2918739976637,310.5046787215574,2.4920681485629883
2012Q3,inf_diss_x11soma,24.99246909279,,51.92641600665339,53.2897172222596,293.9448511866403,2.468265857378258,media 2003 = 100,,53.2897172222596,293.9448511866403,2.468265857378258
2012Q4,inf_diss_x11soma,36.47902428602,,74.46548119704181,57.8304312349521,318.99132495896623,2.5037788724813814,media 2003 = 100,,57.8304312349521,318.99132495896623,2.5037788724813814
2013Q1,inf_diss_x11soma,22.992034259289998,,45.94285612675483,55.9134414174847,308.4172533370139,2.4891386651618954,media 2003 = 100,,55.9134414174847,308.4172533370139,2.4891386651618954
2013Q2,inf_diss_x11soma,28.34552065448,,55.856905596706675,60.8576805755182,335.68956250461156,2.5259378380692157,media 2003 = 100,,60.8576805755182,335.68956250461156,2.5259378380692157
2013Q3,inf_diss_x11soma,30.88303015371,,60.491725611796404,61.5005501896637,339.2356164698497,2.530501442712904,media 2003 = 100,,61.5005501896637,339.2356164698497,2.530501442712904
2013Q4,inf_diss_x11soma,43.179015988479996,,83.27798209199868,65.650337331500893,362.12574663841514,2.5588594036501595,media 2003 = 100,,65.650337331500893,362.12574663841514,2.5588594036501595
2014Q1,inf_diss_x11soma,26.310911541560003,,49.68919597873294,60.0979403440306,331.4988529094808,2.5204820299475954,media 2003 = 100,,60.0979403440306,331.4988529094808,2.5204820299475954
2014Q2,inf_diss_x11soma,29.29415573973,,54.25753583069139,58.793640326942,324.3043640960612,2.5109527929223883,media 2003 = 100,,58.793640326942,324.3043640960612,2.5109527929223883
2014Q3,inf_diss_x11soma,29.524152510680004,,54.255938298982166,54.86855376993,302.6536771711616,2.480945954856676,media 2003 = 100,,54.86855376993,302.6536771711616,2.480945954856676
2014Q4,inf_diss_x11soma,32.4946431757,,58.83735495330988,46.6354376588661,257.23999858143696,2.410338498515791,media 2003 = 100,,46.6354376588661,257.23999858143696,2.410338498515791
2015Q1,inf_diss_x11soma,21.485171258039998,,37.689100847892774,45.8854911123168,253.10331072655586,2.403297825999307,media 2003 = 100,,45.8854911123168,253.10331072655586,2.403297825999307
2015Q2,inf_diss_x11soma,20.63897505048,,35.22744417245032,38.1262092927265,210.30329116064303,2.3228460692708293,media 2003 = 100,,38.1262092927265,210.30329116064303,2.3228460692708293
2015Q3,inf_diss_x11soma,21.98130321817,,36.88135215817767,36.7691765441195,202.81792981633362,2.3071063455138328,media 2003 = 100,,36.7691765441195,202.81792981633362,2.3071063455138328
2015Q4,inf_diss_x11soma,24.22685814251,,39.748616259695744,31.6071737764301,174.3444416001177,2.2414081058796027,media 2003 = 100,,31.6071737764301,174.3444416001177,2.2414081058796027
2016Q1,inf_diss_x11soma,17.41916161956,,27.7422940722367,34.2023825663078,188.65955343224076,2.2756788021044887,media 2003 = 100,,34.2023825663078,188.65955343224076,2.2756788021044887
2016Q2,inf_diss_x11soma,16.23950528264,,25.39532915449501,27.660748233479,152.57604932091527,2.1834863654398133,media 2003 = 100,,27.660748233479,152.57604932091527,2.1834863654398133
2016Q3,inf_diss_x11soma,15.47490224374,,23.880141391955675,23.4621742085218,129.4168118302231,2.1119906968183155,media 2003 = 100,,23.4621742085218,129.4168118302231,2.1119906968183155
2016Q4,inf_diss_x11soma,18.56169203682,,28.449700221673126,22.4630649381038,123.9057481368782,2.093091454287455,media 2003 = 100,,22.4630649381038,123.9057481368782,2.093091454287455
2017Q1,inf_diss_x11soma,12.342108864911431,,18.73954209257678,23.518303061048,129.7264172862678,2.113028424144325,media 2003 = 100,,23.518303061048,129.7264172862678,2.113028424144325
2017Q2,inf_diss_x11soma,15.016497624620722,,22.67612509552377,25.0859997792349,138.37379622827402,2.1410538557932504,media 2003 = 100,,25.0859997792349,138.37379622827402,2.1410538557932504
2017Q3,inf_diss_x11soma,12.97245334362195,,19.517256416586385,18.9557050342179,104.55923179666605,2.0193623837949963,media 2003 = 100,,18.9557050342179,104.55923179666605,2.0193623837949963
2017Q4,inf_diss_x11soma,20.747139166845894,,30.927898348908013,23.9865439675072,132.30922332733937,2.1215901200797735,media 2003 = 100,,23.9865439675072,132.30922332733937,2.1215901200797735
2018Q1,inf_diss_x11soma,11.48932866742,,16.970681572524086,21.836739493329,120.45095142833361,2.0808102347905124,media 2003 = 100,,21.836739493329,120.45095142833361,2.0808102347905124
2018Q2,inf_diss_x11soma,20.408407756320003,,29.823447764880726,33.4326911375681,184.41395326257017,2.265793777865558,media 2003 = 100,,33.4326911375681,184.41395326257017,2.265793777865558
2018Q3,inf_diss_x11soma,33.00397537816,,47.5618007805193,46.2995865146507,255.3874514156205,2.4071995541848814,media 2003 = 100,,46.2995865146507,255.3874514156205,2.4071995541848814
2018Q4,inf_diss_x11soma,31.13092755291,,44.57286186879521,33.6129934243422,185.4084965181363,2.2681296322162026,media 2003 = 100,,33.6129934243422,185.4084965181363,2.2681296322162026
2019Q1,inf_diss_x11soma,9.7740529667,,13.870976121386773,18.3543154599161,101.24198077455897,2.0053606334345138,media 2003 = 100,,18.3543154599161,101.24198077455897,2.0053606334345138
2019Q2,inf_diss_x11soma,12.527707715710001,,17.549526290338857,19.9283404956198,109.92426657003895,2.0410935766283593,media 2003 = 100,,19.9283404956198,109.92426657003895,2.0410935766283593
2019Q3,inf_diss_x11soma,19.6306315911,,27.417402749938,26.5937083536091,146.69028195250533,2.1664013433306724,media 2003 = 100,,26.5937083536091,146.69028195250533,2.1664013433306724
2019Q4,inf_diss_x11soma,32.59077568218,,45.14096774709523,33.6190997899809,185.44217909016933,2.26820852194823,media 2003 = 100,,33.6190997899809,185.44217909016933,2.26820852194823
2020Q1,inf_diss_x11soma,19.622423591344372,,26.819858518931767,35.9121459639733,198.0905689017922,2.296863799256817,media 2003 = 100,,35.9121459639733,198.0905689017922,2.296863799256817
2020Q2,inf_diss_x11soma,15.98483947167383,,21.92414815153533,24.9918262518834,137.85433722331058,2.1394204345877372,media 2003 = 100,,24.9918262518834,137.85433722331058,2.1394204345877372
2020Q3,inf_diss_x11soma,32.526227129713526,,44.26564797539767,42.9689164169703,237.0155519714721,2.3747768435366825,media 2003 = 100,,25.97354254062473,143.26946163085825,2.1561536289277496
2020Q4,inf_diss_x11soma,27.92106474081056,,37.09626158478239,27.6147238660562,152.32217997166293,2.1827631465268036,media 2003 = 100,,27.6147238660562,152.32217997166293,2.1827631465268036
2021Q1,inf_diss_x11soma,12.106614152652883,,15.716599730437517,20.9407160186443,115.50850660680406,2.062613968958515,media 2003 = 100,,20.9407160186443,115.50850660680406,2.062613968958515
2021Q2,inf_diss_x11soma,22.246107527385348,,28.325148819076308,32.2084256704897,177.66093318118416,2.249591938952581,media 2003 = 100,,19.320261978515422,106.57011949369873,2.0276354527384606
2021Q3,inf_diss_x11soma,14.587812375322365,,18.10698797951341,17.5838437785883,96.99207674960722,1.9867362583438888,media 2003 = 100,,17.5838437785883,96.99207674960722,1.9867362583438888
2021Q4,inf_diss_x11soma,19.894205660283014,,23.922611485982568,17.9787545158233,99.17039526843884,1.996382044226248,media 2003 = 100,,17.9787545158233,99.17039526843884,1.996382044226248
2022Q1,inf_diss_x11soma,11.743401277873573,,13.766114971414549,18.1599277662263,100.16974273929509,2.0007365583996894,media 2003 = 100,,18.1599277662263,100.16974273929509,2.0007365583996894
2022Q2,inf_diss_x11soma,15.396281683705002,,17.516308982162627,19.681281749567,108.56149622468396,2.0356758202600633,media 2003 = 100,,19.681281749567,108.56149622468396,2.0356758202600633
2022Q3,inf_diss_x11soma,17.381918360090086,,19.85835931818974,19.3213642879826,106.57619980729731,2.0276602305216613,media 2003 = 100,,19.3213642879826,106.57619980729731,2.0276602305216613
2022Q4,inf_diss_x11soma,21.881617422823865,,24.811411538642336,18.8853318651101,104.17105501887141,2.017747062611666,media 2003 = 100,,18.8853318651101,104.17105501887141,2.017747062611666
2023Q1,inf_diss_x11soma,14.91009844053248,,16.592970950760748,21.699548159055,119.69420719249774,2.078073132484858,media 2003 = 100,,21.699548159055,119.69420719249774,2.078073132484858
2023Q2,inf_diss_x11soma,21.051763154819454,,23.082921728328962,25.6790997470508,141.64532197218662,2.1512022359322485,media 2003 = 100,,25.6790997470508,141.64532197218662,2.1512022359322485
2023Q3,inf_diss_x11soma,21.555221897823156,,23.544603197774997,22.7269191574207,125.36116192540692,2.0981630087912135,media 2003 = 100,,22.7269191574207,125.36116192540692,2.0981630087912135
2023Q4,inf_diss_x11soma,26.573534636685785,,28.77683504378027,22.3189931429137,123.111051437312,2.0902970404439962,media 2003 = 100,,22.3189931429137,123.111051437312,2.0902970404439962
2024Q1,inf_diss_x11soma,18.18213232319575,,19.398611557563243,25.0840275274121,138.36291733270514,2.141019710382933,media 2003 = 100,,25.0840275274121,138.36291733270514,2.141019710382933
2024Q2,inf_diss_x11soma,23.42192939412327,,24.706528885759173,27.3516723557742,150.871193907658,2.178606327110366,media 2003 = 100,,27.3516723557742,150.871193907658,2.178606327110366
2024Q3,inf_diss_x11soma,30.26907317671904,,31.673231769747883,30.3269413867324,167.28270926431887,2.223451053579436,media 2003 = 100,,30.3269413867324,167.28270926431887,2.223451053579436
2024Q4,inf_diss_x11soma,40.62536442283368,,41.97040600075143,33.0151282203295,182.11068584126195,2.2603354299560188,media 2003 = 100,,33.0151282203295,182.11068584126195,2.2603354299560188
2025Q1,inf_diss_x11soma,26.18939562831868,,26.602663724523573,34.0503066033583,187.82070592791243,2.273743468518687,media 2003 = 100,,34.0503066033583,187.82070592791243,2.273743468518687
2025Q2,inf_diss_x11soma,29.009806312549397,,29.033107000816734,32.1537513970955,177.35935115008485,2.2488540912901644,media 2003 = 100,,32.1537513970955,177.35935115008485,2.2488540912901644
2025Q3,inf_diss_x11soma,35.52859114177576,,35.347155773263516,33.7694675875398,186.27160439359827,2.270146655244691,media 2003 = 100,,33.7694675875398,186.27160439359827,2.270146655244691
2025Q4,inf_diss_x11soma,40.15823427528986,,39.71326935196124,31.3271199061227,172.79967091033507,2.2375429110481893,media 2003 = 100,,31.3271199061227,172.79967091033507,2.2375429110481893
2003Q1,inf_diss_nominal,4.2846024613400004,5.9244464005517,,,109.88359816969565,2.040932872077779,media 2003 = 100 (nominal),5.9244464005517,,109.88359816969565,2.040932872077779
2003Q2,inf_diss_nominal,4.82983968411,5.52035964218315,,,102.38880389184891,2.010252469590703,media 2003 = 100 (nominal),5.52035964218315,,102.38880389184891,2.010252469590703
2003Q3,inf_diss_nominal,4.52143908483,4.88367075033726,,,90.57982434834463,1.9570314741674437,media 2003 = 100 (nominal),4.88367075033726,,90.57982434834463,1.9570314741674437
2003Q4,inf_diss_nominal,7.7047308260500005,5.23778604954958,,,97.14777359011084,1.9874328519907778,media 2003 = 100 (nominal),5.23778604954958,,97.14777359011084,1.9874328519907778
2004Q1,inf_diss_nominal,3.78997882471,5.19103139691563,,,96.28059223420993,1.9835387530119903,media 2003 = 100 (nominal),5.19103139691563,,96.28059223420993,1.9835387530119903
2004Q2,inf_diss_nominal,5.230997304940001,5.99471822238361,,,111.18696393769568,2.0460538715823615,media 2003 = 100 (nominal),5.99471822238361,,111.18696393769568,2.0460538715823615
2004Q3,inf_diss_nominal,6.04908628775,6.47444464614113,,,120.08468399718471,2.0794876195621343,media 2003 = 100 (nominal),6.47444464614113,,120.08468399718471,2.0794876195621343
2004Q4,inf_diss_nominal,8.94527136606,6.16384522899381,,,114.32384505324902,2.058136822652462,media 2003 = 100 (nominal),6.16384522899381,,114.32384505324902,2.058136822652462
2005Q1,inf_diss_nominal,4.43639560668,5.95751041572504,,,110.49685259239509,2.0433499076933246,media 2003 = 100 (nominal),5.95751041572504,,110.49685259239509,2.0433499076933246
2005Q2,inf_diss_nominal,5.52256488255,6.34805203641959,,,117.74041859257787,2.0709255754894302,media 2003 = 100 (nominal),6.34805203641959,,117.74041859257787,2.0709255754894302
2005Q3,inf_diss_nominal,6.10230073848,6.44400875723576,,,119.52017471474714,2.0774412193240273,media 2003 = 100 (nominal),6.44400875723576,,119.52017471474714,2.0774412193240273
2005Q4,inf_diss_nominal,11.85364652092,8.33683820191768,,,154.6274060138315,2.1892864703438923,media 2003 = 100 (nominal),8.33683820191768,,154.6274060138315,2.1892864703438923
2006Q1,inf_diss_nominal,6.084832041269999,7.97932665363132,,,147.99646488332084,2.1702513417462903,media 2003 = 100 (nominal),7.97932665363132,,147.99646488332084,2.1702513417462903
2006Q2,inf_diss_nominal,6.55182203354,7.51165548564783,,,139.32233953492295,2.144020758626971,media 2003 = 100 (nominal),7.51165548564783,,139.32233953492295,2.144020758626971
2006Q3,inf_diss_nominal,8.09957220326,8.47573679835094,,,157.20362605616083,2.196462559248044,media 2003 = 100 (nominal),8.47573679835094,,157.20362605616083,2.196462559248044
2006Q4,inf_diss_nominal,10.66893443493,7.66312884552393,,,142.1317898505658,2.152691225095604,media 2003 = 100 (nominal),7.66312884552393,,142.1317898505658,2.152691225095604
2007Q1,inf_diss_nominal,7.360429958419999,9.42840047521853,,,174.8731441144278,2.2427231184640584,media 2003 = 100 (nominal),9.42840047521853,,174.8731441144278,2.2427231184640584
2007Q2,inf_diss_nominal,8.73736649455,9.97647471008207,,,185.03854437618057,2.2672622033559535,media 2003 = 100 (nominal),9.97647471008207,,185.03854437618057,2.2672622033559535
2007Q3,inf_diss_nominal,10.17497990144,10.5405974436,,,195.50160397319237,2.291150324871778,media 2003 = 100 (nominal),10.5405974436,,195.50160397319237,2.291150324871778
2007Q4,inf_diss_nominal,13.614824796570002,10.0036822548316,,,185.5431759843192,2.2684449862415086,media 2003 = 100 (nominal),10.0036822548316,,185.5431759843192,2.2684449862415086
2008Q1,inf_diss_nominal,9.19147456408,11.5372821928556,,,213.98760234071372,2.3303886126436537,media 2003 = 100 (nominal),11.5372821928556,,213.98760234071372,2.3303886126436537
2008Q2,inf_diss_nominal,10.758036049570002,12.1798878239969,,,225.906322534948,2.3539283858721767,media 2003 = 100 (nominal),12.1798878239969,,225.906322534948,2.3539283858721767
2008Q3,inf_diss_nominal,13.175428047599999,13.5930179094025,,,252.11633575268198,2.401600986483266,media 2003 = 100 (nominal),13.5930179094025,,252.11633575268198,2.401600986483266
2008Q4,inf_diss_nominal,21.410582191139998,16.0136684142158,,,297.013321799413,2.4727759289610614,media 2003 = 100 (nominal),16.0136684142158,,297.013321799413,2.4727759289610614
2009Q1,inf_diss_nominal,13.163764566700001,16.2866757258923,,,302.07692162046226,2.480117546869635,media 2003 = 100 (nominal),16.2866757258923,,302.07692162046226,2.480117546869635
2009Q2,inf_diss_nominal,16.89160665635,18.9331403015434,,,351.16219142290305,2.545507750570286,media 2003 = 100 (nominal),18.9331403015434,,351.16219142290305,2.545507750570286
2009Q3,inf_diss_nominal,19.54918410789,20.193062768003,,,374.53058817580916,2.5734872926188834,media 2003 = 100 (nominal),20.193062768003,,374.53058817580916,2.5734872926188834
2009Q4,inf_diss_nominal,28.55220175108,21.5702366912017,,,400.073704908616,2.6021400080439108,media 2003 = 100 (nominal),21.5702366912017,,400.073704908616,2.6021400080439108
2010Q1,inf_diss_nominal,19.191715424239998,23.6391702792672,,,438.44722568341876,2.6419173263821123,media 2003 = 100 (nominal),23.6391702792672,,438.44722568341876,2.6419173263821123
2010Q2,inf_diss_nominal,22.33970769651,24.7197270417213,,,458.4888392043034,2.661328768291799,media 2003 = 100 (nominal),24.7197270417213,,458.4888392043034,2.661328768291799
2010Q3,inf_diss_nominal,24.04191806508,24.974259382219,,,463.2097747202086,2.6657777153615605,media 2003 = 100 (nominal),24.974259382219,,463.2097747202086,2.6657777153615605
2010Q4,inf_diss_nominal,32.56515431535,24.719940789298,,,458.4928036849047,2.6613325235513776,media 2003 = 100 (nominal),24.719940789298,,458.4928036849047,2.6613325235513776
2011Q1,inf_diss_nominal,19.61558889743,24.1496138484186,,,447.9146716266742,2.6511952881695113,media 2003 = 100 (nominal),24.1496138484186,,447.9146716266742,2.6511952881695113
2011Q2,inf_diss_nominal,20.31916204181,22.247401080824,,,412.63340325902305,2.6155643818142544,media 2003 = 100 (nominal),22.247401080824,,412.63340325902305,2.6155643818142544
2011Q3,inf_diss_nominal,22.318641412589997,23.207990369886,,,430.4499215138887,2.6339226329667746,media 2003 = 100 (nominal),23.207990369886,,430.4499215138887,2.6339226329667746
2011Q4,inf_diss_nominal,30.44931405474,23.3005383076603,,,432.16645327369633,2.6356510519420233,media 2003 = 100 (nominal),23.3005383076603,,432.16645327369633,2.6356510519420233
2012Q1,inf_diss_nominal,20.779673022110003,25.4740679242925,,,472.4799676269875,2.674383399864355,media 2003 = 100 (nominal),25.4740679242925,,472.4799676269875,2.674383399864355
2012Q2,inf_diss_nominal,24.525138782250004,26.7043430880496,,,495.298481390544,2.694866996416298,media 2003 = 100 (nominal),26.7043430880496,,495.298481390544,2.694866996416298
2012Q3,inf_diss_nominal,24.99246909279,25.7759005001514,,,478.07820368784803,2.6794989440014256,media 2003 = 100 (nominal),25.7759005001514,,478.07820368784803,2.6794989440014256
2012Q4,inf_diss_nominal,36.47902428602,28.386664682381,,,526.5013208738245,2.721399465070401,media 2003 = 100 (nominal),28.386664682381,,526.5013208738245,2.721399465070401
2013Q1,inf_diss_nominal,22.992034259289998,27.8314252461806,,,516.2030241266834,2.7128205444885243,media 2003 = 100 (nominal),27.8314252461806,,516.2030241266834,2.7128205444885243
2013Q2,inf_diss_nominal,28.34552065448,30.7569026494376,,,570.4632809844518,2.756227695416725,media 2003 = 100 (nominal),30.7569026494376,,570.4632809844518,2.756227695416725
2013Q3,inf_diss_nominal,30.88303015371,31.6157689745116,,,586.3930937914554,2.76818884678668,media 2003 = 100 (nominal),31.6157689745116,,586.3930937914554,2.76818884678668
2013Q4,inf_diss_nominal,43.179015988479996,34.1227101561448,,,632.8905551259004,2.801328614575936,media 2003 = 100 (nominal),34.1227101561448,,632.8905551259004,2.801328614575936
2014Q1,inf_diss_nominal,26.310911541560003,31.5385569614596,,,584.9610049104945,2.767126915797293,media 2003 = 100 (nominal),31.5385569614596,,584.9610049104945,2.767126915797293
2014Q2,inf_diss_nominal,29.29415573973,31.5748694212498,,,585.6345098205512,2.7676266605760262,media 2003 = 100 (nominal),31.5748694212498,,585.6345098205512,2.7676266605760262
2014Q3,inf_diss_nominal,29.524152510680004,30.2079503549399,,,560.2815949222232,2.748406356261958,media 2003 = 100 (nominal),30.2079503549399,,560.2815949222232,2.748406356261958
2014Q4,inf_diss_nominal,32.4946431757,25.8783262989601,,,479.9779449560713,2.6812212819507186,media 2003 = 100 (nominal),25.8783262989601,,479.9779449560713,2.6812212819507186
2015Q1,inf_diss_nominal,21.485171258039998,25.7003816359195,,,476.67751846420964,2.678224669784866,media 2003 = 100 (nominal),25.7003816359195,,476.67751846420964,2.678224669784866
2015Q2,inf_diss_nominal,20.63897505048,22.0668272261911,,,409.2842118678094,2.6120249920654093,media 2003 = 100 (nominal),22.0668272261911,,409.2842118678094,2.6120249920654093
2015Q3,inf_diss_nominal,21.98130321817,22.6046558668393,,,419.25958209440756,2.622482997105604,media 2003 = 100 (nominal),22.6046558668393,,419.25958209440756,2.622482997105604
2015Q4,inf_diss_nominal,24.22685814251,19.2489244714103,,,357.0191945053808,2.5526915658143747,media 2003 = 100 (nominal),19.2489244714103,,357.0191945053808,2.5526915658143747
2016Q1,inf_diss_nominal,17.41916161956,20.9064025816112,,,387.76124976634526,2.5885644064613316,media 2003 = 100 (nominal),20.9064025816112,,387.76124976634526,2.5885644064613316
2016Q2,inf_diss_nominal,16.23950528264,17.3788069196066,,,322.33321176556626,2.5083050555694806,media 2003 = 100 (nominal),17.3788069196066,,322.33321176556626,2.5083050555694806
2016Q3,inf_diss_nominal,15.47490224374,15.9977760367711,,,296.71855812040803,2.4723447099071274,media 2003 = 100 (nominal),15.9977760367711,,296.71855812040803,2.4723447099071274
2016Q4,inf_diss_nominal,18.56169203682,14.5565240485095,,,269.98695424858215,2.431342779585899,media 2003 = 100 (nominal),14.5565240485095,,269.98695424858215,2.431342779585899
2017Q1,inf_diss_nominal,12.342108864911431,14.9601777044468,,,277.4737155643082,2.443221849707233,media 2003 = 100 (nominal),14.9601777044468,,277.4737155643082,2.443221849707233
2017Q2,inf_diss_nominal,15.016497624620722,16.2021990714095,,,300.51009189016986,2.477859061292563,media 2003 = 100 (nominal),16.2021990714095,,300.51009189016986,2.477859061292563
2017Q3,inf_diss_nominal,12.97245334362195,13.521589081121,,,250.79151042151088,2.399312831044265,media 2003 = 100 (nominal),13.521589081121,,250.79151042151088,2.399312831044265
2017Q4,inf_diss_nominal,20.747139166845894,15.8549244321661,,,294.06901970668383,2.4684492738129777,media 2003 = 100 (nominal),15.8549244321661,,294.06901970668383,2.4684492738129777
2018Q1,inf_diss_nominal,11.48932866742,14.2473751965839,,,264.25301964560356,2.422019958734166,media 2003 = 100 (nominal),14.2473751965839,,264.25301964560356,2.422019958734166
2018Q2,inf_diss_nominal,20.408407756320003,22.243090405082,,,412.55345105268196,2.6154802243850437,media 2003 = 100 (nominal),22.243090405082,,412.55345105268196,2.6154802243850437
2018Q3,inf_diss_nominal,33.00397537816,34.6462842695867,,,642.6015396810391,2.8079417617915623,media 2003 = 100 (nominal),23.219516271867672,,430.66369804189975,2.6341382652974556
2018Q4,inf_diss_nominal,31.13092755291,23.1314029717776,,,429.02941767106176,2.6324870718914672,media 2003 = 100 (nominal),23.1314029717776,,429.02941767106176,2.6324870718914672
2019Q1,inf_diss_nominal,9.7740529667,12.4824812036714,,,231.51866959540357,2.3645860181416043,media 2003 = 100 (nominal),12.4824812036714,,231.51866959540357,2.3645860181416043
2019Q2,inf_diss_nominal,12.527707715710001,13.7711303818215,,,255.41987468696584,2.407254687489084,media 2003 = 100 (nominal),13.7711303818215,,255.41987468696584,2.407254687489084
2019Q3,inf_diss_nominal,19.6306315911,20.5180782527971,,,380.5588089605762,2.5804217791973745,media 2003 = 100 (nominal),20.5180782527971,,380.5588089605762,2.5804217791973745
2019Q4,inf_diss_nominal,32.59077568218,23.8811184041844,,,442.9347556126012,2.646339759260956,media 2003 = 100 (nominal),23.8811184041844,,442.9347556126012,2.646339759260956
2020Q1,inf_diss_nominal,19.622423591344372,25.5883487708202,,,474.59959024981566,2.676327358929106,media 2003 = 100 (nominal),25.5883487708202,,474.59959024981566,2.676327358929106
2020Q2,inf_diss_nominal,15.98483947167383,17.6951418262575,,,328.2004296319038,2.516139145232135,media 2003 = 100 (nominal),17.6951418262575,,328.2004296319038,2.516139145232135
2020Q3,inf_diss_nominal,32.526227129713526,33.4137685345884,,,619.741468949406,2.7922105572007334,media 2003 = 100 (nominal),19.693825023050106,,365.2709821217414,2.562615172335192
2020Q4,inf_diss_nominal,27.92106474081056,20.5753443280641,,,381.62095080100346,2.581632209238301,media 2003 = 100 (nominal),20.5753443280641,,381.62095080100346,2.581632209238301
2021Q1,inf_diss_nominal,12.106614152652883,15.866003231153,,,294.274503597291,2.4687526357772196,media 2003 = 100 (nominal),15.866003231153,,294.274503597291,2.4687526357772196
2021Q2,inf_diss_nominal,22.246107527385348,24.6480172342106,,,457.1588024142671,2.660067086355123,media 2003 = 100 (nominal),15.465026683327906,,286.83739591199213,2.4576357710525714
2021Q3,inf_diss_nominal,14.587812375322365,14.7042755407257,,,272.72737326868605,2.4357287296648718,media 2003 = 100 (nominal),14.7042755407257,,272.72737326868605,2.4357287296648718
2021Q4,inf_diss_nominal,19.894205660283014,14.8945849527181,,,276.2571347926213,2.4413135032037605,media 2003 = 100 (nominal),14.8945849527181,,276.2571347926213,2.4413135032037605
2022Q1,inf_diss_nominal,11.743401277873573,15.3625495974254,,,284.9367033970149,2.454748395382355,media 2003 = 100 (nominal),15.3625495974254,,284.9367033970149,2.454748395382355
2022Q2,inf_diss_nominal,15.396281683705002,16.9474523463733,,,314.3326680203457,2.497389518795826,media 2003 = 100 (nominal),16.9474523463733,,314.3326680203457,2.497389518795826
2022Q3,inf_diss_nominal,17.381918360090086,17.2359169267308,,,319.6829613458523,2.5047194896008365,media 2003 = 100 (nominal),17.2359169267308,,319.6829613458523,2.5047194896008365
2022Q4,inf_diss_nominal,21.881617422823865,16.7267528400271,,,310.23924658786586,2.491696737057188,media 2003 = 100 (nominal),16.7267528400271,,310.23924658786586,2.491696737057188
2023Q1,inf_diss_nominal,14.91009844053248,19.3696952427592,,,359.2591889305664,2.55540788508964,media 2003 = 100 (nominal),19.3696952427592,,359.2591889305664,2.55540788508964
2023Q2,inf_diss_nominal,21.051763154819454,22.9823837373604,,,426.2654852177729,2.629680169179379,media 2003 = 100 (nominal),22.9823837373604,,426.2654852177729,2.629680169179379
2023Q3,inf_diss_nominal,21.555221897823156,21.1231997296248,,,391.7822922547108,2.593044802894404,media 2003 = 100 (nominal),21.1231997296248,,391.7822922547108,2.593044802894404
2023Q4,inf_diss_nominal,26.573534636685785,20.6964480436139,,,383.86712050474017,2.5841809149439743,media 2003 = 100 (nominal),20.6964480436139,,383.86712050474017,2.5841809149439743
2024Q1,inf_diss_nominal,18.18213232319575,23.3673867233404,,,433.40632345737947,2.6368952434457564,media 2003 = 100 (nominal),23.3673867233404,,433.40632345737947,2.6368952434457564
2024Q2,inf_diss_nominal,23.42192939412327,25.5278326674721,,,473.4771685527473,2.6752990418173908,media 2003 = 100 (nominal),25.5278326674721,,473.4771685527473,2.6752990418173908
2024Q3,inf_diss_nominal,30.26907317671904,29.3855774554067,,,545.0286434853533,2.7364193268284716,media 2003 = 100 (nominal),29.3855774554067,,545.0286434853533,2.7364193268284716
2024Q4,inf_diss_nominal,40.62536442283368,32.0614627585372,,,594.6595938759258,2.774268429918664,media 2003 = 100 (nominal),32.0614627585372,,594.6595938759258,2.774268429918664
2025Q1,inf_diss_nominal,26.18939562831868,33.2928773137927,,,617.4992404895585,2.7906364277594014,media 2003 = 100 (nominal),33.2928773137927,,617.4992404895585,2.7906364277594014
2025Q2,inf_diss_nominal,29.009806312549397,31.6833105102421,,,587.6458196109148,2.769115651019475,media 2003 = 100 (nominal),31.6833105102421,,587.6458196109148,2.769115651019475
2025Q3,inf_diss_nominal,35.52859114177576,34.4486322266452,,,638.9355907981223,2.805457080426276,media 2003 = 100 (nominal),34.4486322266452,,638.9355907981223,2.805457080426276
2025Q4,inf_diss_nominal,40.15823427528986,31.7372858708839,,,588.6469269615147,2.7698548811208203,media 2003 = 100 (nominal),31.7372858708839,,588.6469269615147,2.7698548811208203
2003Q1,inf_diss_nominal_2019,4.2846024613400004,5.92444688699719,,,109.88360678730254,2.0409329061372663,media 2003 = 100 (nominal),5.92444688699719,,109.88360678730254,2.0409329061372663
2003Q2,inf_diss_nominal_2019,4.82983968411,5.52035998388563,,,102.3888098524422,2.010252494873279,media 2003 = 100 (nominal),5.52035998388563,,102.3888098524422,2.010252494873279
2003Q3,inf_diss_nominal_2019,4.52143908483,4.8836696550453,,,90.57980369979705,1.9570313751658022,media 2003 = 100 (nominal),4.8836696550453,,90.57980369979705,1.9570313751658022
2003Q4,inf_diss_nominal_2019,7.7047308260500005,5.23778639612872,,,97.14777966045823,1.9874328791279752,media 2003 = 100 (nominal),5.23778639612872,,97.14777966045823,1.9874328791279752
2004Q1,inf_diss_nominal_2019,3.78997882471,5.19103177752876,,,96.28059893899645,1.9835387832553821,media 2003 = 100 (nominal),5.19103177752876,,96.28059893899645,1.9835387832553821
2004Q2,inf_diss_nominal_2019,5.230997304940001,5.9947187198814,,,111.18697275549425,2.046053906024539,media 2003 = 100 (nominal),5.9947187198814,,111.18697275549425,2.046053906024539
2004Q3,inf_diss_nominal_2019,6.04908628775,6.47444285032319,,,120.08465024696459,2.0794874975021354,media 2003 = 100 (nominal),6.47444285032319,,120.08465024696459,2.0794874975021354
2004Q4,inf_diss_nominal_2019,8.94527136606,6.16384583449019,,,114.32385586259608,2.0581368637151076,media 2003 = 100 (nominal),6.16384583449019,,114.32385586259608,2.0581368637151076
2005Q1,inf_diss_nominal_2019,4.43639560668,5.95751081515231,,,110.49685959377378,2.0433499352113937,media 2003 = 100 (nominal),5.95751081515231,,110.49685959377378,2.0433499352113937
2005Q2,inf_diss_nominal_2019,5.52256488255,6.34805262740286,,,117.7404291201589,2.070925614321211,media 2003 = 100 (nominal),6.34805262740286,,117.7404291201589,2.070925614321211
2005Q3,inf_diss_nominal_2019,6.10230073848,6.4440066195989,,,119.52013462672403,2.0774410736581577,media 2003 = 100 (nominal),6.4440066195989,,119.52013462672403,2.0774410736581577
2005Q4,inf_diss_nominal_2019,11.85364652092,8.33683936320305,,,154.62742698321773,2.1892865292395847,media 2003 = 100 (nominal),8.33683936320305,,154.62742698321773,2.1892865292395847
2006Q1,inf_diss_nominal_2019,6.084832041269999,7.97932709301504,,,147.99647248766877,2.17025136406119,media 2003 = 100 (nominal),7.97932709301504,,147.99647248766877,2.17025136406119
2006Q2,inf_diss_nominal_2019,6.55182203354,7.51165597129303,,,139.32234802925458,2.1440207851054325,media 2003 = 100 (nominal),7.51165597129303,,139.32234802925458,2.1440207851054325
2006Q3,inf_diss_nominal_2019,8.09957220326,8.47573432349554,,,157.20357957478123,2.196462430837458,media 2003 = 100 (nominal),8.47573432349554,,157.20357957478123,2.196462430837458
2006Q4,inf_diss_nominal_2019,10.66893443493,7.66313005604433,,,142.13181177916334,2.1526912921000942,media 2003 = 100 (nominal),7.66313005604433,,142.13181177916334,2.1526912921000942
2007Q1,inf_diss_nominal_2019,7.360429958419999,9.42839996570984,,,174.87313402021022,2.24272309339524,media 2003 = 100 (nominal),9.42839996570984,,174.87313402021022,2.24272309339524
2007Q2,inf_diss_nominal_2019,8.73736649455,9.97647515092284,,,185.0385518711158,2.2672622209469315,media 2003 = 100 (nominal),9.97647515092284,,185.0385518711158,2.2672622209469315
2007Q3,inf_diss_nominal_2019,10.17497990144,10.5405959125444,,,195.50157485586493,2.291150260189467,media 2003 = 100 (nominal),10.5405959125444,,195.50157485586493,2.291150260189467
2007Q4,inf_diss_nominal_2019,13.614824796570002,10.0036846042389,,,185.54321887651028,2.2684450866377626,media 2003 = 100 (nominal),10.0036846042389,,185.54321887651028,2.2684450866377626
2008Q1,inf_diss_nominal_2019,9.19147456408,11.5372768639377,,,213.9875027144917,2.330388410449096,media 2003 = 100 (nominal),11.5372768639377,,213.9875027144917,2.330388410449096
2008Q2,inf_diss_nominal_2019,10.758036049570002,12.1798875828584,,,225.90631723035244,2.3539283756743363,media 2003 = 100 (nominal),12.1798875828584,,225.90631723035244,2.3539283756743363
2008Q3,inf_diss_nominal_2019,13.175428047599999,13.5930223870298,,,252.1164178727984,2.4016011279429916,media 2003 = 100 (nominal),13.5930223870298,,252.1164178727984,2.4016011279429916
2008Q4,inf_diss_nominal_2019,21.410582191139998,16.0136737532968,,,297.01341973196213,2.4727760721585392,media 2003 = 100 (nominal),16.0136737532968,,297.01341973196213,2.4727760721585392
2009Q1,inf_diss_nominal_2019,13.163764566700001,16.2866583658376,,,302.0765985224165,2.4801170823529395,media 2003 = 100 (nominal),16.2866583658376,,302.0765985224165,2.4801170823529395
2009Q2,inf_diss_nominal_2019,16.89160665635,18.9331545067697,,,351.1624536007277,2.545508074814589,media 2003 = 100 (nominal),18.9331545067697,,351.1624536007277,2.545508074814589
2009Q3,inf_diss_nominal_2019,19.54918410789,20.1932015710096,,,374.5331612433799,2.5734902762609257,media 2003 = 100 (nominal),20.1932015710096,,374.5331612433799,2.5734902762609257
2009Q4,inf_diss_nominal_2019,28.55220175108,21.5699171755521,,,400.06777722238604,2.6021335732783655,media 2003 = 100 (nominal),21.5699171755521,,400.06777722238604,2.6021335732783655
2010Q1,inf_diss_nominal_2019,19.191715424239998,23.6388474416179,,,438.4412362410982,2.6419113936281478,media 2003 = 100 (nominal),23.6388474416179,,438.4412362410982,2.6419113936281478
2010Q2,inf_diss_nominal_2019,22.33970769651,24.7214441305837,,,458.52068520039984,2.6613589327339624,media 2003 = 100 (nominal),24.7214441305837,,458.52068520039984,2.6613589327339624
2010Q3,inf_diss_nominal_2019,24.04191806508,24.9741906252139,,,463.208497744347,2.6657765180976747,media 2003 = 100 (nominal),24.9741906252139,,463.208497744347,2.6657765180976747
2010Q4,inf_diss_nominal_2019,32.56515431535,24.7174468390958,,,458.4465454850056,2.6612887045550737,media 2003 = 100 (nominal),24.7174468390958,,458.4465454850056,2.6612887045550737
2011Q1,inf_diss_nominal_2019,19.61558889743,24.149485763394,,,447.91229432142694,2.651192983147247,media 2003 = 100 (nominal),24.149485763394,,447.91229432142694,2.651192983147247
2011Q2,inf_diss_nominal_2019,20.31916204181,22.2543421841582,,,412.76214176908,2.6156998572849335,media 2003 = 100 (nominal),22.2543421841582,,412.76214176908,2.6156998572849335
2011Q3,inf_diss_nominal_2019,22.318641412589997,23.2060611903945,,,430.4141384951875,2.633886528851622,media 2003 = 100 (nominal),23.2060611903945,,430.4141384951875,2.633886528851622
2011Q4,inf_diss_nominal_2019,30.44931405474,23.2928873684534,,,432.0245459797424,2.6355084224647127,media 2003 = 100 (nominal),23.2928873684534,,432.0245459797424,2.6355084224647127
2012Q1,inf_diss_nominal_2019,20.779673022110003,25.4739928755599,,,472.47857392124143,2.674382118794999,media 2003 = 100 (nominal),25.4739928755599,,472.47857392124143,2.674382118794999
2012Q2,inf_diss_nominal_2019,24.525138782250004,26.7281923921336,,,495.7408242444714,2.695254684517537,media 2003 = 100 (nominal),26.7281923921336,,495.7408242444714,2.695254684517537
2012Q3,inf_diss_nominal_2019,24.99246909279,25.793972717929,,,478.41339616699713,2.679803331933429,media 2003 = 100 (nominal),25.793972717929,,478.41339616699713,2.679803331933429
2012Q4,inf_diss_nominal_2019,36.47902428602,28.3221029614315,,,525.3038611982263,2.720410593056907,media 2003 = 100 (nominal),28.3221029614315,,525.3038611982263,2.720410593056907
2013Q1,inf_diss_nominal_2019,22.992034259289998,27.8706107178073,,,516.9298142851204,2.713431581125139,media 2003 = 100 (nominal),27.8706107178073,,516.9298142851204,2.713431581125139
2013Q2,inf_diss_nominal_2019,28.34552065448,30.8092211331621,,,571.4336553256438,2.756965815136297,media 2003 = 100 (nominal),30.8092211331621,,571.4336553256438,2.756965815136297
2013Q3,inf_diss_nominal_2019,30.88303015371,31.6760916986728,,,587.5119266264005,2.769016687310512,media 2003 = 100 (nominal),31.6760916986728,,587.5119266264005,2.769016687310512
2013Q4,inf_diss_nominal_2019,43.179015988479996,33.9624007762679,,,629.9172165156707,2.7992834783857092,media 2003 = 100 (nominal),33.9624007762679,,629.9172165156707,2.7992834783857092
2014Q1,inf_diss_nominal_2019,26.310911541560003,31.5950461516542,,,586.0087353259603,2.7679040898672147,media 2003 = 100 (nominal),31.5950461516542,,586.0087353259603,2.7679040898672147
2014Q2,inf_diss_nominal_2019,29.29415573973,31.6740023453592,,,587.4731743711553,2.768988040324936,media 2003 = 100 (nominal),31.6740023453592,,587.4731743711553,2.768988040324936
2014Q3,inf_diss_nominal_2019,29.524152510680004,30.3555955016043,,,563.0200394257123,2.7505238528568943,media 2003 = 100 (nominal),30.3555955016043,,563.0200394257123,2.7505238528568943
2014Q4,inf_diss_nominal_2019,32.4946431757,25.6782875572085,,,476.26772705151615,2.677851153759529,media 2003 = 100 (nominal),25.6782875572085,,476.26772705151615,2.677851153759529
2015Q1,inf_diss_nominal_2019,21.485171258039998,25.6973801949979,,,476.6218475193673,2.6781739457730023,media 2003 = 100 (nominal),25.6973801949979,,476.6218475193673,2.6781739457730023
2015Q2,inf_diss_nominal_2019,20.63897505048,22.1512744723543,,,410.8504946343604,2.6136838141691876,media 2003 = 100 (nominal),22.1512744723543,,410.8504946343604,2.6136838141691876
2015Q3,inf_diss_nominal_2019,21.98130321817,22.8731171589072,,,424.2388631089863,2.6276104502736324,media 2003 = 100 (nominal),22.8731171589072,,424.2388631089863,2.6276104502736324
2015Q4,inf_diss_nominal_2019,24.22685814251,19.0417685691517,,,353.1769716055308,2.547992378284093,media 2003 = 100 (nominal),19.0417685691517,,353.1769716055308,2.547992378284093
2016Q1,inf_diss_nominal_2019,17.41916161956,20.8927827886811,,,387.50863539390605,2.5882813849381625,media 2003 = 100 (nominal),20.8927827886811,,387.50863539390605,2.5882813849381625
2016Q2,inf_diss_nominal_2019,16.23950528264,17.2693643102609,,,320.30332510875036,2.5055614471523837,media 2003 = 100 (nominal),17.2693643102609,,320.30332510875036,2.5055614471523837
2016Q3,inf_diss_nominal_2019,15.47490224374,16.4736868278894,,,305.5455066541172,2.485075901377164,media 2003 = 100 (nominal),16.4736868278894,,305.5455066541172,2.485075901377164
2016Q4,inf_diss_nominal_2019,18.56169203682,14.3404905871465,,,265.9800752494731,2.4248491045509617,media 2003 = 100 (nominal),14.3404905871465,,265.9800752494731,2.4248491045509617
2017Q1,inf_diss_nominal_2019,12.342108864911431,14.9702855215822,,,277.6611891580229,2.443515179309301,media 2003 = 100 (nominal),14.9702855215822,,277.6611891580229,2.443515179309301
2017Q2,inf_diss_nominal_2019,15.016497624620722,15.8176821262836,,,293.3782674068414,2.4674279394498,media 2003 = 100 (nominal),15.8176821262836,,293.3782674068414,2.4674279394498
2017Q3,inf_diss_nominal_2019,12.97245334362195,14.200467357403,,,263.3829960939502,2.4205877336442163,media 2003 = 100 (nominal),14.200467357403,,263.3829960939502,2.4205877336442163
2017Q4,inf_diss_nominal_2019,20.747139166845894,15.6645590235654,,,290.53821851619017,2.4632032692528614,media 2003 = 100 (nominal),15.6645590235654,,290.53821851619017,2.4632032692528614
2018Q1,inf_diss_nominal_2019,11.48932866742,14.1913406238776,,,263.21371811457317,2.420308519995898,media 2003 = 100 (nominal),14.1913406238776,,263.21371811457317,2.420308519995898
2018Q2,inf_diss_nominal_2019,20.408407756320003,21.2483057654301,,,394.1026934935204,2.5956094030599077,media 2003 = 100 (nominal),21.2483057654301,,394.1026934935204,2.5956094030599077
2018Q3,inf_diss_nominal_2019,33.00397537816,37.279362785076,,,691.4385291472754,2.8397535761462747,media 2003 = 100 (nominal),21.817119896078726,,404.65276668337975,2.6070825140878133
2018Q4,inf_diss_nominal_2019,31.13092755291,22.919272448932,,,425.09492779096877,2.628485923020439,media 2003 = 100 (nominal),22.919272448932,,425.09492779096877,2.628485923020439
2019Q1,inf_diss_nominal_2019,9.7740529667,12.309510581192,,,228.31049821993,2.358525881766889,media 2003 = 100 (nominal),12.309510581192,,228.31049821993,2.358525881766889
2019Q2,inf_diss_nominal_2019,12.527707715710001,12.9597422921095,,,240.37066299242704,2.380881461342432,media 2003 = 100 (nominal),12.9597422921095,,240.37066299242704,2.380881461342432
2019Q3,inf_diss_nominal_2019,19.6306315911,22.6061242485467,,,419.2868153420562,2.622511206037676,media 2003 = 100 (nominal),22.6061242485467,,419.2868153420562,2.622511206037676
2019Q4,inf_diss_nominal_2019,32.59077568218,23.6257014168099,,,438.1974105054014,2.6416698068017337,media 2003 = 100 (nominal),23.6257014168099,,438.1974105054014,2.6416698068017337
2016Q1,estatais_petro_semout,13.2677,,21.13054824917069,28.9921436286242,146.93763396074792,2.167133042408697,media 2016 = 100,,28.9921436286242,146.93763396074792,2.167133042408697
2016Q2,estatais_petro_semout,11.6914,,18.28300469191361,20.4166766653227,103.47555534259375,2.0148377658925787,media 2016 = 100,,20.4166766653227,103.47555534259375,2.0148377658925787
2016Q3,estatais_petro_semout,10.4264,,16.089530149362144,14.2259597892251,72.09983846057096,1.8579342916852928,media 2016 = 100,,14.2259597892251,72.09983846057096,1.8579342916852928
2016Q4,estatais_petro_semout,12.41,,19.020937264265164,15.2888907209162,77.48697223608734,1.8892286913891756,media 2016 = 100,,15.2888907209162,77.48697223608734,1.8892286913891756
2017Q1,estatais_petro_semout,9.9315,,15.079413439751884,20.6677122538479,104.74785089584212,2.0201451213409447,media 2016 = 100,,20.6677122538479,104.74785089584212,2.0201451213409447
2017Q2,estatais_petro_semout,10.5922,,15.995078096173136,17.9629945056584,91.03983290512599,1.9592314519458955,media 2016 = 100,,17.9629945056584,91.03983290512599,1.9592314519458955
2017Q3,estatais_petro_semout,9.1488,,13.764510904319904,11.9691948263449,60.662129393631304,1.7829176510731044,media 2016 = 100,,11.9691948263449,60.662129393631304,1.7829176510731044
2017Q4,estatais_petro_semout,13.6832,,20.397637249382484,16.6509683543427,84.39023773070723,1.9262922103116782,media 2016 = 100,,16.6509683543427,84.39023773070723,1.9262922103116782
2018Q1,estatais_petro_semout,8.6615,,12.79374650124142,17.6053585043787,89.22726642089614,1.9504975880828728,media 2016 = 100,,17.6053585043787,89.22726642089614,1.9504975880828728
2018Q2,estatais_petro_semout,16.2918,,23.807719450598437,26.4274963727518,133.93951955606641,2.1269087367793196,media 2016 = 100,,26.4274963727518,133.93951955606641,2.1269087367793196
2018Q3,estatais_petro_semout,28.6906,,41.34582533886387,35.5557428590506,180.2031887103195,2.2557624715877926,media 2016 = 100,,35.5557428590506,180.2031887103195,2.2557624715877926
2018Q4,estatais_petro_semout,23.322599999999998,,33.392998857947276,27.8408554166286,141.10268887891849,2.1495352898291187,media 2016 = 100,,27.8408554166286,141.10268887891849,2.1495352898291187
2019Q1,estatais_petro_semout,6.9215,,9.822737972801633,13.445322471749,68.14342178849867,1.833423937663787,media 2016 = 100,,13.445322471749,68.14342178849867,1.833423937663787
2019Q2,estatais_petro_semout,7.1017,,9.948465727677302,10.876751113983,55.12541929775314,1.741351905841118,media 2016 = 100,,10.876751113983,55.12541929775314,1.741351905841118
2019Q3,estatais_petro_semout,13.398399999999999,,18.713067243914637,15.9661520774825,80.91946010527154,1.9080529764951637,media 2016 = 100,,15.9661520774825,80.91946010527154,1.9080529764951637
2019Q4,estatais_petro_semout,16.7223,,23.16179315026226,19.8562220548149,100.63506602020016,2.0027493358443467,media 2016 = 100,,19.8562220548149,100.63506602020016,2.0027493358443467
2020Q1,estatais_petro_semout,17.5963,,24.05056002688943,32.4679295550931,164.55357042724515,2.2163073099061634,media 2016 = 100,,32.4679295550931,164.55357042724515,2.2163073099061634
2020Q2,estatais_petro_semout,11.3825,,15.611768687265988,16.6242845026779,84.25499895434042,1.9255956775419454,media 2016 = 100,,16.6242845026779,84.25499895434042,1.9255956775419454
2020Q3,estatais_petro_semout,28.2155,,38.39908592745639,33.0677771317237,167.59371070718524,2.224257716821617,media 2016 = 100,,33.0677771317237,167.59371070718524,2.224257716821617
2020Q4,estatais_petro_semout,18.7753,,24.94508882803247,21.9788105148959,111.39274334795593,2.0468568997552126,media 2016 = 100,,21.9788105148959,111.39274334795593,2.0468568997552126
2021Q1,estatais_petro_semout,10.3618,,13.451511796232657,17.4527657332647,88.45389757193432,1.9467169741218358,media 2016 = 100,,17.4527657332647,88.45389757193432,1.9467169741218358
2021Q2,estatais_petro_semout,16.245,,20.68415977938845,21.7317431640804,110.14055956938438,2.0419472785850545,media 2016 = 100,,21.7317431640804,110.14055956938438,2.0419472785850545
2021Q3,estatais_petro_semout,9.7375,,12.086582341076728,10.6334250123892,53.8921968735311,1.7315258876339799,media 2016 = 100,,10.6334250123892,53.8921968735311,1.7315258876339799
2021Q4,estatais_petro_semout,11.5167,,13.848732862485953,12.3550102621755,62.61751454943992,1.7966958253555463,media 2016 = 100,,12.3550102621755,62.61751454943992,1.7966958253555463
2022Q1,estatais_petro_semout,8.3341,,9.769586857210783,12.2102129826685,61.88365471736785,1.7915759542955234,media 2016 = 100,,12.2102129826685,61.88365471736785,1.7915759542955234
2022Q2,estatais_petro_semout,9.5827,,10.902212464781114,11.3141951040067,57.34246767153983,1.7584763784094353,media 2016 = 100,,11.3141951040067,57.34246767153983,1.7584763784094353
2022Q3,estatais_petro_semout,11.2436,,12.84550095130242,11.7562935548077,59.583105727508716,1.775123136763652,media 2016 = 100,,11.7562935548077,59.583105727508716,1.775123136763652
2022Q4,estatais_petro_semout,13.2118,,14.98076676106748,13.1939205338354,66.86926950768215,1.8252265789122442,media 2016 = 100,,13.1939205338354,66.86926950768215,1.8252265789122442
2023Q1,estatais_petro_semout,11.5891,,12.897138165279205,15.6398284026063,79.26559037746209,1.8990846986374104,media 2016 = 100,,15.6398284026063,79.26559037746209,1.8990846986374104
2023Q2,estatais_petro_semout,13.8718,,15.210206920731427,15.9891058580132,81.03579417993808,1.9086768927194007,media 2016 = 100,,15.9891058580132,81.03579417993808,1.9086768927194007
2023Q3,estatais_petro_semout,15.0347,,16.42228724786807,15.392452788776,78.01184426398311,1.8921605451004841,media 2016 = 100,,15.392452788776,78.01184426398311,1.8921605451004841
2023Q4,estatais_petro_semout,16.2049,,17.548502319189947,15.1078349870806,76.56934774147896,1.8840549475577886,media 2016 = 100,,15.1078349870806,76.56934774147896,1.8840549475577886
2024Q1,estatais_petro_semout,13.9203,,14.851640482247106,17.8124121374102,90.27665315581102,1.9555754500190832,media 2016 = 100,,17.8124121374102,90.27665315581102,1.9555754500190832
2024Q2,estatais_petro_semout,16.5865,,17.49620342833349,18.7720184363834,95.14011826936473,1.97836368695881,media 2016 = 100,,18.7720184363834,95.14011826936473,1.97836368695881
2024Q3,estatais_petro_semout,23.2447,,24.323003423987277,22.9742507019689,116.43782134258684,2.0660940707985116,media 2016 = 100,,22.9742507019689,116.43782134258684,2.0660940707985116
2024Q4,estatais_petro_semout,31.7343,,32.784972493712445,27.7602091980162,140.69395868281504,2.1482754494813245,media 2016 = 100,,27.7602091980162,140.69395868281504,2.1482754494813245
2025Q1,estatais_petro_semout,22.0023,,22.3494958178102,26.5762719204853,134.69354199936004,2.1293467735902665,media 2016 = 100,,26.5762719204853,134.69354199936004,2.1293467735902665
2025Q2,estatais_petro_semout,22.693,,22.711227026859603,25.0179791059779,126.79582108176339,2.103104940367185,media 2016 = 100,,25.0179791059779,126.79582108176339,2.103104940367185
2025Q3,estatais_petro_semout,27.6393,,27.498153210336724,25.8732805919395,131.13064979536802,2.117704213286212,media 2016 = 100,,25.8732805919395,131.13064979536802,2.117704213286212
2025Q4,estatais_petro_semout,31.0264,,30.68261845814924,25.6776014715174,130.1389112285807,2.1144071690076616,media 2016 = 100,,25.6776014715174,130.1389112285807,2.1144071690076616
2016Q1,estatais_sempetro_semout,1.7637,,2.808923019593626,4.19165143227179,118.86209591746317,2.075043383985151,media 2016 = 100,,4.19165143227179,118.86209591746317,2.075043383985151
2016Q2,estatais_sempetro_semout,2.3162000000000003,,3.622072246900312,3.95523497677452,112.15806628526805,2.0498305130256047,media 2016 = 100,,3.95523497677452,112.15806628526805,2.0498305130256047
2016Q3,estatais_sempetro_semout,1.8803,,2.9015905336305576,3.16418695292552,89.72642386334569,1.952920358853564,media 2016 = 100,,3.16418695292552,89.72642386334569,1.952920358853564
2016Q4,estatais_sempetro_semout,2.7494,,4.214034239675314,2.79485805348104,79.2534139339231,1.899017979037807,media 2016 = 100,,2.79485805348104,79.2534139339231,1.899017979037807
2017Q1,estatais_sempetro_semout,1.2609000000000001,,1.9144774108828628,2.89472056183018,82.08520165237867,1.9142648694215734,media 2016 = 100,,2.89472056183018,82.08520165237867,1.9142648694215734
2017Q2,estatais_sempetro_semout,1.81,,2.73324629010719,3.02578452151915,85.80176473010327,1.9334962203039996,media 2016 = 100,,3.02578452151915,85.80176473010327,1.9334962203039996
2017Q3,estatais_sempetro_semout,1.5276,,2.298297793966322,2.52138669722225,71.49862346445559,1.8542976805766629,media 2016 = 100,,2.52138669722225,71.49862346445559,1.8542976805766629
2017Q4,estatais_sempetro_semout,2.4417999999999997,,3.640007500843527,2.34759377553484,66.57040095808436,1.8232811727449576,media 2016 = 100,,2.34759377553484,66.57040095808436,1.8232811727449576
2018Q1,estatais_sempetro_semout,1.2007,,1.7735324625111788,2.80842843549417,79.63822743154903,1.9011215850411556,media 2016 = 100,,2.80842843549417,79.63822743154903,1.9011215850411556
2018Q2,estatais_sempetro_semout,1.6866,,2.4646815959795316,2.73839247063276,77.6522269953159,1.890153915414326,media 2016 = 100,,2.73839247063276,77.6522269953159,1.890153915414326
2018Q3,estatais_sempetro_semout,2.05,,2.9542408295633735,3.29433661854878,93.41706042721506,1.9704261971379597,media 2016 = 100,,3.29433661854878,93.41706042721506,1.9704261971379597
2018Q4,estatais_sempetro_semout,2.8977,,4.148889608820364,2.58650223318394,73.34509596014226,1.865371081115232,media 2016 = 100,,2.58650223318394,73.34509596014226,1.865371081115232
2019Q1,estatais_sempetro_semout,1.2205,,1.7320886651454732,2.90341374948197,82.33171320544821,1.9155671525538902,media 2016 = 100,,2.90341374948197,82.33171320544821,1.9155671525538902
2019Q2,estatais_sempetro_semout,1.2896999999999998,,1.8066851949512674,2.02583539659688,57.44634188076663,1.7592623785146526,media 2016 = 100,,2.02583539659688,57.44634188076663,1.7592623785146526
2019Q3,estatais_sempetro_semout,1.3232,,1.8480662300832822,2.06414135409511,58.532578765663615,1.7673976582168087,media 2016 = 100,,2.06414135409511,58.532578765663615,1.7673976582168087
2019Q4,estatais_sempetro_semout,3.5808,,4.959709424687937,3.02127999707385,85.6740305362346,1.932849198772802,media 2016 = 100,,3.02127999707385,85.6740305362346,1.932849198772802
2020Q1,estatais_sempetro_semout,0.6764,,0.9245011054703551,1.6515669451408,46.8332617392859,1.6705544056155963,media 2016 = 100,,1.6515669451408,46.8332617392859,1.6705544056155963
2020Q2,estatais_sempetro_semout,1.3009,,1.7842609167814032,1.97093698544702,55.88959501923803,1.7473309626925302,media 2016 = 100,,1.97093698544702,55.88959501923803,1.7473309626925302
2020Q3,estatais_sempetro_semout,1.659,,2.257769082725812,2.54688873411057,72.22178129465412,1.8586681957620712,media 2016 = 100,,2.54688873411057,72.22178129465412,1.8586681957620712
2020Q4,estatais_sempetro_semout,4.2238999999999995,,5.61192421429891,3.37093087019443,95.5890333197457,1.9804080696618866,media 2016 = 100,,3.37093087019443,95.5890333197457,1.9804080696618866
2021Q1,estatais_sempetro_semout,1.0166,,1.3197327580198535,2.46816884156762,69.9895318890824,1.8450330888317708,media 2016 = 100,,2.46816884156762,69.9895318890824,1.8450330888317708
2021Q2,estatais_sempetro_semout,2.8695999999999997,,3.6537559189247824,4.01747185127322,113.9229089650083,2.0566110659286796,media 2016 = 100,,4.01747185127322,113.9229089650083,2.0566110659286796
2021Q3,estatais_sempetro_semout,1.8468,,2.292323519127137,2.49531405880621,70.7592851634774,1.8497834368560382,media 2016 = 100,,2.49531405880621,70.7592851634774,1.8497834368560382
2021Q4,estatais_sempetro_semout,3.9094,,4.701019932150928,2.88787767712441,81.89115889109672,1.913237017119754,media 2016 = 100,,2.88787767712441,81.89115889109672,1.913237017119754
2022Q1,estatais_sempetro_semout,1.4683,,1.7212037751457978,3.25219859221782,92.22215808181451,1.964835280885528,media 2016 = 100,,3.25219859221782,92.22215808181451,1.964835280885528
2022Q2,estatais_sempetro_semout,1.961,,2.2310245174570595,2.40038089964397,68.06727833695216,1.832938385732054,media 2016 = 100,,2.40038089964397,68.06727833695216,1.832938385732054
2022Q3,estatais_sempetro_semout,2.2376,,2.5563958988788547,2.63945140230269,74.84656842755393,1.874171893561622,media 2016 = 100,,2.63945140230269,74.84656842755393,1.874171893561622
2022Q4,estatais_sempetro_semout,3.3517,,3.800468971152294,2.46549902449379,69.913824245391325,1.84456305843349,media 2016 = 100,,2.46549902449379,69.913824245391325,1.84456305843349
2023Q1,estatais_sempetro_semout,1.0711,,1.1919928802780677,2.13704354023416,60.59985625318029,1.7824715939926123,media 2016 = 100,,2.13704354023416,60.59985625318029,1.7824715939926123
2023Q2,estatais_sempetro_semout,2.7922000000000002,,3.0616026589243135,3.33432162759694,94.55090995109285,1.9756657128197344,media 2016 = 100,,3.33432162759694,94.55090995109285,1.9756657128197344
2023Q3,estatais_sempetro_semout,2.1965,,2.3992200669080335,2.2602998187281,64.09501796533534,1.8068242736022624,media 2016 = 100,,2.2602998187281,64.09501796533534,1.8068242736022624
2023Q4,estatais_sempetro_semout,3.9881999999999995,,4.318874966793584,3.03846906359326,86.16145858371763,1.9353130423035998,media 2016 = 100,,3.03846906359326,86.16145858371763,1.9353130423035998
2024Q1,estatais_sempetro_semout,1.5957,,1.7024606306991736,2.86715457318646,81.30351661983917,1.9101093305333252,media 2016 = 100,,2.86715457318646,81.30351661983917,1.9101093305333252
2024Q2,estatais_sempetro_semout,2.2643,,2.3884878318376708,2.61194693297314,74.06662788993246,1.869622572515347,media 2016 = 100,,2.61194693297314,74.06662788993246,1.869622572515347
2024Q3,estatais_sempetro_semout,3.9619,,4.145689437398426,3.66120992621641,103.82043747088123,2.016282854544655,media 2016 = 100,,3.66120992621641,103.82043747088123,2.016282854544655
2024Q4,estatais_sempetro_semout,2.88,,2.9753522460521213,2.23793520654798,63.46082766562582,1.8025057319350544,media 2016 = 100,,2.23793520654798,63.46082766562582,1.8025057319350544
2025Q1,estatais_sempetro_semout,2.3348,,2.371643093468558,3.79387440104924,107.58238614128234,2.031741172558762,media 2016 = 100,,3.79387440104924,107.58238614128234,2.031741172558762
2025Q2,estatais_sempetro_semout,2.7866,,2.788838198257038,3.11532038264332,88.34072110206138,1.9461609399684214,media 2016 = 100,,3.11532038264332,88.34072110206138,1.9461609399684214
2025Q3,estatais_sempetro_semout,4.0201,,3.9995703842309567,3.33842202962899,94.6671845000406,1.9761994609424642,media 2016 = 100,,3.33842202962899,94.6671845000406,1.9761994609424642
2025Q4,estatais_sempetro_semout,3.3904,,3.352833381265928,2.65126374941941,75.18152956606562,1.876111157176471,media 2016 = 100,,2.65126374941941,75.18152956606562,1.876111157176471
2003Q1,estatais_total_e2017,3.7892,,13.072869976817625,17.50062579402,110.28028266625054,2.042497870602357,media 2003 = 100,,17.50062579402,110.28028266625054,2.042497870602357
2003Q2,estatais_total_e2017,4.3144,,14.49572728074905,16.3308403277423,102.90887358646454,2.0124528245533138,media 2003 = 100,,16.3308403277423,102.90887358646454,2.0124528245533138
2003Q3,estatais_total_e2017,3.9739,,13.246838579922208,14.3264424257206,90.2781499876476,1.955582650778029,media 2003 = 100,,14.3264424257206,90.2781499876476,1.955582650778029
2003Q4,estatais_total_e2017,6.6862,,21.99604450789703,15.3189900273365,96.53269375963733,1.9846744254133843,media 2003 = 100,,15.3189900273365,96.53269375963733,1.9846744254133843
2004Q1,estatais_total_e2017,3.2009,,10.344632631542284,13.7140877021904,86.41939357529121,1.9366112144418999,media 2003 = 100,,13.7140877021904,86.41939357529121,1.9366112144418999
2004Q2,estatais_total_e2017,4.5125,,14.372093793461007,16.2610726755146,102.46923237024812,2.0105934827800187,media 2003 = 100,,16.2610726755146,102.46923237024812,2.0105934827800187
2004Q3,estatais_total_e2017,4.9106,,15.312709177958181,16.4118227611055,103.41918480318378,2.0146011101438996,media 2003 = 100,,16.4118227611055,103.41918480318378,2.0146011101438996
2004Q4,estatais_total_e2017,6.8309,,20.955791106495802,14.7746049198722,93.10224822945666,1.9689601684341678,media 2003 = 100,,14.7746049198722,93.10224822945666,1.9689601684341678
2005Q1,estatais_total_e2017,3.7089,,11.155903887536697,14.5191031200672,91.49220233533445,1.96138408174904,media 2003 = 100,,14.5191031200672,91.49220233533445,1.96138408174904
2005Q2,estatais_total_e2017,4.3106,,12.736226504042714,14.4811197384025,91.25284986211977,1.9602464365264958,media 2003 = 100,,14.4811197384025,91.25284986211977,1.9602464365264958
2005Q3,estatais_total_e2017,4.7941,,14.075977715577615,14.8998456757865,93.89145349137841,1.9726260622292808,media 2003 = 100,,14.8998456757865,93.89145349137841,1.9726260622292808
2005Q4,estatais_total_e2017,8.8261,,25.522752989176503,18.3322095548423,115.52051197482096,2.062659104977528,media 2003 = 100,,18.3322095548423,115.52051197482096,2.062659104977528
2006Q1,estatais_total_e2017,4.7475,,13.534090039127994,17.1932114554555,108.34310964446433,2.034801296472251,media 2003 = 100,,17.1932114554555,108.34310964446433,2.034801296472251
2006Q2,estatais_total_e2017,5.0459,,14.294677399624963,16.2991123150715,102.7089393528573,2.011608244402174,media 2003 = 100,,16.2991123150715,102.7089393528573,2.011608244402174
2006Q3,estatais_total_e2017,6.1011,,17.25181983718455,18.0909028928713,113.99991681413222,2.0569045344314154,media 2003 = 100,,18.0909028928713,113.99991681413222,2.0569045344314154
2006Q4,estatais_total_e2017,7.6022,,21.313959607797802,15.591452064939,98.2496146787106,1.9923308558084019,media 2003 = 100,,15.591452064939,98.2496146787106,1.9923308558084019
2007Q1,estatais_total_e2017,5.6549,,15.653184896251522,19.4421797521917,122.51499483249297,2.0881892460431977,media 2003 = 100,,19.4421797521917,122.51499483249297,2.0881892460431977
2007Q2,estatais_total_e2017,6.3514,,17.41987088892257,19.8830435248791,125.29310014378356,2.0979271551761984,media 2003 = 100,,19.8830435248791,125.29310014378356,2.0979271551761984
2007Q3,estatais_total_e2017,7.576,,20.594042963795637,21.37352903177,134.68540216455153,2.129320527401256,media 2003 = 100,,21.37352903177,134.68540216455153,2.129320527401256
2007Q4,estatais_total_e2017,10.1422,,27.275009537696093,20.3528187041625,128.25339083114085,2.1080688560433973,media 2003 = 100,,20.3528187041625,128.25339083114085,2.1080688560433973
2008Q1,estatais_total_e2017,7.1062,,18.7992460494665,22.8911302130079,144.24857374546377,2.1591115277720525,media 2003 = 100,,22.8911302130079,144.24857374546377,2.1591115277720525
2008Q2,estatais_total_e2017,8.4859000000000009,,22.048252516719554,25.102476276367,158.18338223805333,2.199160857281832,media 2003 = 100,,25.102476276367,158.18338223805333,2.199160857281832
2008Q3,estatais_total_e2017,10.2054,,26.107106494428614,26.9441221785026,169.78852327981278,2.2299083311099483,media 2003 = 100,,26.9441221785026,169.78852327981278,2.2299083311099483
2008Q4,estatais_total_e2017,17.0539,,43.1718105473189,32.7013435159341,206.0676828902688,2.3140098877378787,media 2003 = 100,,32.7013435159341,206.0676828902688,2.3140098877378787
2009Q1,estatais_total_e2017,10.9311,,27.337138072381812,32.8858852282639,207.23057343138296,2.3164538287422562,media 2003 = 100,,32.8858852282639,207.23057343138296,2.3164538287422562
2009Q2,estatais_total_e2017,13.1455,,32.474016894615986,36.7041348663057,231.29129299247668,2.3641592839746997,media 2003 = 100,,36.7041348663057,231.29129299247668,2.3641592839746997
2009Q3,estatais_total_e2017,15.3761,,37.676083690462995,38.9366916280761,245.35976080924573,2.3898033395994887,media 2003 = 100,,38.9366916280761,245.35976080924573,2.3898033395994887
2009Q4,estatais_total_e2017,21.2132,,51.52042941876632,39.3056562353294,247.6847931629825,2.393899343492835,media 2003 = 100,,39.3056562353294,247.6847931629825,2.393899343492835
2010Q1,estatais_total_e2017,15.0879,,35.98247817382371,43.1467502495914,271.8894666772976,2.434392382826424,media 2003 = 100,,43.1467502495914,271.8894666772976,2.434392382826424
2010Q2,estatais_total_e2017,16.1633,,37.989219941948534,42.5442071794306,268.09253844867226,2.4282847268673904,media 2003 = 100,,42.5442071794306,268.09253844867226,2.4282847268673904
2010Q3,estatais_total_e2017,17.7249,,41.52251069393791,43.1582243660189,271.96177088046517,2.4345078604220256,media 2003 = 100,,43.1582243660189,271.96177088046517,2.4345078604220256
2010Q4,estatais_total_e2017,23.8117,,54.774488897408176,41.8148639390952,263.49657830121333,2.420774979948754,media 2003 = 100,,41.8148639390952,263.49657830121333,2.420774979948754
2011Q1,estatais_total_e2017,14.6568,,32.94388986490105,39.60230822398,249.55414718191548,2.397164791526347,media 2003 = 100,,39.60230822398,249.55414718191548,2.397164791526347
2011Q2,estatais_total_e2017,15.4415,,34.04827537183779,37.8158431964307,238.29672870269584,2.377118080465972,media 2003 = 100,,37.8158431964307,238.29672870269584,2.377118080465972
2011Q3,estatais_total_e2017,17.266,,37.75324896458021,39.4308755876478,248.4738635500355,2.3952807129366955,media 2003 = 100,,39.4308755876478,248.4738635500355,2.3952807129366955
2011Q4,estatais_total_e2017,23.7829,,51.2713054044759,39.1402543487382,246.64251233134266,2.3920679355186536,media 2003 = 100,,39.1402543487382,246.64251233134266,2.3920679355186536
2012Q1,estatais_total_e2017,17.3941,,36.96492715668883,44.5140527378361,280.50553027802994,2.447941427964928,media 2003 = 100,,44.5140527378361,280.50553027802994,2.447941427964928
2012Q2,estatais_total_e2017,19.8805,,41.74763308013231,46.2307687219553,291.3234248044661,2.464375406887541,media 2003 = 100,,46.2307687219553,291.3234248044661,2.464375406887541
2012Q3,estatais_total_e2017,19.8647,,41.27253982860551,42.9255103663379,270.4953224250057,2.4321597594145916,media 2003 = 100,,42.9255103663379,270.4953224250057,2.4321597594145916
2012Q4,estatais_total_e2017,29.8694,,60.97310132604957,46.8716801554398,295.3621314701931,2.470354813427627,media 2003 = 100,,46.8716801554398,295.3621314701931,2.470354813427627
2013Q1,estatais_total_e2017,19.1073,,38.18035085416799,45.8068776157169,288.65227283733736,2.4603749814668263,media 2003 = 100,,45.8068776157169,288.65227283733736,2.4603749814668263
2013Q2,estatais_total_e2017,22.8244,,44.97713665739191,49.6787748476228,313.0510529846827,2.4956151689250583,media 2003 = 100,,49.6787748476228,313.0510529846827,2.4956151689250583
2013Q3,estatais_total_e2017,24.7317,,48.442889278257624,50.17574100771,316.18268777620574,2.4999380869462984,media 2003 = 100,,50.17574100771,316.18268777620574,2.4999380869462984
2013Q4,estatais_total_e2017,35.6476,,68.75238183322101,53.2873994727698,335.7908194582672,2.526068818326395,media 2003 = 100,,53.2873994727698,335.7908194582672,2.526068818326395
2014Q1,estatais_total_e2017,20.0714,,37.90563191215106,45.2076922796017,284.87650338691947,2.454656630109171,media 2003 = 100,,45.2076922796017,284.87650338691947,2.454656630109171
2014Q2,estatais_total_e2017,21.3581,,39.55867123536261,43.637330953402,274.980863483538,2.439302471384147,media 2003 = 100,,43.637330953402,274.980863483538,2.439302471384147
2014Q3,estatais_total_e2017,21.0314,,38.64897867359418,39.8130524609348,250.88215306554505,2.3994697681267656,media 2003 = 100,,39.8130524609348,250.88215306554505,2.3994697681267656
2014Q4,estatais_total_e2017,26.025,,47.12291051729339,36.8658415566751,232.31028852628526,2.36606844420078,media 2003 = 100,,36.8658415566751,232.31028852628526,2.36606844420078
2015Q1,estatais_total_e2017,17.2394,,30.241205776473553,35.8072236696296,225.63940251380802,2.3534149410564593,media 2003 = 100,,35.8072236696296,225.63940251380802,2.3534149410564593
2015Q2,estatais_total_e2017,16.315,,27.847107245771895,30.6839908860324,193.35532500766766,2.2863561370483447,media 2003 = 100,,30.6839908860324,193.35532500766766,2.2863561370483447
2015Q3,estatais_total_e2017,17.7696,,29.814741592219153,30.6386685050236,193.06972579266892,2.2857141797764906,media 2003 = 100,,30.6386685050236,193.06972579266892,2.2857141797764906
2015Q4,estatais_total_e2017,19.9557,,32.740995833124174,25.7722524908175,162.40398046820187,2.210596669450664,media 2003 = 100,,25.7722524908175,162.40398046820187,2.210596669450664
2016Q1,estatais_total_e2017,13.0272,,20.747520531184488,24.3833588362743,153.65186002295906,2.186537821948843,media 2003 = 100,,24.3833588362743,153.65186002295906,2.186537821948843
2016Q2,estatais_total_e2017,12.0678,,18.871618798524988,20.8575421818287,131.4339083989378,2.118707422535699,media 2003 = 100,,20.8575421818287,131.4339083989378,2.118707422535699
2016Q3,estatais_total_e2017,11.5622,,17.842243295188656,18.3268881949295,115.4869793982,2.0625330223729668,media 2003 = 100,,18.3268881949295,115.4869793982,2.0625330223729668
2016Q4,estatais_total_e2017,13.2845,,20.361292593644688,16.0181505714995,100.9384574932823,2.004056663709789,media 2003 = 100,,16.0181505714995,100.9384574932823,2.004056663709789
2017Q1,estatais_total_e2017,9.91649234628768,,15.056626689000366,17.6539456630171,111.24642860242217,2.0462860775122294,media 2003 = 100,,17.6539456630171,111.24642860242217,2.0462860775122294
2017Q2,estatais_total_e2017,10.988377950853176,,16.593338822356404,18.4249749457033,116.10507355828686,2.064851197948948,media 2003 = 100,,18.4249749457033,116.10507355828686,2.064851197948948
2017Q3,estatais_total_e2017,9.459315150093436,,14.231685743579439,14.6638360996335,92.40423794397847,1.9656918897642404,media 2003 = 100,,14.6638360996335,92.40423794397847,1.9656918897642404
2017Q4,estatais_total_e2017,14.286787381070088,,21.297408972910056,16.622916640894,104.74939396291255,2.020151518995619,media 2003 = 100,,16.622916640894,104.74939396291255,2.020151518995619
2018Q1,estatais_total_e2017,8.737932062610197,,12.9066429318368,15.1872910384406,95.70279190965536,1.9809246075079932,media 2003 = 100,,15.1872910384406,95.70279190965536,1.9809246075079932
2018Q2,estatais_total_e2017,15.928904077632895,,23.277408232103113,25.9940084192403,163.8013765817591,2.21431754723728,media 2003 = 100,,25.9940084192403,163.8013765817591,2.21431754723728
2018Q3,estatais_total_e2017,27.236242863040196,,39.24996132190117,40.6573273458857,256.2023555575163,2.4085831183865296,media 2003 = 100,,25.24924038865581,159.1082170399038,2.2016926090805025
2018Q4,estatais_total_e2017,23.231246584054077,,33.26220021138335,25.5895077224336,161.25241337852432,2.2075062232089024,media 2003 = 100,,25.5895077224336,161.25241337852432,2.2075062232089024
2019Q1,estatais_total_e2017,7.2138308748324125,,10.237603187688388,12.1978467444615,76.86479344975594,1.8857274644877522,media 2003 = 100,,12.1978467444615,76.86479344975594,1.8857274644877522
2019Q2,estatais_total_e2017,7.434799852992964,,10.415090968309102,11.6896758209763,73.66255178455405,1.8672467594110376,media 2003 = 100,,11.6896758209763,73.66255178455405,1.8672467594110376
2019Q3,estatais_total_e2017,13.043371727699931,,18.217211922903022,18.8112486079549,118.5391790103439,2.0738619150363546,media 2003 = 100,,18.8112486079549,118.5391790103439,2.0738619150363546
2019Q4,estatais_total_e2017,17.988593666766146,,24.915716472838973,19.052347495631,120.058464880254,2.0793927859772343,media 2003 = 100,,19.052347495631,120.058464880254,2.0793927859772343
2020Q1,estatais_total_e2017,16.189654559880893,,22.127962060604762,26.6264146040429,167.7864873795539,2.224756982161356,media 2003 = 100,,18.079807969302728,113.93000209669849,2.0566381053721443
2020Q2,estatais_total_e2017,11.237521802732674,,15.412922556764402,17.3552892716577,109.36444382960043,2.0388761487019003,media 2003 = 100,,17.3552892716577,109.36444382960043,2.0388761487019003
2020Q3,estatais_total_e2017,26.468876255242066,,36.022067789982465,36.7459914459634,231.55505244259137,2.364654261572618,media 2003 = 100,,18.490401616707004,116.51736005918819,2.0663906362309876
2020Q4,estatais_total_e2017,20.377344516881067,,27.073584392953432,20.8004856358783,131.07436628373415,2.117517766670768,media 2003 = 100,,20.8004856358783,131.07436628373415,2.117517766670768
2021Q1,estatais_total_e2017,10.08128877747398,,13.087356917853956,15.8367253161452,99.79520532168821,1.999109676033315,media 2003 = 100,,15.8367253161452,99.79520532168821,1.999109676033315
2021Q2,estatais_total_e2017,16.935579911578436,,21.563449729005214,24.3232027935677,153.27278641314368,2.1854650527033734,media 2003 = 100,,14.639999573244532,92.25403195141018,1.96498535603417
2021Q3,estatais_total_e2017,10.263716654792573,,12.73974392540498,12.7230643273294,80.17445472596862,1.9040360149327733,media 2003 = 100,,12.7230643273294,80.17445472596862,1.9040360149327733
2021Q4,estatais_total_e2017,13.667560360875987,,16.435123978194593,12.8323033275937,80.86282484307849,1.9077489088048825,media 2003 = 100,,12.8323033275937,80.86282484307849,1.9077489088048825
2022Q1,estatais_total_e2017,8.684949123981482,,10.180867138286533,12.317708909952,77.62010549669988,1.8899742286720131,media 2003 = 100,,12.317708909952,77.62010549669988,1.8899742286720131
2022Q2,estatais_total_e2017,10.227744960673414,,11.636078411810441,13.1078254722593,82.59902904241156,1.916974942187195,media 2003 = 100,,13.1078254722593,82.59902904241156,1.916974942187195
2022Q3,estatais_total_e2017,11.944374452197339,,13.646116314028712,13.343129019722,84.08179554641994,1.9247019773728968,media 2003 = 100,,13.343129019722,84.08179554641994,1.9247019773728968
2022Q4,estatais_total_e2017,14.675299397603375,,16.640218397518147,13.2346243465607,83.39805279529351,1.9211559107081049,media 2003 = 100,,13.2346243465607,83.39805279529351,1.9211559107081049
2023Q1,estatais_total_e2017,11.216966548950296,,12.483002767870415,15.089636184134,95.08741934735856,1.9781230608969709,media 2003 = 100,,15.089636184134,95.08741934735856,1.9781230608969709
2023Q2,estatais_total_e2017,14.764342630583068,,16.1888656453917,18.2155065963456,114.78510768685535,2.0598855459978225,media 2003 = 100,,18.2155065963456,114.78510768685535,2.0598855459978225
2023Q3,estatais_total_e2017,15.266883145469452,,16.675899113020872,15.9815489826777,100.70781239471209,2.003063162195221,media 2003 = 100,,15.9815489826777,100.70781239471209,2.003063162195221
2023Q4,estatais_total_e2017,17.891133411763494,,19.37454696846438,15.6889011005178,98.86369027324481,1.9950368172859487,media 2003 = 100,,15.6889011005178,98.86369027324481,1.9950368172859487
2024Q1,estatais_total_e2017,13.747211969282697,,14.666971961885222,17.6848784016571,111.44135141266969,2.0470463699943937,media 2003 = 100,,17.6848784016571,111.44135141266969,2.0470463699943937
2024Q2,estatais_total_e2017,16.70185250003572,,17.617882553320186,19.8120434555546,124.84569284494832,2.096373563860466,media 2003 = 100,,19.8120434555546,124.84569284494832,2.096373563860466
2024Q3,estatais_total_e2017,24.105110670500558,,25.223327871479402,23.8403588155167,150.2301426237224,2.1767570795508315,media 2003 = 100,,23.8403588155167,150.2301426237224,2.1767570795508315
2024Q4,estatais_total_e2017,30.668350043074376,,31.683730619227088,25.9686530543866,163.64159962086165,2.2138937161399386,media 2003 = 100,,25.9686530543866,163.64159962086165,2.2138937161399386
2025Q1,estatais_total_e2017,21.562727018408737,,21.902986384082983,26.3436723738117,166.00478577421833,2.22012060855436,media 2003 = 100,,26.3436723738117,166.00478577421833,2.22012060855436
2025Q2,estatais_total_e2017,22.574984666958972,,22.59311690385492,25.466617288706,160.478018683845,2.20541555376218,media 2003 = 100,,25.466617288706,160.478018683845,2.20541555376218
2025Q3,estatais_total_e2017,28.050301793007772,,27.907056122995545,26.161495275162,164.8567958582651,2.217106854681543,media 2003 = 100,,26.161495275162,164.8567958582651,2.217106854681543
2025Q4,estatais_total_e2017,30.493364585228715,,30.155489230906998,24.8463301968611,156.5692764121111,2.194706544479552,media 2003 = 100,,24.8463301968611,156.5692764121111,2.194706544479552
2003Q1,estatais_total_e2018,3.7892,,13.072869976817625,17.500624592142,110.28027529899309,2.0424978415893795,media 2003 = 100,,17.500624592142,110.28027529899309,2.0424978415893795
2003Q2,estatais_total_e2018,4.3144,,14.49572728074905,16.330839714281,102.90886991332277,2.0124528090519758,media 2003 = 100,,16.330839714281,102.90886991332277,2.0124528090519758
2003Q3,estatais_total_e2018,3.9739,,13.246838579922208,14.3264451104589,90.27816707448984,1.9555827329764415,media 2003 = 100,,14.3264451104589,90.27816707448984,1.9555827329764415
2003Q4,estatais_total_e2018,6.6862,,21.99604450789703,15.3189890391443,96.53268771319426,1.9846743982108186,media 2003 = 100,,15.3189890391443,96.53268771319426,1.9846743982108186
2004Q1,estatais_total_e2018,3.2009,,10.344632631542284,13.7140868834282,86.41938857758572,1.9366111893262876,media 2003 = 100,,13.7140868834282,86.41938857758572,1.9366111893262876
2004Q2,estatais_total_e2018,4.5125,,14.372093793461007,16.2610718532237,102.4692273803428,2.010593461631345,media 2003 = 100,,16.2610718532237,102.4692273803428,2.010593461631345
2004Q3,estatais_total_e2018,4.9106,,15.312709177958181,16.4118263282015,103.41920747480023,2.014601205350189,media 2003 = 100,,16.4118263282015,103.41920747480023,2.014601205350189
2004Q4,estatais_total_e2018,6.8309,,20.955791106495802,14.7746036664155,93.1022405050281,1.9689601324019892,media 2003 = 100,,14.7746036664155,93.1022405050281,1.9689601324019892
2005Q1,estatais_total_e2018,3.7089,,11.155903887536697,14.519102364651,91.49219774629755,1.9613840599658345,media 2003 = 100,,14.519102364651,91.49219774629755,1.9613840599658345
2005Q2,estatais_total_e2018,4.3106,,12.736226504042714,14.481118910528,91.2528448160386,1.9602464125109689,media 2003 = 100,,14.481118910528,91.2528448160386,1.9602464125109689
2005Q3,estatais_total_e2018,4.7941,,14.075977715577615,14.8998493786308,93.89147700058288,1.9726261709709831,media 2003 = 100,,14.8998493786308,93.89147700058288,1.9726261709709831
2005Q4,estatais_total_e2018,8.8261,,25.522752989176503,18.3322075395198,115.5204994914456,2.062659058046804,media 2003 = 100,,18.3322075395198,115.5204994914456,2.062659058046804
2006Q1,estatais_total_e2018,4.7475,,13.534090039127994,17.1932102653649,108.34310234785995,2.0348012672237354,media 2003 = 100,,17.1932102653649,108.34310234785995,2.0348012672237354
2006Q2,estatais_total_e2018,5.0459,,14.294677399624963,16.2991106298029,102.70892892534222,2.0116082003104667,media 2003 = 100,,16.2991106298029,102.70892892534222,2.0116082003104667
2006Q3,estatais_total_e2018,6.1011,,17.25181983718455,18.0909115070846,113.99997130998533,2.0569047420389586,media 2003 = 100,,18.0909115070846,113.99997130998533,2.0569047420389586
2006Q4,estatais_total_e2018,7.6022,,21.313959607797802,15.5914541363803,98.24962791577678,1.992330914320432,media 2003 = 100,,15.5914541363803,98.24962791577678,1.992330914320432
2007Q1,estatais_total_e2018,5.6549,,15.653184896251522,19.4421538000938,122.51483152449488,2.0881886671441836,media 2003 = 100,,19.4421538000938,122.51483152449488,2.0881886671441836
2007Q2,estatais_total_e2018,6.3514,,17.41987088892257,19.8830367310173,125.2930575667072,2.097927007594309,media 2003 = 100,,19.8830367310173,125.2930575667072,2.097927007594309
2007Q3,estatais_total_e2018,7.576,,20.594042963795637,21.3735780611116,134.68571137525382,2.129321524453241,media 2003 = 100,,21.3735780611116,134.68571137525382,2.129321524453241
2007Q4,estatais_total_e2018,10.1422,,27.275009537696093,20.3528359516152,128.25349975607068,2.108069224887258,media 2003 = 100,,20.3528359516152,128.25349975607068,2.108069224887258
2008Q1,estatais_total_e2018,7.1062,,18.7992460494665,22.890992023876,144.24770321589543,2.159108906828782,media 2003 = 100,,22.890992023876,144.24770321589543,2.159108906828782
2008Q2,estatais_total_e2018,8.4859000000000009,,22.048252516719554,25.1024643827576,158.1833075864436,2.1991606523248426,media 2003 = 100,,25.1024643827576,158.1833075864436,2.1991606523248426
2008Q3,estatais_total_e2018,10.2054,,26.107106494428614,26.9443098681672,169.7897063249424,2.229911357157715,media 2003 = 100,,26.9443098681672,169.7897063249424,2.229911357157715
2008Q4,estatais_total_e2018,17.0539,,43.1718105473189,32.7014363728682,206.06826841435682,2.3140111217475767,media 2003 = 100,,32.7014363728682,206.06826841435682,2.3140111217475767
2009Q1,estatais_total_e2018,10.9311,,27.337138072381812,32.8854734691148,207.22797911682028,2.316448391786054,media 2003 = 100,,32.8854734691148,207.22797911682028,2.316448391786054
2009Q2,estatais_total_e2018,13.1455,,32.474016894615986,36.7035910074237,231.28786629580026,2.364152849636153,media 2003 = 100,,36.7035910074237,231.28786629580026,2.364152849636153
2009Q3,estatais_total_e2018,15.3761,,37.676083690462995,38.9381911654768,245.3692106110152,2.389820065723289,media 2003 = 100,,38.9381911654768,245.3692106110152,2.389820065723289
2009Q4,estatais_total_e2018,21.2132,,51.52042941876632,39.305281614798,247.68243295331666,2.393895205043701,media 2003 = 100,,39.305281614798,247.68243295331666,2.393895205043701
2010Q1,estatais_total_e2018,15.0879,,35.98247817382371,43.1460333540478,271.88494966519096,2.434385167652728,media 2003 = 100,,43.1460333540478,271.88494966519096,2.434385167652728
2010Q2,estatais_total_e2018,16.1633,,37.989219941948534,42.5430949863878,268.08553046024855,2.4282733741811158,media 2003 = 100,,42.5430949863878,268.08553046024855,2.4282733741811158
2010Q3,estatais_total_e2018,17.7249,,41.52251069393791,43.1612618613704,271.9809121819049,2.434538426001282,media 2003 = 100,,43.1612618613704,271.9809121819049,2.434538426001282
2010Q4,estatais_total_e2018,23.8117,,54.774488897408176,41.8137671157827,263.48966715662266,2.420763588866025,media 2003 = 100,,41.8137671157827,263.48966715662266,2.420763588866025
2011Q1,estatais_total_e2018,14.6568,,32.94388986490105,39.601710860515,249.55038336001368,2.3971582413670807,media 2003 = 100,,39.601710860515,249.55038336001368,2.3971582413670807
2011Q2,estatais_total_e2018,15.4415,,34.04827537183779,37.8149796173228,238.29128730049234,2.377108163427055,media 2003 = 100,,37.8149796173228,238.29128730049234,2.377108163427055
2011Q3,estatais_total_e2018,17.266,,37.75324896458021,39.4354774050224,248.50286239074163,2.3953313955375384,media 2003 = 100,,39.4354774050224,248.50286239074163,2.3953313955375384
2011Q4,estatais_total_e2018,23.7829,,51.2713054044759,39.1363075375005,246.61764194173588,2.3920241408886413,media 2003 = 100,,39.1363075375005,246.61764194173588,2.3920241408886413
2012Q1,estatais_total_e2018,17.3941,,36.96492715668883,44.5139954665226,280.5051699075045,2.447940870018598,media 2003 = 100,,44.5139954665226,280.5051699075045,2.447940870018598
2012Q2,estatais_total_e2018,19.8805,,41.74763308013231,46.2358627359613,291.35552530495056,2.464423258522608,media 2003 = 100,,46.2358627359613,291.35552530495056,2.464423258522608
2012Q3,estatais_total_e2018,19.8647,,41.27253982860551,42.9315659406006,270.53348216338304,2.432221022562487,media 2003 = 100,,42.9315659406006,270.53348216338304,2.432221022562487
2012Q4,estatais_total_e2018,29.8694,,60.97310132604957,46.8577472183555,295.2743335487088,2.4702256979552093,media 2003 = 100,,46.8577472183555,295.2743335487088,2.4702256979552093
2013Q1,estatais_total_e2018,19.1073,,38.18035085416799,45.8090552481101,288.6659957391866,2.4603956278966184,media 2003 = 100,,45.8090552481101,288.6659957391866,2.4603956278966184
2013Q2,estatais_total_e2018,22.8244,,44.97713665739191,49.6983460604356,313.1743816680915,2.495786228624628,media 2003 = 100,,49.6983460604356,313.1743816680915,2.495786228624628
2013Q3,estatais_total_e2018,24.7317,,48.442889278257624,50.187182577574,316.2547874788893,2.500037108602614,media 2003 = 100,,50.187182577574,316.2547874788893,2.500037108602614
2013Q4,estatais_total_e2018,35.6476,,68.75238183322101,53.2605283092607,335.62149131251,2.525849762822906,media 2003 = 100,,53.2605283092607,335.62149131251,2.525849762822906
2014Q1,estatais_total_e2018,20.0714,,37.90563191215106,45.163435231026,284.5976179022867,2.454231260694781,media 2003 = 100,,45.163435231026,284.5976179022867,2.454231260694781
2014Q2,estatais_total_e2018,21.3581,,39.55867123536261,43.7485082988484,275.68144860861656,2.440407542174019,media 2003 = 100,,43.7485082988484,275.68144860861656,2.440407542174019
2014Q3,estatais_total_e2018,21.0314,,38.64897867359418,39.7708148528201,250.61599303167873,2.399008781996452,media 2003 = 100,,39.7708148528201,250.61599303167873,2.399008781996452
2014Q4,estatais_total_e2018,26.025,,47.12291051729339,36.8551856150325,232.24314049032517,2.365942895577652,media 2003 = 100,,36.8551856150325,232.24314049032517,2.365942895577652
2015Q1,estatais_total_e2018,17.2394,,30.241205776473553,35.7307068541677,225.15723183242955,2.352485900641518,media 2003 = 100,,35.7307068541677,225.15723183242955,2.352485900641518
2015Q2,estatais_total_e2018,16.315,,27.847107245771895,30.8273495419553,194.2587006724094,2.288380479567643,media 2003 = 100,,30.8273495419553,194.2587006724094,2.288380479567643
2015Q3,estatais_total_e2018,17.7696,,29.814741592219153,30.5692121147219,192.63204635556542,2.284728538228067,media 2003 = 100,,30.5692121147219,192.63204635556542,2.284728538228067
2015Q4,estatais_total_e2018,19.9557,,32.740995833124174,25.7712949730857,162.39794696925105,2.210580534599976,media 2003 = 100,,25.7712949730857,162.39794696925105,2.210580534599976
2016Q1,estatais_total_e2018,13.0272,,20.747520531184488,24.3021376462275,153.14004456637323,2.185088769145063,media 2003 = 100,,24.3021376462275,153.14004456637323,2.185088769145063
2016Q2,estatais_total_e2018,12.0678,,18.871618798524988,20.9973374325858,132.31482913193537,2.121608520296839,media 2003 = 100,,20.9973374325858,132.31482913193537,2.121608520296839
2016Q3,estatais_total_e2018,11.5622,,17.842243295188656,18.2633628972952,115.08667462665771,2.0610250415174347,media 2003 = 100,,18.2633628972952,115.08667462665771,2.0610250415174347
2016Q4,estatais_total_e2018,13.2845,,20.361292593644688,16.021866055991,100.9618708266926,2.0041573894652474,media 2003 = 100,,16.021866055991,100.9618708266926,2.0041573894652474
2017Q1,estatais_total_e2018,9.8902,,15.016705915705995,17.5443376319385,110.5557332426529,2.0435812693126065,media 2003 = 100,,17.5443376319385,110.5557332426529,2.0435812693126065
2017Q2,estatais_total_e2018,11.3263,,17.103628428530975,19.1212417281726,120.49260246336006,2.0809603846041558,media 2003 = 100,,19.1212417281726,120.49260246336006,2.0809603846041558
2017Q3,estatais_total_e2018,9.518,,14.319978006658452,14.7056733822747,92.66787596726765,1.9669292087072388,media 2003 = 100,,14.7056733822747,92.66787596726765,1.9669292087072388
2017Q4,estatais_total_e2018,14.1474,,21.08962327685876,16.4646473474166,103.7520593973099,2.015996725875805,media 2003 = 100,,16.4646473474166,103.7520593973099,2.015996725875805
2018Q1,estatais_total_e2018,8.791558587097677,,12.985853710574366,15.2236257320366,95.93175534612996,1.9819623912036697,media 2003 = 100,,15.2236257320366,95.93175534612996,1.9819623912036697
2018Q2,estatais_total_e2018,16.026663107853913,,23.420266575887382,26.3288555613975,165.9114178657414,2.219876274785395,media 2003 = 100,,26.3288555613975,165.9114178657414,2.219876274785395
2018Q3,estatais_total_e2018,27.40339740651527,,39.490846579062676,40.7720168215579,256.9250723540176,2.4098064875037264,media 2003 = 100,,25.312920106760767,159.50949540671942,2.202786541186283
2018Q4,estatais_total_e2018,23.37382162410793,,33.46633732086901,25.755146731473,162.296188742208,2.2103083212577603,media 2003 = 100,,25.755146731473,162.296188742208,2.2103083212577603
2019Q1,estatais_total_e2018,7.25810367019015,,10.300433508879244,12.2379285284878,77.11736916047124,1.8871522053011676,media 2003 = 100,,12.2379285284878,77.11736916047124,1.8871522053011676
2019Q2,estatais_total_e2018,7.480428781384626,,10.479010569291274,11.8159327397786,74.45816054143931,1.87191230294643,media 2003 = 100,,11.8159327397786,74.45816054143931,1.87191230294643
2019Q3,estatais_total_e2018,13.123421639777856,,18.32901477903388,18.8893551529351,119.03136802451526,2.075661424962161,media 2003 = 100,,18.8893551529351,119.03136802451526,2.075661424962161
2019Q4,estatais_total_e2018,18.09899344463739,,25.068629458426404,19.1707557911641,120.80461558432755,2.0820835276999334,media 2003 = 100,,19.1707557911641,120.80461558432755,2.0820835276999334
2020Q1,estatais_total_e2018,16.289013870582604,,22.263766011791198,26.7448331426194,168.53270271953792,2.2266841855194373,media 2003 = 100,,18.159652926168373,114.43314571362382,2.058551836655945
2020Q2,estatais_total_e2018,11.306488834498865,,15.507514900008951,17.5047035246234,110.3059787128688,2.042599052346258,media 2003 = 100,,17.5047035246234,110.3059787128688,2.042599052346258
2020Q3,estatais_total_e2018,26.63132130865827,,36.24314278651342,36.9452774950283,232.81085493250583,2.3670032256659312,media 2003 = 100,,18.585890007982794,117.11908086283213,2.0686276554342067
2020Q4,estatais_total_e2018,20.502404560481125,,27.239740667230862,20.9244881115529,131.8557687631723,2.1200991351700846,media 2003 = 100,,20.9244881115529,131.8557687631723,2.1200991351700846
2021Q1,estatais_total_e2018,10.143159764295211,,13.167676776283027,15.9267233947661,100.36232886078629,2.0015707303593313,media 2003 = 100,,15.9267233947661,100.36232886078629,2.0015707303593313
2021Q2,estatais_total_e2018,17.039517122846554,,21.695789149435733,24.4821562983884,154.2744330228956,2.1882939590048798,media 2003 = 100,,14.76517217377511,93.04280790595793,1.96868280833757
2021Q3,estatais_total_e2018,10.326707239816232,,12.817930409882623,12.8070297235937,80.70356324964935,1.906892710254871,media 2003 = 100,,12.8070297235937,80.70356324964935,1.906892710254871
2021Q4,estatais_total_e2018,13.751441049707722,,16.53598978627781,12.9063581513337,81.32948184464063,1.910248005390887,media 2003 = 100,,12.9063581513337,81.32948184464063,1.910248005390887
2022Q1,estatais_total_e2018,8.738250481045434,,10.243349258424699,12.3907456025775,78.08034673377259,1.8925417332476437,media 2003 = 100,,12.3907456025775,78.08034673377259,1.8925417332476437
2022Q2,estatais_total_e2018,10.290514779854341,,11.707491469204115,13.1899754662698,83.11669780405035,1.919688280531227,media 2003 = 100,,13.1899754662698,83.11669780405035,1.919688280531227
2022Q3,estatais_total_e2018,12.017679587149036,,13.729865396240582,13.4291091188962,84.62359973809528,1.927491495506498,media 2003 = 100,,13.4291091188962,84.62359973809528,1.927491495506498
2022Q4,estatais_total_e2018,14.765364792581007,,16.74234291313323,13.3135333344949,83.89529834207566,1.923737622791663,media 2003 = 100,,13.3135333344949,83.89529834207566,1.923737622791663
2023Q1,estatais_total_e2018,11.285807428806354,,12.559613577935302,15.1809498380153,95.66283298187257,1.9807432380263958,media 2003 = 100,,15.1809498380153,95.66283298187257,1.9807432380263958
2023Q2,estatais_total_e2018,14.854954502585196,,16.28822011435948,18.3263206978698,115.48340352870522,2.0625195749311773,media 2003 = 100,,18.3263206978698,115.48340352870522,2.0625195749311773
2023Q3,estatais_total_e2018,15.360579214171029,,16.778242608681797,16.0831095142351,101.34779679178382,2.005814311967645,media 2003 = 100,,16.0831095142351,101.34779679178382,2.005814311967645
2023Q4,estatais_total_e2018,18.000935055578076,,19.493452632870273,15.7836873987874,99.46098680118463,1.997652763765935,media 2003 = 100,,15.7836873987874,99.46098680118463,1.997652763765935
2024Q1,estatais_total_e2018,13.831581496766196,,14.75698624964066,17.794256389022,112.13059756754826,2.0497241366052776,media 2003 = 100,,17.794256389022,112.13059756754826,2.0497241366052776
2024Q2,estatais_total_e2018,16.804355277084312,,17.726007199219637,19.9294273535631,125.58538831174471,2.0989391127711823,media 2003 = 100,,19.9294273535631,125.58538831174471,2.0989391127711823
2024Q3,estatais_total_e2018,24.253048798009743,,25.378128732834643,23.9920000190787,151.1857107240312,2.1795107458810477,media 2003 = 100,,23.9920000190787,151.1857107240312,2.1795107458810477
2024Q4,estatais_total_e2018,30.85656814923396,,31.878180329265145,26.1260050409283,164.63315427439895,2.2165172990931343,media 2003 = 100,,26.1260050409283,164.63315427439895,2.2165172990931343
2025Q1,estatais_total_e2018,21.695062003412517,,22.037409612286034,26.5078718942889,167.039490202265,2.2228191558750834,media 2003 = 100,,26.5078718942889,167.039490202265,2.2228191558750834
2025Q2,estatais_total_e2018,22.71353208977855,,22.73177560802104,25.6163074222253,161.4212921254876,2.2079608193743945,media 2003 = 100,,25.6163074222253,161.4212921254876,2.2079608193743945
2025Q3,estatais_total_e2018,28.222452387130684,,28.078327588352565,26.3281576034472,165.90701968015088,2.2198647618161544,media 2003 = 100,,26.3281576034472,165.90701968015088,2.2198647618161544
2025Q4,estatais_total_e2018,30.68050876887747,,30.340559802534923,24.9965268802153,157.51574187281193,2.1973239629946084,media 2003 = 100,,24.9965268802153,157.51574187281193,2.1973239629946084
2003Q1,estatais_total_e2019,3.7892,,13.072869976817625,17.5006243649957,110.28027391641098,2.042497836144636,media 2003 = 100,,17.5006243649957,110.28027391641098,2.042497836144636
2003Q2,estatais_total_e2019,4.3144,,14.49572728074905,16.3308396056503,102.90886927430662,2.0124528063552094,media 2003 = 100,,16.3308396056503,102.90886927430662,2.0124528063552094
2003Q3,estatais_total_e2019,3.9739,,13.246838579922208,14.3264455889103,90.27817012938746,1.9555827476724106,media 2003 = 100,,14.3264455889103,90.27817012938746,1.9555827476724106
2003Q4,estatais_total_e2019,6.6862,,21.99604450789703,15.3189888683915,96.53268667989492,1.98467439356207,media 2003 = 100,,15.3189888683915,96.53268667989492,1.98467439356207
2004Q1,estatais_total_e2019,3.2009,,10.344632631542284,13.7140867280069,86.41938763642439,1.9366111845965484,media 2003 = 100,,13.7140867280069,86.41938763642439,1.9366111845965484
2004Q2,estatais_total_e2019,4.5125,,14.372093793461007,16.2610717071268,102.46922650503872,2.0105934579215505,media 2003 = 100,,16.2610717071268,102.46922650503872,2.0105934579215505
2004Q3,estatais_total_e2019,4.9106,,15.312709177958181,16.4118269633244,103.41921152277693,2.0146012223491003,media 2003 = 100,,16.4118269633244,103.41921152277693,2.0146012223491003
2004Q4,estatais_total_e2019,6.8309,,20.955791106495802,14.774603448363,93.10223917215207,1.9689601261845158,media 2003 = 100,,14.774603448363,93.10223917215207,1.9689601261845158
2005Q1,estatais_total_e2019,3.7089,,11.155903887536697,14.5191022211769,91.4921968826655,1.9613840558663522,media 2003 = 100,,14.5191022211769,91.4921968826655,1.9613840558663522
2005Q2,estatais_total_e2019,4.3106,,12.736226504042714,14.4811187630694,91.25284392719232,1.9602464082807334,media 2003 = 100,,14.4811187630694,91.25284392719232,1.9602464082807334
2005Q3,estatais_total_e2019,4.7941,,14.075977715577615,14.899850035564,93.89148118178281,1.9726261903110986,media 2003 = 100,,14.899850035564,93.89148118178281,1.9726261903110986
2005Q4,estatais_total_e2019,8.8261,,25.522752989176503,18.3322071815421,115.52049728674669,2.0626590497583304,media 2003 = 100,,18.3322071815421,115.52049728674669,2.0626590497583304
2006Q1,estatais_total_e2019,4.7475,,13.534090039127994,17.1932101455569,108.34310164081376,2.0348012643895332,media 2003 = 100,,17.1932101455569,108.34310164081376,2.0348012643895332
2006Q2,estatais_total_e2019,5.0459,,14.294677399624963,16.2991105297552,102.70892834032344,2.011608197836773,media 2003 = 100,,16.2991105297552,102.70892834032344,2.011608197836773
2006Q3,estatais_total_e2019,6.1011,,17.25181983718455,18.0909121228398,113.99997524059668,2.056904757013022,media 2003 = 100,,18.0909121228398,113.99997524059668,2.056904757013022
2006Q4,estatais_total_e2019,7.6022,,21.313959607797802,15.591453714807,98.24962530269026,1.9923309027697615,media 2003 = 100,,15.591453714807,98.24962530269026,1.9923309027697615
2007Q1,estatais_total_e2019,5.6549,,15.653184896251522,19.442154376892,122.51483521338496,2.0881886802206786,media 2003 = 100,,19.442154376892,122.51483521338496,2.0881886802206786
2007Q2,estatais_total_e2019,6.3514,,17.41987088892257,19.8830374952719,125.29306243808368,2.097927024479617,media 2003 = 100,,19.8830374952719,125.29306243808368,2.097927024479617
2007Q3,estatais_total_e2019,7.576,,20.594042963795637,21.3735793111178,134.68571931175123,2.1293215500444997,media 2003 = 100,,21.3735793111178,134.68571931175123,2.1293215500444997
2007Q4,estatais_total_e2019,10.1422,,27.275009537696093,20.3528304984337,128.2534654495513,2.108069108717843,media 2003 = 100,,20.3528304984337,128.2534654495513,2.108069108717843
2008Q1,estatais_total_e2019,7.1062,,18.7992460494665,22.8909882569539,144.24767954242319,2.159108835553753,media 2003 = 100,,22.8909882569539,144.24767954242319,2.159108835553753
2008Q2,estatais_total_e2019,8.4859000000000009,,22.048252516719554,25.1024924282492,158.18348438522318,2.1991611377280917,media 2003 = 100,,25.1024924282492,158.18348438522318,2.1991611377280917
2008Q3,estatais_total_e2019,10.2054,,26.107106494428614,26.9443173438605,169.78975350816685,2.22991147784472,media 2003 = 100,,26.9443173438605,169.78975350816685,2.22991147784472
2008Q4,estatais_total_e2019,17.0539,,43.1718105473189,32.7013771138233,206.06789508433474,2.314010334943686,media 2003 = 100,,32.7013771138233,206.06789508433474,2.314010334943686
2009Q1,estatais_total_e2019,10.9311,,27.337138072381812,32.8854515848214,207.22784130449887,2.31644810296815,media 2003 = 100,,32.8854515848214,207.22784130449887,2.31644810296815
2009Q2,estatais_total_e2019,13.1455,,32.474016894615986,36.7037981052363,231.28917142603325,2.3641553003019324,media 2003 = 100,,36.7037981052363,231.28917142603325,2.3641553003019324
2009Q3,estatais_total_e2019,15.3761,,37.676083690462995,38.9381895900571,245.36920079203665,2.389820048344057,media 2003 = 100,,38.9381895900571,245.36920079203665,2.389820048344057
2009Q4,estatais_total_e2019,21.2132,,51.52042941876632,39.3050725872041,247.6811158744249,2.393892895628338,media 2003 = 100,,39.3050725872041,247.6811158744249,2.393892895628338
2010Q1,estatais_total_e2019,15.0879,,35.98247817382371,43.14593533152,271.88433209599657,2.4343841811795954,media 2003 = 100,,43.14593533152,271.88433209599657,2.4343841811795954
2010Q2,estatais_total_e2019,16.1633,,37.989219941948534,42.543632625642,268.0889185153429,2.4282788627441563,media 2003 = 100,,42.543632625642,268.0889185153429,2.4282788627441563
2010Q3,estatais_total_e2019,17.7249,,41.52251069393791,43.1618421468771,271.98456897430054,2.4345442650657594,media 2003 = 100,,43.1618421468771,271.98456897430054,2.4345442650657594
2010Q4,estatais_total_e2019,23.8117,,54.774488897408176,41.8125994228426,263.4823090501424,2.420751460763636,media 2003 = 100,,41.8125994228426,263.4823090501424,2.420751460763636
2011Q1,estatais_total_e2019,14.6568,,32.94388986490105,39.6021927213985,249.55341991922106,2.3971635258826427,media 2003 = 100,,39.6021927213985,249.55341991922106,2.3971635258826427
2011Q2,estatais_total_e2019,15.4415,,34.04827537183779,37.8156476116602,238.2954967756308,2.3771158352798447,media 2003 = 100,,37.8156476116602,238.2954967756308,2.3771158352798447
2011Q3,estatais_total_e2019,17.266,,37.75324896458021,39.4361730423425,248.5072460627939,2.3953390565671655,media 2003 = 100,,39.4361730423425,248.5072460627939,2.3953390565671655
2011Q4,estatais_total_e2019,23.7829,,51.2713054044759,39.1347386022913,246.60775539758217,2.392006730302752,media 2003 = 100,,39.1347386022913,246.60775539758217,2.392006730302752
2012Q1,estatais_total_e2019,17.3941,,36.96492715668883,44.5158289682505,280.5167238520963,2.4479587581418136,media 2003 = 100,,44.5158289682505,280.5167238520963,2.4479587581418136
2012Q2,estatais_total_e2019,19.8805,,41.74763308013231,46.2359721642522,291.3562149967636,2.4644242865758557,media 2003 = 100,,46.2359721642522,291.3562149967636,2.4644242865758557
2012Q3,estatais_total_e2019,19.8647,,41.27253982860551,42.9310114893016,270.52998840535537,2.432215413905037,media 2003 = 100,,42.9310114893016,270.52998840535537,2.432215413905037
2012Q4,estatais_total_e2019,29.8694,,60.97310132604957,46.856384998686,295.26574964510826,2.470213072421149,media 2003 = 100,,46.856384998686,295.26574964510826,2.470213072421149
2013Q1,estatais_total_e2019,19.1073,,38.18035085416799,45.8140992649204,288.69778076459534,2.4604434454484565,media 2003 = 100,,45.8140992649204,288.69778076459534,2.4604434454484565
2013Q2,estatais_total_e2019,22.8244,,44.97713665739191,49.6973780042504,313.16828159562056,2.495777769268532,media 2003 = 100,,49.6973780042504,313.16828159562056,2.495777769268532
2013Q3,estatais_total_e2019,24.7317,,48.442889278257624,50.1810286006106,316.21600830148157,2.4999838521269178,media 2003 = 100,,50.1810286006106,316.21600830148157,2.4999838521269178
2013Q4,estatais_total_e2019,35.6476,,68.75238183322101,53.2582767279548,335.6073031098576,2.5258314028890885,media 2003 = 100,,53.2582767279548,335.6073031098576,2.5258314028890885
2014Q1,estatais_total_e2019,20.0714,,37.90563191215106,45.1839716225716,284.7270282045026,2.4544286952569627,media 2003 = 100,,45.1839716225716,284.7270282045026,2.4544286952569627
2014Q2,estatais_total_e2019,21.3581,,39.55867123536261,43.7376907822122,275.6132820941688,2.4403001428481144,media 2003 = 100,,43.7376907822122,275.6132820941688,2.4403001428481144
2014Q3,estatais_total_e2019,21.0314,,38.64897867359418,39.7614412222893,250.55692516181927,2.3989064107424385,media 2003 = 100,,39.7614412222893,250.55692516181927,2.3989064107424385
2014Q4,estatais_total_e2019,26.025,,47.12291051729339,36.8534171139072,232.23199637417233,2.365922055589598,media 2003 = 100,,36.8534171139072,232.23199637417233,2.365922055589598
2015Q1,estatais_total_e2019,17.2394,,30.241205776473553,35.7566726597026,225.3208555883666,2.352801391669477,media 2003 = 100,,35.7566726597026,225.3208555883666,2.352801391669477
2015Q2,estatais_total_e2019,16.315,,27.847107245771895,30.8209532072884,194.21839422273007,2.288290359099931,media 2003 = 100,,30.8209532072884,194.21839422273007,2.288290359099931
2015Q3,estatais_total_e2019,17.7696,,29.814741592219153,30.557423699512,192.55776168205526,2.284561028997437,media 2003 = 100,,30.557423699512,192.55776168205526,2.284561028997437
2015Q4,estatais_total_e2019,19.9557,,32.740995833124174,25.7643043563586,162.35389563403757,2.210462713855572,media 2003 = 100,,25.7643043563586,162.35389563403757,2.210462713855572
2016Q1,estatais_total_e2019,13.0272,,20.747520531184488,24.3293048254558,153.31123875292573,2.1855739927504754,media 2003 = 100,,24.3293048254558,153.31123875292573,2.1855739927504754
2016Q2,estatais_total_e2019,12.0678,,18.871618798524988,20.9969503134901,132.3123897575027,2.1216005135100855,media 2003 = 100,,20.9969503134901,132.3123897575027,2.1216005135100855
2016Q3,estatais_total_e2019,11.5622,,17.842243295188656,18.2530218824043,115.02151071935678,2.0607790674242144,media 2003 = 100,,18.2530218824043,115.02151071935678,2.0607790674242144
2016Q4,estatais_total_e2019,13.2845,,20.361292593644688,16.0136715555836,100.91023318513653,2.003935209750173,media 2003 = 100,,16.0136715555836,100.91023318513653,2.003935209750173
2017Q1,estatais_total_e2019,9.8902,,15.016705915705995,17.5673108109053,110.70049889627695,2.044149578127249,media 2003 = 100,,17.5673108109053,110.70049889627695,2.044149578127249
2017Q2,estatais_total_e2019,11.3263,,17.103628428530975,19.1286030707063,120.53899005427337,2.081127548375517,media 2003 = 100,,19.1286030707063,120.53899005427337,2.081127548375517
2017Q3,estatais_total_e2019,9.518,,14.319978006658452,14.695963853075,92.60669136036184,1.9666423680630443,media 2003 = 100,,14.695963853075,92.60669136036184,1.9666423680630443
2017Q4,estatais_total_e2019,14.1474,,21.08962327685876,16.4504793880271,103.66277997467019,2.0156228513438577,media 2003 = 100,,16.4504793880271,103.66277997467019,2.0156228513438577
2018Q1,estatais_total_e2019,8.7636,,12.944556582379416,15.1994124654063,95.7791753650916,1.9812710935550748,media 2003 = 100,,15.1994124654063,95.7791753650916,1.9812710935550748
2018Q2,estatais_total_e2019,16.1077,,23.538688333665068,26.4766218489383,166.8425679555956,2.2223068656640974,media 2003 = 100,,26.4766218489383,166.8425679555956,2.2223068656640974
2018Q3,estatais_total_e2019,28.3026,,40.78668122087822,42.0818113337139,265.17874928297374,2.4235387179268244,media 2003 = 100,,25.829694061177456,162.76594919329,2.211563555195742
2018Q4,estatais_total_e2019,24.194,,34.64065817572554,26.6340509466663,167.83460821986083,2.224881519121798,media 2003 = 100,,26.6340509466663,167.83460821986083,2.224881519121798
2019Q1,estatais_total_e2019,7.384720154602172,,10.480122961948176,12.4694789733358,78.57648550670648,1.8952926002052661,media 2003 = 100,,12.4694789733358,78.57648550670648,1.8952926002052661
2019Q2,estatais_total_e2019,7.610923692622043,,10.66181527127555,12.0311878252373,75.8145915959887,1.8797527998240493,media 2003 = 100,,12.0311878252373,75.8145915959887,1.8797527998240493
2019Q3,estatais_total_e2019,13.352357679684516,,18.648761577855296,19.2076904355247,121.03735948804884,2.0829194406902927,media 2003 = 100,,19.2076904355247,121.03735948804884,2.0829194406902927
2019Q4,estatais_total_e2019,18.414727557222225,,25.505947782231832,19.4866091666414,122.79496729828739,2.089180567787464,media 2003 = 100,,19.4866091666414,122.79496729828739,2.089180567787464
2020Q1,estatais_total_e2019,16.573173172316274,,22.652153931043802,27.2493086222675,171.7116576084637,2.2347997806773092,media 2003 = 100,,18.50083934216445,116.58313370912177,2.066635724806452
2020Q2,estatais_total_e2019,11.503728765522132,,15.778041074314029,17.8187002916611,112.2846309946097,2.050320316092162,media 2003 = 100,,17.8187002916611,112.2846309946097,2.050320316092162
2020Q3,estatais_total_e2019,27.095900547612697,,36.87539874925458,37.5748453100234,236.77807984064847,2.374341494314008,media 2003 = 100,,18.92364477079375,119.24744427942618,2.076449079978512
2020Q4,estatais_total_e2019,20.860065804437028,,27.714933686827067,21.2752555414375,134.06613157438306,2.127319078163961,media 2003 = 100,,21.2752555414375,134.06613157438306,2.127319078163961
2021Q1,estatais_total_e2019,10.320105601464672,,13.397384840130936,16.2223345989985,102.22512442010608,2.0095576478146118,media 2003 = 100,,16.2223345989985,102.22512442010608,2.0095576478146118
2021Q2,estatais_total_e2019,17.336768836546142,,22.074268801073732,24.9098352169565,156.96945398320923,2.1958151475861696,media 2003 = 100,,15.006877820329363,94.56591731471296,1.9757346396869628
2021Q3,estatais_total_e2019,10.50685503401596,,13.04153720301827,13.0287345666337,82.10063748733741,1.914346529301634,media 2003 = 100,,13.0287345666337,82.10063748733741,1.914346529301634
2021Q4,estatais_total_e2019,13.991332790089482,,16.82445754426958,13.1263677551922,82.7158735242356,1.9175888604892877,media 2003 = 100,,13.1263677551922,82.7158735242356,1.9175888604892877
2022Q1,estatais_total_e2019,8.890687895292597,,10.422042885664146,12.619144262991,79.51960209470477,1.9004741982440558,media 2003 = 100,,12.619144262991,79.51960209470477,1.9004741982440558
2022Q2,estatais_total_e2019,10.470031202245284,,11.911726828531178,13.4117936052916,84.51448597801442,1.926931154406786,media 2003 = 100,,13.4117936052916,84.51448597801442,1.926931154406786
2022Q3,estatais_total_e2019,12.22732612972523,,13.969380752718912,13.6646785534667,86.1080417719362,1.9350437128251587,media 2003 = 100,,13.6646785534667,86.1080417719362,1.9350437128251587
2022Q4,estatais_total_e2019,15.022944274226614,,17.0344104691793,13.5454647660778,85.35681548116699,1.9312382039239648,media 2003 = 100,,13.5454647660778,85.35681548116699,1.9312382039239648
2023Q1,estatais_total_e2019,11.482686575938887,,12.778714074300904,15.455083095342,97.39028514687094,1.988515637396776,media 2003 = 100,,15.455083095342,97.39028514687094,1.988515637396776
2023Q2,estatais_total_e2019,15.114096862722993,,16.572365569139865,18.630953330078,117.40304766922958,2.0696793709213863,media 2003 = 100,,18.630953330078,117.40304766922958,2.0696793709213863
2023Q3,estatais_total_e2019,15.628542118396089,,17.07093642930721,16.3672703430762,103.13843775246566,2.013420548821501,media 2003 = 100,,16.3672703430762,103.13843775246566,2.013420548821501
2023Q4,estatais_total_e2019,18.314958554887877,,19.833512868102716,16.0603649706348,101.20447197882432,2.005199703341887,media 2003 = 100,,16.0603649706348,101.20447197882432,2.005199703341887
2024Q1,estatais_total_e2019,14.072871274724552,,15.01441956891386,18.1129586440417,114.13890150667395,2.0574336885048123,media 2003 = 100,,18.1129586440417,114.13890150667395,2.0574336885048123
2024Q2,estatais_total_e2019,17.097504629129773,,18.035234625034096,20.2594262303356,127.6648779765567,2.106071434468126,media 2003 = 100,,20.2594262303356,127.6648779765567,2.106071434468126
2024Q3,estatais_total_e2019,24.676139444632703,,25.820846223121343,24.4177819440065,153.86877776785494,2.1871505040500265,media 2003 = 100,,24.4177819440065,153.86877776785494,2.1871505040500265
2024Q4,estatais_total_e2019,31.394856159106602,,32.43429020398649,26.5846675566118,167.523418534936,2.224075526773346,media 2003 = 100,,26.5846675566118,167.523418534936,2.224075526773346
2025Q1,estatais_total_e2019,22.073528970101762,,22.421848779518577,26.9789924575356,170.00825891428374,2.2304700196946037,media 2003 = 100,,26.9789924575356,170.00825891428374,2.2304700196946037
2025Q2,estatais_total_e2019,23.109766107983482,,23.128327881551073,26.0426046221778,164.1076061820417,2.2151287105249726,media 2003 = 100,,26.0426046221778,164.1076061820417,2.2151287105249726
2025Q3,estatais_total_e2019,28.714788659126995,,28.5681496257544,26.7965278689394,168.8584573763065,2.227522817413703,media 2003 = 100,,26.7965278689394,168.8584573763065,2.227522817413703
2025Q4,estatais_total_e2019,31.21572545036994,,30.869846127428247,25.4339637730571,160.27225275933748,2.2048583413399796,media 2003 = 100,,25.4339637730571,160.27225275933748,2.2048583413399796
2003Q1,estatais_total_e2020,3.7892,,13.072869976817625,17.5006312435025,110.28031573224892,2.0424980008194558,media 2003 = 100,,17.5006312435025,110.28031573224892,2.0424980008194558
2003Q2,estatais_total_e2020,4.3144,,14.49572728074905,16.3308428525904,102.90888830801806,2.0124528866809883,media 2003 = 100,,16.3308428525904,102.90888830801806,2.0124528866809883
2003Q3,estatais_total_e2020,3.9739,,13.246838579922208,14.3264312583573,90.2780785735706,1.9555823072314251,media 2003 = 100,,14.3264312583573,90.2780785735706,1.9555823072314251
2003Q4,estatais_total_e2020,6.6862,,21.99604450789703,15.3189939536458,96.53271738616242,1.9846745317076129,media 2003 = 100,,15.3189939536458,96.53271738616242,1.9846745317076129
2004Q1,estatais_total_e2020,3.2009,,10.344632631542284,13.7140914376699,86.41941611612884,1.9366113277192527,media 2003 = 100,,13.7140914376699,86.41941611612884,1.9366113277192527
2004Q2,estatais_total_e2020,4.5125,,14.372093793461007,16.2610760775639,102.46925262456807,2.0105935686237233,media 2003 = 100,,16.2610760775639,102.46925262456807,2.0105935686237233
2004Q3,estatais_total_e2020,4.9106,,15.312709177958181,16.4118079436211,103.41909023604684,2.01460071302218,media 2003 = 100,,16.4118079436211,103.41909023604684,2.01460071302218
2004Q4,estatais_total_e2020,6.8309,,20.955791106495802,14.7746099508287,93.10227885654969,1.9689603113004848,media 2003 = 100,,14.7746099508287,93.10227885654969,1.9689603113004848
2005Q1,estatais_total_e2020,3.7089,,11.155903887536697,14.5191065684314,91.49222300831319,1.9613841798793654,media 2003 = 100,,14.5191065684314,91.49222300831319,1.9613841798793654
2005Q2,estatais_total_e2020,4.3106,,12.736226504042714,14.4811231765371,91.2528704734016,1.9602465346205824,media 2003 = 100,,14.4811231765371,91.2528704734016,1.9602465346205824
2005Q3,estatais_total_e2020,4.7941,,14.075977715577615,14.8998303083722,93.89135556891853,1.9726256092891612,media 2003 = 100,,14.8998303083722,93.89135556891853,1.9726256092891612
2005Q4,estatais_total_e2020,8.8261,,25.522752989176503,18.3322177229098,115.52056211146194,2.06265929346407,media 2003 = 100,,18.3322177229098,115.52056211146194,2.06265929346407
2006Q1,estatais_total_e2020,4.7475,,13.534090039127994,17.1932167457111,108.34314172947157,2.0348014250853175,media 2003 = 100,,17.1932167457111,108.34314172947157,2.0348014250853175
2006Q2,estatais_total_e2020,5.0459,,14.294677399624963,16.2991194909315,102.7089833850953,2.0116084305880504,media 2003 = 100,,16.2991194909315,102.7089833850953,2.0116084305880504
2006Q3,estatais_total_e2020,6.1011,,17.25181983718455,18.0908664521953,113.99968586611757,2.0569036546101596,media 2003 = 100,,18.0908664521953,113.99968586611757,2.0569036546101596
2006Q4,estatais_total_e2020,7.6022,,21.313959607797802,15.591442732284,98.24955473397188,1.992330590833549,media 2003 = 100,,15.591442732284,98.24955473397188,1.992330590833549
2007Q1,estatais_total_e2020,5.6549,,15.653184896251522,19.442291548083,122.51569789958711,2.088191738287381,media 2003 = 100,,19.442291548083,122.51569789958711,2.088191738287381
2007Q2,estatais_total_e2020,6.3514,,17.41987088892257,19.883073632228,125.29328841802494,2.0979278077772,media 2003 = 100,,19.883073632228,125.29328841802494,2.0979278077772
2007Q3,estatais_total_e2020,7.576,,20.594042963795637,21.3733207259711,134.6840879686453,2.1293162897421953,media 2003 = 100,,21.3733207259711,134.6840879686453,2.1293162897421953
2007Q4,estatais_total_e2020,10.1422,,27.275009537696093,20.3527384826169,128.25288383310217,2.1080671392319794,media 2003 = 100,,20.3527384826169,128.25288383310217,2.1080671392319794
2008Q1,estatais_total_e2020,7.1062,,18.7992460494665,22.8917158280403,144.2522623351934,2.1591226330027165,media 2003 = 100,,22.8917158280403,144.2522623351934,2.1591226330027165
2008Q2,estatais_total_e2020,8.4859000000000009,,22.048252516719554,25.102561574066,158.18391791461912,2.199162327986146,media 2003 = 100,,25.102561574066,158.18391791461912,2.199162327986146
2008Q3,estatais_total_e2020,10.2054,,26.107106494428614,26.9433293645602,169.78352539739623,2.229895547061536,media 2003 = 100,,26.9433293645602,169.78352539739623,2.229895547061536
2008Q4,estatais_total_e2020,17.0539,,43.1718105473189,32.7008749250604,206.06472768205705,2.314003659493818,media 2003 = 100,,32.7008749250604,206.06472768205705,2.314003659493818
2009Q1,estatais_total_e2020,10.9311,,27.337138072381812,32.8876188151249,207.2414952438002,2.3164767170535554,media 2003 = 100,,32.8876188151249,207.2414952438002,2.3164767170535554
2009Q2,estatais_total_e2020,13.1455,,32.474016894615986,36.7067139009103,231.3075421201529,2.364189793807206,media 2003 = 100,,36.7067139009103,231.3075421201529,2.364189793807206
2009Q3,estatais_total_e2020,15.3761,,37.676083690462995,38.9302690629278,245.3192861483235,2.3897316922689402,media 2003 = 100,,38.9302690629278,245.3192861483235,2.3897316922689402
2009Q4,estatais_total_e2020,21.2132,,51.52042941876632,39.3069803110724,247.69313397170987,2.3939139681541564,media 2003 = 100,,39.3069803110724,247.69313397170987,2.3939139681541564
2010Q1,estatais_total_e2020,15.0879,,35.98247817382371,43.1498201052196,271.90880824713605,2.4344232764038516,media 2003 = 100,,43.1498201052196,271.90880824713605,2.4344232764038516
2010Q2,estatais_total_e2020,16.1633,,37.989219941948534,42.5496153597658,268.126615027265,2.4283399254553895,media 2003 = 100,,42.5496153597658,268.126615027265,2.4283399254553895
2010Q3,estatais_total_e2020,17.7249,,41.52251069393791,43.145723946485,271.8829962822843,2.4343820474121043,media 2003 = 100,,43.145723946485,271.8829962822843,2.4343820474121043
2010Q4,estatais_total_e2020,23.8117,,54.774488897408176,41.8178605736969,263.51545856533886,2.420806097243831,media 2003 = 100,,41.8178605736969,263.51545856533886,2.420806097243831
2011Q1,estatais_total_e2020,14.6568,,32.94388986490105,39.6057271654093,249.5756887756985,2.397202278346983,media 2003 = 100,,39.6057271654093,249.5756887756985,2.397202278346983
2011Q2,estatais_total_e2020,15.4415,,34.04827537183779,37.8225027649263,238.3386912542675,2.377194550253479,media 2003 = 100,,37.8225027649263,238.3386912542675,2.377194550253479
2011Q3,estatais_total_e2020,17.266,,37.75324896458021,39.4144195234505,248.37016270845783,2.3950994218210147,media 2003 = 100,,39.4144195234505,248.37016270845783,2.3950994218210147
2011Q4,estatais_total_e2020,23.7829,,51.2713054044759,39.1465315403518,246.68206523666134,2.3921375757082615,media 2003 = 100,,39.1465315403518,246.68206523666134,2.3921375757082615
2012Q1,estatais_total_e2020,17.3941,,36.96492715668883,44.5182350198042,280.53188170850837,2.447982224819508,media 2003 = 100,,44.5182350198042,280.53188170850837,2.447982224819508
2012Q2,estatais_total_e2020,19.8805,,41.74763308013231,46.2321223575877,291.33195138087746,2.4643881178149147,media 2003 = 100,,46.2321223575877,291.33195138087746,2.4643881178149147
2012Q3,estatais_total_e2020,19.8647,,41.27253982860551,42.9099221959982,270.3970903665445,2.432002014027909,media 2003 = 100,,42.9099221959982,270.3970903665445,2.432002014027909
2012Q4,estatais_total_e2020,29.8694,,60.97310132604957,46.8842787101527,295.44151791404823,2.4704715259589314,media 2003 = 100,,46.8842787101527,295.44151791404823,2.4704715259589314
2013Q1,estatais_total_e2020,19.1073,,38.18035085416799,45.8121448225968,288.68546083348974,2.4604249119070856,media 2003 = 100,,45.8121448225968,288.68546083348974,2.4604249119070856
2013Q2,estatais_total_e2020,22.8244,,44.97713665739191,49.6642989663284,312.9598295296324,2.4954885965457736,media 2003 = 100,,49.6642989663284,312.9598295296324,2.4954885965457736
2013Q3,estatais_total_e2020,24.7317,,48.442889278257624,50.1566490736999,316.0623762055926,2.4997728008734326,media 2003 = 100,,50.1566490736999,316.0623762055926,2.4997728008734326
2013Q4,estatais_total_e2020,35.6476,,68.75238183322101,53.3110654511247,335.93994686079617,2.5262616491816434,media 2003 = 100,,53.3110654511247,335.93994686079617,2.5262616491816434
2014Q1,estatais_total_e2020,20.0714,,37.90563191215106,45.2563796884172,285.18330404739913,2.4551240963119003,media 2003 = 100,,45.2563796884172,285.18330404739913,2.4551240963119003
2014Q2,estatais_total_e2020,21.3581,,39.55867123536261,43.5380553948814,274.3552748760584,2.438313314550477,media 2003 = 100,,43.5380553948814,274.3552748760584,2.438313314550477
2014Q3,estatais_total_e2020,21.0314,,38.64897867359418,39.822844543244,250.94385502327077,2.3995765653810572,media 2003 = 100,,39.822844543244,250.94385502327077,2.3995765653810572
2014Q4,estatais_total_e2020,26.025,,47.12291051729339,36.9100928029475,232.58913529344304,2.366589424097037,media 2003 = 100,,36.9100928029475,232.58913529344304,2.366589424097037
2015Q1,estatais_total_e2020,17.2394,,30.241205776473553,35.8541848265209,225.93532587341087,2.35398413987322,media 2003 = 100,,35.8541848265209,225.93532587341087,2.35398413987322
2015Q2,estatais_total_e2020,16.315,,27.847107245771895,30.5497008276994,192.5090932965783,2.2844512485211634,media 2003 = 100,,30.5497008276994,192.5090932965783,2.2844512485211634
2015Q3,estatais_total_e2020,17.7696,,29.814741592219153,30.6623167209958,193.21874291414895,2.286049252252223,media 2003 = 100,,30.6623167209958,193.21874291414895,2.286049252252223
2015Q4,estatais_total_e2020,19.9557,,32.740995833124174,25.8248383231862,162.73534847908007,2.2114818982471656,media 2003 = 100,,25.8248383231862,162.73534847908007,2.2114818982471656
2016Q1,estatais_total_e2020,13.0272,,20.747520531184488,24.4801178785423,154.26158583911828,2.188257791681231,media 2003 = 100,,24.4801178785423,154.26158583911828,2.188257791681231
2016Q2,estatais_total_e2020,12.0678,,18.871618798524988,20.6146733996841,129.90346802938345,2.1136207455758713,media 2003 = 100,,20.6146733996841,129.90346802938345,2.1136207455758713
2016Q3,estatais_total_e2020,11.5622,,17.842243295188656,18.4386926769867,116.19151456967894,2.065174412820875,media 2003 = 100,,18.4386926769867,116.19151456967894,2.065174412820875
2016Q4,estatais_total_e2020,13.2845,,20.361292593644688,16.0462462489621,101.11550137998326,2.0048177396437157,media 2003 = 100,,16.0462462489621,101.11550137998326,2.0048177396437157
2017Q1,estatais_total_e2020,9.8902,,15.016705915705995,17.712846592324,111.61759181935882,2.0477326482572753,media 2003 = 100,,17.712846592324,111.61759181935882,2.0477326482572753
2017Q2,estatais_total_e2020,11.3263,,17.103628428530975,18.6125006120533,117.28676614599173,2.0692490119961224,media 2003 = 100,,18.6125006120533,117.28676614599173,2.0692490119961224
2017Q3,estatais_total_e2020,9.518,,14.319978006658452,14.968723962213,94.32548927482885,1.9746290666035626,media 2003 = 100,,14.968723962213,94.32548927482885,1.9746290666035626
2017Q4,estatais_total_e2020,14.1474,,21.08962327685876,16.4469440391345,103.6405005185048,2.015529501688351,media 2003 = 100,,16.4469440391345,103.6405005185048,2.015529501688351
2018Q1,estatais_total_e2020,8.7636,,12.944556582379416,15.3936931179609,97.00343454550276,1.986787111356484,media 2003 = 100,,15.3936931179609,97.00343454550276,1.986787111356484
2018Q2,estatais_total_e2020,16.1077,,23.538688333665068,25.5103640632966,160.7536873499613,2.2061609435083875,media 2003 = 100,,25.5103640632966,160.7536873499613,2.2061609435083875
2018Q3,estatais_total_e2020,28.3026,,40.78668122087822,43.2429633313229,272.49575075452736,2.4353597343622044,media 2003 = 100,,26.603647927535167,167.64302111487711,2.224385478704982
2018Q4,estatais_total_e2020,24.194,,34.64065817572554,26.5715203985162,167.4405693293037,2.223860692015739,media 2003 = 100,,26.5715203985162,167.4405693293037,2.223860692015739
2019Q1,estatais_total_e2020,6.8353,,9.700406106406271,11.6920910960834,73.67777080183978,1.8673364773529377,media 2003 = 100,,11.6920910960834,73.67777080183978,1.8673364773529377
2019Q2,estatais_total_e2020,8.5267,,11.944686866551114,12.9714519710072,81.73966978473877,1.9124328788985074,media 2003 = 100,,12.9714519710072,81.73966978473877,1.9124328788985074
2019Q3,estatais_total_e2020,15.3492,,21.437680002111787,22.7317014489247,143.24393092102684,2.156076230476463,media 2003 = 100,,22.7317014489247,143.24393092102684,2.156076230476463
2019Q4,estatais_total_e2020,25.3676,,35.136261394580465,26.746508139222,168.54325545678117,2.2267113781770207,media 2003 = 100,,26.746508139222,168.54325545678117,2.2267113781770207
2020Q1,estatais_total_e2020,18.9474684587177,,25.897332253029568,31.56594588755,198.9129666484765,2.298663094639425,media 2003 = 100,,31.56594588755,198.9129666484765,2.298663094639425
2020Q2,estatais_total_e2020,13.151768564541644,,18.038424656980485,19.656624518924,123.86631819249524,2.092953228799283,media 2003 = 100,,19.656624518924,123.86631819249524,2.092953228799283
2020Q3,estatais_total_e2020,30.977696042181062,,42.158218431654106,44.1273509046836,278.06872349264535,2.44415214320277,media 2003 = 100,,22.620154293782768,142.54101596230763,2.153939849909592
2020Q4,estatais_total_e2020,23.84850714868302,,31.685412709243806,24.2313973368837,152.69427209588457,2.183822746003328,media 2003 = 100,,24.2313973368837,152.69427209588457,2.183822746003328
2021Q1,estatais_total_e2020,11.798577939257664,,15.316712378997359,18.7173734770889,117.9476230320635,2.0716891930854526,media 2003 = 100,,18.7173734770889,117.9476230320635,2.0716891930854526
2021Q2,estatais_total_e2020,19.820457874370256,,25.236658514873028,27.7485684131689,174.85774330902,2.2426848691412204,media 2003 = 100,,16.624115814011443,104.75694934828779,2.0201828427457897
2021Q3,estatais_total_e2020,12.012081349024692,,14.90988552633622,15.1885169179323,95.71051568988732,1.9809596562219833,media 2003 = 100,,15.1885169179323,95.71051568988732,1.9809596562219833
2021Q4,estatais_total_e2020,15.995750118538865,,19.23475217091031,14.9525451761485,94.22353857313516,1.974159410175289,media 2003 = 100,,14.9525451761485,94.22353857313516,1.974159410175289
2022Q1,estatais_total_e2020,10.164379912094784,,11.91511889716928,14.5261211619854,91.5364255048463,1.961593949233615,media 2003 = 100,,14.5261211619854,91.5364255048463,1.961593949233615
2022Q2,estatais_total_e2020,11.969982085126968,,13.61821698390619,15.0868690154201,95.06998092136415,1.9780434067557913,media 2003 = 100,,15.0868690154201,95.06998092136415,1.9780434067557913
2022Q3,estatais_total_e2020,13.97902946940874,,15.970653202495154,15.7955317417484,99.53562265278322,1.997978537557863,media 2003 = 100,,15.7955317417484,99.53562265278322,1.997978537557863
2022Q4,estatais_total_e2020,17.17515166428446,,19.47478323684929,15.4585388630174,97.41206033386561,1.9886127290777849,media 2003 = 100,,15.4585388630174,97.41206033386561,1.9886127290777849
2023Q1,estatais_total_e2020,13.127711842314373,,14.609409999421912,17.7084406986981,111.58982805853293,2.0476246084063385,media 2003 = 100,,17.7084406986981,111.58982805853293,2.0476246084063385
2023Q2,estatais_total_e2020,17.279362896346562,,18.946545157213937,21.1713230939542,133.4111988753298,2.125192286894036,media 2003 = 100,,21.1713230939542,133.4111988753298,2.125192286894036
2023Q3,estatais_total_e2020,17.867508277696043,,19.51654195560835,18.7893659903237,118.40128421601877,2.0733564129013087,media 2003 = 100,,18.7893659903237,118.40128421601877,2.0733564129013087
2023Q4,estatais_total_e2020,20.93878437963368,,22.674888845165345,18.3472375653192,115.61520972388864,2.0630149713219224,media 2003 = 100,,18.3472375653192,115.61520972388864,2.0630149713219224
2024Q1,estatais_total_e2020,16.08896991716954,,17.16540569811649,20.7118307339581,130.51570545958575,2.1156627751534653,media 2003 = 100,,20.7118307339581,130.51570545958575,2.1156627751534653
2024Q2,estatais_total_e2020,19.546916351803272,,20.618986819869676,23.1316375609392,145.76413034080846,2.1636506658776,media 2003 = 100,,23.1316375609392,145.76413034080846,2.1636506658776
2024Q3,estatais_total_e2020,28.21127667881315,,29.519975704303544,27.9760373694131,176.2911400799627,2.2462304863715223,media 2003 = 100,,27.9760373694131,176.2911400799627,2.2462304863715223
2024Q4,estatais_total_e2020,35.89252587031977,,37.0808706474791,30.3632570615105,191.3342169669456,2.2817926433733406,media 2003 = 100,,30.3632570615105,191.3342169669456,2.2817926433733406
2025Q1,estatais_total_e2020,25.235812694711708,,25.634033272862418,30.8031052938601,194.10592281360155,2.288038787351373,media 2003 = 100,,30.8031052938601,194.10592281360155,2.288038787351373
2025Q2,estatais_total_e2020,26.420502571636572,,26.441723530082676,29.7737758902267,187.61959840359924,2.2732782020279867,media 2003 = 100,,29.7737758902267,187.61959840359924,2.2732782020279867
2025Q3,estatais_total_e2020,32.8285082621576,,32.660861521804634,30.7554330423565,193.80551588116955,2.287366133306414,media 2003 = 100,,30.7554330423565,193.80551588116955,2.287366133306414
2025Q4,estatais_total_e2020,35.68773265308331,,35.29230218881305,28.9897273080304,182.6789123225682,2.2616884171362277,media 2003 = 100,,28.9897273080304,182.6789123225682,2.2616884171362277
2003Q1,estatais_total_e2020_r1618,3.7892,,13.072869976817625,17.5006295950055,110.28030570795754,2.042497961342831,media 2003 = 100,,17.5006295950055,110.28030570795754,2.042497961342831
2003Q2,estatais_total_e2020_r1618,4.3144,,14.49572728074905,16.330842073071,102.90888373528136,2.012452867383196,media 2003 = 100,,16.330842073071,102.90888373528136,2.012452867383196
2003Q3,estatais_total_e2020_r1618,3.9739,,13.246838579922208,14.3264347001362,90.27810055970816,1.955582412998597,media 2003 = 100,,14.3264347001362,90.27810055970816,1.955582412998597
2003Q4,estatais_total_e2020_r1618,6.6862,,21.99604450789703,15.3189927305271,96.53270999705293,1.9846744984644837,media 2003 = 100,,15.3189927305271,96.53270999705293,1.9846744984644837
2004Q1,estatais_total_e2020_r1618,3.2009,,10.344632631542284,13.7140903092303,86.41940929028503,1.9366112934164703,media 2003 = 100,,13.7140903092303,86.41940929028503,1.9366112934164703
2004Q2,estatais_total_e2020_r1618,4.5125,,14.372093793461007,16.2610750283057,102.469246350621,2.010593542032911,media 2003 = 100,,16.2610750283057,102.469246350621,2.010593542032911
2004Q3,estatais_total_e2020_r1618,4.9106,,15.312709177958181,16.4118125117281,103.41911936308762,2.014600835337231,media 2003 = 100,,16.4118125117281,103.41911936308762,2.014600835337231
2004Q4,estatais_total_e2020_r1618,6.8309,,20.955791106495802,14.7746083872833,93.10226931092554,1.9689602667729806,media 2003 = 100,,14.7746083872833,93.10226931092554,1.9689602667729806
2005Q1,estatais_total_e2020_r1618,3.7089,,11.155903887536697,14.5191055269876,91.49221674740471,1.9613841501601388,media 2003 = 100,,14.5191055269876,91.49221674740471,1.9613841501601388
2005Q2,estatais_total_e2020_r1618,4.3106,,12.736226504042714,14.481122117022,91.25286409782731,1.960246504277681,media 2003 = 100,,14.481122117022,91.25286409782731,1.960246504277681
2005Q3,estatais_total_e2020_r1618,4.7941,,14.075977715577615,14.8998350488469,93.89138575071134,1.9726257488950267,media 2003 = 100,,14.8998350488469,93.89138575071134,1.9726257488950267
2005Q4,estatais_total_e2020_r1618,8.8261,,25.522752989176503,18.3322151950251,115.52054656298766,2.0626592350102593,media 2003 = 100,,18.3322151950251,115.52054656298766,2.0626592350102593
2006Q1,estatais_total_e2020_r1618,4.7475,,13.534090039127994,17.193215040491,108.34313134135022,2.034801383444435,media 2003 = 100,,17.193215040491,108.34313134135022,2.034801383444435
2006Q2,estatais_total_e2020_r1618,5.0459,,14.294677399624963,16.2991170934865,102.70896861633297,2.0116083681398376,media 2003 = 100,,16.2991170934865,102.70896861633297,2.0116083681398376
2006Q3,estatais_total_e2020_r1618,6.1011,,17.25181983718455,18.0908785454033,113.99976244751663,2.056903946355418,media 2003 = 100,,18.0908785454033,113.99976244751663,2.056903946355418
2006Q4,estatais_total_e2020_r1618,7.6022,,21.313959607797802,15.5914463228731,98.24957768412878,1.992330692280577,media 2003 = 100,,15.5914463228731,98.24957768412878,1.992330692280577
2007Q1,estatais_total_e2020_r1618,5.6549,,15.653184896251522,19.4422522001216,122.51545035228469,2.088190860779128,media 2003 = 100,,19.4422522001216,122.51545035228469,2.088190860779128
2007Q2,estatais_total_e2020_r1618,6.3514,,17.41987088892257,19.8830637822785,125.29322676175427,2.0979275940627624,media 2003 = 100,,19.8830637822785,125.29322676175427,2.0979275940627624
2007Q3,estatais_total_e2020_r1618,7.576,,20.594042963795637,21.3733947969176,134.68455517129647,2.1293177962540963,media 2003 = 100,,21.3733947969176,134.68455517129647,2.1293177962540963
2007Q4,estatais_total_e2020_r1618,10.1422,,27.275009537696093,20.3527635249642,128.25304206057703,2.1080676750271583,media 2003 = 100,,20.3527635249642,128.25304206057703,2.1080676750271583
2008Q1,estatais_total_e2020_r1618,7.1062,,18.7992460494665,22.8915028259695,144.25092057733465,2.1591185934075323,media 2003 = 100,,22.8915028259695,144.25092057733465,2.1591185934075323
2008Q2,estatais_total_e2020_r1618,8.4859000000000009,,22.048252516719554,25.1025546119618,158.1838745645983,2.199162208968501,media 2003 = 100,,25.1025546119618,158.1838745645983,2.199162208968501
2008Q3,estatais_total_e2020_r1618,10.2054,,26.107106494428614,26.9436184879211,169.78534786968513,2.229900208794226,media 2003 = 100,,26.9436184879211,169.78534786968513,2.229900208794226
2008Q4,estatais_total_e2020_r1618,17.0539,,43.1718105473189,32.7009941913244,206.06547991865347,2.3140052448772566,media 2003 = 100,,32.7009941913244,206.06547991865347,2.3140052448772566
2009Q1,estatais_total_e2020_r1618,10.9311,,27.337138072381812,32.8869809184499,207.2374762181967,2.3164682947172612,media 2003 = 100,,32.8869809184499,207.2374762181967,2.3164682947172612
2009Q2,estatais_total_e2020_r1618,13.1455,,32.474016894615986,36.7059674661359,231.30283922054173,2.3641809637271534,media 2003 = 100,,36.7059674661359,231.30283922054173,2.3641809637271534
2009Q3,estatais_total_e2020_r1618,15.3761,,37.676083690462995,38.9325476065643,245.3336452116466,2.3897571117113596,media 2003 = 100,,38.9325476065643,245.3336452116466,2.3897571117113596
2009Q4,estatais_total_e2020_r1618,21.2132,,51.52042941876632,39.3063076941722,247.68889628984752,2.3939065379215823,media 2003 = 100,,39.3063076941722,247.68889628984752,2.3939065379215823
2010Q1,estatais_total_e2020_r1618,15.0879,,35.98247817382371,43.1487785415069,271.9022457249398,2.4344127945750746,media 2003 = 100,,43.1487785415069,271.9022457249398,2.4344127945750746
2010Q2,estatais_total_e2020_r1618,16.1633,,37.989219941948534,42.5481551211385,268.1174142105073,2.4283250223003727,media 2003 = 100,,42.5481551211385,268.1174142105073,2.4283250223003727
2010Q3,estatais_total_e2020_r1618,17.7249,,41.52251069393791,43.1504901420398,271.9130313843353,2.434430021573127,media 2003 = 100,,43.1504901420398,271.9130313843353,2.434430021573127
2010Q4,estatais_total_e2020_r1618,23.8117,,54.774488897408176,41.8156222142378,263.5013544010247,2.420782851834636,media 2003 = 100,,41.8156222142378,263.5013544010247,2.420782851834636
2011Q1,estatais_total_e2020_r1618,14.6568,,32.94388986490105,39.6053540279174,249.57333827104785,2.3971981881408753,media 2003 = 100,,39.6053540279174,249.57333827104785,2.3971981881408753
2011Q2,estatais_total_e2020_r1618,15.4415,,34.04827537183779,37.821147922493,238.33015449391323,2.377178994515156,media 2003 = 100,,37.821147922493,238.33015449391323,2.377178994515156
2011Q3,estatais_total_e2020_r1618,17.266,,37.75324896458021,39.4206695397267,248.40954803672392,2.3951682846606186,media 2003 = 100,,39.4206695397267,248.40954803672392,2.3951682846606186
2011Q4,estatais_total_e2020_r1618,23.7829,,51.2713054044759,39.1418605210737,246.65263159870256,2.3920857534194786,media 2003 = 100,,39.1418605210737,246.65263159870256,2.3920857534194786
2012Q1,estatais_total_e2020_r1618,17.3941,,36.96492715668883,44.5182531829596,280.5319970889593,2.4479824034412125,media 2003 = 100,,44.5182531829596,280.5319970889593,2.4479824034412125
2012Q2,estatais_total_e2020_r1618,19.8805,,41.74763308013231,46.2361044735199,291.35704566537544,2.4644255247656095,media 2003 = 100,,46.2361044735199,291.35704566537544,2.4644255247656095
2012Q3,estatais_total_e2020_r1618,19.8647,,41.27253982860551,42.91380254501,270.4215432972337,2.4320412869826886,media 2003 = 100,,42.91380254501,270.4215432972337,2.4320412869826886
2012Q4,estatais_total_e2020_r1618,29.8694,,60.97310132604957,46.8767006846396,295.39376592244554,2.4704013255932273,media 2003 = 100,,46.8767006846396,295.39376592244554,2.4704013255932273
2013Q1,estatais_total_e2020_r1618,19.1073,,38.18035085416799,45.8095402672452,288.66904916692533,2.4604002217172414,media 2003 = 100,,45.8095402672452,288.66904916692533,2.4604002217172414
2013Q2,estatais_total_e2020_r1618,22.8244,,44.97713665739191,49.6783281354534,313.04823544185797,2.495611260141503,media 2003 = 100,,49.6783281354534,313.04823544185797,2.495611260141503
2013Q3,estatais_total_e2020_r1618,24.7317,,48.442889278257624,50.1663584029512,316.1235606352872,2.4998568649398067,media 2003 = 100,,50.1663584029512,316.1235606352872,2.4998568649398067
2013Q4,estatais_total_e2020_r1618,35.6476,,68.75238183322101,53.2896990202982,335.80530729709926,2.52608755574375,media 2003 = 100,,53.2896990202982,335.80530729709926,2.52608755574375
2014Q1,estatais_total_e2020_r1618,20.0714,,37.90563191215106,45.2431624268432,285.1000163474678,2.4549972422116517,media 2003 = 100,,45.2431624268432,285.1000163474678,2.4549972422116517
2014Q2,estatais_total_e2020_r1618,21.3581,,39.55867123536261,43.5789688670337,274.6130922321558,2.4387212384675285,media 2003 = 100,,43.5789688670337,274.6130922321558,2.4387212384675285
2014Q3,estatais_total_e2020_r1618,21.0314,,38.64897867359418,39.8358059367792,251.02553213769107,2.3997178963917154,media 2003 = 100,,39.8358059367792,251.02553213769107,2.3997178963917154
2014Q4,estatais_total_e2020_r1618,26.025,,47.12291051729339,36.8734084996884,232.35796973844583,2.366157573109571,media 2003 = 100,,36.8734084996884,232.35796973844583,2.366157573109571
2015Q1,estatais_total_e2020_r1618,17.2394,,30.241205776473553,35.8339895580437,225.80806603235666,2.3537394511884933,media 2003 = 100,,35.8339895580437,225.80806603235666,2.3537394511884933
2015Q2,estatais_total_e2020_r1618,16.315,,27.847107245771895,30.6151666206657,192.92162695624495,2.2853809157790805,media 2003 = 100,,30.6151666206657,192.92162695624495,2.2853809157790805
2015Q3,estatais_total_e2020_r1618,17.7696,,29.814741592219153,30.6889843081669,193.38678948654672,2.286426803516108,media 2003 = 100,,30.6889843081669,193.38678948654672,2.286426803516108
2015Q4,estatais_total_e2020_r1618,19.9557,,32.740995833124174,25.754116094419,162.28969253433675,2.2102909374626236,media 2003 = 100,,25.754116094419,162.28969253433675,2.2102909374626236
2016Q1,estatais_total_e2020_r1618,13.0272,,20.747520531184488,24.4740564195329,154.22339003335958,2.1881502452588437,media 2003 = 100,,24.4740564195329,154.22339003335958,2.1881502452588437
2016Q2,estatais_total_e2020_r1618,12.0678,,18.871618798524988,20.7055879063421,130.47636668031987,2.11553185458757,media 2003 = 100,,20.7055879063421,130.47636668031987,2.11553185458757
2016Q3,estatais_total_e2020_r1618,11.5622,,17.842243295188656,18.4727253389256,116.40597194384587,2.065975261376829,media 2003 = 100,,18.4727253389256,116.40597194384587,2.065975261376829
2016Q4,estatais_total_e2020_r1618,13.2845,,20.361292593644688,15.9430152920558,100.46499131758826,2.0020147510466746,media 2003 = 100,,15.9430152920558,100.46499131758826,2.0020147510466746
2017Q1,estatais_total_e2020_r1618,9.8902,,15.016705915705995,17.7374280330382,111.77249226019826,2.0483349347711104,media 2003 = 100,,17.7374280330382,111.77249226019826,2.0483349347711104
2017Q2,estatais_total_e2020_r1618,11.3263,,17.103628428530975,18.754162383578,118.17944890096449,2.072541960429329,media 2003 = 100,,18.754162383578,118.17944890096449,2.072541960429329
2017Q3,estatais_total_e2020_r1618,9.518,,14.319978006658452,15.0327037052022,94.72865825924154,1.976481385983177,media 2003 = 100,,15.0327037052022,94.72865825924154,1.976481385983177
2017Q4,estatais_total_e2020_r1618,14.1474,,21.08962327685876,16.2353416044787,102.30708705051421,2.009905719345819,media 2003 = 100,,16.2353416044787,102.30708705051421,2.009905719345819
2018Q1,estatais_total_e2020_r1618,8.7636,,12.944556582379416,15.4765892629856,97.525805341634,1.989119545284609,media 2003 = 100,,15.4765892629856,97.525805341634,1.989119545284609
2018Q2,estatais_total_e2020_r1618,16.1077,,23.538688333665068,25.796140699361,162.55451079445137,2.2109990254221685,media 2003 = 100,,25.796140699361,162.55451079445137,2.2109990254221685
2018Q3,estatais_total_e2020_r1618,28.3026,,40.78668122087822,43.4954805014616,274.0869898751882,2.437888421312893,media 2003 = 100,,26.539320578983325,167.23766255626816,2.223334088883109
2018Q4,estatais_total_e2020_r1618,24.194,,34.64065817572554,26.086039437133,164.3813091534642,2.2158524349012185,media 2003 = 100,,26.086039437133,164.3813091534642,2.2158524349012185
2019Q1,estatais_total_e2020_r1618,6.8353,,9.700406106406271,11.8012425099741,74.365589230293,1.8713720233894366,media 2003 = 100,,11.8012425099741,74.365589230293,1.8713720233894366
2019Q2,estatais_total_e2020_r1618,8.5267,,11.944686866551114,13.1520707459482,82.87784017609206,1.9184384246908865,media 2003 = 100,,13.1520707459482,82.87784017609206,1.9184384246908865
2019Q3,estatais_total_e2020_r1618,15.3492,,21.437680002111787,22.8812019985924,144.18600986163585,2.158923123527324,media 2003 = 100,,22.8812019985924,144.18600986163585,2.158923123527324
2019Q4,estatais_total_e2020_r1618,25.3676,,35.136261394580465,26.1710142638235,164.91677845267063,2.2172648425379218,media 2003 = 100,,26.1710142638235,164.91677845267063,2.2172648425379218
2020Q1,estatais_total_e2020_r1618,16.350613867593257,,22.347960667813254,27.5697363635899,173.73083282284807,2.2398769015588695,media 2003 = 100,,27.5697363635899,173.73083282284807,2.2398769015588695
2020Q2,estatais_total_e2020_r1618,11.349246467584557,,15.56615951036246,17.2179568473166,108.49904196191856,2.035425903415063,media 2003 = 100,,17.2179568473166,108.49904196191856,2.035425903415063
2020Q3,estatais_total_e2020_r1618,26.732032703837678,,36.38020310858349,38.2803723038918,241.22395925072388,2.3824204413354977,media 2003 = 100,,19.594033520736257,123.47190111008592,2.0915681350751054
2020Q4,estatais_total_e2020_r1618,20.579938293933075,,27.342752915670456,20.4714406928213,129.00088683272,2.1105926959212087,media 2003 = 100,,20.4714406928213,129.00088683272,2.1105926959212087
2021Q1,estatais_total_e2020_r1618,10.181518047744621,,13.217472844755974,16.3469193848426,103.0101949965425,2.0128802092841163,media 2003 = 100,,16.3469193848426,103.0101949965425,2.0128802092841163
2021Q2,estatais_total_e2020_r1618,17.10395529032371,,21.77783589317156,24.2826491621412,153.01723623498984,2.184740353563552,media 2003 = 100,,14.444917631553144,91.0247213499433,1.9591593581210351
2021Q3,estatais_total_e2020_r1618,10.365759642874922,,12.866403846101958,13.1573940818666,82.9113852042455,1.9186141709830562,media 2003 = 100,,13.1573940818666,82.9113852042455,1.9186141709830562
2021Q4,estatais_total_e2020_r1618,13.80344473355773,,16.598523769580662,12.6677804264347,79.82608228375913,1.9021448154254266,media 2003 = 100,,12.6677804264347,79.82608228375913,1.9021448154254266
2022Q1,estatais_total_e2020_r1618,8.771295833439838,,10.28208642745846,12.6660934002296,79.81545147961432,1.9020869745932036,media 2003 = 100,,12.6660934002296,79.81545147961432,1.9020869745932036
2022Q2,estatais_total_e2020_r1618,10.32943031425768,,11.751765569848578,13.1681214504827,82.97898377171435,1.9189681118012294,media 2003 = 100,,13.1681214504827,82.97898377171435,1.9189681118012294
2022Q3,estatais_total_e2020_r1618,12.063126723023869,,13.781787487662736,13.6463432295412,85.99250072574588,1.9344605787384856,media 2003 = 100,,13.6463432295412,85.99250072574588,1.9344605787384856
2022Q4,estatais_total_e2020_r1618,14.821202821470333,,16.805657259943562,13.1757330661222,83.02694840607786,1.9192190760449401,media 2003 = 100,,13.1757330661222,83.02694840607786,1.9192190760449401
2023Q1,estatais_total_e2020_r1618,11.328486851231846,,12.607110140035541,15.3838153441067,96.94119002364509,1.9865083467002356,media 2003 = 100,,15.3838153441067,96.94119002364509,1.9865083467002356
2023Q2,estatais_total_e2020_r1618,14.911131331963754,,16.34981710963035,18.4174008961751,116.05734468866478,2.0646726299864593,media 2003 = 100,,18.4174008961751,116.05734468866478,2.0646726299864593
2023Q3,estatais_total_e2020_r1618,15.418668159345525,,16.841692717003294,16.1969495774335,102.06515949834768,2.008877518581995,media 2003 = 100,,16.1969495774335,102.06515949834768,2.008877518581995
2023Q4,estatais_total_e2020_r1618,18.069009007409818,,19.567170823145794,15.7349442626918,99.15383067604311,1.9963094972536843,media 2003 = 100,,15.7349442626918,99.15383067604311,1.9963094972536843
2024Q1,estatais_total_e2020_r1618,13.883888246924483,,14.812792593479916,17.9312931322616,112.99413416127373,2.053055898638169,media 2003 = 100,,17.9312931322616,112.99413416127373,2.053055898638169
2024Q2,estatais_total_e2020_r1618,16.867904135416605,,17.79304145919131,20.06689755444,126.45165620472714,2.1019245219039386,media 2003 = 100,,20.06689755444,126.45165620472714,2.1019245219039386
2024Q3,estatais_total_e2020_r1618,24.344766304381004,,25.474100942478465,24.0773738915169,151.72369308125138,2.18105340524937,media 2003 = 100,,24.0773738915169,151.72369308125138,2.18105340524937
2024Q4,estatais_total_e2020_r1618,30.973258117138318,,31.998733717492915,26.1575801858578,164.83212354257617,2.217041853706691,media 2003 = 100,,26.1575801858578,164.83212354257617,2.217041853706691
2025Q1,estatais_total_e2020_r1618,21.777105997307675,,22.1207482586292,26.6098763289659,167.68226997083534,2.22448714453273,media 2003 = 100,,26.6098763289659,167.68226997083534,2.22448714453273
2025Q2,estatais_total_e2020_r1618,22.79942762157367,,22.817740131142347,25.7865262677657,162.49392540523544,2.210837130162294,media 2003 = 100,,25.7865262677657,162.49392540523544,2.210837130162294
2025Q3,estatais_total_e2020_r1618,28.32918094642182,,28.184511112367506,26.4629802493868,166.75660358407248,2.222083041049385,media 2003 = 100,,26.4629802493868,166.75660358407248,2.222083041049385
2025Q4,estatais_total_e2020_r1618,30.79653293482538,,30.455298386956727,25.00681402643,157.5805647817252,2.197502652693247,media 2003 = 100,,25.00681402643,157.5805647817252,2.197502652693247
2003Q1,inf_diss_e2017,4.2846024613400004,,14.782025461693916,19.93882318707054,110.44991851884824,2.043165399819698,media 2003 = 100,,19.93882318707054,110.44991851884824,2.043165399819698
2003Q2,inf_diss_e2017,4.82983968411,,16.227526161366054,18.548613157367193,102.74893320671659,2.0117773214985553,media 2003 = 100,,18.548613157367193,102.74893320671659,2.0117773214985553
2003Q3,inf_diss_e2017,4.52143908483,,15.07203847748917,16.29656453468583,90.27384455469739,1.9555619384532765,media 2003 = 100,,16.29656453468583,90.27384455469739,1.9555619384532765
2003Q4,inf_diss_e2017,7.7047308260500005,,25.34677427704257,17.42546185096613,96.52730371973776,1.9846501752878607,media 2003 = 100,,17.42546185096613,96.52730371973776,1.9846501752878607
2004Q1,inf_diss_e2017,3.78997882471,,12.248410954090831,16.440074553101248,91.06880971848398,1.9593696603260078,media 2003 = 100,,16.440074553101248,91.06880971848398,1.9593696603260078
2004Q2,inf_diss_e2017,5.230997304940001,,16.66047288641317,19.16922918545433,106.18679857573021,2.0260705274602455,media 2003 = 100,,19.16922918545433,106.18679857573021,2.0260705274602455
2004Q3,inf_diss_e2017,6.04908628775,,18.862847537305097,20.20169820864454,111.90609897850128,2.048853756595619,media 2003 = 100,,20.20169820864454,111.90609897850128,2.048853756595619
2004Q4,inf_diss_e2017,8.94527136606,,27.442245990729145,18.90527208547552,104.72462400747202,2.020048809789779,media 2003 = 100,,18.90527208547552,104.72462400747202,2.020048809789779
2005Q1,inf_diss_e2017,4.43639560668,,13.344119009736616,17.65422167624338,97.79450508990901,1.9903144531907304,media 2003 = 100,,17.65422167624338,97.79450508990901,1.9903144531907304
2005Q2,inf_diss_e2017,5.52256488255,,16.317133862438837,18.96565582036878,105.05911609540775,2.0214337425883366,media 2003 = 100,,18.96565582036878,105.05911609540775,2.0214337425883366
2005Q3,inf_diss_e2017,6.10230073848,,17.91699155390945,18.92393521030936,104.82800727126171,2.020477330151024,media 2003 = 100,,18.92393521030936,104.82800727126171,2.020477330151024
2005Q4,inf_diss_e2017,11.85364652092,,34.27761890013172,24.02157006340852,133.06605065432083,2.1240672673892944,media 2003 = 100,,24.02157006340852,133.06605065432083,2.1240672673892944
2006Q1,inf_diss_e2017,6.084832041269999,,17.346532852979287,22.69809048141172,125.73471466616202,2.099455200569885,media 2003 = 100,,22.69809048141172,125.73471466616202,2.099455200569885
2006Q2,inf_diss_e2017,6.55182203354,,18.560847886246084,21.46289817319196,118.89244075069605,2.075154242805206,media 2003 = 100,,21.46289817319196,118.89244075069605,2.075154242805206
2006Q3,inf_diss_e2017,8.09957220326,,22.902814313633513,23.945950300820158,132.6471595022234,2.122697954463705,media 2003 = 100,,23.945950300820158,132.6471595022234,2.122697954463705
2006Q4,inf_diss_e2017,10.66893443493,,29.912030412820112,21.313708344205132,118.06601261595432,2.0721248962783627,media 2003 = 100,,21.313708344205132,118.06601261595432,2.0721248962783627
2007Q1,inf_diss_e2017,7.360429958419999,,20.374219005651234,26.284111804489527,145.5992653081294,2.1631591835386232,media 2003 = 100,,26.284111804489527,145.5992653081294,2.1631591835386232
2007Q2,inf_diss_e2017,8.73736649455,,23.96381840921041,27.5323334552576,152.5137144873666,2.183308898491861,media 2003 = 100,,27.5323334552576,152.5137144873666,2.183308898491861
2007Q3,inf_diss_e2017,10.17497990144,,27.65891938305339,28.590584256220172,158.37583150611906,2.199688908034015,media 2003 = 100,,28.590584256220172,158.37583150611906,2.199688908034015
2007Q4,inf_diss_e2017,13.614824796570002,,36.61379939071484,26.76028608751531,148.23700426932712,2.170956629715815,media 2003 = 100,,26.76028608751531,148.23700426932712,2.170956629715815
2008Q1,inf_diss_e2017,9.19147456408,,24.31577944436587,30.85425997206861,170.91532774532962,2.2327810121456504,media 2003 = 100,,30.85425997206861,170.91532774532962,2.2327810121456504
2008Q2,inf_diss_e2017,10.758036049570002,,27.951766507370046,31.7552875092439,175.90651589773685,2.2452819268140294,media 2003 = 100,,31.7552875092439,175.90651589773685,2.2452819268140294
2008Q3,inf_diss_e2017,13.175428047599999,,33.70493103145147,34.67114689572465,192.05874457380318,2.283434085693809,media 2003 = 100,,34.67114689572465,192.05874457380318,2.283434085693809
2008Q4,inf_diss_e2017,21.410582191139998,,54.20071643809897,40.48107839679792,224.24251263639133,2.350717951047298,media 2003 = 100,,40.48107839679792,224.24251263639133,2.350717951047298
2009Q1,inf_diss_e2017,13.163764566700001,,32.92071699208728,40.83741817203508,226.21643550890522,2.354524154928615,media 2003 = 100,,40.83741817203508,226.21643550890522,2.354524154928615
2009Q2,inf_diss_e2017,16.89160665635,,41.72822029862065,46.8919123458051,259.7549438697886,2.414563822157745,media 2003 = 100,,46.8919123458051,259.7549438697886,2.414563822157745
2009Q3,inf_diss_e2017,19.54918410789,,47.901398698573296,49.2675686466238,272.9147498619679,2.4360270080427653,media 2003 = 100,,49.2675686466238,272.9147498619679,2.4360270080427653
2009Q4,inf_diss_e2017,28.55220175108,,69.34463895437243,52.190076891927504,289.10380949382073,2.4610538143660743,media 2003 = 100,,52.190076891927504,289.10380949382073,2.4610538143660743
2010Q1,inf_diss_e2017,19.191715424239998,,45.76948954930451,56.9405678099809,315.4188698111099,2.4988876712684127,media 2003 = 100,,56.9405678099809,315.4188698111099,2.4988876712684127
2010Q2,inf_diss_e2017,22.33970769651,,52.505866321949036,58.1584982289765,322.1655225236392,2.508079061288306,media 2003 = 100,,58.1584982289765,322.1655225236392,2.508079061288306
2010Q3,inf_diss_e2017,24.04191806508,,56.32081421954782,58.0796977913285,321.72901221228267,2.507490225575839,media 2003 = 100,,58.0796977913285,321.72901221228267,2.507490225575839
2010Q4,inf_diss_e2017,32.56515431535,,74.91021991241796,56.700099775045,314.0868115137938,2.497049700782348,media 2003 = 100,,56.700099775045,314.0868115137938,2.497049700782348
2011Q1,inf_diss_e2017,19.61558889743,,44.08969217510711,55.069866529122706,305.05623195102424,2.4843799015601578,media 2003 = 100,,55.069866529122706,305.05623195102424,2.4843799015601578
2011Q2,inf_diss_e2017,20.31916204181,,44.8034468493696,49.229616978075896,272.7045188639073,2.43569233449975,media 2003 = 100,,49.229616978075896,272.7045188639073,2.43569233449975
2011Q3,inf_diss_e2017,22.318641412589997,,48.801183007106474,50.4046112235137,279.2133292109932,2.4459361469905434,media 2003 = 100,,50.4046112235137,279.2133292109932,2.4459361469905434
2011Q4,inf_diss_e2017,30.44931405474,,65.64279714657906,50.1179268764457,277.62525841678394,2.4434589758030176,media 2003 = 100,,50.1179268764457,277.62525841678394,2.4434589758030176
2012Q1,inf_diss_e2017,20.779673022110003,,44.15974954738148,54.24384998519719,300.4805627093733,2.4778163838892215,media 2003 = 100,,54.24384998519719,300.4805627093733,2.4778163838892215
2012Q2,inf_diss_e2017,24.525138782250004,,51.50104349089288,56.5044032053684,313.002762070534,2.4955481699640165,media 2003 = 100,,56.5044032053684,313.002762070534,2.4955481699640165
2012Q3,inf_diss_e2017,24.99246909279,,51.92641600665339,53.34421488589351,295.49708788327524,2.4705532052766443,media 2003 = 100,,53.34421488589351,295.49708788327524,2.4705532052766443
2012Q4,inf_diss_e2017,36.47902428602,,74.46548119704181,57.500572707480096,318.5209834473375,2.5031380479593177,media 2003 = 100,,57.500572707480096,318.5209834473375,2.5031380479593177
2013Q1,inf_diss_e2017,22.992034259289998,,45.94285612675483,56.0417982402049,310.4401895340638,2.491977939915479,media 2003 = 100,,56.0417982402049,310.4401895340638,2.491977939915479
2013Q2,inf_diss_e2017,28.34552065448,,55.856905596706675,61.112355445891,338.52823790877187,2.5295949006621403,media 2003 = 100,,61.112355445891,338.52823790877187,2.5295949006621403
2013Q3,inf_diss_e2017,30.88303015371,,60.491725611796404,61.849705963677906,342.61274700167587,2.5348035169759715,media 2003 = 100,,61.849705963677906,342.61274700167587,2.5348035169759715
2013Q4,inf_diss_e2017,43.179015988479996,,83.27798209199868,64.9102584918273,359.56649468202835,2.5557792162852007,media 2003 = 100,,64.9102584918273,359.56649468202835,2.5557792162852007
2014Q1,inf_diss_e2017,26.310911541560003,,49.68919597873294,60.607971915788,335.7342355105636,2.525995629407744,media 2003 = 100,,60.607971915788,335.7342355105636,2.525995629407744
2014Q2,inf_diss_e2017,29.29415573973,,54.25753583069139,58.9976618947793,326.8140194606099,2.5143006783493265,media 2003 = 100,,58.9976618947793,326.8140194606099,2.5143006783493265
2014Q3,inf_diss_e2017,29.524152510680004,,54.255938298982166,55.124725885245596,305.36012207317043,2.484812320558064,media 2003 = 100,,55.124725885245596,305.36012207317043,2.484812320558064
2014Q4,inf_diss_e2017,32.4946431757,,58.83735495330988,46.108242444883174,255.4138513243354,2.407244445748886,media 2003 = 100,,46.108242444883174,255.4138513243354,2.407244445748886
2015Q1,inf_diss_e2017,21.485171258039998,,37.689100847892774,45.66180248459494,252.94082386555502,2.403018928785741,media 2003 = 100,,45.66180248459494,252.94082386555502,2.403018928785741
2015Q2,inf_diss_e2017,20.63897505048,,35.22744417245032,38.38773067642846,212.64653814094802,2.327658316847731,media 2003 = 100,,38.38773067642846,212.64653814094802,2.327658316847731
2015Q3,inf_diss_e2017,21.98130321817,,36.88135215817767,37.7163986580439,208.92773457696686,2.3199960951944343,media 2003 = 100,,37.7163986580439,208.92773457696686,2.3199960951944343
2015Q4,inf_diss_e2017,24.22685814251,,39.748616259695744,31.1227263944564,172.40248143537318,2.2365435124511888,media 2003 = 100,,31.1227263944564,172.40248143537318,2.2365435124511888
2016Q1,inf_diss_e2017,17.41916161956,,27.7422940722367,33.899506019908,187.78428609347387,2.273659247416657,media 2003 = 100,,33.899506019908,187.78428609347387,2.273659247416657
2016Q2,inf_diss_e2017,16.23950528264,,25.39532915449501,27.707150577397197,153.48210347977908,2.186057742594306,media 2003 = 100,,27.707150577397197,153.48210347977908,2.186057742594306
2016Q3,inf_diss_e2017,15.47490224374,,23.880141391955675,24.542661056128598,135.9526030424357,2.1333875273052283,media 2003 = 100,,24.542661056128598,135.9526030424357,2.1333875273052283
2016Q4,inf_diss_e2017,18.56169203682,,28.449700221673126,21.89978384686823,121.31254281022416,2.083905705991507,media 2003 = 100,,21.89978384686823,121.31254281022416,2.083905705991507
2017Q1,inf_diss_e2017,12.36840121119911,,18.779462865871153,22.96593971969265,127.21844950175894,2.1045500982289296,media 2003 = 100,,22.96593971969265,127.21844950175894,2.1045500982289296
2017Q2,inf_diss_e2017,14.678575575473898,,22.165835489349195,24.33181780771689,134.7846494782342,2.1296404335456476,media 2003 = 100,,24.33181780771689,134.7846494782342,2.1296404335456476
2017Q3,inf_diss_e2017,12.913768493715386,,19.428964153507373,20.09169685343996,111.29675305044333,2.046482494497828,media 2003 = 100,,20.09169685343996,111.29675305044333,2.046482494497828
2017Q4,inf_diss_e2017,20.886526547915985,,31.135684044959312,23.501264481706812,130.1838490035674,2.1145571077059313,media 2003 = 100,,23.501264481706812,130.1838490035674,2.1145571077059313
2018Q1,inf_diss_e2017,11.463660730030197,,16.93276792198147,21.26110781125415,117.77463510967043,2.07105176737767,media 2003 = 100,,21.26110781125415,117.77463510967043,2.07105176737767
2018Q2,inf_diss_e2017,20.229611833952895,,29.562167663318768,32.65318012417317,180.8803383358596,2.257391361683939,media 2003 = 100,,32.65318012417317,180.8803383358596,2.257391361683939
2018Q3,inf_diss_e2017,31.937618241200198,,46.02508088154225,47.78729600087231,264.71486807481443,2.4227783347335676,media 2003 = 100,,32.37920904364242,179.36269192126252,2.2537321133027324
2018Q4,inf_diss_e2017,30.168174136964076,,43.194403904453026,32.36811189836472,179.30121994870856,2.2535832444712174,media 2003 = 100,,32.36811189836472,179.30121994870856,2.2535832444712174
2019Q1,inf_diss_e2017,10.152583841532412,,14.408173202668888,18.79167285376059,104.09534785767129,2.017431320818041,media 2003 = 100,,18.79167285376059,104.09534785767129,2.017431320818041
2019Q2,inf_diss_e2017,11.435807568702964,,16.019930392096843,17.60245147636617,97.5077271640257,1.9890390334597987,media 2003 = 100,,17.60245147636617,97.5077271640257,1.9890390334597987
2019Q3,inf_diss_e2017,17.32480331879993,,24.196934670729235,25.01406190881374,138.56389987175672,2.141650098034627,media 2003 = 100,,25.01406190881374,138.56389987175672,2.141650098034627
2019Q4,inf_diss_e2017,25.211769348946145,,34.92042282535374,25.90851600893318,143.51867486274534,2.1569084157888248,media 2003 = 100,,25.90851600893318,143.51867486274534,2.1569084157888248
2020Q1,inf_diss_e2017,18.812250635850894,,25.712517015419195,32.42594830691847,179.62160127474024,2.2543585636804013,media 2003 = 100,,23.8793416721783,132.27818498767348,2.1214882272512976
2020Q2,inf_diss_e2017,15.422484282582674,,21.152844911282763,23.32693245459451,129.21814716604544,2.1113235094844365,media 2003 = 100,,23.32693245459451,129.21814716604544,2.1113235094844365
2020Q3,inf_diss_e2017,31.201654846532065,,42.46300882602899,43.33891786075468,240.07334342176367,2.380343940783696,media 2003 = 100,,25.083328031498283,138.94759541561334,2.1428510354115806
2020Q4,inf_diss_e2017,26.901328750071066,,35.74142811367203,26.82909808299398,148.61818420268781,2.1720719508493733,media 2003 = 100,,26.82909808299398,148.61818420268781,2.1720719508493733
2021Q1,inf_diss_e2017,11.60211990950398,,15.061673919975153,19.05181082803427,105.5363666075049,2.023402138263752,media 2003 = 100,,21.84801686240046,121.02578269590911,2.0828778999839885
2021Q2,inf_diss_e2017,21.398606502628436,,27.246056999484594,30.14146710880754,166.96685431089674,2.222630265048158,media 2003 = 100,,20.45826388848437,113.32732921697482,2.054334653878388
2021Q3,inf_diss_e2017,14.074188960702573,,17.469457638757866,17.49324570856824,96.90278834482339,1.9863362739067794,media 2003 = 100,,17.49324570856824,96.90278834482339,1.9863362739067794
2021Q4,inf_diss_e2017,19.210244941355988,,23.100154594264087,17.57362015524711,97.34801778506615,1.9883271127767266,media 2003 = 100,,17.57362015524711,97.34801778506615,1.9883271127767266
2022Q1,inf_diss_e2017,11.308783548751482,,13.256637564814916,17.30049903884688,95.83507969593441,1.9815245083449158,media 2003 = 100,,17.30049903884688,95.83507969593441,1.9815245083449158
2022Q2,inf_diss_e2017,14.884458387403413,,16.934008970610087,18.43854347226834,102.13920876929608,2.009192489230706,media 2003 = 100,,18.43854347226834,102.13920876929608,2.009192489230706
2022Q3,inf_diss_e2017,16.78419040266734,,19.175471715847614,18.90361770906171,104.71545968827472,2.0200108035668047,media 2003 = 100,,18.90361770906171,104.71545968827472,2.0200108035668047
2022Q4,inf_diss_e2017,21.147226788253374,,23.97869118199049,18.5281952093303,102.63582920474823,2.0112989953722664,media 2003 = 100,,18.5281952093303,102.63582920474823,2.0112989953722664
2023Q1,inf_diss_e2017,14.348771890480297,,15.96828861374903,20.697983551086708,114.65524195050882,2.059393915133455,media 2003 = 100,,20.697983551086708,114.65524195050882,2.059393915133455
2023Q2,inf_diss_e2017,20.31291656234307,,22.27278825219442,24.289003594822272,134.54748270659013,2.1288755768165024,media 2003 = 100,,24.289003594822272,134.54748270659013,2.1288755768165024
2023Q3,inf_diss_e2017,20.79122685435945,,22.71009728414131,22.02635685501965,122.01368641864309,2.0864085487297652,media 2003 = 100,,22.02635685501965,122.01368641864309,2.0864085487297652
2023Q4,inf_diss_e2017,25.678215197983494,,27.80728168359397,21.83097894537959,120.93140217359695,2.0825390884530117,media 2003 = 100,,21.83097894537959,120.93140217359695,2.0825390884530117
2024Q1,inf_diss_e2017,17.494185627992696,,18.664637649809404,24.05914978394307,133.27422126860733,2.124746153588787,media 2003 = 100,,24.05914978394307,133.27422126860733,2.124746153588787
2024Q2,inf_diss_e2017,22.58612470464572,,23.824883639718458,26.007515853553663,144.06707858091474,2.158564749557055,media 2003 = 100,,26.007515853553663,144.06707858091474,2.158564749557055
2024Q3,inf_diss_e2017,29.062789949230556,,30.410990008292547,29.03637540426078,160.8452649082587,2.206408280317357,media 2003 = 100,,29.03637540426078,160.8452649082587,2.206408280317357
2024Q4,inf_diss_e2017,39.090639410474374,,40.38486866998906,32.31004376584201,178.9795550016101,2.2528034239569843,media 2003 = 100,,32.31004376584201,178.9795550016101,2.2528034239569843
2025Q1,inf_diss_e2017,25.110339975068737,,25.506580596419052,32.06420250121106,177.61773201976698,2.2494863203047673,media 2003 = 100,,32.06420250121106,177.61773201976698,2.2494863203047673
2025Q2,inf_diss_e2017,27.880094620418973,,27.902487923794226,30.79141037468771,170.56717615962498,2.231895459514424,media 2003 = 100,,30.79141037468771,170.56717615962498,2.231895459514424
2025Q3,inf_diss_e2017,34.124880159427775,,33.950613181532276,32.20884062431692,178.41894625201522,2.2514409700838804,media 2003 = 100,,32.20884062431692,178.41894625201522,2.2514409700838804
2025Q4,inf_diss_e2017,38.632265996128716,,38.20420924544743,30.702721645547392,170.07589024895796,2.230642752919085,media 2003 = 100,,30.702721645547392,170.07589024895796,2.230642752919085
2003Q1,inf_diss_e2018,4.2846024613400004,,14.782025461693916,19.93882198519254,110.44991204282027,2.043165374355638,media 2003 = 100,,19.93882198519254,110.44991204282027,2.043165374355638
2003Q2,inf_diss_e2018,4.82983968411,,16.227526161366054,18.548612543905893,102.7489299775187,2.0117773078495294,media 2003 = 100,,18.548612543905893,102.7489299775187,2.0117773078495294
2003Q3,inf_diss_e2018,4.52143908483,,15.07203847748917,16.29656721942413,90.27385957515594,1.9555620107145362,media 2003 = 100,,16.29656721942413,90.27385957515594,1.9555620107145362
2003Q4,inf_diss_e2018,7.7047308260500005,,25.34677427704257,17.42546086277393,96.52729840450513,1.9846501513736294,media 2003 = 100,,17.42546086277393,96.52729840450513,1.9846501513736294
2004Q1,inf_diss_e2018,3.78997882471,,12.248410954090831,16.44007373433905,91.06880533281885,1.9593696394113806,media 2003 = 100,,16.44007373433905,91.06880533281885,1.9593696394113806
2004Q2,inf_diss_e2018,5.230997304940001,,16.66047288641317,19.16922836316343,106.18679419538894,2.026070509545042,media 2003 = 100,,19.16922836316343,106.18679419538894,2.026070509545042
2004Q3,inf_diss_e2018,6.04908628775,,18.862847537305097,20.20170177574054,111.90611892231517,2.048853833995221,media 2003 = 100,,20.20170177574054,111.90611892231517,2.048853833995221
2004Q4,inf_diss_e2018,8.94527136606,,27.442245990729145,18.90527083201882,104.72461723630813,2.0200487817096664,media 2003 = 100,,18.90527083201882,104.72461723630813,2.0200487817096664
2005Q1,inf_diss_e2018,4.43639560668,,13.344119009736616,17.65422092082718,97.7945010662098,1.9903144353219309,media 2003 = 100,,17.65422092082718,97.7945010662098,1.9903144353219309
2005Q2,inf_diss_e2018,5.52256488255,,16.317133862438837,18.96565499249428,105.05911168228127,2.0214337243453078,media 2003 = 100,,18.96565499249428,105.05911168228127,2.0214337243453078
2005Q3,inf_diss_e2018,6.10230073848,,17.91699155390945,18.92393891315366,104.82802795540088,2.020477415843835,media 2003 = 100,,18.92393891315366,104.82802795540088,2.020477415843835
2005Q4,inf_diss_e2018,11.85364652092,,34.27761890013172,24.02156804808602,133.06603970947194,2.1240672316680294,media 2003 = 100,,24.02156804808602,133.06603970947194,2.1240672316680294
2006Q1,inf_diss_e2018,6.084832041269999,,17.346532852979287,22.69808929132112,125.73470828057496,2.0994551785137223,media 2003 = 100,,22.69808929132112,125.73470828057496,2.0994551785137223
2006Q2,inf_diss_e2018,6.55182203354,,18.560847886246084,21.46289648792336,118.8924316108437,2.075154209418831,media 2003 = 100,,21.46289648792336,118.8924316108437,2.075154209418831
2006Q3,inf_diss_e2018,8.09957220326,,22.902814313633513,23.945958915033458,132.6472074383633,2.122698111409375,media 2003 = 100,,23.945958915033458,132.6472074383633,2.122698111409375
2006Q4,inf_diss_e2018,10.66893443493,,29.912030412820112,21.31371041564643,118.06602428481223,2.072124939201133,media 2003 = 100,,21.31371041564643,118.06602428481223,2.072124939201133
2007Q1,inf_diss_e2018,7.360429958419999,,20.374219005651234,26.284085852391627,145.59912178756323,2.1631587554442886,media 2003 = 100,,26.284085852391627,145.59912178756323,2.1631587554442886
2007Q2,inf_diss_e2018,8.73736649455,,23.96381840921041,27.5323266613958,152.51367710407877,2.183308792040073,media 2003 = 100,,27.5323266613958,152.51367710407877,2.183308792040073
2007Q3,inf_diss_e2018,10.17497990144,,27.65891938305339,28.590633285561772,158.37610336177207,2.199689653509556,media 2003 = 100,,28.590633285561772,158.37610336177207,2.199689653509556
2007Q4,inf_diss_e2018,13.614824796570002,,36.61379939071484,26.76030333496801,148.23710005442757,2.1709569103402604,media 2003 = 100,,26.76030333496801,148.23710005442757,2.1709569103402604
2008Q1,inf_diss_e2018,9.19147456408,,24.31577944436587,30.85412178293671,170.91456253607333,2.2327790677506925,media 2003 = 100,,30.85412178293671,170.91456253607333,2.2327790677506925
2008Q2,inf_diss_e2018,10.758036049570002,,27.951766507370046,31.7552756156345,175.9064503031861,2.2452817648680283,media 2003 = 100,,31.7552756156345,175.9064503031861,2.2452817648680283
2008Q3,inf_diss_e2018,13.175428047599999,,33.70493103145147,34.671334585389246,192.059784585436,2.283436437422658,media 2003 = 100,,34.671334585389246,192.059784585436,2.283436437422658
2008Q4,inf_diss_e2018,21.410582191139998,,54.20071643809897,40.48117125373202,224.24302738073072,2.350718947960716,media 2003 = 100,,40.48117125373202,224.24302738073072,2.350718947960716
2009Q1,inf_diss_e2018,13.163764566700001,,32.92071699208728,40.83700641288598,226.21415496587514,2.3545197766780075,media 2003 = 100,,40.83700641288598,226.21415496587514,2.3545197766780075
2009Q2,inf_diss_e2018,16.89160665635,,41.72822029862065,46.8913684869231,259.75193162336257,2.4145587858355606,media 2003 = 100,,46.8913684869231,259.75193162336257,2.4145587858355606
2009Q3,inf_diss_e2018,19.54918410789,,47.901398698573296,49.269068184024505,272.923056908704,2.4360402270045665,media 2003 = 100,,49.269068184024505,272.923056908704,2.4360402270045665
2009Q4,inf_diss_e2018,28.55220175108,,69.34463895437243,52.1897022713961,289.1017347813998,2.4610506977022344,media 2003 = 100,,52.1897022713961,289.1017347813998,2.4610506977022344
2010Q1,inf_diss_e2018,19.191715424239998,,45.76948954930451,56.9398509144373,315.41489913001845,2.498882204075715,media 2003 = 100,,56.9398509144373,315.41489913001845,2.498882204075715
2010Q2,inf_diss_e2018,22.33970769651,,52.505866321949036,58.1573860359337,322.1593621267888,2.508070756700288,media 2003 = 100,,58.1573860359337,322.1593621267888,2.508070756700288
2010Q3,inf_diss_e2018,24.04191806508,,56.32081421954782,58.08273528668,321.74583876542243,2.5075129387531097,media 2003 = 100,,58.08273528668,321.74583876542243,2.5075129387531097
2010Q4,inf_diss_e2018,32.56515431535,,74.91021991241796,56.6990029517325,314.08073624335475,2.4970413002960847,media 2003 = 100,,56.6990029517325,314.08073624335475,2.4970413002960847
2011Q1,inf_diss_e2018,19.61558889743,,44.08969217510711,55.0692691656577,305.05292339368623,2.4843751912941916,media 2003 = 100,,55.0692691656577,305.05292339368623,2.4843751912941916
2011Q2,inf_diss_e2018,20.31916204181,,44.8034468493696,49.228753398967996,272.6997355677128,2.4356847168138747,media 2003 = 100,,49.228753398967996,272.6997355677128,2.4356847168138747
2011Q3,inf_diss_e2018,22.318641412589997,,48.801183007106474,50.4092130408883,279.2388211624899,2.4459757959161257,media 2003 = 100,,50.4092130408883,279.2388211624899,2.4459757959161257
2011Q4,inf_diss_e2018,30.44931405474,,65.64279714657906,50.113980065208,277.6033957486793,2.443424774268024,media 2003 = 100,,50.113980065208,277.6033957486793,2.443424774268024
2012Q1,inf_diss_e2018,20.779673022110003,,44.15974954738148,54.24379271388368,300.4802459526835,2.477815926070074,media 2003 = 100,,54.24379271388368,300.4802459526835,2.477815926070074
2012Q2,inf_diss_e2018,24.525138782250004,,51.50104349089288,56.509497219374396,313.03098057142455,2.495587321653128,media 2003 = 100,,56.509497219374396,313.03098057142455,2.495587321653128
2012Q3,inf_diss_e2018,24.99246909279,,51.92641600665339,53.350270460156196,295.53063286090736,2.47060250380592,media 2003 = 100,,53.350270460156196,295.53063286090736,2.47060250380592
2012Q4,inf_diss_e2018,36.47902428602,,74.46548119704181,57.4866397703958,318.44380329955567,2.5030328022278248,media 2003 = 100,,57.4866397703958,318.44380329955567,2.5030328022278248
2013Q1,inf_diss_e2018,22.992034259289998,,45.94285612675483,56.0439758725981,310.45225290919444,2.4919948158086123,media 2003 = 100,,56.0439758725981,310.45225290919444,2.4919948158086123
2013Q2,inf_diss_e2018,28.34552065448,,55.856905596706675,61.1319266587038,338.63665202870675,2.529733961783442,media 2003 = 100,,61.1319266587038,338.63665202870675,2.529733961783442
2013Q3,inf_diss_e2018,30.88303015371,,60.491725611796404,61.861147533541896,342.67612745736903,2.5348838503456568,media 2003 = 100,,61.861147533541896,342.67612745736903,2.5348838503456568
2013Q4,inf_diss_e2018,43.179015988479996,,83.27798209199868,64.88338732831821,359.4176440701987,2.5555993931242025,media 2003 = 100,,64.88338732831821,359.4176440701987,2.5555993931242025
2014Q1,inf_diss_e2018,26.310911541560003,,49.68919597873294,60.5637148672123,335.4890767888788,2.525678384512337,media 2003 = 100,,60.5637148672123,335.4890767888788,2.525678384512337
2014Q2,inf_diss_e2018,29.29415573973,,54.25753583069139,59.1088392402257,327.42988025493867,2.515118309277837,media 2003 = 100,,59.1088392402257,327.42988025493867,2.515118309277837
2014Q3,inf_diss_e2018,29.524152510680004,,54.255938298982166,55.082488277130906,305.1261498711875,2.484479429071769,media 2003 = 100,,55.082488277130906,305.1261498711875,2.484479429071769
2014Q4,inf_diss_e2018,32.4946431757,,58.83735495330988,46.097586503240564,255.35482379301925,2.407144066330594,media 2003 = 100,,46.097586503240564,255.35482379301925,2.407144066330594
2015Q1,inf_diss_e2018,21.485171258039998,,37.689100847892774,45.58528566913304,252.5169639581373,2.4022905591118575,media 2003 = 100,,45.58528566913304,252.5169639581373,2.4022905591118575
2015Q2,inf_diss_e2018,20.63897505048,,35.22744417245032,38.53108933235136,213.4406651923956,2.3292771657266003,media 2003 = 100,,38.53108933235136,213.4406651923956,2.3292771657266003
2015Q3,inf_diss_e2018,21.98130321817,,36.88135215817767,37.6469422677422,208.54298540010288,2.3191955863982865,media 2003 = 100,,37.6469422677422,208.54298540010288,2.3191955863982865
2015Q4,inf_diss_e2018,24.22685814251,,39.748616259695744,31.121768876724598,172.39717760678028,2.236530151512855,media 2003 = 100,,31.121768876724598,172.39717760678028,2.236530151512855
2016Q1,inf_diss_e2018,17.41916161956,,27.7422940722367,33.8182848298612,187.33436647717497,2.27261745597804,media 2003 = 100,,33.8182848298612,187.33436647717497,2.27261745597804
2016Q2,inf_diss_e2018,16.23950528264,,25.39532915449501,27.8469458281543,154.25649116407027,2.188243448344969,media 2003 = 100,,27.8469458281543,154.25649116407027,2.188243448344969
2016Q3,inf_diss_e2018,15.47490224374,,23.880141391955675,24.479135758494298,135.6007086786699,2.132261959253991,media 2003 = 100,,24.479135758494298,135.6007086786699,2.132261959253991
2016Q4,inf_diss_e2018,18.56169203682,,28.449700221673126,21.903499331359733,121.33312471395202,2.083979382206943,media 2003 = 100,,21.903499331359733,121.33312471395202,2.083979382206943
2017Q1,inf_diss_e2018,12.342108864911431,,18.73954209257678,22.85633168861405,126.61128257746316,2.102472408231138,media 2003 = 100,,22.85633168861405,126.61128257746316,2.102472408231138
2017Q2,inf_diss_e2018,15.016497624620722,,22.67612509552377,25.02808459018619,138.64157790461542,2.1418934925172266,media 2003 = 100,,25.02808459018619,138.64157790461542,2.1418934925172266
2017Q3,inf_diss_e2018,12.97245334362195,,19.517256416586385,20.13353413608116,111.52850835885577,2.0473858937556306,media 2003 = 100,,20.13353413608116,111.52850835885577,2.0473858937556306
2017Q4,inf_diss_e2018,20.747139166845894,,30.927898348908013,23.342995188229413,129.30712593104172,2.11162245888855,media 2003 = 100,,23.342995188229413,129.30712593104172,2.11162245888855
2018Q1,inf_diss_e2018,11.517287254517678,,17.011978700719038,21.29744250485015,117.97590916577943,2.071793332861011,media 2003 = 100,,21.29744250485015,117.97590916577943,2.071793332861011
2018Q2,inf_diss_e2018,20.327370864173915,,29.705026007103044,32.98802726633037,182.73520435350645,2.261822223234511,media 2003 = 100,,32.98802726633037,182.73520435350645,2.261822223234511
2018Q3,inf_diss_e2018,32.10477278467527,,46.26596613870375,47.90198547654451,265.35018400234264,2.4238193931192553,media 2003 = 100,,32.442888761747376,179.7154422067226,2.2545853958459263
2018Q4,inf_diss_e2018,30.31074917701793,,43.398541013938676,32.53375090740412,180.21876762901996,2.255800015573728,media 2003 = 100,,32.53375090740412,180.21876762901996,2.255800015573728
2019Q1,inf_diss_e2018,10.19685663689015,,14.471003523859746,18.83175463778689,104.31737867463835,2.0183566654138887,media 2003 = 100,,18.83175463778689,104.31737867463835,2.0183566654138887
2019Q2,inf_diss_e2018,11.481436497094627,,16.083849993079014,17.728708395168468,98.20711997596271,1.9921429751003792,media 2003 = 100,,17.728708395168468,98.20711997596271,1.9921429751003792
2019Q3,inf_diss_e2018,17.404853230877855,,24.308737526860092,25.09216845379394,138.99656663484714,2.1430040728443407,media 2003 = 100,,25.09216845379394,138.99656663484714,2.1430040728443407
2019Q4,inf_diss_e2018,25.32216912681739,,35.07333581094117,26.02692430446628,144.17459077112485,2.158888727372031,media 2003 = 100,,26.02692430446628,144.17459077112485,2.158888727372031
2020Q1,inf_diss_e2018,18.911609946552602,,25.848320966605623,32.54436684549497,180.27757398323976,2.2559417050857538,media 2003 = 100,,23.95918662904394,132.72048156910535,2.122937948833255
2020Q2,inf_diss_e2018,15.491451314348865,,21.247437254527313,23.47634670756021,130.04581869793645,2.1140963930900907,media 2003 = 100,,23.47634670756021,130.04581869793645,2.1140963930900907
2020Q3,inf_diss_e2018,31.36409989994827,,42.68408382255994,43.53820390981958,241.1772769681764,2.38233638741418,media 2003 = 100,,25.178816422774073,139.47654787745273,2.144501189805699
2020Q4,inf_diss_e2018,27.026388793671124,,35.907584387949456,26.95310055866858,149.30508874581776,2.1740746099793204,media 2003 = 100,,26.95310055866858,149.30508874581776,2.1740746099793204
2021Q1,inf_diss_e2018,11.663990896325211,,15.141993778404224,19.14180890665517,106.03490575574851,2.0254488547144662,media 2003 = 100,,21.938014941021358,121.52432186963463,2.0846632063020425
2021Q2,inf_diss_e2018,21.502543713896554,,27.378396419915113,30.30042061362824,167.84736802009118,2.224914535555358,media 2003 = 100,,20.58343648901495,114.02071553871315,2.05698376209821
2021Q3,inf_diss_e2018,14.137179545726232,,17.547644123235507,17.57721110483254,97.36790979570453,1.988415847073829,media 2003 = 100,,17.57721110483254,97.36790979570453,1.988415847073829
2021Q4,inf_diss_e2018,19.29412563018772,,23.201020402347304,17.647674978987112,97.75824021283492,1.9901533750513636,media 2003 = 100,,17.647674978987112,97.75824021283492,1.9901533750513636
2022Q1,inf_diss_e2018,11.362084905815433,,13.319119684953082,17.37353573147238,96.23966224478981,1.983354090168432,media 2003 = 100,,17.37353573147238,96.23966224478981,1.983354090168432
2022Q2,inf_diss_e2018,14.947228206584342,,17.00542202800376,18.52069346627884,102.59427391656811,2.01112312221991,media 2003 = 100,,18.52069346627884,102.59427391656811,2.01112312221991
2022Q3,inf_diss_e2018,16.857495537619037,,19.259220798059484,18.98959780823591,105.19174147829854,2.021981645034529,media 2003 = 100,,18.98959780823591,105.19174147829854,2.021981645034529
2022Q4,inf_diss_e2018,21.237292183231006,,24.08081569760557,18.6071041972645,103.0729409934902,2.0131446680031377,media 2003 = 100,,18.6071041972645,103.0729409934902,2.0131446680031377
2023Q1,inf_diss_e2018,14.417612770336355,,16.044899423813916,20.78929720496801,115.16106866423746,2.0613056863625907,media 2003 = 100,,20.78929720496801,115.16106866423746,2.0613056863625907
2023Q2,inf_diss_e2018,20.403528434345198,,22.3721427211622,24.39981769634647,135.16133101663246,2.1308524598883913,media 2003 = 100,,24.39981769634647,135.16133101663246,2.1308524598883913
2023Q3,inf_diss_e2018,20.88492292306103,,22.812440779802234,22.127917386577053,122.57627511059944,2.088406419728673,media 2003 = 100,,22.127917386577053,122.57627511059944,2.088406419728673
2023Q4,inf_diss_e2018,25.788016841798076,,27.926187347999864,21.925765243649188,121.45646540357502,2.0844206382383863,media 2003 = 100,,21.925765243649188,121.45646540357502,2.0844206382383863
2024Q1,inf_diss_e2018,17.578555155476195,,18.75465193756484,24.16852777130797,133.88011430804934,2.126716074490444,media 2003 = 100,,24.16852777130797,133.88011430804934,2.126716074490444
2024Q2,inf_diss_e2018,22.68862748169431,,23.93300828561791,26.12489975156216,144.71731990136797,2.16052051099089,media 2003 = 100,,26.12489975156216,144.71731990136797,2.16052051099089
2024Q3,inf_diss_e2018,29.21072807673974,,30.56579086964779,29.188016607822778,161.6852725518364,2.2086704630680583,media 2003 = 100,,29.188016607822778,161.6852725518364,2.2086704630680583
2024Q4,inf_diss_e2018,39.27885751663396,,40.57931838002712,32.46739575238371,179.85119721583132,2.2549133331331155,media 2003 = 100,,32.46739575238371,179.85119721583132,2.2549133331331155
2025Q1,inf_diss_e2018,25.242674960072517,,25.641003824622103,32.22840202168826,178.52730573650015,2.251704650833333,media 2003 = 100,,32.22840202168826,178.52730573650015,2.251704650833333
2025Q2,inf_diss_e2018,28.01864204323855,,28.041146627960345,30.94110050820701,171.39637598336907,2.2340016349321954,media 2003 = 100,,30.94110050820701,171.39637598336907,2.2340016349321954
2025Q3,inf_diss_e2018,34.297030753550686,,34.12188464688929,32.37550295260212,179.3421625466426,2.2536824022714317,media 2003 = 100,,32.37550295260212,179.3421625466426,2.2536824022714317
2025Q4,inf_diss_e2018,38.81941017977747,,38.389279817075355,30.852918328901588,170.9078960744125,2.2327621279186802,media 2003 = 100,,30.852918328901588,170.9078960744125,2.2327621279186802
2003Q1,inf_diss_e2019,4.2846024613400004,,14.782025461693916,19.93882175804624,110.449910827505,2.043165369576959,media 2003 = 100,,19.93882175804624,110.449910827505,2.043165369576959
2003Q2,inf_diss_e2019,4.82983968411,,16.227526161366054,18.548612435275192,102.74892941571898,2.01177730547494,media 2003 = 100,,18.548612435275192,102.74892941571898,2.01177730547494
2003Q3,inf_diss_e2019,4.52143908483,,15.07203847748917,16.29656769787553,90.27386226061152,1.9555620236338744,media 2003 = 100,,16.29656769787553,90.27386226061152,1.9555620236338744
2003Q4,inf_diss_e2019,7.7047308260500005,,25.34677427704257,17.42546069202113,96.5272974961645,1.984650147286834,media 2003 = 100,,17.42546069202113,96.5272974961645,1.984650147286834
2004Q1,inf_diss_e2019,3.78997882471,,12.248410954090831,16.440073578917747,91.0688045072836,1.9593696354745176,media 2003 = 100,,16.440073578917747,91.0688045072836,1.9593696354745176
2004Q2,inf_diss_e2019,5.230997304940001,,16.66047288641317,19.16922821706653,106.18679342738425,2.026070506403972,media 2003 = 100,,19.16922821706653,106.18679342738425,2.026070506403972
2004Q3,inf_diss_e2019,6.04908628775,,18.862847537305097,20.20170241086344,111.90612248405479,2.0488538478179135,media 2003 = 100,,20.20170241086344,111.90612248405479,2.0488538478179135
2004Q4,inf_diss_e2019,8.94527136606,,27.442245990729145,18.905270613966323,104.72461606914115,2.020048776869408,media 2003 = 100,,18.905270613966323,104.72461606914115,2.020048776869408
2005Q1,inf_diss_e2019,4.43639560668,,13.344119009736616,17.65422077735308,97.79450030947065,1.9903144319613366,media 2003 = 100,,17.65422077735308,97.79450030947065,1.9903144319613366
2005Q2,inf_diss_e2019,5.52256488255,,16.317133862438837,18.96565484503568,105.05911090629503,2.0214337211375275,media 2003 = 100,,18.96565484503568,105.05911090629503,2.0214337211375275
2005Q3,inf_diss_e2019,6.10230073848,,17.91699155390945,18.92393957008686,104.82803163520506,2.0204774310889815,media 2003 = 100,,18.92393957008686,104.82803163520506,2.0204774310889815
2005Q4,inf_diss_e2019,11.85364652092,,34.27761890013172,24.02156769010832,133.06603777821812,2.124067225364897,media 2003 = 100,,24.02156769010832,133.06603777821812,2.124067225364897
2006Q1,inf_diss_e2019,6.084832041269999,,17.346532852979287,22.69808917151312,125.73470766579719,2.0994551763902467,media 2003 = 100,,22.69808917151312,125.73470766579719,2.0994551763902467
2006Q2,inf_diss_e2019,6.55182203354,,18.560847886246084,21.46289638787566,118.89243110286634,2.0751542075632736,media 2003 = 100,,21.46289638787566,118.89243110286634,2.0751542075632736
2006Q3,inf_diss_e2019,8.09957220326,,22.902814313633513,23.94595953078866,132.6472109008818,2.1226981227458563,media 2003 = 100,,23.94595953078866,132.6472109008818,2.1226981227458563
2006Q4,inf_diss_e2019,10.66893443493,,29.912030412820112,21.31370999407313,118.06602199544169,2.0721249307799043,media 2003 = 100,,21.31370999407313,118.06602199544169,2.0721249307799043
2007Q1,inf_diss_e2019,7.360429958419999,,20.374219005651234,26.284086429189827,145.59912503931807,2.1631587651436543,media 2003 = 100,,26.284086429189827,145.59912503931807,2.1631587651436543
2007Q2,inf_diss_e2019,8.73736649455,,23.96381840921041,27.5323274256504,152.51368139692582,2.1833088042642865,media 2003 = 100,,27.5323274256504,152.51368139692582,2.1833088042642865
2007Q3,inf_diss_e2019,10.17497990144,,27.65891938305339,28.590634535567972,158.37611034769063,2.1996896726661443,media 2003 = 100,,28.590634535567972,158.37611034769063,2.1996896726661443
2007Q4,inf_diss_e2019,13.614824796570002,,36.61379939071484,26.76029788178651,148.2370699044962,2.170956822009133,media 2003 = 100,,26.76029788178651,148.2370699044962,2.170956822009133
2008Q1,inf_diss_e2019,9.19147456408,,24.31577944436587,30.85411801601461,170.91454173589312,2.232779014897361,media 2003 = 100,,30.85411801601461,170.91454173589312,2.232779014897361
2008Q2,inf_diss_e2019,10.758036049570002,,27.951766507370046,31.7553036611261,175.90660572791035,2.2452821485951184,media 2003 = 100,,31.7553036611261,175.90660572791035,2.2452821485951184
2008Q3,inf_diss_e2019,13.175428047599999,,33.70493103145147,34.67134206108255,192.05982607127376,2.283436531232346,media 2003 = 100,,34.67134206108255,192.05982607127376,2.283436531232346
2008Q4,inf_diss_e2019,21.410582191139998,,54.20071643809897,40.48111199468712,224.24269920599113,2.3507183123798265,media 2003 = 100,,40.48111199468712,224.24269920599113,2.3507183123798265
2009Q1,inf_diss_e2019,13.163764566700001,,32.92071699208728,40.83698452859258,226.21403382710307,2.3545195441111537,media 2003 = 100,,40.83698452859258,226.21403382710307,2.3545195441111537
2009Q2,inf_diss_e2019,16.89160665635,,41.72822029862065,46.891575584735705,259.75307893031504,2.414560704081077,media 2003 = 100,,46.891575584735705,259.75307893031504,2.414560704081077
2009Q3,inf_diss_e2019,19.54918410789,,47.901398698573296,49.2690666086048,272.9230482878859,2.4360402132865104,media 2003 = 100,,49.2690666086048,272.9230482878859,2.4360402132865104
2009Q4,inf_diss_e2019,28.55220175108,,69.34463895437243,52.189493243802204,289.100576997959,2.4610489584530155,media 2003 = 100,,52.189493243802204,289.100576997959,2.4610489584530155
2010Q1,inf_diss_e2019,19.191715424239998,,45.76948954930451,56.9397528919095,315.4143562627352,2.4988814566016133,media 2003 = 100,,56.9397528919095,315.4143562627352,2.4988814566016133
2010Q2,inf_diss_e2019,22.33970769651,,52.505866321949036,58.157923675187895,322.1623404725582,2.5080747717105774,media 2003 = 100,,58.157923675187895,322.1623404725582,2.5080747717105774
2010Q3,inf_diss_e2019,24.04191806508,,56.32081421954782,58.0833155721867,321.7490533473966,2.507517277793653,media 2003 = 100,,58.0833155721867,321.7490533473966,2.507517277793653
2010Q4,inf_diss_e2019,32.56515431535,,74.91021991241796,56.6978352587924,314.0742680002679,2.4970323562543713,media 2003 = 100,,56.6978352587924,314.0742680002679,2.4970323562543713
2011Q1,inf_diss_e2019,19.61558889743,,44.08969217510711,55.069751026541205,305.0555927518549,2.48437899156084,media 2003 = 100,,55.069751026541205,305.0555927518549,2.48437899156084
2011Q2,inf_diss_e2019,20.31916204181,,44.8034468493696,49.229421393305394,272.70343598843846,2.4356906099673643,media 2003 = 100,,49.229421393305394,272.70343598843846,2.4356906099673643
2011Q3,inf_diss_e2019,22.318641412589997,,48.801183007106474,50.4099086782084,279.2426747124079,2.4459817892228957,media 2003 = 100,,50.4099086782084,279.2426747124079,2.4459817892228957
2011Q4,inf_diss_e2019,30.44931405474,,65.64279714657906,50.1124111299988,277.5947048338522,2.443411177620815,media 2003 = 100,,50.1124111299988,277.5947048338522,2.443411177620815
2012Q1,inf_diss_e2019,20.779673022110003,,44.15974954738148,54.24562621561158,300.49040264270616,2.477830605637011,media 2003 = 100,,54.24562621561158,300.49040264270616,2.477830605637011
2012Q2,inf_diss_e2019,24.525138782250004,,51.50104349089288,56.5096066476653,313.03158686461944,2.495588162814388,media 2003 = 100,,56.5096066476653,313.03158686461944,2.495588162814388
2012Q3,inf_diss_e2019,24.99246909279,,51.92641600665339,53.3497160088572,295.5275616260077,2.4705979904758215,media 2003 = 100,,53.3497160088572,295.5275616260077,2.4705979904758215
2012Q4,inf_diss_e2019,36.47902428602,,74.46548119704181,57.4852775507263,318.43625748898023,2.5030225111099322,media 2003 = 100,,57.4852775507263,318.43625748898023,2.5030225111099322
2013Q1,inf_diss_e2019,22.992034259289998,,45.94285612675483,56.0490198894084,310.48019405941136,2.4920339011790893,media 2003 = 100,,56.0490198894084,310.48019405941136,2.4920339011790893
2013Q2,inf_diss_e2019,28.34552065448,,55.856905596706675,61.130958602518604,338.6312896710343,2.529727084616508,media 2003 = 100,,61.130958602518604,338.6312896710343,2.529727084616508
2013Q3,inf_diss_e2019,30.88303015371,,60.491725611796404,61.854993556578506,342.64203800322406,2.534840644539698,media 2003 = 100,,61.854993556578506,342.64203800322406,2.534840644539698
2013Q4,inf_diss_e2019,43.179015988479996,,83.27798209199868,64.88113574701231,359.4051717099529,2.555584322157859,media 2003 = 100,,64.88113574701231,359.4051717099529,2.555584322157859
2014Q1,inf_diss_e2019,26.310911541560003,,49.68919597873294,60.584251258757895,335.6028370322647,2.5258256234982888,media 2003 = 100,,60.584251258757895,335.6028370322647,2.5258256234982888
2014Q2,inf_diss_e2019,29.29415573973,,54.25753583069139,59.0980217235895,327.36995739571796,2.5150388218813053,media 2003 = 100,,59.0980217235895,327.36995739571796,2.5150388218813053
2014Q3,inf_diss_e2019,29.524152510680004,,54.255938298982166,55.073114646600104,305.0742253240335,2.4844055171396384,media 2003 = 100,,55.073114646600104,305.0742253240335,2.4844055171396384
2014Q4,inf_diss_e2019,32.4946431757,,58.83735495330988,46.095818002115266,255.34502738608225,2.4071274047808955,media 2003 = 100,,46.095818002115266,255.34502738608225,2.4071274047808955
2015Q1,inf_diss_e2019,21.485171258039998,,37.689100847892774,45.61125147466794,252.6608000833855,2.402537867056221,media 2003 = 100,,45.61125147466794,252.6608000833855,2.402537867056221
2015Q2,inf_diss_e2019,20.63897505048,,35.22744417245032,38.52469299768446,213.40523316199184,2.3292050650674088,media 2003 = 100,,38.52469299768446,213.40523316199184,2.3292050650674088
2015Q3,inf_diss_e2019,21.98130321817,,36.88135215817767,37.6351538525323,208.4776842600622,2.3190595743150646,media 2003 = 100,,37.6351538525323,208.4776842600622,2.3190595743150646
2015Q4,inf_diss_e2019,24.22685814251,,39.748616259695744,31.1147782599975,172.35845357048126,2.2364325888694543,media 2003 = 100,,31.1147782599975,172.35845357048126,2.2364325888694543
2016Q1,inf_diss_e2019,17.41916161956,,27.7422940722367,33.8454520090895,187.4848575148121,2.272966197059341,media 2003 = 100,,33.8454520090895,187.4848575148121,2.272966197059341
2016Q2,inf_diss_e2019,16.23950528264,,25.39532915449501,27.8465587090586,154.25434680097067,2.188237411052617,media 2003 = 100,,27.8465587090586,154.25434680097067,2.188237411052617
2016Q3,inf_diss_e2019,15.47490224374,,23.880141391955675,24.4687947436034,135.54342529778134,2.1320784564340705,media 2003 = 100,,24.4687947436034,135.54342529778134,2.1320784564340705
2016Q4,inf_diss_e2019,18.56169203682,,28.449700221673126,21.89530483095233,121.28773181613973,2.0838168744526677,media 2003 = 100,,21.89530483095233,121.28773181613973,2.0838168744526677
2017Q1,inf_diss_e2019,12.342108864911431,,18.73954209257678,22.87930486758085,126.73854117783247,2.1029087038775613,media 2003 = 100,,22.87930486758085,126.73854117783247,2.1029087038775613
2017Q2,inf_diss_e2019,15.016497624620722,,22.67612509552377,25.03544593271989,138.68235567529774,2.1420212100257063,media 2003 = 100,,25.03544593271989,138.68235567529774,2.1420212100257063
2017Q3,inf_diss_e2019,12.97245334362195,,19.517256416586385,20.12382460688146,111.4747230458317,2.0471764020369716,media 2003 = 100,,20.12382460688146,111.4747230458317,2.0471764020369716
2017Q4,inf_diss_e2019,20.747139166845894,,30.927898348908013,23.328827228839913,129.2286434174995,2.11135878532655,media 2003 = 100,,23.328827228839913,129.2286434174995,2.11135878532655
2018Q1,inf_diss_e2019,11.48932866742,,16.970681572524086,21.27322923821985,117.84178126905974,2.0712992985789453,media 2003 = 100,,21.27322923821985,117.84178126905974,2.0712992985789453
2018Q2,inf_diss_e2019,20.408407756320003,,29.823447764880726,33.13579355387117,183.55374693826965,2.2637632543153825,media 2003 = 100,,33.13579355387117,183.55374693826965,2.2637632543153825
2018Q3,inf_diss_e2019,33.00397537816,,47.5618007805193,49.21177998870051,272.60571248254996,2.435534952282424,media 2003 = 100,,32.95966271616407,182.57808069505884,2.2614486373571783
2018Q4,inf_diss_e2019,31.13092755291,,44.57286186879521,33.41265512259742,185.0874050424672,2.267376866582928,media 2003 = 100,,33.41265512259742,185.0874050424672,2.267376866582928
2019Q1,inf_diss_e2019,10.323473121302172,,14.65069297692868,19.06330508263489,105.60003855818927,2.023664076773606,media 2003 = 100,,19.06330508263489,105.60003855818927,2.023664076773606
2019Q2,inf_diss_e2019,11.611931408332044,,16.26665469506329,17.94396348062717,99.39951268823015,1.9973842552491101,media 2003 = 100,,17.94396348062717,99.39951268823015,1.9973842552491101
2019Q3,inf_diss_e2019,17.633789270784515,,24.62848432568151,25.41050373638354,140.75996595099485,2.1484791531098946,media 2003 = 100,,25.41050373638354,140.75996595099485,2.1484791531098946
2019Q4,inf_diss_e2019,25.637903239402224,,35.510654134746595,26.34277767994358,145.92424171325044,2.164127445202299,media 2003 = 100,,26.34277767994358,145.92424171325044,2.164127445202299
2020Q1,inf_diss_e2019,19.195769248286275,,26.236708885858235,33.04884232514307,183.07208580623788,2.262622129640279,media 2003 = 100,,24.30037304504002,134.61046336986627,2.12907881922807
2020Q2,inf_diss_e2019,15.688691245372132,,21.517963428832392,23.790343474597908,131.78518506313839,2.1198665907817826,media 2003 = 100,,23.790343474597908,131.78518506313839,2.1198665907817826
2020Q3,inf_diss_e2019,31.828679138902697,,43.3163397853011,44.16777172481468,244.66473032624134,2.3885713680903202,media 2003 = 100,,25.51657118558503,141.34752024322768,2.1502881937655496
2020Q4,inf_diss_e2019,27.384050037627027,,36.38277740754566,27.30386798855318,151.24814400653776,2.1796900540506905,media 2003 = 100,,27.30386798855318,151.24814400653776,2.1796900540506905
2021Q1,inf_diss_e2019,11.840936733494672,,15.371701842252133,19.437420110887572,107.67242638587338,2.0321044999398943,media 2003 = 100,,22.23362614525376,123.16184250578252,2.0904761773414946
2021Q2,inf_diss_e2019,21.79979542759614,,27.756876071553112,30.72809953219634,170.21646988043216,2.231001579439123,media 2003 = 100,,20.8251421355692,115.35962955862846,2.0620538527766903
2021Q3,inf_diss_e2019,14.31732733992596,,17.771250916371155,17.79891594787254,98.59603055408482,1.9938594307306765,media 2003 = 100,,17.79891594787254,98.59603055408482,1.9938594307306765
2021Q4,inf_diss_e2019,19.53401737056948,,23.48948816033907,17.867684582845612,98.97697029529294,1.995534155838301,media 2003 = 100,,17.867684582845612,98.97697029529294,1.995534155838301
2022Q1,inf_diss_e2019,11.514522320062596,,13.49781331219253,17.60193439188588,97.50486300379514,1.9890262764477264,media 2003 = 100,,17.60193439188588,97.50486300379514,1.9890262764477264
2022Q2,inf_diss_e2019,15.126744628975285,,17.209657387330825,18.74251160530064,103.82302227329694,2.01629366697696,media 2003 = 100,,18.74251160530064,103.82302227329694,2.01629366697696
2022Q3,inf_diss_e2019,17.06714208019523,,19.498736154537813,19.22516724280641,106.49666431542977,2.0273360050321316,media 2003 = 100,,19.22516724280641,106.49666431542977,2.0273360050321316
2022Q4,inf_diss_e2019,21.494871664876612,,24.372883253651644,18.839035628847398,104.35771132979295,2.0185245460151804,media 2003 = 100,,18.839035628847398,104.35771132979295,2.0185245460151804
2023Q1,inf_diss_e2019,14.614491917468888,,16.26399992017952,21.06343046229471,116.67961349536466,2.066994981838893,media 2003 = 100,,21.06343046229471,116.67961349536466,2.066994981838893
2023Q2,inf_diss_e2019,20.66267079448299,,22.65628817594258,24.70445032855467,136.8488253188918,2.136241073871003,media 2003 = 100,,24.70445032855467,136.8488253188918,2.136241073871003
2023Q3,inf_diss_e2019,21.152885827286088,,23.105134600427647,22.41207821541815,124.1503670773855,2.0939480079779553,media 2003 = 100,,22.41207821541815,124.1503670773855,2.0939480079779553
2023Q4,inf_diss_e2019,26.102040341107877,,28.266247583232303,22.20244281549659,122.98910431529269,2.0898666387130453,media 2003 = 100,,22.20244281549659,122.98910431529269,2.0898666387130453
2024Q1,inf_diss_e2019,17.819844933434553,,19.01208525683804,24.487230026327673,135.64554644403987,2.1324055394427726,media 2003 = 100,,24.487230026327673,135.64554644403987,2.1324055394427726
2024Q2,inf_diss_e2019,22.981776833739772,,24.24223571143237,26.45489862833466,146.545329002257,2.1659719802574013,media 2003 = 100,,26.45489862833466,146.545329002257,2.1659719802574013
2024Q3,inf_diss_e2019,29.6338187233627,,31.00850835993449,29.61379853275058,164.0438661269472,2.214959996032503,media 2003 = 100,,29.61379853275058,164.0438661269472,2.214959996032503
2024Q4,inf_diss_e2019,39.8171455265066,,41.13542825474847,32.92605826806721,182.3919308643043,2.2610056209516998,media 2003 = 100,,32.92605826806721,182.3919308643043,2.2610056209516998
2025Q1,inf_diss_e2019,25.621141926761762,,26.025442991854646,32.69952258493496,181.13704999396865,2.2580072905251383,media 2003 = 100,,32.69952258493496,181.13704999396865,2.2580072905251383
2025Q2,inf_diss_e2019,28.414876061443483,,28.43769890149038,31.367397708159512,173.75782389744293,2.23994436893977,media 2003 = 100,,31.367397708159512,173.75782389744293,2.23994436893977
2025Q3,inf_diss_e2019,34.789367025546994,,34.61170668429113,32.843873218094316,181.93667169447914,2.259920245569085,media 2003 = 100,,32.843873218094316,181.93667169447914,2.259920245569085
2025Q4,inf_diss_e2019,39.35462686126994,,38.91856614196868,31.29035522174339,173.3310516509256,2.2388763720193605,media 2003 = 100,,31.29035522174339,173.3310516509256,2.2388763720193605
2003Q1,inf_diss_e2020,4.2846024613400004,,14.782025461693916,19.93882863655304,110.44994758432746,2.0431655141065685,media 2003 = 100,,19.93882863655304,110.44994758432746,2.0431655141065685
2003Q2,inf_diss_e2020,4.82983968411,,16.227526161366054,18.548615682215292,102.74894614956102,2.0117773762047735,media 2003 = 100,,18.548615682215292,102.74894614956102,2.0117773762047735
2003Q3,inf_diss_e2020,4.52143908483,,15.07203847748917,16.29655336732253,90.27378177703918,1.9555616364388873,media 2003 = 100,,16.29655336732253,90.27378177703918,1.9555616364388873
2003Q4,inf_diss_e2020,7.7047308260500005,,25.34677427704257,17.42546577727543,96.52732448907236,1.9846502687329908,media 2003 = 100,,17.42546577727543,96.52732448907236,1.9846502687329908
2004Q1,inf_diss_e2020,3.78997882471,,12.248410954090831,16.44007828858075,91.06882948615855,1.959369754595287,media 2003 = 100,,16.44007828858075,91.06882948615855,1.959369754595287
2004Q2,inf_diss_e2020,5.230997304940001,,16.66047288641317,19.16923258750363,106.18681634286715,2.026070600126236,media 2003 = 100,,19.16923258750363,106.18681634286715,2.026070600126236
2004Q3,inf_diss_e2020,6.04908628775,,18.862847537305097,20.201683391160138,111.90601576154333,2.0488534336402178,media 2003 = 100,,20.201683391160138,111.90601576154333,2.0488534336402178
2004Q4,inf_diss_e2020,8.94527136606,,27.442245990729145,18.905277116432018,104.72465081269104,2.020048920951383,media 2003 = 100,,18.905277116432018,104.72465081269104,2.020048920951383
2005Q1,inf_diss_e2020,4.43639560668,,13.344119009736616,17.65422512460758,97.7945231988271,1.9903145336104069,media 2003 = 100,,17.65422512460758,97.7945231988271,1.9903145336104069
2005Q2,inf_diss_e2020,5.52256488255,,16.317133862438837,18.96565925850338,105.05913407388849,2.0214338169079635,media 2003 = 100,,18.96565925850338,105.05913407388849,2.0214338169079635
2005Q3,inf_diss_e2020,6.10230073848,,17.91699155390945,18.92391984289506,104.82792107987702,2.020476973066509,media 2003 = 100,,18.92391984289506,104.82792107987702,2.020476973066509
2005Q4,inf_diss_e2020,11.85364652092,,34.27761890013172,24.02157823147602,133.06609454957538,2.1240674106524606,media 2003 = 100,,24.02157823147602,133.06609454957538,2.1240674106524606
2006Q1,inf_diss_e2020,6.084832041269999,,17.346532852979287,22.698095771667322,125.73474269439848,2.0994552973809135,media 2003 = 100,,22.698095771667322,125.73474269439848,2.0994552973809135
2006Q2,inf_diss_e2020,6.55182203354,,18.560847886246084,21.462905349051958,118.89247929360748,2.0751543835960833,media 2003 = 100,,21.462905349051958,118.89247929360748,2.0751543835960833
2006Q3,inf_diss_e2020,8.09957220326,,22.902814313633513,23.94591386014416,132.64695629426762,2.1226972891485802,media 2003 = 100,,23.94591386014416,132.64695629426762,2.1226972891485802
2006Q4,inf_diss_e2020,10.66893443493,,29.912030412820112,21.313699011550128,118.06595971932745,2.07212470170316,media 2003 = 100,,21.313699011550128,118.06595971932745,2.07212470170316
2007Q1,inf_diss_e2020,7.360429958419999,,20.374219005651234,26.284223600380827,145.59988311623718,2.1631610263369523,media 2003 = 100,,26.284223600380827,145.59988311623718,2.1631610263369523
2007Q2,inf_diss_e2020,8.73736649455,,23.96381840921041,27.532363562606502,152.51387971646886,2.1833093689941285,media 2003 = 100,,27.532363562606502,152.51387971646886,2.1833093689941285
2007Q3,inf_diss_e2020,10.17497990144,,27.65891938305339,28.590375950421272,158.37467600033284,2.199685739421654,media 2003 = 100,,28.590375950421272,158.37467600033284,2.199685739421654
2007Q4,inf_diss_e2020,13.614824796570002,,36.61379939071484,26.76020586596971,148.23655838155256,2.1709553233828096,media 2003 = 100,,26.76020586596971,148.23655838155256,2.1709553233828096
2008Q1,inf_diss_e2020,9.19147456408,,24.31577944436587,30.85484558710101,170.91856998912317,2.2327892505830778,media 2003 = 100,,30.85484558710101,170.91856998912317,2.2327892505830778
2008Q2,inf_diss_e2020,10.758036049570002,,27.951766507370046,31.7553728069429,175.90698661292902,2.245283088958228,media 2003 = 100,,31.7553728069429,175.90698661292902,2.245283088958228
2008Q3,inf_diss_e2020,13.175428047599999,,33.70493103145147,34.67035408178225,192.0543508781029,2.283424150298112,media 2003 = 100,,34.67035408178225,192.0543508781029,2.283424150298112
2008Q4,inf_diss_e2020,21.410582191139998,,54.20071643809897,40.48060980592422,224.2399146281488,2.3507129194091556,media 2003 = 100,,40.48060980592422,224.2399146281488,2.3507129194091556
2009Q1,inf_diss_e2020,13.163764566700001,,32.92071699208728,40.83915175889608,226.22603631234472,2.3545425863368754,media 2003 = 100,,40.83915175889608,226.22603631234472,2.3545425863368754
2009Q2,inf_diss_e2020,16.89160665635,,41.72822029862065,46.894491380409704,259.76922763981196,2.4145877030966645,media 2003 = 100,,46.894491380409704,259.76922763981196,2.4145877030966645
2009Q3,inf_diss_e2020,19.54918410789,,47.901398698573296,49.2611460814755,272.87916967540934,2.4359703849176033,media 2003 = 100,,49.2611460814755,272.87916967540934,2.4359703849176033
2009Q4,inf_diss_e2020,28.55220175108,,69.34463895437243,52.1914009676705,289.11114119632555,2.461064827979393,media 2003 = 100,,52.1914009676705,289.11114119632555,2.461064827979393
2010Q1,inf_diss_e2020,19.191715424239998,,45.76948954930451,56.943637665609096,315.4358718895512,2.4989110804888295,media 2003 = 100,,56.943637665609096,315.4358718895512,2.4989110804888295
2010Q2,inf_diss_e2020,22.33970769651,,52.505866321949036,58.1639064093117,322.1954775432987,2.5081194402055633,media 2003 = 100,,58.1639064093117,322.1954775432987,2.5081194402055633
2010Q3,inf_diss_e2020,24.04191806508,,56.32081421954782,58.0671973717946,321.65976361950715,2.507396738455865,media 2003 = 100,,58.0671973717946,321.65976361950715,2.507396738455865
2010Q4,inf_diss_e2020,32.56515431535,,74.91021991241796,56.7030964096467,314.103408002269,2.4970726484919474,media 2003 = 100,,56.7030964096467,314.103408002269,2.4970726484919474
2011Q1,inf_diss_e2020,19.61558889743,,44.08969217510711,55.073285470552,305.07516787459355,2.4844068589241646,media 2003 = 100,,55.073285470552,305.07516787459355,2.4844068589241646
2011Q2,inf_diss_e2020,20.31916204181,,44.8034468493696,49.236276546571496,272.7414063756356,2.4357510755850815,media 2003 = 100,,49.236276546571496,272.7414063756356,2.4357510755850815
2011Q3,inf_diss_e2020,22.318641412589997,,48.801183007106474,50.3881551593164,279.12216899315194,2.445794331254103,media 2003 = 100,,50.3881551593164,279.12216899315194,2.445794331254103
2011Q4,inf_diss_e2020,30.44931405474,,65.64279714657906,50.1242040680593,277.6600277246962,2.4435133626883268,media 2003 = 100,,50.1242040680593,277.6600277246962,2.4435133626883268
2012Q1,inf_diss_e2020,20.779673022110003,,44.15974954738148,54.248032267165286,300.5037271586249,2.477849862942371,media 2003 = 100,,54.248032267165286,300.5037271586249,2.477849862942371
2012Q2,inf_diss_e2020,24.525138782250004,,51.50104349089288,56.505756841000796,313.0102572755861,2.495558569511932,media 2003 = 100,,56.505756841000796,313.0102572755861,2.495558569511932
2012Q3,inf_diss_e2020,24.99246909279,,51.92641600665339,53.328626715553796,295.410735146142,2.4704262734065976,media 2003 = 100,,53.328626715553796,295.410735146142,2.4704262734065976
2012Q4,inf_diss_e2020,36.47902428602,,74.46548119704181,57.513171262193,318.5907691524167,2.503233188400941,media 2003 = 100,,57.513171262193,318.5907691524167,2.503233188400941
2013Q1,inf_diss_e2020,22.992034259289998,,45.94285612675483,56.0470654470848,310.46936375877607,2.4920187516721946,media 2003 = 100,,56.0470654470848,310.46936375877607,2.4920187516721946
2013Q2,inf_diss_e2020,28.34552065448,,55.856905596706675,61.0978795645966,338.44804619324236,2.5294920113275223,media 2003 = 100,,61.0978795645966,338.44804619324236,2.5294920113275223
2013Q3,inf_diss_e2020,30.88303015371,,60.491725611796404,61.8306140296678,342.5069848969923,2.5346694326789216,media 2003 = 100,,61.8306140296678,342.5069848969923,2.5346694326789216
2013Q4,inf_diss_e2020,43.179015988479996,,83.27798209199868,64.9339244701822,359.6975873010044,2.5559375247649263,media 2003 = 100,,64.9339244701822,359.6975873010044,2.5559375247649263
2014Q1,inf_diss_e2020,26.310911541560003,,49.68919597873294,60.656659324603496,336.0039330876689,2.526344361045422,media 2003 = 100,,60.656659324603496,336.0039330876689,2.526344361045422
2014Q2,inf_diss_e2020,29.29415573973,,54.25753583069139,58.898386336258696,326.2640851286167,2.513569269653902,media 2003 = 100,,58.898386336258696,326.2640851286167,2.513569269653902
2014Q3,inf_diss_e2020,29.524152510680004,,54.255938298982166,55.1345179675548,305.4143616260268,2.4848894552098773,media 2003 = 100,,55.1345179675548,305.4143616260268,2.4848894552098773
2014Q4,inf_diss_e2020,32.4946431757,,58.83735495330988,46.15249369115557,255.65897586024806,2.4076610448550277,media 2003 = 100,,46.15249369115557,255.65897586024806,2.4076610448550277
2015Q1,inf_diss_e2020,21.485171258039998,,37.689100847892774,45.70876364148624,253.20095981422415,2.4034653476376997,media 2003 = 100,,45.70876364148624,253.20095981422415,2.4034653476376997
2015Q2,inf_diss_e2020,20.63897505048,,35.22744417245032,38.25344061809546,211.9026442427586,2.326136376120298,media 2003 = 100,,38.25344061809546,211.9026442427586,2.326136376120298
2015Q3,inf_diss_e2020,21.98130321817,,36.88135215817767,37.7400468740161,209.05873033200194,2.3202683084845916,media 2003 = 100,,37.7400468740161,209.05873033200194,2.3202683084845916
2015Q4,inf_diss_e2020,24.22685814251,,39.748616259695744,31.1753122268251,172.69377575498055,2.237276684967696,media 2003 = 100,,31.1753122268251,172.69377575498055,2.237276684967696
2016Q1,inf_diss_e2020,17.41916161956,,27.7422940722367,33.996265062176,188.3202751086673,2.2748970799412076,media 2003 = 100,,33.996265062176,188.3202751086673,2.2748970799412076
2016Q2,inf_diss_e2020,16.23950528264,,25.39532915449501,27.4642817952526,152.13674484196068,2.182234119738785,media 2003 = 100,,27.4642817952526,152.13674484196068,2.182234119738785
2016Q3,inf_diss_e2020,15.47490224374,,23.880141391955675,24.6544655381858,136.57193589698193,2.135361465544222,media 2003 = 100,,24.6544655381858,136.57193589698193,2.135361465544222
2016Q4,inf_diss_e2020,18.56169203682,,28.449700221673126,21.92787952433083,121.46817590165534,2.084462509698385,media 2003 = 100,,21.92787952433083,121.46817590165534,2.084462509698385
2017Q1,inf_diss_e2020,12.342108864911431,,18.73954209257678,23.02484064899955,127.54472638163635,2.105662506452644,media 2003 = 100,,23.02484064899955,127.54472638163635,2.105662506452644
2017Q2,inf_diss_e2020,15.016497624620722,,22.67612509552377,24.51934347406689,135.82343531194456,2.1329747106554917,media 2003 = 100,,24.51934347406689,135.82343531194456,2.1329747106554917
2017Q3,inf_diss_e2020,12.97245334362195,,19.517256416586385,20.39658471601946,112.98565998273715,2.05302332679702,media 2003 = 100,,20.39658471601946,112.98565998273715,2.05302332679702
2017Q4,inf_diss_e2020,20.747139166845894,,30.927898348908013,23.32529187994731,129.20905798880963,2.111292960227691,media 2003 = 100,,23.32529187994731,129.20905798880963,2.111292960227691
2018Q1,inf_diss_e2020,11.48932866742,,16.970681572524086,21.46750989077445,118.91798587682605,2.07524754491578,media 2003 = 100,,21.46750989077445,118.91798587682605,2.07524754491578
2018Q2,inf_diss_e2020,20.408407756320003,,29.823447764880726,32.169535768229466,178.201217542905,2.2509106669868197,media 2003 = 100,,32.169535768229466,178.201217542905,2.2509106669868197
2018Q3,inf_diss_e2020,33.00397537816,,47.5618007805193,50.37293198630951,279.03784113762316,2.4456631032121767,media 2003 = 100,,33.733616582521776,186.86534957920415,2.271528777667325
2018Q4,inf_diss_e2020,31.13092755291,,44.57286186879521,33.35012457444732,184.74101855841482,2.2665633337497604,media 2003 = 100,,33.35012457444732,184.74101855841482,2.2665633337497604
2019Q1,inf_diss_e2020,9.7740529667,,13.870976121386773,18.28591720538249,101.2937436637202,2.0055826222977813,media 2003 = 100,,18.28591720538249,101.2937436637202,2.0055826222977813
2019Q2,inf_diss_e2020,12.527707715710001,,17.549526290338857,18.88422762639707,104.60804842278061,2.019565099934054,media 2003 = 100,,18.88422762639707,104.60804842278061,2.019565099934054
2019Q3,inf_diss_e2020,19.6306315911,,27.417402749938,28.93451474978354,160.28101227736033,2.2048820766174346,media 2003 = 100,,28.93451474978354,160.28101227736033,2.2048820766174346
2019Q4,inf_diss_e2020,32.59077568218,,45.14096774709523,33.60267665252418,186.14001567576628,2.2698397461509154,media 2003 = 100,,33.60267665252418,186.14001567576628,2.2698397461509154
2020Q1,inf_diss_e2020,21.570064534687702,,29.481887207844,37.36547959042557,206.98383728820826,2.3159364341013764,media 2003 = 100,,37.36547959042557,206.98383728820826,2.3159364341013764
2020Q2,inf_diss_e2020,17.336731044391644,,23.778347011498848,25.62826770186081,141.9662546855105,2.152185125048364,media 2003 = 100,,25.62826770186081,141.9662546855105,2.152185125048364
2020Q3,inf_diss_e2020,35.710474633471065,,48.59915946770063,50.72027731947488,280.96193981669217,2.448647492691189,media 2003 = 100,,29.213080708574047,161.82411172959118,2.2090432318061692
2020Q4,inf_diss_e2020,30.37249138187302,,40.3532564299624,30.26000978399938,167.62351266798186,2.2243349373595573,media 2003 = 100,,30.26000978399938,167.62351266798186,2.2243349373595573
2021Q1,inf_diss_e2020,13.319409071287664,,17.291029381118555,21.93245898897797,121.49354357191626,2.084553199205168,media 2003 = 100,,24.728665023344156,136.9829595030277,2.1366665448637288
2021Q2,inf_diss_e2020,24.283484465420255,,30.919265785352408,33.56683272840874,185.94146040394307,2.2693762376312256,media 2003 = 100,,22.442380129251283,124.3182212017785,2.0945347874303044
2021Q3,inf_diss_e2020,15.822553654934692,,19.639599239689105,19.95869829917114,110.56001439089323,2.043598086559475,media 2003 = 100,,19.95869829917114,110.56001439089323,2.043598086559475
2021Q4,inf_diss_e2020,21.538434699018865,,25.899782786979802,19.69386200380191,109.09296958725146,2.0377967637153547,media 2003 = 100,,19.69386200380191,109.09296958725146,2.0377967637153547
2022Q1,inf_diss_e2020,12.788214336864783,,14.990889323697663,19.508911290880278,108.06844618518817,2.033698907199786,media 2003 = 100,,19.508911290880278,108.06844618518817,2.033698907199786
2022Q2,inf_diss_e2020,16.62669551185697,,18.916147542705836,20.41758701542914,113.102000963004,2.053470288387029,media 2003 = 100,,20.41758701542914,113.102000963004,2.053470288387029
2022Q3,inf_diss_e2020,18.81884541987874,,21.500008604314058,21.356020431088112,118.30039668926536,2.0729862009226907,media 2003 = 100,,21.356020431088112,118.30039668926536,2.0729862009226907
2022Q4,inf_diss_e2020,23.64707905493446,,26.81325602132163,20.752109725787,114.95506949066352,2.0605281283088592,media 2003 = 100,,20.752109725787,114.95506949066352,2.0605281283088592
2023Q1,inf_diss_e2020,16.259517183844373,,18.094695845300524,23.31678806565081,129.16195161859923,2.1111345985221526,media 2003 = 100,,23.31678806565081,129.16195161859923,2.1111345985221526
2023Q2,inf_diss_e2020,22.827936828106562,,25.030467764016656,27.24482009243087,150.92104987736334,2.178749817694871,media 2003 = 100,,27.24482009243087,150.92104987736334,2.178749817694871
2023Q3,inf_diss_e2020,23.391851986586044,,25.55074012672879,24.83417386266565,137.56741940211018,2.1385155905179793,media 2003 = 100,,24.83417386266565,137.56741940211018,2.1385155905179793
2023Q4,inf_diss_e2020,28.72586616585368,,31.107623560294936,24.489315410180993,135.65709664969356,2.132442518003144,media 2003 = 100,,24.489315410180993,135.65709664969356,2.132442518003144
2024Q1,inf_diss_e2020,19.83594357587954,,21.163071386040674,27.08610211624407,150.04184115000683,2.1762123847001087,media 2003 = 100,,27.08610211624407,150.04184115000683,2.1762123847001087
2024Q2,inf_diss_e2020,25.43118855641327,,26.825987906267947,29.32710995893826,162.45576993556614,2.2107351407759643,media 2003 = 100,,29.32710995893826,162.45576993556614,2.2107351407759643
2024Q3,inf_diss_e2020,33.16895595754315,,34.707637841116686,33.17205395815718,183.75460703976128,2.2642382363922278,media 2003 = 100,,33.17205395815718,183.75460703976128,2.2642382363922278
2024Q4,inf_diss_e2020,44.31481523771977,,45.78200869824107,36.704647772965906,203.3231989964147,2.308186934079855,media 2003 = 100,,36.704647772965906,203.3231989964147,2.308186934079855
2025Q1,inf_diss_e2020,28.783425651371708,,29.23762748519849,36.523635421259456,202.320491910531,2.306039872256522,media 2003 = 100,,36.523635421259456,202.320491910531,2.306039872256522
2025Q2,inf_diss_e2020,31.725612525096572,,31.75109455002198,35.09856897620841,194.42642165047974,2.2887552832100413,media 2003 = 100,,35.09856897620841,194.42642165047974,2.2887552832100413
2025Q3,inf_diss_e2020,38.9030866285776,,38.704418580341354,36.802778391511424,203.8667876832095,2.309346479820495,media 2003 = 100,,36.802778391511424,203.8667876832095,2.309346479820495
2025Q4,inf_diss_e2020,43.826634063983306,,43.34102220335348,34.84611875671669,193.02798877266284,2.2856202856307,media 2003 = 100,,34.84611875671669,193.02798877266284,2.2856202856307
2003Q1,inf_diss_e2020_r1618,4.2846024613400004,,14.782025461693916,19.93882698805604,110.44993877280346,2.043165479459233,media 2003 = 100,,19.93882698805604,110.44993877280346,2.043165479459233
2003Q2,inf_diss_e2020_r1618,4.82983968411,,16.227526161366054,18.548614902695892,102.748942129359,2.0117773592123696,media 2003 = 100,,18.548614902695892,102.748942129359,2.0117773592123696
2003Q3,inf_diss_e2020_r1618,4.52143908483,,15.07203847748917,16.296556809101432,90.27380110429732,1.955561729419601,media 2003 = 100,,16.296556809101432,90.27380110429732,1.955561729419601
2003Q4,inf_diss_e2020_r1618,7.7047308260500005,,25.34677427704257,17.42546455415673,96.52731799354025,1.9846502395083763,media 2003 = 100,,17.42546455415673,96.52731799354025,1.9846502395083763
2004Q1,inf_diss_e2020_r1618,3.78997882471,,12.248410954090831,16.44007716014115,91.0688234992699,1.9593697260446534,media 2003 = 100,,16.44007716014115,91.0688234992699,1.9593697260446534
2004Q2,inf_diss_e2020_r1618,5.230997304940001,,16.66047288641317,19.16923153824543,106.18681083843057,2.026070577613587,media 2003 = 100,,19.16923153824543,106.18681083843057,2.026070577613587
2004Q3,inf_diss_e2020_r1618,6.04908628775,,18.862847537305097,20.20168795926714,111.9060413907467,2.048853533104221,media 2003 = 100,,20.20168795926714,111.9060413907467,2.048853533104221
2004Q4,inf_diss_e2020_r1618,8.94527136606,,27.442245990729145,18.90527555288662,104.72464245515208,2.0200488862925594,media 2003 = 100,,18.90527555288662,104.72464245515208,2.0200488862925594
2005Q1,inf_diss_e2020_r1618,4.43639560668,,13.344119009736616,17.65422408316378,97.79451771334621,1.9903145092500023,media 2003 = 100,,17.65422408316378,97.79451771334621,1.9903145092500023
2005Q2,inf_diss_e2020_r1618,5.52256488255,,16.317133862438837,18.96565819898828,105.05912850936495,2.021433793905281,media 2003 = 100,,18.96565819898828,105.05912850936495,2.021433793905281
2005Q3,inf_diss_e2020_r1618,6.10230073848,,17.91699155390945,18.92392458336976,104.82794764337947,2.0204770831171612,media 2003 = 100,,18.92392458336976,104.82794764337947,2.0204770831171612
2005Q4,inf_diss_e2020_r1618,11.85364652092,,34.27761890013172,24.02157570359132,133.06608093230662,2.1240673662090956,media 2003 = 100,,24.02157570359132,133.06608093230662,2.1240673662090956
2006Q1,inf_diss_e2020_r1618,6.084832041269999,,17.346532852979287,22.698094066447222,125.73473361297532,2.0994552660131944,media 2003 = 100,,22.698094066447222,125.73473361297532,2.0994552660131944
2006Q2,inf_diss_e2020_r1618,6.55182203354,,18.560847886246084,21.46290295160696,118.89246635780823,2.0751543363437546,media 2003 = 100,,21.46290295160696,118.89246635780823,2.0751543363437546
2006Q3,inf_diss_e2020_r1618,8.09957220326,,22.902814313633513,23.94592595335216,132.6470236684516,2.122697509735842,media 2003 = 100,,23.94592595335216,132.6470236684516,2.122697509735842
2006Q4,inf_diss_e2020_r1618,10.66893443493,,29.912030412820112,21.31370260213923,118.06597995148837,2.072124776125247,media 2003 = 100,,21.31370260213923,118.06597995148837,2.072124776125247
2007Q1,inf_diss_e2020_r1618,7.360429958419999,,20.374219005651234,26.28418425241943,145.5996655726963,2.1631603774488632,media 2003 = 100,,26.28418425241943,145.5996655726963,2.1631603774488632
2007Q2,inf_diss_e2020_r1618,8.73736649455,,23.96381840921041,27.532353712657002,152.51382559544518,2.1833092148805084,media 2003 = 100,,27.532353712657002,152.51382559544518,2.1833092148805084
2007Q3,inf_diss_e2020_r1618,10.17497990144,,27.65891938305339,28.590450021367772,158.37508677108207,2.199686865834303,media 2003 = 100,,28.590450021367772,158.37508677108207,2.199686865834303
2007Q4,inf_diss_e2020_r1618,13.614824796570002,,36.61379939071484,26.76023090831701,148.23669753191749,2.1709557310569214,media 2003 = 100,,26.76023090831701,148.23669753191749,2.1709557310569214
2008Q1,inf_diss_e2020_r1618,9.19147456408,,24.31577944436587,30.85463258503021,170.9173905724426,2.232786253741228,media 2003 = 100,,30.85463258503021,170.9173905724426,2.232786253741228
2008Q2,inf_diss_e2020_r1618,10.758036049570002,,27.951766507370046,31.7553658448387,175.9069485567749,2.2452829950018716,media 2003 = 100,,31.7553658448387,175.9069485567749,2.2452829950018716
2008Q3,inf_diss_e2020_r1618,13.175428047599999,,33.70493103145147,34.67064320514315,192.05595301647807,2.2834277732150112,media 2003 = 100,,34.67064320514315,192.05595301647807,2.2834277732150112
2008Q4,inf_diss_e2020_r1618,21.410582191139998,,54.20071643809897,40.48072907218822,224.24057594661684,2.350714200209402,media 2003 = 100,,40.48072907218822,224.24057594661684,2.350714200209402
2009Q1,inf_diss_e2020_r1618,13.163764566700001,,32.92071699208728,40.83851386222108,226.2225033777863,2.3545358039788873,media 2003 = 100,,40.83851386222108,226.2225033777863,2.3545358039788873
2009Q2,inf_diss_e2020_r1618,16.89160665635,,41.72822029862065,46.893744945635305,259.7650935621993,2.4145807914951716,media 2003 = 100,,46.893744945635305,259.7650935621993,2.4145807914951716
2009Q3,inf_diss_e2020_r1618,19.54918410789,,47.901398698573296,49.263424625111995,272.8917923226701,2.435990473733004,media 2003 = 100,,49.263424625111995,272.8917923226701,2.435990473733004
2009Q4,inf_diss_e2020_r1618,28.55220175108,,69.34463895437243,52.1907283507703,289.1074161134797,2.4610592322305047,media 2003 = 100,,52.1907283507703,289.1074161134797,2.4610592322305047
2010Q1,inf_diss_e2020_r1618,19.191715424239998,,45.76948954930451,56.9425961018964,315.4301031242419,2.498903137936717,media 2003 = 100,,56.9425961018964,315.4301031242419,2.498903137936717
2010Q2,inf_diss_e2020_r1618,22.33970769651,,52.505866321949036,58.1624461706844,322.18738957295545,2.508108538112819,media 2003 = 100,,58.1624461706844,322.18738957295545,2.508108538112819
2010Q3,inf_diss_e2020_r1618,24.04191806508,,56.32081421954782,58.0719635673494,321.68616660711393,2.5074323854423186,media 2003 = 100,,58.0719635673494,321.68616660711393,2.5074323854423186
2010Q4,inf_diss_e2020_r1618,32.56515431535,,74.91021991241796,56.7008580501876,314.09100965468684,2.49705550560182,media 2003 = 100,,56.7008580501876,314.09100965468684,2.49705550560182
2011Q1,inf_diss_e2020_r1618,19.61558889743,,44.08969217510711,55.0729123330601,305.07310178629075,2.4844039177021906,media 2003 = 100,,55.0729123330601,305.07310178629075,2.4844039177021906
2011Q2,inf_diss_e2020_r1618,20.31916204181,,44.8034468493696,49.234921704138195,272.73390209781945,2.4357391261296404,media 2003 = 100,,49.234921704138195,272.73390209781945,2.4357391261296404
2011Q3,inf_diss_e2020_r1618,22.318641412589997,,48.801183007106474,50.3944051755926,279.1567913935103,2.4458481979355007,media 2003 = 100,,50.3944051755926,279.1567913935103,2.4458481979355007
2011Q4,inf_diss_e2020_r1618,30.44931405474,,65.64279714657906,50.1195330487812,277.6341536979801,2.4434728906379743,media 2003 = 100,,50.1195330487812,277.6341536979801,2.4434728906379743
2012Q1,inf_diss_e2020_r1618,20.779673022110003,,44.15974954738148,54.248050430320674,300.50382864358465,2.4778500096106035,media 2003 = 100,,54.248050430320674,300.50382864358465,2.4778500096106035
2012Q2,inf_diss_e2020_r1618,24.525138782250004,,51.50104349089288,56.509738956933,313.03231687597275,2.495589175618035,media 2003 = 100,,56.509738956933,313.03231687597275,2.495589175618035
2012Q3,inf_diss_e2020_r1618,24.99246909279,,51.92641600665339,53.332507064565604,295.43223096373777,2.4704578740704135,media 2003 = 100,,53.332507064565604,295.43223096373777,2.4704578740704135
2012Q4,inf_diss_e2020_r1618,36.47902428602,,74.46548119704181,57.5055932366799,318.5487920573146,2.5031759625687826,media 2003 = 100,,57.5055932366799,318.5487920573146,2.5031759625687826
2013Q1,inf_diss_e2020_r1618,22.992034259289998,,45.94285612675483,56.044460891733195,310.4549368804279,2.4919985704241667,media 2003 = 100,,56.044460891733195,310.4549368804279,2.4919985704241667
2013Q2,inf_diss_e2020_r1618,28.34552065448,,55.856905596706675,61.1119087337216,338.5257609172316,2.529591722942905,media 2003 = 100,,61.1119087337216,338.5257609172316,2.529591722942905
2013Q3,inf_diss_e2020_r1618,30.88303015371,,60.491725611796404,61.84032335891909,342.56077013830924,2.534737626323676,media 2003 = 100,,61.84032335891909,342.56077013830924,2.534737626323676
2013Q4,inf_diss_e2020_r1618,43.179015988479996,,83.27798209199868,64.9125580393557,359.57923027907754,2.5557945984235655,media 2003 = 100,,64.9125580393557,359.57923027907754,2.5557945984235655
2014Q1,inf_diss_e2020_r1618,26.310911541560003,,49.68919597873294,60.6434420630295,335.93071783239833,2.526249717968339,media 2003 = 100,,60.6434420630295,335.93071783239833,2.526249717968339
2014Q2,inf_diss_e2020_r1618,29.29415573973,,54.25753583069139,58.939299808411,326.49072380489054,2.5138708466904847,media 2003 = 100,,58.939299808411,326.49072380489054,2.5138708466904847
2014Q3,inf_diss_e2020_r1618,29.524152510680004,,54.255938298982166,55.14747936109001,305.4861613752679,2.484991541339671,media 2003 = 100,,55.14747936109001,305.4861613752679,2.484991541339671
2014Q4,inf_diss_e2020_r1618,32.4946431757,,58.83735495330988,46.115809387896476,255.45576609910879,2.407315709941605,media 2003 = 100,,46.115809387896476,255.45576609910879,2.407315709941605
2015Q1,inf_diss_e2020_r1618,21.485171258039998,,37.689100847892774,45.68856837300903,253.08909006727316,2.403273424392932,media 2003 = 100,,45.68856837300903,253.08909006727316,2.403273424392932
2015Q2,inf_diss_e2020_r1618,20.63897505048,,35.22744417245032,38.31890641106176,212.265288699172,2.3268789806995467,media 2003 = 100,,38.31890641106176,212.265288699172,2.3268789806995467
2015Q3,inf_diss_e2020_r1618,21.98130321817,,36.88135215817767,37.7667144611872,209.20645444121817,2.3205750792629387,media 2003 = 100,,37.7667144611872,209.20645444121817,2.3205750792629387
2015Q4,inf_diss_e2020_r1618,24.22685814251,,39.748616259695744,31.1045899980579,172.3020147020995,2.2362903556191776,media 2003 = 100,,31.1045899980579,172.3020147020995,2.2362903556191776
2016Q1,inf_diss_e2020_r1618,17.41916161956,,27.7422940722367,33.9902036031666,188.28669856525477,2.274819640549038,media 2003 = 100,,33.9902036031666,188.28669856525477,2.274819640549038
2016Q2,inf_diss_e2020_r1618,16.23950528264,,25.39532915449501,27.5551963019106,152.6403607514994,2.183669383776427,media 2003 = 100,,27.5551963019106,152.6403607514994,2.183669383776427
2016Q3,inf_diss_e2020_r1618,15.47490224374,,23.880141391955675,24.688498200124698,136.76045818691858,2.1359605471385747,media 2003 = 100,,24.688498200124698,136.76045818691858,2.1359605471385747
2016Q4,inf_diss_e2020_r1618,18.56169203682,,28.449700221673126,21.824648567424532,120.8963345463589,2.0824131336943372,media 2003 = 100,,21.824648567424532,120.8963345463589,2.0824131336943372
2017Q1,inf_diss_e2020_r1618,12.342108864911431,,18.73954209257678,23.04942208971375,127.68089417107652,2.106125915455625,media 2003 = 100,,23.04942208971375,127.68089417107652,2.106125915455625
2017Q2,inf_diss_e2020_r1618,15.016497624620722,,22.67612509552377,24.66100524559159,136.60816261072023,2.1354766500840343,media 2003 = 100,,24.66100524559159,136.60816261072023,2.1354766500840343
2017Q3,inf_diss_e2020_r1618,12.97245334362195,,19.517256416586385,20.46056445900866,113.34007226745256,2.0543834852187106,media 2003 = 100,,20.46056445900866,113.34007226745256,2.0543834852187106
2017Q4,inf_diss_e2020_r1618,20.747139166845894,,30.927898348908013,23.11368944529151,128.03689934093458,2.1073351483256757,media 2003 = 100,,23.11368944529151,128.03689934093458,2.1073351483256757
2018Q1,inf_diss_e2020_r1618,11.48932866742,,16.970681572524086,21.55040603579915,119.3771844556807,2.0769213317194932,media 2003 = 100,,21.55040603579915,119.3771844556807,2.0769213317194932
2018Q2,inf_diss_e2020_r1618,20.408407756320003,,29.823447764880726,32.45531240429387,179.7842606314706,2.2547516683755022,media 2003 = 100,,32.45531240429387,179.7842606314706,2.2547516683755022
2018Q3,inf_diss_e2020_r1618,33.00397537816,,47.5618007805193,50.62544915644821,280.4366456976082,2.4478347638751266,media 2003 = 100,,33.669289233969934,186.5090126236336,2.2706998229443807
2018Q4,inf_diss_e2020_r1618,31.13092755291,,44.57286186879521,32.86464361306412,182.05172636421173,2.2601948016269855,media 2003 = 100,,32.86464361306412,182.05172636421173,2.2601948016269855
2019Q1,inf_diss_e2020_r1618,9.7740529667,,13.870976121386773,18.39506861927319,101.89838168199725,2.008167286733025,media 2003 = 100,,18.39506861927319,101.89838168199725,2.008167286733025
2019Q2,inf_diss_e2020_r1618,12.527707715710001,,17.549526290338857,19.06484640133807,105.60857561992373,2.0236991851788133,media 2003 = 100,,19.06484640133807,105.60857561992373,2.0236991851788133
2019Q3,inf_diss_e2020_r1618,19.6306315911,,27.417402749938,29.084015299451238,161.1091620894223,2.207120238940229,media 2003 = 100,,29.084015299451238,161.1091620894223,2.207120238940229
2019Q4,inf_diss_e2020_r1618,32.59077568218,,45.14096774709523,33.02718277712568,182.95210233565362,2.262337404407636,media 2003 = 100,,33.02718277712568,182.95210233565362,2.262337404407636
2020Q1,inf_diss_e2020_r1618,18.973209943563255,,25.93251562262768,33.36927006646547,184.8470744012203,2.2668125813280544,media 2003 = 100,,33.36927006646547,184.8470744012203,2.2668125813280544
2020Q2,inf_diss_e2020_r1618,15.534208947434557,,21.30608186488082,23.18960003025341,128.45740148312538,2.1087591325858046,media 2003 = 100,,23.18960003025341,128.45740148312538,2.1087591325858046
2020Q3,inf_diss_e2020_r1618,31.464811295127678,,42.82114414463001,44.87329871868308,248.5729526105629,2.3954538710029984,media 2003 = 100,,26.186959935527536,145.0610972880941,2.1615509582791947
2020Q4,inf_diss_e2020_r1618,27.103922527123075,,36.01059663638905,26.50005313993698,146.7954583554688,2.1667126193288926,media 2003 = 100,,26.50005313993698,146.7954583554688,2.1667126193288926
2021Q1,inf_diss_e2020_r1618,11.702349179774622,,15.191789846877171,19.562004896731672,108.36255535050144,2.0348792377928113,media 2003 = 100,,22.358210931097858,123.85197132652118,2.0929029235533996
2021Q2,inf_diss_e2020_r1618,21.56698188137371,,27.46044316365094,30.10091347738104,166.7422086852829,2.2220455499106713,media 2003 = 100,,20.263181946792983,112.2466836542657,2.0501735185668637
2021Q3,inf_diss_e2020_r1618,14.176231948784922,,17.596117559454843,17.92757546310544,99.30873132260736,1.9969874337776221,media 2003 = 100,,17.92757546310544,99.30873132260736,1.9969874337776221
2021Q4,inf_diss_e2020_r1618,19.346129314037732,,23.263554385650156,17.40909725408811,96.4366523143838,1.9842421259419893,media 2003 = 100,,17.40909725408811,96.4366523143838,1.9842421259419893
2022Q1,inf_diss_e2020_r1618,11.39513025820984,,13.357856853986846,17.648883529124483,97.76493403387467,1.9901831115729063,media 2003 = 100,,17.648883529124483,97.76493403387467,1.9901831115729063
2022Q2,inf_diss_e2020_r1618,14.986143740987679,,17.049696128648222,18.49883945049174,102.47321399090679,2.0106103577213696,media 2003 = 100,,18.49883945049174,102.47321399090679,2.0106103577213696
2022Q3,inf_diss_e2020_r1618,16.902942673493868,,19.311142889481637,19.20683191888091,106.39509589659924,2.0269216103450236,media 2003 = 100,,19.20683191888091,106.39509589659924,2.0269216103450236
2022Q4,inf_diss_e2020_r1618,21.29313021212033,,24.144130044415903,18.4693039288918,102.3096037366882,2.009916402569303,media 2003 = 100,,18.4693039288918,102.3096037366882,2.009916402569303
2023Q1,inf_diss_e2020_r1618,14.460292192761846,,16.092395985914155,20.99216271105941,116.28482896883257,2.065523058452462,media 2003 = 100,,20.99216271105941,116.28482896883257,2.065523058452462
2023Q2,inf_diss_e2020_r1618,20.459705263723755,,22.43373971643307,24.49089789465177,135.66586312101796,2.1324705821973904,media 2003 = 100,,24.49089789465177,135.66586312101796,2.1324705821973904
2023Q3,inf_diss_e2020_r1618,20.943011868235526,,22.875890888123735,22.24175744977545,123.2068842364108,2.0906349748929847,media 2003 = 100,,22.24175744977545,123.2068842364108,2.0906349748929847
2023Q4,inf_diss_e2020_r1618,25.856090793629818,,27.99990553827538,21.87702210755359,121.18645463737701,2.083454080185117,media 2003 = 100,,21.87702210755359,121.18645463737701,2.083454080185117
2024Q1,inf_diss_e2020_r1618,17.630861905634482,,18.810458281404095,24.30556451454757,134.63921995402885,2.129171586845944,media 2003 = 100,,24.30556451454757,134.63921995402885,2.129171586845944
2024Q2,inf_diss_e2020_r1618,22.752176340026605,,24.000042545589583,26.26236995243906,145.47882656352857,2.1627997893648043,media 2003 = 100,,26.26236995243906,145.47882656352857,2.1627997893648043
2024Q3,inf_diss_e2020_r1618,29.302445583111002,,30.66176307929161,29.27339048026098,162.15819456952025,2.20993890038118,media 2003 = 100,,29.27339048026098,162.15819456952025,2.20993890038118
2024Q4,inf_diss_e2020_r1618,39.39554748453832,,40.699871768254894,32.49897089731321,180.02610424061504,2.255335483468151,media 2003 = 100,,32.49897089731321,180.02610424061504,2.255335483468151
2025Q1,inf_diss_e2020_r1618,25.324718953967675,,25.724342470965272,32.33040645636526,179.09235160847047,2.253077039086532,media 2003 = 100,,32.33040645636526,179.09235160847047,2.253077039086532
2025Q2,inf_diss_e2020_r1618,28.10453757503367,,28.127111151081653,31.11131935374741,172.3392915651934,2.2363843033597015,media 2003 = 100,,31.11131935374741,172.3392915651934,2.2363843033597015
2025Q3,inf_diss_e2020_r1618,34.40375931284182,,34.22806817090424,32.51032559854172,180.08900292849793,2.255487193589723,media 2003 = 100,,32.51032559854172,180.08900292849793,2.255487193589723
2025Q4,inf_diss_e2020_r1618,38.935434345725376,,38.504018401497156,30.86320547511629,170.9648795839918,2.2329069047231584,media 2003 = 100,,30.86320547511629,170.9648795839918,2.2329069047231584
