medida,choque,resposta,especificacao,modelo,amostra,p,h,estimativa,ep,ic90_inf,ic90_sup,p_valor,est_menos_1,p_valor_igual_1,f_primeiro_estagio,n,t_ini,t_fim,baixo_poder,ep_aj,gl,ic90_inf_aj,ic90_sup_aj,p_valor_aj
elasticidade,inf_diss,fbcf_me,baseline,diferenca,2003T1-2025T4,3,4,0.08611181479517713,0.09868000933353378,-0.07620235646469098,0.24842598605504523,0.3828610356703673,,,34.63603727085848,84,2004T1,2024T4,FALSE,0.1073345773628234,71,-0.0927719551645419,0.26499558475489615,0.42507132714813933
elasticidade,inf_diss,fbcf_me,baseline,diferenca,2003T1-2025T4,3,8,0.0750173238972429,0.09852000306398728,-0.08703366046982668,0.23706830826431247,0.446392771574465,,,21.310542053884408,80,2004T1,2023T4,FALSE,0.10765445553016463,67,-0.10454127723697983,0.25457592503146564,0.4883172116965885
elasticidade,inf_diss,fbcf_me,baseline,diferenca,2003T1-2025T4,3,12,0.0990640676131702,0.08343142153577077,-0.038168408701659454,0.23629654392799987,0.2350812324272551,,,18.89515249409516,76,2004T1,2022T4,FALSE,0.09163600868796584,63,-0.053913288878864776,0.2520414241052052,0.2837911745272118
elasticidade,inf_diss,fbcf_constr,baseline,diferenca,2003T1-2025T4,3,4,0.027949582583043184,0.03589916569414125,-0.03109929031349689,0.08699845547958326,0.43624012910524806,,,31.645206063211802,84,2004T1,2024T4,FALSE,0.03904764301789749,71,-0.037127205929119333,0.0930263710952057,0.4764737677859743
elasticidade,inf_diss,fbcf_constr,baseline,diferenca,2003T1-2025T4,3,8,0.050291400086420746,0.0476367234882795,-0.02806403731936015,0.12864683749220163,0.2910927190254498,,,22.273333172254908,80,2004T1,2023T4,FALSE,0.0520534446902217,67,-0.03652937910719957,0.13711217928004105,0.3374440039779989
elasticidade,inf_diss,fbcf_constr,baseline,diferenca,2003T1-2025T4,3,12,0.08650209398542726,0.06361242570871353,-0.018131035160731224,0.19113522313158574,0.17388368109328686,,,25.079282810678098,76,2004T1,2022T4,FALSE,0.06986802678900805,63,-0.030135745162413893,0.2031399331332684,0.22028095498114286
elasticidade,inf_diss,fbcf_total,baseline,diferenca,2003T1-2025T4,3,4,0.02499146183290473,0.06364784619528965,-0.07969992882906687,0.12968285249487632,0.6945764376713839,,,35.30551985509913,84,2004T1,2024T4,FALSE,0.06922997593499274,71,-0.09038719240644677,0.14037011607225625,0.719177401495436
elasticidade,inf_diss,fbcf_total,baseline,diferenca,2003T1-2025T4,3,8,0.046362758533478085,0.0710001512454736,-0.0704220977567422,0.16314761482369838,0.5137593678185535,,,23.018075376554368,80,2004T1,2023T4,FALSE,0.07758305305701697,67,-0.08303926584197181,0.175764782908928,0.5521288593170126
elasticidade,inf_diss,fbcf_total,baseline,diferenca,2003T1-2025T4,3,12,0.06258679071349348,0.0826902029227648,-0.07342648947736936,0.19860007090435633,0.4491200925029679,,,20.994711794887184,76,2004T1,2022T4,FALSE,0.09082189915931571,63,-0.08903148952270028,0.21420507094968722,0.49328076163214774
elasticidade,inf_diss,fbcf_outros,baseline,diferenca,2003T1-2025T4,3,4,-0.03776093067658964,0.052244011058189814,-0.12369468175214593,0.04817282039896666,0.46981500530497877,,,39.011813835005924,84,2004T1,2024T4,FALSE,0.05682598618040346,71,-0.13246709982903204,0.05694523847585276,0.5085221256981161
elasticidade,inf_diss,fbcf_outros,baseline,diferenca,2003T1-2025T4,3,8,-0.053765928669109286,0.0685965866278016,-0.16659727298033955,0.05906541564212099,0.43315812346143795,,,31.990926905271998,80,2004T1,2023T4,FALSE,0.07495663778905368,67,-0.17878731269678544,0.07125545535856687,0.4756862317116156
elasticidade,inf_diss,fbcf_outros,baseline,diferenca,2003T1-2025T4,3,12,-0.04404641799769584,0.08163072518159861,-0.17831701238332714,0.09022417638793545,0.589485771854963,,,23.460296291977322,76,2004T1,2022T4,FALSE,0.08965823312430052,63,-0.1937220715697105,0.1056292355743188,0.6249425061205629
elasticidade,inf_diss,pim_bk,baseline,diferenca,2003T1-2025T4,3,4,0.007981188224422855,0.08344531821728661,-0.12927414609740073,0.14523652254624642,0.9238019458172285,,,33.52580391801722,84,2004T1,2024T4,FALSE,0.0907637527017857,71,-0.14328565101698876,0.15924802746583444,0.9301769584473338
elasticidade,inf_diss,pim_bk,baseline,diferenca,2003T1-2025T4,3,8,0.017103109809749995,0.08749244756244681,-0.12680915989420208,0.16101537951370207,0.8450164224779632,,,20.957668768483853,80,2004T1,2023T4,FALSE,0.09560446114906454,67,-0.14235711152133196,0.17656333114083195,0.8585604321051085
elasticidade,inf_diss,pim_bk,baseline,diferenca,2003T1-2025T4,3,12,0.008469393880131126,0.08378281924670718,-0.12934108023403473,0.14627986799429699,0.9194810183969094,,,17.44422317553193,76,2004T1,2022T4,FALSE,0.09202196260196567,63,-0.1451522749334116,0.16209106269367385,0.9269609527753291
elasticidade,inf_diss,imp_bk_quantum,baseline,diferenca,2003T1-2025T4,3,4,0.2344413552014227,0.15070397413644296,-0.013444623252906268,0.48232733365575164,0.11979336640679127,,,40.984927050745235,84,2004T1,2024T4,FALSE,0.1639212184927923,71,-0.03874969153146188,0.5076324019343073,0.157043630354871
elasticidade,inf_diss,imp_bk_quantum,baseline,diferenca,2003T1-2025T4,3,8,0.2502908637260628,0.15293882752142274,-0.0012711214242549507,0.5018528488763805,0.10172613598543637,,,24.231784802107967,80,2004T1,2023T4,FALSE,0.1671188154099736,67,-0.028449301466776322,0.529031028918902,0.1389125278476142
elasticidade,inf_diss,imp_bk_quantum,baseline,diferenca,2003T1-2025T4,3,12,0.2538551943648686,0.14348757116528685,0.01783914251118912,0.48987124621854805,0.0768640113820249,,,21.00436663275262,76,2004T1,2022T4,FALSE,0.15759803771628103,63,-0.009239319935325063,0.5169497086650623,0.11222793007437522
elasticidade,inf_diss,bndes_priv,baseline,diferenca,2003T1-2025T4,3,4,0.5498300368251939,0.112695284159414,0.3644627899352551,0.7351972837151328,1.0667426093512933e-6,,,38.29267858972534,84,2004T1,2024T4,FALSE,0.12257903883196583,71,0.3455398525895996,0.7541202210607882,2.73668550559225e-5
elasticidade,inf_diss,bndes_priv,baseline,diferenca,2003T1-2025T4,3,8,0.5683566573456388,0.1584912500984391,0.30766174978114846,0.8290515649101291,3.357318419016883e-4,,,28.83118971324186,80,2004T1,2023T4,FALSE,0.17318604044866814,67,0.27949686974284493,0.8572164449484326,0.0016403397517565335
elasticidade,inf_diss,bndes_priv,baseline,diferenca,2003T1-2025T4,3,12,0.6454147349568894,0.20635758793603423,0.30598670799134625,0.9848427619224325,0.0017620864434151997,,,24.887780103655352,76,2004T1,2022T4,FALSE,0.22665064759596168,63,0.26704364030890304,1.0237858296048756,0.005940560939815818
elasticidade,inf_diss,fbcf_cnt_vol,baseline,diferenca,2003T1-2025T4,3,4,0.025172761137411036,0.06354250941422218,-0.07934536593817035,0.1296908882129924,0.6919897768692407,,,35.3003224420019,84,2004T1,2024T4,FALSE,0.06911540076467204,71,-0.09001494216223108,0.14036046443705313,0.7167810411594796
elasticidade,inf_diss,fbcf_cnt_vol,baseline,diferenca,2003T1-2025T4,3,8,0.046898941115970774,0.07091433399366615,-0.06974475835635902,0.16354264058830056,0.5083901766797471,,,22.99086499446263,80,2004T1,2023T4,FALSE,0.07748927911029445,67,-0.08234667618265716,0.1761445584145987,0.5470698871111888
elasticidade,inf_diss,fbcf_cnt_vol,baseline,diferenca,2003T1-2025T4,3,12,0.06310325145052759,0.0827056753858979,-0.07293547867743763,0.1991419815784928,0.44547189659050035,,,20.945441834639222,76,2004T1,2022T4,FALSE,0.09083889317356107,63,-0.08854339863080307,0.21474990153185824,0.48981484657504337
multiplicador,inf_diss,fbcf_real_rs_bi,baseline,diferenca,2003T1-2025T4,3,4,0.8914140848444607,0.7493293706560826,-0.34112304826046036,2.123951217949382,0.23419741921850132,-0.10858591515553928,0.8847813028716897,24.963710174335937,84,2004T1,2024T4,FALSE,0.8150480715204941,71,-0.4669447526729251,2.2497729223618466,0.2777855123196691
multiplicador,inf_diss,fbcf_real_rs_bi,baseline,diferenca,2003T1-2025T4,3,8,1.4048173749509698,0.8207686596185243,0.054773068289342364,2.7548616816125975,0.08697271424073366,0.4048173749509698,0.6218589926676428,16.19392392006268,80,2004T1,2023T4,FALSE,0.8968676453457592,67,-0.09108262294280456,2.900717372844744,0.12197567075265935
multiplicador,inf_diss,fbcf_real_rs_bi,baseline,diferenca,2003T1-2025T4,3,12,1.8329191766373647,0.8944117058812002,0.36174283823081965,3.30409551504391,0.040432650148946425,0.8329191766373647,0.3517252564382651,13.758322928536643,76,2004T1,2022T4,FALSE,0.9823675222363073,63,0.1929526524834566,3.472885700791273,0.06672386072851798
multiplicador,inf_diss,bndes_priv,baseline,diferenca,2003T1-2025T4,3,4,0.9813444374292285,0.22011506695085115,0.619287371208455,1.343401503650002,8.260271475160095e-6,,,25.491158110209327,84,2004T1,2024T4,FALSE,0.23941989711922868,71,0.5823273186932693,1.3803615561651879,1.089121865041649e-4
multiplicador,inf_diss,bndes_priv,baseline,diferenca,2003T1-2025T4,3,8,1.0481506047815412,0.2516308583768023,0.6342546747275458,1.4620465348355367,3.107669262510737e-5,,,14.768966074020335,80,2004T1,2023T4,FALSE,0.27496124858571713,67,0.5895383075103263,1.5067629020527562,3.02387430972409e-4
multiplicador,inf_diss,bndes_priv,baseline,diferenca,2003T1-2025T4,3,12,1.0548289282284635,0.2672471082702946,0.6152465528977769,1.4944113035591502,7.91308800665697e-5,,,12.371120951709662,76,2004T1,2022T4,FALSE,0.2935280004163748,63,0.5648126322002092,1.5448452242567179,6.399326609996666e-4
multiplicador,inf_diss,imp_bk_real,baseline,diferenca,2003T1-2025T4,3,4,0.31677380660500565,0.1460612749399157,0.07652438876292925,0.5570232244470821,0.03009989231632476,,,26.81953734876339,84,2004T1,2024T4,FALSE,0.15887133899391961,71,0.05199888731954255,0.5815487258904688,0.050004678316835006
multiplicador,inf_diss,imp_bk_real,baseline,diferenca,2003T1-2025T4,3,8,0.31245014904111695,0.14126549659292126,0.08008908460714967,0.5448112134750842,0.02698091594233647,,,15.504601678375149,80,2004T1,2023T4,FALSE,0.15436317141638725,67,0.05498532801099809,0.5699149700712358,0.04694739678278531
multiplicador,inf_diss,imp_bk_real,baseline,diferenca,2003T1-2025T4,3,12,0.372506508162557,0.1527678997321956,0.12122567420629632,0.6237873421188176,0.014753171451005407,,,12.902238482368087,76,2004T1,2022T4,FALSE,0.16779098724932737,63,0.09239586126615035,0.6526171550589637,0.030020626681011582
elasticidade,uniao_filtro_diss,fbcf_me,baseline,diferenca,2003T1-2025T4,3,4,0.18152834989808925,0.08331504067985573,0.044487303056219146,0.3185693967399593,0.029345155914103884,,,61.90353438065022,84,2004T1,2024T4,FALSE,0.09062204938705709,71,0.030497673352588378,0.33255902644359014,0.04898094257713611
elasticidade,uniao_filtro_diss,fbcf_me,baseline,diferenca,2003T1-2025T4,3,8,0.2079974791848601,0.09725889124240157,0.04802083917151717,0.36797411919820305,0.0324683989030375,,,45.952154462232755,80,2004T1,2023T4,FALSE,0.10627641754505325,67,0.030737329811856784,0.38525762855786344,0.05449960474297419
elasticidade,uniao_filtro_diss,fbcf_me,baseline,diferenca,2003T1-2025T4,3,12,0.23203305364130156,0.09414566644877516,0.07717721272127026,0.38688889456133285,0.01371595980051326,,,37.16539687057583,76,2004T1,2022T4,FALSE,0.1034038848892855,63,0.05941037847401284,0.40465572880859024,0.02835825844190065
elasticidade,uniao_filtro_diss,fbcf_constr,baseline,diferenca,2003T1-2025T4,3,4,0.03646404518107309,0.025980483508218837,-0.006270047347373561,0.07919813770951974,0.16046278460863136,,,47.48851940150524,84,2004T1,2024T4,FALSE,0.028259059113088663,71,-0.010632493081486317,0.08356058344363249,0.2011160892250694
elasticidade,uniao_filtro_diss,fbcf_constr,baseline,diferenca,2003T1-2025T4,3,8,0.038140989715195715,0.027415951801631953,-0.006954238042045334,0.08323621747243676,0.1641656987528125,,,31.452363420777864,80,2004T1,2023T4,FALSE,0.02995786918651435,67,-0.011826223045313847,0.08810820247570528,0.20736308468295045
elasticidade,uniao_filtro_diss,fbcf_constr,baseline,diferenca,2003T1-2025T4,3,12,0.04573687071214088,0.034012124021165276,-0.010208094844396089,0.10168183626867786,0.1787148442453883,,,22.18941321638582,76,2004T1,2022T4,FALSE,0.03735685230969473,63,-0.016626741529636786,0.10810048295391855,0.22538891753322696
elasticidade,uniao_filtro_diss,fbcf_total,baseline,diferenca,2003T1-2025T4,3,4,0.08276480993015628,0.05109274951600206,-0.0012752844221627507,0.1668049042824753,0.10525516860424312,,,60.94939776274811,84,2004T1,2024T4,FALSE,0.055573755136858125,71,-0.009854391392965081,0.17538401125327763,0.14084281700731346
elasticidade,uniao_filtro_diss,fbcf_total,baseline,diferenca,2003T1-2025T4,3,8,0.10295370428098041,0.06382138123608083,-0.0020231261222397323,0.20793053468420056,0.10671109575301649,,,38.54476143331859,80,2004T1,2023T4,FALSE,0.06973869097112145,67,-0.013364582166511,0.2192719907284718,0.14455397198071285
elasticidade,uniao_filtro_diss,fbcf_total,baseline,diferenca,2003T1-2025T4,3,12,0.11898331153610028,0.07111988987346246,0.0020015027293463217,0.23596512034285425,0.09432802741306058,,,29.995183950910523,76,2004T1,2022T4,FALSE,0.07811376968493328,63,-0.0114199891218216,0.24938661219402217,0.13271154758866094
elasticidade,uniao_filtro_diss,fbcf_outros,baseline,diferenca,2003T1-2025T4,3,4,0.02322829086485354,0.030464656820913677,-0.026881610400858208,0.07333819213056529,0.44578142209180155,,,48.09226131299511,84,2004T1,2024T4,FALSE,0.03313650947603865,71,-0.03199700450611269,0.07845358623581977,0.48560171500148985
elasticidade,uniao_filtro_diss,fbcf_outros,baseline,diferenca,2003T1-2025T4,3,8,0.03103687117003032,0.03155364756170667,-0.020864260465391356,0.082938002805452,0.32530125979954727,,,34.43024155559065,80,2004T1,2023T4,FALSE,0.03447919856478291,67,-0.026471539717680685,0.08854528205774133,0.37125808072059596
elasticidade,uniao_filtro_diss,fbcf_outros,baseline,diferenca,2003T1-2025T4,3,12,0.038130745200457034,0.03426662794354574,-0.018232842055880827,0.0944943324567949,0.2658088574495258,,,29.989564001629258,76,2004T1,2022T4,FALSE,0.037636383968308255,63,-0.024699517813247432,0.1009610082141615,0.31487089605982743
elasticidade,uniao_filtro_diss,pim_bk,baseline,diferenca,2003T1-2025T4,3,4,0.18252905389648516,0.08174161597813229,0.048076060381979924,0.3169820474109904,0.025548923864113227,,,63.96492738181638,84,2004T1,2024T4,FALSE,0.08891063005793141,71,0.034350628220161994,0.3307074795728083,0.043763584498107314
elasticidade,uniao_filtro_diss,pim_bk,baseline,diferenca,2003T1-2025T4,3,8,0.1837897036286224,0.08870753416497867,0.037878794319435666,0.32970061293780917,0.03827838156868825,,,45.438740378931996,80,2004T1,2023T4,FALSE,0.09693220660734073,67,0.022114914252248652,0.34546449300499615,0.06226491580657708
elasticidade,uniao_filtro_diss,pim_bk,baseline,diferenca,2003T1-2025T4,3,12,0.1783756242251289,0.08535406864477647,0.03798067483970344,0.3187705736105544,0.03663293557486505,,,34.961353793621086,76,2004T1,2022T4,FALSE,0.09374772755768691,63,0.021872959560361394,0.3348782888898964,0.06164952086605567
elasticidade,uniao_filtro_diss,imp_bk_quantum,baseline,diferenca,2003T1-2025T4,3,4,0.22723459848366426,0.08901195997542422,0.08082295327602851,0.3736462436913,0.010684406449419552,,,59.01765420180002,84,2004T1,2024T4,FALSE,0.09681860762605356,71,0.06587674009423902,0.3885924568730895,0.02171796906121163
elasticidade,uniao_filtro_diss,imp_bk_quantum,baseline,diferenca,2003T1-2025T4,3,8,0.36352730833869074,0.0900881131232969,0.21534554872262138,0.5117090679547601,5.454612377842374e-5,,,44.09229304848138,80,2004T1,2023T4,FALSE,0.09844078833137519,67,0.19933633119535196,0.5277182854820295,4.476435400849601e-4
elasticidade,uniao_filtro_diss,imp_bk_quantum,baseline,diferenca,2003T1-2025T4,3,12,0.4443889389953614,0.10814220096855785,0.2665108475057141,0.6222670304850088,3.968571877606143e-5,,,36.16567557714202,76,2004T1,2022T4,FALSE,0.11877682874241544,63,0.24610263720548348,0.6426752407852394,3.9784332249758364e-4
elasticidade,uniao_filtro_diss,bndes_priv,baseline,diferenca,2003T1-2025T4,3,4,0.4253525088931649,0.13356725515036455,0.20565392481713515,0.6450510929691946,0.001449758630046212,,,50.117437818876994,84,2004T1,2024T4,FALSE,0.14528155173375054,71,0.183226324412257,0.6674786933740728,0.004584623715496787
elasticidade,uniao_filtro_diss,bndes_priv,baseline,diferenca,2003T1-2025T4,3,8,0.418462018755125,0.23675010836614824,0.02904274432791215,0.8078812931823378,0.07714014565720369,,,42.640165283897765,80,2004T1,2023T4,FALSE,0.25870080410281354,67,-0.013029221140505753,0.8499532586507558,0.11045797349005962
elasticidade,uniao_filtro_diss,bndes_priv,baseline,diferenca,2003T1-2025T4,3,12,0.5231414454030403,0.30928554769345556,0.014411990515787565,1.031870900290293,0.09075063927120319,,,35.513099985424994,76,2004T1,2022T4,FALSE,0.3397004703239825,63,-0.04395527447066516,1.0902381652767459,0.12856649959343877
elasticidade,uniao_filtro_diss,fbcf_cnt_vol,baseline,diferenca,2003T1-2025T4,3,4,0.08274687562449423,0.05063062213202488,-5.330868241763403e-4,0.16602683807316482,0.10219069288296757,,,61.0718680159829,84,2004T1,2024T4,FALSE,0.05507109763021638,71,-0.009034596869801723,0.1745283481187902,0.13739099807225927
elasticidade,uniao_filtro_diss,fbcf_cnt_vol,baseline,diferenca,2003T1-2025T4,3,8,0.10357979653147716,0.06333554810134218,-5.979094779749033e-4,0.20775750254092923,0.10196244013243344,,,38.6217059394734,80,2004T1,2023T4,FALSE,0.06920781297708775,67,-0.011853029955140426,0.21901262301809474,0.13918081734062215
elasticidade,uniao_filtro_diss,fbcf_cnt_vol,baseline,diferenca,2003T1-2025T4,3,12,0.11963739597404713,0.07057073945952307,0.0035588592174032874,0.23571593273069097,0.09002169153795146,,,30.015656219510994,76,2004T1,2022T4,FALSE,0.0775106162065861,63,-0.009758998927091783,0.24903379087518604,0.1277188773485106
multiplicador,uniao_filtro_diss,fbcf_real_rs_bi,baseline,diferenca,2003T1-2025T4,3,4,4.711893449022126,2.5118576059165085,0.5802553555447165,8.843531542499536,0.06067449334415574,3.711893449022126,0.13947514595298977,61.324607934124515,84,2004T1,2024T4,FALSE,2.732155948783664,71,0.15848327827899933,9.265303619765252,0.08894963916592599
multiplicador,uniao_filtro_diss,fbcf_real_rs_bi,baseline,diferenca,2003T1-2025T4,3,8,6.201968875350615,3.4625874861062815,0.5065192901919202,11.89741846050931,0.07327129843291591,5.201968875350615,0.13301042721855355,28.34049633857665,80,2004T1,2023T4,FALSE,3.783627273135885,67,-0.10880402328906058,12.51274177399029,0.105867723762466
multiplicador,uniao_filtro_diss,fbcf_real_rs_bi,baseline,diferenca,2003T1-2025T4,3,12,7.3521148705578785,4.724562115758744,-0.4190982613054093,15.123328002421166,0.11967305501972811,6.3521148705578785,0.178790784718505,24.11566736021317,76,2004T1,2022T4,FALSE,5.189172222133143,63,-1.3107007658904681,16.014930507006227,0.16146219337515033
multiplicador,uniao_filtro_diss,bndes_priv,baseline,diferenca,2003T1-2025T4,3,4,3.113071054523941,0.8085492732164948,1.7831258499048133,4.443016259143069,1.180246041819165e-4,,,48.176512615549335,84,2004T1,2024T4,FALSE,0.8794617583018287,71,1.6473603886251016,4.57878172042278,7.113706692783636e-4
multiplicador,uniao_filtro_diss,bndes_priv,baseline,diferenca,2003T1-2025T4,3,8,2.8288863766285663,0.9138189982664491,1.3257878829528371,4.331984870304296,0.0019636564237891074,,,27.389377446388398,80,2004T1,2023T4,FALSE,0.9985453070641993,67,1.1633965683098422,4.49437618494729,0.0060860884760501315
multiplicador,uniao_filtro_diss,bndes_priv,baseline,diferenca,2003T1-2025T4,3,12,3.010315240525682,1.0699442180766514,1.2504136127865457,4.770216868264818,0.004900151385106729,,,27.353074518160213,76,2004T1,2022T4,FALSE,1.1751617778833412,63,1.0484975576623041,4.97213292338906,0.01282394622767896
multiplicador,uniao_filtro_diss,imp_bk_real,baseline,diferenca,2003T1-2025T4,3,4,0.00934655714726823,0.2704445526663089,-0.4354951461951782,0.45418826048971467,0.972430617246622,,,75.3762085430263,84,2004T1,2024T4,FALSE,0.2941634476584072,71,-0.4809061442129767,0.4995992585075132,0.9747419529602079
multiplicador,uniao_filtro_diss,imp_bk_real,baseline,diferenca,2003T1-2025T4,3,8,0.277844902536308,0.38989319275665363,-0.3634723296931629,0.9191621347657789,0.4760821777488095,,,43.48303651371606,80,2004T1,2023T4,FALSE,0.42604281441073194,67,-0.43275877291903064,0.9884485779916466,0.5165339251997971
multiplicador,uniao_filtro_diss,imp_bk_real,baseline,diferenca,2003T1-2025T4,3,12,0.5526128679127925,0.5673022288317356,-0.38051626075874156,1.4857419965843266,0.33000359303569493,,,42.036206197019006,76,2004T1,2022T4,FALSE,0.6230903299141187,63,-0.48757551316986814,1.5928012489954533,0.3785110809469745
elasticidade,uniao_gnd4_dir,fbcf_me,baseline,diferenca,2003T1-2025T4,3,4,0.19772826036744656,0.09495488898178536,0.0415413668289826,0.35391515390591055,0.03731152386388466,,,59.58640792134321,84,2004T1,2024T4,FALSE,0.10328275145318908,71,0.025597262084330774,0.36985925865056235,0.05959452304980628
elasticidade,uniao_gnd4_dir,fbcf_me,baseline,diferenca,2003T1-2025T4,3,8,0.237984346325681,0.11136893428162059,0.05479875084283728,0.42116994180852474,0.032606074398502445,,,48.44373225976955,80,2004T1,2023T4,FALSE,0.12169469762679198,67,0.03500779915252414,0.4409608934988378,0.05468615437204728
elasticidade,uniao_gnd4_dir,fbcf_me,baseline,diferenca,2003T1-2025T4,3,12,0.275986640326077,0.10603153850185575,0.10158027965005498,0.450393001002099,0.009244616236341605,,,33.797367889634536,76,2004T1,2022T4,FALSE,0.1164586052173236,63,0.08157038603940037,0.47040289461275364,0.02087159975952131
elasticidade,uniao_gnd4_dir,fbcf_constr,baseline,diferenca,2003T1-2025T4,3,4,0.052880072504932166,0.02934058021935417,0.0046191127142668625,0.10114103229559747,0.07150065830213014,,,37.34155465054573,84,2004T1,2024T4,FALSE,0.031913847583658506,71,-3.0753497394200163e-4,0.10606767998380634,0.1019397928085144
elasticidade,uniao_gnd4_dir,fbcf_constr,baseline,diferenca,2003T1-2025T4,3,8,0.05483237085565717,0.03203158213490885,0.002145106804058383,0.10751963490725595,0.08692945423858463,,,25.12108873642631,80,2004T1,2023T4,FALSE,0.035001445668487376,67,-0.003547104391868436,0.11321184610318277,0.12192542952449408
elasticidade,uniao_gnd4_dir,fbcf_constr,baseline,diferenca,2003T1-2025T4,3,12,0.06772042876876783,0.04428029029666881,-0.005114167328171909,0.14055502486570756,0.12617564812457852,,,18.892471227433685,76,2004T1,2022T4,FALSE,0.04863478281490732,63,-0.013470585714666777,0.14891144325220243,0.16868822730090452
elasticidade,uniao_gnd4_dir,fbcf_total,baseline,diferenca,2003T1-2025T4,3,4,0.10398124246895658,0.05499990486077916,0.013514449476718121,0.19444803546119505,0.058681592380659515,,,52.60823807117541,84,2004T1,2024T4,FALSE,0.05982358111939412,71,0.00427928261538503,0.20368320232252812,0.08652295519762572
elasticidade,uniao_gnd4_dir,fbcf_total,baseline,diferenca,2003T1-2025T4,3,8,0.13426027439396215,0.06959702342017121,0.01978335799626703,0.2487371907916573,0.05371727818480754,,,36.58802664177827,80,2004T1,2023T4,FALSE,0.07604983180879954,67,0.00741553444490603,0.26110501434301825,0.08204883389160404
elasticidade,uniao_gnd4_dir,fbcf_total,baseline,diferenca,2003T1-2025T4,3,12,0.15686702612291098,0.08312232881822215,0.020142962085605454,0.2935910901602165,0.059135747961032895,,,29.589349967218098,76,2004T1,2022T4,FALSE,0.09129652001056715,63,0.004456412783169689,0.3092776394626523,0.09066890746417748
elasticidade,uniao_gnd4_dir,fbcf_outros,baseline,diferenca,2003T1-2025T4,3,4,0.029381767008349963,0.0354112650355353,-0.028864580720290106,0.08762811473699003,0.40669180599503435,,,46.96734087133581,84,2004T1,2024T4,FALSE,0.038516951833936316,71,-0.0348105717579449,0.09357410577464483,0.4480937276639435
elasticidade,uniao_gnd4_dir,fbcf_outros,baseline,diferenca,2003T1-2025T4,3,8,0.04501473238225146,0.037952039481951326,-0.01741081740984162,0.10744028217434454,0.23558470047597577,,,39.50827888381638,80,2004T1,2023T4,FALSE,0.04147082845739637,67,-0.024155130667224696,0.11418459543172763,0.28161018508804847
elasticidade,uniao_gnd4_dir,fbcf_outros,baseline,diferenca,2003T1-2025T4,3,12,0.0627467611333608,0.04076589898440068,-0.004307175667067967,0.12980069793378957,0.12375613967128116,,,36.28313792131095,76,2004T1,2022T4,FALSE,0.044774788739583564,63,-0.012000370664953186,0.1374938929316748,0.16600591886613067
elasticidade,uniao_gnd4_dir,pim_bk,baseline,diferenca,2003T1-2025T4,3,4,0.2396822982367186,0.0868775486774407,0.09678144719397724,0.38258314927945997,0.0058004799598987715,,,53.35859275317176,84,2004T1,2024T4,FALSE,0.09449700129327382,71,0.08219362816827744,0.39717096830515974,0.013400479527877365
elasticidade,uniao_gnd4_dir,pim_bk,baseline,diferenca,2003T1-2025T4,3,8,0.2568829485002987,0.09052337436334369,0.10798524785486696,0.4057806491457304,0.004543237019087627,,,46.32017126654781,80,2004T1,2023T4,FALSE,0.0989164055700408,67,0.09189868170044224,0.42186721530015514,0.011550393066730478
elasticidade,uniao_gnd4_dir,pim_bk,baseline,diferenca,2003T1-2025T4,3,12,0.25705654337817746,0.08815820152142886,0.11204920586013645,0.4020638808962185,0.0035471517355895868,,,38.8574095511536,76,2004T1,2022T4,FALSE,0.09682761688376004,63,0.09541230462985234,0.4187007821265026,0.010036239092164435
elasticidade,uniao_gnd4_dir,imp_bk_quantum,baseline,diferenca,2003T1-2025T4,3,4,0.22573245464443575,0.10241998988043378,0.057266562817271244,0.39419834647160024,0.027525170177056177,,,53.34232076636128,84,2004T1,2024T4,FALSE,0.11140256675660101,71,0.040068974950962816,0.41139593433790866,0.046494380264642574
elasticidade,uniao_gnd4_dir,imp_bk_quantum,baseline,diferenca,2003T1-2025T4,3,8,0.38187437043633576,0.09251596369619466,0.2296991519997393,0.5340495888729322,3.664746761869484e-5,,,42.94900012166707,80,2004T1,2023T4,FALSE,0.10109374126890354,67,0.21325849033852481,0.5504902505341467,3.390744023641423e-4
elasticidade,uniao_gnd4_dir,imp_bk_quantum,baseline,diferenca,2003T1-2025T4,3,12,0.47740639243362576,0.12075217509168289,0.278786739271792,0.6760260455954595,7.698248673517506e-5,,,32.850833500704724,76,2004T1,2022T4,FALSE,0.1326268588273791,63,0.2559988196492033,0.6988139652180483,6.278308815227066e-4
elasticidade,uniao_gnd4_dir,bndes_priv,baseline,diferenca,2003T1-2025T4,3,4,0.46049011402302664,0.14524077817549155,0.22159029325981522,0.699389934786238,0.001521615899633542,,,54.272037091910896,84,2004T1,2024T4,FALSE,0.15797888190933054,71,0.19720256340981257,0.7237776646362407,0.0047569169981285155
elasticidade,uniao_gnd4_dir,bndes_priv,baseline,diferenca,2003T1-2025T4,3,8,0.49649389816023665,0.2261139810148061,0.12456949638359666,0.8684182999368766,0.028108535986709107,,,52.129503239574575,80,2004T1,2023T4,FALSE,0.24707852980979964,67,0.08438763684050021,0.9086001594799731,0.04851911888063144
elasticidade,uniao_gnd4_dir,bndes_priv,baseline,diferenca,2003T1-2025T4,3,12,0.610998298636704,0.3213094376996808,0.08249130466264609,1.1395052926107618,0.057224985995154666,,,32.64273327267133,76,2004T1,2022T4,FALSE,0.3529067811933376,63,0.021854934057146225,1.2001416632162618,0.08828763571806311
elasticidade,uniao_gnd4_dir,fbcf_cnt_vol,baseline,diferenca,2003T1-2025T4,3,4,0.10366717728927048,0.05459577079634461,0.013865125678691817,0.19346922889984913,0.057589024069463694,,,52.70060653672539,84,2004T1,2024T4,FALSE,0.059384003141068356,71,0.004697817944185376,0.2026365366343556,0.08518742921456071
elasticidade,uniao_gnd4_dir,fbcf_cnt_vol,baseline,diferenca,2003T1-2025T4,3,8,0.13434442464404395,0.0691212040357218,0.020650161486634247,0.24803868780145366,0.05194291582308172,,,36.63021174851999,80,2004T1,2023T4,FALSE,0.0755298960072311,67,0.008366893996725161,0.2603219552913627,0.07982671521029633
elasticidade,uniao_gnd4_dir,fbcf_cnt_vol,baseline,diferenca,2003T1-2025T4,3,12,0.15686939800106423,0.08260016484057947,0.021004217276247655,0.2927345787258808,0.057545878608373444,,,29.570547692290578,76,2004T1,2022T4,FALSE,0.09072300679562939,63,0.005416208896518254,0.3083225871056102,0.0886884390757221
multiplicador,uniao_gnd4_dir,fbcf_real_rs_bi,baseline,diferenca,2003T1-2025T4,3,4,4.585458049539016,1.881023421924176,1.4914498516063666,7.679466247471664,0.014779138726139462,3.5854580495390156,0.05663452226181475,48.29413581333767,84,2004T1,2024T4,FALSE,2.045995489515963,71,1.1756026657699903,7.995313433308041,0.02814209572184099
multiplicador,uniao_gnd4_dir,fbcf_real_rs_bi,baseline,diferenca,2003T1-2025T4,3,8,5.963462103717043,2.699456041168982,1.5232520436041819,10.403672163829903,0.02716527081640691,4.963462103717043,0.06596083459418024,31.70518283724724,80,2004T1,2023T4,FALSE,2.9497407765092594,67,1.0435419301375024,10.883382277296583,0.04720511647517536
multiplicador,uniao_gnd4_dir,fbcf_real_rs_bi,baseline,diferenca,2003T1-2025T4,3,12,6.6359560702574125,3.9443828483821006,0.14802363601093838,13.123888504503887,0.092494918966599185,5.6359560702574125,0.1530455553545242,31.762738703149434,76,2004T1,2022T4,FALSE,4.332270675839282,63,-0.5963462210239596,13.868258361538786,0.13059058622363767
multiplicador,uniao_gnd4_dir,bndes_priv,baseline,diferenca,2003T1-2025T4,3,4,2.266930734185043,0.6543569452131085,1.190609339530376,3.3432521288397097,5.314865352359972e-4,,,40.576214818631584,84,2004T1,2024T4,FALSE,0.7117462455996104,71,1.0807346844521155,3.4531267839179702,0.002150675497705937
multiplicador,uniao_gnd4_dir,bndes_priv,baseline,diferenca,2003T1-2025T4,3,8,2.222199977082782,0.725958113043899,1.0281051418276783,3.4162948123378856,0.0022055627687071117,,,32.972157021667705,80,2004T1,2023T4,FALSE,0.7932665749785623,67,0.8990978738932325,3.5453020802723314,0.006646081466333914
multiplicador,uniao_gnd4_dir,bndes_priv,baseline,diferenca,2003T1-2025T4,3,12,2.1922642647026804,0.9379285454703856,0.6495090948643985,3.7350194345409626,0.019421160036894987,,,28.584401637288206,76,2004T1,2022T4,FALSE,1.0301637771395957,63,0.4725065664239574,3.9120219629814033,0.03724967834872618
multiplicador,uniao_gnd4_dir,imp_bk_real,baseline,diferenca,2003T1-2025T4,3,4,0.028017638518676974,0.2523459465533284,-0.38705450691606746,0.44308978395342147,0.911593600304093,,,51.82773772122768,84,2004T1,2024T4,FALSE,0.27447753304294487,71,-0.42942652426955374,0.48546180130690775,0.9189838895831175
multiplicador,uniao_gnd4_dir,imp_bk_real,baseline,diferenca,2003T1-2025T4,3,8,0.2787363955079518,0.26765837948469506,-0.1615224607714022,0.7189952517873058,0.2976952131800581,,,39.596121396361276,80,2004T1,2023T4,FALSE,0.2924747890313845,67,-0.20908701808766372,0.7665598091035674,0.3440020354160823
multiplicador,uniao_gnd4_dir,imp_bk_real,baseline,diferenca,2003T1-2025T4,3,12,0.5042168173185962,0.3420000971309147,-0.05832328286494437,1.0667569175021367,0.14039605539709896,,,36.237864363292914,76,2004T1,2022T4,FALSE,0.37563214548054913,63,-0.12286432089112909,1.1312979555283216,0.18431103952148178
elasticidade,uniao_econ_dir,fbcf_me,baseline,diferenca,2003T1-2025T4,3,4,0.09322790674107766,0.08469169768668477,-0.04607753937154334,0.23253335285369864,0.27098738216645274,,,24.81334130270308,84,2004T1,2024T4,FALSE,0.09211944383401273,71,-0.060298326878102534,0.24675414036025783,0.3149588589399894
elasticidade,uniao_econ_dir,fbcf_me,baseline,diferenca,2003T1-2025T4,3,8,0.11922855221428176,0.09852587794773102,-0.042832095476621604,0.28128919990518514,0.22623122678875957,,,25.478552938748166,80,2004T1,2023T4,FALSE,0.10766087511391478,67,-0.06034075624712369,0.2987978606756872,0.272061412790976
elasticidade,uniao_econ_dir,fbcf_me,baseline,diferenca,2003T1-2025T4,3,12,0.17606247314789053,0.13294730747104935,-0.04261638773929746,0.3947413340350785,0.18540254690609842,,,20.25246356436886,76,2004T1,2022T4,FALSE,0.1460212519240782,63,-0.0677057292305758,0.4198306755263569,0.2324298948062699
elasticidade,uniao_econ_dir,fbcf_constr,baseline,diferenca,2003T1-2025T4,3,4,0.012826924090940744,0.016913614097844656,-0.01499349540275658,0.04064734358463807,0.4482243259841298,,,24.41055239840173,84,2004T1,2024T4,FALSE,0.01839699482327802,71,-0.01783350119580621,0.043487349377687695,0.48793610382898955
elasticidade,uniao_econ_dir,fbcf_constr,baseline,diferenca,2003T1-2025T4,3,8,0.011381988289904763,0.022751595357207388,-0.026041055852330068,0.04880503243213959,0.6168834995623287,,,23.999287314094133,80,2004T1,2023T4,FALSE,0.02486104886773087,67,-0.030084155730195697,0.05284813231000522,0.6485601225337476
elasticidade,uniao_econ_dir,fbcf_constr,baseline,diferenca,2003T1-2025T4,3,12,0.015660999640860755,0.0438630858954669,-0.056487356283581903,0.08780935556530342,0.7210597539337369,,,16.782282380296426,76,2004T1,2022T4,FALSE,0.04817655082713273,63,-0.0647650413441258,0.09608704062584733,0.7462012807292635
elasticidade,uniao_econ_dir,fbcf_total,baseline,diferenca,2003T1-2025T4,3,4,0.049563857776393126,0.0353675911886563,-0.008610652866805096,0.10773836841959135,0.1610968965506098,,,25.013662791806713,84,2004T1,2024T4,FALSE,0.03846944764409862,71,-0.014549310523349047,0.1136770260761353,0.20179117838438235
elasticidade,uniao_econ_dir,fbcf_total,baseline,diferenca,2003T1-2025T4,3,8,0.06473235418011411,0.047205676377291145,-0.012914073821770636,0.14237878218199884,0.17028666945740356,,,25.438619116198996,80,2004T1,2023T4,FALSE,0.05158243230087816,67,-0.02130281585937588,0.1507675242196041,0.2138638515109869
elasticidade,uniao_econ_dir,fbcf_total,baseline,diferenca,2003T1-2025T4,3,12,0.08522939779264606,0.06857224496707226,-0.027561908049647532,0.19802070363493965,0.21389955561649776,,,20.612096143761885,76,2004T1,2022T4,FALSE,0.07531559117522478,63,-0.040502617444436215,0.21096141302972832,0.2620790882244483
elasticidade,uniao_econ_dir,fbcf_outros,baseline,diferenca,2003T1-2025T4,3,4,-9.111114019692973e-4,0.02457858352065781,-0.041339283651252966,0.03951706084731437,0.9704297335130754,,,26.946236533599365,84,2004T1,2024T4,FALSE,0.026734207791265,71,-0.04546633297257558,0.043644110168636986,0.9729087015069561
elasticidade,uniao_econ_dir,fbcf_outros,baseline,diferenca,2003T1-2025T4,3,8,0.008989251160931168,0.03127367065244852,-0.04245135943983458,0.060429861761696915,0.7737767281204514,,,30.27909306012992,80,2004T1,2023T4,FALSE,0.03417326311218626,67,-0.04800888505551713,0.06598738737737947,0.7933198656296375
elasticidade,uniao_econ_dir,fbcf_outros,baseline,diferenca,2003T1-2025T4,3,12,0.03642603393590321,0.03874687692971558,-0.027306907114981765,0.10015897498678819,0.34716501218081164,,,26.498956846186775,76,2004T1,2022T4,FALSE,0.0425572174799953,63,-0.03461907947486095,0.10747114734666738,0.3952798391495963
elasticidade,uniao_econ_dir,pim_bk,baseline,diferenca,2003T1-2025T4,3,4,0.11964832095971643,0.06718626125772463,0.009136755448638942,0.23015988647079394,0.07493776713400704,,,24.029121442136947,84,2004T1,2024T4,FALSE,0.073078721874781,71,-0.002144651947879536,0.2414412938673124,0.10600279022510019
elasticidade,uniao_econ_dir,pim_bk,baseline,diferenca,2003T1-2025T4,3,8,0.1300589390881478,0.0769808368165034,0.003436730444762809,0.25668114773153283,0.09112411130213253,,,24.732344995943407,80,2004T1,2023T4,FALSE,0.08411824823385997,67,-0.010243242631595623,0.2703611208078912,0.12678045939433627
elasticidade,uniao_econ_dir,pim_bk,baseline,diferenca,2003T1-2025T4,3,12,0.16140291091781359,0.09707745655889136,0.0017247044016972246,0.32108111743393,0.09638854551532777,,,20.83795186252888,76,2004T1,2022T4,FALSE,0.10662398517112852,63,-0.016595406814102626,0.33940122864972977,0.13508823897041025
elasticidade,uniao_econ_dir,imp_bk_quantum,baseline,diferenca,2003T1-2025T4,3,4,0.15821717793171186,0.07672078968412893,0.03202270875719135,0.28441164710623235,0.03918427625274826,,,25.846488927884536,84,2004T1,2024T4,FALSE,0.0834494604459838,71,0.019140335664734748,0.297294020198689,0.06203463467739465
elasticidade,uniao_econ_dir,imp_bk_quantum,baseline,diferenca,2003T1-2025T4,3,8,0.27365446071814925,0.08914165343254056,0.1270294887571838,0.4202794326791147,0.0021414252749813747,,,26.90043436196466,80,2004T1,2023T4,FALSE,0.09740657599356756,67,0.11118846299844853,0.43612045843784997,0.006498986870567022
elasticidade,uniao_econ_dir,imp_bk_quantum,baseline,diferenca,2003T1-2025T4,3,12,0.38620441186299487,0.13601522507148994,0.16247927558353392,0.6099295481424558,0.0045195562195444764,,,22.3522395498975,76,2004T1,2022T4,FALSE,0.14939086637763754,63,0.13681096762946116,0.6355978560965285,0.012058927741164186
elasticidade,uniao_econ_dir,bndes_priv,baseline,diferenca,2003T1-2025T4,3,4,0.14846251355411338,0.1414804721870612,-0.08425215426558103,0.3811771813738078,0.29401712634584143,,,25.707874718952727,84,2004T1,2024T4,FALSE,0.1538887844645798,71,-0.10800848205514868,0.40493350916337545,0.33795008433049534
elasticidade,uniao_econ_dir,bndes_priv,baseline,diferenca,2003T1-2025T4,3,8,0.14856651384312197,0.19267223355651655,-0.16835110833515532,0.46548413602139926,0.4406570289125596,,,28.299873667758543,80,2004T1,2023T4,FALSE,0.21053617290121143,67,-0.20259016154131537,0.4997231892275593,0.48284727362918567
elasticidade,uniao_econ_dir,bndes_priv,baseline,diferenca,2003T1-2025T4,3,12,0.20173943916256587,0.298342708664829,-0.2889906472593043,0.692469525584436,0.49891346071929416,,,21.274408786996922,76,2004T1,2022T4,FALSE,0.3276815202229308,63,-0.3452928187098607,0.7487716970349925,0.5403387689997629
elasticidade,uniao_econ_dir,fbcf_cnt_vol,baseline,diferenca,2003T1-2025T4,3,4,0.049205144903657363,0.035285923470025946,-0.00883503429634687,0.1072453241036616,0.16317586630295602,,,25.010015833012424,84,2004T1,2024T4,FALSE,0.03838061739243389,71,-0.014759978929011139,0.11317026873632587,0.2040022169803665
elasticidade,uniao_econ_dir,fbcf_cnt_vol,baseline,diferenca,2003T1-2025T4,3,8,0.06471650129625484,0.047237864943230796,-0.012982872185062111,0.14241587477757178,0.17068276277881073,,,25.43729493841051,80,2004T1,2023T4,FALSE,0.05161760528537634,67,-0.021377334330860906,0.1508103369233706,0.214283485618359
elasticidade,uniao_econ_dir,fbcf_cnt_vol,baseline,diferenca,2003T1-2025T4,3,12,0.08511862247037201,0.06866066617392816,-0.027818123314717932,0.19805536825546194,0.21508640617980776,,,20.548874376035712,76,2004T1,2022T4,FALSE,0.07541270766120212,63,-0.040775519244165184,0.21101276418490922,0.2633025328539191
multiplicador,uniao_econ_dir,fbcf_real_rs_bi,baseline,diferenca,2003T1-2025T4,3,4,9.902288209860362,3.641338212341757,3.912819844333036,15.891756575387689,0.006539867071579423,8.902288209860362,0.01449386073237963,27.74480096057095,84,2004T1,2024T4,FALSE,3.9606957953943382,71,3.3013939505128977,16.50318246920783,0.01472601676783967
multiplicador,uniao_econ_dir,fbcf_real_rs_bi,baseline,diferenca,2003T1-2025T4,3,8,13.260335165395055,5.52972040363477,4.164754503448849,22.355915827341263,0.01648433104926798,12.260335165395055,0.026611415306392616,24.033819317643513,80,2004T1,2023T4,FALSE,6.042417994046402,67,3.1820888249524035,23.33858150583771,0.03166731811432436
multiplicador,uniao_econ_dir,fbcf_real_rs_bi,baseline,diferenca,2003T1-2025T4,3,12,18.143129744565304,8.253387534990205,4.567515323000599,31.71874416613001,0.027930254688797423,17.143129744565304,0.037792123802497614,19.261915185782193,76,2004T1,2022T4,FALSE,9.065019844319071,63,3.0099654766427015,33.27629401248791,0.049655920433278475
multiplicador,uniao_econ_dir,bndes_priv,baseline,diferenca,2003T1-2025T4,3,4,2.3169595135169043,1.815714365897771,-0.6696248467379355,5.303543873771744,0.20193449699809723,,,33.362733120003924,84,2004T1,2024T4,FALSE,1.974958610071962,71,-0.9745058312420238,5.608424858275832,0.244648981232494
multiplicador,uniao_econ_dir,bndes_priv,baseline,diferenca,2003T1-2025T4,3,8,1.3251817959207344,2.229047523767826,-2.341275108195971,4.99163870003744,0.5521738298083618,,,27.671552580050896,80,2004T1,2023T4,FALSE,2.4357175198850944,67,-2.7373907049093855,5.387754296750854,0.5882047135831767
multiplicador,uniao_econ_dir,bndes_priv,baseline,diferenca,2003T1-2025T4,3,12,1.308839852121216,2.900544319012684,-3.462130991140283,6.079810695382715,0.6518170222137025,,,21.75673613581327,76,2004T1,2022T4,FALSE,3.1857818016791,63,-4.009511365475006,6.627191069717438,0.6825854928962884
multiplicador,uniao_econ_dir,imp_bk_real,baseline,diferenca,2003T1-2025T4,3,4,-0.06566858674475551,0.6183141227187261,-1.0827048140939695,0.9513676406044584,0.91541901702994,,,31.654355938212166,84,2004T1,2024T4,FALSE,0.6725423465979192,71,-1.1865274317963181,1.0551902583068071,0.9224914512790273
multiplicador,uniao_econ_dir,imp_bk_real,baseline,diferenca,2003T1-2025T4,3,8,0.6555296973934734,0.6698883352073058,-0.44633856042474673,1.7573979552116936,0.32779465103074806,,,28.655809346824054,80,2004T1,2023T4,FALSE,0.7319981907218613,67,-0.5653818804089987,1.8764412751959456,0.373707565572608
multiplicador,uniao_econ_dir,imp_bk_real,baseline,diferenca,2003T1-2025T4,3,12,1.2260033513001434,0.9156330484468186,-0.2800789893942386,2.7320856919945253,0.18058109070894054,,,24.179119033973905,76,2004T1,2022T4,FALSE,1.005675756663064,63,-0.4528739911898556,2.904880693790142,0.22735717976190162
elasticidade,uniao_soc_dir,fbcf_me,baseline,diferenca,2003T1-2025T4,3,4,0.15161479769151018,0.07936848637421778,0.021065255013229617,0.28216434036979077,0.05609917302412041,,,83.10565190049023,84,2004T1,2024T4,FALSE,0.08632936902255361,71,0.007738300774804419,0.29549129460821594,0.08336020103238927
elasticidade,uniao_soc_dir,fbcf_me,baseline,diferenca,2003T1-2025T4,3,8,0.16791686590000787,0.09275856171220448,0.015342609236886434,0.3204911225631293,0.07025589141014461,,,43.15495090731263,80,2004T1,2023T4,FALSE,0.10135883217952067,67,-0.0011411635993248126,0.33697489539934056,0.10226493828877184
elasticidade,uniao_soc_dir,fbcf_me,baseline,diferenca,2003T1-2025T4,3,12,0.16206242584079797,0.09115751922793969,0.01212164971482288,0.31200320196677306,0.0754320438694857,,,28.088469775625953,76,2004T1,2022T4,FALSE,0.100121885378202,63,-0.005081272051047275,0.32920612373264324,0.11051832083561686
elasticidade,uniao_soc_dir,fbcf_constr,baseline,diferenca,2003T1-2025T4,3,4,0.09346428727637439,0.034369664811854085,0.03693121945348983,0.14999735509925893,0.006540379943922815,,,153.91215560952725,84,2004T1,2024T4,FALSE,0.037383999774599073,71,0.031160126025073592,0.15576844852767519,0.014726925896549793
elasticidade,uniao_soc_dir,fbcf_constr,baseline,diferenca,2003T1-2025T4,3,8,0.10958844565814677,0.04147217129306636,0.04137279428919387,0.17780409702709965,0.008230682014130877,,,60.96376385400933,80,2004T1,2023T4,FALSE,0.04531733537715229,67,0.034002931734184005,0.18517395958210953,0.01832037465755472
elasticidade,uniao_soc_dir,fbcf_constr,baseline,diferenca,2003T1-2025T4,3,12,0.1151759106101061,0.05166179345731394,0.03019982226702546,0.20015199895318675,0.025785876179654815,,,29.45391397685926,76,2004T1,2022T4,FALSE,0.056742177790421636,63,0.020450392942293255,0.20990142827791894,0.04660403353921871
elasticidade,uniao_soc_dir,fbcf_total,baseline,diferenca,2003T1-2025T4,3,4,0.1168419342505924,0.04827914562875907,0.03742980645700977,0.19625406204417503,0.015514848438863919,,,93.49351808964413,84,2004T1,2024T4,FALSE,0.05251338874509089,71,0.029323138510350455,0.20436072999083435,0.02926029672845607
elasticidade,uniao_soc_dir,fbcf_total,baseline,diferenca,2003T1-2025T4,3,8,0.1307881455901377,0.06089222404112769,0.03062935002294724,0.23094694115732817,0.031724652737648434,,,56.87687532268815,80,2004T1,2023T4,FALSE,0.06653795190110602,67,0.019808423414578266,0.24176786776569714,0.053489516406107926
elasticidade,uniao_soc_dir,fbcf_total,baseline,diferenca,2003T1-2025T4,3,12,0.13254045774229423,0.0634448100541057,0.02818303181355128,0.23689788367103717,0.036701694215624386,,,34.39254565252601,76,2004T1,2022T4,FALSE,0.06968392792914029,63,0.01620995364013003,0.24887096184445842,0.06174212769542655
elasticidade,uniao_soc_dir,fbcf_outros,baseline,diferenca,2003T1-2025T4,3,4,0.018188500745545462,0.04138061987739289,-0.049876561945284385,0.0862535634363753,0.6602692007495448,,,88.31796608675833,84,2004T1,2024T4,FALSE,0.045009839131037295,71,-0.05682488177166355,0.09320188326275447,0.6873534427123361
elasticidade,uniao_soc_dir,fbcf_outros,baseline,diferenca,2003T1-2025T4,3,8,0.02002537815093297,0.04553032978765681,-0.05486534993659095,0.0949161062384569,0.6600638458538963,,,54.953157275460356,80,2004T1,2023T4,FALSE,0.04975175305481416,67,-0.06295637247428486,0.1030071287761508,0.6885930388059829
elasticidade,uniao_soc_dir,fbcf_outros,baseline,diferenca,2003T1-2025T4,3,12,0.003804618785628655,0.06872004399699916,-0.10922979482710012,0.11683903239835743,0.9558484493534709,,,33.013051301393986,76,2004T1,2022T4,FALSE,0.07547792465751656,63,-0.12219839632744892,0.12980763389870623,0.9599575039382817
elasticidade,uniao_soc_dir,pim_bk,baseline,diferenca,2003T1-2025T4,3,4,0.19852276839528993,0.061267846535339905,0.09774612880612994,0.29929940798444993,0.001194274821681179,,,94.91680160818954,84,2004T1,2024T4,FALSE,0.06664124231660666,71,0.08745849671984424,0.3095870400707356,0.003956048358402177
elasticidade,uniao_soc_dir,pim_bk,baseline,diferenca,2003T1-2025T4,3,8,0.20930582443193207,0.06589552524250217,0.10091733073693014,0.317694318126934,0.0014915203128521948,,,59.334558382614006,80,2004T1,2023T4,FALSE,0.07200514282615661,67,0.08920728641357886,0.32940436245028526,0.004945784490758712
elasticidade,uniao_soc_dir,pim_bk,baseline,diferenca,2003T1-2025T4,3,12,0.19379304426593155,0.06119271210063508,0.09313998982420474,0.29444609870765837,0.0015405732315362196,,,32.61502191589433,76,2004T1,2022T4,FALSE,0.06721036025126124,63,0.08159191954076077,0.3059941689911023,0.005376739803199727
elasticidade,uniao_soc_dir,imp_bk_quantum,baseline,diferenca,2003T1-2025T4,3,4,0.18616663497213717,0.09640178721788248,0.02759980562219916,0.3447334643220752,0.053464090240242124,,,87.53573292951604,84,2004T1,2024T4,FALSE,0.10485654752097809,71,0.011412748700165426,0.3609205212441089,0.0801105396013161
elasticidade,uniao_soc_dir,imp_bk_quantum,baseline,diferenca,2003T1-2025T4,3,8,0.3263528286603992,0.09570111675251289,0.16893849966672217,0.4837671576540763,6.493296758436722e-4,,,42.68269623782172,80,2004T1,2023T4,FALSE,0.10457421129929394,67,0.15193181651423215,0.5007738408065663,0.002661008527731897
elasticidade,uniao_soc_dir,imp_bk_quantum,baseline,diferenca,2003T1-2025T4,3,12,0.37425717208100834,0.094689241051019,0.21850723050495757,0.5300071136570591,7.734593973142036e-5,,,26.85495327514722,76,2004T1,2022T4,FALSE,0.10400091423454744,63,0.20063781479831516,0.5478765293637016,6.298848885503095e-4
elasticidade,uniao_soc_dir,bndes_priv,baseline,diferenca,2003T1-2025T4,3,4,0.635708797368729,0.14759045529923778,0.3929441016663587,0.8784734930710993,1.6529772026699406e-5,,,79.58740241529654,84,2004T1,2024T4,FALSE,0.16053463360331313,71,0.36816183185555096,0.903255762881907,1.7605767444589412e-4
elasticidade,uniao_soc_dir,bndes_priv,baseline,diferenca,2003T1-2025T4,3,8,0.6879436487766537,0.2090148652634719,0.3441447895612588,1.0317425079920486,9.970341320774268e-4,,,43.220415285996346,80,2004T1,2023T4,FALSE,0.2283940399700909,67,0.30700154914444394,1.0688857484088634,0.003658081785654298
elasticidade,uniao_soc_dir,bndes_priv,baseline,diferenca,2003T1-2025T4,3,12,0.8118320388956157,0.2263442704075038,0.4395288447761485,1.184135233015083,3.348719650926133e-4,,,28.229598756869482,76,2004T1,2022T4,FALSE,0.24860280632567905,63,0.3968139616929786,1.2268501160982528,0.0017689562897028048
elasticidade,uniao_soc_dir,fbcf_cnt_vol,baseline,diferenca,2003T1-2025T4,3,4,0.11602737152692305,0.04812125619846571,0.03687494873541575,0.19517979431843036,0.015902483722020074,,,94.1804588618078,84,2004T1,2024T4,FALSE,0.05234165188181887,71,0.028794792384332663,0.20325995066951344,0.02984570980352109
elasticidade,uniao_soc_dir,fbcf_cnt_vol,baseline,diferenca,2003T1-2025T4,3,8,0.13015787066628734,0.06089777101502701,0.02998995113895997,0.2303257901936147,0.0325721778209092,,,56.93159422759459,80,2004T1,2023T4,FALSE,0.06654401317228344,67,0.01916803879885909,0.2411477025337156,0.054640236960784065
elasticidade,uniao_soc_dir,fbcf_cnt_vol,baseline,diferenca,2003T1-2025T4,3,12,0.13182642493497423,0.06365472546772068,0.02712371887679367,0.2365291309931548,0.038362483355610884,,,34.383527034210914,76,2004T1,2022T4,FALSE,0.06991448627648322,63,0.015111026215522655,0.24854182365442581,0.0639699707234551
multiplicador,uniao_soc_dir,fbcf_real_rs_bi,baseline,diferenca,2003T1-2025T4,3,4,39.867636214454905,9.55774789524185,24.146539923478556,55.58873250543125,3.029499377210142e-5,38.867636214454905,4.770190892084225e-5,50.241843947799076,84,2004T1,2024T4,FALSE,10.3959944653915,71,22.541675390448102,57.193597038461704,2.692075488785087e-4
multiplicador,uniao_soc_dir,fbcf_real_rs_bi,baseline,diferenca,2003T1-2025T4,3,8,47.87404287387002,10.876537864036825,29.983730119534034,65.764355628206,1.0746126948763586e-5,46.87404287387002,1.6351506073298705e-5,41.11268064924729,80,2004T1,2023T4,FALSE,11.884974882162934,67,28.050901752148473,67.69718399559156,1.459460747962208e-4
multiplicador,uniao_soc_dir,fbcf_real_rs_bi,baseline,diferenca,2003T1-2025T4,3,12,49.500117462511895,11.549237422491693,30.50331239960277,68.49692252542101,1.8191290168223748e-5,48.500117462511895,2.6759762501642554e-5,24.801713160673618,76,2004T1,2022T4,FALSE,12.684981285295223,63,28.323781522530705,70.67645340249308,2.344163756931486e-4
multiplicador,uniao_soc_dir,bndes_priv,baseline,diferenca,2003T1-2025T4,3,4,24.800544219382726,3.6570416643899644,18.785245973798247,30.815842464967204,1.1886331097656283e-11,,,48.519305198809114,84,2004T1,2024T4,FALSE,3.977776492894424,71,18.171183275417604,31.429905163347847,2.872451309894498e-8
multiplicador,uniao_soc_dir,bndes_priv,baseline,diferenca,2003T1-2025T4,3,8,23.42590391658718,4.738039002460809,15.632523278751988,31.219284554422373,7.644960396826187e-7,,,35.340193193333924,80,2004T1,2023T4,FALSE,5.177334482615873,67,14.790544304908142,32.061263528266224,2.5393642208167154e-5
multiplicador,uniao_soc_dir,bndes_priv,baseline,diferenca,2003T1-2025T4,3,12,24.325424813269343,5.455717244017522,15.351568516825436,33.29928110971325,8.245694243123221e-6,,,30.32601418895555,76,2004T1,2022T4,FALSE,5.992228630043515,63,14.321985025299528,34.32886460123916,1.382758524242346e-4
multiplicador,uniao_soc_dir,imp_bk_real,baseline,diferenca,2003T1-2025T4,3,4,1.1199417198898796,2.1043064498442465,-2.341334376353804,4.581217816133563,0.5945776668704783,,,60.34925021767048,84,2004T1,2024T4,FALSE,2.288861188414393,71,-2.6946735546829896,4.934556994462749,0.6261369839111932
multiplicador,uniao_soc_dir,imp_bk_real,baseline,diferenca,2003T1-2025T4,3,8,3.244506735066428,1.8652941868868171,0.1763708264341508,6.312642643698705,0.08196310648545378,,,42.246342660900524,80,2004T1,2023T4,FALSE,2.038238163294211,67,-0.15510354188070563,6.644117012013561,0.1161328462159933
multiplicador,uniao_soc_dir,imp_bk_real,baseline,diferenca,2003T1-2025T4,3,12,4.269544579987855,1.6430458687086789,1.5669746235947533,6.972114536380957,0.009361712569923597,,,28.14345021334734,76,2004T1,2022T4,FALSE,1.8046218406474372,63,1.256904869870385,7.282184290105325,0.02107575489416048
elasticidade,uniao_econ_dt_g1,fbcf_me,baseline,diferenca,2003T1-2025T4,3,4,0.10163627446137193,0.09181414494916318,-0.049384554863707256,0.2526571037864511,0.26830327106214,,,28.655893062375572,84,2004T1,2024T4,FALSE,0.09986655362727588,71,-0.06480128969229425,0.2680738386150381,0.3122661391113485
elasticidade,uniao_econ_dt_g1,fbcf_me,baseline,diferenca,2003T1-2025T4,3,8,0.12532237623767253,0.10236631155752914,-0.043055222605373616,0.29369997508071866,0.22085638772719612,,,29.261603958143855,80,2004T1,2023T4,FALSE,0.11185738116755385,67,-0.06124635229354686,0.3118911047688919,0.2665533997052584
elasticidade,uniao_econ_dt_g1,fbcf_me,baseline,diferenca,2003T1-2025T4,3,12,0.19134469432029505,0.13271093348448443,-0.026945365957774664,0.40963475459836474,0.1493544005446385,,,21.77524799375893,76,2004T1,2022T4,FALSE,0.14576163308638182,63,-0.051990099793724015,0.43467948843431414,0.19403825175334222
elasticidade,uniao_econ_dt_g1,fbcf_constr,baseline,diferenca,2003T1-2025T4,3,4,0.011907166662028776,0.018987356197764912,-0.019324255046084343,0.043138588370141895,0.5305869352146189,,,25.98646833399296,84,2004T1,2024T4,FALSE,0.020652611065693546,71,-0.02251246788364819,0.04632680120770574,0.566070027722561
elasticidade,uniao_econ_dt_g1,fbcf_constr,baseline,diferenca,2003T1-2025T4,3,8,0.01207397233906761,0.023368297018444617,-0.026363455767400276,0.050511400445535495,0.6053783456210342,,,23.84407595655562,80,2004T1,2023T4,FALSE,0.02553492909002362,67,-0.030516147362773215,0.054664092040908434,0.6378630919445862
elasticidade,uniao_econ_dt_g1,fbcf_constr,baseline,diferenca,2003T1-2025T4,3,12,0.021789212211763685,0.04110885101408117,-0.0458288304785554,0.08940725490208276,0.596086275153831,,,14.557259853990221,76,2004T1,2022T4,FALSE,0.04515146642998925,63,-0.05358674615978092,0.09716517058330829,0.6310663223254713
elasticidade,uniao_econ_dt_g1,fbcf_total,baseline,diferenca,2003T1-2025T4,3,4,0.04621306261423108,0.038959187330191054,-0.01786909796891549,0.11029522319737765,0.23554662390365425,,,27.555064819411662,84,2004T1,2024T4,FALSE,0.042376038822121306,71,-0.024410829208032975,0.11683695443649514,0.2791595356785266
elasticidade,uniao_econ_dt_g1,fbcf_total,baseline,diferenca,2003T1-2025T4,3,8,0.06239034150104296,0.04964312199507076,-0.01926532776574355,0.14404601076782947,0.20883434150707225,,,26.877261974157346,80,2004T1,2023T4,FALSE,0.054245869904468405,67,-0.02808721903639487,0.15286790203848077,0.2541749282686208
elasticidade,uniao_econ_dt_g1,fbcf_total,baseline,diferenca,2003T1-2025T4,3,12,0.0852629370384192,0.06977563827596145,-0.02950777465264992,0.2000336487294883,0.22172330616822497,,,19.008941178851018,76,2004T1,2022T4,FALSE,0.0766373253333936,63,-0.04267558413881589,0.21320145821565428,0.2701286005957739
elasticidade,uniao_econ_dt_g1,fbcf_outros,baseline,diferenca,2003T1-2025T4,3,4,5.035055489166287e-4,0.027727156233298127,-0.045103607946473896,0.046110619044307154,0.9855117769061962,,,30.237840722314743,84,2004T1,2024T4,FALSE,0.03015892089871019,71,-0.04975934171643105,0.05076635281426431,0.9867266999972084
elasticidade,uniao_econ_dt_g1,fbcf_outros,baseline,diferenca,2003T1-2025T4,3,8,0.011917281353510913,0.03378030569930523,-0.04364637699552075,0.06748093970254258,0.7242474946413762,,,31.829107373456,80,2004T1,2023T4,FALSE,0.036912305162427814,67,-0.049649347235753094,0.07348390994277493,0.7478113106130531
elasticidade,uniao_econ_dt_g1,fbcf_outros,baseline,diferenca,2003T1-2025T4,3,12,0.04722580126624151,0.03662130430323828,-0.01301088394063351,0.10746248647311654,0.19719937253122233,,,24.986228557178368,76,2004T1,2022T4,FALSE,0.04022261754053166,63,-0.019921925818785463,0.11437352835126849,0.24477003953973886
elasticidade,uniao_econ_dt_g1,pim_bk,baseline,diferenca,2003T1-2025T4,3,4,0.1230894813262593,0.07027266578221981,0.007501232138826475,0.23867773051369212,0.079842906564897,,,27.213024647231407,84,2004T1,2024T4,FALSE,0.07643581443531869,71,-0.004298420895706062,0.2504773835482247,0.11175577393470286
elasticidade,uniao_econ_dt_g1,pim_bk,baseline,diferenca,2003T1-2025T4,3,8,0.1338211466346817,0.07576582222265792,0.009197459152782417,0.258444834116581,0.07735444022750186,,,27.504978201684818,80,2004T1,2023T4,FALSE,0.08279058146068004,67,-0.004266598279909939,0.27190889154927333,0.11071121125186889
elasticidade,uniao_econ_dt_g1,pim_bk,baseline,diferenca,2003T1-2025T4,3,12,0.17241240168742875,0.09112680032002105,0.022522153668559614,0.32230264970629785,0.05849025636020101,,,21.304889899667874,76,2004T1,2022T4,FALSE,0.10008814559454375,63,0.005325029065382486,0.339499774309475,0.08986588900741967
elasticidade,uniao_econ_dt_g1,imp_bk_quantum,baseline,diferenca,2003T1-2025T4,3,4,0.18156315310929624,0.08815727757411254,0.0365573353493496,0.32656897086924286,0.039442848081521154,,,30.31433291333618,84,2004T1,2024T4,FALSE,0.09588896670948083,71,0.02175463395379934,0.34137167226479315,0.06237008855335184
elasticidade,uniao_econ_dt_g1,imp_bk_quantum,baseline,diferenca,2003T1-2025T4,3,8,0.2927852756653935,0.0956098385516612,0.1355210859514489,0.45004946537933804,0.0021964882450226523,,,31.29117273759243,80,2004T1,2023T4,FALSE,0.10447447008219228,67,0.11853062350247096,0.467039927828316,0.006625327298088013
elasticidade,uniao_econ_dt_g1,imp_bk_quantum,baseline,diferenca,2003T1-2025T4,3,12,0.414869933755597,0.13915551479379412,0.18597948053672558,0.6437603869744684,0.002869897587705114,,,23.485907572103606,76,2004T1,2022T4,FALSE,0.15283996997648272,63,0.1597185483112542,0.6700213191999398,0.008554832882397065
elasticidade,uniao_econ_dt_g1,bndes_priv,baseline,diferenca,2003T1-2025T4,3,4,0.172845547402204,0.15260538170340593,-0.07816796818495694,0.42385906298936493,0.25736935123255045,,,29.658333068980816,84,2004T1,2024T4,FALSE,0.16598938588528453,71,-0.10379230640037432,0.44948340120478236,0.3012670109058777
elasticidade,uniao_econ_dt_g1,bndes_priv,baseline,diferenca,2003T1-2025T4,3,8,0.18297331474654893,0.19971935378171923,-0.14553578869371603,0.5114824181868138,0.35958710017072226,,,34.093278865264615,80,2004T1,2023T4,FALSE,0.2182366790654984,67,-0.18102715895608623,0.5469737884491841,0.4047778579364435
elasticidade,uniao_econ_dt_g1,bndes_priv,baseline,diferenca,2003T1-2025T4,3,12,0.25835070005956046,0.29732467636891685,-0.23070487224802488,0.7474062723671457,0.38489209948966063,,,23.529193643989068,76,2004T1,2022T4,FALSE,0.32656337534902574,63,-0.2868149242761789,0.8035163243952999,0.431842514812509
elasticidade,uniao_econ_dt_g1,fbcf_cnt_vol,baseline,diferenca,2003T1-2025T4,3,4,0.04585494394088775,0.03885594658716027,-0.018057400731635462,0.10976728861341097,0.23794978664808153,,,27.528319062001366,84,2004T1,2024T4,FALSE,0.04226374351940828,71,-0.024581796568242872,0.11629168445001838,0.2816047443571422
elasticidade,uniao_econ_dt_g1,fbcf_cnt_vol,baseline,diferenca,2003T1-2025T4,3,8,0.06244246591741735,0.04965250285278766,-0.019228633487208713,0.14411356532204342,0.20854025497999418,,,26.853378494574834,80,2004T1,2023T4,FALSE,0.05425612052463194,67,-0.028052191794570816,0.15293712362940554,0.2538710694195966
elasticidade,uniao_econ_dt_g1,fbcf_cnt_vol,baseline,diferenca,2003T1-2025T4,3,12,0.08519800477965002,0.0698682755823309,-0.0297250817207919,0.20012109128009192,0.2226889917738132,,,18.965904744014722,76,2004T1,2022T4,FALSE,0.07673907252713716,63,-0.042910373388873005,0.21330638294817306,0.27111966455672915
multiplicador,uniao_econ_dt_g1,fbcf_real_rs_bi,baseline,diferenca,2003T1-2025T4,3,4,8.691412663518147,3.4358860780073233,3.0398829863157344,14.342942340720558,0.011419307885131614,7.691412663518147,0.02518502329397803,27.92076052304065,84,2004T1,2024T4,FALSE,3.737224819296826,71,2.46295505658114,14.919870270455153,0.022899545619642594
multiplicador,uniao_econ_dt_g1,fbcf_real_rs_bi,baseline,diferenca,2003T1-2025T4,3,8,11.59963677893084,4.976948135194604,3.4132855876066337,19.785987970255047,0.019770628689887586,10.59963677893084,0.03319256587572271,22.15210335790723,80,2004T1,2023T4,FALSE,5.438394488764431,67,2.5288509762476377,20.67042258161404,0.036598715506593285
multiplicador,uniao_econ_dt_g1,fbcf_real_rs_bi,baseline,diferenca,2003T1-2025T4,3,12,16.40449222798771,6.82934514821375,5.17121909124489,27.63776536473053,0.016303064034874318,15.40449222798771,0.024093661976835806,15.508776678778748,76,2004T1,2022T4,FALSE,7.500938133560607,63,3.8824094429362805,28.92657501303914,0.032463480307293055
multiplicador,uniao_econ_dt_g1,bndes_priv,baseline,diferenca,2003T1-2025T4,3,4,2.3237077953071053,1.9276642270909599,-0.847017700168065,5.4944332907822755,0.22802863785446464,,,30.549750785128726,84,2004T1,2024T4,FALSE,2.0967268498416183,71,-1.170696456247199,5.81811204686141,0.27149192144038337
multiplicador,uniao_econ_dt_g1,bndes_priv,baseline,diferenca,2003T1-2025T4,3,8,1.6480475656498288,2.064508529791567,-1.7477667774500802,5.043861908749738,0.42471035505415744,,,24.521183970592695,80,2004T1,2023T4,FALSE,2.2559230085259077,67,-2.1146427724562327,5.410737903755891,0.4676056069894958
multiplicador,uniao_econ_dt_g1,bndes_priv,baseline,diferenca,2003T1-2025T4,3,12,2.1929524938842184,2.24556353870499,-1.5006708373046656,5.886575825073102,0.3287815238817739,,,16.679525732208617,76,2004T1,2022T4,FALSE,2.466390673373881,63,-1.9244455758431012,6.310350563611538,0.3773134258025965
multiplicador,uniao_econ_dt_g1,imp_bk_real,baseline,diferenca,2003T1-2025T4,3,4,0.09147568798963152,0.5967163176205786,-0.8900353113097035,1.0729866872889666,0.8781629210875523,,,33.404790842246136,84,2004T1,2024T4,FALSE,0.6490503415015384,71,-0.9902313893948507,1.1731827653741136,0.8883182341826068
multiplicador,uniao_econ_dt_g1,imp_bk_real,baseline,diferenca,2003T1-2025T4,3,8,0.6524368883443775,0.6117378544168423,-0.35378234023667676,1.6586561169254317,0.28618404018764904,,,28.66247443409904,80,2004T1,2023T4,FALSE,0.6684561875385202,67,-0.4624919584259347,1.7673657351146899,0.33255791607244034
multiplicador,uniao_econ_dt_g1,imp_bk_real,baseline,diferenca,2003T1-2025T4,3,12,1.1773318882554835,0.7954744202653106,-0.13110709706503165,2.4857708735759987,0.13886326748521846,,,21.807600923741305,76,2004T1,2022T4,FALSE,0.8737008137303959,63,-0.28122619129308934,2.635889967804056,0.18263818781093832
elasticidade,uniao_soc_dt_g1,fbcf_me,baseline,diferenca,2003T1-2025T4,3,4,0.11025612388996898,0.08888621640550529,-0.03594869155061976,0.25646093933055775,0.21482057249355135,,,100.83183215614604,84,2004T1,2024T4,FALSE,0.09668183592300554,71,-0.05087379082588743,0.2713860386058254,0.25795133969668854
elasticidade,uniao_soc_dt_g1,fbcf_me,baseline,diferenca,2003T1-2025T4,3,8,0.14784211771752503,0.10458650491189345,-0.024187374216980806,0.3198716096520309,0.15748321732683582,,,58.69668675296611,80,2004T1,2023T4,FALSE,0.11428342358840664,67,-0.042773046060942926,0.33845728149599297,0.20023035268898207
elasticidade,uniao_soc_dt_g1,fbcf_me,baseline,diferenca,2003T1-2025T4,3,12,0.15864434703965316,0.13294308621814455,-0.06002757050438409,0.3773162645836904,0.23274200128588454,,,76.49600959528517,76,2004T1,2022T4,FALSE,0.14601661555613984,63,-0.08511611537587624,0.40240480945518253,0.28140566998841887
elasticidade,uniao_soc_dt_g1,fbcf_constr,baseline,diferenca,2003T1-2025T4,3,4,0.015639515928366404,0.03194945619729964,-0.03691266297688908,0.06819169483362189,0.6244820583976936,,,98.44755556309372,84,2004T1,2024T4,FALSE,0.03475153074133167,71,-0.042277373331530504,0.07355640518826331,0.6540540093613156
elasticidade,uniao_soc_dt_g1,fbcf_constr,baseline,diferenca,2003T1-2025T4,3,8,0.04248901991387261,0.04200008808904023,-0.02659497731166651,0.11157301713941173,0.3117096346560579,,,61.8724640356555,80,2004T1,2023T4,FALSE,0.04589419889185279,67,-0.034058653961899756,0.11903669378964499,0.3578707787195
elasticidade,uniao_soc_dt_g1,fbcf_constr,baseline,diferenca,2003T1-2025T4,3,12,0.060976660206902546,0.06312187624621533,-0.042849586876666686,0.16480290729047178,0.334036826466303,,,54.05254509819015,76,2004T1,2022T4,FALSE,0.06932923703833732,63,-0.05476172213413603,0.17671504254794113,0.3824603261824433
elasticidade,uniao_soc_dt_g1,fbcf_total,baseline,diferenca,2003T1-2025T4,3,4,0.029371974399835167,0.04396707974319321,-0.04294743618222075,0.10169138498189109,0.5041050625259884,,,110.9995213240105,84,2004T1,2024T4,FALSE,0.04782314020829248,71,-0.05033005473150264,0.10907400353117297,0.5410600453766323
elasticidade,uniao_soc_dt_g1,fbcf_total,baseline,diferenca,2003T1-2025T4,3,8,0.06215403059204362,0.05687208162325118,-0.03139221913824121,0.15570028032232847,0.27444903836103274,,,58.801723470480205,80,2004T1,2023T4,FALSE,0.06214507502645623,67,-0.0414987414569976,0.16580680264108483,0.32083928473501216
elasticidade,uniao_soc_dt_g1,fbcf_total,baseline,diferenca,2003T1-2025T4,3,12,0.0569805612842844,0.0802161876801916,-0.0749633259616987,0.18892444853026752,0.4774949086835362,,,86.05654624988634,76,2004T1,2022T4,FALSE,0.08810459100263524,63,-0.09010143867808491,0.20406256124665373,0.5201510887864144
elasticidade,uniao_soc_dt_g1,fbcf_outros,baseline,diferenca,2003T1-2025T4,3,4,-0.01656473239012226,0.027871701095010398,-0.06240960102555741,0.029280136245312893,0.5522975525747018,,,97.36783181087203,84,2004T1,2024T4,FALSE,0.030316142829946692,71,-0.06708960567235045,0.03396014089210593,0.5865042100507009
elasticidade,uniao_soc_dt_g1,fbcf_outros,baseline,diferenca,2003T1-2025T4,3,8,0.00530442140382683,0.030099501830635065,-0.04420485335172571,0.05481369615937937,0.860113613291299,,,102.4244093785359,80,2004T1,2023T4,FALSE,0.03289022919743166,67,-0.049553721871255944,0.060162564678909604,0.8723609551334608
elasticidade,uniao_soc_dt_g1,fbcf_outros,baseline,diferenca,2003T1-2025T4,3,12,0.021400516996023536,0.03374190204496701,-0.03409997296288173,0.0769010069549288,0.5259231808889265,,,122.84829117696374,76,2004T1,2022T4,FALSE,0.03706005689493644,63,-0.040467624320964235,0.0832686583130113,0.5656901831764161
elasticidade,uniao_soc_dt_g1,pim_bk,baseline,diferenca,2003T1-2025T4,3,4,0.10627909764213271,0.08274509135630777,-0.02982446598772097,0.24238266127198638,0.1989965289242701,,,155.2943901061568,84,2004T1,2024T4,FALSE,0.09000211359484939,71,-0.043718394123889184,0.2562765894081546,0.24160256774515462
elasticidade,uniao_soc_dt_g1,pim_bk,baseline,diferenca,2003T1-2025T4,3,8,0.16258248986651255,0.08427517679064087,0.023962159660450455,0.30120282007257465,0.05370777753849928,,,80.66551452384024,80,2004T1,2023T4,FALSE,0.09208889555365007,67,0.008985937042224057,0.31617904269080105,0.08203696679095313
elasticidade,uniao_soc_dt_g1,pim_bk,baseline,diferenca,2003T1-2025T4,3,12,0.15365598325003793,0.10974823114660151,-0.02686379280295803,0.3341757593030339,0.1614902370416547,,,78.97255288162617,76,2004T1,2022T4,FALSE,0.1205407947954839,63,-0.04757508738784788,0.35488705388792374,0.20708921614843692
elasticidade,uniao_soc_dt_g1,imp_bk_quantum,baseline,diferenca,2003T1-2025T4,3,4,0.14557857808726427,0.11439051723515899,-0.042577079075841795,0.3337342352503703,0.20314386173634685,,,139.2357520045175,84,2004T1,2024T4,FALSE,0.12442294953835378,71,-0.06178466710158456,0.3529418232761131,0.24590148689794844
elasticidade,uniao_soc_dt_g1,imp_bk_quantum,baseline,diferenca,2003T1-2025T4,3,8,0.2160594754808034,0.1262875414986108,0.008334954808028955,0.42378399615357787,0.08710817053056982,,,85.46914998831318,80,2004T1,2023T4,FALSE,0.13799650931238802,67,-0.014107126091903816,0.4462260770535106,0.12213296327350291
elasticidade,uniao_soc_dt_g1,imp_bk_quantum,baseline,diferenca,2003T1-2025T4,3,12,0.20530456485128812,0.15614443538945327,-0.05153017602734378,0.46213930572992,0.18856450897762372,,,54.288074682096095,76,2004T1,2022T4,FALSE,0.17149956904175234,63,-0.08099719672877415,0.4916063264313504,0.23574724106507006
elasticidade,uniao_soc_dt_g1,bndes_priv,baseline,diferenca,2003T1-2025T4,3,4,0.3867497789499236,0.12202885903489909,0.18603016757361995,0.5874693903262271,0.0015279057243108183,,,76.69886857316897,84,2004T1,2024T4,FALSE,0.13273119955135093,71,0.16554000712810563,0.6079595507717415,0.0047719134123414605
elasticidade,uniao_soc_dt_g1,bndes_priv,baseline,diferenca,2003T1-2025T4,3,8,0.4698880734065018,0.1574501973478126,0.21090554523472727,0.7288706015782763,0.0028417219679769535,,,57.86358215935636,80,2004T1,2023T4,FALSE,0.17204846469185373,67,0.1829256667395167,0.7568504800734869,0.008059344818454111
elasticidade,uniao_soc_dt_g1,bndes_priv,baseline,diferenca,2003T1-2025T4,3,12,0.5965833422715348,0.2340877716400108,0.21154322206447518,0.9816234624785943,0.010817316794851317,,,65.95361046516757,76,2004T1,2022T4,FALSE,0.25710779800813593,63,0.16736701305860613,1.0257996714844633,0.023572979974020577
elasticidade,uniao_soc_dt_g1,fbcf_cnt_vol,baseline,diferenca,2003T1-2025T4,3,4,0.029963442982887695,0.04369397518534535,-0.0419067505766552,0.10183363654243059,0.4928664478624666,,,112.9385197594372,84,2004T1,2024T4,FALSE,0.04752608346407003,71,-0.0492435114800248,0.10917039744580019,0.5304157048497495
elasticidade,uniao_soc_dt_g1,fbcf_cnt_vol,baseline,diferenca,2003T1-2025T4,3,8,0.06307898255263068,0.056699862017060884,-0.030183991133779897,0.15634195623904126,0.2659203042788222,,,59.24422916084341,80,2004T1,2023T4,FALSE,0.06195688778163861,67,-0.04025990895830975,0.16641787406357111,0.3122876518681176
elasticidade,uniao_soc_dt_g1,fbcf_cnt_vol,baseline,diferenca,2003T1-2025T4,3,12,0.058088540032045555,0.08040562961809045,-0.07416695147258717,0.19034403153667828,0.47002173171748296,,,87.09046890328837,76,2004T1,2022T4,FALSE,0.08831266252709943,63,-0.08934081499553823,0.20551789505962934,0.5130886086069195
multiplicador,uniao_soc_dt_g1,fbcf_real_rs_bi,baseline,diferenca,2003T1-2025T4,3,4,5.061767366785675,3.975841519968285,-1.4779099775184097,11.60144471108976,0.20297153550002175,4.061767366785675,0.3069645806172527,151.1192453960241,84,2004T1,2024T4,FALSE,4.324536165830531,71,-2.145503129616876,12.269037863188228,0.24572306629221777
multiplicador,uniao_soc_dt_g1,fbcf_real_rs_bi,baseline,diferenca,2003T1-2025T4,3,8,9.244303223760204,4.740036152620332,1.4476375662415508,17.040968881278857,0.05114512969017396,8.244303223760204,0.08198355236668095,71.16783331564876,80,2004T1,2023T4,FALSE,5.17951680200634,67,0.6053036864036745,17.88330276111673,0.07882373300656696
multiplicador,uniao_soc_dt_g1,fbcf_real_rs_bi,baseline,diferenca,2003T1-2025T4,3,12,9.130399216271393,5.7738040974496885,-0.36666339472599496,18.62746182726878,0.1137982663449654,8.130399216271393,0.15908578768873058,107.22299017974402,76,2004T1,2022T4,FALSE,6.341595920305262,63,-1.4562751022530698,19.717073534795855,0.15488507060999335
multiplicador,uniao_soc_dt_g1,bndes_priv,baseline,diferenca,2003T1-2025T4,3,4,4.249389660162837,1.4753890328191364,1.8225906583658569,6.676188661959817,0.003974450469355328,,,97.09410548566382,84,2004T1,2024T4,FALSE,1.6047856030103986,71,1.5748545224951567,6.923924797830518,0.009970892165056547
multiplicador,uniao_soc_dt_g1,bndes_priv,baseline,diferenca,2003T1-2025T4,3,8,5.270714427623767,1.6411891498120346,2.5711985020420403,7.970230353205494,0.0013203403790347514,,,105.69814186840487,80,2004T1,2023T4,FALSE,1.7933548401361343,67,2.279548991448165,8.26187986379937,0.004513035118879328
multiplicador,uniao_soc_dt_g1,bndes_priv,baseline,diferenca,2003T1-2025T4,3,12,5.855053705489637,1.2994042886161865,3.717723848483006,7.9923835624962685,6.607593960282639e-6,,,66.07128426826256,76,2004T1,2022T4,FALSE,1.4271867899285569,63,3.47250490759229,8.237602503386984,1.1946681875853886e-4
multiplicador,uniao_soc_dt_g1,imp_bk_real,baseline,diferenca,2003T1-2025T4,3,4,1.1134408441787387,0.5906864663363238,0.14184806763428814,2.0850336207231894,0.05943055662685933,,,172.87139046091843,84,2004T1,2024T4,FALSE,0.6424916520209909,71,0.04266447644161997,2.1842172119158576,0.08743634480166522
multiplicador,uniao_soc_dt_g1,imp_bk_real,baseline,diferenca,2003T1-2025T4,3,8,1.322528436651043,0.48313313629725296,0.5278451451120668,2.117211728190019,0.00619270264440848,,,114.26029689051991,80,2004T1,2023T4,FALSE,0.5279276605673767,67,0.44198938450768077,2.2030674887944053,0.01467842153672076
multiplicador,uniao_soc_dt_g1,imp_bk_real,baseline,diferenca,2003T1-2025T4,3,12,1.234262046207976,0.5836348036974172,0.27426822253116934,2.194255869884783,0.03444828789296933,,,67.02598968781965,76,2004T1,2022T4,FALSE,0.6410290386732252,63,0.16412674486831147,2.3043973475476407,0.058691039475438835
elasticidade,uniao_transf_soc_g1,fbcf_me,baseline,diferenca,2003T1-2025T4,3,4,0.053559915913407474,0.06520159293777796,-0.05368716071331005,0.16080699254012498,0.4113894046974016,,,96.08398467394618,84,2004T1,2024T4,FALSE,0.07091999148181101,71,-0.06463531765884128,0.17175514948565623,0.4526174100557562
elasticidade,uniao_transf_soc_g1,fbcf_me,baseline,diferenca,2003T1-2025T4,3,8,0.08427782107566867,0.0764057941920596,-0.04139852662124824,0.20995416877258558,0.2700144902599102,,,72.11313722915571,80,2004T1,2023T4,FALSE,0.08348988953800277,67,-0.054976311049814985,0.22353195320115232,0.3163965909952076
elasticidade,uniao_transf_soc_g1,fbcf_me,baseline,diferenca,2003T1-2025T4,3,12,0.08755948025036245,0.10371501949476868,-0.0830365457349504,0.2581555062356753,0.398540089047332,,,88.24440721717993,76,2004T1,2022T4,FALSE,0.11391428136484967,63,-0.10260927414425255,0.2777282346449774,0.44497686276838644
elasticidade,uniao_transf_soc_g1,fbcf_constr,baseline,diferenca,2003T1-2025T4,3,4,0.003583494691112653,0.02720248801680045,-0.04116061638542551,0.048327605767650814,0.8951946296800992,,,69.19282185985745,84,2004T1,2024T4,FALSE,0.029588237518623123,71,-0.04572825184796815,0.05289524123019346,0.9039443226012172
elasticidade,uniao_transf_soc_g1,fbcf_constr,baseline,diferenca,2003T1-2025T4,3,8,0.022227646003220476,0.03686841149000352,-0.03841549435605112,0.08287078636249207,0.5465809774587457,,,54.68339686568669,80,2004T1,2023T4,FALSE,0.040286730022131206,67,-0.04496724018538751,0.08942253219182847,0.5829647495411738
elasticidade,uniao_transf_soc_g1,fbcf_constr,baseline,diferenca,2003T1-2025T4,3,12,0.032483758219075676,0.05862692520353255,-0.06394895233896747,0.12891646877711882,0.5795269976379325,,,38.91273397528808,76,2004T1,2022T4,FALSE,0.06439225568026875,63,-0.07501281647427813,0.13998033291242948,0.6156932670401988
elasticidade,uniao_transf_soc_g1,fbcf_total,baseline,diferenca,2003T1-2025T4,3,4,0.006067911806467326,0.030646880482500066,-0.04434172070992117,0.05647754432285582,0.8430494172390396,,,94.33954416045857,84,2004T1,2024T4,FALSE,0.033334714764363796,71,-0.04948771243030051,0.06162353604323516,0.8560780472662536
elasticidade,uniao_transf_soc_g1,fbcf_total,baseline,diferenca,2003T1-2025T4,3,8,0.030714442749781128,0.03872788720160862,-0.032987262977952285,0.09441614847751453,0.4277292593500109,,,66.74743766785355,80,2004T1,2023T4,FALSE,0.04231861024014539,67,-0.039869449196388816,0.10129833469595106,0.4704949749679985
elasticidade,uniao_transf_soc_g1,fbcf_total,baseline,diferenca,2003T1-2025T4,3,12,0.021903269628551318,0.05480343452901252,-0.06824035842589243,0.11204689768299508,0.6893998471650976,,,82.45952099236708,76,2004T1,2022T4,FALSE,0.060192765629407584,63,-0.07858266704385919,0.12238920630096181,0.7171619503727262
elasticidade,uniao_transf_soc_g1,fbcf_outros,baseline,diferenca,2003T1-2025T4,3,4,-0.0259016337520112,0.02065679773912251,-0.05987904243440982,0.008075774930387417,0.20987703401874572,,,77.33513136805617,84,2004T1,2024T4,FALSE,0.022468468233561342,71,-0.06334757523323005,0.011544307729207653,0.2528592554851407
elasticidade,uniao_transf_soc_g1,fbcf_outros,baseline,diferenca,2003T1-2025T4,3,8,-0.01566285776092012,0.02348443979081662,-0.05429132372776829,0.02296560820592805,0.5048065021784636,,,82.81623861035789,80,2004T1,2023T4,FALSE,0.025661840240395296,67,-0.058464654615525774,0.027138939093685532,0.5436908621587893
elasticidade,uniao_transf_soc_g1,fbcf_outros,baseline,diferenca,2003T1-2025T4,3,12,-0.009230144265326387,0.02877550043306982,-0.056561630520004916,0.03810134198935214,0.7483892521215916,,,58.37685574238052,76,2004T1,2022T4,FALSE,0.031605262851176597,63,-0.06199204028670839,0.043531751756055614,0.7712121452810552
elasticidade,uniao_transf_soc_g1,pim_bk,baseline,diferenca,2003T1-2025T4,3,4,0.061287804364846155,0.0636261525289654,-0.04336790339139013,0.16594351212108244,0.3354227651049696,,,89.83207881968065,84,2004T1,2024T4,FALSE,0.06920637966131897,71,-0.054051524332862824,0.17662713306255512,0.3788332786814269
elasticidade,uniao_transf_soc_g1,pim_bk,baseline,diferenca,2003T1-2025T4,3,8,0.10536954166834983,0.06507629488675866,-0.0016714380046986554,0.21241052134139832,0.1054108321103361,,,69.24513505379882,80,2004T1,2023T4,FALSE,0.07110995611119,67,-0.013235900002975684,0.22397498333967536,0.14308611526995757
elasticidade,uniao_transf_soc_g1,pim_bk,baseline,diferenca,2003T1-2025T4,3,12,0.09930403264243322,0.08837437093961592,-0.04605887192714876,0.2446669372120152,0.2611511113746935,,,52.12816250503204,76,2004T1,2022T4,FALSE,0.09706504425007394,63,-0.06273656787871028,0.2613446331635767,0.31018871222709316
elasticidade,uniao_transf_soc_g1,imp_bk_quantum,baseline,diferenca,2003T1-2025T4,3,4,0.06806575108932487,0.07939917276801595,-0.06253426621509266,0.1986657683937424,0.39130109651374767,,,118.21081091190105,84,2004T1,2024T4,FALSE,0.08636274671608404,71,-0.0758663730800145,0.21199787525866426,0.43323959859086536
elasticidade,uniao_transf_soc_g1,imp_bk_quantum,baseline,diferenca,2003T1-2025T4,3,8,0.10866617635315733,0.08613340755148727,-0.03301067145959578,0.2503430241659104,0.2070916302182681,,,82.93078911351144,80,2004T1,2023T4,FALSE,0.09411941539314292,67,-0.04831711323143613,0.2656494659377508,0.2523735510778188
elasticidade,uniao_transf_soc_g1,imp_bk_quantum,baseline,diferenca,2003T1-2025T4,3,12,0.08439285152884253,0.12003779968651988,-0.1130517586568039,0.281837461714489,0.4820231550446591,,,50.75077278174204,76,2004T1,2022T4,FALSE,0.1318422322486995,63,-0.13570486390192205,0.3044905669596071,0.5244256566493258
elasticidade,uniao_transf_soc_g1,bndes_priv,baseline,diferenca,2003T1-2025T4,3,4,0.23051044876957,0.08964058569811938,0.08306480626196414,0.3779560912771759,0.010126005065944549,,,82.08027933347009,84,2004T1,2024T4,FALSE,0.09750236593455582,71,0.0680130390168156,0.3930078585223244,0.020810286236767384
elasticidade,uniao_transf_soc_g1,bndes_priv,baseline,diferenca,2003T1-2025T4,3,8,0.29739218227703046,0.1151064048912046,0.10805899470638797,0.48672536984767295,0.009776705434180268,,,65.328611922246,80,2004T1,2023T4,FALSE,0.1257786942875862,67,0.08760387126337402,0.5071804932906869,0.02096431438204917
elasticidade,uniao_transf_soc_g1,bndes_priv,baseline,diferenca,2003T1-2025T4,3,12,0.37418235033672037,0.19521133161446033,0.05308828350864886,0.6952764171647918,0.05526251821043252,,,70.97471077166492,76,2004T1,2022T4,FALSE,0.21440827628883824,63,0.01624869754780567,0.7321160031256351,0.08582837813015212
elasticidade,uniao_transf_soc_g1,fbcf_cnt_vol,baseline,diferenca,2003T1-2025T4,3,4,0.00663019347394752,0.030413301398003374,-0.04339523563812659,0.05665562258602163,0.8274267091836183,,,94.98381264848554,84,2004T1,2024T4,FALSE,0.03308065001016917,71,-0.048502006530286225,0.061762393478181264,0.841721109918999
elasticidade,uniao_transf_soc_g1,fbcf_cnt_vol,baseline,diferenca,2003T1-2025T4,3,8,0.03145088432391695,0.03851772337634529,-0.031905132673578085,0.09480690132141198,0.41419695888519403,,,67.03026224502925,80,2004T1,2023T4,FALSE,0.042088960712362025,67,-0.03874997147426598,0.10165174012209988,0.4575284918153367
elasticidade,uniao_transf_soc_g1,fbcf_cnt_vol,baseline,diferenca,2003T1-2025T4,3,12,0.022852497300844724,0.05477298131977386,-0.0672410396819305,0.11294603428361995,0.6765159749284586,,,83.04578364314844,76,2004T1,2022T4,FALSE,0.06015931767305011,63,-0.07757760127891106,0.1232825958806005,0.7053222537532606
multiplicador,uniao_transf_soc_g1,fbcf_real_rs_bi,baseline,diferenca,2003T1-2025T4,3,4,2.658962973074706,4.259760229828342,-4.347719090902077,9.665645037051489,0.5324930655552266,1.658962973074706,0.6969434035677732,135.1632934012692,84,2004T1,2024T4,FALSE,4.633355499493398,71,-5.062985719295623,10.380911665445035,0.5678665198525659
multiplicador,uniao_transf_soc_g1,fbcf_real_rs_bi,baseline,diferenca,2003T1-2025T4,3,8,6.420938047434536,5.53407741808946,-2.6818092655401475,15.52368536040922,0.24594521681794718,5.420938047434536,0.3273053949081426,88.31336862059368,80,2004T1,2023T4,FALSE,6.04717897663135,67,-3.6652492125805356,16.507125307449606,0.2921356535933678
multiplicador,uniao_transf_soc_g1,fbcf_real_rs_bi,baseline,diferenca,2003T1-2025T4,3,12,6.128078662951624,7.233628524343311,-5.770181451334094,18.026338777237342,0.3969030239087763,5.128078662951624,0.47837285941783014,159.87092692080066,76,2004T1,2022T4,FALSE,7.9449784517700355,63,-7.135286015846028,19.391443341749277,0.4434038237769715
multiplicador,uniao_transf_soc_g1,bndes_priv,baseline,diferenca,2003T1-2025T4,3,4,3.0023927409869327,1.306132440342987,0.8539960592097939,5.150789422764071,0.02152258525257904,,,114.27529450661434,84,2004T1,2024T4,FALSE,1.4206846392792822,71,0.6346802065714843,5.370105275402381,0.03808706844254151
multiplicador,uniao_transf_soc_g1,bndes_priv,baseline,diferenca,2003T1-2025T4,3,8,4.217633624493972,1.6500831100062794,1.5034884362287797,6.931778812759164,0.010587921032727566,,,132.02549462955363,80,2004T1,2023T4,FALSE,1.8030734192311484,67,1.2102584136395689,7.225008835348376,0.022318837752751303
multiplicador,uniao_transf_soc_g1,bndes_priv,baseline,diferenca,2003T1-2025T4,3,12,5.042038248829386,1.6847689189727517,2.2708399818819456,7.813236515776827,0.002765051227650747,,,92.50456135138158,76,2004T1,2022T4,FALSE,1.8504479062484864,63,1.9528964029854428,8.13118009467333,0.008318850501721587
multiplicador,uniao_transf_soc_g1,imp_bk_real,baseline,diferenca,2003T1-2025T4,3,4,1.1286809423756947,0.6574757400694817,0.0472295866898047,2.210132298061585,0.086036130173079,,,162.15492029171392,84,2004T1,2024T4,FALSE,0.7151385692328471,71,-0.06316875276532485,2.3205306375167143,0.11894920073317755
multiplicador,uniao_transf_soc_g1,imp_bk_real,baseline,diferenca,2003T1-2025T4,3,8,1.1866156089684576,0.5738892265769464,0.2426518331649925,2.1305793847719228,0.038670725058710824,,,125.71575315800378,80,2004T1,2023T4,FALSE,0.6270983587124143,67,0.14066815134170385,2.2325630665952114,0.06278194971740797
multiplicador,uniao_transf_soc_g1,imp_bk_real,baseline,diferenca,2003T1-2025T4,3,12,1.077619328307646,0.7216866505465629,-0.10944957636632702,2.2646882329816194,0.13538599457826725,,,94.74356578707564,76,2004T1,2022T4,FALSE,0.7926568067777662,63,-0.2456437059781844,2.4008823625934763,0.1788335291544708
elasticidade,estatais_total,fbcf_me,baseline,diferenca,2003T1-2025T4,3,4,0.03989814536042341,0.08378470202625403,-0.09791542565050884,0.17771171637135566,0.6339330026230724,,,30.412518076256685,84,2004T1,2024T4,FALSE,0.09113290160991136,71,-0.11198391732514276,0.19178020804598958,0.6628589906226618
elasticidade,estatais_total,fbcf_me,baseline,diferenca,2003T1-2025T4,3,8,0.0188031258228354,0.07986626868259566,-0.1125651958908128,0.1501714475364836,0.813872961289624,,,22.696906658752575,80,2004T1,2023T4,FALSE,0.08727120790552989,67,-0.12675792814041714,0.16436417978608792,0.8300661723127903
elasticidade,estatais_total,fbcf_me,baseline,diferenca,2003T1-2025T4,3,12,0.02748382059200888,0.07053705074163354,-0.08853930315482703,0.14350694433884478,0.6968052424530609,,,24.498995885531606,76,2004T1,2022T4,FALSE,0.07747361456393893,63,-0.10185080368468807,0.15681844486870583,0.7239611518247069
elasticidade,estatais_total,fbcf_constr,baseline,diferenca,2003T1-2025T4,3,4,0.02347790817598984,0.03373203497889971,-0.03200635190350726,0.07896216825548694,0.48642118391579797,,,27.893270860697136,84,2004T1,2024T4,FALSE,0.03669044766514636,71,-0.037670379366664036,0.08462619571864372,0.5243026315321813
elasticidade,estatais_total,fbcf_constr,baseline,diferenca,2003T1-2025T4,3,8,0.04542762520594678,0.04546497536011503,-0.02935560441439771,0.12021085482629126,0.317708236271319,,,22.178258752079994,80,2004T1,2023T4,FALSE,0.04968033917849784,67,-0.037435013064192176,0.12829026347608574,0.36378661356886044
elasticidade,estatais_total,fbcf_constr,baseline,diferenca,2003T1-2025T4,3,12,0.0781802475673639,0.061988946747237025,-0.02378249632073054,0.18014299145545834,0.20723803092715193,,,27.63029160864136,76,2004T1,2022T4,FALSE,0.06808489605145006,63,-0.035480829165604216,0.19184132430033202,0.25519609606247523
elasticidade,estatais_total,fbcf_total,baseline,diferenca,2003T1-2025T4,3,4,0.009608353140955102,0.055005707400423376,-0.08086798417966268,0.1000846904615729,0.8613317099442225,,,31.113170712449712,84,2004T1,2024T4,FALSE,0.05982989256124084,71,-0.09010412535944176,0.10932083164135198,0.8728688240442182
elasticidade,estatais_total,fbcf_total,baseline,diferenca,2003T1-2025T4,3,8,0.024863391789261183,0.05965064652944703,-0.07325319050469997,0.12297997408322234,0.6768124109399565,,,24.886828435540767,80,2004T1,2023T4,FALSE,0.06518125938322548,67,-0.08385348107383636,0.13358026465235873,0.7040763903381125
elasticidade,estatais_total,fbcf_total,baseline,diferenca,2003T1-2025T4,3,12,0.03293879286731176,0.06838534824375407,-0.07954509522176657,0.1454226809563901,0.6300443161584625,,,26.967012813869463,76,2004T1,2022T4,FALSE,0.07511031515994804,63,-0.0924505341338044,0.15832811986842793,0.6624959039616648
elasticidade,estatais_total,fbcf_outros,baseline,diferenca,2003T1-2025T4,3,4,-0.040540984411450105,0.04757700146365192,-0.11879818782841345,0.03771621900551323,0.39415134276041763,,,32.42367503924105,84,2004T1,2024T4,FALSE,0.05174966418001895,71,-0.12678695705248605,0.045704988229585845,0.43599440481264695
elasticidade,estatais_total,fbcf_outros,baseline,diferenca,2003T1-2025T4,3,8,-0.05937919722120357,0.06282953167855812,-0.16272458028234227,0.04396618583993513,0.3446158947734388,,,31.22624078182378,80,2004T1,2023T4,FALSE,0.06865488036655222,67,-0.17388977849669346,0.05513138405428631,0.3901831406124273
elasticidade,estatais_total,fbcf_outros,baseline,diferenca,2003T1-2025T4,3,12,-0.05378857677322284,0.07621538821067957,-0.17915173450107352,0.07157458095462786,0.4803471583990763,,,24.20196294601323,76,2004T1,2022T4,FALSE,0.08371035573493302,63,-0.19353483061698767,0.08595767707054199,0.5228439704418674
elasticidade,estatais_total,pim_bk,baseline,diferenca,2003T1-2025T4,3,4,-0.027402264225171898,0.07037512908248537,-0.14315905054367595,0.08835452209333217,0.6969993057886932,,,29.522198413979233,84,2004T1,2024T4,FALSE,0.07654726411092656,71,-0.15497590843842615,0.10017137998808237,0.7214215876828707
elasticidade,estatais_total,pim_bk,baseline,diferenca,2003T1-2025T4,3,8,-0.02072916974885569,0.06920402766870802,-0.13455966565938007,0.09310132616166869,0.7645303131425365,,,22.204927779184573,80,2004T1,2023T4,FALSE,0.07562039877658618,67,-0.14685765142355314,0.10539931192584176,0.7848347095056858
elasticidade,estatais_total,pim_bk,baseline,diferenca,2003T1-2025T4,3,12,-0.031294198694231876,0.07123671285460344,-0.14846816420522685,0.0858797668167631,0.6604450820215337,,,22.139144146401144,76,2004T1,2022T4,FALSE,0.07824208095564798,63,-0.16191170247255493,0.09932330508409117,0.6905342379376853
elasticidade,estatais_total,imp_bk_quantum,baseline,diferenca,2003T1-2025T4,3,4,0.17206736171811116,0.14358574906837276,-0.06411017841554567,0.408244901851768,0.23077705078727803,,,39.04437069134307,84,2004T1,2024T4,FALSE,0.15617870119455837,71,-0.08822000833093402,0.43235473176715633,0.2742982612040715
elasticidade,estatais_total,imp_bk_quantum,baseline,diferenca,2003T1-2025T4,3,8,0.15241732599420213,0.14868058352792496,-0.09214047107896645,0.3969751230673707,0.3053005844960454,,,27.838943275094458,80,2004T1,2023T4,FALSE,0.16246576096034207,67,-0.1185619347022773,0.4233965866906816,0.3515368041607114
elasticidade,estatais_total,imp_bk_quantum,baseline,diferenca,2003T1-2025T4,3,12,0.128509118245452,0.1419706122530373,-0.10501175823947745,0.36202999473038144,0.3653694406617252,,,25.73909330839449,76,2004T1,2022T4,FALSE,0.15593190213446564,63,-0.13180394561279427,0.38882218210369823,0.4129714669952145
elasticidade,estatais_total,bndes_priv,baseline,diferenca,2003T1-2025T4,3,4,0.4577162458221439,0.10636382051326045,0.2827633298744921,0.6326691617697957,1.682669143957979e-5,,,32.17596412899086,84,2004T1,2024T4,FALSE,0.1156922845730459,71,0.2649035238814581,0.6505289677628296,1.7825606670451757e-4
elasticidade,estatais_total,bndes_priv,baseline,diferenca,2003T1-2025T4,3,8,0.4771173297530358,0.14720474187824029,0.23498707617015707,0.7192475833359144,0.0011903524474479283,,,28.25607181589614,80,2004T1,2023T4,FALSE,0.16085308409976226,67,0.2088278787791656,0.745406780726906,0.004175843405985354
elasticidade,estatais_total,bndes_priv,baseline,diferenca,2003T1-2025T4,3,12,0.5286554992439698,0.17933240402190379,0.2336799440586147,0.8236310544293249,0.0031993185358806984,,,26.747754857821842,76,2004T1,2022T4,FALSE,0.1969678261557522,63,0.19983697265479583,0.8574740258331438,0.009284123313087382
elasticidade,estatais_total,fbcf_cnt_vol,baseline,diferenca,2003T1-2025T4,3,4,0.009764698133631178,0.05502513429803853,-0.08074359358998931,0.10027298985725167,0.859147969715783,,,31.066561057821087,84,2004T1,2024T4,FALSE,0.059851023262981515,71,-0.08998299678706695,0.1095123930543293,0.8708637791759948
elasticidade,estatais_total,fbcf_cnt_vol,baseline,diferenca,2003T1-2025T4,3,8,0.02520958090752924,0.05967081551078631,-0.07294017640853975,0.12335933822359824,0.6726764720326299,,,24.81483443958229,80,2004T1,2023T4,FALSE,0.0652032983665502,67,-0.08354405113099414,0.13396321294605262,0.7002550305154824
elasticidade,estatais_total,fbcf_cnt_vol,baseline,diferenca,2003T1-2025T4,3,12,0.033271684999739565,0.06855492633639668,-0.07949113423007347,0.1460345042295526,0.6274430789315373,,,26.845866518678058,76,2004T1,2022T4,FALSE,0.07529656944262286,63,-0.09242857531467635,0.15897194531415548,0.6600926434359718
multiplicador,estatais_total,fbcf_real_rs_bi,baseline,diferenca,2003T1-2025T4,3,4,0.8102662555460767,0.9142840787907964,-0.6935972275169497,2.314129738609103,0.37549343790544354,-0.18973374445392333,0.8356024831236323,21.735655217239085,84,2004T1,2024T4,FALSE,0.994469861214536,71,-0.8471168753720935,2.467649386464247,0.4179274077936691
multiplicador,estatais_total,fbcf_real_rs_bi,baseline,diferenca,2003T1-2025T4,3,8,1.3778930200175288,1.0092049428410002,-0.2821013905518428,3.0378874305869004,0.17215083721065844,0.3778930200175288,0.7080723288223387,15.2519416903681,80,2004T1,2023T4,FALSE,1.1027751244519877,67,-0.461443380292762,3.2172294203278193,0.2158377361325864
multiplicador,estatais_total,fbcf_real_rs_bi,baseline,diferenca,2003T1-2025T4,3,12,1.8334288806210617,1.0645634007752878,0.08237790973603665,3.584479851506087,0.08502686650076464,0.8334288806210617,0.4336956603620599,14.426584638665407,76,2004T1,2022T4,FALSE,1.1692518148034874,63,-0.1185226967466031,3.7853804579887265,0.12188223315668469
multiplicador,estatais_total,bndes_priv,baseline,diferenca,2003T1-2025T4,3,4,1.0793244626473992,0.2786965265330831,0.6209094701606805,1.537739455134118,1.0761025288745008e-4,,,22.311734751226833,84,2004T1,2024T4,FALSE,0.30313914733031916,71,0.5741128632806862,1.5845360620141122,6.653806170049124e-4
multiplicador,estatais_total,bndes_priv,baseline,diferenca,2003T1-2025T4,3,8,1.2213934344435418,0.34438742217232143,0.6549265340069312,1.7878603348801523,3.902839042293196e-4,,,13.759771860574261,80,2004T1,2023T4,FALSE,0.37631789760825174,67,0.593726748995711,1.8490601198913725,0.0018307639810584246
multiplicador,estatais_total,bndes_priv,baseline,diferenca,2003T1-2025T4,3,12,1.2280435443689357,0.3705024208659298,0.6186212936133104,1.837465795124561,9.179541879182294e-4,,,12.238626953398965,76,2004T1,2022T4,FALSE,0.4069373676298475,63,0.5487013987521463,1.907385689985725,0.0036715703817778436
multiplicador,estatais_total,imp_bk_real,baseline,diferenca,2003T1-2025T4,3,4,0.43262548192304734,0.1679859284234963,0.15631321827884914,0.7089377455672455,0.010013366272323241,,,21.927553924624757,84,2004T1,2024T4,FALSE,0.1827188581761739,71,0.12810629531645606,0.7371446685296386,0.020626096847479448
multiplicador,estatais_total,imp_bk_real,baseline,diferenca,2003T1-2025T4,3,8,0.3992446309788819,0.16387073005718822,0.12970126629313034,0.6687879956646334,0.014836777492330807,,,13.488626491935271,80,2004T1,2023T4,FALSE,0.17906428819515308,67,0.10058041923701022,0.6979088427207536,0.029129065085567375
multiplicador,estatais_total,imp_bk_real,baseline,diferenca,2003T1-2025T4,3,12,0.46452063327501586,0.1754274233009472,0.17596819979170175,0.75307306675833,0.008098479546597887,,,12.190351622085206,76,2004T1,2022T4,FALSE,0.19267883238476036,63,0.14286216241602234,0.7861791041340094,0.018844223045249648
elasticidade,estatais_petro,fbcf_me,baseline,diferenca,2016T1-2025T4,2,4,0.013124262384161034,0.06251661636876868,-0.08970642079474186,0.11595494556306393,0.8337204457222692,,,106.53959913359483,33,2016T4,2024T4,TRUE,0.0765669052744049,22,-0.11835216827148823,0.1446006930398103,0.86546896099789
elasticidade,estatais_petro,fbcf_me,baseline,diferenca,2016T1-2025T4,2,8,-0.03931677423788982,0.03972055260106624,-0.10465126924827033,0.02601772077249069,0.32225500760215575,,,142.4307927297293,29,2016T4,2023T4,TRUE,0.05041711937487549,18,-0.1267432660963534,0.048109717620573755,0.4456246258392961
elasticidade,estatais_petro,fbcf_constr,baseline,diferenca,2016T1-2025T4,2,4,-0.01481151602987002,0.01597388703380186,-0.041086222053932094,0.011463189994192054,0.3538055454091062,,,84.53923948647899,33,2016T4,2024T4,TRUE,0.01956393622083743,22,-0.04840561905221487,0.01878258699247483,0.4570327463067908
elasticidade,estatais_petro,fbcf_constr,baseline,diferenca,2016T1-2025T4,2,8,-0.005492127571233851,0.0267475134283531,-0.049487872045793635,0.03850361690332593,0.8373125356121558,,,98.48446781328957,29,2016T4,2023T4,TRUE,0.03395049890273088,18,-0.06436445214496814,0.053380197002500435,0.8732900058042701
elasticidade,estatais_petro,fbcf_total,baseline,diferenca,2016T1-2025T4,2,4,-0.024440955819788973,0.028530318625559006,-0.07136915388912082,0.022487242249542884,0.3916294623153,,,104.06124842493765,33,2016T4,2024T4,TRUE,0.03494236141582132,22,-0.0844420351525278,0.03556012351294984,0.4915916208397926
elasticidade,estatais_petro,fbcf_total,baseline,diferenca,2016T1-2025T4,2,8,-0.0325067473936651,0.024993034062069347,-0.07361663011918154,0.008603135331851329,0.19338434526729467,,,113.34473701721274,29,2016T4,2023T4,TRUE,0.03172354610730805,18,-0.08751739417120147,0.022503899383871262,0.31908489086517455
elasticidade,estatais_petro,fbcf_outros,baseline,diferenca,2016T1-2025T4,2,4,-0.0847167303360955,0.036458552236120954,-0.14468571221507873,-0.02474774845711227,0.020144531846240363,,,117.90136331776414,33,2016T4,2024T4,TRUE,0.04465242486955148,22,-0.16139139050328227,-0.008042070168908746,0.07099862798990801
elasticidade,estatais_petro,fbcf_outros,baseline,diferenca,2016T1-2025T4,2,8,-0.10176323429937906,0.03597982716449887,-0.1609447835079921,-0.04258168509076601,0.004678988070922499,,,206.1572525133956,29,2016T4,2023T4,TRUE,0.04566903334550369,18,-0.18095624297321983,-0.022570225625538287,0.03885124767309297
elasticidade,estatais_petro,pim_bk,baseline,diferenca,2016T1-2025T4,2,4,-0.061346442003138935,0.037003196405437165,-0.12221128381941991,-4.8160018685795836e-4,0.0973439662083445,,,101.35679732863649,33,2016T4,2024T4,TRUE,0.04531947502265485,22,-0.1391665235881566,0.016473639581878724,0.1895946952705129
elasticidade,estatais_petro,pim_bk,baseline,diferenca,2016T1-2025T4,2,8,-0.09980123159179066,0.038954086885580115,-0.16387500269011987,-0.035727460493461455,0.01040646955256213,,,105.175976068628,29,2016T4,2023T4,TRUE,0.049444247877781164,18,-0.18554070239322745,-0.014061760790353886,0.05869677783127944
elasticidade,estatais_petro,imp_bk_quantum,baseline,diferenca,2016T1-2025T4,2,4,0.06725313732228949,0.1428912911228477,-0.16778212114090515,0.30228839578548417,0.6378839419621067,,,63.3638534772138,33,2016T4,2024T4,TRUE,0.17500537596923021,22,-0.23325635950957335,0.36776263415415233,0.7044515701270349
elasticidade,estatais_petro,imp_bk_quantum,baseline,diferenca,2016T1-2025T4,2,8,0.0606402220603528,0.1089818024484042,-0.11861889096861361,0.2398993350893192,0.5779202104927368,,,91.09598567372689,29,2016T4,2023T4,TRUE,0.13833011335252168,18,-0.17923299320353384,0.3005134373242394,0.666331634557435
elasticidade,estatais_petro,bndes_priv,baseline,diferenca,2016T1-2025T4,2,4,0.2882626226898075,0.0920547998070175,0.13684595134894315,0.43967929403067185,0.0017396071975303486,,,85.78658146626493,33,2016T4,2024T4,TRUE,0.11274364395062411,22,0.0946655087328643,0.48185973664675075,0.017981983922539115
elasticidade,estatais_petro,bndes_priv,baseline,diferenca,2016T1-2025T4,2,8,0.20559674814100193,0.06311637190962714,0.10177955488543375,0.3094139413965701,0.001124285892647632,,,93.19195491328067,29,2016T4,2023T4,TRUE,0.08011332795484043,18,0.06667514172949768,0.3445183545525062,0.01942472984820837
elasticidade,estatais_petro,fbcf_cnt_vol,baseline,diferenca,2016T1-2025T4,2,4,-0.024590709661346244,0.02862638453692468,-0.07167692209341432,0.022495502770721834,0.3903280785399791,,,102.64468752088116,33,2016T4,2024T4,TRUE,0.03506001764808199,22,-0.08479382173142223,0.035612402408729746,0.49041381535497264
elasticidade,estatais_petro,fbcf_cnt_vol,baseline,diferenca,2016T1-2025T4,2,8,-0.0325844916807001,0.024984943787927746,-0.07368106708945169,0.00851208372805149,0.19217729690635366,,,112.28045483453528,29,2016T4,2023T4,TRUE,0.03171327715860361,18,-0.08757733144800987,0.022408348086609672,0.31780863192081804
multiplicador,estatais_petro,fbcf_real_rs_bi,baseline,diferenca,2016T1-2025T4,2,4,-0.24000287565785516,0.7274235548709825,-1.4365081482173236,0.9565023969016133,0.741448676726632,-1.2400028756578552,0.0882596399604113,73.24672640328511,33,2016T4,2024T4,TRUE,0.890908268157674,22,-1.769820996413649,1.2898152450979388,0.7901391501110369
multiplicador,estatais_petro,fbcf_real_rs_bi,baseline,diferenca,2016T1-2025T4,2,8,-0.5149323283558918,0.7226951411510731,-1.70366005245844,0.6737953957466565,0.4761448984955327,-1.5149323283558918,0.03606214960371361,84.01662086273699,29,2016T4,2023T4,TRUE,0.9173137032861439,18,-2.1056126370759527,1.0757479803641694,0.5814824383540356
multiplicador,estatais_petro,bndes_priv,baseline,diferenca,2016T1-2025T4,2,4,0.327392056352017,0.08805795785312104,0.18254960499537107,0.47223450770866293,2.0087334264479607e-4,,,83.8866651274796,33,2016T4,2024T4,TRUE,0.10784853226582669,22,0.1422005558865867,0.5125835568174473,0.006070653881062191
multiplicador,estatais_petro,bndes_priv,baseline,diferenca,2016T1-2025T4,2,8,0.2645652044608029,0.05464651692653034,0.17467968289393448,0.3544507260276713,1.2893280813173737e-6,,,74.49479432887397,29,2016T4,2023T4,TRUE,0.06936257898970109,18,0.1442860805736279,0.3848443283479779,0.001270441615217093
multiplicador,estatais_petro,imp_bk_real,baseline,diferenca,2016T1-2025T4,2,4,0.5079113646231487,0.22744877267367425,0.13379142594519483,0.8820313033011025,0.025543652047457243,,,63.00939185572468,33,2016T4,2024T4,TRUE,0.2785667178363939,22,0.029572092200816635,0.9862506370454807,0.08187542142695729
multiplicador,estatais_petro,imp_bk_real,baseline,diferenca,2016T1-2025T4,2,8,0.4688664202360773,0.20390232642124323,0.13347693907825248,0.8042559013939021,0.021478504893215948,,,72.28997025294674,29,2016T4,2023T4,TRUE,0.25881230896366464,18,0.020069414317532286,0.9176634261546223,0.08676619091123018
elasticidade,estatais_sempetro,fbcf_me,baseline,diferenca,2016T1-2025T4,2,4,0.13871435298405865,0.13645518826483252,-0.08573445834969701,0.3631631643178143,0.3093646506390317,,,135.73244201361518,33,2016T4,2024T4,TRUE,0.16712279200212737,22,-0.14825960913311365,0.42568831510123095,0.4154469450132854
elasticidade,estatais_sempetro,fbcf_me,baseline,diferenca,2016T1-2025T4,2,8,0.14874789927785947,0.10353739782995197,-0.021555965067854455,0.3190517636235734,0.15081500673961667,,,119.15466365821877,29,2016T4,2023T4,TRUE,0.13141955497408006,18,-0.07914196820056563,0.3766377667562846,0.27254936649421896
elasticidade,estatais_sempetro,fbcf_constr,baseline,diferenca,2016T1-2025T4,2,4,0.10225911384747244,0.0421715045545512,0.032893161626918396,0.17162506606802647,0.015315172142466846,,,72.66024529501426,33,2016T4,2024T4,TRUE,0.05164933392205362,22,0.013569750662731445,0.19094847703221343,0.06036267603475569
elasticidade,estatais_sempetro,fbcf_constr,baseline,diferenca,2016T1-2025T4,2,8,0.05976893913022607,0.07061746224900747,-0.05638644977616249,0.17592432803661462,0.39734291293130897,,,30.476576198403585,29,2016T4,2023T4,TRUE,0.08963442830005848,18,-0.0956628608848745,0.21520073914532664,0.5133523754025121
elasticidade,estatais_sempetro,fbcf_total,baseline,diferenca,2016T1-2025T4,2,4,0.10321611702238642,0.0464154988321219,0.026869415421608922,0.17956281862316392,0.02616577459347848,,,101.72142372201263,33,2016T4,2024T4,TRUE,0.05684714414772358,22,0.005601363249540178,0.20083087079523265,0.083075196736496
elasticidade,estatais_sempetro,fbcf_total,baseline,diferenca,2016T1-2025T4,2,8,0.09507074757770351,0.04360685323969126,0.023343856866456805,0.16679763828895022,0.029244192409811014,,,121.45197946655661,29,2016T4,2023T4,TRUE,0.055349983355699184,18,-9.09644186300948e-4,0.19105113934170798,0.10301923414657092
elasticidade,estatais_sempetro,fbcf_outros,baseline,diferenca,2016T1-2025T4,2,4,0.11164726611519904,0.0730215766914656,-0.008462539151473186,0.23175707138187127,0.12627369421503112,,,123.74179833591171,33,2016T4,2024T4,TRUE,0.08943280155380008,22,-0.04192176595797337,0.26521629818837145,0.22501001806823967
elasticidade,estatais_sempetro,fbcf_outros,baseline,diferenca,2016T1-2025T4,2,8,0.032647496152998556,0.10523729076567498,-0.14045244325346853,0.20574743555946565,0.7563879989758867,,,84.67803161508076,29,2016T4,2023T4,TRUE,0.13357722145786793,18,-0.19898390225018156,0.2642788945561787,0.8096782807694163
elasticidade,estatais_sempetro,pim_bk,baseline,diferenca,2016T1-2025T4,2,4,0.14320386446551225,0.09219109333524157,-0.008436989779581489,0.294844718710606,0.12034257239352597,,,121.05648218481029,33,2016T4,2024T4,TRUE,0.1129105687503204,22,-0.050679883472174,0.3370876124031985,0.21795034744790992
elasticidade,estatais_sempetro,pim_bk,baseline,diferenca,2016T1-2025T4,2,8,0.01831447329767144,0.1668296098462208,-0.25609581554078376,0.29272476213612664,0.9125842392054974,,,80.33294887204997,29,2016T4,2023T4,TRUE,0.21175607598810284,18,-0.34888403155343567,0.38551297814877855,0.932032907807641
elasticidade,estatais_sempetro,imp_bk_quantum,baseline,diferenca,2016T1-2025T4,2,4,0.4062208088404988,0.2287598044673038,0.029944414761744753,0.782497202919253,0.07577370975252003,,,127.794407952752,33,2016T4,2024T4,TRUE,0.280172397301873,22,-0.0748756470430385,0.8873172647240362,0.1611950534988161
elasticidade,estatais_sempetro,imp_bk_quantum,baseline,diferenca,2016T1-2025T4,2,8,0.5525801453548951,0.3150843316824665,0.03431253959140956,1.0708477511183805,0.07947281060648334,,,64.16762910543267,29,2016T4,2023T4,TRUE,0.39993512988440527,18,-0.14093280838551048,1.2460930990953005,0.1839815904910842
elasticidade,estatais_sempetro,bndes_priv,baseline,diferenca,2016T1-2025T4,2,4,-0.05146181444786602,0.19696219238764953,-0.37543579096900487,0.27251216207327283,0.7938784177304896,,,141.9230517751022,33,2016T4,2024T4,TRUE,0.24122843498481722,22,-0.46568586452259486,0.36276223562686283,0.8330323618754896
elasticidade,estatais_sempetro,bndes_priv,baseline,diferenca,2016T1-2025T4,2,8,-0.10905221652516861,0.19244925267668286,-0.4256030677945106,0.2074986347441734,0.5709490049185577,,,80.25331104951199,29,2016T4,2023T4,TRUE,0.24427497379644816,18,-0.5326405585930422,0.31453612554270494,0.6606093424934265
elasticidade,estatais_sempetro,fbcf_cnt_vol,baseline,diferenca,2016T1-2025T4,2,4,0.10529625750560068,0.0458688697543554,0.029848680725984553,0.1807438342852168,0.02169916191692095,,,105.2512016806119,33,2016T4,2024T4,TRUE,0.056177662988175545,22,0.008831099539625895,0.20176141547157544,0.07422409827598678
elasticidade,estatais_sempetro,fbcf_cnt_vol,baseline,diferenca,2016T1-2025T4,2,8,0.0954099124749197,0.04286365032083241,0.0249054817803189,0.1659143431695205,0.026021328616007408,,,120.36239225549112,29,2016T4,2023T4,TRUE,0.05440663922209173,18,0.0010653394415201106,0.1897544855083193,0.09650285996945605
multiplicador,estatais_sempetro,fbcf_real_rs_bi,baseline,diferenca,2016T1-2025T4,2,4,14.353024355379205,7.645940578856811,1.7765712627911459,26.929477447967265,0.060489528189219016,13.353024355379205,0.08073797875316432,77.22307184304368,33,2016T4,2024T4,TRUE,9.364326510919716,22,-1.7268762327063492,30.43292494346476,0.1395967272116695
multiplicador,estatais_sempetro,fbcf_real_rs_bi,baseline,diferenca,2016T1-2025T4,2,8,12.659256071063965,6.029879641563171,2.740986672557945,22.577525469569984,0.035779803291653534,11.659256071063965,0.05316475980504451,60.33835894167826,29,2016T4,2023T4,TRUE,7.653699200968849,18,-0.6127451693338504,25.931257311461778,0.11545943322710393
multiplicador,estatais_sempetro,bndes_priv,baseline,diferenca,2016T1-2025T4,2,4,-0.2657600664247717,1.6446800738266507,-2.971018051033352,2.439497918183809,0.8716305458782638,,,77.52324226617995,33,2016T4,2024T4,TRUE,2.0143134854991303,22,-3.724627136287861,3.1931070034383175,0.8962342741514217
multiplicador,estatais_sempetro,bndes_priv,baseline,diferenca,2016T1-2025T4,2,8,-0.144024831267334,1.7100802430810047,-2.9568565214771785,2.6688068589425105,0.9328806460829604,,,35.95015121839907,29,2016T4,2023T4,TRUE,2.170597187354255,18,-3.907978418484738,3.61992875595007,0.9478285180801582
multiplicador,estatais_sempetro,imp_bk_real,baseline,diferenca,2016T1-2025T4,2,4,3.971874466645623,4.639002288815219,-3.658605273548268,11.602354206839514,0.3918918469190954,,,75.8642701362894,33,2016T4,2024T4,TRUE,5.681594261600282,22,-5.784243157172368,13.727992090463614,0.4918289979647087
multiplicador,estatais_sempetro,imp_bk_real,baseline,diferenca,2016T1-2025T4,2,8,5.312516912571681,5.602724806066369,-3.9031453054975653,14.528179130640927,0.3430264433204864,,,38.624536620558715,29,2016T4,2023T4,TRUE,7.111513482932804,18,-7.019299806152031,17.644333631295392,0.4646923050227204
elasticidade,estatais_econ,fbcf_me,baseline,diferenca,2016T1-2025T4,2,4,0.047488920720000105,0.0656020737856487,-0.0604168882818622,0.1553947297218624,0.4691310654057737,,,28.49009820423536,33,2016T4,2024T4,TRUE,0.08034580342162584,22,-0.09047642363050551,0.18545426507050572,0.5605066692842855
elasticidade,estatais_econ,fbcf_me,baseline,diferenca,2016T1-2025T4,2,8,-0.03511989134663085,0.06999621857526213,-0.1502534253430387,0.08001364264977702,0.6158505377248805,,,32.11997679796443,29,2016T4,2023T4,TRUE,0.08884588648960884,18,-0.18918430970593436,0.11894452701267266,0.6972742857814331
elasticidade,estatais_econ,fbcf_constr,baseline,diferenca,2016T1-2025T4,2,4,0.04384112310832172,0.015959304386997775,0.017590403403745902,0.07009184281289754,0.006013263367685897,,,26.93964931063146,33,2016T4,2024T4,TRUE,0.01954607619895281,22,0.010277688322082354,0.07740455789456109,0.03529974364622565
elasticidade,estatais_econ,fbcf_constr,baseline,diferenca,2016T1-2025T4,2,8,0.06750360244474252,0.024109712876362776,0.02784665377529861,0.10716055111418643,0.00511262078643788,,,56.89372105717595,29,2016T4,2023T4,TRUE,0.030602350485650732,18,0.014437180190621034,0.12057002469886399,0.04063348487988283
elasticidade,estatais_econ,fbcf_total,baseline,diferenca,2016T1-2025T4,2,4,0.04931007679671329,0.0205055264782368,0.015581487196436053,0.08303866639699052,0.016184802483628042,,,36.17567112466661,33,2016T4,2024T4,TRUE,0.02511403838940495,22,0.006185647058377139,0.09243450653504943,0.06235742792843395
elasticidade,estatais_econ,fbcf_total,baseline,diferenca,2016T1-2025T4,2,8,0.039686293276085194,0.01517243020259634,0.014729866427676555,0.06464272012449383,0.008904874962999859,,,48.78918627230964,29,2016T4,2023T4,TRUE,0.019258297647921748,18,0.006291180199415949,0.07308140635275444,0.05408057634409035
elasticidade,estatais_econ,fbcf_outros,baseline,diferenca,2016T1-2025T4,2,4,0.015150593656073186,0.04212762694674841,-0.05414318632214449,0.08444437363429086,0.7191196705754435,,,38.81300011644097,33,2016T4,2024T4,TRUE,0.05159559504692822,22,-0.07344649212156068,0.10374767943370705,0.7717843791630546
elasticidade,estatais_econ,fbcf_outros,baseline,diferenca,2016T1-2025T4,2,8,0.019351875392859874,0.05099089697220763,-0.06452068643338466,0.1032244372191044,0.7043045192865582,,,25.822044004394307,29,2016T4,2023T4,TRUE,0.06472251696746938,18,-0.09288108580911487,0.1315848365948346,0.7683665331480445
elasticidade,estatais_econ,pim_bk,baseline,diferenca,2016T1-2025T4,2,4,0.1579892715943063,0.052448502889771015,0.07171916138789172,0.2442593818007209,0.0025929827050066344,,,27.21479891014061,33,2016T4,2024T4,TRUE,0.06423603492641398,22,0.04768672558792178,0.2682918176006909,0.022244079685782448
elasticidade,estatais_econ,pim_bk,baseline,diferenca,2016T1-2025T4,2,8,0.0900789186716009,0.052063307010664125,0.004442399304022029,0.17571543803917977,0.08359803078612743,,,59.062481761233805,29,2016T4,2023T4,TRUE,0.06608372222235862,18,-0.02451445902401385,0.20467229636721562,0.18965939270041834
elasticidade,estatais_econ,imp_bk_quantum,baseline,diferenca,2016T1-2025T4,2,4,0.17363661925311902,0.12356525755791858,-0.0296101428062161,0.37688338131245414,0.15995527196715278,,,32.00238757935871,33,2016T4,2024T4,TRUE,0.15133591547624156,22,-0.08622899664859301,0.43350223515483105,0.26355814493004337
elasticidade,estatais_econ,imp_bk_quantum,baseline,diferenca,2016T1-2025T4,2,8,0.14614369240938896,0.15904275584580635,-0.11545836138394294,0.40774574620272086,0.358150168922755,,,22.52043642209252,29,2016T4,2023T4,TRUE,0.20187225710882864,18,-0.20391564182876942,0.49620302664754734,0.47840584328633373
elasticidade,estatais_econ,bndes_priv,baseline,diferenca,2016T1-2025T4,2,4,-0.15317057885842045,0.11439633856850259,-0.34133581126279045,0.03499465354594955,0.1805880853419162,,,27.06665803208721,33,2016T4,2024T4,TRUE,0.14010632896774938,22,-0.39375337346045886,0.08741221574361796,0.28611292511796577
elasticidade,estatais_econ,bndes_priv,baseline,diferenca,2016T1-2025T4,2,8,-0.21880096811960048,0.09454874221693892,-0.37431980967883216,-0.0632821265603688,0.02065891772599733,,,15.228643040976419,29,2016T4,2023T4,TRUE,0.12001029469483715,18,-0.42690645256936344,-0.010695483669837552,0.08492782815938467
elasticidade,estatais_econ,fbcf_cnt_vol,baseline,diferenca,2016T1-2025T4,2,4,0.049209407693306784,0.020459442297462455,0.01555661982492132,0.08286219556169225,0.016162845078889848,,,35.229157219568194,33,2016T4,2024T4,TRUE,0.02505759702534929,22,0.006181895925741164,0.0922369194608724,0.06230754221779257
elasticidade,estatais_econ,fbcf_cnt_vol,baseline,diferenca,2016T1-2025T4,2,8,0.039555813368107096,0.015010553087814441,0.014865650679067904,0.06424597605714628,0.008408765673160679,,,47.47292493310834,29,2016T4,2023T4,TRUE,0.01905282775171994,18,0.006516998160696889,0.0725946285755173,0.052484935319456055
multiplicador,estatais_econ,fbcf_real_rs_bi,baseline,diferenca,2016T1-2025T4,2,4,17.209516591405077,8.924335495092075,2.5302909841711205,31.888742198639033,0.053807786985327885,16.209516591405077,0.06932013869815506,95.22360367878079,33,2016T4,2024T4,TRUE,10.930034128191936,22,-1.5589300236037609,35.97796320641392,0.12964030590627298
multiplicador,estatais_econ,fbcf_real_rs_bi,baseline,diferenca,2016T1-2025T4,2,8,17.687040329491765,8.602204330991166,3.537673335883289,31.83640732310024,0.03977234046927741,16.687040329491765,0.052397155318618736,58.70292043854516,29,2016T4,2023T4,TRUE,10.918739399184759,18,-1.246748292775571,36.6208289517591,0.12264510212924687
multiplicador,estatais_econ,bndes_priv,baseline,diferenca,2016T1-2025T4,2,4,-1.493934675815499,3.392588661938026,-7.074246441158701,4.086377089527703,0.6596818696195376,,,92.63911397910374,33,2016T4,2024T4,TRUE,4.15505556444985,22,-8.628764963547882,5.640895611916884,0.7226147082617842
multiplicador,estatais_econ,bndes_priv,baseline,diferenca,2016T1-2025T4,2,8,-1.3937608943776354,3.6788946219245293,-7.44500405642246,4.65748226766719,0.7047969003333832,,,37.4259780533966,29,2016T4,2023T4,TRUE,4.669604453493367,18,-9.491152034479661,6.703630245724391,0.7687587501703396
multiplicador,estatais_econ,imp_bk_real,baseline,diferenca,2016T1-2025T4,2,4,6.57740878703834,5.382927042758269,-2.2767182828577575,15.431535856934438,0.22174472645794596,,,93.47831470375,33,2016T4,2024T4,TRUE,6.592712288693283,22,-4.743230031398822,17.898047605475504,0.32928284432850974
multiplicador,estatais_econ,imp_bk_real,baseline,diferenca,2016T1-2025T4,2,8,7.008320887730989,7.141697107051669,-4.73872550139178,18.755367276853757,0.3264328450765548,,,38.19301982148813,29,2016T4,2023T4,TRUE,9.064924126351695,18,-8.710834136524769,22.727475911986744,0.4494825898836129
elasticidade_nivel,inf_diss,fbcf_me,baseline,nivel_defasagens_aumentadas,2003T1-2025T4,3,4,0.21859314211539704,0.09669276684365159,0.05954769387264372,0.3776385903581504,0.02377796601769506,,,16.00048122509615,84,2004T1,2024T4,FALSE,0.09669276684365159,69,0.057383233856240584,0.37980305037455353,0.026935302567921048
elasticidade_nivel,inf_diss,fbcf_me,baseline,nivel_defasagens_aumentadas,2003T1-2025T4,3,8,0.2636964721973989,0.15989905024697088,6.859394525732809e-4,0.5267070049422244,0.09911824889302902,,,7.6483062610898385,80,2004T1,2023T4,FALSE,0.15989905024697088,65,-0.003116835548552188,0.53050977994335,0.10394346821657054
elasticidade_nivel,inf_diss,fbcf_me,baseline,nivel_defasagens_aumentadas,2003T1-2025T4,3,12,0.42920940635609384,0.15048758935962922,0.18167934918672404,0.6767394635254637,0.004342802801881213,,,2.608421614317676,76,2004T1,2022T4,FALSE,0.15048758935962922,61,0.1778621025414998,0.6805567101706879,0.005920293620523558
elasticidade_nivel,inf_diss,fbcf_cnt_vol,baseline,nivel_defasagens_aumentadas,2003T1-2025T4,3,4,0.0742076747108058,0.06867240656104517,-0.038748382292615374,0.18716373171422698,0.27987331873107424,,,17.320552220760693,84,2004T1,2024T4,FALSE,0.06867240656104517,69,-0.040285608737607975,0.18870095815921958,0.2836358639529709
elasticidade_nivel,inf_diss,fbcf_cnt_vol,baseline,nivel_defasagens_aumentadas,2003T1-2025T4,3,8,0.11182584234326232,0.12287962423461843,-0.09029315325748374,0.3139448379440084,0.3627994018919873,,,11.365825991333832,80,2004T1,2023T4,FALSE,0.12287962423461843,65,-0.09321551935325076,0.3168672040397754,0.3661617537851858
elasticidade_nivel,inf_diss,fbcf_cnt_vol,baseline,nivel_defasagens_aumentadas,2003T1-2025T4,3,12,0.19364388970011337,0.13628036560922208,-0.030517363954488147,0.41780514335471486,0.1553391803772552,,,5.237712251899789,76,2004T1,2022T4,FALSE,0.13628036560922208,61,-0.033974232196217674,0.4212620115964444,0.16043110837579125
elasticidade_nivel,uniao_filtro_diss,fbcf_me,baseline,nivel_defasagens_aumentadas,2003T1-2025T4,3,4,0.30150186416475355,0.08640397930951445,0.1593799654144588,0.4436237629150483,4.8402610579168274e-4,,,32.868160718225035,84,2004T1,2024T4,FALSE,0.08640397930951445,69,0.157445819101571,0.44555790922793614,8.477184180518784e-4
elasticidade_nivel,uniao_filtro_diss,fbcf_me,baseline,nivel_defasagens_aumentadas,2003T1-2025T4,3,8,0.3761539880172835,0.13137214918405263,0.16006603195148475,0.5922419440830823,0.004192925528113478,,,12.7049063304708,80,2004T1,2023T4,FALSE,0.13137214918405263,65,0.15694169366436161,0.5953662823702054,0.00563815443277996
elasticidade_nivel,uniao_filtro_diss,fbcf_me,baseline,nivel_defasagens_aumentadas,2003T1-2025T4,3,12,0.46463310214044284,0.15586545378585662,0.20825724516433963,0.72100895911654606,0.0028731972149167837,,,4.671193960447575,76,2004T1,2022T4,FALSE,0.15586545378585662,61,0.20430358438007012,0.7249626199008156,0.004123105293765415
elasticidade_nivel,uniao_filtro_diss,fbcf_cnt_vol,baseline,nivel_defasagens_aumentadas,2003T1-2025T4,3,4,0.12571009981572034,0.061938915419650735,0.023829650138267405,0.22759054949317328,0.042399059269566546,,,29.075000758486766,84,2004T1,2024T4,FALSE,0.061938915419650735,69,0.0224431523653576,0.2289770472660831,0.04625770394527444
elasticidade_nivel,uniao_filtro_diss,fbcf_cnt_vol,baseline,nivel_defasagens_aumentadas,2003T1-2025T4,3,8,0.17508286457938027,0.11177818515102111,-0.00877588868032994,0.3589416178390905,0.11726857654021362,,,10.130290483084172,80,2004T1,2023T4,FALSE,0.11177818515102111,65,-0.011434236478562232,0.3615999656373228,0.12212441708780443
elasticidade_nivel,uniao_filtro_diss,fbcf_cnt_vol,baseline,nivel_defasagens_aumentadas,2003T1-2025T4,3,12,0.24243644406167153,0.16585879608600762,-0.030376998242202635,0.5152498863655457,0.14382237637985198,,,3.7278036122798324,76,2004T1,2022T4,FALSE,0.16585879608600762,61,-0.034584148716433616,0.5194570368397766,0.1489550773464465
elasticidade_nivel,uniao_gnd4_dir,fbcf_me,baseline,nivel_defasagens_aumentadas,2003T1-2025T4,3,4,0.3006399477661521,0.10847136039544797,0.12222043719933931,0.4790594583329649,0.005578038999044738,,,29.383792493413335,84,2004T1,2024T4,FALSE,0.10847136039544797,69,0.11979231428834186,0.48148758124396235,0.007164030562063881
elasticidade_nivel,uniao_gnd4_dir,fbcf_me,baseline,nivel_defasagens_aumentadas,2003T1-2025T4,3,8,0.3656998514864851,0.16657886304225858,0.09170200443797366,0.6396976985349965,0.02813809440681549,,,15.361466081733296,80,2004T1,2023T4,FALSE,0.16657886304225858,65,0.08774036779839017,0.6436593351745801,0.031714509930187616
elasticidade_nivel,uniao_gnd4_dir,fbcf_me,baseline,nivel_defasagens_aumentadas,2003T1-2025T4,3,12,0.42018811462450323,0.22357103319264307,0.05244648979629646,0.78792973945271,0.06018457803475578,,,5.6084109146296255,76,2004T1,2022T4,FALSE,0.22357103319264307,61,0.04677541897872589,0.7936008102702805,0.0649634183761882
elasticidade_nivel,uniao_gnd4_dir,fbcf_cnt_vol,baseline,nivel_defasagens_aumentadas,2003T1-2025T4,3,4,0.13933293618598697,0.06920288107377666,0.02550432625629409,0.25316154611567987,0.04407278520854219,,,23.672033776670183,84,2004T1,2024T4,FALSE,0.06920288107377666,69,0.023955225180861087,0.25471064719111286,0.047975212340413936
elasticidade_nivel,uniao_gnd4_dir,fbcf_cnt_vol,baseline,nivel_defasagens_aumentadas,2003T1-2025T4,3,8,0.18868210819193543,0.12130502512955281,-0.01084690235984892,0.3882111187437198,0.11984245200429243,,,10.530315427777373,80,2004T1,2023T4,FALSE,0.12130502512955281,65,-0.013731820790327781,0.3910960371741986,0.12469837189894181
elasticidade_nivel,uniao_gnd4_dir,fbcf_cnt_vol,baseline,nivel_defasagens_aumentadas,2003T1-2025T4,3,12,0.21093007941463782,0.2009309009258512,-0.11957184173987534,0.541432000569151,0.2938265089536488,,,3.75168566608697,76,2004T1,2022T4,FALSE,0.2009309009258512,61,-0.12466862620392927,0.5465287850332049,0.29796780675257534
elasticidade_nivel,uniao_econ_dir,fbcf_me,baseline,nivel_defasagens_aumentadas,2003T1-2025T4,3,4,0.14276515848205573,0.06545453548427885,0.03510202839031587,0.2504282885737956,0.0291734550982431,,,15.675412368481625,84,2004T1,2024T4,FALSE,0.06545453548427885,69,0.033636833737472366,0.25189348322663907,0.032584377213228814
elasticidade_nivel,uniao_econ_dir,fbcf_me,baseline,nivel_defasagens_aumentadas,2003T1-2025T4,3,8,0.1840711752674009,0.09873197799732705,0.021671523162404616,0.3464708273723972,0.0622722680694645,,,14.460343200628705,80,2004T1,2023T4,FALSE,0.09873197799732705,65,0.019323444814472013,0.3488189057203298,0.06678877297481702
elasticidade_nivel,uniao_econ_dir,fbcf_me,baseline,nivel_defasagens_aumentadas,2003T1-2025T4,3,12,0.30223143420718923,0.16240574362471386,0.0350977577683278,0.5693651106460507,0.06274909380525182,,,13.145361457146576,76,2004T1,2022T4,FALSE,0.16240574362471386,61,0.03097819692842979,0.5734846714859487,0.06757013700043522
elasticidade_nivel,uniao_econ_dir,fbcf_cnt_vol,baseline,nivel_defasagens_aumentadas,2003T1-2025T4,3,4,0.07238517284037549,0.03830994270512197,0.009370924633552546,0.13539942104719843,0.058829978352206796,,,16.05630551448179,84,2004T1,2024T4,FALSE,0.03830994270512197,69,0.008513359565112524,0.13625698611563847,0.06303212666757109
elasticidade_nivel,uniao_econ_dir,fbcf_cnt_vol,baseline,nivel_defasagens_aumentadas,2003T1-2025T4,3,8,0.10071505891192167,0.0671677870654367,-0.009766119256966022,0.21119623708080937,0.13375569326120612,,,14.746159913476971,80,2004T1,2023T4,FALSE,0.0671677870654367,65,-0.011363527003533908,0.21279364482737725,0.13859727833368285
elasticidade_nivel,uniao_econ_dir,fbcf_cnt_vol,baseline,nivel_defasagens_aumentadas,2003T1-2025T4,3,12,0.12574948597914037,0.1229718739654749,-0.07652124692599024,0.328020218884271,0.30650298065150666,,,12.64453267698254,76,2004T1,2022T4,FALSE,0.1229718739654749,61,-0.07964053387416417,0.3311395058324449,0.3105413669388281
elasticidade_nivel,uniao_soc_dir,fbcf_me,baseline,nivel_defasagens_aumentadas,2003T1-2025T4,3,4,0.32279943741951556,0.08684242547738309,0.1799563588997791,0.465642515939252,2.0154603682074967e-4,,,32.91784751990837,84,2004T1,2024T4,FALSE,0.08684242547738309,69,0.1780123980037464,0.4675864768352847,4.0597494098717254e-4
elasticidade_nivel,uniao_soc_dir,fbcf_me,baseline,nivel_defasagens_aumentadas,2003T1-2025T4,3,8,0.35912093653504096,0.11453325094878825,0.17073050330538356,0.5475113697646984,0.001715515816175766,,,11.543813810340927,80,2004T1,2023T4,FALSE,0.11453325094878825,65,0.1680066335711171,0.5502352394989648,0.0025757344125594676
elasticidade_nivel,uniao_soc_dir,fbcf_me,baseline,nivel_defasagens_aumentadas,2003T1-2025T4,3,12,0.38018067235649006,0.14641038382484445,0.1393570214988376,0.6210043232141425,0.009413002682677972,,,4.910786361089235,76,2004T1,2022T4,FALSE,0.14641038382484445,61,0.13564319666544367,0.6247181480475364,0.01177988676122186
elasticidade_nivel,uniao_soc_dir,fbcf_cnt_vol,baseline,nivel_defasagens_aumentadas,2003T1-2025T4,3,4,0.17223174362791038,0.060785480206114184,0.07224852604489658,0.2722149612109242,0.004605058577732357,,,29.994469618160736,84,2004T1,2024T4,FALSE,0.060785480206114184,69,0.07088784782894751,0.27357563942687324,0.006033387538000097
elasticidade_nivel,uniao_soc_dir,fbcf_cnt_vol,baseline,nivel_defasagens_aumentadas,2003T1-2025T4,3,8,0.2053587139475367,0.09683977642849899,0.04607145645595051,0.36464597143912286,0.03395523108702493,,,9.311525880957829,80,2004T1,2023T4,FALSE,0.09683977642849899,65,0.04376837910590947,0.3669490487891639,0.0377758092549624
elasticidade_nivel,uniao_soc_dir,fbcf_cnt_vol,baseline,nivel_defasagens_aumentadas,2003T1-2025T4,3,12,0.24938570368239588,0.12198129317825454,0.0487443311779131,0.45002707618687865,0.040908263462274136,,,4.122620190164909,76,2004T1,2022T4,FALSE,0.12198129317825454,61,0.04565017116015871,0.45312123620463307,0.045230818510765707
elasticidade_nivel,uniao_econ_dt_g1,fbcf_me,baseline,nivel_defasagens_aumentadas,2003T1-2025T4,3,4,0.15174570903752915,0.07192523003200901,0.03343923355006022,0.2700521845249981,0.03487815195842139,,,22.624279248495537,84,2004T1,2024T4,FALSE,0.07192523003200901,69,0.031829192906310616,0.2716622251687477,0.03850732057059059
elasticidade_nivel,uniao_econ_dt_g1,fbcf_me,baseline,nivel_defasagens_aumentadas,2003T1-2025T4,3,8,0.1903433060249693,0.09838313718646456,0.028517445992948864,0.3521691660569897,0.053025310137355446,,,19.106742990464134,80,2004T1,2023T4,FALSE,0.09838313718646456,65,0.02617766389888937,0.3545089481510492,0.05737941942561073
elasticidade_nivel,uniao_econ_dt_g1,fbcf_me,baseline,nivel_defasagens_aumentadas,2003T1-2025T4,3,12,0.3202341388989689,0.15090997229526656,0.07200932362595361,0.5684589541719842,0.033835969828985915,,,13.270566623281894,76,2004T1,2022T4,FALSE,0.15090997229526656,61,0.06818136287565985,0.572286914922278,0.03790523277151335
elasticidade_nivel,uniao_econ_dt_g1,fbcf_cnt_vol,baseline,nivel_defasagens_aumentadas,2003T1-2025T4,3,4,0.0733775607287015,0.04203468615923506,0.004236654741916895,0.1425184667154861,0.08087298440879863,,,22.826883056664062,84,2004T1,2024T4,FALSE,0.04203468615923506,69,0.0032957115828403244,0.14345940987456268,0.08532432041877017
elasticidade_nivel,uniao_econ_dt_g1,fbcf_cnt_vol,baseline,nivel_defasagens_aumentadas,2003T1-2025T4,3,8,0.10410477166919563,0.06677444148157667,-0.005729410589434547,0.2139389539278258,0.11898426760075556,,,18.73983283029967,80,2004T1,2023T4,FALSE,0.06677444148157667,65,-0.007317463654090348,0.21552700699248162,0.12384026448091373
elasticidade_nivel,uniao_econ_dt_g1,fbcf_cnt_vol,baseline,nivel_defasagens_aumentadas,2003T1-2025T4,3,12,0.12491265347465763,0.12130069524899985,-0.07460923505739489,0.3244345420067102,0.3031147486203309,,,11.865161061717924,76,2004T1,2022T4,FALSE,0.12130069524899985,61,-0.07768613112552228,0.3275114380748375,0.3071806801689622
elasticidade_nivel,uniao_soc_dt_g1,fbcf_me,baseline,nivel_defasagens_aumentadas,2003T1-2025T4,3,4,0.2778341632662684,0.11178825333124824,0.09395884932379484,0.461709477208742,0.01294201240313428,,,62.22907579035025,84,2004T1,2024T4,FALSE,0.11178825333124824,69,0.09145647802408557,0.46421184850845126,0.015369678081397699
elasticidade_nivel,uniao_soc_dt_g1,fbcf_me,baseline,nivel_defasagens_aumentadas,2003T1-2025T4,3,8,0.3442643016251923,0.1386304284762222,0.11623753854024163,0.5722910647101429,0.013016255474316157,,,43.724180194226584,80,2004T1,2023T4,FALSE,0.1386304284762222,65,0.11294058132260693,0.5755880219277776,0.015605111818541696
elasticidade_nivel,uniao_soc_dt_g1,fbcf_me,baseline,nivel_defasagens_aumentadas,2003T1-2025T4,3,12,0.4042125647171524,0.14757232562446085,0.16147768967609438,0.6469474397582105,0.00616111774637399,,,14.59874092337927,76,2004T1,2022T4,FALSE,0.14757232562446085,61,0.15773439119337557,0.6506907382409293,0.008066554809747295
elasticidade_nivel,uniao_soc_dt_g1,fbcf_cnt_vol,baseline,nivel_defasagens_aumentadas,2003T1-2025T4,3,4,0.05333771781117269,0.06684442918168104,-0.05661158396981615,0.16328701959216152,0.42490640353663534,,,58.94020998685775,84,2004T1,2024T4,FALSE,0.06684442918168104,69,-0.05810789128427109,0.16478332690661646,0.427644073858501
elasticidade_nivel,uniao_soc_dt_g1,fbcf_cnt_vol,baseline,nivel_defasagens_aumentadas,2003T1-2025T4,3,8,0.10626324811793264,0.09976428024629638,-0.05783439008539101,0.2703608863212563,0.2868111171010255,,,37.59173479601579,80,2004T1,2023T4,FALSE,0.09976428024629638,65,-0.06020701900557482,0.27273351524144007,0.2907518343664441
elasticidade_nivel,uniao_soc_dt_g1,fbcf_cnt_vol,baseline,nivel_defasagens_aumentadas,2003T1-2025T4,3,12,0.12931549811412912,0.139613928462619,-0.10032897849055303,0.35895997471881125,0.3543231560672007,,,12.708284179226244,76,2004T1,2022T4,FALSE,0.139613928462619,61,-0.10387040541032982,0.36250140163858807,0.35797330220170576
elasticidade_nivel,uniao_transf_soc_g1,fbcf_me,baseline,nivel_defasagens_aumentadas,2003T1-2025T4,3,4,0.19715336513156423,0.11106549449184362,0.014466883687496573,0.37983984657563186,0.07587988190830033,,,71.85589675330021,84,2004T1,2024T4,FALSE,0.11106549449184362,69,0.011980691287827694,0.38232603897530076,0.08029013120394685
elasticidade_nivel,uniao_transf_soc_g1,fbcf_me,baseline,nivel_defasagens_aumentadas,2003T1-2025T4,3,8,0.26430237864181416,0.1477537617637486,0.02126906770898862,0.5073356895746397,0.0736465407227469,,,46.11860378705826,80,2004T1,2023T4,FALSE,0.1477537617637486,65,0.017755136196014737,0.5108496210876136,0.07830618760874891
elasticidade_nivel,uniao_transf_soc_g1,fbcf_me,baseline,nivel_defasagens_aumentadas,2003T1-2025T4,3,12,0.3508804987975873,0.18345052347592467,0.04913123989206658,0.652629757703108,0.05579018216723909,,,12.976680785558907,76,2004T1,2022T4,FALSE,0.18345052347592467,61,0.04447786017960659,0.6572831374155681,0.060488139588661026
elasticidade_nivel,uniao_transf_soc_g1,fbcf_cnt_vol,baseline,nivel_defasagens_aumentadas,2003T1-2025T4,3,4,0.02499589071229602,0.057087283660873345,-0.06890433487009898,0.11889611629469102,0.6614921838814727,,,64.93916677805133,84,2004T1,2024T4,FALSE,0.057087283660873345,69,-0.07018222924588846,0.1201740106704805,0.6628598061214388
elasticidade_nivel,uniao_transf_soc_g1,fbcf_cnt_vol,baseline,nivel_defasagens_aumentadas,2003T1-2025T4,3,8,0.06702831710726387,0.09047416271952173,-0.08178843758733906,0.2158450718018668,0.4587808179944196,,,52.009080101367445,80,2004T1,2023T4,FALSE,0.09047416271952173,65,-0.08394012569121553,0.21799675990574327,0.46144888043366816
elasticidade_nivel,uniao_transf_soc_g1,fbcf_cnt_vol,baseline,nivel_defasagens_aumentadas,2003T1-2025T4,3,12,0.0992632378557996,0.14040700911356493,-0.131685740334056,0.3302122160456552,0.47958647281175537,,,17.24851868627587,76,2004T1,2022T4,FALSE,0.14040700911356493,61,-0.13524728442407322,0.3337737601356724,0.4822785064498343
elasticidade_nivel,estatais_total,fbcf_me,baseline,nivel_defasagens_aumentadas,2003T1-2025T4,3,4,0.15382456871491484,0.09925144111162218,-0.009429524177697296,0.31707866160752696,0.12117819361736838,,,13.567175583473533,84,2004T1,2024T4,FALSE,0.09925144111162218,69,-0.011651259917288465,0.3193003973471181,0.12575302990360632
elasticidade_nivel,estatais_total,fbcf_me,baseline,nivel_defasagens_aumentadas,2003T1-2025T4,3,8,0.14908858338804798,0.2122677013847112,-0.20006071511924617,0.4982378818953421,0.4824539771469253,,,5.901631137383823,80,2004T1,2023T4,FALSE,0.2122677013847112,65,-0.20510893965294646,0.5032861064290424,0.4849616734861357
elasticidade_nivel,estatais_total,fbcf_me,baseline,nivel_defasagens_aumentadas,2003T1-2025T4,3,12,0.31714502345785434,0.27899304959147336,-0.1417577060569324,0.7760477529726411,0.25564329887070597,,,1.182817712756804,76,2004T1,2022T4,FALSE,0.27899304959147336,61,-0.14883460380727692,0.7831246507229856,0.2600892335729448
elasticidade_nivel,estatais_total,fbcf_cnt_vol,baseline,nivel_defasagens_aumentadas,2003T1-2025T4,3,4,0.059301369382584346,0.06530956519245573,-0.04812330579885005,0.16672604456401874,0.36387592266109514,,,16.216488618154973,84,2004T1,2024T4,FALSE,0.06530956519245573,69,-0.049585255303059794,0.16818799406822849,0.3670363833920621
elasticidade_nivel,estatais_total,fbcf_cnt_vol,baseline,nivel_defasagens_aumentadas,2003T1-2025T4,3,8,0.09181142421492416,0.12718516983736441,-0.11738956368650358,0.3010124121163519,0.47037312291899847,,,10.202015635663104,80,2004T1,2023T4,FALSE,0.12718516983736441,65,-0.1204143257699831,0.30403717419983145,0.47296206038397814
elasticidade_nivel,estatais_total,fbcf_cnt_vol,baseline,nivel_defasagens_aumentadas,2003T1-2025T4,3,12,0.1730788358668658,0.15607583536496106,-0.08364306801267113,0.4298007397464027,0.26745579287962895,,,4.1559408304993655,76,2004T1,2022T4,FALSE,0.15607583536496106,61,-0.08760206530595421,0.4337597370396858,0.2718087791357861
elasticidade_nivel,estatais_petro,fbcf_me,baseline,nivel_defasagens_aumentadas,2016T1-2025T4,2,4,0.11056583110552332,0.07501538855427359,-0.012823502835147493,0.23395516504619412,0.14050618475027432,,,9.39036327320467,33,2016T4,2024T4,TRUE,0.07501538855427359,20,-0.018814578033823526,0.23994624024487016,0.15607280832859768
elasticidade_nivel,estatais_petro,fbcf_me,baseline,nivel_defasagens_aumentadas,2016T1-2025T4,2,8,-0.04646737848965188,0.10850978028738778,-0.22495008415506895,0.1320153271757652,0.6684820983161379,,,9.007903209265782,29,2016T4,2023T4,TRUE,0.10850978028738778,16,-0.23591283260972454,0.14297807563042078,0.6741909652955167
elasticidade_nivel,estatais_petro,fbcf_cnt_vol,baseline,nivel_defasagens_aumentadas,2016T1-2025T4,2,4,-0.024842783059881413,0.022534697126541794,-0.06190906136072659,0.012223495240963764,0.27027753442729885,,,5.226380035964978,33,2016T4,2024T4,TRUE,0.022534697126541794,20,-0.06370878629272267,0.01402322017295985,0.2833673131686479
elasticidade_nivel,estatais_petro,fbcf_cnt_vol,baseline,nivel_defasagens_aumentadas,2016T1-2025T4,2,8,-0.06059879276426727,0.02323632673608209,-0.09881914907314135,-0.022378436455393197,0.009109067341909234,,,7.5213669532068606,29,2016T4,2023T4,TRUE,0.02323632673608209,16,-0.10116671630941437,-0.020030869219120173,0.01903154334063268
elasticidade_nivel,estatais_sempetro,fbcf_me,baseline,nivel_defasagens_aumentadas,2016T1-2025T4,2,4,-0.009411320533097012,0.21783715995717887,-0.36772156317347054,0.3488989221072765,0.9655393414722897,,,11.576631206992912,33,2016T4,2024T4,TRUE,0.21783715995717887,20,-0.38511904429729693,0.3662964032311029,0.965967770834086
elasticidade_nivel,estatais_sempetro,fbcf_me,baseline,nivel_defasagens_aumentadas,2016T1-2025T4,2,8,-0.22433341183980815,0.2244984895291949,-0.5936005665870314,0.14493374290741506,0.3176664893569243,,,5.300886380772011,29,2016T4,2023T4,TRUE,0.2244984895291949,16,-0.6162816600575041,0.1676148363778877,0.3325401261940739
elasticidade_nivel,estatais_sempetro,fbcf_cnt_vol,baseline,nivel_defasagens_aumentadas,2016T1-2025T4,2,4,0.11286194863207832,0.04476957837855188,0.03922254525902909,0.18650135200512757,0.011703788678621116,,,13.413564676967544,33,2016T4,2024T4,TRUE,0.04476957837855188,20,0.035647040074717876,0.19007685718943879,0.020303270460053473
elasticidade_nivel,estatais_sempetro,fbcf_cnt_vol,baseline,nivel_defasagens_aumentadas,2016T1-2025T4,2,8,0.015192026597162567,0.07896882984848663,-0.11470013959523429,0.14508419278955942,0.847444526624112,,,11.383621826591115,29,2016T4,2023T4,TRUE,0.07896882984848663,16,-0.12267836436994689,0.15306241756427202,0.849865079345213
elasticidade_nivel,estatais_econ,fbcf_me,baseline,nivel_defasagens_aumentadas,2016T1-2025T4,2,4,0.07900149532378009,0.09712260220868238,-0.08075096917813612,0.2387539598256963,0.41597712973350776,,,10.044781525548064,33,2016T4,2024T4,TRUE,0.09712260220868238,20,-0.08850762850547311,0.2465106191530333,0.42555549509909174
elasticidade_nivel,estatais_econ,fbcf_me,baseline,nivel_defasagens_aumentadas,2016T1-2025T4,2,8,0.06622244057035687,0.1639936401037688,-0.20352309315130152,0.33596797429201525,0.6863516855566398,,,4.448455918904743,29,2016T4,2023T4,TRUE,0.1639936401037688,16,-0.22009137869993517,0.3525362598406489,0.6916974308013814
elasticidade_nivel,estatais_econ,fbcf_cnt_vol,baseline,nivel_defasagens_aumentadas,2016T1-2025T4,2,4,0.056021989312490916,0.02427818705861159,0.016087925273327364,0.09595605335165447,0.021026795554215452,,,11.067340969681123,33,2016T4,2024T4,TRUE,0.02427818705861159,20,0.014148957187460148,0.09789502143752168,0.031847975584990994
elasticidade_nivel,estatais_econ,fbcf_cnt_vol,baseline,nivel_defasagens_aumentadas,2016T1-2025T4,2,8,0.08412664541029358,0.049713959815930235,0.002354458296941017,0.16589883252364612,0.09060522945099855,,,4.8550210011908455,29,2016T4,2023T4,TRUE,0.049713959815930235,16,-0.002668145515392434,0.1709214363359796,0.10998444897257927
multiplicador,inf_diss,fbcf_real_rs_bi,pib_cresc,diferenca,2003T1-2025T4,3,4,0.9369914314784262,0.541506433443609,0.04629261041115029,1.8276902525457022,0.08356915469479848,-0.06300856852157377,0.9073688746134216,23.226161006128336,84,2004T1,2024T4,FALSE,0.5889983651751468,71,-0.044633042678538515,1.918615905635391,0.11609277866245896
multiplicador,inf_diss,fbcf_real_rs_bi,pib_cresc,diferenca,2003T1-2025T4,3,8,1.4184179916409734,0.6841289641569449,0.2931259836448692,2.543709999637078,0.03814254562538447,0.4184179916409734,0.5407978750282535,15.967287880829435,80,2004T1,2023T4,FALSE,0.7475591642125421,67,0.17155201540219633,2.66528396787975,0.06208570740690568
multiplicador,inf_diss,fbcf_real_rs_bi,pib_cresc,diferenca,2003T1-2025T4,3,12,1.9432569386139966,0.7990704725685684,0.6289029736197604,3.257610903608233,0.015019985497790501,0.9432569386139966,0.23782417133092712,13.263516662312096,76,2004T1,2022T4,FALSE,0.8776504992809703,63,0.4781052452322514,3.4084086319957416,0.030444549040079583
elasticidade,inf_diss,fbcf_me,pib_cresc,diferenca,2003T1-2025T4,3,4,0.0855852476145945,0.06499078909535326,-0.02131508754733545,0.19248558277652444,0.18787793698550923,,,33.50539941309126,84,2004T1,2024T4,FALSE,0.07069069943486118,71,-0.03222784791055022,0.20339834313973923,0.23002517058199082
elasticidade,inf_diss,fbcf_me,pib_cresc,diferenca,2003T1-2025T4,3,8,0.07707270310700387,0.058591499024456095,-0.01930173657189635,0.1734471427859041,0.18836721984582502,,,25.55714574640847,80,2004T1,2023T4,FALSE,0.06402391118560236,67,-0.029713810047644854,0.18385921626165258,0.2328984855172981
elasticidade,inf_diss,fbcf_me,pib_cresc,diferenca,2003T1-2025T4,3,12,0.12233342357203629,0.05251147844296818,0.03595972779853607,0.2087071193455365,0.019824598961857988,,,20.674590585528495,76,2004T1,2022T4,FALSE,0.05767542019830826,63,0.02604994895510651,0.21861689818896607,0.03785790601484071
multiplicador,inf_diss,fbcf_real_rs_bi,ordem_invertida_dy_t,diferenca,2003T1-2025T4,3,4,0.31320678989242035,0.36695242831856933,-0.29037624274602825,0.9167898225308689,0.3933626129288662,-0.6867932101075797,0.06126005985602949,21.038770597110442,84,2004T1,2024T4,FALSE,0.40197624504275586,70,-0.35685323320589457,0.9832668129907353,0.4385073701466359
multiplicador,inf_diss,fbcf_real_rs_bi,ordem_invertida_dy_t,diferenca,2003T1-2025T4,3,8,0.7764240459984602,0.6197999889466183,-0.24305621380486686,1.7959043058017872,0.2103145536424418,-0.22357595400153984,0.7183067191085154,13.90903444972437,80,2004T1,2023T4,FALSE,0.6823773294559455,66,-0.36196593231028884,1.9148140243072092,0.25930847751507347
multiplicador,inf_diss,fbcf_real_rs_bi,ordem_invertida_dy_t,diferenca,2003T1-2025T4,3,12,1.088417129886531,0.8868709223971654,-0.37035572345624335,2.5471899832293055,0.21972661243753025,0.08841712988653105,0.9205859927967989,10.225353350900217,76,2004T1,2022T4,FALSE,0.98190928649004,62,-0.5511790839037367,2.728013343676799,0.27194031962509946
elasticidade,inf_diss,fbcf_me,ordem_invertida_dy_t,diferenca,2003T1-2025T4,3,4,0.05606458918222686,0.047828130505781385,-0.02260568475051597,0.13473486311496968,0.24111295324138446,,,28.888335260575793,84,2004T1,2024T4,FALSE,0.05239309192263487,70,-0.031270214346122885,0.1433993927105766,0.2882610534654975
elasticidade,inf_diss,fbcf_me,ordem_invertida_dy_t,diferenca,2003T1-2025T4,3,8,0.05184572554739561,0.07646833609903385,-0.07393349443204436,0.17762494552683558,0.49777008736107103,,,18.916956995411063,80,2004T1,2023T4,FALSE,0.0841888672245403,66,-0.08860407926953015,0.19229553036432137,0.5401271331806252
elasticidade,inf_diss,fbcf_me,ordem_invertida_dy_t,diferenca,2003T1-2025T4,3,12,0.06333042453228482,0.07750147763966111,-0.06414816205741014,0.1908090111219798,0.4138420332803436,,,13.174910408851114,76,2004T1,2022T4,FALSE,0.08580664749430583,62,-0.07994987262490791,0.20661072168947756,0.46326272531620505
multiplicador,inf_diss,fbcf_real_rs_bi,p2,diferenca,2003T1-2025T4,2,4,0.9394924515757327,0.7040826408221591,-0.21862043385416585,2.097605337005631,0.18208928073628303,-0.06050754842426731,0.9315155969791434,24.184819667321484,85,2003T4,2024T4,FALSE,0.7546007628353388,74,-0.31745124034144345,2.196436143492909,0.2170529923917895
multiplicador,inf_diss,fbcf_real_rs_bi,p2,diferenca,2003T1-2025T4,2,8,1.4413887848820792,0.8785720516096585,-0.003733640746262923,2.886511210510421,0.10087965294508325,0.4413887848820792,0.615390832954628,14.814613887034573,81,2003T4,2023T4,FALSE,0.9450850063009294,70,-0.13398709605962988,3.0167646658237883,0.13172936250234984
multiplicador,inf_diss,fbcf_real_rs_bi,p2,diferenca,2003T1-2025T4,2,12,1.834199297569664,1.0061124651751547,0.1792915601052245,3.4891070350341034,0.06829492009996978,0.8341992975696639,0.4070301358183396,14.74426864608166,77,2003T4,2022T4,FALSE,1.0867256667060146,66,0.021246910749654235,3.647151684389674,0.09616607720129115
elasticidade,inf_diss,fbcf_me,p2,diferenca,2003T1-2025T4,2,4,0.07940672274465603,0.0912727064906768,-0.07072351956821081,0.22953696505752286,0.38430358894238936,,,35.06717783079567,85,2003T4,2024T4,FALSE,0.09782154814026635,74,-0.08353530425049872,0.2423487497398108,0.4195381213892867
elasticidade,inf_diss,fbcf_me,p2,diferenca,2003T1-2025T4,2,8,0.0723361037195949,0.0958398190993923,-0.08530637033241345,0.22997857777160324,0.4503927363097945,,,20.277267940887164,81,2003T4,2023T4,FALSE,0.10309544433092387,70,-0.09951518516032942,0.24418739259951922,0.4852286833725762
elasticidade,inf_diss,fbcf_me,p2,diferenca,2003T1-2025T4,2,12,0.09604537775687251,0.08044250405144887,-0.036270766793211603,0.2283615223069566,0.232492420843919,,,23.087800785867035,77,2003T4,2022T4,FALSE,0.08688783498134399,66,-0.048907035387579914,0.24099779090132495,0.27300176931689796
multiplicador,inf_diss,fbcf_real_rs_bi,p4,diferenca,2003T1-2025T4,4,4,1.289201628243921,0.6214169556063409,0.26706169496568943,2.3113415615221524,0.03802212765827755,0.2892016282439209,0.641651743273939,25.73609097754391,83,2004T2,2024T4,FALSE,0.6865429136511062,68,0.14434169586192835,2.4340615606259135,0.06469522547934983
multiplicador,inf_diss,fbcf_real_rs_bi,p4,diferenca,2003T1-2025T4,4,8,1.832204293267249,0.6306317780649578,0.7949073258462478,2.86950126068825,0.003668458750176055,0.8322042932672491,0.18695663233873888,16.10582883983815,79,2004T2,2023T4,FALSE,0.7006472311473452,64,0.6628149385352657,3.0015936479992327,0.011114278415664508
multiplicador,inf_diss,fbcf_real_rs_bi,p4,diferenca,2003T1-2025T4,4,12,2.3984512849833304,0.7204266212748548,1.2134549440269913,3.5834476259396695,8.709280826855125e-4,1.3984512849833304,0.05224090230016191,11.943695052073666,75,2004T2,2022T4,FALSE,0.8054614489855358,60,1.0528080295112014,3.7440945404554595,0.004184333411015425
elasticidade,inf_diss,fbcf_me,p4,diferenca,2003T1-2025T4,4,4,0.13018555290412157,0.09233289608075948,-0.021688546101248984,0.2820596519094921,0.1585519332780513,,,32.898965834911095,83,2004T2,2024T4,FALSE,0.10200960068634886,68,-0.039922829575574637,0.30029393538381777,0.20622344274616816
elasticidade,inf_diss,fbcf_me,p4,diferenca,2003T1-2025T4,4,8,0.11461463734536959,0.08716305735235981,-0.028755833676838566,0.2579851083675777,0.18852834557297968,,,17.18393005243187,79,2004T2,2023T4,FALSE,0.09684027496942536,64,-0.04701304292551567,0.27624231761625484,0.24097152205016428
elasticidade,inf_diss,fbcf_me,p4,diferenca,2003T1-2025T4,4,12,0.12753832671432627,0.09469125727708964,-0.028214931258489562,0.2832915846871421,0.17801695805368695,,,10.961910554493572,75,2004T2,2022T4,FALSE,0.10586804407324704,60,-0.049330000946317926,0.3044066543749705,0.2330528733672433
multiplicador,inf_diss,fbcf_real_rs_bi,exogenas_so_defasadas,diferenca,2003T1-2025T4,3,4,1.2508235179114324,0.5560327390596818,0.3362310503653537,2.165415985457511,0.024477517489874482,0.2508235179114324,0.6519211725773781,26.27007816563163,84,2004T1,2024T4,FALSE,0.6225906656999795,67,0.21239451409756827,2.2892525217252966,0.04856211657207837
multiplicador,inf_diss,fbcf_real_rs_bi,exogenas_so_defasadas,diferenca,2003T1-2025T4,3,8,1.9418825169977458,0.561101149739056,1.0189532557628187,2.864811778232673,5.384884312879451e-4,0.9418825169977458,0.093223726309723,16.747165289188167,80,2004T1,2023T4,FALSE,0.6322893653800342,63,0.8863372456707261,2.9974277883247655,0.003145869702902697
multiplicador,inf_diss,fbcf_real_rs_bi,exogenas_so_defasadas,diferenca,2003T1-2025T4,3,12,2.5579397767817937,0.5927863940178356,1.5828929265740728,3.5329866269895147,1.5952188977595222e-5,1.5579397767817937,0.008584715250348698,15.08401304542651,76,2004T1,2022T4,FALSE,0.6727892091740656,59,1.433646417256323,3.6822331363072642,3.425645301191907e-4
elasticidade,inf_diss,fbcf_me,exogenas_so_defasadas,diferenca,2003T1-2025T4,3,4,0.14655153306107677,0.0691382756076845,0.03282918966660646,0.26027387645554706,0.034032414576087834,,,31.8543682504108,84,2004T1,2024T4,FALSE,0.07741422763834187,67,0.017431095321906037,0.2756719708002475,0.06266687569215201
elasticidade,inf_diss,fbcf_me,exogenas_so_defasadas,diferenca,2003T1-2025T4,3,8,0.15821474945405123,0.06462900512723467,0.05190949596425404,0.2645200029438484,0.014363348955442834,,,18.940413440277876,80,2004T1,2023T4,FALSE,0.07282863821620465,63,0.03663445901203749,0.27979503989606497,0.03359372519977925
elasticidade,inf_diss,fbcf_me,exogenas_so_defasadas,diferenca,2003T1-2025T4,3,12,0.20258592736410083,0.045673411434390264,0.1274598509109972,0.27771200381720446,9.184472544463099e-6,,,19.506996357756094,76,2004T1,2022T4,FALSE,0.051837523042576106,59,0.11596060380612681,0.28921125092207484,2.4238964291461716e-4
multiplicador,inf_diss,fbcf_real_rs_bi,selic_media,diferenca,2003T1-2025T4,3,4,0.8319105535997477,0.7153581443432783,-0.3447488846925677,2.008569991892063,0.24485841107216627,-0.16808944640025225,0.8142301265455363,23.38624268377864,84,2004T1,2024T4,FALSE,0.778097454638635,71,-0.46486639844730315,2.1286875056467984,0.2886191514089395
multiplicador,inf_diss,fbcf_real_rs_bi,selic_media,diferenca,2003T1-2025T4,3,8,1.4340974109997062,0.749294332383369,0.20161791072474045,2.666576911274672,0.055629013674545216,0.4340974109997062,0.5623586708446315,14.950036404003807,80,2004T1,2023T4,FALSE,0.8187664522521294,67,0.06846365159781231,2.7997311704016,0.08443015716563418
multiplicador,inf_diss,fbcf_real_rs_bi,selic_media,diferenca,2003T1-2025T4,3,12,1.9031230838115045,0.8080901384096744,0.573933088744635,3.232313078878374,0.01851833839826132,0.9031230838115045,0.2637370517941521,12.568696327904565,76,2004T1,2022T4,FALSE,0.8875571526995958,63,0.4214332012030264,3.3848129664199824,0.035879888215464485
elasticidade,inf_diss,fbcf_me,selic_media,diferenca,2003T1-2025T4,3,4,0.08701536593091676,0.09449700790429864,-0.06841838025653073,0.24244911211836423,0.357140923899941,,,33.46801696109673,84,2004T1,2024T4,FALSE,0.10278471266836936,71,-0.08428560108358414,0.25831633294541767,0.40007434711289847
elasticidade,inf_diss,fbcf_me,selic_media,diferenca,2003T1-2025T4,3,8,0.09595563354168914,0.09228874647356497,-0.055845845822159026,0.2477571129055373,0.2984640737337136,,,20.70509990151928,80,2004T1,2023T4,FALSE,0.10084545720852456,67,-0.07224612957093969,0.264157396654318,0.3447646899916582
elasticidade,inf_diss,fbcf_me,selic_media,diferenca,2003T1-2025T4,3,12,0.12587226796171605,0.07733143058271114,-0.0013266161096023021,0.25307115203303443,0.10358879182737278,,,18.87479947500715,76,2004T1,2022T4,FALSE,0.08493614892671958,63,-0.015920327759770314,0.2676648636832024,0.1433349235669518
multiplicador,inf_diss,fbcf_real_rs_bi,sub_ate_2014T4,diferenca,2003T1-2014T4,3,4,-0.21549736463042946,0.7484861567359108,-1.4466475342604599,1.015652804999601,0.7734149004965114,-1.2154973646304295,0.10438839917569587,32.88569077566918,40,2004T1,2013T4,FALSE,0.8790524105243566,29,-1.709119073091783,1.278124343830924,0.8080688465892645
multiplicador,inf_diss,fbcf_real_rs_bi,sub_ate_2014T4,diferenca,2003T1-2014T4,3,8,1.0419348679758862,0.5027341124213043,0.21501083976747504,1.8688588961842973,0.03821542296992935,0.04193486797588619,0.9335226657634598,24.09474224190896,36,2004T1,2012T4,FALSE,0.6032809349055651,25,0.011446112577536693,2.0724236233742355,0.09648475269819048
multiplicador,inf_diss,fbcf_real_rs_bi,sub_ate_2014T4,diferenca,2003T1-2014T4,3,12,1.6468305958522844,0.46485977121531735,0.8822043151449384,2.4114568765596305,3.961438109809035e-4,0.6468305958522844,0.1640880551251926,20.59164065841859,32,2004T1,2011T4,FALSE,0.5738353596890807,21,0.6594074732847974,2.6342537184197714,0.009168724743095692
elasticidade,inf_diss,fbcf_me,sub_ate_2014T4,diferenca,2003T1-2014T4,3,4,-0.147653271618398,0.11404308063569815,-0.33523744643074527,0.039930903193949235,0.19541861046790018,,,24.003718610971397,40,2004T1,2013T4,FALSE,0.1339368056900554,29,-0.37522891801393665,0.07992237477714065,0.2793486017105068
elasticidade,inf_diss,fbcf_me,sub_ate_2014T4,diferenca,2003T1-2014T4,3,8,0.00552528628415061,0.1131642483102845,-0.18061333799025778,0.191663910558559,0.9610584640189537,,,16.699667538255394,36,2004T1,2012T4,FALSE,0.1357970979723414,25,-0.22643527202212335,0.23748584459042457,0.967867984819075
elasticidade,inf_diss,fbcf_me,sub_ate_2014T4,diferenca,2003T1-2014T4,3,12,0.10765211641836503,0.12479552887637084,-0.09761826188126063,0.3129224947179907,0.3883420351550315,,,13.484479000088298,32,2004T1,2011T4,FALSE,0.15405094532731997,21,-0.15742995442508145,0.3727341872618115,0.49233914104480103
multiplicador,inf_diss,fbcf_real_rs_bi,sub_de_2015T1,diferenca,2015T1-2025T4,3,4,-0.11033055518086154,1.225621931977916,-2.1262992352660066,1.9056381249042835,0.9282712770011123,-1.1103305551808615,0.36497166115063745,60.144898944935676,40,2015T1,2024T4,FALSE,1.4917795091497044,27,-2.6512613566805787,2.4306002463188556,0.9415882134992088
multiplicador,inf_diss,fbcf_real_rs_bi,sub_de_2015T1,diferenca,2015T1-2025T4,3,8,-0.18610764743601393,0.9895510559472389,-1.8137742908644883,1.4415589959924604,0.8508195754479184,-1.186107647436014,0.23067103578333353,113.52026638412107,36,2015T1,2023T4,FALSE,1.2380139516623887,23,-2.3079045101437914,1.9356892152717635,0.8818167383865578
multiplicador,inf_diss,fbcf_real_rs_bi,sub_de_2015T1,diferenca,2015T1-2025T4,3,12,0.36032836802766965,1.0376654920263737,-1.3464794800942943,2.067136216149634,0.7284042156545886,-0.6396716319723303,0.5375958202324,126.8410042400448,32,2015T1,2022T4,FALSE,1.3466525661989623,19,-1.9682127699064083,2.6888695059617476,0.7919107787942683
elasticidade,inf_diss,fbcf_me,sub_de_2015T1,diferenca,2015T1-2025T4,3,4,0.004301928737131311,0.14784836330317136,-0.23888698788092894,0.24749084535519156,0.9767873098399004,,,106.65596032867865,40,2015T1,2024T4,FALSE,0.17995529704747992,27,-0.3022138494703344,0.31081770694459704,0.981103759122213
elasticidade,inf_diss,fbcf_me,sub_de_2015T1,diferenca,2015T1-2025T4,3,8,-0.08167393993565031,0.12935130758339355,-0.29443790736511055,0.13109002749380996,0.527771312721903,,,302.84001885903587,36,2015T1,2023T4,FALSE,0.16182967264960654,23,-0.35902920823443607,0.19568132836313545,0.6185774311179935
elasticidade,inf_diss,fbcf_me,sub_de_2015T1,diferenca,2015T1-2025T4,3,12,0.009851830273351236,0.13982855154186088,-0.2201456698816494,0.23984933042835188,0.9438303228256901,,,101.04898276436656,32,2015T1,2022T4,FALSE,0.18146549076621402,19,-0.3039261039693374,0.32362976451603986,0.9572706143519023
multiplicador,inf_diss,fbcf_real_rs_bi,ate_2019T4,diferenca,2003T1-2019T4,3,4,1.8089186043346608,0.6402144440099331,0.7558595540782025,2.861977654591119,0.004720856985627473,0.8089186043346608,0.20640525265478868,17.81731014240002,60,2004T1,2018T4,FALSE,0.7084399656148319,49,0.6211829476176609,2.9966542610516607,0.013831426410531223
multiplicador,inf_diss,fbcf_real_rs_bi,ate_2019T4,diferenca,2003T1-2019T4,3,8,2.017688380907005,0.6543163950817611,0.9414336852829586,3.093943076531052,0.002044720877705588,1.0176883809070052,0.1198636899316812,16.48211256827833,56,2004T1,2017T4,FALSE,0.729920496627716,45,0.7918399044120084,3.243536857402002,0.008239677549957969
multiplicador,inf_diss,fbcf_real_rs_bi,ate_2019T4,diferenca,2003T1-2019T4,3,12,2.320606621340634,0.7654148707861222,1.0616111950054887,3.579602047675779,0.0024307726503811616,1.3206066213406338,0.08446486944346204,10.742384912354678,52,2004T1,2016T4,FALSE,0.8619987560099095,41,0.8699678769857979,3.77124536569547,0.01023292815801786
elasticidade,inf_diss,fbcf_me,ate_2019T4,diferenca,2003T1-2019T4,3,4,0.3192333820557304,0.126473673806074,0.11120270098193225,0.5272640631295284,0.011599184340596516,,,32.685225442571735,60,2004T1,2018T4,FALSE,0.13995155210988394,49,0.08459748244279028,0.5538692816686704,0.02693165877109581
elasticidade,inf_diss,fbcf_me,ate_2019T4,diferenca,2003T1-2019T4,3,8,0.07281517443644958,0.18524317116412237,-0.23188272752084932,0.3775130763937485,0.6942612377161278,,,8.947560394977248,56,2004T1,2017T4,FALSE,0.20664740866857456,45,-0.27423414430218024,0.4198644931750794,0.7262100418039665
elasticidade,inf_diss,fbcf_me,ate_2019T4,diferenca,2003T1-2019T4,3,12,-0.15122564734599386,0.3442139086359996,-0.7174071434130602,0.4149558487210725,0.6604179125417231,,,3.815693306421629,52,2004T1,2016T4,FALSE,0.38764854508353247,41,-0.8035908564258198,0.5011395617338321,0.6984744692235474
multiplicador,inf_diss,fbcf_real_rs_bi,sem_2020_2021,diferenca,2003T1-2025T4,3,4,1.9204033982111721,0.5714511742931528,0.9804498615494022,2.860356934872942,7.778096757100921e-4,0.9204033982111721,0.10725772211381633,13.754569192380844,68,2004T1,2024T4,FALSE,0.6937154144562017,57,0.76049118486974,3.0803156115526042,0.007588534489269855
multiplicador,inf_diss,fbcf_real_rs_bi,sem_2020_2021,diferenca,2003T1-2025T4,3,8,2.323056264554223,0.6564187064429379,1.2433435744627637,3.4027689546456825,4.0166796048194276e-4,1.3230562645542232,0.04384521257342137,22.065235780298543,60,2004T1,2023T4,FALSE,0.8387410567479362,49,0.9168641971890672,3.729248331919379,0.007902734267901772
multiplicador,inf_diss,fbcf_real_rs_bi,sem_2020_2021,diferenca,2003T1-2025T4,3,12,2.320606621340097,0.7654148707862617,1.0616111950047225,3.579602047675471,0.0024307726503912564,1.3206066213400969,0.08446486944364497,10.74238491234866,52,2004T1,2022T4,FALSE,1.0421056808912328,41,0.5668698950707138,4.07434334760948,0.031510320226156165
elasticidade,inf_diss,fbcf_me,sem_2020_2021,diferenca,2003T1-2025T4,3,4,0.3186667433422826,0.10212862634893678,0.15068010187666234,0.4866533848079029,0.0018069822800412284,,,19.408078633327484,68,2004T1,2024T4,FALSE,0.12397945011335353,57,0.11136952117725193,0.5259639655073133,0.012798022235793096
elasticidade,inf_diss,fbcf_me,sem_2020_2021,diferenca,2003T1-2025T4,3,8,0.20475454351416933,0.12385618354640685,0.0010292507874948564,0.40847983624084383,0.09829755718031859,,,20.740410399746715,60,2004T1,2023T4,FALSE,0.15825762619626096,49,-0.060572420948596384,0.47008150797693504,0.20179817033522185
elasticidade,inf_diss,fbcf_me,sem_2020_2021,diferenca,2003T1-2025T4,3,12,-0.15122564734593147,0.3442139086359932,-0.7174071434129874,0.41495584872112445,0.6604179125418486,,,3.815693306418978,52,2004T1,2022T4,FALSE,0.46864423899011437,41,-0.9398967279686183,0.6374454332767554,0.7485717800401175
multiplicador,inf_diss,fbcf_real_rs_bi,sem_2016T4_2018T1,diferenca,2003T1-2025T4,3,4,0.333456703715455,0.8647787386824857,-1.0889777411169503,1.7558911485478603,0.699794627395995,-0.666543296284545,0.4408447886843316,77.78326215987622,70,2004T1,2024T4,FALSE,1.0498015720417078,57,-1.421841851890003,2.088755259320913,0.7519203764577872
multiplicador,inf_diss,fbcf_real_rs_bi,sem_2016T4_2018T1,diferenca,2003T1-2025T4,3,8,0.6388758030645261,1.158770463395645,-1.2671319964560381,2.5448836025850903,0.5814010394512208,-0.36112419693547393,0.7553108716835891,19.729724945960786,62,2004T1,2023T4,FALSE,1.4806225865551967,49,-1.8434633160532643,3.1212149221823164,0.6680037609866469
multiplicador,inf_diss,fbcf_real_rs_bi,sem_2016T4_2018T1,diferenca,2003T1-2025T4,3,12,-0.14933008469834674,1.8209923855043835,-3.144596014646244,2.8459358452495502,0.9346429102991025,-1.1493300846983467,0.5279385948527026,10.586644490645654,54,2004T1,2022T4,FALSE,2.479265274588204,41,-4.321631076754343,4.022970907357649,0.9522638293271923
elasticidade,inf_diss,fbcf_me,sem_2016T4_2018T1,diferenca,2003T1-2025T4,3,4,0.028301759282382134,0.09583199293889633,-0.1293278418811493,0.18593136044591355,0.7677442179371791,,,59.69900472165149,70,2004T1,2024T4,FALSE,0.1163356270673549,57,-0.16621476993145526,0.2228182884962195,0.8086643668656212
elasticidade,inf_diss,fbcf_me,sem_2016T4_2018T1,diferenca,2003T1-2025T4,3,8,-0.009823581465921341,0.10488004530000909,-0.18233590437247593,0.16268874144063322,0.9253753343828744,,,25.346774510526608,62,2004T1,2023T4,FALSE,0.1340108061566158,49,-0.23449951814809977,0.21485235521625706,0.9418623156952601
elasticidade,inf_diss,fbcf_me,sem_2016T4_2018T1,diferenca,2003T1-2025T4,3,12,-0.04538296871635383,0.11007429922711613,-0.22643907903421737,0.1356731416015097,0.6801239752281637,,,19.950123687383044,54,2004T1,2022T4,FALSE,0.149865199805781,41,-0.2975878167547256,0.20682187932201795,0.7635541834632069
multiplicador,inf_diss,fbcf_real_rs_bi,choques_sem_AO,diferenca,2003T1-2025T4,3,4,1.5829978131814118,0.6294209448149977,0.5476924892232409,2.6183031371395824,0.011903016471193862,0.5829978131814118,0.35431882819197097,48.43527792078847,84,2004T1,2024T4,FALSE,0.6846232742711016,71,0.4420048981974316,2.7239907281653917,0.0236697250085544
multiplicador,inf_diss,fbcf_real_rs_bi,choques_sem_AO,diferenca,2003T1-2025T4,3,8,2.4767805822434767,0.5742870932420545,1.5321623740128656,3.421398790474088,1.61206017639346e-5,1.4767805822434767,0.010125834218657318,20.170273940448713,80,2004T1,2023T4,FALSE,0.627533114273455,67,1.4301079888107655,3.523453175676188,1.9240946029428624e-4
multiplicador,inf_diss,fbcf_real_rs_bi,choques_sem_AO,diferenca,2003T1-2025T4,3,12,3.075459801777599,0.529748843115337,2.204100495805991,3.946819107749207,6.417211293203398e-9,2.075459801777599,8.935395385546535e-5,12.380403178952202,76,2004T1,2022T4,FALSE,0.581843970731625,63,2.1041281843515103,4.046791419203688,1.665248024492589e-6
elasticidade,inf_diss,fbcf_me,choques_sem_AO,diferenca,2003T1-2025T4,3,4,0.19330170247866857,0.09524258597729947,0.03664158949367019,0.34996181546366695,0.04240004553370744,,,41.43835298389424,84,2004T1,2024T4,FALSE,0.10359568044083933,71,0.020649176851653767,0.36595422810568334,0.06618282470875579
elasticidade,inf_diss,fbcf_me,choques_sem_AO,diferenca,2003T1-2025T4,3,8,0.2064173577002667,0.09085436243770433,0.05697523012024519,0.3558594852802882,0.023089005904237653,,,18.07435137771309,80,2004T1,2023T4,FALSE,0.09927808177613195,67,0.040829845328181597,0.37200487007235183,0.04143147615820823
elasticidade,inf_diss,fbcf_me,choques_sem_AO,diferenca,2003T1-2025T4,3,12,0.22702256301207066,0.07075403695230126,0.11064252870961949,0.34340259731452183,0.0013337531105494561,,,11.099511073398439,76,2004T1,2022T4,FALSE,0.07771193904552998,63,0.09729007931631853,0.35675504670782276,0.0048327657216267255
multiplicador,inf_diss,fbcf_real_rs_bi,dummies_A4,diferenca,2003T1-2025T4,3,4,1.4453019482103384,0.685954054947929,0.31700793300716823,2.5735959634135086,0.03511798970362233,0.4453019482103384,0.5162274126997798,40.69931615661369,84,2004T1,2024T4,FALSE,0.7858590950151956,64,0.1336928827963333,2.7569110136243435,0.07053475492978252
multiplicador,inf_diss,fbcf_real_rs_bi,dummies_A4,diferenca,2003T1-2025T4,3,8,2.339989282084554,0.6135626162132224,1.3307685874444015,3.3492099767247066,1.3686051575779266e-4,1.339989282084554,0.028966017397471608,21.283981547878987,80,2004T1,2023T4,FALSE,0.70848108327079,60,1.1563661645118017,3.5236123996573063,0.001616495267397809
multiplicador,inf_diss,fbcf_real_rs_bi,dummies_A4,diferenca,2003T1-2025T4,3,12,3.09524344618879,0.5701968063244195,2.157353161229923,4.033133731147657,5.686869532433631e-8,2.09524344618879,2.3822517417516914e-4,12.005775238834527,76,2004T1,2022T4,FALSE,0.664259177091764,56,1.9842551574801848,4.206231734897395,1.9984734185724457e-5
elasticidade,inf_diss,fbcf_me,dummies_A4,diferenca,2003T1-2025T4,3,4,0.21125327290207987,0.08976974230551038,0.06359518668036218,0.35891135912379757,0.018608652727640246,,,33.05036926932865,84,2004T1,2024T4,FALSE,0.10284415980792022,64,0.039605030635002036,0.3829015151691577,0.044054227255527434
elasticidade,inf_diss,fbcf_me,dummies_A4,diferenca,2003T1-2025T4,3,8,0.23061745992913452,0.09040114546128354,0.08192080793657472,0.3793141119216943,0.010740021965748334,,,14.714664696607693,80,2004T1,2023T4,FALSE,0.10438625133424513,60,0.05622468762592783,0.4050102322323412,0.030984598614860363
elasticidade,inf_diss,fbcf_me,dummies_A4,diferenca,2003T1-2025T4,3,12,0.23896678251635717,0.07934124759558585,0.10846204364190307,0.3694715213908113,0.00259630191874702,,,7.7996954359042645,76,2004T1,2022T4,FALSE,0.09242975627487422,56,0.0843759536787902,0.39355761135392414,0.012357333955645906
multiplicador,inf_diss,fbcf_real_rs_bi,G_deflator_fbcf,diferenca,2003T1-2025T4,3,4,0.9152153855259823,0.7125845405729668,-0.25688188054501027,2.087312651596975,0.19901587228544185,-0.08478461447401775,0.9052897490635331,26.098454118211563,84,2004T1,2024T4,FALSE,0.7750805965083111,71,-0.3765336717918454,2.2069644428438098,0.24162264213355622
multiplicador,inf_diss,fbcf_real_rs_bi,G_deflator_fbcf,diferenca,2003T1-2025T4,3,8,1.3976768904207018,0.7910884460469769,0.09645219070092836,2.6989015901404754,0.07726557801827018,0.39767689042070176,0.6151781175684357,17.81955506499252,80,2004T1,2023T4,FALSE,0.8644355794434805,67,-0.04412914214086805,2.8394829229822713,0.11060621298269009
multiplicador,inf_diss,fbcf_real_rs_bi,G_deflator_fbcf,diferenca,2003T1-2025T4,3,12,1.864782384298453,0.8827434260002156,0.4127986583744305,3.3167661102224755,0.03464485780750774,0.864782384298453,0.32725735593106436,15.180956774875908,76,2004T1,2022T4,FALSE,0.969551791941108,63,0.2462104687721458,3.48335429982476,0.058958548823534886
multiplicador,inf_diss,fbcf_real_rs_bi,ctrl_cambio_real,diferenca,2003T1-2025T4,3,4,1.13619580151515,0.7277664123434244,-0.060873421401391736,2.333265024431692,0.11847433965431899,0.1361958015151501,0.8515491482175488,27.339443523997218,84,2004T1,2024T4,FALSE,0.7972281612701994,70,-0.19271536361730246,2.4651069666476024,0.15854813155029449
multiplicador,inf_diss,fbcf_real_rs_bi,ctrl_cambio_real,diferenca,2003T1-2025T4,3,8,1.6808159155691365,0.7575442797254108,0.4347664594864544,2.9268653716518185,0.026502430416100314,0.6808159155691365,0.3688048310550594,21.566362797778417,80,2004T1,2023T4,FALSE,0.8340288024564252,66,0.28943025641449927,3.0722015747237736,0.04794923521360906
multiplicador,inf_diss,fbcf_real_rs_bi,ctrl_cambio_real,diferenca,2003T1-2025T4,3,12,2.294222278752213,0.7674818218286215,1.0318270204980817,3.556617537006344,0.0027963071358393992,1.2942222787522129,0.09173359570474306,20.070634324679975,76,2004T1,2022T4,FALSE,0.8497262781249872,62,0.8753458025432701,3.7130987549611554,0.008927644823188724
elasticidade,inf_diss,fbcf_me,ctrl_cambio_real,diferenca,2003T1-2025T4,3,4,0.11765725000014865,0.10201230391430349,-0.05013805808696925,0.28545255808726655,0.24876128833309044,,,35.36519560838025,84,2004T1,2024T4,FALSE,0.11174887999387315,70,-0.068618576079925,0.3039330760802223,0.29602062598310297
elasticidade,inf_diss,fbcf_me,ctrl_cambio_real,diferenca,2003T1-2025T4,3,8,0.11441857552379447,0.09314029540990999,-0.038783577196527474,0.2676207282441164,0.21927655886100642,,,27.694412351881656,80,2004T1,2023T4,FALSE,0.10254409031947599,66,-0.05665270676448256,0.2854898578120715,0.26855437879687083
elasticidade,inf_diss,fbcf_me,ctrl_cambio_real,diferenca,2003T1-2025T4,3,12,0.1701517965271635,0.08355279701282131,0.032719675318684305,0.3075839177356427,0.04170434486102936,,,24.56256443487626,76,2004T1,2022T4,FALSE,0.09250643495826123,62,0.01568416637471226,0.32461942667961474,0.07065271271825509
multiplicador,inf_diss,fbcf_real_rs_bi,ctrl_icbr_usd,diferenca,2003T1-2025T4,3,4,1.317445970751819,0.5965413969333786,0.3362226903792537,2.2986692511243842,0.02721127098345162,0.3174459707518189,0.5946262120305834,26.445120305885748,84,2004T1,2024T4,FALSE,0.6534783591721092,70,0.22815343209810135,2.4067385094055362,0.04763389959881584
multiplicador,inf_diss,fbcf_real_rs_bi,ctrl_icbr_usd,diferenca,2003T1-2025T4,3,8,1.8714663449476991,0.7038726247873942,0.7136989051543015,3.0292337847410966,0.00784162556847745,0.8714663449476991,0.21567811575322587,16.552179338415375,80,2004T1,2023T4,FALSE,0.7749382551553037,66,0.5786597035250962,3.1642729863703023,0.01851403505582817
multiplicador,inf_diss,fbcf_real_rs_bi,ctrl_icbr_usd,diferenca,2003T1-2025T4,3,12,2.3769798519857366,0.7749594250246693,1.1022850309936822,3.6516746729777907,0.002160515621289172,1.3769798519857366,0.07559436738320977,14.382662395911124,76,2004T1,2022T4,FALSE,0.8580051920384585,62,0.9442792108630009,3.8096804931084725,0.007379536372946079
elasticidade,inf_diss,fbcf_me,ctrl_icbr_usd,diferenca,2003T1-2025T4,3,4,0.14045068226064322,0.08194144722351457,0.005668995597392701,0.27523236892389374,0.08652190864453137,,,34.69697417419035,84,2004T1,2024T4,FALSE,0.08976235807787598,70,-0.009175492093573628,0.29007685661486005,0.12216441149349258
elasticidade,inf_diss,fbcf_me,ctrl_icbr_usd,diferenca,2003T1-2025T4,3,8,0.12873014958623033,0.08598296269583447,-0.012699238460046086,0.2701595376325068,0.13435194182356672,,,19.430056493516364,80,2004T1,2023T4,FALSE,0.09466412634632533,66,-0.029195221152463452,0.28665552032492414,0.17850099806529546
elasticidade,inf_diss,fbcf_me,ctrl_icbr_usd,diferenca,2003T1-2025T4,3,12,0.1646702433435273,0.06978760644816812,0.04987984576099609,0.27946064092605855,0.01829506825443045,,,18.30946575849352,76,2004T1,2022T4,FALSE,0.07726614676705008,62,0.03565090985064309,0.2936895768364115,0.03704413589675191
multiplicador,inf_diss,fbcf_real_rs_bi,ctrl_brent_usd,diferenca,2003T1-2025T4,3,4,1.135609681418843,0.5739188409500451,0.19159719430637667,2.0796221685313094,0.0478504857247445,0.135609681418843,0.8132098112989692,24.884402291532915,84,2004T1,2024T4,FALSE,0.6286965907311186,70,0.08762623139602455,2.1835931314416612,0.07517129234503903
multiplicador,inf_diss,fbcf_real_rs_bi,ctrl_brent_usd,diferenca,2003T1-2025T4,3,8,1.6295383309560099,0.7277763911709676,0.43245269432879097,2.8266239675832288,0.02515171526922858,0.6295383309560099,0.3870299254395622,15.425096623704594,80,2004T1,2023T4,FALSE,0.8012554357936635,66,0.29282751305682875,2.9662491488551908,0.046002156341419964
multiplicador,inf_diss,fbcf_real_rs_bi,ctrl_brent_usd,diferenca,2003T1-2025T4,3,12,2.105893794920099,0.8128235902259626,0.7689179644652078,3.4428696253749904,0.009574270391014337,1.105893794920099,0.17365335108072255,12.951539502575255,76,2004T1,2022T4,FALSE,0.8999269356624907,62,0.6031920517941931,3.6085955380460053,0.02251392140381822
elasticidade,inf_diss,fbcf_me,ctrl_brent_usd,diferenca,2003T1-2025T4,3,4,0.13118193902009748,0.0753217420030732,0.0072886984980395225,0.2550751795421554,0.08157475777585725,,,33.14328651554537,84,2004T1,2024T4,FALSE,0.08251083433133509,70,-0.006356565405792297,0.2687204434459872,0.1163695517122352
elasticidade,inf_diss,fbcf_me,ctrl_brent_usd,diferenca,2003T1-2025T4,3,8,0.11890860395962066,0.0815718608299758,-0.01526516718374571,0.25308237510298703,0.14491884911008876,,,19.20922529964928,80,2004T1,2023T4,FALSE,0.08980766302773366,66,-0.030914872221238565,0.2687320801404799,0.19005836297468492
elasticidade,inf_diss,fbcf_me,ctrl_brent_usd,diferenca,2003T1-2025T4,3,12,0.15593112712014948,0.06446935792899255,0.04988846990341346,0.2619737843368855,0.015576683952712476,,,16.600880440407728,76,2004T1,2022T4,FALSE,0.0713779870845503,62,0.0367438671746388,0.27511838706566016,0.03270909314423212
multiplicador,inf_diss,fbcf_real_rs_bi,ctrl_bndes_priv,diferenca,2003T1-2025T4,3,4,0.8873681474549413,0.7521744038715705,-0.3498486488532724,2.124584943763155,0.23810474176715543,-0.1126318525450587,0.8809684296614709,27.14037547158,84,2004T1,2024T4,FALSE,0.8239657763569206,70,-0.48611233540099175,2.2608486303108744,0.28520115110361416
multiplicador,inf_diss,fbcf_real_rs_bi,ctrl_bndes_priv,diferenca,2003T1-2025T4,3,8,1.4028487467468342,0.8127134632823905,0.06605405899450267,2.7396434344991656,0.08432410383369542,0.40284874674683424,0.6201176496478096,17.461991716009692,80,2004T1,2023T4,FALSE,0.8947680745042649,66,-0.08986644902086471,2.895563942514533,0.12170200277119415
multiplicador,inf_diss,fbcf_real_rs_bi,ctrl_bndes_priv,diferenca,2003T1-2025T4,3,12,1.8321906633892824,0.8798611635524604,0.384947837306276,3.2794334894722885,0.037309291030052566,0.8321906633892824,0.3442401838092639,15.474509428791352,76,2004T1,2022T4,FALSE,0.9741483518017459,62,0.20555369064651186,3.458827636132053,0.06469575261566549
elasticidade,inf_diss,fbcf_me,ctrl_bndes_priv,diferenca,2003T1-2025T4,3,4,0.0867385345030193,0.0986378798153869,-0.07550633986612318,0.24898340887216178,0.3792043078529429,,,35.381016899287374,84,2004T1,2024T4,FALSE,0.10805238359874182,70,-0.0933755482142318,0.2668526172202704,0.42483919797561875
elasticidade,inf_diss,fbcf_me,ctrl_bndes_priv,diferenca,2003T1-2025T4,3,8,0.07611339276682795,0.09747115543246805,-0.08421239076941776,0.23643917630307365,0.4348723705858502,,,21.621325888498834,80,2004T1,2023T4,FALSE,0.10731221027614675,66,-0.10291240345346324,0.2551391889871191,0.48065472050730784
elasticidade,inf_diss,fbcf_me,ctrl_bndes_priv,diferenca,2003T1-2025T4,3,12,0.10045088551086385,0.08091849297706634,-0.032648191149910896,0.2335499621716386,0.2144640956450921,,,19.752018309347704,76,2004T1,2022T4,FALSE,0.08958983511174193,62,-0.049146594077487574,0.2500483650992153,0.26651365561420004
multiplicador,inf_diss,fbcf_real_rs_bi,ctrl_cambio_real+icbr_usd,diferenca,2003T1-2025T4,3,4,1.345394503049652,0.60704078332759,0.3469012688858031,2.3438877372135005,0.026669833918374068,0.3453945030496519,0.5693692228878613,32.4340106216128,84,2004T1,2024T4,FALSE,0.6697812216928125,69,0.22870943106907693,2.462079575030227,0.04848311057968332
multiplicador,inf_diss,fbcf_real_rs_bi,ctrl_cambio_real+icbr_usd,diferenca,2003T1-2025T4,3,8,1.8962652361738477,0.678987615874156,0.7794299935481097,3.0131004787995854,0.005225669539017288,0.8962652361738477,0.18683423948187536,28.181043793122168,80,2004T1,2023T4,FALSE,0.7532691275197897,65,0.6393332704990291,3.1531972018486663,0.014297578522282195
multiplicador,inf_diss,fbcf_real_rs_bi,ctrl_cambio_real+icbr_usd,diferenca,2003T1-2025T4,3,12,2.470687781629305,0.709474566739663,1.3037059672977465,3.6376695959608636,4.969053392794537e-4,1.4706877816293051,0.038179231736455294,24.39231221674236,76,2004T1,2022T4,FALSE,0.7919152569399768,61,1.1480154899904709,3.7933600732681394,0.002762352161336781
elasticidade,inf_diss,fbcf_me,ctrl_cambio_real+icbr_usd,diferenca,2003T1-2025T4,3,4,0.14287475586163628,0.08440909504864089,0.00403414972318783,0.28171536200008473,0.09052278214767333,,,37.963947539360895,84,2004T1,2024T4,FALSE,0.09313316066468293,69,-0.012400439757864867,0.29814995148113743,0.12958001106736716
elasticidade,inf_diss,fbcf_me,ctrl_cambio_real+icbr_usd,diferenca,2003T1-2025T4,3,8,0.1359936098057188,0.08462938632389157,-0.003209343235811485,0.27519656284724914,0.10806943929439715,,,29.86006613563582,80,2004T1,2023T4,FALSE,0.09388787440056676,65,-0.020671075114923332,0.29265829472636096,0.15229308678196565
elasticidade,inf_diss,fbcf_me,ctrl_cambio_real+icbr_usd,diferenca,2003T1-2025T4,3,12,0.1867453465832729,0.07300615487018909,0.06666090795526154,0.3068297852112843,0.010529432927908429,,,25.93700172319192,76,2004T1,2022T4,FALSE,0.08148944388226427,61,0.05064008968922856,0.32285060347731726,0.02539202046771796
multiplicador,inf_diss,fbcf_real_rs_bi,ctrl_cambio_real+brent_usd,diferenca,2003T1-2025T4,3,4,1.204116050705983,0.5915543669681205,0.23109570465948825,2.1771363967524775,0.04179937588011553,0.20411605070598293,0.7300565067768074,26.101733848801796,84,2004T1,2024T4,FALSE,0.6526942134492633,69,0.11591909755047047,2.292313003861495,0.06935297052730378
multiplicador,inf_diss,fbcf_real_rs_bi,ctrl_cambio_real+brent_usd,diferenca,2003T1-2025T4,3,8,1.729804729468068,0.6822152472658923,0.6076605056411701,2.851948953294966,0.011226438802950123,0.7298047294680681,0.28472857455645134,20.694678333047854,80,2004T1,2023T4,FALSE,0.7568498630524674,65,0.4668978196634277,2.9927116392727084,0.025551459263093945
multiplicador,inf_diss,fbcf_real_rs_bi,ctrl_cambio_real+brent_usd,diferenca,2003T1-2025T4,3,12,2.321548067149494,0.7180374660947625,1.1404815367564796,3.5026145975425083,0.0012241819741843373,1.321548067149494,0.0656948416312601,18.07012403783052,76,2004T1,2022T4,FALSE,0.8014731621290334,61,0.982911976039835,3.6601841582591526,0.005231027980695803
elasticidade,inf_diss,fbcf_me,ctrl_cambio_real+brent_usd,diferenca,2003T1-2025T4,3,4,0.13640464269454836,0.08050383103453057,0.003987624233912301,0.2688216611551844,0.09019177304731626,,,31.687683538623787,84,2004T1,2024T4,FALSE,0.08882426977259894,69,-0.01168660392766352,0.28449588931676023,0.12919274381261642
elasticidade,inf_diss,fbcf_me,ctrl_cambio_real+brent_usd,diferenca,2003T1-2025T4,3,8,0.12996595194772326,0.07878211030592976,3.809120721237902e-4,0.25955099182332275,0.09900663603387436,,,24.550575339716044,80,2004T1,2023T4,FALSE,0.08740090409147376,65,-0.01587434094091142,0.27580624483635796,0.14184740183197111
elasticidade,inf_diss,fbcf_me,ctrl_cambio_real+brent_usd,diferenca,2003T1-2025T4,3,12,0.1831803321715168,0.06638922612371417,0.07397977279142416,0.29238089155160946,0.0057945252814472735,,,20.499735619037764,76,2004T1,2022T4,FALSE,0.07410363038862708,61,0.059411004878064264,0.3069496594649693,0.016243385070288673
multiplicador,inf_diss,fbcf_real_rs_bi,ctrl_cambio_real+bndes_priv,diferenca,2003T1-2025T4,3,4,1.1318029559981642,0.7321539403863636,-0.07248310833315741,2.336089020329486,0.12213987872701812,0.13180295599816416,0.8571362196970156,29.18243049898446,84,2004T1,2024T4,FALSE,0.8078253951424376,69,-0.21503468337671383,2.478640595373042,0.16568105503200262
multiplicador,inf_diss,fbcf_real_rs_bi,ctrl_cambio_real+bndes_priv,diferenca,2003T1-2025T4,3,8,1.6783621756128047,0.7560432426244248,0.4347817058498682,2.921942645375741,0.026423600508746568,0.6783621756128047,0.36958385356324325,22.834009368938084,80,2004T1,2023T4,FALSE,0.838754670077054,65,0.27878595821208796,3.0779383930135213,0.049569608208627935
multiplicador,inf_diss,fbcf_real_rs_bi,ctrl_cambio_real+bndes_priv,diferenca,2003T1-2025T4,3,12,2.2942860875514968,0.769715194313803,1.0282172584647813,3.5603549166382122,0.0028759524634166113,1.2942860875514968,0.0926633180388132,22.211279975265576,76,2004T1,2022T4,FALSE,0.8591558238327794,61,0.8593072909883122,3.7292648841146816,0.009698042378486763
elasticidade,inf_diss,fbcf_me,ctrl_cambio_real+bndes_priv,diferenca,2003T1-2025T4,3,4,0.1177721077741026,0.10197253731625605,-0.04995779007998544,0.2855020056281906,0.24811521644922893,,,35.45845520800074,84,2004T1,2024T4,FALSE,0.11251186493336499,69,-0.0698120106253931,0.3053562261735983,0.2988666243382081
elasticidade,inf_diss,fbcf_me,ctrl_cambio_real+bndes_priv,diferenca,2003T1-2025T4,3,8,0.1147426501803018,0.0925106503933173,-0.03742382865078572,0.2669091290113893,0.21485769609021993,,,27.473295815386432,80,2004T1,2023T4,FALSE,0.10263135185219335,65,-0.056511715770136334,0.2859970161307399,0.26767878630206043
elasticidade,inf_diss,fbcf_me,ctrl_cambio_real+bndes_priv,diferenca,2003T1-2025T4,3,12,0.17035336777610008,0.08268240215360341,0.03435291870868534,0.3063538168435148,0.039366617736902025,,,25.040976668664236,76,2004T1,2022T4,FALSE,0.09229006762960094,61,0.0162086986623447,0.32449803688985546,0.06976843351581732
multiplicador,inf_diss,fbcf_real_rs_bi,ctrl_icbr_usd+brent_usd,diferenca,2003T1-2025T4,3,4,1.307513192208118,0.5717616024304863,0.36704904669874727,2.2479773377174888,0.022206604859780064,0.307513192208118,0.590691218985448,23.63719296762522,84,2004T1,2024T4,FALSE,0.6308557762687738,69,0.25572612336259426,2.359300261053642,0.04194724075038668
multiplicador,inf_diss,fbcf_real_rs_bi,ctrl_icbr_usd+brent_usd,diferenca,2003T1-2025T4,3,8,1.850322132989957,0.7056312733570278,0.6896619737182645,3.01098229226165,0.00873584025897227,0.8503221329899571,0.22818336184403062,14.534102708488112,80,2004T1,2023T4,FALSE,0.7828276115876033,65,0.544067817408068,3.156576448571846,0.021096056911864218
multiplicador,inf_diss,fbcf_real_rs_bi,ctrl_icbr_usd+brent_usd,diferenca,2003T1-2025T4,3,12,2.3591016457807688,0.7849574253726067,1.0679615776541476,3.65024171390739,0.002652422386989147,1.3591016457807688,0.08337446160106296,12.779348211901414,76,2004T1,2022T4,FALSE,0.8761691966739517,61,0.8957067824135514,3.822496509147986,0.009142286789953
elasticidade,inf_diss,fbcf_me,ctrl_icbr_usd+brent_usd,diferenca,2003T1-2025T4,3,4,0.14514616589369386,0.07608278120133234,0.02000112728612713,0.2702912045012606,0.05642482755218346,,,29.320349596026677,84,2004T1,2024T4,FALSE,0.08394628424053571,69,0.005187684790385283,0.28510464699700244,0.08827466338265032
elasticidade,inf_diss,fbcf_me,ctrl_icbr_usd+brent_usd,diferenca,2003T1-2025T4,3,8,0.13179479342205377,0.08199243327770542,-0.0030707578373565247,0.26666034468146405,0.1079662325359372,,,16.9257889138551,80,2004T1,2023T4,FALSE,0.0909624376562544,65,-0.019988402501962432,0.28357798934607,0.15217494103040283
elasticidade,inf_diss,fbcf_me,ctrl_icbr_usd+brent_usd,diferenca,2003T1-2025T4,3,12,0.17062525545179064,0.06456543742307257,0.06442456153074146,0.27682594937283983,0.008225474372398421,,,15.278037638141923,76,2004T1,2022T4,FALSE,0.07206791809507732,61,0.05025601449438265,0.2909944964091986,0.02109265125270784
multiplicador,inf_diss,fbcf_real_rs_bi,ctrl_icbr_usd+bndes_priv,diferenca,2003T1-2025T4,3,4,1.3169984928183833,0.594653005112668,0.3388813405812193,2.295115645055547,0.02677829718988466,0.3169984928183833,0.5939771916424832,28.48444685109975,84,2004T1,2024T4,FALSE,0.6561131100029056,69,0.2231014235347284,2.4108955621020383,0.04863929001219785
multiplicador,inf_diss,fbcf_real_rs_bi,ctrl_icbr_usd+bndes_priv,diferenca,2003T1-2025T4,3,8,1.8736412653314314,0.6927990923304349,0.734088165563028,3.0131943650998347,0.006841733945787546,0.8736412653314314,0.20729760921037582,17.47357797159468,80,2004T1,2023T4,FALSE,0.7685915849207058,65,0.5911416959990528,3.15614083466381,0.01752260387365522
multiplicador,inf_diss,fbcf_real_rs_bi,ctrl_icbr_usd+bndes_priv,diferenca,2003T1-2025T4,3,12,2.3801207607943957,0.7590066699045752,1.1316658869214968,3.6285756346672944,0.0017136475572628522,1.3801207607943957,0.06901448244500495,15.710218581653546,76,2004T1,2022T4,FALSE,0.8472029727278385,61,0.96510584903333,3.7951356725554612,0.006660750510733883
elasticidade,inf_diss,fbcf_me,ctrl_icbr_usd+bndes_priv,diferenca,2003T1-2025T4,3,4,0.14166433543916196,0.08162460393141803,0.007403809614091678,0.2759248612642322,0.08264179856538377,,,35.17430009787136,84,2004T1,2024T4,FALSE,0.09006087966889378,69,-0.008488634871817724,0.29181730575014164,0.12029701770030006
elasticidade,inf_diss,fbcf_me,ctrl_icbr_usd+bndes_priv,diferenca,2003T1-2025T4,3,8,0.13051050415652027,0.08494934832347514,-0.009218739540511722,0.27023974785355226,0.12445668083944993,,,19.497665657657848,80,2004T1,2023T4,FALSE,0.09424284036847401,65,-0.02674648974837346,0.287767498061414,0.17083891177259167
elasticidade,inf_diss,fbcf_me,ctrl_icbr_usd+bndes_priv,diferenca,2003T1-2025T4,3,12,0.1668155674813624,0.06749677384491022,0.0557932542150386,0.27783788074768617,0.013456265544151321,,,18.655384814263606,76,2004T1,2022T4,FALSE,0.07533987475780134,61,0.04098144075580945,0.29264969420691533,0.03056427710988781
multiplicador,inf_diss,fbcf_real_rs_bi,ctrl_brent_usd+bndes_priv,diferenca,2003T1-2025T4,3,4,1.1319528439380404,0.5746014071328178,0.18681763536420593,2.0770880525118747,0.04884074974042146,0.1319528439380404,0.8183696598105243,26.877008083721968,84,2004T1,2024T4,FALSE,0.6339890877614055,69,0.07494179738701479,2.188963890489066,0.07858366981912325
multiplicador,inf_diss,fbcf_real_rs_bi,ctrl_brent_usd+bndes_priv,diferenca,2003T1-2025T4,3,8,1.627655083229176,0.7195010366015078,0.44418119357984254,2.8111289728785094,0.023685063207942406,0.6276550832291761,0.38301871617469646,16.43568491240916,80,2004T1,2023T4,FALSE,0.7982147323742242,65,0.2957252643380195,2.9595849021203327,0.04550823201627169
multiplicador,inf_diss,fbcf_real_rs_bi,ctrl_brent_usd+bndes_priv,diferenca,2003T1-2025T4,3,12,2.1054063521265505,0.8015520174459017,0.7869706090403901,3.423842095212711,0.00862268968273574,1.1054063521265505,0.16786932187908868,14.224456287273794,76,2004T1,2022T4,FALSE,0.8946920743944714,61,0.6110742174949626,3.599738486758138,0.021851422156912888
elasticidade,inf_diss,fbcf_me,ctrl_brent_usd+bndes_priv,diferenca,2003T1-2025T4,3,4,0.13174979530811043,0.0753312986701077,0.007840835467619225,0.25565875514860165,0.08030168094571352,,,33.527733609820054,84,2004T1,2024T4,FALSE,0.08311713255638464,69,-0.006826292144688051,0.2703258827609089,0.11751414091553766
elasticidade,inf_diss,fbcf_me,ctrl_brent_usd+bndes_priv,diferenca,2003T1-2025T4,3,8,0.11986552080571727,0.08084424264100401,-0.013111424920482978,0.25284246653191755,0.13816149225112234,,,19.236555756819183,80,2004T1,2023T4,FALSE,0.08968863451328993,65,-0.029792161367800746,0.26952320297923527,0.186057644173245
elasticidade,inf_diss,fbcf_me,ctrl_brent_usd+bndes_priv,diferenca,2003T1-2025T4,3,12,0.1571448937853212,0.0627330765080505,0.05395816536123019,0.2603316222094122,0.0122459466789953,,,16.837085046348466,76,2004T1,2022T4,FALSE,0.07002263749891054,61,0.04019172032941534,0.2740980672412271,0.02845869981448728
multiplicador,estatais_total,fbcf_real_rs_bi,pib_cresc,diferenca,2003T1-2025T4,3,4,1.0433820780541059,0.6719878310053163,-0.06193954304224114,2.148703699150453,0.12049959822170093,0.04338207805410588,0.9485260591667743,20.187610366190043,84,2004T1,2024T4,FALSE,0.7309234192523063,71,-0.17477464273611143,2.261538798844323,0.15782378136999925
multiplicador,estatais_total,fbcf_real_rs_bi,pib_cresc,diferenca,2003T1-2025T4,3,8,1.6092758129365163,0.8402813404727636,0.2271360024002469,2.991415623472786,0.05547170732008338,0.6092758129365163,0.4683995814753271,14.724304382267338,80,2004T1,2023T4,FALSE,0.9181894781509478,67,0.07781278652466361,3.1407388393483693,0.08423469955212606
multiplicador,estatais_total,fbcf_real_rs_bi,pib_cresc,diferenca,2003T1-2025T4,3,12,2.208208266510894,0.946960876056741,0.6505962349478209,3.7658202980739675,0.019706497066858782,1.2082082665108942,0.20199800774442064,13.342518653790242,76,2004T1,2022T4,FALSE,1.0400843407455864,63,0.4718891573077466,3.944527375714042,0.03768009642008405
elasticidade,estatais_total,fbcf_me,pib_cresc,diferenca,2003T1-2025T4,3,4,0.06632220346042117,0.05929628358938776,-0.0312115036663263,0.16385591058716864,0.2633584717222346,,,28.908070245466536,84,2004T1,2024T4,FALSE,0.06449676668291755,71,-0.0411680858566244,0.17381249277746674,0.30729792736862155
elasticidade,estatais_total,fbcf_me,pib_cresc,diferenca,2003T1-2025T4,3,8,0.052318328632424346,0.050816297769748706,-0.03126704306239278,0.13590370032724147,0.3032175145145913,,,25.69454645863794,80,2004T1,2023T4,FALSE,0.055527818700004936,67,-0.04029741495854945,0.14493407222339816,0.3494750946688592
elasticidade,estatais_total,fbcf_me,pib_cresc,diferenca,2003T1-2025T4,3,12,0.08713075965300857,0.05139658497069665,0.0025909004510386857,0.17167061885497845,0.09002542669941944,,,24.615187708116302,76,2004T1,2022T4,FALSE,0.05645088888827384,63,-0.007108479674400217,0.18136999898041734,0.12772322325108465
multiplicador,estatais_total,fbcf_real_rs_bi,ordem_invertida_dy_t,diferenca,2003T1-2025T4,3,4,0.1531882512522882,0.42160116206890585,-0.5402839493037068,0.8466604518082832,0.7163443879216306,-0.8468117487477118,0.04458368637701553,18.13347349695858,84,2004T1,2024T4,FALSE,0.46184093347106225,70,-0.6166610877713442,0.9230375902759206,0.7411140241428573
multiplicador,estatais_total,fbcf_real_rs_bi,ordem_invertida_dy_t,diferenca,2003T1-2025T4,3,8,0.6804236676093409,0.7539143565832149,-0.5596550962273452,1.920502431446027,0.36678008054824324,-0.3195763323906591,0.6716464478047399,13.01905983629857,80,2004T1,2023T4,FALSE,0.8300323886066739,66,-0.7042948921571055,2.0651422273757873,0.4153060794072442
multiplicador,estatais_total,fbcf_real_rs_bi,ordem_invertida_dy_t,diferenca,2003T1-2025T4,3,12,1.0121298818792503,1.05092183813011,-0.7164827152115683,2.740742478970069,0.3355035205687076,0.012129881879250348,0.9907909130458316,10.804550418553953,76,2004T1,2022T4,FALSE,1.1635401343928826,62,-0.9307542777797702,2.955014041538271,0.38772622388305833
elasticidade,estatais_total,fbcf_me,ordem_invertida_dy_t,diferenca,2003T1-2025T4,3,4,0.02100272726737132,0.037034067692147496,-0.0399128932968238,0.08191834783156643,0.5706332646931502,,,23.734682523959982,84,2004T1,2024T4,FALSE,0.040568788542324936,70,-0.04662197375158951,0.08862742828633215,0.6062953488715159
elasticidade,estatais_total,fbcf_me,ordem_invertida_dy_t,diferenca,2003T1-2025T4,3,8,0.006299763357473148,0.0622290594186433,-0.09605793072906091,0.1086574574440072,0.9193638556943745,,,18.22671614010724,80,2004T1,2023T4,FALSE,0.06851193955782153,66,-0.10799668527938629,0.12059621199433258,0.9270152452362648
elasticidade,estatais_total,fbcf_me,ordem_invertida_dy_t,diferenca,2003T1-2025T4,3,12,0.005433360735507875,0.06612783974831192,-0.10333725631696868,0.11420397778798443,0.9345159047038495,,,14.87606551021778,76,2004T1,2022T4,FALSE,0.07321419420188693,62,-0.11682000549776568,0.12768672696878142,0.94108073826025
multiplicador,estatais_total,fbcf_real_rs_bi,p2,diferenca,2003T1-2025T4,2,4,0.7202950208324129,0.8351677887806435,-0.6534337456564691,2.094023787321295,0.38843693191469914,-0.2797049791675871,0.7376939403414577,21.88928407778151,85,2003T4,2024T4,FALSE,0.8950913060055979,74,-0.7706647372074104,2.2112547788722363,0.42356103178119486
multiplicador,estatais_total,fbcf_real_rs_bi,p2,diferenca,2003T1-2025T4,2,8,1.2700934711014933,1.0925943745383777,-0.5270643486447317,3.067251290847718,0.2450500701750463,0.2700934711014933,0.8047505117653897,13.907374677277252,81,2003T4,2023T4,FALSE,1.175310049361478,70,-0.6890478675591256,3.2292348097621124,0.28356397783301035
multiplicador,estatais_total,fbcf_real_rs_bi,p2,diferenca,2003T1-2025T4,2,12,1.680556528507587,1.2402519868418378,-0.3594764503829786,3.7205895073981523,0.17541368157494205,0.680556528507587,0.5831945980341553,14.602792702699915,77,2003T4,2022T4,FALSE,1.3396252545678515,66,-0.5543007838026461,3.91541384081782,0.21408579699335842
elasticidade,estatais_total,fbcf_me,p2,diferenca,2003T1-2025T4,2,4,0.02647848590026814,0.0741468206248014,-0.0954821809313566,0.1484391527318929,0.7210103188231725,,,33.309481906467404,85,2003T4,2024T4,FALSE,0.07946687528037298,74,-0.10589003599828414,0.1588470077988204,0.7399243805565398
elasticidade,estatais_total,fbcf_me,p2,diferenca,2003T1-2025T4,2,8,0.01361545886117485,0.07451997852071734,-0.10895899808897283,0.13618991581132253,0.8550264789028792,,,23.111796001700995,81,2003T4,2023T4,FALSE,0.08016156926545129,70,-0.12000702161125285,0.14723793933360255,0.8656178687126728
elasticidade,estatais_total,fbcf_me,p2,diferenca,2003T1-2025T4,2,12,0.02817398982409286,0.06340358216484919,-0.07611562226147496,0.13246360190966067,0.656782624000646,,,30.638940598888436,77,2003T4,2022T4,FALSE,0.06848369589343083,66,-0.0860753407402498,0.14242332038843553,0.6821143065984374
multiplicador,estatais_total,fbcf_real_rs_bi,p4,diferenca,2003T1-2025T4,4,4,1.5025771995436195,0.8065287355422948,0.17595548364629177,2.829198915440947,0.06245979525199616,0.5025771995436195,0.5331950652539519,20.376244911303687,83,2004T2,2024T4,FALSE,0.8910548433656216,68,0.0166788420774564,2.9884755570097825,0.09632323334762842
multiplicador,estatais_total,fbcf_real_rs_bi,p4,diferenca,2003T1-2025T4,4,8,2.1390961109639552,0.8437881293656044,0.7511881459983434,3.5270040759295673,0.011241187420437502,1.1390961109639552,0.17702277386229776,13.947192184881311,79,2004T2,2023T4,FALSE,0.9374691176030662,64,0.5744479431265979,3.7037442788013126,0.025837502435345928
multiplicador,estatais_total,fbcf_real_rs_bi,p4,diferenca,2003T1-2025T4,4,12,2.7283673024947923,0.9576064445068463,1.1532448690556032,4.303489735933981,0.004383579031358421,1.7283673024947923,0.07109303993220134,11.94256540101273,75,2004T2,2022T4,FALSE,1.0706365528045942,60,0.9397095608263843,4.5170250441632005,0.01340071583459091
elasticidade,estatais_total,fbcf_me,p4,diferenca,2003T1-2025T4,4,4,0.08431169085919894,0.08178990829811668,-0.05022073645298654,0.21884411817138444,0.3026194021553098,,,25.30572391722707,83,2004T2,2024T4,FALSE,0.09036168299504449,68,-0.0663729469494765,0.2349963286678744,0.35409700013538614
elasticidade,estatais_total,fbcf_me,p4,diferenca,2003T1-2025T4,4,8,0.05353515148500987,0.07823440450623677,-0.07514899251946222,0.18221929548948196,0.4937910045822004,,,15.903224800743223,79,2004T2,2023T4,FALSE,0.08692032467179289,64,-0.09153600253153521,0.19860630550155495,0.5401378829638936
elasticidade,estatais_total,fbcf_me,p4,diferenca,2003T1-2025T4,4,12,0.02481587947947296,0.11160619479366041,-0.15875997481713178,0.20839173377607773,0.8240397434371548,,,12.029763028706142,75,2004T2,2022T4,FALSE,0.1247795191343539,60,-0.18364688252568173,0.23327864148462762,0.8430307078302162
multiplicador,estatais_total,fbcf_real_rs_bi,exogenas_so_defasadas,diferenca,2003T1-2025T4,3,4,1.1958793298327237,0.6820611913420084,0.07398850545097968,2.3177701542144677,0.07954513206105333,0.19587932983272371,0.7739688900152387,24.5357045591344,84,2004T1,2024T4,FALSE,0.7637049068079476,67,-0.07791639065516076,2.469675050320608,0.12208519734918842
multiplicador,estatais_total,fbcf_real_rs_bi,exogenas_so_defasadas,diferenca,2003T1-2025T4,3,8,2.019118193217578,0.7319848166898133,0.8151103126119308,3.2231260738232255,0.005808233665805172,1.0191181932175781,0.16384160671124037,17.278014321129543,80,2004T1,2023T4,FALSE,0.8248534429627585,63,0.6421060229530353,3.396130363482121,0.01716923789857993
multiplicador,estatais_total,fbcf_real_rs_bi,exogenas_so_defasadas,diferenca,2003T1-2025T4,3,12,2.710175373000156,0.753752133373903,1.4703634425976824,3.94998730340263,3.236708326492585e-4,1.710175373000156,0.023275444101342798,17.967105314617474,76,2004T1,2022T4,FALSE,0.8554789833969014,59,1.2805904047342707,4.139760341266042,0.002431455772800247
elasticidade,estatais_total,fbcf_me,exogenas_so_defasadas,diferenca,2003T1-2025T4,3,4,0.09717430885429151,0.057686215630540896,0.002288927849291647,0.1920596898592914,0.09207879117717642,,,30.162102255269506,84,2004T1,2024T4,FALSE,0.06459133944498921,67,-0.010558627037788496,0.2049072447463715,0.13716577705539326
elasticidade,estatais_total,fbcf_me,exogenas_so_defasadas,diferenca,2003T1-2025T4,3,8,0.10053595070229238,0.05304076247781153,0.013291660164392552,0.18778024124019221,0.058033215538324,,,21.02971483090336,80,2004T1,2023T4,FALSE,0.05977016810955609,63,7.554992684097595e-4,0.200316402136175,0.09751147887156045
elasticidade,estatais_total,fbcf_me,exogenas_so_defasadas,diferenca,2003T1-2025T4,3,12,0.13551084864050417,0.04140425492397682,0.06740690975757757,0.20361478752343076,0.0010646047703663415,,,27.065902929568672,76,2004T1,2022T4,FALSE,0.04699219855222528,59,0.056982513076637764,0.21403918420437057,0.005477757617658092
multiplicador,estatais_total,fbcf_real_rs_bi,selic_media,diferenca,2003T1-2025T4,3,4,0.73776482641224606,0.8527287082670207,-0.6648490821864064,2.1403787350108985,0.3869393556601238,-0.26223517358775394,0.7584439956073378,19.959812354508088,84,2004T1,2024T4,FALSE,0.9275158780906588,71,-0.808032819107936,2.283562471932428,0.4290203566046782
multiplicador,estatais_total,fbcf_real_rs_bi,selic_media,diferenca,2003T1-2025T4,3,8,1.424053602291009,0.9110104212955081,-0.07442519336749553,2.9225323979495137,0.11801533962632874,0.4240536022910091,0.6415905292409301,13.705223178817223,80,2004T1,2023T4,FALSE,0.9954763280221988,67,-0.23631740642970422,3.0844246110117224,0.1572138594222684
multiplicador,estatais_total,fbcf_real_rs_bi,selic_media,diferenca,2003T1-2025T4,3,12,1.9331134040094855,0.9634806321361539,0.3483287917428364,3.517898016276135,0.04481515249201965,0.9331134040094855,0.3328038315635588,12.685894840221891,76,2004T1,2022T4,FALSE,1.0582286379869696,63,0.16650416468026408,3.699722643338707,0.07247628238158911
elasticidade,estatais_total,fbcf_me,selic_media,diferenca,2003T1-2025T4,3,4,0.040789726580710575,0.0786640502888856,-0.08860112184765585,0.17018057500907702,0.6040880326657612,,,28.609855960707055,84,2004T1,2024T4,FALSE,0.08556315152816027,71,-0.1018097925216339,0.18338924568305504,0.635024990870386
elasticidade,estatais_total,fbcf_me,selic_media,diferenca,2003T1-2025T4,3,8,0.03976724241332938,0.07415823694481694,-0.08221220259367937,0.16174668742033813,0.5917868266345507,,,21.226010169273696,80,2004T1,2023T4,FALSE,0.08103394613361983,67,-0.09539058213264817,0.17492506695930693,0.6252082479735633
elasticidade,estatais_total,fbcf_me,selic_media,diferenca,2003T1-2025T4,3,12,0.055505822935570825,0.06451667498947238,-0.0506146639197121,0.16162630979085374,0.3896055207723251,,,23.204666307065708,76,2004T1,2022T4,FALSE,0.07086119930629732,63,-0.06279002061917119,0.17380166649031284,0.4363837715175357
multiplicador,estatais_total,fbcf_real_rs_bi,sub_ate_2014T4,diferenca,2003T1-2014T4,3,4,-1.488298671187712,0.8741095322651042,-2.926080905686823,-0.05051643668860084,0.08863442767301903,-2.488298671187712,0.004417956379938938,14.83525945762539,40,2004T1,2013T4,FALSE,1.0265895828332186,29,-3.232604776537382,0.25600743416195826,0.15785762165564407
multiplicador,estatais_total,fbcf_real_rs_bi,sub_ate_2014T4,diferenca,2003T1-2014T4,3,8,0.2952369704818718,0.6580980975904867,-0.7872380722297037,1.3777120131934473,0.6537047052343199,-0.7047630295181282,0.28421044853494554,19.71535031101705,36,2004T1,2012T4,FALSE,0.789717717108584,25,-1.0537120519940968,1.6441859929578404,0.7116668630613304
multiplicador,estatais_total,fbcf_real_rs_bi,sub_ate_2014T4,diferenca,2003T1-2014T4,3,12,1.1349915049503245,0.7196147409091256,-0.04866941164179406,2.318652421542443,0.11474467500974084,0.13499150495032453,0.8511991818198963,16.16275510652446,32,2004T1,2011T4,FALSE,0.8883117216350472,21,-0.3935645855377836,2.6635475954384327,0.2153015098228417
elasticidade,estatais_total,fbcf_me,sub_ate_2014T4,diferenca,2003T1-2014T4,3,4,-0.19806631288569812,0.10234925522631454,-0.3664158565604835,-0.02971676921091279,0.05296571679973095,,,18.8688471352381,40,2004T1,2013T4,FALSE,0.12020310424232566,29,-0.40230665597705695,0.0061740302056607355,0.11019551257415688
elasticidade,estatais_total,fbcf_me,sub_ate_2014T4,diferenca,2003T1-2014T4,3,8,-0.0621575835637147,0.11948614239251193,-0.25869479824847796,0.13437963112104853,0.6029189809885284,,,16.72590392770993,36,2004T1,2012T4,FALSE,0.1433833708710143,25,-0.30707656383419246,0.18276139670676306,0.6683647831847401
elasticidade,estatais_total,fbcf_me,sub_ate_2014T4,diferenca,2003T1-2014T4,3,12,0.041298444535649015,0.12827656741940358,-0.1696977326370419,0.25229462170833994,0.7474917331377301,,,12.625874684730148,32,2004T1,2011T4,FALSE,0.15834803259561686,21,-0.23117780872748261,0.31377469779878064,0.796781014283807
multiplicador,estatais_total,fbcf_real_rs_bi,sub_de_2015T1,diferenca,2015T1-2025T4,3,4,-0.19078269429850803,1.4285608883425287,-2.5405562528097323,2.1589908642127162,0.893759316632328,-1.190782694298508,0.4045323359067168,47.75714985576946,40,2015T1,2024T4,FALSE,1.7387889406996042,27,-3.1524418065415607,2.7708764179445446,0.9134416355841645
multiplicador,estatais_total,fbcf_real_rs_bi,sub_de_2015T1,diferenca,2015T1-2025T4,3,8,-0.3236718004669612,1.2478337259005035,-2.3761756303467725,1.72883202941285,0.7953366876202816,-1.3236718004669612,0.288791809262181,88.49075084471092,36,2015T1,2023T4,FALSE,1.5611479091807994,23,-2.9992787526137668,2.3519351516798443,0.8375773494441876
multiplicador,estatais_total,fbcf_real_rs_bi,sub_de_2015T1,diferenca,2015T1-2025T4,3,12,0.27242017697026455,1.232078189326757,-1.7541681014316532,2.2990084553721823,0.8250097109592606,-0.7275798230297355,0.55483500380223,142.56616631094963,32,2015T1,2022T4,FALSE,1.5989557985344258,19,-2.492386758447963,3.037227112388492,0.8665173048675301
elasticidade,estatais_total,fbcf_me,sub_de_2015T1,diferenca,2015T1-2025T4,3,4,-0.028198040283709702,0.127100229075105,-0.23725931306425901,0.1808632324968396,0.8244254211923637,,,68.0064049120904,40,2015T1,2024T4,FALSE,0.15470147228557551,27,-0.2916992705639323,0.2353031899965129,0.856729437569508
elasticidade,estatais_total,fbcf_me,sub_de_2015T1,diferenca,2015T1-2025T4,3,8,-0.10349066796992279,0.11646001136231578,-0.2950503400540375,0.08806900411419191,0.374198232321211,,,290.3769030209049,36,2015T1,2023T4,FALSE,0.14570154618176126,23,-0.35320439951956495,0.1462230635797194,0.48466333498652636
elasticidade,estatais_total,fbcf_me,sub_de_2015T1,diferenca,2015T1-2025T4,3,12,-0.023902679317244546,0.12344732350481219,-0.22695545712158652,0.17915009848709743,0.8464683079599861,,,145.91390705161086,32,2015T1,2022T4,FALSE,0.16020640202991696,19,-0.3009208256829576,0.2531154670484685,0.8829686588451764
multiplicador,estatais_total,fbcf_real_rs_bi,ate_2019T4,diferenca,2003T1-2019T4,3,4,2.0477701641906148,0.8878303567229241,0.5874191818172942,3.5081211465639353,0.021083373576253606,1.0477701641906148,0.23794182938339395,17.188688828315637,60,2004T1,2018T4,FALSE,0.9824434816700787,49,0.4006536680510344,3.6948866603301953,0.04236178138478725
multiplicador,estatais_total,fbcf_real_rs_bi,ate_2019T4,diferenca,2003T1-2019T4,3,8,1.9561654733258074,1.1183588781405907,0.11662881638287814,3.7957021302687366,0.08026694214624705,0.9561654733258074,0.39256667532667255,13.727330982469494,56,2004T1,2017T4,FALSE,1.2475815582129675,45,-0.13905717010495833,4.0513881167565735,0.12389491389269623
multiplicador,estatais_total,fbcf_real_rs_bi,ate_2019T4,diferenca,2003T1-2019T4,3,12,2.63794345179749,0.9571854477091344,1.0635134964679522,4.212373407127028,0.005852414466195485,1.63794345179749,0.08704271156065607,9.099508451824653,52,2004T1,2016T4,FALSE,1.077967905625674,41,0.8238549764149763,4.452031927180004,0.018772254420838914
elasticidade,estatais_total,fbcf_me,ate_2019T4,diferenca,2003T1-2019T4,3,4,0.26921171394527255,0.13326188900049443,0.05001541248840488,0.4884080154021402,0.043365722987781415,,,37.144895301321355,60,2004T1,2018T4,FALSE,0.14746316479515895,49,0.021982213379842575,0.5164412145107025,0.07400490630145198
elasticidade,estatais_total,fbcf_me,ate_2019T4,diferenca,2003T1-2019T4,3,8,-0.08724262532673466,0.1647645932207453,-0.3582562640790614,0.1837710134255921,0.5964595990012322,,,8.393301226483196,56,2004T1,2017T4,FALSE,0.1838025985812599,45,-0.3959257442247874,0.22144049357131806,0.6373291420121792
elasticidade,estatais_total,fbcf_me,ate_2019T4,diferenca,2003T1-2019T4,3,12,-0.3141346684736144,0.5046618542612678,-1.1442295498393156,0.5159602128920868,0.5336357247304715,,,2.7795081025865014,52,2004T1,2016T4,FALSE,0.5683426167721046,41,-1.270585955913929,0.6423166189667002,0.5834558696756377
multiplicador,estatais_total,fbcf_real_rs_bi,sem_2020_2021,diferenca,2003T1-2025T4,3,4,2.2035507433015264,0.7714617958097921,0.9346090104092943,3.4724924761937586,0.004285672143779572,1.2035507433015264,0.11873833557244966,12.998786720975522,68,2004T1,2024T4,FALSE,0.9365190999551123,57,0.6376637535811278,3.769437733021925,0.022101150817334474
multiplicador,estatais_total,fbcf_real_rs_bi,sem_2020_2021,diferenca,2003T1-2025T4,3,8,2.4976458602095395,1.1223815830315846,0.6514924425365034,4.343799277882575,0.02606050036547741,1.4976458602095395,0.1820903472096823,19.049377950691017,60,2004T1,2023T4,FALSE,1.4341265807728274,49,0.09325966108929906,4.90203205932978,0.08785721216110974
multiplicador,estatais_total,fbcf_real_rs_bi,sem_2020_2021,diferenca,2003T1-2025T4,3,12,2.6379434517968914,0.9571854477095849,1.0635134964666126,4.212373407127171,0.005852414466229883,1.6379434517968914,0.0870427115609201,9.099508451825553,52,2004T1,2022T4,FALSE,1.3031996513210158,41,0.44481742620173925,4.8310694773920435,0.049497361786991226
elasticidade,estatais_total,fbcf_me,sem_2020_2021,diferenca,2003T1-2025T4,3,4,0.2643806731212569,0.10001129877567898,0.09987672559395408,0.4288846206485597,0.008205181518798826,,,21.29591734990813,68,2004T1,2024T4,FALSE,0.12140911192682531,57,0.06138113065721573,0.4673802155852981,0.03358929451223712
elasticidade,estatais_total,fbcf_me,sem_2020_2021,diferenca,2003T1-2025T4,3,8,0.11552531558983989,0.13049201614323033,-0.09911495045156249,0.33016558163124227,0.3759918183198467,,,21.03874708301381,60,2004T1,2023T4,FALSE,0.16673658206700742,49,-0.16401704990648472,0.3950676810861645,0.4916676101790064
elasticidade,estatais_total,fbcf_me,sem_2020_2021,diferenca,2003T1-2025T4,3,12,-0.3141346684734848,0.5046618542607727,-1.1442295498383719,0.5159602128914021,0.5336357247302388,,,2.779508102587372,52,2004T1,2022T4,FALSE,0.6870927196828825,41,-1.4704278918533427,0.8421585549063731,0.649945003725865
multiplicador,estatais_total,fbcf_real_rs_bi,sem_2016T4_2018T1,diferenca,2003T1-2025T4,3,4,0.08637421451256083,1.0519252696486063,-1.643888880550854,1.8166373095759756,0.9345587644120013,-0.9136257854874392,0.38510574882830945,85.62962639489056,70,2004T1,2024T4,FALSE,1.2769888439093164,57,-2.0487880227461712,2.2215364517712928,0.9463097386781627
multiplicador,estatais_total,fbcf_real_rs_bi,sem_2016T4_2018T1,diferenca,2003T1-2025T4,3,8,0.9250378651367549,1.4963725134750012,-1.5362758909230907,3.3863516211966003,0.5364521532417367,-0.0749621348632451,0.9600459632012056,20.92831120219673,62,2004T1,2023T4,FALSE,1.9119946627384703,49,-2.2805184933560882,4.130594223629598,0.6306775276967972
multiplicador,estatais_total,fbcf_real_rs_bi,sem_2016T4_2018T1,diferenca,2003T1-2025T4,3,12,-1.235412408204964,2.3839400225869,-5.156644800791799,2.6858199843818715,0.6043027308291962,-2.2354124082049642,0.3484003614442948,7.5381261895595895,54,2004T1,2022T4,FALSE,3.245713579995907,41,-6.697552393203475,4.226727576793547,0.7054436639615977
elasticidade,estatais_total,fbcf_me,sem_2016T4_2018T1,diferenca,2003T1-2025T4,3,4,-0.011991117723820529,0.07532797457519254,-0.1358946099147342,0.11191237446709315,0.8735227648847973,,,71.93129386254847,70,2004T1,2024T4,FALSE,0.09144469283349244,57,-0.16488928583785817,0.14090705039021711,0.8961344179105102
elasticidade,estatais_total,fbcf_me,sem_2016T4_2018T1,diferenca,2003T1-2025T4,3,8,-0.00927017526687307,0.09488336424837092,-0.16533942108816357,0.14679907055441743,0.9221699248707526,,,28.39860564365201,62,2004T1,2023T4,FALSE,0.12123751565327465,49,-0.21253104035402048,0.19399068982027434,0.9393621624816968
elasticidade,estatais_total,fbcf_me,sem_2016T4_2018T1,diferenca,2003T1-2025T4,3,12,-0.10117333077134322,0.07940464787460114,-0.23178235382468534,0.02943569228199891,0.20261071338467443,,,18.564678211826966,54,2004T1,2022T4,FALSE,0.10810873657874982,41,-0.2831071453980809,0.0807604838553945,0.35483131442283544
multiplicador,estatais_total,fbcf_real_rs_bi,choques_sem_AO,diferenca,2003T1-2025T4,3,4,1.6719751615383946,0.8475863858462422,0.2778196206245138,3.0661307024522753,0.048537620923190326,0.6719751615383946,0.4278883925967421,42.16538367620356,84,2004T1,2024T4,FALSE,0.9219225567338268,71,0.13549934348043036,3.2084509795963587,0.07396920647871973
multiplicador,estatais_total,fbcf_real_rs_bi,choques_sem_AO,diferenca,2003T1-2025T4,3,8,2.809562716366245,0.8587734639558178,1.3970060694488395,4.2221193632836505,0.0010694100277902521,1.809562716366245,0.03510475985355648,19.17568568944112,80,2004T1,2023T4,FALSE,0.9383961308433132,67,1.244396688316624,4.374728744415866,0.003854430877860684
multiplicador,estatais_total,fbcf_real_rs_bi,choques_sem_AO,diferenca,2003T1-2025T4,3,12,3.536833611712095,0.7918358075110462,2.234379611777503,4.839287611646687,7.946324123666232e-6,2.536833611712095,0.0013565637330002715,11.864033053257053,76,2004T1,2022T4,FALSE,0.8697043823640795,63,2.0849471835653492,4.9887200398588405,1.349345416898492e-4
elasticidade,estatais_total,fbcf_me,choques_sem_AO,diferenca,2003T1-2025T4,3,4,0.1288206535399079,0.08119604108649985,-0.004734949135322075,0.2623762562151379,0.11261718261590221,,,32.36117602026758,84,2004T1,2024T4,FALSE,0.08831720641712884,71,-0.01836877249940963,0.2760100795792254,0.14908139290557137
elasticidade,estatais_total,fbcf_me,choques_sem_AO,diferenca,2003T1-2025T4,3,8,0.13498733899904425,0.08190418430535101,2.6694438188584746e-4,0.26970773361620265,0.09932951495266602,,,17.209638223729574,80,2004T1,2023T4,FALSE,0.0894980723996535,67,-0.014287938137890754,0.28426261613597925,0.13618648276283424
elasticidade,estatais_total,fbcf_me,choques_sem_AO,diferenca,2003T1-2025T4,3,12,0.1478371082849559,0.06658749076450053,0.03831043259136957,0.2573637839785422,0.026405641363672277,,,11.178687883318199,76,2004T1,2022T4,FALSE,0.07313565764415865,63,0.02574427892780859,0.26992993764210316,0.04749063593588884
multiplicador,estatais_total,fbcf_real_rs_bi,dummies_A4,diferenca,2003T1-2025T4,3,4,1.4273529738878339,0.9162574548992821,-0.07975642402457472,2.9344623718002425,0.11927882580738304,0.4273529738878339,0.6409210127541645,32.8203136502528,84,2004T1,2024T4,FALSE,1.0497047857858868,64,-0.3246179860189331,3.179323933794601,0.17867523875283833
multiplicador,estatais_total,fbcf_real_rs_bi,dummies_A4,diferenca,2003T1-2025T4,3,8,2.613065635693326,0.9464548462560336,1.0562859490832919,4.1698453223033605,0.005764261188722255,1.6130656356933262,0.0883205881810755,19.02236238288878,80,2004T1,2023T4,FALSE,1.0928719205234936,60,0.7872604021846017,4.43887086920205,0.01995597020024036
multiplicador,estatais_total,fbcf_real_rs_bi,dummies_A4,diferenca,2003T1-2025T4,3,12,3.6826161600465803,0.8416877884563848,2.298162948443333,5.067069371649827,1.2127907259900308e-5,2.6826161600465803,0.001436639863101721,10.04332698833242,76,2004T1,2022T4,FALSE,0.9805365998667479,56,2.042646827787551,5.32258549230561,4.134127249050961e-4
elasticidade,estatais_total,fbcf_me,dummies_A4,diferenca,2003T1-2025T4,3,4,0.15786196693205512,0.07601010980353616,0.032836462136729055,0.28288747172738116,0.03781495587571254,,,25.1605945692877,84,2004T1,2024T4,FALSE,0.08708052043915235,64,0.01252344409323336,0.3032004897708769,0.07454857277434218
elasticidade,estatais_total,fbcf_me,dummies_A4,diferenca,2003T1-2025T4,3,8,0.17432336057042958,0.08073406536813676,0.04152764033111264,0.3071190808097465,0.03083238092303505,,,15.60675592570049,80,2004T1,2023T4,FALSE,0.0932236687461332,60,0.018579344197456327,0.3300673769434028,0.06637213434472941
elasticidade,estatais_total,fbcf_me,dummies_A4,diferenca,2003T1-2025T4,3,12,0.1846248266259437,0.07461966647664452,0.06188639757992584,0.30736325567196154,0.013353067160639505,,,8.09120892700895,76,2004T1,2022T4,FALSE,0.0869292807305487,56,0.03923366581378296,0.33001598743810445,0.03811313246455568
multiplicador,estatais_total,fbcf_real_rs_bi,G_deflator_fbcf,diferenca,2003T1-2025T4,3,4,0.8337856522298457,0.8740659321835929,-0.603924866517056,2.2714961709767474,0.3401260627381701,-0.1662143477701543,0.8491819883531719,22.722931763100178,84,2004T1,2024T4,FALSE,0.9507244481612225,71,-0.7506913882402317,2.418262692699923,0.38344428789243
multiplicador,estatais_total,fbcf_real_rs_bi,G_deflator_fbcf,diferenca,2003T1-2025T4,3,8,1.3599612759871806,0.9676681838650266,-0.2317112459287518,2.951633797903113,0.15990224071380835,0.35996127598718064,0.7099015349061875,16.68255926311327,80,2004T1,2023T4,FALSE,1.0573872130332085,67,-0.40367189548204796,3.1235944474564095,0.20281678243228793
multiplicador,estatais_total,fbcf_real_rs_bi,G_deflator_fbcf,diferenca,2003T1-2025T4,3,12,1.847268950628996,1.0454644614044295,0.1276329394390534,3.566904961818939,0.07723892198941822,0.8472689506289961,0.4176968255492617,15.805856871508022,76,2004T1,2022T4,FALSE,1.1482746992047974,63,-0.06966338335321476,3.764201284611207,0.11267470769438222
multiplicador,estatais_total,fbcf_real_rs_bi,ctrl_cambio_real,diferenca,2003T1-2025T4,3,4,1.350730365138075,0.9219727633734918,-0.16577987864728372,2.867240608923434,0.14290900236302942,0.3507303651380751,0.7036389141663499,22.543995074390008,84,2004T1,2024T4,FALSE,1.0099705598100683,70,-0.3328041844295777,3.034264914705728,0.18542297611819938
multiplicador,estatais_total,fbcf_real_rs_bi,ctrl_cambio_real,diferenca,2003T1-2025T4,3,8,1.9977948918785315,0.9536445954038323,0.4291891203058693,3.5664006634511938,0.03617943264457366,0.9977948918785315,0.29542421435335375,18.827842587192485,80,2004T1,2023T4,FALSE,1.049928144348208,66,0.24623072660468237,3.7493590571523807,0.06143132714504603
multiplicador,estatais_total,fbcf_real_rs_bi,ctrl_cambio_real,diferenca,2003T1-2025T4,3,12,2.776288375345266,0.9139153776173513,1.273031351744642,4.27954539894589,0.0023831531493195444,1.776288375345266,0.05194338265354785,18.53643235289624,76,2004T1,2022T4,FALSE,1.01185186444376,62,1.0866939202515362,4.465882830438996,0.007932622228378356
elasticidade,estatais_total,fbcf_me,ctrl_cambio_real,diferenca,2003T1-2025T4,3,4,0.08491927303246016,0.0929985030928438,-0.06804965208086161,0.23788819814578194,0.36117671906793114,,,29.899818902651543,84,2004T1,2024T4,FALSE,0.10187475591632901,70,-0.0848972326547601,0.25473577871968045,0.40736129053491066
elasticidade,estatais_total,fbcf_me,ctrl_cambio_real,diferenca,2003T1-2025T4,3,8,0.07783973841566932,0.08283474915146198,-0.05841129916372825,0.2140907759950669,0.3473719319512896,,,26.386629898164987,80,2004T1,2023T4,FALSE,0.09119805730909118,66,-0.07430329154792936,0.229982768379268,0.39645591304049443
elasticidade,estatais_total,fbcf_me,ctrl_cambio_real,diferenca,2003T1-2025T4,3,12,0.12769620440244236,0.07572110837065776,0.003146064662180509,0.2522463441427042,0.09171845799589863,,,26.59579449960644,76,2004T1,2022T4,FALSE,0.08383549129280282,62,-0.012292647924519229,0.26768505672940396,0.1327993517527121
multiplicador,estatais_total,fbcf_real_rs_bi,ctrl_icbr_usd,diferenca,2003T1-2025T4,3,4,1.4483197660726312,0.7353804970645903,0.23872648828656384,2.6579130438586986,0.048897593799807806,0.44831976607263124,0.5420981460712451,23.20139077150314,84,2004T1,2024T4,FALSE,0.8055689731832754,70,0.10550518079519011,2.791134351350072,0.07650760442273113
multiplicador,estatais_total,fbcf_real_rs_bi,ctrl_icbr_usd,diferenca,2003T1-2025T4,3,8,2.0689189938941706,0.8881397049734735,0.6080591789289429,3.5297788088593984,0.01983273890240101,1.0689189938941706,0.22876422890082657,15.15698064208124,80,2004T1,2023T4,FALSE,0.9778096335458105,66,0.43766801372196795,3.700169974066373,0.038132648501262516
multiplicador,estatais_total,fbcf_real_rs_bi,ctrl_icbr_usd,diferenca,2003T1-2025T4,3,12,2.644960639654018,0.9543695658962771,1.0751623977374252,4.214758881570611,0.005581207297906246,1.644960639654018,0.08477832653373582,14.439808055617311,76,2004T1,2022T4,FALSE,1.056641181745004,62,0.8805767960945996,4.409344483213436,0.014956762799334503
elasticidade,estatais_total,fbcf_me,ctrl_icbr_usd,diferenca,2003T1-2025T4,3,4,0.09934075401756023,0.07265061031106552,-0.02015886585283387,0.21884037388795435,0.17150725205803405,,,31.14704772530071,84,2004T1,2024T4,FALSE,0.079584756167776,70,-0.03332022835064341,0.23200173638576388,0.2161027803804823
elasticidade,estatais_total,fbcf_me,ctrl_icbr_usd,diferenca,2003T1-2025T4,3,8,0.07712026449226118,0.07442991118995641,-0.04530604488221454,0.1995465738667369,0.3001339737300459,,,20.32853284730807,80,2004T1,2023T4,FALSE,0.08194463526171505,66,-0.059585554313995995,0.21382608329851838,0.35007204845358764
elasticidade,estatais_total,fbcf_me,ctrl_icbr_usd,diferenca,2003T1-2025T4,3,12,0.10155685261612021,0.061370101185338914,6.120190950366922e-4,0.20250168613720373,0.09795975354145231,,,22.987560744526526,76,2004T1,2022T4,FALSE,0.06794660952897005,62,-0.011900678803932266,0.21501438403617268,0.14007664445271467
multiplicador,estatais_total,fbcf_real_rs_bi,ctrl_brent_usd,diferenca,2003T1-2025T4,3,4,1.0810749168523313,0.6851688394319783,-0.045927533761488615,2.208077367466151,0.11460635784215029,0.08107491685233126,0.9058074736190336,21.29310800298301,84,2004T1,2024T4,FALSE,0.7505648581130592,70,-0.1700525126069068,2.3322023463115693,0.15422670279006825
multiplicador,estatais_total,fbcf_real_rs_bi,ctrl_brent_usd,diferenca,2003T1-2025T4,3,8,1.6252083592318867,0.9050964746830986,0.13645714010840115,3.113959578355372,0.07255514389263522,0.6252083592318867,0.48971365550087237,13.874428168611903,80,2004T1,2023T4,FALSE,0.9964784225697,66,-0.03718721120520718,3.2876039296689807,0.10766376099688167
multiplicador,estatais_total,fbcf_real_rs_bi,ctrl_brent_usd,diferenca,2003T1-2025T4,3,12,2.1403134010503946,1.0078236250254748,0.4825910560998625,3.7980357460009264,0.033695372842101404,1.1403134010503946,0.2578609948520468,12.654866694464221,76,2004T1,2022T4,FALSE,1.1158234547613268,62,0.2771067516613981,4.003520050439391,0.05970055784293044
elasticidade,estatais_total,fbcf_me,ctrl_brent_usd,diferenca,2003T1-2025T4,3,4,0.0788266614110496,0.06210785364058124,-0.023331666911831597,0.1809849897339308,0.20437333751419182,,,28.816162874029512,84,2004T1,2024T4,FALSE,0.06803574487435139,70,-0.03458310681336381,0.192236429635463,0.2505540197369681
elasticidade,estatais_total,fbcf_me,ctrl_brent_usd,diferenca,2003T1-2025T4,3,8,0.057515174436789454,0.06655412863251864,-0.05195662543300361,0.16698697430658252,0.3874854887135953,,,19.215828746183046,80,2004T1,2023T4,FALSE,0.07327368404396184,66,-0.06472515212258387,0.17975550099616278,0.4352994663245131
elasticidade,estatais_total,fbcf_me,ctrl_brent_usd,diferenca,2003T1-2025T4,3,12,0.08004746879297524,0.05307645542812796,-0.007255531423709147,0.1673504690096596,0.131515116146681,,,19.62889140135923,76,2004T1,2022T4,FALSE,0.058764204759342,62,-0.018077244920882182,0.17817218250683264,0.17806935793167009
multiplicador,estatais_total,fbcf_real_rs_bi,ctrl_bndes_priv,diferenca,2003T1-2025T4,3,4,0.7869990594459166,0.9272207199780603,-0.7381433047945507,2.312141423686384,0.3960081286725516,-0.21300094055408336,0.8183095230626288,23.403864111094787,84,2004T1,2024T4,FALSE,1.0157194082363292,70,-0.9061183288013686,2.480116447693202,0.4410558734863542
multiplicador,estatais_total,fbcf_real_rs_bi,ctrl_bndes_priv,diferenca,2003T1-2025T4,3,8,1.3548817351880489,1.0009995833383547,-0.2916160600429556,3.0013795304190536,0.1758867651925602,0.3548817351880489,0.7229437068346556,16.57393733663232,80,2004T1,2023T4,FALSE,1.1020642701621133,66,-0.4836595915072004,3.193423061883298,0.22328544112340903
multiplicador,estatais_total,fbcf_real_rs_bi,ctrl_bndes_priv,diferenca,2003T1-2025T4,3,12,1.8136843704695562,1.0391538828390614,0.10442833732102152,3.522940403618091,0.08092444204787368,0.8136843704695562,0.43361192204612575,16.37985278801598,76,2004T1,2022T4,FALSE,1.1505111080808603,62,-0.10744386682017093,3.7348126077592836,0.12001916468228298
elasticidade,estatais_total,fbcf_me,ctrl_bndes_priv,diferenca,2003T1-2025T4,3,4,0.04024537011402536,0.08397969114472621,-0.09788892945564191,0.17837966968369262,0.6317768546230944,,,31.303208495098332,84,2004T1,2024T4,FALSE,0.09199514242456677,70,-0.11310266479629989,0.19359340502435063,0.6631153188657054
elasticidade,estatais_total,fbcf_me,ctrl_bndes_priv,diferenca,2003T1-2025T4,3,8,0.01949911428621226,0.07835991740016111,-0.10939148005706048,0.148389708629485,0.8034842283042221,,,23.608724651555335,80,2004T1,2023T4,FALSE,0.086271429695872,66,-0.12442496809567319,0.1634231966680977,0.8218839412701463
elasticidade,estatais_total,fbcf_me,ctrl_bndes_priv,diferenca,2003T1-2025T4,3,12,0.028550655465525356,0.06721712051346856,-0.08201166900428758,0.13911297993533828,0.6710169397517785,,,27.00711604467155,76,2004T1,2022T4,FALSE,0.07442020386111815,62,-0.09571651071676221,0.1528178216478129,0.7025568557878238
multiplicador,estatais_total,fbcf_real_rs_bi,ctrl_cambio_real+icbr_usd,diferenca,2003T1-2025T4,3,4,1.573498075234485,0.7693265631090228,0.30806848759449856,2.8389276628744713,0.04082600078398122,0.5734980752344849,0.45599690788366,26.211830810571666,84,2004T1,2024T4,FALSE,0.8488399782553364,69,0.15827934183621162,2.9887168086327582,0.06805657748979249
multiplicador,estatais_total,fbcf_real_rs_bi,ctrl_cambio_real+icbr_usd,diferenca,2003T1-2025T4,3,8,2.219351342970652,0.8623088855693976,0.800979444989347,3.637723240951957,0.010060838256989524,1.219351342970652,0.1573460431332846,23.512215914823823,80,2004T1,2023T4,FALSE,0.956645816064207,65,0.6230577181418759,3.815644967799428,0.02349568855671386
multiplicador,estatais_total,fbcf_real_rs_bi,ctrl_cambio_real+icbr_usd,diferenca,2003T1-2025T4,3,12,2.946255074065968,0.8578567616929655,1.5352062681904493,4.357303879941487,5.937858986716834e-4,1.9462550740659679,0.02328406183148404,21.342088565564573,76,2004T1,2022T4,FALSE,0.9575394097292061,61,1.3469540954550443,4.545556052676892,0.003130474001559246
elasticidade,estatais_total,fbcf_me,ctrl_cambio_real+icbr_usd,diferenca,2003T1-2025T4,3,4,0.10572387615737015,0.07715299360943373,-0.021181505211270615,0.23262925752601094,0.17058870702463486,,,32.39034523338309,84,2004T1,2024T4,FALSE,0.08512710799053098,69,-0.036203319821113925,0.24765107213585424,0.2184587737353304
elasticidade,estatais_total,fbcf_me,ctrl_cambio_real+icbr_usd,diferenca,2003T1-2025T4,3,8,0.09479363801477841,0.0762421370321617,-0.030613517609103857,0.22020079363866069,0.21374866062728837,,,29.249926858653907,80,2004T1,2023T4,FALSE,0.08458305674474181,65,-0.04634469341665276,0.2359319694462096,0.26653217172693605
elasticidade,estatais_total,fbcf_me,ctrl_cambio_real+icbr_usd,diferenca,2003T1-2025T4,3,12,0.14029219400318754,0.06740720924208186,0.029417201398672432,0.25116718660770265,0.03740975370968497,,,28.455202401540458,76,2004T1,2022T4,FALSE,0.07523990278024689,61,0.014625042422377416,0.2659593455839977,0.06705063719972615
multiplicador,estatais_total,fbcf_real_rs_bi,ctrl_cambio_real+brent_usd,diferenca,2003T1-2025T4,3,4,1.319101096168211,0.7657017500063371,0.059633795507198606,2.5785683968292235,0.08493648349301987,0.31910109616821103,0.6768661581348057,21.392212849985317,84,2004T1,2024T4,FALSE,0.8448405241576785,69,-0.08944959318481671,2.727651785521239,0.12301376122883666
multiplicador,estatais_total,fbcf_real_rs_bi,ctrl_cambio_real+brent_usd,diferenca,2003T1-2025T4,3,8,1.9644604217740902,0.8877582986875784,0.504227964321559,3.4246928792266216,0.026909195245285112,0.9644604217740902,0.2773021581727825,17.95094947256152,80,2004T1,2023T4,FALSE,0.9848794049651506,65,0.3210552147779093,3.607865628770271,0.05028106408294209
multiplicador,estatais_total,fbcf_real_rs_bi,ctrl_cambio_real+brent_usd,diferenca,2003T1-2025T4,3,12,2.7255583557806324,0.9032493699591406,1.2398453535617084,4.211271357999556,0.002548658926030678,1.7255583557806324,0.05608304708170109,16.16300188913064,76,2004T1,2022T4,FALSE,1.0082066227957378,61,1.0416320107174724,4.409484700843793,0.008880396304083573
elasticidade,estatais_total,fbcf_me,ctrl_cambio_real+brent_usd,diferenca,2003T1-2025T4,3,4,0.08966585982409223,0.07195145153950387,-0.02868374620508375,0.2080154658532682,0.2126911784475964,,,27.532926500988502,84,2004T1,2024T4,FALSE,0.07938796278320791,69,-0.04269281202833644,0.2220245316765209,0.2626133866707336
elasticidade,estatais_total,fbcf_me,ctrl_cambio_real+brent_usd,diferenca,2003T1-2025T4,3,8,0.08165264524026283,0.06946491305735457,-0.03260696894799546,0.19591225942852114,0.23981407820918443,,,24.10166758346584,80,2004T1,2023T4,FALSE,0.07706440180736612,65,-0.04693978807267943,0.2102450785532051,0.29327636495468434
elasticidade,estatais_total,fbcf_me,ctrl_cambio_real+brent_usd,diferenca,2003T1-2025T4,3,12,0.12848904610803696,0.060145394788253224,0.029558675346150518,0.2274194168699234,0.03265437404290649,,,22.112032309190482,76,2004T1,2022T4,FALSE,0.06713426809135135,61,0.01636008351297244,0.2406180087031015,0.060326287071837945
multiplicador,estatais_total,fbcf_real_rs_bi,ctrl_cambio_real+bndes_priv,diferenca,2003T1-2025T4,3,4,1.3325586128600855,0.9357156141555123,-0.2065566088787325,2.8716738345989032,0.15441566842962243,0.3325586128600855,0.7222857192824139,23.642522204641203,84,2004T1,2024T4,FALSE,1.0324260979149187,69,-0.38874197623512097,3.0538592019552917,0.2011137406588749
multiplicador,estatais_total,fbcf_real_rs_bi,ctrl_cambio_real+bndes_priv,diferenca,2003T1-2025T4,3,8,1.9834607952781385,0.9571335159673182,0.4091162600624809,3.557805330493796,0.03823815306936113,0.9834607952781385,0.304182082242875,19.73624224933162,80,2004T1,2023T4,FALSE,1.0618442982416298,65,0.211629198483557,3.75529239207272,0.06627938902997536
multiplicador,estatais_total,fbcf_real_rs_bi,ctrl_cambio_real+bndes_priv,diferenca,2003T1-2025T4,3,12,2.7743374285984337,0.9174675721755152,1.2652375648951766,4.283437292301691,0.0024953240064513812,1.7743374285984337,0.05311913934111452,20.076098305345255,76,2004T1,2022T4,FALSE,1.0240769750102612,61,1.063904112052225,4.484770745144642,0.008744756764311445
elasticidade,estatais_total,fbcf_me,ctrl_cambio_real+bndes_priv,diferenca,2003T1-2025T4,3,4,0.08444565714493746,0.0932338061718382,-0.06891030709130108,0.237801621381176,0.36507309045501996,,,30.252904123703946,84,2004T1,2024T4,FALSE,0.10286994600022697,69,-0.08706308232609339,0.2559543966159683,0.41453195724379277
elasticidade,estatais_total,fbcf_me,ctrl_cambio_real+bndes_priv,diferenca,2003T1-2025T4,3,8,0.07749680616407449,0.08225191115474713,-0.05779554822250153,0.2127891605506505,0.3460961320671589,,,26.675118633168,80,2004T1,2023T4,FALSE,0.09125030251487669,65,-0.07476673141922112,0.2297603437473701,0.3988441904987571
elasticidade,estatais_total,fbcf_me,ctrl_cambio_real+bndes_priv,diferenca,2003T1-2025T4,3,12,0.1274768258598629,0.07524134124091332,0.0037158328230532806,0.2512378188966725,0.09021984863914266,,,28.015607802771584,76,2004T1,2022T4,FALSE,0.08398435810761146,61,-0.012795485383700567,0.26774913710342635,0.13421469022343413
multiplicador,estatais_total,fbcf_real_rs_bi,ctrl_icbr_usd+brent_usd,diferenca,2003T1-2025T4,3,4,1.393177772924341,0.7118465455525366,0.22229440063937544,2.5640611452093065,0.05033193129708633,0.3931777729243411,0.5807188444166912,20.33567086684509,84,2004T1,2024T4,FALSE,0.7854191382734341,69,0.0836967087328353,2.702658837115847,0.08050815067935722
multiplicador,estatais_total,fbcf_real_rs_bi,ctrl_icbr_usd+brent_usd,diferenca,2003T1-2025T4,3,8,2.002836159032122,0.8983356578689325,0.525205493966572,3.4804668240976717,0.0257808913306314,1.002836159032122,0.2642822793009466,12.999934369914444,80,2004T1,2023T4,FALSE,0.9966139313920344,65,0.339850299080509,3.665822018983735,0.04862407178921399
multiplicador,estatais_total,fbcf_real_rs_bi,ctrl_icbr_usd+brent_usd,diferenca,2003T1-2025T4,3,12,2.5750895596190206,0.9849867018424058,0.9549306105945718,4.19524850864347,0.008940017485495898,1.5750895596190206,0.10979898810481094,12.410572928816368,76,2004T1,2022T4,FALSE,1.0994418033285391,61,0.7387804384243617,4.411398680813679,0.022451934365179296
elasticidade,estatais_total,fbcf_me,ctrl_icbr_usd+brent_usd,diferenca,2003T1-2025T4,3,4,0.09900827626998024,0.06629291203762368,-0.010033860536279929,0.2080504130762404,0.13530709547894285,,,26.428618482285412,84,2004T1,2024T4,FALSE,0.07314458737144239,69,-0.02294119942214355,0.22095775196210404,0.18028263111962253
elasticidade,estatais_total,fbcf_me,ctrl_icbr_usd+brent_usd,diferenca,2003T1-2025T4,3,8,0.07323053449762307,0.07027559521094288,-0.0423625331712698,0.18882360216651595,0.29738948435448187,,,17.032779231039243,80,2004T1,2023T4,FALSE,0.07796377290670958,65,-0.05686262178732124,0.20332369078256737,0.3510596924995385
elasticidade,estatais_total,fbcf_me,ctrl_icbr_usd+brent_usd,diferenca,2003T1-2025T4,3,12,0.09977207630707616,0.055335243988875855,0.008753699533729092,0.19079045308042322,0.0713807467259266,,,18.034682216528036,76,2004T1,2022T4,FALSE,0.061765179494259005,61,-0.00338932990301731,0.20293348251716964,0.11139701926765021
multiplicador,estatais_total,fbcf_real_rs_bi,ctrl_icbr_usd+bndes_priv,diferenca,2003T1-2025T4,3,4,1.4300346401747555,0.7384850838678362,0.21533477152518343,2.6447345088243273,0.052813406185211104,0.43003464017475546,0.5603511507971278,24.891361113589987,84,2004T1,2024T4,FALSE,0.8148108912280354,69,0.07155051244439536,2.7885187679051153,0.08368940440731965
multiplicador,estatais_total,fbcf_real_rs_bi,ctrl_icbr_usd+bndes_priv,diferenca,2003T1-2025T4,3,8,2.053220953609833,0.8727173591849812,0.6177286400509066,3.4887132671687593,0.01863888013953548,1.053220953609833,0.22749785707736436,16.231988279966586,80,2004T1,2023T4,FALSE,0.9681929807781456,65,0.43765931432034133,3.6687825928993245,0.03776966374779691
multiplicador,estatais_total,fbcf_real_rs_bi,ctrl_icbr_usd+bndes_priv,diferenca,2003T1-2025T4,3,12,2.6342757037485476,0.9268943347693794,1.1096701954023624,4.158881212094733,0.0044825119438839656,1.6342757037485476,0.07787119988505424,15.951090420310823,76,2004T1,2022T4,FALSE,1.0345991240366004,61,0.9062680888873766,4.362283318609719,0.013432218080867205
elasticidade,estatais_total,fbcf_me,ctrl_icbr_usd+bndes_priv,diferenca,2003T1-2025T4,3,4,0.10035054935029061,0.07238106955402247,-0.018705715428269987,0.2194068141288512,0.1656187481183858,,,31.908307907869112,84,2004T1,2024T4,FALSE,0.07986198378233776,69,-0.0327984285847657,0.23349952728534693,0.21315417996329897
elasticidade,estatais_total,fbcf_me,ctrl_icbr_usd+bndes_priv,diferenca,2003T1-2025T4,3,8,0.07869165570808964,0.07301472258491486,-0.04140687555656308,0.19879018697274237,0.28114510339609555,,,20.92707035477886,80,2004T1,2023T4,FALSE,0.08100256189036588,65,-0.056472133197992797,0.21385544461417208,0.3349149888174032
elasticidade,estatais_total,fbcf_me,ctrl_icbr_usd+bndes_priv,diferenca,2003T1-2025T4,3,12,0.10371938014459484,0.058794140891908445,0.007011624255043411,0.20042713603414625,0.07771332302192506,,,24.526232753847413,76,2004T1,2022T4,FALSE,0.06562599897688191,61,-0.005890441988708681,0.21332920227789837,0.11917301884243857
multiplicador,estatais_total,fbcf_real_rs_bi,ctrl_brent_usd+bndes_priv,diferenca,2003T1-2025T4,3,4,1.0605632619647256,0.6878335173404344,-0.07082219377147592,2.191948717700927,0.12310045364681652,0.06056326196472561,0.9298374899374546,22.87555722701152,84,2004T1,2024T4,FALSE,0.758924253886455,69,-0.20474450963429214,2.325871033563743,0.1667538376407437
multiplicador,estatais_total,fbcf_real_rs_bi,ctrl_brent_usd+bndes_priv,diferenca,2003T1-2025T4,3,8,1.6052874574458933,0.8889980385987619,0.1430158093039755,3.067559105587811,0.07096104645649777,0.6052874574458933,0.4959570530391339,14.947393505885453,80,2004T1,2023T4,FALSE,0.9862547729091542,65,-0.040412737981679436,3.250987652873466,0.10843519534734025
multiplicador,estatais_total,fbcf_real_rs_bi,ctrl_brent_usd+bndes_priv,diferenca,2003T1-2025T4,3,12,2.1244436576995698,0.9812633965352462,0.51040900091385,3.7384783144852896,0.030387029385259567,1.1244436576995698,0.25183065609990307,14.045137863347206,76,2004T1,2022T4,FALSE,1.0952858512800603,61,0.2950758885899094,3.95381142680923,0.05705322111328571
elasticidade,estatais_total,fbcf_me,ctrl_brent_usd+bndes_priv,diferenca,2003T1-2025T4,3,4,0.07903511952072884,0.062323563498341186,-0.023478019944058,0.1815482589855157,0.20474729632376332,,,29.597455266826948,84,2004T1,2024T4,FALSE,0.06876498852572449,69,-0.035612520148109755,0.19368275918956743,0.25437962699863387
elasticidade,estatais_total,fbcf_me,ctrl_brent_usd+bndes_priv,diferenca,2003T1-2025T4,3,8,0.057997340321414834,0.06545098680308406,-0.04965995270919088,0.16565463335202055,0.3755535920854839,,,19.811103026422526,80,2004T1,2023T4,FALSE,0.07261135044561122,65,-0.06316457128700625,0.17915925192983592,0.4273520833865445
elasticidade,estatais_total,fbcf_me,ctrl_brent_usd+bndes_priv,diferenca,2003T1-2025T4,3,12,0.08091725721440693,0.050918278390642426,-0.0028358576745659975,0.16467037210337987,0.11202442562095252,,,20.813684196362313,76,2004T1,2022T4,FALSE,0.05683496407766665,61,-0.014009607147692352,0.1758441215765062,0.159621785639942
multiplicador,uniao_econ_dir,fbcf_real_rs_bi,pib_cresc,diferenca,2003T1-2025T4,3,4,6.155279379576438,3.201731942851003,0.8888989808515841,11.421659778301292,0.05454484776402419,5.155279379576438,0.10736438498024813,24.756930639091497,84,2004T1,2024T4,FALSE,3.4825345805696157,71,0.35128843748181193,11.959270321671063,0.0814461882506466
multiplicador,uniao_econ_dir,fbcf_real_rs_bi,pib_cresc,diferenca,2003T1-2025T4,3,8,8.515548951635411,5.289112991418161,-0.18426773565489896,17.21536563892572,0.10739467667494156,7.515548951635411,0.15533218365135829,19.283825434816553,80,2004T1,2023T4,FALSE,5.7795022494957475,67,-1.124175981818654,18.15527388508948,0.14532465402974928
multiplicador,uniao_econ_dir,fbcf_real_rs_bi,pib_cresc,diferenca,2003T1-2025T4,3,12,12.527499462864672,8.194223609872704,-0.9507989618858268,26.00579788761517,0.12630887544595557,11.527499462864672,0.15949156439109563,16.546229630738264,76,2004T1,2022T4,FALSE,9.000037780532024,63,-2.4971836034007406,27.552182529130086,0.16883571094867814
elasticidade,uniao_econ_dir,fbcf_me,pib_cresc,diferenca,2003T1-2025T4,3,4,0.036981066455359285,0.05908417522517062,-0.060203753459198886,0.13416588636991744,0.5313774128565983,,,24.11254912951892,84,2004T1,2024T4,FALSE,0.06426605570323558,71,-0.07012472002177565,0.14408685293249424,0.5668150962947935
elasticidade,uniao_econ_dir,fbcf_me,pib_cresc,diferenca,2003T1-2025T4,3,8,0.06243034763860544,0.07145940251900484,-0.0551099097745648,0.1799706050517757,0.38231010292500417,,,23.94385288800358,80,2004T1,2023T4,FALSE,0.07808488460661031,67,-0.06780868966497866,0.19266938494218955,0.4268150348769617
elasticidade,uniao_econ_dir,fbcf_me,pib_cresc,diferenca,2003T1-2025T4,3,12,0.11619009443793377,0.10427795782271776,-0.055331882697856105,0.28771207157372364,0.2651786138414972,,,19.16486000178087,76,2004T1,2022T4,FALSE,0.11453257865094606,63,-0.07501084681976586,0.3073910356956334,0.31423791706960186
multiplicador,uniao_econ_dir,fbcf_real_rs_bi,ordem_invertida_dy_t,diferenca,2003T1-2025T4,3,4,5.686664964907399,1.9586961850183482,2.464896440883958,8.90843348893084,0.0036926337177447762,4.686664964907399,0.016722755241429386,27.97971147107839,84,2004T1,2024T4,FALSE,2.145644167667723,70,2.1100596349201046,9.263270294894692,0.009935114378873818
multiplicador,uniao_econ_dir,fbcf_real_rs_bi,ordem_invertida_dy_t,diferenca,2003T1-2025T4,3,8,7.778432469013949,3.6566111197462305,1.7638424063482798,13.793022531679618,0.03340144103554865,6.778432469013949,0.06377534164497346,20.88850847021786,80,2004T1,2023T4,FALSE,4.025796345998727,66,1.062315128698927,14.494549809328971,0.057635429528300114
multiplicador,uniao_econ_dir,fbcf_real_rs_bi,ordem_invertida_dy_t,diferenca,2003T1-2025T4,3,12,9.569361568608587,7.237442010692993,-2.3351711725307336,21.473894309747905,0.18610083699348742,8.569361568608587,0.2364004707906633,14.027682635895937,76,2004T1,2022T4,FALSE,8.013016709944747,62,-3.810807087935453,22.94953022515263,0.23693814893268889
elasticidade,uniao_econ_dir,fbcf_me,ordem_invertida_dy_t,diferenca,2003T1-2025T4,3,4,0.09873989603782996,0.041920313563615405,0.029787116229774188,0.1676926758458857,0.018501838583413716,,,25.0792005640684,84,2004T1,2024T4,FALSE,0.04592140271296386,70,0.022192844957031013,0.1752869471186289,0.034996119307214746
elasticidade,uniao_econ_dir,fbcf_me,ordem_invertida_dy_t,diferenca,2003T1-2025T4,3,8,0.12939615329579804,0.05433193143425314,0.040028078816888094,0.218764227774708,0.017238277158836877,,,25.740265264054862,80,2004T1,2023T4,FALSE,0.059817487798442606,66,0.02960440216648505,0.22918790442511103,0.03415355795320955
elasticidade,uniao_econ_dir,fbcf_me,ordem_invertida_dy_t,diferenca,2003T1-2025T4,3,12,0.16524286852451406,0.0792440049633433,0.034898079546398425,0.2955876575026297,0.03704740664220142,,,19.815910687631565,76,2004T1,2022T4,FALSE,0.08773590655317927,62,0.018741086560250475,0.31174465048877764,0.06433687482885217
multiplicador,uniao_econ_dir,fbcf_real_rs_bi,p2,diferenca,2003T1-2025T4,2,4,9.271822194244645,3.1073192092479487,4.160736922817178,14.382907465672112,0.0028463197680414446,8.271822194244645,0.007766759612814868,28.270520774191734,85,2003T4,2024T4,FALSE,3.330270212220247,74,3.7245681470825804,14.81907624140671,0.006810225750905457
multiplicador,uniao_econ_dir,fbcf_real_rs_bi,p2,diferenca,2003T1-2025T4,2,8,12.459089444314497,4.425473676001589,5.179833017365022,19.738345871263974,0.004872988888241721,11.459089444314497,0.009615798806041322,30.24564110296701,81,2003T4,2023T4,FALSE,4.760507472672011,70,4.523730610463443,20.39444827816555,0.010856125251579363
multiplicador,uniao_econ_dir,fbcf_real_rs_bi,p2,diferenca,2003T1-2025T4,2,12,15.854556681463379,6.486585524484294,5.185072954984474,26.524040407942284,0.014517101112151808,14.854556681463379,0.02201885172761392,32.3782777044286,77,2003T4,2022T4,FALSE,7.0063131337047775,66,4.166131067057892,27.542982295868867,0.026938088689941568
elasticidade,uniao_econ_dir,fbcf_me,p2,diferenca,2003T1-2025T4,2,4,0.06992116503660964,0.08569733354866273,-0.07103840487097826,0.21088073494419754,0.41455258929886063,,,25.344325613613922,85,2003T4,2024T4,FALSE,0.09184614066505492,74,-0.08306758454019103,0.2229099146134103,0.44890564970941216
elasticidade,uniao_econ_dir,fbcf_me,p2,diferenca,2003T1-2025T4,2,8,0.09777802050518655,0.09687851103673133,-0.06157294974723915,0.25712899075761225,0.3128380089514879,,,29.407047419437095,81,2003T4,2023T4,FALSE,0.10421277121873718,70,-0.07593575674187228,0.2714917977522454,0.3513401954528427
elasticidade,uniao_econ_dir,fbcf_me,p2,diferenca,2003T1-2025T4,2,12,0.12967204112224182,0.11560980143124465,-0.06048916007308036,0.319833242317564,0.2620175111611755,,,27.92547715680336,77,2003T4,2022T4,FALSE,0.12487285754505309,66,-0.07864966514751787,0.3379937473920015,0.3028582098719291
multiplicador,uniao_econ_dir,fbcf_real_rs_bi,p4,diferenca,2003T1-2025T4,4,4,9.77838598336826,3.256740243588008,4.421524981663706,15.135246985072815,0.00267765651877302,8.77838598336826,0.007029327079471464,30.901870364349843,83,2004T2,2024T4,FALSE,3.5980542784772855,68,3.778370403777539,15.77840156295898,0.008332117504707998
multiplicador,uniao_econ_dir,fbcf_real_rs_bi,p4,diferenca,2003T1-2025T4,4,8,13.067956730659091,4.734076285482603,5.281094182218082,20.8548192791001,0.005773016034180604,12.067956730659091,0.010798020668011811,25.835282328379492,79,2004T2,2023T4,FALSE,5.259673801471574,64,4.289492648625066,21.84642081269312,0.015597710597753658
multiplicador,uniao_econ_dir,fbcf_real_rs_bi,p4,diferenca,2003T1-2025T4,4,12,18.0806439513432,7.331720422914528,6.02103702191806,30.140250880768335,0.013659900870497161,17.0806439513432,0.01982248230803724,23.173654249904658,75,2004T2,2022T4,FALSE,8.197112628830196,60,4.386147042492572,31.775140860193822,0.0312442782104886
elasticidade,uniao_econ_dir,fbcf_me,p4,diferenca,2003T1-2025T4,4,4,0.09848689938058404,0.07559948271217119,-0.02586318395418581,0.2228369827153539,0.19266160180126898,,,26.33203561696323,83,2004T2,2024T4,FALSE,0.08352248625254735,68,-0.040792883517388065,0.23776668227855613,0.24244130581723689
elasticidade,uniao_econ_dir,fbcf_me,p4,diferenca,2003T1-2025T4,4,8,0.12377811315857011,0.08702612011922578,-0.01936711615905283,0.26692334247619304,0.15493630297659028,,,27.19486709386636,79,2004T2,2023T4,FALSE,0.0966881343755423,64,-0.03759564247948942,0.2851518687966296,0.20510289849472343
elasticidade,uniao_econ_dir,fbcf_me,p4,diferenca,2003T1-2025T4,4,12,0.19706697799149878,0.11207680373714657,0.012717040867325002,0.38141691511567255,0.07869293628403014,,,19.643330678111873,75,2004T2,2022T4,FALSE,0.1253056759285811,60,-0.01227480726469346,0.40640876324769104,0.12104951041341533
multiplicador,uniao_econ_dir,fbcf_real_rs_bi,exogenas_so_defasadas,diferenca,2003T1-2025T4,3,4,8.347438506164131,3.381009401363781,2.786172929573893,13.908704082754369,0.013552187337111178,7.347438506164131,0.02976907571566766,27.94677411263635,84,2004T1,2024T4,FALSE,3.7857211384580487,67,2.033173215812849,14.661703796515415,0.030892369809806013
multiplicador,uniao_econ_dir,fbcf_real_rs_bi,exogenas_so_defasadas,diferenca,2003T1-2025T4,3,8,9.897421756507358,5.272791416397216,1.2244516710878095,18.570391841926906,0.060507898229583267,8.897421756507358,0.09152232691276264,21.110576820336586,80,2004T1,2023T4,FALSE,5.941762799818811,63,-0.02177026236505597,19.81661377537977,0.10073095774178412
multiplicador,uniao_econ_dir,fbcf_real_rs_bi,exogenas_so_defasadas,diferenca,2003T1-2025T4,3,12,12.541576632298531,8.231447801617625,-0.9979501392539358,26.081103403850996,0.1276043281369992,11.541576632298531,0.1608758233432487,13.713198631583289,76,2004T1,2022T4,FALSE,9.342369043378037,59,-3.0703911794336367,28.1535444440307,0.18459582893010185
elasticidade,uniao_econ_dir,fbcf_me,exogenas_so_defasadas,diferenca,2003T1-2025T4,3,4,0.09334450300638714,0.06254660904247945,-0.009535513730650896,0.19622451974342517,0.1355945509966465,,,25.636490570406057,84,2004T1,2024T4,FALSE,0.07003352900925841,67,-0.023465548555964735,0.210154554568739,0.1870944438377926
elasticidade,uniao_econ_dir,fbcf_me,exogenas_so_defasadas,diferenca,2003T1-2025T4,3,8,0.11788780145032543,0.07217105426988912,-8.230189264131771e-4,0.23659862182706404,0.10237440926696859,,,26.781410963932284,80,2004T1,2023T4,FALSE,0.08132756477925261,63,-0.017880615878163614,0.2536562187788145,0.15214598755166464
elasticidade,uniao_econ_dir,fbcf_me,exogenas_so_defasadas,diferenca,2003T1-2025T4,3,12,0.15734757798151494,0.09758212224699618,-0.0031607297220785924,0.3178558856851085,0.10686118861501587,,,17.9263009023108,76,2004T1,2022T4,FALSE,0.11075186529012714,59,-0.02772909239732571,0.34242424836035557,0.16066127777452022
multiplicador,uniao_econ_dir,fbcf_real_rs_bi,selic_media,diferenca,2003T1-2025T4,3,4,9.115652050645544,3.438622868104057,3.4596207543263136,14.771683346964775,0.008026332076853153,8.115652050645544,0.018267743353938614,28.27473232635893,84,2004T1,2024T4,FALSE,3.7402016350708376,71,2.882233283556662,15.349070817734425,0.017308756631352312
multiplicador,uniao_econ_dir,fbcf_real_rs_bi,selic_media,diferenca,2003T1-2025T4,3,8,11.882280669260275,5.2854740375147875,3.188449528496239,20.57611181002431,0.02456973586183204,10.882280669260275,0.03950348964783962,24.070858595040264,80,2004T1,2023T4,FALSE,5.7755259036879565,67,2.2491879470542884,21.515373391466262,0.04354776475767514
multiplicador,uniao_econ_dir,fbcf_real_rs_bi,selic_media,diferenca,2003T1-2025T4,3,12,16.01324022394693,7.629921570562252,3.463136055252342,28.56334439264152,0.035839611204310215,15.01324022394693,0.049104926564619365,18.951017876328976,76,2004T1,2022T4,FALSE,8.38024267666077,63,2.023244481087195,30.003235966806663,0.06057883985679464
elasticidade,uniao_econ_dir,fbcf_me,selic_media,diferenca,2003T1-2025T4,3,4,0.0893690480614232,0.07780065111466881,-0.03860163510372583,0.21733973122657224,0.25068267424618934,,,26.32015141830809,84,2004T1,2024T4,FALSE,0.08462402934844158,71,-0.05166533033707335,0.23040342645991976,0.2945157021441057
elasticidade,uniao_econ_dir,fbcf_me,selic_media,diferenca,2003T1-2025T4,3,8,0.12087139192163998,0.08591718718572505,-0.020449805038268376,0.26219258888154834,0.15947602497358307,,,26.060768173228695,80,2004T1,2023T4,FALSE,0.09388314778223404,67,-0.03571782310747687,0.2774606069507568,0.20236143948902638
elasticidade,uniao_econ_dir,fbcf_me,selic_media,diferenca,2003T1-2025T4,3,12,0.17714351556972602,0.1115500185728901,-0.006339937066396267,0.3606269682058483,0.11228211044787707,,,20.98718482977313,76,2004T1,2022T4,FALSE,0.12251976872652807,63,-0.027391258545344827,0.3816782896847969,0.15317974284460595
multiplicador,uniao_econ_dir,fbcf_real_rs_bi,sub_ate_2014T4,diferenca,2003T1-2014T4,3,4,8.442010881689733,3.1504706157686586,3.2599478627386187,13.624073900640846,0.007370949658831682,7.442010881689733,0.018167317648768912,25.522902261912257,40,2004T1,2013T4,FALSE,3.7000400931325896,29,2.1551727601906308,14.728849003188834,0.030038185480370412
multiplicador,uniao_econ_dir,fbcf_real_rs_bi,sub_ate_2014T4,diferenca,2003T1-2014T4,3,8,13.598379354248651,2.472411288196441,9.531624679542976,17.665134028954327,3.7968909834577654e-8,12.598379354248651,3.476678544847137e-7,23.263295137878238,36,2004T1,2012T4,FALSE,2.9668935458357293,25,8.530507554311463,18.66625115418584,1.0971700644128822e-4
multiplicador,uniao_econ_dir,fbcf_real_rs_bi,sub_ate_2014T4,diferenca,2003T1-2014T4,3,12,22.26977420576144,2.475185823792695,18.19845582611716,26.34109258540572,2.3151997158996715e-19,21.26977420576144,8.457793273154045e-18,13.99772157217614,32,2004T1,2011T4,FALSE,3.055435715119144,21,17.012154883972237,27.527393527550643,3.5446998842498547e-7
elasticidade,uniao_econ_dir,fbcf_me,sub_ate_2014T4,diferenca,2003T1-2014T4,3,4,-0.06627643920147615,0.089104219951368,-0.21283983856516547,0.08028696016221316,0.4569925882320451,,,20.5696734777881,40,2004T1,2013T4,FALSE,0.10464759919905747,29,-0.2440860032624399,0.11153312485948759,0.5314816793628423
elasticidade,uniao_econ_dir,fbcf_me,sub_ate_2014T4,diferenca,2003T1-2014T4,3,8,0.008675506593687127,0.10772078433296532,-0.16850941621444812,0.18586042940182237,0.9358101863976472,,,36.45469861480519,36,2004T1,2012T4,FALSE,0.1292649411995584,25,-0.21212720847010852,0.22947822165748277,0.9470247013280669
elasticidade,uniao_econ_dir,fbcf_me,sub_ate_2014T4,diferenca,2003T1-2014T4,3,12,0.03555963576103496,0.13855335719554798,-0.1923403563483649,0.26345962787043486,0.7974494375356086,,,48.50452430708581,32,2004T1,2011T4,FALSE,0.17103397731013892,21,-0.2587458668350744,0.32986513835714426,0.8373025283745376
multiplicador,uniao_econ_dir,fbcf_real_rs_bi,sub_de_2015T1,diferenca,2015T1-2025T4,3,4,10.135806835724978,12.072273003761106,-9.721315200059813,29.99292887150977,0.4011361176884652,9.135806835724978,0.44919398285327955,16.663374979851078,40,2015T1,2024T4,FALSE,14.693902765601349,27,-14.892147967488203,35.163761638938155,0.496208569001819
multiplicador,uniao_econ_dir,fbcf_real_rs_bi,sub_de_2015T1,diferenca,2015T1-2025T4,3,8,16.43990080532754,17.10879948920122,-11.701570087270571,44.58137169792565,0.3366008232156404,15.43990080532754,0.3668158624225855,53.025164077309256,36,2015T1,2023T4,FALSE,21.404587804264636,23,-20.244812795563313,53.12461440621839,0.4502687719268337
multiplicador,uniao_econ_dir,fbcf_real_rs_bi,sub_de_2015T1,diferenca,2015T1-2025T4,3,12,26.45139622034506,16.86084596481619,-1.2822274183529316,54.18501985904305,0.11669315123317126,25.45139622034506,0.13117182411666076,19.959670185629236,32,2015T1,2022T4,FALSE,21.881523151034923,19,-11.38466342617388,64.28745586686401,0.2415511730770642
elasticidade,uniao_econ_dir,fbcf_me,sub_de_2015T1,diferenca,2015T1-2025T4,3,4,-0.004950860040129124,0.18780972030652945,-0.31387035966306553,0.3039686395828073,0.9789693668344961,,,13.235989317060307,40,2015T1,2024T4,FALSE,0.22859471184582722,27,-0.39431359148030565,0.3844118714000474,0.9828801878175025
elasticidade,uniao_econ_dir,fbcf_me,sub_de_2015T1,diferenca,2015T1-2025T4,3,8,0.03560963069528711,0.24725116102631228,-0.371082338286805,0.4423015996773792,0.8854830206659305,,,13.211054754307751,36,2015T1,2023T4,FALSE,0.30933258579799766,23,-0.4945466807082718,0.565765942098846,0.9093510194928458
elasticidade,uniao_econ_dir,fbcf_me,sub_de_2015T1,diferenca,2015T1-2025T4,3,12,0.441786645193599,0.28964428785589524,-0.03463581221194634,0.9182091025991443,0.1271909905886715,,,9.764499704792334,32,2015T1,2022T4,FALSE,0.37589206398712793,19,-0.20818065623703386,1.0917539466242319,0.2543926631912775
multiplicador,uniao_econ_dir,fbcf_real_rs_bi,ate_2019T4,diferenca,2003T1-2019T4,3,4,11.104507607294309,3.5992397034112273,5.184285126870613,17.024730087718005,0.0020338999356982203,10.104507607294309,0.004994309459756649,22.133618259516993,60,2004T1,2018T4,FALSE,3.9827986943772022,49,4.427142901122971,17.781872313465648,0.007525892753419559
multiplicador,uniao_econ_dir,fbcf_real_rs_bi,ate_2019T4,diferenca,2003T1-2019T4,3,8,13.785429581120965,6.771538824991291,2.647239384791334,24.923619777450597,0.04177146843358448,12.785429581120965,0.0590107999201033,14.154580881246721,56,2004T1,2017T4,FALSE,7.5539678039916485,45,1.0990891278834365,26.471770034358492,0.0746546164364628
multiplicador,uniao_econ_dir,fbcf_real_rs_bi,ate_2019T4,diferenca,2003T1-2019T4,3,12,16.77912247405521,12.115842053009295,-3.149664270408291,36.70790921851871,0.16608575253469604,15.77912247405521,0.1927951992165689,13.073021895393424,52,2004T1,2016T4,FALSE,13.644679736859795,41,-6.183208901252044,39.741453849362465,0.22581243028047565
elasticidade,uniao_econ_dir,fbcf_me,ate_2019T4,diferenca,2003T1-2019T4,3,4,0.09905120402094186,0.13707872342286548,-0.12642323137903605,0.3245256394209198,0.4699341035033214,,,16.678938590414088,60,2004T1,2018T4,FALSE,0.15168674655318018,49,-0.15525934631093885,0.3533617543528226,0.5168095998645912
elasticidade,uniao_econ_dir,fbcf_me,ate_2019T4,diferenca,2003T1-2019T4,3,8,0.07655780374730237,0.21480256382260615,-0.2767609724347863,0.42987657992939105,0.7215334649209264,,,14.635176033001002,56,2004T1,2017T4,FALSE,0.23962229166321217,45,-0.3258704367620281,0.4789860442566328,0.7508307486123096
elasticidade,uniao_econ_dir,fbcf_me,ate_2019T4,diferenca,2003T1-2019T4,3,12,0.07132432765392638,0.19968573322837008,-0.2571294748972221,0.39977813020507486,0.7209548926316857,,,25.971108566018728,52,2004T1,2016T4,FALSE,0.22488308002037646,41,-0.3071264607642146,0.4497751160720674,0.7527303080846974
multiplicador,uniao_econ_dir,fbcf_real_rs_bi,sem_2020_2021,diferenca,2003T1-2025T4,3,4,10.794524608257879,3.3290679084772767,5.318695184631281,16.270354031884477,0.0011848321104359824,9.794524608257879,0.0032597126365533505,26.337526528855676,68,2004T1,2024T4,FALSE,4.04133516172884,57,4.037295469894241,17.551753746621515,0.009838751319077889
multiplicador,uniao_econ_dir,fbcf_real_rs_bi,sem_2020_2021,diferenca,2003T1-2025T4,3,8,15.150732184011154,5.211087459083971,6.5792560765755574,23.72220829144675,0.003644431566249273,14.150732184011154,0.006617484874550309,19.209258614294185,60,2004T1,2023T4,FALSE,6.6584833115476645,49,3.9874460445614908,26.314018323460818,0.02729199888805812
multiplicador,uniao_econ_dir,fbcf_real_rs_bi,sem_2020_2021,diferenca,2003T1-2025T4,3,12,16.779122474058163,12.115842053004238,-3.1496642703970217,36.70790921851335,0.1660857525344448,15.779122474058163,0.1927951992162998,13.07302189538698,52,2004T1,2022T4,FALSE,16.495613443264755,41,-10.98098252129667,44.53922746941299,0.3150296309675412
elasticidade,uniao_econ_dir,fbcf_me,sem_2020_2021,diferenca,2003T1-2025T4,3,4,0.08914943990215057,0.09607024521278577,-0.06887205137821736,0.2471709311825185,0.3534278051654421,,,22.505915356790638,68,2004T1,2024T4,FALSE,0.11662485435808675,57,-0.10585068569712178,0.2841495655014229,0.4477748140968164
elasticidade,uniao_econ_dir,fbcf_me,sem_2020_2021,diferenca,2003T1-2025T4,3,8,0.11682105173399793,0.1157649604882203,-0.07359536339894501,0.30723746686694087,0.3129157833334726,,,17.24272252890089,60,2004T1,2023T4,FALSE,0.1479190406081359,49,-0.131172747832601,0.3648148513005969,0.43347123258724607
elasticidade,uniao_econ_dir,fbcf_me,sem_2020_2021,diferenca,2003T1-2025T4,3,12,0.07132432765378427,0.19968573322836022,-0.257129474897348,0.39977813020491654,0.7209548926322052,,,25.97110856601701,52,2004T1,2022T4,FALSE,0.27187038680923997,41,-0.38620036573879607,0.5288490210463646,0.7943677880705519
multiplicador,uniao_econ_dir,fbcf_real_rs_bi,sem_2016T4_2018T1,diferenca,2003T1-2025T4,3,4,8.384835624018091,3.482636814970498,2.6564078275591463,14.113263420477036,0.01605726848869411,7.384835624018091,0.03396621754131062,36.55779186670448,70,2004T1,2024T4,FALSE,4.227760743489705,57,1.3158975274021465,15.453773720634036,0.05216120595273707
multiplicador,uniao_econ_dir,fbcf_real_rs_bi,sem_2016T4_2018T1,diferenca,2003T1-2025T4,3,8,6.699862860150585,5.94440248339645,-3.0778091247234,16.47753484502457,0.2597054077124542,5.699862860150585,0.33762816807057583,22.0002853427329,62,2004T1,2023T4,FALSE,7.595478879138874,49,-6.034344034522155,19.434069754823327,0.38203728970859374
multiplicador,uniao_econ_dir,fbcf_real_rs_bi,sem_2016T4_2018T1,diferenca,2003T1-2025T4,3,12,17.27060975181103,6.289752357309636,6.924887774263707,27.61633172935835,0.006035747396822555,16.27060975181103,0.009685936134642349,13.064315213295998,54,2004T1,2022T4,FALSE,8.563443059602811,41,2.859379804289448,31.681839699332613,0.050299253886347914
elasticidade,uniao_econ_dir,fbcf_me,sem_2016T4_2018T1,diferenca,2003T1-2025T4,3,4,0.05695227504205155,0.06541242141513946,-0.0506415835703187,0.1645461336544218,0.3839373518300211,,,18.115322900263926,70,2004T1,2024T4,FALSE,0.07940766783569266,57,-0.07581963954453821,0.18972418962864132,0.476171108171606
elasticidade,uniao_econ_dir,fbcf_me,sem_2016T4_2018T1,diferenca,2003T1-2025T4,3,8,0.016908109800372922,0.07599916285535555,-0.10809938886753419,0.14191560846828002,0.8239421248667115,,,15.672439452304978,62,2004T1,2023T4,FALSE,0.09710816821580116,49,-0.14589867630221612,0.17971489590296194,0.862491486066925
elasticidade,uniao_econ_dir,fbcf_me,sem_2016T4_2018T1,diferenca,2003T1-2025T4,3,12,0.11878245731605938,0.081576241669844,-0.015398519667653265,0.252963434299772,0.14536737706453853,,,18.954361064496762,54,2004T1,2022T4,FALSE,0.11106534261945304,41,-0.06812696457755044,0.3056918792096692,0.29110840568945007
multiplicador,uniao_econ_dir,fbcf_real_rs_bi,choques_sem_AO,diferenca,2003T1-2025T4,3,4,9.334278125556553,3.3613940550012074,3.805276922574703,14.863279328538404,0.005487890683438306,8.334278125556553,0.013159948771747948,42.71438783722767,84,2004T1,2024T4,FALSE,3.6561995958471756,71,3.2408571283367262,15.42769912277638,0.012830445860498552
multiplicador,uniao_econ_dir,fbcf_real_rs_bi,choques_sem_AO,diferenca,2003T1-2025T4,3,8,13.142461519028176,4.871492002228932,5.129570230496832,21.15535280755952,0.006979288886219716,12.142461519028176,0.012682770314125782,44.016802345093836,80,2004T1,2023T4,FALSE,5.323160808053291,67,4.2638758292909955,22.021047208765356,0.01610864628450992
multiplicador,uniao_econ_dir,fbcf_real_rs_bi,choques_sem_AO,diferenca,2003T1-2025T4,3,12,18.416991662194697,8.018466320324102,5.227788252621378,31.606195071768013,0.02162891312088234,17.416991662194697,0.029847359517857663,31.388778916211727,76,2004T1,2022T4,FALSE,8.806996643085457,63,3.714571899663392,33.119411424726,0.04055067354370114
elasticidade,uniao_econ_dir,fbcf_me,choques_sem_AO,diferenca,2003T1-2025T4,3,4,0.11261299987610121,0.07703461751065693,-0.014097670137122181,0.2393236698893246,0.14378251735348596,,,98.6056272205682,84,2004T1,2024T4,FALSE,0.0837908120262337,71,-0.027032738817890256,0.2522587385700927,0.18323458069120768
elasticidade,uniao_econ_dir,fbcf_me,choques_sem_AO,diferenca,2003T1-2025T4,3,8,0.15920784895660733,0.08357250852905614,0.02174330518915657,0.2966723927240581,0.0567766178643889,,,60.68288542427481,80,2004T1,2023T4,FALSE,0.09132107818898656,67,0.0068919510875325996,0.31152374682568207,0.08585349980404448
elasticidade,uniao_econ_dir,fbcf_me,choques_sem_AO,diferenca,2003T1-2025T4,3,12,0.25337635290755756,0.08933903415045276,0.10642671855684396,0.4003259872582712,0.004566507426921908,,,35.970699155785915,76,2004T1,2022T4,FALSE,0.09812457176071697,63,0.08956697480618706,0.4171857310089281,0.012154032471335332
multiplicador,uniao_econ_dir,fbcf_real_rs_bi,dummies_A4,diferenca,2003T1-2025T4,3,4,8.30447511154847,4.7556272445950745,0.48216438984702936,16.12678583324991,0.08076894308009851,7.30447511154847,0.12454706208726145,23.806609924368196,84,2004T1,2024T4,FALSE,5.20952863390172,70,-0.3793635973589051,16.988313820455843,0.11542076824392096
multiplicador,uniao_econ_dir,fbcf_real_rs_bi,dummies_A4,diferenca,2003T1-2025T4,3,8,8.129239881702084,9.356476390783532,-7.260794245164023,23.51927400856819,0.3849370521017273,7.129239881702084,0.4460852091988523,15.888977388635539,80,2004T1,2023T4,FALSE,10.301141475512939,66,-9.055850704783484,25.314330468187652,0.4328448302335288
multiplicador,uniao_econ_dir,fbcf_real_rs_bi,dummies_A4,diferenca,2003T1-2025T4,3,12,6.675334747167653,15.716875702616713,-19.176625256626906,32.52729475096221,0.6710378660459992,5.675334747167653,0.7180260758319683,9.919847497929105,76,2004T1,2022T4,FALSE,17.40111871668502,62,-22.38112571831866,35.731795212653964,0.7025759749805517
elasticidade,uniao_econ_dir,fbcf_me,dummies_A4,diferenca,2003T1-2025T4,3,4,0.05316538361576509,0.09752779781314663,-0.10725356834577895,0.21358433557730913,0.5856637217514407,,,23.263273924441748,84,2004T1,2024T4,FALSE,0.10683634969212684,70,-0.12492167457552653,0.2312524418070567,0.6203018281877836
elasticidade,uniao_econ_dir,fbcf_me,dummies_A4,diferenca,2003T1-2025T4,3,8,0.047869006383455925,0.12097452012473732,-0.15111637181243204,0.2468543845793439,0.6923300832843424,,,29.203071228289804,80,2004T1,2023T4,FALSE,0.13318856316088548,66,-0.17432554637019407,0.2700635591371059,0.720437433292398
elasticidade,uniao_econ_dir,fbcf_me,dummies_A4,diferenca,2003T1-2025T4,3,12,0.06904414543552306,0.15820560898098476,-0.19118092430091604,0.32926921517196217,0.6625317851609842,,,22.504000693929232,76,2004T1,2022T4,FALSE,0.1751591496689908,62,-0.22343733178382214,0.36152562265486826,0.6948010802486454
multiplicador,uniao_econ_dir,fbcf_real_rs_bi,G_deflator_fbcf,diferenca,2003T1-2025T4,3,4,9.038529515964465,3.2724546853256142,3.6558205577722918,14.421238474156638,0.005744795822490196,8.038529515964465,0.014032828172066351,27.266270162316665,84,2004T1,2024T4,FALSE,3.559459944933891,71,3.10633478790354,14.970724244025389,0.013299378523554024
multiplicador,uniao_econ_dir,fbcf_real_rs_bi,G_deflator_fbcf,diferenca,2003T1-2025T4,3,8,12.142723887746772,5.075481590303863,3.794299585410041,20.491148190083504,0.016737315105821812,11.142723887746772,0.02813475325615631,22.44233949757853,80,2004T1,2023T4,FALSE,5.546063643569508,67,2.8923549667718547,21.39309280872169,0.03205286683443441
multiplicador,uniao_econ_dir,fbcf_real_rs_bi,G_deflator_fbcf,diferenca,2003T1-2025T4,3,12,16.9075493829287,7.540496298992582,4.504536696516604,29.310562069340797,0.02494631958476231,15.9075493829287,0.03489147086145115,16.664556353159497,76,2004T1,2022T4,FALSE,8.282023386953849,63,3.081521140520163,30.733577625337237,0.0453968120476983
multiplicador,uniao_econ_dir,fbcf_real_rs_bi,ctrl_cambio_real,diferenca,2003T1-2025T4,3,4,7.856780527696855,3.2748293327557234,2.470165622066536,13.243395433327173,0.01643354137516095,6.856780527696855,0.0362793548712381,29.552894377399703,84,2004T1,2024T4,FALSE,3.5873957950598028,70,1.8768985348072151,13.836662520586493,0.031850281767523636
multiplicador,uniao_econ_dir,fbcf_real_rs_bi,ctrl_cambio_real,diferenca,2003T1-2025T4,3,8,9.878917012822786,5.270407707997941,1.2098677788093806,18.54796624683619,0.06087362002784638,8.878917012822786,0.09205155221099916,21.52231326030208,80,2004T1,2023T4,FALSE,5.802527913948405,66,0.19873078599988503,19.559103239645687,0.0933638448561349
multiplicador,uniao_econ_dir,fbcf_real_rs_bi,ctrl_cambio_real,diferenca,2003T1-2025T4,3,12,12.624467903021033,8.807444181060022,-1.8624886023681775,27.111424408410244,0.15174753377594372,11.624467903021033,0.18688651829166908,16.222020004806822,76,2004T1,2022T4,FALSE,9.751262571840908,62,-3.6582309291864963,28.907166735228564,0.2002420977621922
elasticidade,uniao_econ_dir,fbcf_me,ctrl_cambio_real,diferenca,2003T1-2025T4,3,4,0.06722780778330194,0.08127384078925275,-0.0664557640151769,0.2009113795817808,0.4081370528752784,,,20.489458428242067,84,2004T1,2024T4,FALSE,0.0890310318707144,70,-0.08117930832728422,0.2156349238938881,0.4527189827432698
elasticidade,uniao_econ_dir,fbcf_me,ctrl_cambio_real,diferenca,2003T1-2025T4,3,8,0.07258613169661557,0.09422250732056134,-0.08239610121007132,0.22756836460330246,0.44108082944362004,,,20.213464352871043,80,2004T1,2023T4,FALSE,0.10373556641929128,66,-0.10047285503739029,0.24564511843062142,0.48655949364756235
elasticidade,uniao_econ_dir,fbcf_me,ctrl_cambio_real,diferenca,2003T1-2025T4,3,12,0.10921726870207363,0.13923547057147165,-0.11980470006770638,0.33823923747185364,0.4328013704824872,,,17.044475396718777,76,2004T1,2022T4,FALSE,0.1541561439328746,62,-0.1481933021138411,0.3666278395179884,0.48129968093664444
multiplicador,uniao_econ_dir,fbcf_real_rs_bi,ctrl_icbr_usd,diferenca,2003T1-2025T4,3,4,7.983285810783718,3.767966355129783,1.7855326853173779,14.181038936250058,0.03411368522542321,6.983285810783718,0.06383504615892148,27.622267714423337,84,2004T1,2024T4,FALSE,4.127600337250207,70,1.1029290448650988,14.863642576702336,0.05714122413963621
multiplicador,uniao_econ_dir,fbcf_real_rs_bi,ctrl_icbr_usd,diferenca,2003T1-2025T4,3,8,10.95785326724616,5.56064424564729,1.8114074116063854,20.104299122885934,0.048768664346083526,9.95785326724616,0.0733296809167704,21.650345996515316,80,2004T1,2023T4,FALSE,6.122067825216072,66,0.7445880283364978,21.17111850615582,0.07805813238036129
multiplicador,uniao_econ_dir,fbcf_real_rs_bi,ctrl_icbr_usd,diferenca,2003T1-2025T4,3,12,14.445469530343427,8.695183192128116,0.14316591976402115,28.74777314092283,0.09664947720280431,13.445469530343427,0.12202914035201975,17.72237251312056,76,2004T1,2022T4,FALSE,9.626971533811554,62,-1.629687609199749,30.520626669886603,0.13855520013185285
elasticidade,uniao_econ_dir,fbcf_me,ctrl_icbr_usd,diferenca,2003T1-2025T4,3,4,0.07467928653845984,0.07648209757546663,-0.0511225690554028,0.2004811421323225,0.3288522499043211,,,23.77992843036312,84,2004T1,2024T4,FALSE,0.08378194017478849,70,-0.064978042622295007,0.2143366156992147,0.37579346070769737
elasticidade,uniao_econ_dir,fbcf_me,ctrl_icbr_usd,diferenca,2003T1-2025T4,3,8,0.10359565398134268,0.08927355498030387,-0.04324627671886175,0.2504375846815471,0.24587404013028313,,,23.99202482845936,80,2004T1,2023T4,FALSE,0.09828694921733051,66,-0.060373565331318546,0.2675648732940039,0.29572067340164315
elasticidade,uniao_econ_dir,fbcf_me,ctrl_icbr_usd,diferenca,2003T1-2025T4,3,12,0.1493857726290056,0.12564942562568365,-0.05728914083576933,0.3560606860937805,0.23447535395479097,,,18.405387680529085,76,2004T1,2022T4,FALSE,0.1391141988628048,62,-0.08290769569662956,0.3816792409546408,0.28705802515378037
multiplicador,uniao_econ_dir,fbcf_real_rs_bi,ctrl_brent_usd,diferenca,2003T1-2025T4,3,4,10.508455298062556,3.9963049828413113,3.9351185526317867,17.081792043493323,0.008549974949231544,9.508455298062556,0.017345001114464097,26.664922919356293,84,2004T1,2024T4,FALSE,4.377732771544964,70,3.2111491557364946,17.805761440388615,0.019037825595468773
multiplicador,uniao_econ_dir,fbcf_real_rs_bi,ctrl_brent_usd,diferenca,2003T1-2025T4,3,8,14.059434304917911,5.7688177889781365,4.570573441495055,23.548295168340765,0.014803820860530692,13.059434304917911,0.023586582856956157,24.01324003847931,80,2004T1,2023T4,FALSE,6.351259353281296,66,3.46381559762626,24.655053012209564,0.03031419026465958
multiplicador,uniao_econ_dir,fbcf_real_rs_bi,ctrl_brent_usd,diferenca,2003T1-2025T4,3,12,19.3849164583445,8.090148962938855,6.077805594076837,32.69202732261216,0.01656995113483106,18.3849164583445,0.023055933212428468,19.794194898551403,76,2004T1,2022T4,FALSE,8.957100966086221,62,4.428311981133371,34.34152093555563,0.03430945289933041
elasticidade,uniao_econ_dir,fbcf_me,ctrl_brent_usd,diferenca,2003T1-2025T4,3,4,0.091506143651940125,0.08316019815222811,-0.04528020989675535,0.2282924972006356,0.27117536215986304,,,24.726987709247485,84,2004T1,2024T4,FALSE,0.09109743282914953,70,-0.06034548613579663,0.24335777343967688,0.31860389538508277
elasticidade,uniao_econ_dir,fbcf_me,ctrl_brent_usd,diferenca,2003T1-2025T4,3,8,0.11773537272152577,0.09581161990407726,-0.039860717781791496,0.27533146322484303,0.2191387612089676,,,25.26589053251178,80,2004T1,2023T4,FALSE,0.10548512179244865,66,-0.05824234565452703,0.2937130910975786,0.2684125878799126
elasticidade,uniao_econ_dir,fbcf_me,ctrl_brent_usd,diferenca,2003T1-2025T4,3,12,0.17262854429499377,0.12833986832440564,-0.03847175360087912,0.38372884219086667,0.17859649720106185,,,19.635605962246412,76,2004T1,2022T4,FALSE,0.14209295327218815,62,-0.06463886054253071,0.40989594913251826,0.22901131747637515
multiplicador,uniao_econ_dir,fbcf_real_rs_bi,ctrl_bndes_priv,diferenca,2003T1-2025T4,3,4,10.210158412950184,3.57325033711239,4.332684635945301,16.087632189955066,0.00427144938314654,9.210158412950184,0.0099509366441589,29.23509372272942,84,2004T1,2024T4,FALSE,3.91429962649879,70,3.6853556901760287,16.73496113572434,0.011111845415126092
multiplicador,uniao_econ_dir,fbcf_real_rs_bi,ctrl_bndes_priv,diferenca,2003T1-2025T4,3,8,13.559551605839575,5.358038257935174,4.74636294393016,22.372740267748988,0.011383733485017986,12.559551605839575,0.0190752127895672,25.06014620909813,80,2004T1,2023T4,FALSE,5.8990059741473955,66,3.7184138759168217,23.40068933576233,0.024701607662653242
multiplicador,uniao_econ_dir,fbcf_real_rs_bi,ctrl_bndes_priv,diferenca,2003T1-2025T4,3,12,18.477427664883304,7.9355497459127795,5.424609883464841,31.53024544630177,0.01988891074226091,17.477427664883304,0.027635528187014854,20.870018864868857,76,2004T1,2022T4,FALSE,8.78593467452298,62,3.8066373738062182,33.14821795596039,0.0395252559319061
elasticidade,uniao_econ_dir,fbcf_me,ctrl_bndes_priv,diferenca,2003T1-2025T4,3,4,0.1008052807586805,0.08018011894307656,-0.03107927869423935,0.23268984021160036,0.2086684224672098,,,30.86702613280198,84,2004T1,2024T4,FALSE,0.08783291961714061,70,-0.04560468468888912,0.24721524620625013,0.2550024005011933
elasticidade,uniao_econ_dir,fbcf_me,ctrl_bndes_priv,diferenca,2003T1-2025T4,3,8,0.12543272542581718,0.09176487558523903,-0.025507063007313785,0.2763725138589481,0.17165898532300566,,,32.15517362477644,80,2004T1,2023T4,FALSE,0.10102980293067682,66,-0.04311231586165942,0.2939777667132938,0.21879994016194831
elasticidade,uniao_econ_dir,fbcf_me,ctrl_bndes_priv,diferenca,2003T1-2025T4,3,12,0.18580400917815876,0.11746280741003504,-0.007405115622139552,0.37901313397845704,0.11369262916001889,,,23.0671840785543,76,2004T1,2022T4,FALSE,0.1300502908600864,62,-0.031354507835911316,0.40296252619222883,0.15810674368302846
multiplicador,uniao_econ_dir,fbcf_real_rs_bi,ctrl_cambio_real+icbr_usd,diferenca,2003T1-2025T4,3,4,7.5333814662347045,3.59904873387868,1.6134731027392561,13.453289829730153,0.036334957964619746,6.5333814662347045,0.06947661130181204,27.806436915269266,84,2004T1,2024T4,FALSE,3.9710268636240267,69,0.9127324014023461,14.154030531067063,0.06200226814921133
multiplicador,uniao_econ_dir,fbcf_real_rs_bi,ctrl_cambio_real+icbr_usd,diferenca,2003T1-2025T4,3,8,9.64063761612999,5.468911665008013,0.6450784284643483,18.63619680379563,0.07793298931259424,8.64063761612999,0.1141170346450524,18.516226843666022,80,2004T1,2023T4,FALSE,6.06721274743678,65,-0.4833318473638908,19.76460707962387,0.11691918711332197
multiplicador,uniao_econ_dir,fbcf_real_rs_bi,ctrl_cambio_real+icbr_usd,diferenca,2003T1-2025T4,3,12,12.071050046109852,8.943503898249208,-2.6397047785799828,26.781804870799686,0.1771121306508461,11.071050046109852,0.2157578456853899,14.15219042937085,76,2004T1,2022T4,FALSE,9.982735843615632,61,-4.60230986126343,28.744409953483135,0.23125477256331145
elasticidade,uniao_econ_dir,fbcf_me,ctrl_cambio_real+icbr_usd,diferenca,2003T1-2025T4,3,4,0.07508107224389879,0.07976696997744777,-0.056123917634435305,0.20628606212223288,0.3465741144896568,,,20.157213096051223,84,2004T1,2024T4,FALSE,0.08801125075874391,69,-0.07165467773761353,0.2218168222254111,0.39656390231800787
elasticidade,uniao_econ_dir,fbcf_me,ctrl_cambio_real+icbr_usd,diferenca,2003T1-2025T4,3,8,0.08000110153324519,0.09511002942596969,-0.07644097532752223,0.2364431783940126,0.400268028201931,,,20.90985601061474,80,2004T1,2023T4,FALSE,0.10551510397114541,65,-0.09606519694830298,0.25606740001479333,0.4510741473304156
elasticidade,uniao_econ_dir,fbcf_me,ctrl_cambio_real+icbr_usd,diferenca,2003T1-2025T4,3,12,0.11229600010503166,0.1386196649653557,-0.11571305858003147,0.34030505879009476,0.41788183567538,,,17.425981876696483,76,2004T1,2022T4,FALSE,0.15472722031803904,61,-0.1461324179403088,0.3707244181503721,0.4707567111047136
multiplicador,uniao_econ_dir,fbcf_real_rs_bi,ctrl_cambio_real+brent_usd,diferenca,2003T1-2025T4,3,4,9.96263706676203,4.002930901637111,3.378401654768104,16.546872478755954,0.012816220213710164,8.96263706676203,0.025154700695850237,28.23167883441244,84,2004T1,2024T4,FALSE,4.416652098650783,69,2.5990244318335805,17.32624970169048,0.027262985417233508
multiplicador,uniao_econ_dir,fbcf_real_rs_bi,ctrl_cambio_real+brent_usd,diferenca,2003T1-2025T4,3,8,12.368678935393287,6.188853608501374,2.1889206307781013,22.548437240008475,0.0456580175884028,11.368678935393287,0.06621574312028002,21.823258366370016,80,2004T1,2023T4,FALSE,6.865916622089859,65,0.9119634526044447,23.825394418182128,0.07626840214384671
multiplicador,uniao_econ_dir,fbcf_real_rs_bi,ctrl_cambio_real+brent_usd,diferenca,2003T1-2025T4,3,12,15.736792242422188,9.296942927726889,0.4446819481897837,31.02890253665459,0.09051551563339855,14.736792242422188,0.1129385330671373,16.296968913310046,76,2004T1,2022T4,FALSE,10.377244361556825,61,-1.5954834781311735,33.06906796297555,0.13456572199403619
elasticidade,uniao_econ_dir,fbcf_me,ctrl_cambio_real+brent_usd,diferenca,2003T1-2025T4,3,4,0.09473340646910924,0.088094370089965,-0.050168937687374904,0.2396357506255934,0.2822123401234746,,,20.46396813276063,84,2004T1,2024T4,FALSE,0.097199325718572,69,-0.0673210562734847,0.25678786921170316,0.33314825502422885
elasticidade,uniao_econ_dir,fbcf_me,ctrl_cambio_real+brent_usd,diferenca,2003T1-2025T4,3,8,0.0989059720638428,0.10381926238072728,-0.07186151821052292,0.26967346233820855,0.3407549773306374,,,22.523444775939808,80,2004T1,2023T4,FALSE,0.11517713042909594,65,-0.09328273136503254,0.29109467549271817,0.3936456394939555
elasticidade,uniao_econ_dir,fbcf_me,ctrl_cambio_real+brent_usd,diferenca,2003T1-2025T4,3,12,0.13743374506171166,0.1448355192226468,-0.10079948404305852,0.37566697416648187,0.342673859613925,,,18.841196292686544,76,2004T1,2022T4,FALSE,0.16166535461069567,61,-0.13258288006026256,0.4074503701836859,0.3985869670617236
multiplicador,uniao_econ_dir,fbcf_real_rs_bi,ctrl_cambio_real+bndes_priv,diferenca,2003T1-2025T4,3,4,8.18763617520848,3.194722249441003,2.932785696112883,13.442486654304076,0.010381293515026077,7.18763617520848,0.024458661174518826,31.783694894563695,84,2004T1,2024T4,FALSE,3.5249113897592594,69,2.310768025560999,14.06450432485596,0.02314565221078995
multiplicador,uniao_econ_dir,fbcf_real_rs_bi,ctrl_cambio_real+bndes_priv,diferenca,2003T1-2025T4,3,8,10.232121715418053,5.065033880628506,1.9008823662341694,18.563361064601935,0.04336796345358938,9.232121715418053,0.06834631337729775,22.932752115370743,80,2004T1,2023T4,FALSE,5.619150574944132,65,0.8558049123618172,19.608438518474287,0.07321935989786776
multiplicador,uniao_econ_dir,fbcf_real_rs_bi,ctrl_cambio_real+bndes_priv,diferenca,2003T1-2025T4,3,12,13.068942469714917,8.39524138923558,-0.7400007785023348,26.87788571793217,0.11953974248482846,12.068942469714917,0.1505494933139735,18.34036803540286,76,2004T1,2022T4,FALSE,9.370765427690346,61,-2.5822925254868334,28.720177464916667,0.16817959260637363
elasticidade,uniao_econ_dir,fbcf_me,ctrl_cambio_real+bndes_priv,diferenca,2003T1-2025T4,3,4,0.07586651795357888,0.0755667764940469,-0.04842976843968537,0.20016280434684314,0.3153947237947696,,,25.487347084742996,84,2004T1,2024T4,FALSE,0.08337694808926369,69,-0.06314274397117839,0.21487577987833614,0.3660312987772095
elasticidade,uniao_econ_dir,fbcf_me,ctrl_cambio_real+bndes_priv,diferenca,2003T1-2025T4,3,8,0.07969891703599231,0.08545313621533757,-0.06085898400218383,0.22025681807416847,0.35099436505034004,,,25.397836396477626,80,2004T1,2023T4,FALSE,0.09480174285341797,65,-0.07849068166226951,0.23788851573425412,0.40360337817072856
elasticidade,uniao_econ_dir,fbcf_me,ctrl_cambio_real+bndes_priv,diferenca,2003T1-2025T4,3,12,0.1203974219597234,0.12157224207661389,-0.07957112135661724,0.32036596527606404,0.3220096988634501,,,19.152322962539102,76,2004T1,2022T4,FALSE,0.13569889300372648,61,-0.10624951306162823,0.34704435698107505,0.37843482857627053
multiplicador,uniao_econ_dir,fbcf_real_rs_bi,ctrl_icbr_usd+brent_usd,diferenca,2003T1-2025T4,3,4,9.213277722757184,3.8519571786504234,2.8773719865922773,15.54918345892209,0.016764000918384227,8.213277722757184,0.032987536627222834,28.473554482653626,84,2004T1,2024T4,FALSE,4.250074551634528,69,2.127389595556882,16.299165849957486,0.03362703742510995
multiplicador,uniao_econ_dir,fbcf_real_rs_bi,ctrl_icbr_usd+brent_usd,diferenca,2003T1-2025T4,3,8,12.717878421616486,5.670531438437217,3.3906842183606862,22.045072624872287,0.024909594894640744,11.717878421616486,0.03878586368754762,24.99055973170048,80,2004T1,2023T4,FALSE,6.29088980320491,65,2.2206733758962436,23.21508346733673,0.04733492960292764
multiplicador,uniao_econ_dir,fbcf_real_rs_bi,ctrl_icbr_usd+brent_usd,diferenca,2003T1-2025T4,3,12,17.10393340050544,8.509901598759551,3.106390890785665,31.101475910225215,0.04444323945697538,16.10393340050544,0.05844090369315312,20.332200855241894,76,2004T1,2022T4,FALSE,9.498749112437832,61,1.2389375614332838,32.9689292395776,0.07670196276264026
elasticidade,uniao_econ_dir,fbcf_me,ctrl_icbr_usd+brent_usd,diferenca,2003T1-2025T4,3,4,0.08167430571041025,0.07857852135100782,-0.0475758601342786,0.21092447155509908,0.29861998278129975,,,23.935135306718234,84,2004T1,2024T4,FALSE,0.08669997053705487,69,-0.06287522733739544,0.22622383875821594,0.3494619408767936
elasticidade,uniao_econ_dir,fbcf_me,ctrl_icbr_usd+brent_usd,diferenca,2003T1-2025T4,3,8,0.11341108516423457,0.09292839488333808,-0.03944252220640265,0.2662646925348718,0.22230809082544856,,,24.847408238606192,80,2004T1,2023T4,FALSE,0.10309479775336643,65,-0.058616603289760066,0.2854387736182292,0.2753608515543918
elasticidade,uniao_econ_dir,fbcf_me,ctrl_icbr_usd+brent_usd,diferenca,2003T1-2025T4,3,12,0.16537101077941468,0.12813681481732964,-0.04539529381887902,0.3761373153777084,0.19684881245334204,,,18.980471945983695,76,2004T1,2022T4,FALSE,0.1430262667425129,61,-0.07351424662535003,0.40425626818417937,0.2520961405799966
multiplicador,uniao_econ_dir,fbcf_real_rs_bi,ctrl_icbr_usd+bndes_priv,diferenca,2003T1-2025T4,3,4,8.343823868045597,3.747208984794868,2.1802135784606165,14.507434157630577,0.0259688721058185,7.343823868045597,0.05001780767054657,29.065571632750988,84,2004T1,2024T4,FALSE,4.134500153377289,69,1.450625832858936,15.237021903232257,0.047470932928937136
multiplicador,uniao_econ_dir,fbcf_real_rs_bi,ctrl_icbr_usd+bndes_priv,diferenca,2003T1-2025T4,3,8,11.364906423650854,5.442001005753733,2.4136113314632706,20.316201515838436,0.03676455789272712,10.364906423650854,0.05683038203797111,22.67258204599537,80,2004T1,2023T4,FALSE,6.03735805149898,65,1.2907535798467755,21.439059267454933,0.0642548973275152
multiplicador,uniao_econ_dir,fbcf_real_rs_bi,ctrl_icbr_usd+bndes_priv,diferenca,2003T1-2025T4,3,12,15.049593124305513,8.448021934546423,1.1538336047012425,28.945352643909786,0.07484158537006066,14.049593124305513,0.0962998152949157,19.379373902347556,76,2004T1,2022T4,FALSE,9.429679053436434,61,-0.7000405564771093,30.799226805088136,0.11566119856442801
elasticidade,uniao_econ_dir,fbcf_me,ctrl_icbr_usd+bndes_priv,diferenca,2003T1-2025T4,3,4,0.08390323710964276,0.07197897496233162,-0.03449164092139756,0.20229811514068308,0.2437506734653356,,,29.442616885933468,84,2004T1,2024T4,FALSE,0.07941833087753213,69,-0.04850606560029283,0.21631253981957835,0.2944376252501607
elasticidade,uniao_econ_dir,fbcf_me,ctrl_icbr_usd+bndes_priv,diferenca,2003T1-2025T4,3,8,0.11178550116061088,0.08277065588822727,-0.024360112382291924,0.2479311147035137,0.17684120726298497,,,30.28347710005364,80,2004T1,2023T4,FALSE,0.09182579812578116,65,-0.041438329102982355,0.26500933142420413,0.2278666569760501
elasticidade,uniao_econ_dir,fbcf_me,ctrl_icbr_usd+bndes_priv,diferenca,2003T1-2025T4,3,12,0.16301962446516646,0.10949143584944218,-0.017077760911912876,0.3431170098422458,0.1365189338307693,,,21.289274826196447,76,2004T1,2022T4,FALSE,0.12221430142576892,61,-0.0411050829719492,0.36714433190228213,0.18720109257068396
multiplicador,uniao_econ_dir,fbcf_real_rs_bi,ctrl_brent_usd+bndes_priv,diferenca,2003T1-2025T4,3,4,10.903001423726025,3.9667631750097683,4.3782566280536726,17.427746219398376,0.0059852392891822795,9.903001423726025,0.012542770524672502,28.305709714065042,84,2004T1,2024T4,FALSE,4.376746272235755,69,3.6059213209131853,18.200081526538863,0.015143430884624696
multiplicador,uniao_econ_dir,fbcf_real_rs_bi,ctrl_brent_usd+bndes_priv,diferenca,2003T1-2025T4,3,8,14.452473155893571,5.5798608742726055,5.274418758961668,23.630527552825477,0.009594428379867835,13.452473155893571,0.01591331589315493,25.45018895637164,80,2004T1,2023T4,FALSE,6.190299843736986,65,4.123116135350555,24.781830176436586,0.022659164874933104
multiplicador,uniao_econ_dir,fbcf_real_rs_bi,ctrl_brent_usd+bndes_priv,diferenca,2003T1-2025T4,3,12,19.87982756532733,7.726162621815685,7.171420954416909,32.58823417623775,0.010080570708513661,18.87982756532733,0.014540617959420977,21.724416354840148,76,2004T1,2022T4,FALSE,8.62393994746304,61,5.475955038179903,34.28370009247475,0.02457241302518091
elasticidade,uniao_econ_dir,fbcf_me,ctrl_brent_usd+bndes_priv,diferenca,2003T1-2025T4,3,4,0.10102716061311692,0.07849948109558628,-0.02809299558076664,0.23014731680700048,0.1981017101987858,,,30.870037530589194,84,2004T1,2024T4,FALSE,0.08661276111012156,69,-0.04337697351629824,0.24543129474253209,0.2474590036157166
elasticidade,uniao_econ_dir,fbcf_me,ctrl_brent_usd+bndes_priv,diferenca,2003T1-2025T4,3,8,0.12622792109494468,0.08857470785892399,-0.01946450838297345,0.2719203505728628,0.1541279542920802,,,32.25639265304679,80,2004T1,2023T4,FALSE,0.09826481565987497,65,-0.03774028547515065,0.29019612766504,0.20350225717479326
elasticidade,uniao_econ_dir,fbcf_me,ctrl_brent_usd+bndes_priv,diferenca,2003T1-2025T4,3,12,0.18670218850430517,0.1112424581253685,0.0037246277857956034,0.36967974922281477,0.09328158302403126,,,22.741005561062238,76,2004T1,2022T4,FALSE,0.12416879186214934,61,-0.020686946940502493,0.39409132394911284,0.13784030708160286
multiplicador,uniao_soc_dir,fbcf_real_rs_bi,pib_cresc,diferenca,2003T1-2025T4,3,4,36.99269637845017,8.671575544678198,22.72922389240255,51.25616886449779,1.9903395805498646e-5,35.99269637845017,3.315288442945091e-5,53.68575978893279,84,2004T1,2024T4,FALSE,9.432101825324164,71,21.273158699044977,52.71223405785536,2.0043260924913035e-4
multiplicador,uniao_soc_dir,fbcf_real_rs_bi,pib_cresc,diferenca,2003T1-2025T4,3,8,44.000151017272294,9.290205747463862,28.719122398430954,59.281179636113635,2.177767353524579e-6,43.000151017272294,3.6824085515044974e-6,43.65400576630885,80,2004T1,2023T4,FALSE,10.15156323997328,67,27.068195105940287,60.9321069286043,5.022404004586923e-5
multiplicador,uniao_soc_dir,fbcf_real_rs_bi,pib_cresc,diferenca,2003T1-2025T4,3,12,46.13093291743433,10.151922471017986,29.43250642045025,62.829359414418406,5.518124701516465e-6,45.13093291743433,8.76651188633832e-6,24.79781250131425,76,2004T1,2022T4,FALSE,11.150255366977136,63,27.516671835204384,64.74519399966428,1.0612020392405225e-4
elasticidade,uniao_soc_dir,fbcf_me,pib_cresc,diferenca,2003T1-2025T4,3,4,0.13727651111953998,0.06937479913469022,0.02316512114381497,0.251387901095265,0.04784233002928133,,,119.5208693740704,84,2004T1,2024T4,FALSE,0.07545920186919063,71,0.011516231066603017,0.2630367911724769,0.07309505192805421
elasticidade,uniao_soc_dir,fbcf_me,pib_cresc,diferenca,2003T1-2025T4,3,8,0.1515957046045615,0.08249072951459265,0.015910528972611,0.287280880236512,0.0661021718763288,,,57.606200559126016,80,2004T1,2023T4,FALSE,0.09013900016235082,67,0.0012514137242448375,0.30193999548487815,0.09726357334412342
elasticidade,uniao_soc_dir,fbcf_me,pib_cresc,diferenca,2003T1-2025T4,3,12,0.1560588707162236,0.08717036539632361,0.012676379031395651,0.29944136240105157,0.07340981495574225,,,32.91232475673674,76,2004T1,2022T4,FALSE,0.09574263765080258,63,-0.00377410129009656,0.3158918427225438,0.10809531993753788
multiplicador,uniao_soc_dir,fbcf_real_rs_bi,ordem_invertida_dy_t,diferenca,2003T1-2025T4,3,4,31.89978214225251,8.283894787180927,18.273987756273574,45.52557652823144,1.1772332479143817e-4,30.89978214225251,1.9140138609216522e-4,55.20154272690064,84,2004T1,2024T4,FALSE,9.074552077876902,70,16.773279892692187,47.02628439181283,7.749991328596561e-4
multiplicador,uniao_soc_dir,fbcf_real_rs_bi,ordem_invertida_dy_t,diferenca,2003T1-2025T4,3,8,38.94467419474273,9.992585025025862,22.50833447370798,55.38101391577749,9.724808979747812e-5,37.94467419474273,1.462906871396391e-4,38.76418435013103,80,2004T1,2023T4,FALSE,11.001474032497763,66,20.59123945328574,57.298108936199725,7.391075362721122e-4
multiplicador,uniao_soc_dir,fbcf_real_rs_bi,ordem_invertida_dy_t,diferenca,2003T1-2025T4,3,12,42.08197259595825,13.942216671298882,19.149066936429012,65.01487825548749,0.002541862958473154,41.08197259595825,0.003213006642708441,18.96589052785342,76,2004T1,2022T4,FALSE,15.436284670153913,62,16.306400200014895,67.8575449919016,0.00831934961401078
elasticidade,uniao_soc_dir,fbcf_me,ordem_invertida_dy_t,diferenca,2003T1-2025T4,3,4,0.20839876493112575,0.05516100457062646,0.11766698649684411,0.2991305433654074,1.5808724533864491e-4,,,99.64807730948436,84,2004T1,2024T4,FALSE,0.06042585299595536,70,0.107674035662861,0.3091234941993905,9.573090442423716e-4
elasticidade,uniao_soc_dir,fbcf_me,ordem_invertida_dy_t,diferenca,2003T1-2025T4,3,8,0.2203069618351196,0.07155533157358021,0.10260891516860106,0.33800500850163817,0.002078126921511061,,,48.58599648627025,80,2004T1,2023T4,FALSE,0.07877982726411402,66,0.08888089889445203,0.35173302477578716,0.006760927935272206
elasticidade,uniao_soc_dir,fbcf_me,ordem_invertida_dy_t,diferenca,2003T1-2025T4,3,12,0.2315270219236697,0.08369804356617153,0.0938559913951102,0.3691980524522292,0.005671063635191061,,,27.822586174770283,76,2004T1,2022T4,FALSE,0.09266724634125229,62,0.07679086825452067,0.38626317559281875,0.015137725848540007
multiplicador,uniao_soc_dir,fbcf_real_rs_bi,p2,diferenca,2003T1-2025T4,2,4,42.116374028067554,9.237698680359841,26.921711848992846,57.311036207142266,5.135260500793415e-6,41.116374028067554,8.549818278873299e-6,66.56105154248495,85,2003T4,2024T4,FALSE,9.900506086760991,74,25.625032797794617,58.60771525834049,6.066270797031897e-5
multiplicador,uniao_soc_dir,fbcf_real_rs_bi,p2,diferenca,2003T1-2025T4,2,8,50.13375427029699,10.259258528410315,33.25877567000846,67.00873287058552,1.0254849938485727e-6,49.13375427029699,1.6743831178325485e-6,53.964619585066224,81,2003T4,2023T4,FALSE,11.03594337334249,70,31.737780471230757,68.52972806936322,2.2564517832375168e-5
multiplicador,uniao_soc_dir,fbcf_real_rs_bi,p2,diferenca,2003T1-2025T4,2,12,52.18690455689188,10.989605732980165,34.110611708232774,70.26319740555098,2.0467644556142636e-6,51.18690455689188,3.1967442232102554e-6,38.330811997200676,77,2003T4,2022T4,FALSE,11.870130855530151,66,32.384315250587306,71.98949386319646,4.0932888155019426e-5
elasticidade,uniao_soc_dir,fbcf_me,p2,diferenca,2003T1-2025T4,2,4,0.15547126889809465,0.08771397799986069,0.0111946140506822,0.29974792374550707,0.07631491771234572,,,83.87919396962072,85,2003T4,2024T4,FALSE,0.09400747990708577,74,-0.0011176383516933452,0.3120601761478826,0.10240074108610808
elasticidade,uniao_soc_dir,fbcf_me,p2,diferenca,2003T1-2025T4,2,8,0.16118571216116656,0.10530409024762924,-0.012024102615471488,0.3343955269378046,0.12585120579025463,,,42.02588128866828,81,2003T4,2023T4,FALSE,0.11327621520950763,70,-0.027636051104220266,0.3500074754265534,0.15919390278258608
elasticidade,uniao_soc_dir,fbcf_me,p2,diferenca,2003T1-2025T4,2,12,0.14707941330203755,0.09837160102659794,-0.014727471435585171,0.3088862980396603,0.134877649226088,,,25.439018596644285,77,2003T4,2022T4,FALSE,0.10625347305676895,66,-0.030180122832850348,0.32433894943692543,0.17095034460375852
multiplicador,uniao_soc_dir,fbcf_real_rs_bi,p4,diferenca,2003T1-2025T4,4,4,45.53610213968529,8.838262007513604,30.998454820679143,60.07374945869144,2.5750907088493677e-7,44.53610213968529,4.679428566005008e-7,51.07556339898984,83,2004T2,2024T4,FALSE,9.764532646730936,68,29.253038163062268,61.81916611630831,1.5024431627875704e-5
multiplicador,uniao_soc_dir,fbcf_real_rs_bi,p4,diferenca,2003T1-2025T4,4,8,55.27705056530202,9.513052687472655,39.62947134893218,70.92462978167185,6.222953524570614e-9,54.27705056530202,1.1597854393459164e-8,39.56134642271691,79,2004T2,2023T4,FALSE,10.569232723552938,64,37.63686348518133,72.91723764542272,1.992537673869735e-6
multiplicador,uniao_soc_dir,fbcf_real_rs_bi,p4,diferenca,2003T1-2025T4,4,12,57.48887395535912,9.293018024822711,42.203219551904084,72.77452835881415,6.161474227572693e-10,56.48887395535912,1.2120915219273726e-9,23.409336319233073,75,2004T2,2022T4,FALSE,10.389910009817205,60,40.13098259099669,74.84676531972156,7.282989636741773e-7
elasticidade,uniao_soc_dir,fbcf_me,p4,diferenca,2003T1-2025T4,4,4,0.2034970870342467,0.08281729068241743,0.0672747660809781,0.3397194079875153,0.014003204851151212,,,71.26285227206169,83,2004T2,2024T4,FALSE,0.09149673746883726,68,0.05091966384788013,0.3560745102206133,0.029466231503942415
elasticidade,uniao_soc_dir,fbcf_me,p4,diferenca,2003T1-2025T4,4,8,0.23268696547648549,0.0832220728164237,0.09579883716197149,0.3695750937909995,0.005174315191342758,,,33.27400361095886,79,2004T2,2023T4,FALSE,0.09246174537554606,64,0.07836710812823819,0.38700682282473275,0.014367408461835818
elasticidade,uniao_soc_dir,fbcf_me,p4,diferenca,2003T1-2025T4,4,12,0.22631267882072165,0.06671160300321889,0.11658185666113037,0.33604350098031294,6.928231886853189e-4,,,21.557632667323908,75,2004T2,2022T4,FALSE,0.07458583960158828,60,0.1017059305523689,0.3509194270890744,0.003561281826952928
multiplicador,uniao_soc_dir,fbcf_real_rs_bi,exogenas_so_defasadas,diferenca,2003T1-2025T4,3,4,36.18905502972089,10.073842691651754,19.619058341018928,52.75905171842285,3.276735533478566e-4,35.18905502972089,4.774272465264441e-4,46.441699912131206,84,2004T1,2024T4,FALSE,11.279696296586497,67,17.375467814406434,55.00264224503535,0.0020490752871395374
multiplicador,uniao_soc_dir,fbcf_real_rs_bi,exogenas_so_defasadas,diferenca,2003T1-2025T4,3,8,42.51779773746004,11.330189130372602,23.881295052320528,61.15430042259956,1.7500197130612886e-4,41.51779773746004,2.4796586852173435e-4,33.81027132247695,80,2004T1,2023T4,FALSE,12.76767673388426,63,21.203409831879277,63.83218564304081,0.001454614964691981
multiplicador,uniao_soc_dir,fbcf_real_rs_bi,exogenas_so_defasadas,diferenca,2003T1-2025T4,3,12,45.880839815935325,12.23506296353226,25.75595212438967,66.00572750748098,1.768718246786954e-4,44.880839815935325,2.442498867033201e-4,17.565019052623676,76,2004T1,2022T4,FALSE,13.886314562041209,59,22.675516309705415,69.08616332216523,0.0016235215653852475
elasticidade,uniao_soc_dir,fbcf_me,exogenas_so_defasadas,diferenca,2003T1-2025T4,3,4,0.14768719380073428,0.0945522547110868,-0.007837425297236217,0.3032118128987048,0.1182965301444558,,,60.151490733732274,84,2004T1,2024T4,FALSE,0.1058702969605015,67,-0.028895580505024443,0.324269968106493,0.16762859140864772
elasticidade,uniao_soc_dir,fbcf_me,exogenas_so_defasadas,diferenca,2003T1-2025T4,3,8,0.17016759291104758,0.11131657673369255,-0.01293188206918841,0.3532670678912836,0.12634341756442127,,,34.49226478236223,80,2004T1,2023T4,FALSE,0.12543957126439154,63,-0.039241506047677704,0.37957669186977283,0.17975929413483163
elasticidade,uniao_soc_dir,fbcf_me,exogenas_so_defasadas,diferenca,2003T1-2025T4,3,12,0.17704337958922944,0.09902475413840839,0.014162153586690679,0.3399246055917682,0.07379699637624047,,,19.351544911514075,76,2004T1,2022T4,FALSE,0.11238919566603874,59,-0.010769422172049126,0.364856181350508,0.12054150453197801
multiplicador,uniao_soc_dir,fbcf_real_rs_bi,selic_media,diferenca,2003T1-2025T4,3,4,36.17454955709852,9.267395310572539,20.931040768110222,51.41805834608682,9.484234402130326e-5,35.17454955709852,1.473365397064562e-4,51.39923078617555,84,2004T1,2024T4,FALSE,10.080176984503876,71,19.374930038833213,52.97416907536383,6.073953737322557e-4
multiplicador,uniao_soc_dir,fbcf_real_rs_bi,selic_media,diferenca,2003T1-2025T4,3,8,42.94015556022748,10.717647846526873,25.311193627479128,60.569117492975835,6.162757164849384e-5,41.94015556022748,9.108610645627597e-5,37.45600095495854,80,2004T1,2023T4,FALSE,11.711353101892561,67,23.40660100357891,62.47371011687605,4.877022486857603e-4
multiplicador,uniao_soc_dir,fbcf_real_rs_bi,selic_media,diferenca,2003T1-2025T4,3,12,45.48500164955401,11.8386132620316,26.012215687425538,64.95778761168248,1.219917560777961e-4,44.48500164955401,1.7153759312887355e-4,20.794826244393008,76,2004T1,2022T4,FALSE,13.002814140807546,63,23.778074834449125,67.19192846465889,8.653126817705009e-4
elasticidade,uniao_soc_dir,fbcf_me,selic_media,diferenca,2003T1-2025T4,3,4,0.12793391727134443,0.08465425051597526,-0.01130993372671596,0.2671777682694048,0.1307242226299527,,,84.44448809340847,84,2004T1,2024T4,FALSE,0.09207871242074388,71,-0.025524433388398632,0.2813922679310875,0.169053967985596
elasticidade,uniao_soc_dir,fbcf_me,selic_media,diferenca,2003T1-2025T4,3,8,0.14184515533743797,0.10326164635875372,-0.0280051382007383,0.31169544887561423,0.16955098355432355,,,42.85460752892736,80,2004T1,2023T4,FALSE,0.11283572848328058,67,-0.04635537444687579,0.3300456851217517,0.213084112634298
elasticidade,uniao_soc_dir,fbcf_me,selic_media,diferenca,2003T1-2025T4,3,12,0.14216212926156185,0.10019957832564423,-0.02265151056638212,0.30697576908950586,0.1559603376515754,,,27.467430626437093,76,2004T1,2022T4,FALSE,0.11005313419048678,63,-0.04156081746183479,0.32588507598495853,0.20115954006086287
multiplicador,uniao_soc_dir,fbcf_real_rs_bi,sub_ate_2014T4,diferenca,2003T1-2014T4,3,4,41.10748536122172,10.864594380070127,23.236817889806797,58.97815283263664,1.545643925777488e-4,40.10748536122172,2.2286801283191834e-4,19.6473111754096,40,2004T1,2013T4,FALSE,12.759818993605988,29,19.426932055510335,62.788038666933105,0.00313981723617499
multiplicador,uniao_soc_dir,fbcf_real_rs_bi,sub_ate_2014T4,diferenca,2003T1-2014T4,3,8,55.1670956325753,10.747338159052196,37.489297481584344,72.84489378356625,2.8501766150555196e-7,54.1670956325753,4.654161323866252e-7,18.052553861140126,36,2004T1,2012T4,FALSE,12.896805790862635,25,33.137535971253286,77.19665529389731,2.422432536990004e-4
multiplicador,uniao_soc_dir,fbcf_real_rs_bi,sub_ate_2014T4,diferenca,2003T1-2014T4,3,12,50.38662200588996,14.852691983340495,25.956117727099304,74.81712628468063,6.927726223055145e-4,49.38662200588996,8.838819537135988e-4,13.622528255752869,32,2004T1,2011T4,FALSE,18.334561031876365,21,18.83755623411749,81.93568777766244,0.012047745282902764
elasticidade,uniao_soc_dir,fbcf_me,sub_ate_2014T4,diferenca,2003T1-2014T4,3,4,0.10184247141796737,0.1609992822269862,-0.1629777818896745,0.36666272472560923,0.5270179095424533,,,69.74687691488343,40,2004T1,2013T4,FALSE,0.18908406770208108,29,-0.21943537830152815,0.4231203211374629,0.5942670256988207
elasticidade,uniao_soc_dir,fbcf_me,sub_ate_2014T4,diferenca,2003T1-2014T4,3,8,0.096812479193227,0.2671485779800062,-0.3426078282321142,0.5362327866185682,0.7170591959820071,,,38.91869598018446,36,2004T1,2012T4,FALSE,0.3205782935760074,25,-0.45078037123652914,0.6444053296229831,0.765155266347294
elasticidade,uniao_soc_dir,fbcf_me,sub_ate_2014T4,diferenca,2003T1-2014T4,3,12,9.741057454617508e-4,0.3541835049720429,-0.5816059170141875,0.583554128505111,0.9978055924565816,,,47.60418209612824,32,2004T1,2011T4,FALSE,0.4372136105480116,21,-0.7513581116177855,0.753306323108709,0.998243355448151
multiplicador,uniao_soc_dir,fbcf_real_rs_bi,sub_de_2015T1,diferenca,2015T1-2025T4,3,4,31.795715674201034,17.38895828965633,3.1934245625519644,60.3980067858501,0.06747449875203225,30.795715674201034,0.07656193973477295,36.60431661441434,40,2015T1,2024T4,FALSE,21.165166015024944,27,-4.254667050981588,67.84609839938366,0.14463483008460512
multiplicador,uniao_soc_dir,fbcf_real_rs_bi,sub_de_2015T1,diferenca,2015T1-2025T4,3,8,44.802345791130406,15.15371274829494,19.876706415316725,69.72798516694408,0.0031112599564521804,43.802345791130406,0.003845860002640977,44.99606302984385,36,2015T1,2023T4,FALSE,18.95860520699966,23,12.309732121056769,77.29495946120404,0.026949389941202516
multiplicador,uniao_soc_dir,fbcf_real_rs_bi,sub_de_2015T1,diferenca,2015T1-2025T4,3,12,51.102111213833965,9.283555159275167,35.83202183909616,66.37220058857177,3.700405386149124e-8,50.102111213833965,6.781467022457306e-8,51.02778564576067,32,2015T1,2022T4,FALSE,12.047932088667523,19,30.269636528337777,71.93458589933016,4.4142024197010453e-4
elasticidade,uniao_soc_dir,fbcf_me,sub_de_2015T1,diferenca,2015T1-2025T4,3,4,0.35233766512652664,0.11580656299958904,0.16185281995186854,0.5428225103011848,0.0023464741744937717,,,19.75135562685269,40,2015T1,2024T4,FALSE,0.14095525969337344,27,0.1122501999270418,0.5924251303260115,0.01880959774362378
elasticidade,uniao_soc_dir,fbcf_me,sub_de_2015T1,diferenca,2015T1-2025T4,3,8,0.4404966378199018,0.11905055114816822,0.2446759069732656,0.636317368666538,2.1553098048862296e-4,,,17.308097133081674,36,2015T1,2023T4,FALSE,0.14894253549499262,23,0.1852282669645799,0.6957650086752236,0.007059438284614631
elasticidade,uniao_soc_dir,fbcf_me,sub_de_2015T1,diferenca,2015T1-2025T4,3,12,0.5095289548409926,0.05944571465467899,0.41174945548452163,0.6073084541974636,1.0229488847208416e-17,,,12.416979099564294,32,2015T1,2022T4,FALSE,0.07714694649132658,19,0.3761316383541564,0.6429262713278288,2.5470081458773886e-6
multiplicador,uniao_soc_dir,fbcf_real_rs_bi,ate_2019T4,diferenca,2003T1-2019T4,3,4,40.73361180978124,10.584721523225918,23.323294222031784,58.14392939753069,1.1892071814986556e-4,39.73361180978124,1.741289221081578e-4,31.766526770644944,60,2004T1,2018T4,FALSE,11.71270005248491,49,21.096674081834188,60.37054953772829,0.0010702815488461566
multiplicador,uniao_soc_dir,fbcf_real_rs_bi,ate_2019T4,diferenca,2003T1-2019T4,3,8,45.4784996702804,17.18075320589228,17.21867544581036,73.73832389475044,0.008119473455268405,44.4784996702804,0.009629529405533058,20.28177589670816,56,2004T1,2017T4,FALSE,19.165932577489652,45,13.29070749391613,77.66629184664467,0.021982739710774364
multiplicador,uniao_soc_dir,fbcf_real_rs_bi,ate_2019T4,diferenca,2003T1-2019T4,3,12,55.07198705887242,22.214952876153085,18.531641247975998,91.61233286976885,0.013173270304891363,54.07198705887242,0.014931524771709396,15.378783198352346,52,2004T1,2016T4,FALSE,25.018146987914406,41,12.969497838788605,97.17447627895623,0.03340228679109386
elasticidade,uniao_soc_dir,fbcf_me,ate_2019T4,diferenca,2003T1-2019T4,3,4,0.09917462108336927,0.11875358272924307,-0.0961576401823078,0.2945068823490463,0.4036447942495471,,,80.32335072737513,60,2004T1,2018T4,FALSE,0.1314087566322352,49,-0.12113884714607556,0.31948808931281414,0.4540391455309979
elasticidade,uniao_soc_dir,fbcf_me,ate_2019T4,diferenca,2003T1-2019T4,3,8,-0.020081153060363288,0.27894869072303435,-0.47891091872951064,0.43874861260878406,0.9426109021858331,,,34.92346935750844,56,2004T1,2017T4,FALSE,0.31118029197597274,45,-0.5426858594583697,0.5025235533376431,0.9488322826540204
elasticidade,uniao_soc_dir,fbcf_me,ate_2019T4,diferenca,2003T1-2019T4,3,12,0.04595944859626533,0.3415280949905994,-0.5158042771548488,0.6077231743473794,0.8929518325829341,,,23.23843764528972,52,2004T1,2016T4,FALSE,0.38462382200906226,41,-0.6013155205589916,0.6932344177515223,0.9054692176036194
multiplicador,uniao_soc_dir,fbcf_real_rs_bi,sem_2020_2021,diferenca,2003T1-2025T4,3,4,45.18479865742897,9.879603156435525,28.93429757272479,61.435299742133154,4.795431662385102e-6,44.18479865742897,7.737362325557253e-6,35.90535570185496,68,2004T1,2024T4,FALSE,11.99338334864209,57,25.131515228112832,65.23808208674511,3.9290311916120527e-4
multiplicador,uniao_soc_dir,fbcf_real_rs_bi,sem_2020_2021,diferenca,2003T1-2025T4,3,8,52.7586226830605,14.06464668729178,29.624337567677617,75.89290779844339,1.7602418533554603e-4,51.7586226830605,2.33186949300526e-4,26.76075523459627,60,2004T1,2023T4,FALSE,17.971146327029516,49,22.62908126713107,82.88816409898993,0.005054859718617672
multiplicador,uniao_soc_dir,fbcf_real_rs_bi,sem_2020_2021,diferenca,2003T1-2025T4,3,12,55.071987058882755,22.214952876197053,18.53164124791401,91.6123328698515,0.013173270305055397,54.071987058882755,0.014931524771888936,15.378783198337446,52,2004T1,2022T4,FALSE,30.245464880026606,41,4.172559548008593,105.97141456975692,0.07593561138605752
elasticidade,uniao_soc_dir,fbcf_me,sem_2020_2021,diferenca,2003T1-2025T4,3,4,0.16155244268041444,0.08968074647079474,0.014040741580212318,0.30906414378061653,0.07163714104162308,,,89.27469486200222,68,2004T1,2024T4,FALSE,0.10886829707486761,57,-0.0204784950663133,0.3435833804271422,0.1433377139583966
elasticidade,uniao_soc_dir,fbcf_me,sem_2020_2021,diferenca,2003T1-2025T4,3,8,0.13726466409869367,0.1643145224854731,-0.1330086741723359,0.40753800236972326,0.4035051629809643,,,24.21514572959284,60,2004T1,2023T4,FALSE,0.2099533954102489,49,-0.2147328883842984,0.4892622165816858,0.5163060625099787
elasticidade,uniao_soc_dir,fbcf_me,sem_2020_2021,diferenca,2003T1-2025T4,3,12,0.04595944859641288,0.34152809499056963,-0.5158042771546523,0.607723174347478,0.8929518325825831,,,23.23843764531301,52,2004T1,2022T4,FALSE,0.4649875271015199,41,-0.7365578320288213,0.8284767292216471,0.9217468462889
multiplicador,uniao_soc_dir,fbcf_real_rs_bi,sem_2016T4_2018T1,diferenca,2003T1-2025T4,3,4,39.90062302164131,9.746524554541487,23.86901675793217,55.932229285350445,4.243038807821695e-5,38.90062302164131,6.573144184658498e-5,47.432970088787535,70,2004T1,2024T4,FALSE,11.831832053236377,57,20.11745802521181,59.68378801807081,0.001344642323148059
multiplicador,uniao_soc_dir,fbcf_real_rs_bi,sem_2016T4_2018T1,diferenca,2003T1-2025T4,3,8,36.18249325239732,18.871780851704024,5.141176071438629,67.22381043335602,0.05520233397716115,35.18249325239732,0.062280834716536525,19.36388787693835,62,2004T1,2023T4,FALSE,24.113477051936616,49,-4.244978223123034,76.60996472791768,0.13989910397510433
multiplicador,uniao_soc_dir,fbcf_real_rs_bi,sem_2016T4_2018T1,diferenca,2003T1-2025T4,3,12,28.953237195331376,30.50796790809059,-21.22790446921053,79.13437885987328,0.34260101307063456,27.953237195331376,0.35953043037737253,10.000292791868638,54,2004T1,2022T4,FALSE,41.536332625482174,41,-40.94734326935967,98.85381766002243,0.4897002206544204
elasticidade,uniao_soc_dir,fbcf_me,sem_2016T4_2018T1,diferenca,2003T1-2025T4,3,4,0.16758729317164486,0.08302349815307357,0.031025791112363005,0.30414879523092675,0.0435337479792994,,,67.21038302189945,70,2004T1,2024T4,FALSE,0.10078670413461643,57,-9.309877142008038e-4,0.33610557405749053,0.1018440555284301
elasticidade,uniao_soc_dir,fbcf_me,sem_2016T4_2018T1,diferenca,2003T1-2025T4,3,8,0.09521586904209495,0.12728787308380063,-0.11415405066673309,0.304585788750923,0.4544386442943123,,,54.834783123360744,62,2004T1,2023T4,FALSE,0.16264247824385372,49,-0.17746252303505528,0.36789426111924517,0.560944936087955
elasticidade,uniao_soc_dir,fbcf_me,sem_2016T4_2018T1,diferenca,2003T1-2025T4,3,12,0.07353064195125948,0.1390304139856277,-0.15515403874956485,0.30221532265208384,0.5968875162240328,,,33.62144275177636,54,2004T1,2022T4,FALSE,0.1892886978825641,41,-0.24501914376765177,0.3920804276701707,0.6996872929821423
multiplicador,uniao_soc_dir,fbcf_real_rs_bi,choques_sem_AO,diferenca,2003T1-2025T4,3,4,39.867636214454905,9.55774789524185,24.146539923478556,55.58873250543125,3.029499377210142e-5,38.867636214454905,4.770190892084225e-5,50.241843947799076,84,2004T1,2024T4,FALSE,10.3959944653915,71,22.541675390448102,57.193597038461704,2.692075488785087e-4
multiplicador,uniao_soc_dir,fbcf_real_rs_bi,choques_sem_AO,diferenca,2003T1-2025T4,3,8,47.87404287387002,10.876537864036825,29.983730119534034,65.764355628206,1.0746126948763586e-5,46.87404287387002,1.6351506073298705e-5,41.11268064924729,80,2004T1,2023T4,FALSE,11.884974882162934,67,28.050901752148473,67.69718399559156,1.459460747962208e-4
multiplicador,uniao_soc_dir,fbcf_real_rs_bi,choques_sem_AO,diferenca,2003T1-2025T4,3,12,49.500117462511895,11.549237422491693,30.50331239960277,68.49692252542101,1.8191290168223748e-5,48.500117462511895,2.6759762501642554e-5,24.801713160673618,76,2004T1,2022T4,FALSE,12.684981285295223,63,28.323781522530705,70.67645340249308,2.344163756931486e-4
elasticidade,uniao_soc_dir,fbcf_me,choques_sem_AO,diferenca,2003T1-2025T4,3,4,0.15161479769151018,0.07936848637421778,0.021065255013229617,0.28216434036979077,0.05609917302412041,,,83.10565190049023,84,2004T1,2024T4,FALSE,0.08632936902255361,71,0.007738300774804419,0.29549129460821594,0.08336020103238927
elasticidade,uniao_soc_dir,fbcf_me,choques_sem_AO,diferenca,2003T1-2025T4,3,8,0.16791686590000787,0.09275856171220448,0.015342609236886434,0.3204911225631293,0.07025589141014461,,,43.15495090731263,80,2004T1,2023T4,FALSE,0.10135883217952067,67,-0.0011411635993248126,0.33697489539934056,0.10226493828877184
elasticidade,uniao_soc_dir,fbcf_me,choques_sem_AO,diferenca,2003T1-2025T4,3,12,0.16206242584079797,0.09115751922793969,0.01212164971482288,0.31200320196677306,0.0754320438694857,,,28.088469775625953,76,2004T1,2022T4,FALSE,0.100121885378202,63,-0.005081272051047275,0.32920612373264324,0.11051832083561686
multiplicador,uniao_soc_dir,fbcf_real_rs_bi,dummies_A4,diferenca,2003T1-2025T4,3,4,35.92266589586967,11.482460782846442,17.035698630876666,54.809633160862674,0.0017571208434292752,34.92266589586967,0.0023548692404162766,68.93618759877856,84,2004T1,2024T4,FALSE,12.57840557286685,70,14.955539523019791,56.889792268719546,0.0056441139256603904
multiplicador,uniao_soc_dir,fbcf_real_rs_bi,dummies_A4,diferenca,2003T1-2025T4,3,8,36.97760464886281,14.745616072427435,12.72322457049663,61.23198472722899,0.012151924835036004,35.97760464886281,0.014691945871598498,48.534164109341965,80,2004T1,2023T4,FALSE,16.234388990207485,66,9.894252179997945,64.06095711772767,0.025988268995841626
multiplicador,uniao_soc_dir,fbcf_real_rs_bi,dummies_A4,diferenca,2003T1-2025T4,3,12,25.061150922506272,19.994836035274407,-7.827427650414819,57.94972949542736,0.21006702203259717,24.061150922506272,0.22883384724016617,20.225371011662027,76,2004T1,2022T4,FALSE,22.13751143381086,62,-11.90415781732834,62.02645966234088,0.26196562424203446
elasticidade,uniao_soc_dir,fbcf_me,dummies_A4,diferenca,2003T1-2025T4,3,4,0.12226178233177071,0.08900411494039467,-0.024136958941543135,0.2686605236050845,0.16954590011901247,,,77.34424023624236,84,2004T1,2024T4,FALSE,0.09749912292727346,70,-0.040260917370957994,0.2847844820344994,0.2140214794766074
elasticidade,uniao_soc_dir,fbcf_me,dummies_A4,diferenca,2003T1-2025T4,3,8,0.10228331033942095,0.10368138172422947,-0.0682573864370179,0.2728240071158598,0.3238801173636209,,,43.95248169017921,80,2004T1,2023T4,FALSE,0.11414944439661111,66,-0.08814884196291206,0.29271546264175397,0.37348406953692637
elasticidade,uniao_soc_dir,fbcf_me,dummies_A4,diferenca,2003T1-2025T4,3,12,0.04915543337508721,0.09894953671812604,-0.1136020709808902,0.21191293773106462,0.6193493141989534,,,29.062179215003013,76,2004T1,2022T4,FALSE,0.10955311144354381,62,-0.1337768081294845,0.23208767487965892,0.6552193050422912
multiplicador,uniao_soc_dir,fbcf_real_rs_bi,G_deflator_fbcf,diferenca,2003T1-2025T4,3,4,36.8546958321,9.059917054901831,21.952458404465226,51.75693325973477,4.744189241365672e-5,35.8546958321,7.573569548886159e-5,54.35815424037415,84,2004T1,2024T4,FALSE,9.8545021894284,71,20.43118585020084,53.27820581399916,3.698559254089127e-4
multiplicador,uniao_soc_dir,fbcf_real_rs_bi,G_deflator_fbcf,diferenca,2003T1-2025T4,3,8,44.37527484298339,10.420163973140166,27.23563033833473,61.514919347632045,2.0571432206855517e-5,43.37527484298339,3.1460455170873764e-5,44.514268642775974,80,2004T1,2023T4,FALSE,11.386287496711343,67,25.38390244735865,63.366647238608124,2.27433639687363e-4
multiplicador,uniao_soc_dir,fbcf_real_rs_bi,G_deflator_fbcf,diferenca,2003T1-2025T4,3,12,47.124859573663244,10.385132091503039,30.04283738658435,64.20688176074214,5.686470812122377e-6,46.124859573663244,8.936212407938254e-6,26.001374489576623,76,2004T1,2022T4,FALSE,11.406398657065068,63,28.082992313885214,66.16672683344127,1.0823456330664636e-4
multiplicador,uniao_soc_dir,fbcf_real_rs_bi,ctrl_cambio_real,diferenca,2003T1-2025T4,3,4,33.23034699422871,10.147628855005081,16.538982867116196,49.921711121341225,0.0010577767540844358,32.23034699422871,0.001492460106158138,44.12192272120001,84,2004T1,2024T4,FALSE,11.116170458153206,70,14.700641505879048,51.760052482578374,0.003854771181354214
multiplicador,uniao_soc_dir,fbcf_real_rs_bi,ctrl_cambio_real,diferenca,2003T1-2025T4,3,8,36.34386159446604,12.979511347684024,14.994465278170193,57.693257910761886,0.005108760866799754,35.34386159446604,0.006468221909007007,32.717490983323835,80,2004T1,2023T4,FALSE,14.289971682846527,66,12.504323186825353,60.18340000210673,0.01333167907345346
multiplicador,uniao_soc_dir,fbcf_real_rs_bi,ctrl_cambio_real,diferenca,2003T1-2025T4,3,12,34.38134981029181,17.097534424853745,6.258408299643484,62.50429132094013,0.04433652807248988,33.38134981029181,0.05088987545591835,17.515447681302838,76,2004T1,2022T4,FALSE,18.929730814118184,62,2.772406501645385,65.99029311893824,0.0741653014392794
elasticidade,uniao_soc_dir,fbcf_me,ctrl_cambio_real,diferenca,2003T1-2025T4,3,4,0.11926857379601835,0.07091744090332082,0.002619763912074455,0.23591738367996223,0.09260866353031809,,,86.69387674644457,84,2004T1,2024T4,FALSE,0.0776861642065767,70,-0.010227618142242961,0.24876476573427966,0.12922745449364262
elasticidade,uniao_soc_dir,fbcf_me,ctrl_cambio_real,diferenca,2003T1-2025T4,3,8,0.10680191716046891,0.0807915479200872,-0.026088353462910135,0.23969218778384796,0.1861867368305562,,,49.375881299756855,80,2004T1,2023T4,FALSE,0.088948566788486,66,-0.041588354095569574,0.25519218841650737,0.23415330878922008
elasticidade,uniao_soc_dir,fbcf_me,ctrl_cambio_real,diferenca,2003T1-2025T4,3,12,0.10292530263183833,0.08455089580275686,-0.03614854499132225,0.2419991502549989,0.22348335965459618,,,30.816463490652342,76,2004T1,2022T4,FALSE,0.0936114914506121,62,-0.05338755545135129,0.2592381607150279,0.2758035484044938
multiplicador,uniao_soc_dir,fbcf_real_rs_bi,ctrl_icbr_usd,diferenca,2003T1-2025T4,3,4,41.88779279401268,7.914014599433666,28.87039717638732,54.90518841163804,1.2041631837958508e-7,40.88779279401268,2.38512341531817e-7,53.27441835226682,84,2004T1,2024T4,FALSE,8.66936863307006,70,27.436696695274655,56.33888889275071,7.716717627284113e-6
multiplicador,uniao_soc_dir,fbcf_real_rs_bi,ctrl_icbr_usd,diferenca,2003T1-2025T4,3,8,50.295961242787946,9.567924041486597,34.55812668075254,66.03379580482336,1.4664202743115336e-7,49.295961242787946,2.5743347477598446e-7,42.248950038556494,80,2004T1,2023T4,FALSE,10.533937677158109,66,32.72250361727355,67.86941886830235,1.039062030511818e-5
multiplicador,uniao_soc_dir,fbcf_real_rs_bi,ctrl_icbr_usd,diferenca,2003T1-2025T4,3,12,52.61927566698137,10.097237349453057,36.01079819054365,69.2277531434191,1.8756772294241153e-7,51.61927566698137,3.1839856166532375e-7,26.472056824892572,76,2004T1,2022T4,FALSE,11.179271831940854,62,33.95208102815326,71.28647030580949,1.456234628680667e-5
elasticidade,uniao_soc_dir,fbcf_me,ctrl_icbr_usd,diferenca,2003T1-2025T4,3,4,0.15714047431446618,0.08162956387801806,0.022871790103241335,0.29140915852569105,0.05422389654860333,,,85.91445476202932,84,2004T1,2024T4,FALSE,0.08942070699059876,70,0.008083803104416948,0.3061971455245154,0.08323623020196573
elasticidade,uniao_soc_dir,fbcf_me,ctrl_icbr_usd,diferenca,2003T1-2025T4,3,8,0.17292795602208128,0.09520526642781894,0.016329228233402104,0.32952668381076045,0.06931368828936985,,,43.45132210190573,80,2004T1,2023T4,FALSE,0.10481754858622984,66,-0.0019360696579482917,0.34779198170211084,0.10373569685004407
elasticidade,uniao_soc_dir,fbcf_me,ctrl_icbr_usd,diferenca,2003T1-2025T4,3,12,0.17186757228541927,0.09657691854504105,0.013012677536811651,0.33072246703402686,0.07514265354895643,,,27.51351333188072,76,2004T1,2022T4,FALSE,0.10692624009325742,62,-0.006678308504060676,0.35041345307489924,0.11305954423562664
multiplicador,uniao_soc_dir,fbcf_real_rs_bi,ctrl_brent_usd,diferenca,2003T1-2025T4,3,4,38.62909727116771,7.928806252166776,25.587371549895686,51.67082299243973,1.1047746964750463e-6,37.62909727116771,2.07610274335286e-6,51.50093620805977,84,2004T1,2024T4,FALSE,8.685572076799474,70,24.15099141746655,53.10720312486887,3.192720845068778e-5
multiplicador,uniao_soc_dir,fbcf_real_rs_bi,ctrl_brent_usd,diferenca,2003T1-2025T4,3,8,45.99797192001531,9.196471618672659,30.87112222288532,61.1248216171453,5.682761900915875e-7,44.99797192001531,9.933037276559742e-7,42.82473889398761,80,2004T1,2023T4,FALSE,10.124982019171567,66,29.106762960346423,62.8891808796842,2.4207190887765478e-5
multiplicador,uniao_soc_dir,fbcf_real_rs_bi,ctrl_brent_usd,diferenca,2003T1-2025T4,3,12,47.91081666990309,9.983039507193318,31.49017792849633,64.33145541130986,1.5928365148844137e-6,46.91081666990309,2.6137255677774337e-6,25.70020682395923,76,2004T1,2022T4,FALSE,11.05283638459427,62,29.454744467343367,66.36688887246282,5.4538867465644664e-5
elasticidade,uniao_soc_dir,fbcf_me,ctrl_brent_usd,diferenca,2003T1-2025T4,3,4,0.14852202466220338,0.08007755564904451,0.016806166815464235,0.28023788250894255,0.0636351852254946,,,86.95256066258479,84,2004T1,2024T4,FALSE,0.08772056715771383,70,0.0022993411560097987,0.29474470816839693,0.09487761798693845
elasticidade,uniao_soc_dir,fbcf_me,ctrl_brent_usd,diferenca,2003T1-2025T4,3,8,0.16073784538407973,0.09298407847858085,0.007792646649845747,0.3136830441183137,0.08386998687198303,,,48.253533112373994,80,2004T1,2023T4,FALSE,0.10237210113858337,66,-0.010046512424947973,0.33152220319310743,0.12116630994884567
elasticidade,uniao_soc_dir,fbcf_me,ctrl_brent_usd,diferenca,2003T1-2025T4,3,12,0.16220550811085482,0.09358015097795837,0.008279857364093701,0.31613115885761595,0.08303660436755173,,,29.439895139781886,76,2004T1,2022T4,FALSE,0.10360833460187308,62,-0.010800120278290082,0.33521113649999973,0.12254086253849919
multiplicador,uniao_soc_dir,fbcf_real_rs_bi,ctrl_bndes_priv,diferenca,2003T1-2025T4,3,4,38.06296638943718,10.978159984357687,20.005500121912927,56.12043265696143,5.260013154495762e-4,37.06296638943718,7.353091778739954e-4,42.73467670263398,84,2004T1,2024T4,FALSE,12.025971726666532,70,18.016699993539174,58.10923278533518,0.0022956322510721966
multiplicador,uniao_soc_dir,fbcf_real_rs_bi,ctrl_bndes_priv,diferenca,2003T1-2025T4,3,8,46.04628980515055,12.39359905989293,25.660633440503318,66.43194616979778,2.0294000102540663e-4,45.04628980515055,2.783674164179784e-4,36.960002757392424,80,2004T1,2023T4,FALSE,13.644903484446244,66,23.282899652566996,68.8096799577341,0.0012415460496454389
multiplicador,uniao_soc_dir,fbcf_real_rs_bi,ctrl_bndes_priv,diferenca,2003T1-2025T4,3,12,47.93874430164762,13.231209716200196,26.175341011000175,69.70214759229506,2.910295437870711e-4,46.93874430164762,3.8879107944302495e-4,22.548094701296847,76,2004T1,2022T4,FALSE,14.649085186734885,62,23.47764087984466,72.39984772345058,0.0017448387239957471
elasticidade,uniao_soc_dir,fbcf_me,ctrl_bndes_priv,diferenca,2003T1-2025T4,3,4,0.1435425990781716,0.08072903195688237,0.01075515806361238,0.2763300400927308,0.07539087550633228,,,85.68296615195985,84,2004T1,2024T4,FALSE,0.08843422369667979,70,-0.0038696888458973344,0.29095488700224054,0.10905126299476492
elasticidade,uniao_soc_dir,fbcf_me,ctrl_bndes_priv,diferenca,2003T1-2025T4,3,8,0.1597975893219723,0.09577444698006864,0.002262642837534995,0.31733253580640963,0.09522081025216562,,,45.091638756357064,80,2004T1,2023T4,FALSE,0.10544419575007137,66,-0.016111853344318444,0.335707031988263,0.13442822027189977
elasticidade,uniao_soc_dir,fbcf_me,ctrl_bndes_priv,diferenca,2003T1-2025T4,3,12,0.15480716017664672,0.09588360217402163,-0.0029073306244647434,0.3125216509777582,0.10641204501807149,,,28.571936223084588,76,2004T1,2022T4,FALSE,0.10615862694236118,62,-0.022456956978267717,0.33207127733156117,0.14981552141268456
multiplicador,uniao_soc_dir,fbcf_real_rs_bi,ctrl_cambio_real+icbr_usd,diferenca,2003T1-2025T4,3,4,42.37898537353908,9.01966619099402,27.542954725391006,57.215016021687156,2.620672734659861e-6,41.37898537353908,4.482838545663533e-6,48.698637552576265,84,2004T1,2024T4,FALSE,9.95188990029553,69,25.78681089966113,58.97115984741703,6.379885892107036e-5
multiplicador,uniao_soc_dir,fbcf_real_rs_bi,ctrl_cambio_real+icbr_usd,diferenca,2003T1-2025T4,3,8,45.45284991222171,12.216048243250325,25.359238652297257,65.54646117214617,1.9863274496249443e-4,44.45284991222171,2.738162304737411e-4,30.820720333720423,80,2004T1,2023T4,FALSE,13.552488715255643,65,22.83867967967817,68.06702014476525,0.0013331772594756478
multiplicador,uniao_soc_dir,fbcf_real_rs_bi,ctrl_cambio_real+icbr_usd,diferenca,2003T1-2025T4,3,12,43.58139644487449,14.437261938357901,19.834213782318066,67.32857910743093,0.002538830291800306,42.58139644487449,0.0031838188099724343,16.929720208850824,76,2004T1,2022T4,FALSE,16.114866597634837,61,16.6660322750902,70.49676061465878,0.0088554538761058
elasticidade,uniao_soc_dir,fbcf_me,ctrl_cambio_real+icbr_usd,diferenca,2003T1-2025T4,3,4,0.14664798217084646,0.07865251394967547,0.017276109331871542,0.2760198550098214,0.06225086172992553,,,91.91879411115433,84,2004T1,2024T4,FALSE,0.08678161060884738,69,0.0019623356482322274,0.2913336286934607,0.09557019839021932
elasticidade,uniao_soc_dir,fbcf_me,ctrl_cambio_real+icbr_usd,diferenca,2003T1-2025T4,3,8,0.12076096447987691,0.08518318922202148,-0.019352913267258604,0.2608748422270124,0.15628948972976775,,,41.47915487586912,80,2004T1,2023T4,FALSE,0.09450226355309227,65,-0.03692891228383982,0.27845084124359365,0.20584255877934746
elasticidade,uniao_soc_dir,fbcf_me,ctrl_cambio_real+icbr_usd,diferenca,2003T1-2025T4,3,12,0.11548225770073525,0.08791287580424378,-0.029121554921609394,0.2600860703230799,0.18898121623376124,,,24.7732601552122,76,2004T1,2022T4,FALSE,0.09812832044252322,61,-0.04841357501235971,0.2793780904138302,0.2438274503103234
multiplicador,uniao_soc_dir,fbcf_real_rs_bi,ctrl_cambio_real+brent_usd,diferenca,2003T1-2025T4,3,4,37.657711801914616,8.744197364519032,23.274787052105985,52.040636551723246,1.6578716202727722e-5,36.657711801914616,2.762222157463235e-5,48.25135342793921,84,2004T1,2024T4,FALSE,9.647950112060355,69,21.572277459456505,53.74314614437273,2.1815040325521732e-4
multiplicador,uniao_soc_dir,fbcf_real_rs_bi,ctrl_cambio_real+brent_usd,diferenca,2003T1-2025T4,3,8,40.72081566550372,11.409772916592644,21.95340930095364,59.488222030053805,3.58426009244065e-4,39.72081566550372,4.989906451920112e-4,35.433610949390854,80,2004T1,2023T4,FALSE,12.65800655143849,65,19.599210551259446,61.842420779748,0.00202060438183396
multiplicador,uniao_soc_dir,fbcf_real_rs_bi,ctrl_cambio_real+brent_usd,diferenca,2003T1-2025T4,3,12,38.84110485125973,14.813486113050065,14.475088490414073,63.207121212105385,0.00874129331296801,37.84110485125973,0.010633930436399002,18.84340919411667,76,2004T1,2022T4,FALSE,16.534807886492484,61,11.224346558784333,66.45786314373512,0.022076440652336268
elasticidade,uniao_soc_dir,fbcf_me,ctrl_cambio_real+brent_usd,diferenca,2003T1-2025T4,3,4,0.1372333237123612,0.0773297558902894,0.010037194264946758,0.2644294531597756,0.07595554119173874,,,90.57336192747245,84,2004T1,2024T4,FALSE,0.08532213946069306,69,-0.0050190362513805875,0.27948568367610294,0.11231096898828903
elasticidade,uniao_soc_dir,fbcf_me,ctrl_cambio_real+brent_usd,diferenca,2003T1-2025T4,3,8,0.12196368214599276,0.08718032196333633,-0.021435186634198022,0.26536255092618355,0.16181844634684212,,,47.77337910848778,80,2004T1,2023T4,FALSE,0.09671788340008264,65,-0.03942325760321391,0.28335062189519944,0.2118071991126329
elasticidade,uniao_soc_dir,fbcf_me,ctrl_cambio_real+brent_usd,diferenca,2003T1-2025T4,3,12,0.11871670684981589,0.08969581830566073,-0.028819785212630344,0.2662531989122621,0.18565325696315424,,,28.884048379045346,76,2004T1,2022T4,FALSE,0.10011844022314802,61,-0.04850306269592214,0.2859364763955539,0.24031449554293935
multiplicador,uniao_soc_dir,fbcf_real_rs_bi,ctrl_cambio_real+bndes_priv,diferenca,2003T1-2025T4,3,4,30.70115786073808,11.709581952694993,11.440609515762226,49.96170620571393,0.008744535776623163,29.70115786073808,0.01119721162765764,37.75838564308875,84,2004T1,2024T4,FALSE,12.91982074547989,69,9.160734671986322,52.24158104948984,0.020268492816749223
multiplicador,uniao_soc_dir,fbcf_real_rs_bi,ctrl_cambio_real+bndes_priv,diferenca,2003T1-2025T4,3,8,32.95313009494794,14.752846393935492,8.686857196025205,57.21940299387067,0.025504170858050023,31.953130094947937,0.030319139702688222,29.226849847483923,80,2004T1,2023T4,FALSE,16.366813579193362,65,5.642876146715647,60.263384043180224,0.048215571598787324
multiplicador,uniao_soc_dir,fbcf_real_rs_bi,ctrl_cambio_real+bndes_priv,diferenca,2003T1-2025T4,3,12,30.00758485689051,19.4378461175039,-1.964826829610356,61.97999654339138,0.1226437976817751,29.00758485689051,0.13561395046233532,15.592777566914688,76,2004T1,2022T4,FALSE,21.696516864925524,61,-6.230360340933579,66.2455300547146,0.17168816078359903
elasticidade,uniao_soc_dir,fbcf_me,ctrl_cambio_real+bndes_priv,diferenca,2003T1-2025T4,3,4,0.10961155984092377,0.07045135459979047,-0.006270606296185824,0.22549372597803335,0.11974437372561186,,,88.046119619176,84,2004T1,2024T4,FALSE,0.07773282397123013,69,-0.019987600780778075,0.23921072046262562,0.16300024134105492
elasticidade,uniao_soc_dir,fbcf_me,ctrl_cambio_real+bndes_priv,diferenca,2003T1-2025T4,3,8,0.0952341047649732,0.07890197362890011,-0.03454809273215252,0.2250163022620989,0.22743496225135645,,,51.591290390408474,80,2004T1,2023T4,FALSE,0.08753388050901749,65,-0.05082807735791424,0.24129628688786064,0.2806267329567776
elasticidade,uniao_soc_dir,fbcf_me,ctrl_cambio_real+bndes_priv,diferenca,2003T1-2025T4,3,12,0.09125337405645567,0.0832241682411321,-0.045638200924989936,0.22814494903790128,0.27287014771505425,,,31.089317705969954,76,2004T1,2022T4,FALSE,0.0928947867421947,61,-0.06390130870136415,0.2464080568142755,0.3298173140791041
multiplicador,uniao_soc_dir,fbcf_real_rs_bi,ctrl_icbr_usd+brent_usd,diferenca,2003T1-2025T4,3,4,40.40772361685104,7.758555359862148,27.646035693278,53.16941154042407,1.9073224649071349e-7,39.40772361685104,3.7890690199162235e-7,52.69712347222127,84,2004T1,2024T4,FALSE,8.560437503085314,69,26.135432218239224,54.68001501546285,1.1941331609941222e-5
multiplicador,uniao_soc_dir,fbcf_real_rs_bi,ctrl_icbr_usd+brent_usd,diferenca,2003T1-2025T4,3,8,48.19535675670812,9.134768339382285,33.1699999223137,63.220713591102545,1.3200894295385156e-7,47.19535675670812,2.3843776820842565e-7,43.673134786382825,80,2004T1,2023T4,FALSE,10.13411558065473,65,31.285206915430432,65.10550659798581,1.1387180045391207e-5
multiplicador,uniao_soc_dir,fbcf_real_rs_bi,ctrl_icbr_usd+brent_usd,diferenca,2003T1-2025T4,3,12,50.67445916234742,9.638030301106987,34.82131006490341,66.52760825979144,1.4581991220039134e-7,49.67445916234742,2.5498074334707675e-7,26.210016175330583,76,2004T1,2022T4,FALSE,10.757965965391847,61,32.70629480117522,68.64262352351962,1.4719780346045656e-5
elasticidade,uniao_soc_dir,fbcf_me,ctrl_icbr_usd+brent_usd,diferenca,2003T1-2025T4,3,4,0.15263026139710065,0.08079900145556229,0.01972773079886178,0.28553279199533954,0.058890257167250236,,,87.71956488388435,84,2004T1,2024T4,FALSE,0.08914994740519964,69,0.003996032471377753,0.30126449032282354,0.0913765503827286
elasticidade,uniao_soc_dir,fbcf_me,ctrl_icbr_usd+brent_usd,diferenca,2003T1-2025T4,3,8,0.1629679250955195,0.09325594289688306,0.009575549186802063,0.31636030100423695,0.08054476333216495,,,47.07393323763842,80,2004T1,2023T4,FALSE,0.1034581796481396,65,-0.0096661154610653,0.3356019656521043,0.12006403854249202
elasticidade,uniao_soc_dir,fbcf_me,ctrl_icbr_usd+brent_usd,diferenca,2003T1-2025T4,3,12,0.1655430254531971,0.09422459387751562,0.010557360465736104,0.3205286904406581,0.07893515152837387,,,28.325264628962763,76,2004T1,2022T4,FALSE,0.10517345789219572,61,-0.010119733094204886,0.3412057840005991,0.12066020465531134
multiplicador,uniao_soc_dir,fbcf_real_rs_bi,ctrl_icbr_usd+bndes_priv,diferenca,2003T1-2025T4,3,4,39.68332714492257,9.171163461230496,24.59810566235278,54.768548627492365,1.5117618915884818e-5,38.68332714492257,2.465551337565299e-5,45.22843986745464,84,2004T1,2024T4,FALSE,10.119045105561788,69,22.812465069214113,56.55418922063103,2.0492941112123798e-4
multiplicador,uniao_soc_dir,fbcf_real_rs_bi,ctrl_icbr_usd+bndes_priv,diferenca,2003T1-2025T4,3,8,48.07865987847663,10.586123181954083,30.666036767284403,65.49128298966886,5.581081008819728e-6,47.07865987847663,8.699481067987603e-6,38.13254686511829,80,2004T1,2023T4,FALSE,11.744249212588754,65,28.481783133031744,67.67553662392152,1.1963778150553747e-4
multiplicador,uniao_soc_dir,fbcf_real_rs_bi,ctrl_icbr_usd+bndes_priv,diferenca,2003T1-2025T4,3,12,50.62710763532508,11.293474225066154,32.05099559534206,69.2032196753081,7.364791199891554e-6,49.62710763532508,1.111214813713899e-5,23.91982861288862,76,2004T1,2022T4,FALSE,12.605771879585948,61,29.572701834033552,71.68151343661661,1.6463385299383398e-4
elasticidade,uniao_soc_dir,fbcf_me,ctrl_icbr_usd+bndes_priv,diferenca,2003T1-2025T4,3,4,0.14635141043271505,0.0796334456074362,0.015366048598680904,0.2773367722667492,0.06608991193361317,,,89.69371573415297,84,2004T1,2024T4,FALSE,0.08786392603505422,69,-1.3871409028984316e-4,0.29284153495571996,0.10031542639159001
elasticidade,uniao_soc_dir,fbcf_me,ctrl_icbr_usd+bndes_priv,diferenca,2003T1-2025T4,3,8,0.16234242308036978,0.09521428890216024,0.005728854642046255,0.3189559915186933,0.08819038842756881,,,46.60858689194725,80,2004T1,2023T4,FALSE,0.10563076947494789,65,-0.013916879021987766,0.33860172518272735,0.1291752021287083
elasticidade,uniao_soc_dir,fbcf_me,ctrl_icbr_usd+bndes_priv,diferenca,2003T1-2025T4,3,12,0.16216156592656378,0.09877616031430297,-3.1075962275747826e-4,0.32463389147588506,0.10065063090337285,,,28.64427532867038,76,2004T1,2022T4,FALSE,0.11025391471650701,61,-0.021986670595274205,0.34630980244840176,0.14648484100299508
multiplicador,uniao_soc_dir,fbcf_real_rs_bi,ctrl_brent_usd+bndes_priv,diferenca,2003T1-2025T4,3,4,35.7679898215502,9.118756861840046,20.768969524063984,50.76701011903642,8.764821977754523e-5,34.7679898215502,1.374016823783739e-4,42.90255663342187,84,2004T1,2024T4,FALSE,10.061222044692483,69,18.993532581925052,52.54244706117535,6.875472284726381e-4
multiplicador,uniao_soc_dir,fbcf_real_rs_bi,ctrl_brent_usd+bndes_priv,diferenca,2003T1-2025T4,3,8,42.83990611531635,10.71014367345651,25.223287448860056,60.45652478177265,6.335919440094829e-5,41.83990611531635,9.361624994516192e-5,37.933464023079964,80,2004T1,2023T4,FALSE,11.881837594533446,65,23.0134444458999,62.666367784732806,6.048009599786641e-4
multiplicador,uniao_soc_dir,fbcf_real_rs_bi,ctrl_brent_usd+bndes_priv,diferenca,2003T1-2025T4,3,12,44.63260415289933,12.066858829873723,24.78438764067015,64.48082066512852,2.1664194745482144e-4,43.63260415289933,2.9930118866856935e-4,22.805530920103468,76,2004T1,2022T4,FALSE,13.469023498095826,61,22.13637867897339,67.12882962682528,0.0015520789570745697
elasticidade,uniao_soc_dir,fbcf_me,ctrl_brent_usd+bndes_priv,diferenca,2003T1-2025T4,3,4,0.13628697788483207,0.07887092874304842,0.006555844680797812,0.2660181110888663,0.08399274115369314,,,90.86612890228486,84,2004T1,2024T4,FALSE,0.08702259956899468,69,-0.008800454721943268,0.2813744104916074,0.12189786042104228
elasticidade,uniao_soc_dir,fbcf_me,ctrl_brent_usd+bndes_priv,diferenca,2003T1-2025T4,3,8,0.14760619969045052,0.09381085016558088,-0.006698917451806258,0.30191131683270733,0.11561584732172776,,,52.72862279044372,80,2004T1,2023T4,FALSE,0.10407379398980657,65,-0.02605507710388752,0.3212674764847886,0.16088466241033755
elasticidade,uniao_soc_dir,fbcf_me,ctrl_brent_usd+bndes_priv,diferenca,2003T1-2025T4,3,12,0.15009409140814695,0.09665513806056765,-0.008889462994272984,0.30907764581056685,0.12045116140598457,,,30.843216095484436,76,2004T1,2022T4,FALSE,0.1078864304375976,61,-0.030099926743528488,0.33028810955982235,0.16921131576586157
multiplicador,uniao_econ_dt_g1,fbcf_real_rs_bi,pib_cresc,diferenca,2003T1-2025T4,3,4,4.69114444691796,3.0684494720467077,-0.3560057962953955,9.738294690131315,0.12630604035276416,3.69114444691796,0.22900157815575997,23.955481447098567,84,2004T1,2024T4,FALSE,3.337562789724938,71,-0.8712365580876495,10.253525451923569,0.1642157604024281
multiplicador,uniao_econ_dt_g1,fbcf_real_rs_bi,pib_cresc,diferenca,2003T1-2025T4,3,8,6.774196766452605,4.742584829407621,-1.0266610913235459,14.575054624228756,0.15318351660648638,5.774196766452605,0.22340604001636208,17.040937860049894,80,2004T1,2023T4,FALSE,5.182301783769685,67,-1.869447886864502,15.417841419769712,0.1956203263136801
multiplicador,uniao_econ_dt_g1,fbcf_real_rs_bi,pib_cresc,diferenca,2003T1-2025T4,3,12,11.14644141002982,6.4507970518520645,0.5358244825630916,21.757058337496545,0.08400311935457067,10.14644141002982,0.11574259522280823,12.733977900886044,76,2004T1,2022T4,FALSE,7.08516388438112,63,-0.6815469197128934,22.974429739772532,0.12067955710282462
elasticidade,uniao_econ_dt_g1,fbcf_me,pib_cresc,diferenca,2003T1-2025T4,3,4,0.024884400541327817,0.0653292592745025,-0.08257266852239069,0.13234146960504634,0.7032719357734147,,,26.32378371970589,84,2004T1,2024T4,FALSE,0.07105885458476709,71,-0.09354226223086198,0.14331106331351762,0.7272297131751566
elasticidade,uniao_econ_dt_g1,fbcf_me,pib_cresc,diferenca,2003T1-2025T4,3,8,0.05075412762550535,0.0746438342886562,-0.07202405393375541,0.17353230918476611,0.4965356753681997,,,25.041842649150997,80,2004T1,2023T4,FALSE,0.08156456647499313,67,-0.08528872713832186,0.18679698238933257,0.5358848378101837
elasticidade,uniao_econ_dt_g1,fbcf_me,pib_cresc,diferenca,2003T1-2025T4,3,12,0.11536010781971184,0.10746263400546123,-0.06140019548592959,0.29212041112535325,0.2830511359148474,,,18.45553478880097,76,2004T1,2022T4,FALSE,0.11803043364344572,63,-0.08168016033367498,0.31240037597309867,0.33212131610721485
multiplicador,uniao_econ_dt_g1,fbcf_real_rs_bi,ordem_invertida_dy_t,diferenca,2003T1-2025T4,3,4,4.5241602090488975,1.9278904803693673,1.3530625600481292,7.695257858049666,0.018941035418613607,3.5241602090488975,0.06755138800517235,27.408662962371263,84,2004T1,2024T4,FALSE,2.111898208995546,70,1.0038065061818795,8.044513911915915,0.0356556803111538
multiplicador,uniao_econ_dt_g1,fbcf_real_rs_bi,ordem_invertida_dy_t,diferenca,2003T1-2025T4,3,8,6.527179237972837,3.3317755165598775,1.0468961953712101,12.007462280574465,0.050104667702961556,5.527179237972837,0.09713008730515982,18.993610297734723,80,2004T1,2023T4,FALSE,3.6681641172675876,66,0.4076891997874874,12.646669276158187,0.07977615093156404
multiplicador,uniao_econ_dt_g1,fbcf_real_rs_bi,ordem_invertida_dy_t,diferenca,2003T1-2025T4,3,12,9.065665587607535,5.522886868309138,-0.01867490897340396,18.150006084188476,0.1006994208649795,8.065665587607535,0.14417810363944786,11.526097612256468,76,2004T1,2022T4,FALSE,6.114727371564539,62,-1.1447316300570627,19.276062805272133,0.14324742094485662
elasticidade,uniao_econ_dt_g1,fbcf_me,ordem_invertida_dy_t,diferenca,2003T1-2025T4,3,4,0.09725922117238202,0.044787283673987044,0.023590695179920004,0.17092774716484405,0.02988726978529039,,,28.470677976064476,84,2004T1,2024T4,FALSE,0.04906201111525111,70,0.01547704447276567,0.17904139787199835,0.05136386985550671
elasticidade,uniao_econ_dt_g1,fbcf_me,ordem_invertida_dy_t,diferenca,2003T1-2025T4,3,8,0.12699587434100304,0.05496501181014536,0.036586475309654976,0.2174052733723511,0.020861278773052563,,,29.486866266348674,80,2004T1,2023T4,FALSE,0.06051448635271252,66,0.026041341075142263,0.2279504076068638,0.03968231295078958
elasticidade,uniao_econ_dt_g1,fbcf_me,ordem_invertida_dy_t,diferenca,2003T1-2025T4,3,12,0.16850339549023022,0.07863208965311833,0.039165117629525265,0.29784167335093514,0.03211838093841921,,,20.55792261422554,76,2004T1,2022T4,FALSE,0.0870584175178738,62,0.023132887537175933,0.3138739034432845,0.05749005950005139
multiplicador,uniao_econ_dt_g1,fbcf_real_rs_bi,p2,diferenca,2003T1-2025T4,2,4,8.287609469059294,2.956779960093568,3.4241392276019624,13.151079710516626,0.005064266582539235,7.287609469059294,0.013712362293812825,27.266909070370335,85,2003T4,2024T4,FALSE,3.168929730773485,74,3.009101373920127,13.56611756419846,0.010799289183259562
multiplicador,uniao_econ_dt_g1,fbcf_real_rs_bi,p2,diferenca,2003T1-2025T4,2,8,11.10105128109402,4.082110182234359,4.386577542230301,17.81552501995774,0.006539267531832886,10.10105128109402,0.013343474988608717,24.79460082265355,81,2003T4,2023T4,FALSE,4.391149388635567,70,3.781380785479681,18.42072177670836,0.013728652709718825
multiplicador,uniao_econ_dt_g1,fbcf_real_rs_bi,p2,diferenca,2003T1-2025T4,2,12,14.60161306599817,5.4021616107579,5.715847947165036,23.487378184831307,0.006873319500859624,13.60161306599817,0.011808721729536675,23.22786494832225,77,2003T4,2022T4,FALSE,5.835001435035881,66,4.867252221451887,24.335973910544453,0.01481982291851828
elasticidade,uniao_econ_dt_g1,fbcf_me,p2,diferenca,2003T1-2025T4,2,4,0.07762277410883633,0.09050607223473602,-0.07124646706760107,0.22649201528527374,0.3910842845953006,,,29.178237135043787,85,2003T4,2024T4,FALSE,0.09699990766682264,74,-0.08395064068635397,0.23919618890402664,0.4261359347707656
elasticidade,uniao_econ_dt_g1,fbcf_me,p2,diferenca,2003T1-2025T4,2,8,0.10249768252201509,0.0995780348021122,-0.06129360918693903,0.2662889742309692,0.30332923496417186,,,32.07060124091453,81,2003T4,2023T4,FALSE,0.10711666445110238,70,-0.0760566363997059,0.2810520014437361,0.34192151478087507
elasticidade,uniao_econ_dt_g1,fbcf_me,p2,diferenca,2003T1-2025T4,2,12,0.14039073231472793,0.11620367690738267,-0.05074730711147743,0.3315287717409333,0.2269920190502622,,,29.98432852207983,77,2003T4,2022T4,FALSE,0.1255143163730521,66,-0.0690011008038735,0.34978256543332936,0.26739803442737814
multiplicador,uniao_econ_dt_g1,fbcf_real_rs_bi,p4,diferenca,2003T1-2025T4,4,4,8.495899962033281,3.1951396934892102,3.240362848580941,13.751437075485622,0.007837125086806824,7.495899962033281,0.018974478389188542,30.715374697523277,83,2004T2,2024T4,FALSE,3.5299978458907715,68,2.6093734029537403,14.382426521112823,0.018815730254253864
multiplicador,uniao_econ_dt_g1,fbcf_real_rs_bi,p4,diferenca,2003T1-2025T4,4,8,11.175896976568918,4.43916056877831,3.8741276143939576,18.47766633874388,0.01181675235702251,10.175896976568918,0.021888218265083633,22.026294866500653,79,2004T2,2023T4,FALSE,4.932015273122858,64,2.9442992461091233,19.40749470702871,0.026842096251953367
multiplicador,uniao_econ_dt_g1,fbcf_real_rs_bi,p4,diferenca,2003T1-2025T4,4,12,15.723527699533948,6.312501242615235,5.340387135482608,26.106668263585288,0.012743597853172755,14.723527699533948,0.019677578356192094,16.791379003841822,75,2004T2,2022T4,FALSE,7.057590943269779,60,3.9327714011990498,27.514283997868844,0.029648819169702804
elasticidade,uniao_econ_dt_g1,fbcf_me,p4,diferenca,2003T1-2025T4,4,4,0.10374950197084702,0.08149653869792388,-0.030300375290424023,0.23779937923211808,0.20299884833614806,,,29.919915286216906,83,2004T2,2024T4,FALSE,0.09003756757097064,68,-0.046394649940864216,0.25389365388255825,0.2532363386947914
elasticidade,uniao_econ_dt_g1,fbcf_me,p4,diferenca,2003T1-2025T4,4,8,0.1275267086298404,0.08963229906620739,-0.019905303581209816,0.27495872084089057,0.1548010209321862,,,32.069696697282,79,2004T2,2023T4,FALSE,0.09958366252142822,64,-0.038679721198026595,0.2937331384577074,0.20495626061981911
elasticidade,uniao_econ_dt_g1,fbcf_me,p4,diferenca,2003T1-2025T4,4,12,0.20989315454570978,0.10515422270096249,0.03692984994676887,0.3828564591446507,0.04592840993295305,,,22.49751514876674,75,2004T2,2022T4,FALSE,0.11756599504025184,60,0.01348165838032897,0.40630465071109056,0.07926358105082804
multiplicador,uniao_econ_dt_g1,fbcf_real_rs_bi,exogenas_so_defasadas,diferenca,2003T1-2025T4,3,4,7.735505174565841,3.1766253291642337,2.5104214804241387,12.960588868707543,0.01488631685046416,6.735505174565841,0.03397792852735935,29.15055621242837,84,2004T1,2024T4,FALSE,3.556871995897882,67,1.8029410567903268,13.668069292341354,0.033179142537036924
multiplicador,uniao_econ_dt_g1,fbcf_real_rs_bi,exogenas_so_defasadas,diferenca,2003T1-2025T4,3,8,9.17197119012387,4.632233793702933,1.5526246336644256,16.791317746583314,0.047699931933132614,8.17197119012387,0.07770614894345822,21.33852701083506,80,2004T1,2023T4,FALSE,5.219936132860335,63,0.4577982127591582,17.88614416748858,0.08375862659182741
multiplicador,uniao_econ_dt_g1,fbcf_real_rs_bi,exogenas_so_defasadas,diferenca,2003T1-2025T4,3,12,12.612964333572581,6.7598988662012776,1.4939201656762702,23.73200850146889,0.062062209027959565,11.612964333572581,0.08581123868059745,13.131533652486253,76,2004T1,2022T4,FALSE,7.672218961475323,59,-0.20802731372421235,25.433955980869374,0.10549941904641574
elasticidade,uniao_econ_dt_g1,fbcf_me,exogenas_so_defasadas,diferenca,2003T1-2025T4,3,4,0.09255786884907859,0.06891297795146718,-0.020793892878419,0.20590963057657619,0.17923561085786513,,,32.19977099534462,84,2004T1,2024T4,FALSE,0.07716196152537486,67,-0.03614181017523123,0.22125754787338842,0.23454784026620848
elasticidade,uniao_econ_dt_g1,fbcf_me,exogenas_so_defasadas,diferenca,2003T1-2025T4,3,8,0.11576659930708827,0.07594233908838874,-0.009147432581626452,0.240680631195803,0.12740849926190229,,,30.861166256913823,80,2004T1,2023T4,FALSE,0.08557732132611663,63,-0.027096371042448664,0.2586295696566252,0.18096370181945476
elasticidade,uniao_econ_dt_g1,fbcf_me,exogenas_so_defasadas,diferenca,2003T1-2025T4,3,12,0.16225063657086686,0.10003442537992002,-0.002291350835300937,0.3267926239770347,0.10481448183516943,,,17.946816326579047,76,2004T1,2022T4,FALSE,0.11353513275730398,59,-0.02747713267885446,0.35197840582058815,0.15825504951140512
multiplicador,uniao_econ_dt_g1,fbcf_real_rs_bi,selic_media,diferenca,2003T1-2025T4,3,4,7.830758901856774,3.220722931861235,2.533141105979044,13.128376697734502,0.015041976777872147,6.830758901856774,0.03393210991266535,28.568471396210942,84,2004T1,2024T4,FALSE,3.503191143057623,71,1.9923417397773937,13.669176063936153,0.028542678546714887
multiplicador,uniao_econ_dt_g1,fbcf_real_rs_bi,selic_media,diferenca,2003T1-2025T4,3,8,10.232258536117431,4.694539837404763,2.510427657694035,17.954089414540828,0.029286500472587892,9.232258536117431,0.049229921238790615,22.20252925859703,80,2004T1,2023T4,FALSE,5.12980221724349,67,1.6761787557930212,18.78833831644184,0.05014954780242814
multiplicador,uniao_econ_dt_g1,fbcf_real_rs_bi,selic_media,diferenca,2003T1-2025T4,3,12,14.482884302111898,6.22275699757834,4.247359885007516,24.71840871921628,0.019943646821349945,13.482884302111898,0.030257286423895583,15.283153733467167,76,2004T1,2022T4,FALSE,6.834698531999801,63,3.073023388095139,25.89274521612866,0.038036939603310504
elasticidade,uniao_econ_dt_g1,fbcf_me,selic_media,diferenca,2003T1-2025T4,3,4,0.09236618953196249,0.0845351732549034,-0.046681796801336384,0.23141417586526136,0.27455356695096994,,,30.508155990010106,84,2004T1,2024T4,FALSE,0.0919491916842037,71,-0.06087630191251625,0.24560868097644123,0.3185321070703556
elasticidade,uniao_econ_dt_g1,fbcf_me,selic_media,diferenca,2003T1-2025T4,3,8,0.11969210613129483,0.09031520974848242,-0.02886319419237937,0.26824740645496903,0.18508136542279768,,,30.407026900120954,80,2004T1,2023T4,FALSE,0.09868894061290939,67,-0.04491276820116738,0.28429698046375707,0.22945689617669063
elasticidade,uniao_econ_dt_g1,fbcf_me,selic_media,diferenca,2003T1-2025T4,3,12,0.1810617624466575,0.11374867746591744,-0.006038162244089901,0.36816168713740494,0.11143633373139598,,,23.127636910772413,76,2004T1,2022T4,FALSE,0.12493464218444877,63,-0.02750440678420696,0.38962793167752197,0.15222698118779485
multiplicador,uniao_econ_dt_g1,fbcf_real_rs_bi,sub_ate_2014T4,diferenca,2003T1-2014T4,3,4,7.609641576479496,2.6097513004164528,3.316982684548174,11.902300468410818,0.003547217592455367,6.609641576479496,0.01131971248044697,29.41004511533476,40,2004T1,2013T4,FALSE,3.0649974630186647,29,2.4018215508078793,12.817461602151113,0.01906903322318027
multiplicador,uniao_econ_dt_g1,fbcf_real_rs_bi,sub_ate_2014T4,diferenca,2003T1-2014T4,3,8,12.516120156445908,1.6361583929831325,9.824879089480511,15.207361223411304,2.0144940425707765e-14,11.516120156445908,1.9430384981907433e-12,25.810997278363093,36,2004T1,2012T4,FALSE,1.963390071579759,25,9.162373544943238,15.869866767948578,1.1302476472851021e-6
multiplicador,uniao_econ_dt_g1,fbcf_real_rs_bi,sub_ate_2014T4,diferenca,2003T1-2014T4,3,12,19.78602122449103,1.791349275805876,16.839513871044844,22.732528577937217,2.30950180656461e-28,18.78602122449103,9.904313304431216e-26,16.37166182910567,32,2004T1,2011T4,FALSE,2.211289553672112,21,15.9809604189477,23.59108203003436,1.3078199876602282e-8
elasticidade,uniao_econ_dt_g1,fbcf_me,sub_ate_2014T4,diferenca,2003T1-2014T4,3,4,-0.11512022549725986,0.11315627152882726,-0.3012457291337569,0.07100527813923718,0.30898404778843114,,,13.059049415575933,40,2004T1,2013T4,FALSE,0.13289530121324666,29,-0.34092622348799717,0.11068577249347744,0.39346503556832635
elasticidade,uniao_econ_dt_g1,fbcf_me,sub_ate_2014T4,diferenca,2003T1-2014T4,3,8,-0.03422866569475158,0.14251110111889065,-0.26863856725100677,0.2001812358615036,0.8101888168986693,,,18.92641692516601,36,2004T1,2012T4,FALSE,0.17101332134266878,25,-0.3263434905972335,0.25788615920773034,0.8429809250180142
elasticidade,uniao_econ_dt_g1,fbcf_me,sub_ate_2014T4,diferenca,2003T1-2014T4,3,12,-0.04627508224313759,0.17038891673426337,-0.326539909925823,0.2339897454395478,0.7859410969351189,,,25.713279775074408,32,2004T1,2011T4,FALSE,0.21033264518807024,21,-0.4082034886801584,0.3156533241938832,0.8279887634116375
multiplicador,uniao_econ_dt_g1,fbcf_real_rs_bi,sub_de_2015T1,diferenca,2015T1-2025T4,3,4,10.40398063450003,11.99483892328906,-9.325773673170666,30.133734942170726,0.38573852849235024,9.40398063450003,0.43303879348346475,17.119650032661145,40,2015T1,2024T4,FALSE,14.599653004280883,27,-14.463439639243937,35.271400908244,0.4821955120800816
multiplicador,uniao_econ_dt_g1,fbcf_real_rs_bi,sub_de_2015T1,diferenca,2015T1-2025T4,3,8,16.690257341400866,16.781207422862128,-10.91237255271886,44.292887235520595,0.3199404609122603,15.690257341400866,0.3497935692742797,54.779606627522945,36,2015T1,2023T4,FALSE,20.99474179768998,23,-19.292032858060857,52.67254754086259,0.43475647156145814
multiplicador,uniao_econ_dt_g1,fbcf_real_rs_bi,sub_de_2015T1,diferenca,2015T1-2025T4,3,12,26.419187846309768,16.406909121347056,-0.5677761290011176,53.406151821620654,0.10734378955171536,25.419187846309768,0.1213101536598116,21.18888351604464,32,2015T1,2022T4,FALSE,21.29241691222552,19,-10.398228873211885,63.23660456583142,0.22979026080837378
elasticidade,uniao_econ_dt_g1,fbcf_me,sub_de_2015T1,diferenca,2015T1-2025T4,3,4,-0.004394557661118181,0.19230273293995576,-0.3207044054100846,0.31191529008784824,0.9817680981725211,,,13.330791903331145,40,2015T1,2024T4,FALSE,0.23406343266912338,27,-0.40307209809249506,0.3942829827702587,0.9851585999326113
elasticidade,uniao_econ_dt_g1,fbcf_me,sub_de_2015T1,diferenca,2015T1-2025T4,3,8,0.030696632280081015,0.2538502848994481,-0.3868499295394406,0.4482431940996026,0.9037511062621149,,,12.896965251776413,36,2015T1,2023T4,FALSE,0.3175886604841795,23,-0.5136095304590781,0.5750027950192401,0.9238374236629638
elasticidade,uniao_econ_dt_g1,fbcf_me,sub_de_2015T1,diferenca,2015T1-2025T4,3,12,0.44796977577706887,0.30332738802473497,-0.050959378569132796,0.9468989301232705,0.13971521140239598,,,9.744957229006207,32,2015T1,2022T4,FALSE,0.393649599626038,19,-0.23270266317856347,1.128642214732701,0.2692712662004255
multiplicador,uniao_econ_dt_g1,fbcf_real_rs_bi,ate_2019T4,diferenca,2003T1-2019T4,3,4,8.87731722989403,3.5237054022919683,3.081337618625593,14.673296841162468,0.011758404178015295,7.877317229894031,0.025383168153938585,21.272315911501508,60,2004T1,2018T4,FALSE,3.8992149542908288,49,2.3400849177727556,15.414549542015305,0.02720894556980912
multiplicador,uniao_econ_dt_g1,fbcf_real_rs_bi,ate_2019T4,diferenca,2003T1-2019T4,3,8,10.624674370541772,6.366596149167492,0.15255560324835038,21.096793137835192,0.09515394885765308,9.624674370541772,0.1305985671345053,13.470402221458613,56,2004T1,2017T4,FALSE,7.102235337458957,45,-1.3030142042503385,22.552362945333883,0.14164453008881217
multiplicador,uniao_econ_dt_g1,fbcf_real_rs_bi,ate_2019T4,diferenca,2003T1-2019T4,3,12,14.346618148806293,10.862490452652283,-3.520588669964546,32.21382496757713,0.18658523123241255,13.346618148806293,0.21918858335184652,14.544039935391337,52,2004T1,2016T4,FALSE,12.23317394884034,41,-6.240321185960031,34.93355748357261,0.24765962626094454
elasticidade,uniao_econ_dt_g1,fbcf_me,ate_2019T4,diferenca,2003T1-2019T4,3,4,0.11207225411702751,0.15116923067801188,-0.136579003247164,0.360723511481219,0.45846944368284687,,,15.911044387385829,60,2004T1,2018T4,FALSE,0.16727883224997928,49,-0.1683792214075802,0.3925237296416352,0.5060203971782591
elasticidade,uniao_econ_dt_g1,fbcf_me,ate_2019T4,diferenca,2003T1-2019T4,3,8,0.08258729508887908,0.235590206160323,-0.3049241099881731,0.47009870016593125,0.7259223157109392,,,13.536732430447096,56,2004T1,2017T4,FALSE,0.26281187751635227,45,-0.35878617112647837,0.5239607613042365,0.7547873337913686
elasticidade,uniao_econ_dt_g1,fbcf_me,ate_2019T4,diferenca,2003T1-2019T4,3,12,0.07531919534641515,0.23460976628433458,-0.31057952964460966,0.4612179203374399,0.7481798329568834,,,23.12667870856211,52,2004T1,2016T4,FALSE,0.2642140026325429,41,-0.3693207375393247,0.5199591282321551,0.7770264582134306
multiplicador,uniao_econ_dt_g1,fbcf_real_rs_bi,sem_2020_2021,diferenca,2003T1-2025T4,3,4,8.955377831518847,3.1891197346605167,3.709742669179982,14.201012993857713,0.004983422979804901,7.955377831518847,0.01261215036723304,26.346349903637297,68,2004T1,2024T4,FALSE,3.87144452230235,57,2.482210750155404,15.428544912882291,0.024342774036563302
multiplicador,uniao_econ_dt_g1,fbcf_real_rs_bi,sem_2020_2021,diferenca,2003T1-2025T4,3,8,12.434505900160866,4.830162485674489,4.489595616834249,20.379416183487486,0.010042999894395693,11.434505900160866,0.017917777714179878,17.530947973964828,60,2004T1,2023T4,FALSE,6.171755234478578,49,2.0872441527830645,22.78176764753867,0.04943621241669867
multiplicador,uniao_econ_dt_g1,fbcf_real_rs_bi,sem_2020_2021,diferenca,2003T1-2025T4,3,12,14.346618148835052,10.86249045264993,-3.5205886699319144,32.21382496760202,0.18658523123143417,13.346618148835052,0.2191885833507536,14.544039935385667,52,2004T1,2022T4,FALSE,14.789186154307533,41,-10.541777899694715,39.23501419736482,0.33769741563344924
elasticidade,uniao_econ_dt_g1,fbcf_me,sem_2020_2021,diferenca,2003T1-2025T4,3,4,0.09645125273042975,0.1020279581008835,-0.07136980420226126,0.26427230966312076,0.34448460894612065,,,23.72571359014946,68,2004T1,2024T4,FALSE,0.12385724349525139,57,-0.11064163643877302,0.3035441418996325,0.43936021159904237
elasticidade,uniao_econ_dt_g1,fbcf_me,sem_2020_2021,diferenca,2003T1-2025T4,3,8,0.12241688098287318,0.11691350442250095,-0.06988872080608441,0.3147224827718308,0.29506627713804584,,,16.876256477005462,60,2004T1,2023T4,FALSE,0.1493865962151054,49,-0.12803735024655527,0.3728711122123016,0.41649009354817357
elasticidade,uniao_econ_dt_g1,fbcf_me,sem_2020_2021,diferenca,2003T1-2025T4,3,12,0.07531919534643058,0.23460976628435423,-0.31057952964462654,0.46121792033748765,0.748179832956854,,,23.12667870854939,52,2004T1,2022T4,FALSE,0.319419153675892,41,-0.46222427183457504,0.6128626625274363,0.8147614257346093
multiplicador,uniao_econ_dt_g1,fbcf_real_rs_bi,sem_2016T4_2018T1,diferenca,2003T1-2025T4,3,4,7.128621683118451,3.1180860171180873,1.9998265887150968,12.257416777521804,0.022241558771733186,6.128621683118451,0.04935551991492027,38.57695402614775,70,2004T1,2024T4,FALSE,3.7852128597875887,57,0.7996364325797032,13.457606933657198,0.06476787476278047
multiplicador,uniao_econ_dt_g1,fbcf_real_rs_bi,sem_2016T4_2018T1,diferenca,2003T1-2025T4,3,8,4.938363556148776,5.138432685622991,-3.5136060836441914,13.390333195941743,0.3365199026241151,3.9383635561487758,0.4434072230324436,19.123617300898445,62,2004T1,2023T4,FALSE,6.565648447348466,49,-6.0692802088617555,15.946007321159307,0.4555578761199879
multiplicador,uniao_econ_dt_g1,fbcf_real_rs_bi,sem_2016T4_2018T1,diferenca,2003T1-2025T4,3,12,17.112791162152824,4.320849441311072,10.005626287101068,24.219956037204582,7.47881397769025e-5,16.112791162152824,1.9218050278278895e-4,18.638295640368803,54,2004T1,2022T4,FALSE,5.882798885838942,41,7.212758326203666,27.012823998101982,0.005833021080662819
elasticidade,uniao_econ_dt_g1,fbcf_me,sem_2016T4_2018T1,diferenca,2003T1-2025T4,3,4,0.05703640715029313,0.07046380289713403,-0.05886623461385138,0.17293904891443765,0.41826057975214437,,,20.689496416650304,70,2004T1,2024T4,FALSE,0.08553981237576247,57,-0.08598863025551148,0.20006144455609773,0.5076015819190645
elasticidade,uniao_econ_dt_g1,fbcf_me,sem_2016T4_2018T1,diferenca,2003T1-2025T4,3,8,0.007800095115149586,0.07485121918680265,-0.11531920424600232,0.1309193944763015,0.9170042932386687,,,16.720734570841827,62,2004T1,2023T4,FALSE,0.09564137960024416,49,-0.1525475452247471,0.16814773545504627,0.93533229156725
elasticidade,uniao_econ_dt_g1,fbcf_me,sem_2016T4_2018T1,diferenca,2003T1-2025T4,3,12,0.12825777813144026,0.08652074115631705,-0.014056176766057304,0.27057173302893783,0.13823564147203057,,,16.10516282779226,54,2004T1,2022T4,FALSE,0.11779723561066752,41,-0.06998059838979576,0.3264961546526763,0.28260027694872975
multiplicador,uniao_econ_dt_g1,fbcf_real_rs_bi,choques_sem_AO,diferenca,2003T1-2025T4,3,4,8.684817839335386,3.209155347575365,3.406227026425337,13.963408652245434,0.006804516726478224,7.684817839335386,0.01663603942438181,50.58669458117434,84,2004T1,2024T4,FALSE,3.4906090428043064,71,2.8673700012392382,14.502265677431534,0.01519336304715569
multiplicador,uniao_econ_dt_g1,fbcf_real_rs_bi,choques_sem_AO,diferenca,2003T1-2025T4,3,8,11.993623090243185,4.595891283243821,4.434054643924933,19.553191536561435,0.009063747158738183,10.993623090243185,0.01675434769324794,40.65273645647255,80,2004T1,2023T4,FALSE,5.022007291779098,67,3.617336203119841,20.36990997736653,0.019755949986552203
multiplicador,uniao_econ_dt_g1,fbcf_real_rs_bi,choques_sem_AO,diferenca,2003T1-2025T4,3,12,17.200974161346668,7.241409906959094,5.289914811642685,29.11203351105065,0.017531718905405762,16.200974161346668,0.02526883384798018,27.392951188004677,76,2004T1,2022T4,FALSE,7.9535250500642825,63,3.923341772368566,30.47860655032477,0.034368474844421557
elasticidade,uniao_econ_dt_g1,fbcf_me,choques_sem_AO,diferenca,2003T1-2025T4,3,4,0.1273407327169346,0.08087746330450485,-0.005690856138114736,0.260372321571984,0.11537428152332677,,,116.36060486738315,84,2004T1,2024T4,FALSE,0.0879706882943747,71,-0.01927118633739619,0.2739526517712654,0.15214816792885769
elasticidade,uniao_econ_dt_g1,fbcf_me,choques_sem_AO,diferenca,2003T1-2025T4,3,8,0.1619473865545987,0.0864878750124558,0.01968749165303521,0.30420728145616216,0.061139314800555414,,,66.84840008666535,80,2004T1,2023T4,FALSE,0.09450674791777697,67,0.004318058810650227,0.31957671429854717,0.09122462443898244
elasticidade,uniao_econ_dt_g1,fbcf_me,choques_sem_AO,diferenca,2003T1-2025T4,3,12,0.2648242336277806,0.08955561435641071,0.11751835653977119,0.4121301107157901,0.0031055496011255126,,,35.96910008452282,76,2004T1,2022T4,FALSE,0.09836245031138144,63,0.10061774054543451,0.42903072671012676,0.00907831777465361
multiplicador,uniao_econ_dt_g1,fbcf_real_rs_bi,transferencia_grupos_1e2,diferenca,2003T1-2025T4,3,4,9.486859548138563,3.4176815151100226,3.865273712244842,15.108445384032283,0.0055063137282826405,8.486859548138563,0.013020017165585953,35.54171727209886,84,2004T1,2024T4,FALSE,3.717423655131424,71,3.2914025546341223,15.682316541643004,0.012864213107565657
multiplicador,uniao_econ_dt_g1,fbcf_real_rs_bi,transferencia_grupos_1e2,diferenca,2003T1-2025T4,3,8,12.5467865558708,4.80460399816515,4.643916243423312,20.449656868318286,0.009016995814022485,11.5467865558708,0.016248945489422698,29.743710941506567,80,2004T1,2023T4,FALSE,5.2500711670155304,67,3.7901082561948254,21.30346485554677,0.019676085406243802
multiplicador,uniao_econ_dt_g1,fbcf_real_rs_bi,transferencia_grupos_1e2,diferenca,2003T1-2025T4,3,12,17.514096873822716,6.45554538167422,6.895669638826053,28.13252410881938,0.006667080279924135,16.514096873822716,0.010523802898233887,23.423207771993464,76,2004T1,2022T4,FALSE,7.0903791616091345,63,5.6774021486887385,29.350791598956693,0.016226636708189995
elasticidade,uniao_econ_dt_g1,fbcf_me,transferencia_grupos_1e2,diferenca,2003T1-2025T4,3,4,0.10494046672212567,0.0948498072256721,-0.05107358270866896,0.2609545161529203,0.2685596289062133,,,30.565667394824878,84,2004T1,2024T4,FALSE,0.10316845367436704,71,-0.0670000429218576,0.276880976366109,0.3125234426200815
elasticidade,uniao_econ_dt_g1,fbcf_me,transferencia_grupos_1e2,diferenca,2003T1-2025T4,3,8,0.1283947535341064,0.10507354982067003,-0.04443585598508884,0.3012253630533016,0.22172607015817936,,,31.89835272730892,80,2004T1,2023T4,FALSE,0.11481562570820385,67,-0.06310807873593346,0.3198975858041463,0.26744569743191
elasticidade,uniao_econ_dt_g1,fbcf_me,transferencia_grupos_1e2,diferenca,2003T1-2025T4,3,12,0.19644333834244201,0.13509985014459786,-0.02577614016850005,0.4186628168533841,0.14592956905328353,,,24.29353253257922,76,2004T1,2022T4,FALSE,0.14838547412602085,63,-0.051271701832556,0.44415837851744,0.1903292849729296
multiplicador,uniao_econ_dt_g1,fbcf_real_rs_bi,dummies_A4,diferenca,2003T1-2025T4,3,4,6.589500800617566,4.977709065426772,-1.5981020095588807,14.777103610794013,0.1855688394871559,5.589500800617566,0.26147729743371434,24.90848324639349,84,2004T1,2024T4,FALSE,5.452807079664404,70,-2.4998622719738535,15.678863873208986,0.23093679717900872
multiplicador,uniao_econ_dt_g1,fbcf_real_rs_bi,dummies_A4,diferenca,2003T1-2025T4,3,8,5.1579241544158165,10.003888964769741,-11.297008892905495,21.61285720173713,0.6061394662909522,4.1579241544158165,0.6776802012774734,16.97051200989334,80,2004T1,2023T4,FALSE,11.013919260558945,66,-13.216272594058484,23.532120902890117,0.6411061722287051
multiplicador,uniao_econ_dt_g1,fbcf_real_rs_bi,dummies_A4,diferenca,2003T1-2025T4,3,12,2.5297195091195874,16.774862780631484,-25.062474377215356,30.12191339545453,0.8801301849192158,1.5297195091195874,0.9273406841446857,8.763845251776555,76,2004T1,2022T4,FALSE,18.572481212234223,62,-28.48268692724524,33.542125945484415,0.8920982007446954
elasticidade,uniao_econ_dt_g1,fbcf_me,dummies_A4,diferenca,2003T1-2025T4,3,4,0.05679058814968191,0.11111510131817391,-0.1259774892625967,0.2395586655619605,0.6092831792942301,,,27.097524176757005,84,2004T1,2024T4,FALSE,0.12172049494287172,70,-0.1461070672684483,0.2596882435678121,0.642259571365502
elasticidade,uniao_econ_dt_g1,fbcf_me,dummies_A4,diferenca,2003T1-2025T4,3,8,0.047238382181212346,0.13279517349884495,-0.1711902405900127,0.2656670049524374,0.7220475411394632,,,33.68554453101995,80,2004T1,2023T4,FALSE,0.14620267420589664,66,-0.1966672282977139,0.2911439926601386,0.7476394309562289
elasticidade,uniao_econ_dt_g1,fbcf_me,dummies_A4,diferenca,2003T1-2025T4,3,12,0.0797626464922736,0.17062930162684783,-0.20089757915284367,0.3604228721373909,0.6401696587943588,,,25.808657047476537,76,2004T1,2022T4,FALSE,0.18891418309425845,62,-0.23568704279607539,0.3952123357806226,0.6743277294879567
multiplicador,uniao_econ_dt_g1,fbcf_real_rs_bi,G_deflator_fbcf,diferenca,2003T1-2025T4,3,4,7.824843108537843,3.0879149795547907,2.745674954699367,12.904011262376319,0.011276179623964412,6.824843108537843,0.02709278074931848,27.439175541698898,84,2004T1,2024T4,FALSE,3.3587354875757374,71,2.2271756925281982,13.422510524547487,0.022670531094696966
multiplicador,uniao_econ_dt_g1,fbcf_real_rs_bi,G_deflator_fbcf,diferenca,2003T1-2025T4,3,8,10.437763466151981,4.538956058986247,2.9718451299550956,17.903681802348867,0.021471140555740207,9.437763466151981,0.03759156335983768,21.05819043556326,80,2004T1,2023T4,FALSE,4.959793219739778,67,2.1652444323072615,18.7102824999967,0.03909178775123567
multiplicador,uniao_econ_dt_g1,fbcf_real_rs_bi,G_deflator_fbcf,diferenca,2003T1-2025T4,3,12,14.932371004325063,6.193933192118294,4.744257528174181,25.120484480475945,0.01591731470158314,13.932371004325063,0.024489750769524827,13.767001047416494,76,2004T1,2022T4,FALSE,6.803040213839363,63,3.57536055698084,26.289381451669286,0.03185981409558359
multiplicador,uniao_econ_dt_g1,fbcf_real_rs_bi,ctrl_cambio_real,diferenca,2003T1-2025T4,3,4,6.60927947828188,3.2095811440414956,1.3299882925101727,11.888570664053587,0.039471801889604814,5.60927947828188,0.08052168308744895,29.358143697614263,84,2004T1,2024T4,FALSE,3.5159199854695298,70,0.7485415473005128,12.470017409263246,0.064295273240564485
multiplicador,uniao_econ_dt_g1,fbcf_real_rs_bi,ctrl_cambio_real,diferenca,2003T1-2025T4,3,8,8.406104170982589,4.898514716705145,0.3487644725349721,16.463443869430208,0.08615259288076182,7.406104170982589,0.13055723833187144,19.554986260557367,80,2004T1,2023T4,FALSE,5.393087206030584,66,-0.5910241954965194,17.403232537461697,0.12385443926792927
multiplicador,uniao_econ_dt_g1,fbcf_real_rs_bi,ctrl_cambio_real,diferenca,2003T1-2025T4,3,12,11.694204012912667,7.314595649844746,-0.3372351714179178,23.72564319724325,0.10987633862013278,10.694204012912667,0.14373127580268713,13.273012552098333,76,2004T1,2022T4,FALSE,8.098438244078302,62,-1.8286018768957444,25.21700990272108,0.15377141496843025
elasticidade,uniao_econ_dt_g1,fbcf_me,ctrl_cambio_real,diferenca,2003T1-2025T4,3,4,0.07348432217085694,0.08663366824645534,-0.06901538126043565,0.21598402560214952,0.3963160259554786,,,25.468608542807864,84,2004T1,2024T4,FALSE,0.09490242867600523,70,-0.08470991028675139,0.23167855462846526,0.44135237153203344
elasticidade,uniao_econ_dt_g1,fbcf_me,ctrl_cambio_real,diferenca,2003T1-2025T4,3,8,0.07753290787282574,0.09467446004830339,-0.07819272111729828,0.23325853686294976,0.4128194079947333,,,24.395294104368904,80,2004T1,2023T4,FALSE,0.10423314999608531,66,-0.09635618287070946,0.25142199861636094,0.45961258915168046
elasticidade,uniao_econ_dt_g1,fbcf_me,ctrl_cambio_real,diferenca,2003T1-2025T4,3,12,0.12947756975177727,0.1327606246302237,-0.08889422518758905,0.3478493646911436,0.3294259165362871,,,18.94438888738275,76,2004T1,2022T4,FALSE,0.14698744418441612,62,-0.11596267638436267,0.37491781588791717,0.3817874652766634
multiplicador,uniao_econ_dt_g1,fbcf_real_rs_bi,ctrl_icbr_usd,diferenca,2003T1-2025T4,3,4,6.434320177771206,3.5199144000652938,0.6445762102650949,12.224064145277318,0.06755310537292368,5.434320177771206,0.12261776857182242,27.38531692257622,84,2004T1,2024T4,FALSE,3.85587303480605,70,0.006909586651569377,12.861730768890844,0.09964278151526633
multiplicador,uniao_econ_dt_g1,fbcf_real_rs_bi,ctrl_icbr_usd,diferenca,2003T1-2025T4,3,8,9.074993625880285,5.032179582238089,0.7977947885648238,17.35219246319575,0.07132663492996612,8.074993625880285,0.10856618420361966,19.343858581439946,80,2004T1,2023T4,FALSE,5.540247379652843,66,-0.16763771912145842,18.31762497088203,0.10617840284787325
multiplicador,uniao_econ_dt_g1,fbcf_real_rs_bi,ctrl_icbr_usd,diferenca,2003T1-2025T4,3,12,12.661406519880083,7.18898096970441,0.8365850977766769,24.48622794198349,0.07820048098559972,11.661406519880083,0.104777159039025,13.45662952333946,76,2004T1,2022T4,FALSE,7.959362514077048,62,-0.62917013706784,25.95198317682801,0.11675093663238148
elasticidade,uniao_econ_dt_g1,fbcf_me,ctrl_icbr_usd,diferenca,2003T1-2025T4,3,4,0.07282401582701849,0.08181814764819739,-0.061754861082570014,0.207402892736607,0.37342740038129135,,,26.865657427050255,84,2004T1,2024T4,FALSE,0.08962729016041193,70,-0.07657701185992162,0.2222250435139586,0.41924776361451366
elasticidade,uniao_econ_dt_g1,fbcf_me,ctrl_icbr_usd,diferenca,2003T1-2025T4,3,8,0.10142277380999039,0.09133864615629772,-0.048815929601032995,0.2516614772210138,0.2668250896158102,,,26.353963176466582,80,2004T1,2023T4,FALSE,0.10056053977378193,66,-0.06633940958942512,0.2691849572094059,0.3168622515289679
elasticidade,uniao_econ_dt_g1,fbcf_me,ctrl_icbr_usd,diferenca,2003T1-2025T4,3,12,0.15631158731054923,0.12618412649092567,-0.051242830811753126,0.3638660054328516,0.21543515815315858,,,18.0366263926761,76,2004T1,2022T4,FALSE,0.13970619904210516,62,-0.07697040537868952,0.38959357999978794,0.2675163459360069
multiplicador,uniao_econ_dt_g1,fbcf_real_rs_bi,ctrl_brent_usd,diferenca,2003T1-2025T4,3,4,8.987164769104242,3.800130950314206,2.7365055925893778,15.237823945619105,0.01803192771404613,7.987164769104242,0.03556965677454936,27.164461465879988,84,2004T1,2024T4,FALSE,4.162834885921268,70,2.048075023842829,15.926254514365654,0.03428728161140844
multiplicador,uniao_econ_dt_g1,fbcf_real_rs_bi,ctrl_brent_usd,diferenca,2003T1-2025T4,3,8,11.96379302246347,5.262809978579309,3.307240941240897,20.62034510368604,0.023009857212282412,10.96379302246347,0.03722767769690947,22.047300708028036,80,2004T1,2023T4,FALSE,5.794163089161257,66,2.2975615861896497,21.63002445873729,0.04287452744900666
multiplicador,uniao_econ_dt_g1,fbcf_real_rs_bi,ctrl_brent_usd,diferenca,2003T1-2025T4,3,12,17.004411984555254,6.825025489840639,5.778244053554635,28.23057991555587,0.012721226128890567,16.004411984555254,0.019029119387299117,15.906130365708862,76,2004T1,2022T4,FALSE,7.556405041324171,62,4.386695392925407,29.6221285761851,0.027985569532831638
elasticidade,uniao_econ_dt_g1,fbcf_me,ctrl_brent_usd,diferenca,2003T1-2025T4,3,4,0.09301720419981699,0.08911062589851033,-0.053556732009263475,0.23959114040889745,0.2965595854452799,,,28.155558124551504,84,2004T1,2024T4,FALSE,0.09761579983603634,70,-0.06969998593150004,0.255734394331134,0.3439242636775254
elasticidade,uniao_econ_dt_g1,fbcf_me,ctrl_brent_usd,diferenca,2003T1-2025T4,3,8,0.11638160709422175,0.09736306000516635,-0.04376637528636988,0.2765295894748134,0.2319556337613069,,,27.924901792791715,80,2004T1,2023T4,FALSE,0.10719320112751173,66,-0.0624456496724783,0.2952088638609218,0.28155341701908077
elasticidade,uniao_econ_dt_g1,fbcf_me,ctrl_brent_usd,diferenca,2003T1-2025T4,3,12,0.17848048003533135,0.12682691364464682,-0.030131228868127052,0.3870921889387897,0.15934554369938722,,,19.988058825943344,76,2004T1,2022T4,FALSE,0.14041786819207494,62,-0.055989860762858334,0.412950820833521,0.20845315603934794
multiplicador,uniao_econ_dt_g1,fbcf_real_rs_bi,ctrl_bndes_priv,diferenca,2003T1-2025T4,3,4,9.098788529934273,3.3308271340838895,3.6200654376880124,14.577511622180534,0.00630103197456655,8.098788529934273,0.01503791444238769,30.04260047093321,84,2004T1,2024T4,FALSE,3.6487383129760613,70,3.0166538057482724,15.180923254120273,0.015008437686443353
multiplicador,uniao_econ_dt_g1,fbcf_real_rs_bi,ctrl_bndes_priv,diferenca,2003T1-2025T4,3,8,11.98568480822052,4.777869977846752,4.126788046056744,19.8445815703843,0.012121638602763187,10.98568480822052,0.021488760599522195,23.468797529776896,80,2004T1,2023T4,FALSE,5.260261720094361,66,3.210145283466767,20.761224332974272,0.025937853970564292
multiplicador,uniao_econ_dt_g1,fbcf_real_rs_bi,ctrl_bndes_priv,diferenca,2003T1-2025T4,3,12,16.79759396808828,6.531878365059741,6.053610148513915,27.541577787662643,0.010122012756809132,15.797593968088279,0.015583031415431395,16.7593784444283,76,2004T1,2022T4,FALSE,7.2318438488654175,62,4.721831006615918,28.87335692956064,0.02349063005402493
elasticidade,uniao_econ_dt_g1,fbcf_me,ctrl_bndes_priv,diferenca,2003T1-2025T4,3,4,0.10980465976531478,0.08736710944346066,-0.03390144707902765,0.2535107666096572,0.20881911539481962,,,35.33047602591598,84,2004T1,2024T4,FALSE,0.09570587325241203,70,-0.04972884608982503,0.2693381656204546,0.25515826488127197
elasticidade,uniao_econ_dt_g1,fbcf_me,ctrl_bndes_priv,diferenca,2003T1-2025T4,3,8,0.1316354100954345,0.09594433086633006,-0.026178970515480515,0.2894497907063495,0.170064125201017,,,36.390802521827446,80,2004T1,2023T4,FALSE,0.10563123175312404,66,-0.044586059219847984,0.307856879410717,0.21710397845127055
elasticidade,uniao_econ_dt_g1,fbcf_me,ctrl_bndes_priv,diferenca,2003T1-2025T4,3,12,0.20064901754216255,0.11807900175245482,0.006426343242828064,0.39487169184149706,0.08926686742431857,,,25.03374423741595,76,2004T1,2022T4,FALSE,0.13073251747483347,62,-0.017648684312988605,0.4189467193973137,0.12991921102127504
multiplicador,uniao_econ_dt_g1,fbcf_real_rs_bi,ctrl_cambio_real+icbr_usd,diferenca,2003T1-2025T4,3,4,5.996310534904701,3.444100931834355,0.33126862559001946,11.661352444219382,0.08167692106367407,4.996310534904701,0.146867191809676,27.304021156948423,84,2004T1,2024T4,FALSE,3.8000644983230147,69,-0.3393034841262548,12.331924553935657,0.11915111822069657
multiplicador,uniao_econ_dt_g1,fbcf_real_rs_bi,ctrl_cambio_real+icbr_usd,diferenca,2003T1-2025T4,3,8,7.914710129919204,5.049261085787035,-0.39058528046252583,16.22000554030093,0.11699817252933926,6.914710129919204,0.17085868270809343,16.847718007092578,80,2004T1,2023T4,FALSE,5.601652230156963,65,-1.4324083055073782,17.261828565345787,0.16244870918969165
multiplicador,uniao_econ_dt_g1,fbcf_real_rs_bi,ctrl_cambio_real+icbr_usd,diferenca,2003T1-2025T4,3,12,10.864754496307759,7.449425541012335,-1.388460123531308,23.117969116146824,0.14471137753718044,9.864754496307759,0.18542659399585756,11.522480379196997,76,2004T1,2022T4,FALSE,8.31504611712279,61,-3.023197536987883,24.7527065296034,0.19624064636682495
elasticidade,uniao_econ_dt_g1,fbcf_me,ctrl_cambio_real+icbr_usd,diferenca,2003T1-2025T4,3,4,0.07175850365924835,0.08431882216679275,-0.06693361680207682,0.21045062412057353,0.39474836360795224,,,25.359713920936706,84,2004T1,2024T4,FALSE,0.09303355766806293,69,-0.08335063000472503,0.22686763732322174,0.44315161291769467
elasticidade,uniao_econ_dt_g1,fbcf_me,ctrl_cambio_real+icbr_usd,diferenca,2003T1-2025T4,3,8,0.07856279664457168,0.09411003701779168,-0.07623443907668022,0.2333600323658236,0.40383189516681517,,,25.01792726699945,80,2004T1,2023T4,FALSE,0.10440571200106524,65,-0.09565233048438436,0.2527779237735277,0.4544813315137334
elasticidade,uniao_econ_dt_g1,fbcf_me,ctrl_cambio_real+icbr_usd,diferenca,2003T1-2025T4,3,12,0.12505447489345048,0.13270622384612393,-0.09322783871888032,0.3433367885057813,0.34601824072978843,,,18.283501940609366,76,2004T1,2022T4,FALSE,0.14812663946162308,61,-0.12234952440128008,0.372458474188181,0.40183400277458314
multiplicador,uniao_econ_dt_g1,fbcf_real_rs_bi,ctrl_cambio_real+brent_usd,diferenca,2003T1-2025T4,3,4,8.407298509205454,3.903517364381319,1.986583814534793,14.828013203876115,0.031257813174523204,7.407298509205454,0.0577493361914742,29.15385681918625,84,2004T1,2024T4,FALSE,4.306963718125523,69,1.226562570629742,15.588034447781165,0.05499457887275298
multiplicador,uniao_econ_dt_g1,fbcf_real_rs_bi,ctrl_cambio_real+brent_usd,diferenca,2003T1-2025T4,3,8,10.393225121499416,5.682333749105711,1.0466178447341346,19.739832398264696,0.06739336838433943,9.393225121499416,0.09831913671108507,20.567720404242046,80,2004T1,2023T4,FALSE,6.30398329129236,65,-0.12582818949287677,20.91227843249171,0.1040395954342131
multiplicador,uniao_econ_dt_g1,fbcf_real_rs_bi,ctrl_cambio_real+brent_usd,diferenca,2003T1-2025T4,3,12,14.124996769487405,7.710153052536288,1.442923556672131,26.80706998230268,0.06695149061430114,13.124996769487405,0.08869906637652918,14.46590463855,76,2004T1,2022T4,FALSE,8.60607007197525,61,-0.24902914344770366,28.499022682422513,0.10588522424338391
elasticidade,uniao_econ_dt_g1,fbcf_me,ctrl_cambio_real+brent_usd,diferenca,2003T1-2025T4,3,4,0.09338943518837219,0.09352314585942101,-0.06044245048240797,0.24722132085915233,0.31800289681237803,,,26.14301255257114,84,2004T1,2024T4,FALSE,0.10318919026643775,69,-0.07865156062972666,0.265430431006471,0.36859817479418533
elasticidade,uniao_econ_dt_g1,fbcf_me,ctrl_cambio_real+brent_usd,diferenca,2003T1-2025T4,3,8,0.09607001946821564,0.10300540902995746,-0.07335880117032975,0.26549884010676106,0.35099055629297565,,,27.365803687997392,80,2004T1,2023T4,FALSE,0.11427424120235478,65,-0.09461209051471423,0.2867521294511455,0.40359968055833273
elasticidade,uniao_econ_dt_g1,fbcf_me,ctrl_cambio_real+brent_usd,diferenca,2003T1-2025T4,3,12,0.14624950042726143,0.13841520858610465,-0.08142325744083728,0.37392225829536013,0.2906942100852477,,,20.704886444278625,76,2004T1,2022T4,FALSE,0.15449900618084783,61,-0.11179774991966962,0.40429675077419247,0.34757504470292766
multiplicador,uniao_econ_dt_g1,fbcf_real_rs_bi,ctrl_cambio_real+bndes_priv,diferenca,2003T1-2025T4,3,4,7.049374786249521,3.0779128461943506,1.9866586777462167,12.112090894752825,0.022003348481140758,6.049374786249521,0.04936627326163566,32.390898071444965,84,2004T1,2024T4,FALSE,3.396029201015887,69,1.3873839899117684,12.711365582587273,0.0416440744003484
multiplicador,uniao_econ_dt_g1,fbcf_real_rs_bi,ctrl_cambio_real+bndes_priv,diferenca,2003T1-2025T4,3,8,8.857581609663317,4.6329204540035755,1.2371055975178775,16.478057621808755,0.055891763304320385,7.857581609663317,0.08987980918337696,21.357507639963966,80,2004T1,2023T4,FALSE,5.139763769863322,65,0.281186875911537,17.433976343415097,0.08958054910572388
multiplicador,uniao_econ_dt_g1,fbcf_real_rs_bi,ctrl_cambio_real+bndes_priv,diferenca,2003T1-2025T4,3,12,12.192904971624564,6.889436908494088,0.8607896850347299,23.525020258214397,0.07676095901480066,11.192904971624564,0.10423773556683634,15.025011596307293,76,2004T1,2022T4,FALSE,7.689987006347252,61,-0.651061156343486,25.036871099592616,0.11801096364027851
elasticidade,uniao_econ_dt_g1,fbcf_me,ctrl_cambio_real+bndes_priv,diferenca,2003T1-2025T4,3,4,0.08274617029301216,0.08125612563194534,-0.050908262664717555,0.2164006032507419,0.3085175318799082,,,31.71031717710409,84,2004T1,2024T4,FALSE,0.08965431745369098,69,-0.0667289638203493,0.23222130440637362,0.35925110788361403
elasticidade,uniao_econ_dt_g1,fbcf_me,ctrl_cambio_real+bndes_priv,diferenca,2003T1-2025T4,3,8,0.08476704498892154,0.08674406110364515,-0.05791423853390923,0.2274483285117523,0.3284658771135891,,,30.567181223341453,80,2004T1,2023T4,FALSE,0.09623389543113046,65,-0.07581229502341416,0.24534638500125724,0.38164770403298265
elasticidade,uniao_econ_dt_g1,fbcf_me,ctrl_cambio_real+bndes_priv,diferenca,2003T1-2025T4,3,12,0.14003689758471724,0.11644117625320342,-0.05149179350185998,0.3315655886712945,0.22911539107008297,,,21.521878687909823,76,2004T1,2022T4,FALSE,0.12997159917190537,61,-0.0770441996894296,0.3571179948588641,0.2855252595908053
multiplicador,uniao_econ_dt_g1,fbcf_real_rs_bi,ctrl_icbr_usd+brent_usd,diferenca,2003T1-2025T4,3,4,7.626431410176723,3.6703199690417847,1.5892922970259304,13.663570523327515,0.037721744578314426,6.626431410176723,0.07101058859726223,29.17116137490826,84,2004T1,2024T4,FALSE,4.049664306560606,69,0.8746749691117754,14.37818785124167,0.06388514864603874
multiplicador,uniao_econ_dt_g1,fbcf_real_rs_bi,ctrl_icbr_usd+brent_usd,diferenca,2003T1-2025T4,3,8,10.722265692591687,5.2034707193357495,2.163318007156498,19.281213378026877,0.039341328178121734,9.722265692591687,0.061703633625767265,22.448776258967168,80,2004T1,2023T4,FALSE,5.772732458135549,65,1.089676634003835,20.354854751179538,0.0677855497102187
multiplicador,uniao_econ_dt_g1,fbcf_real_rs_bi,ctrl_icbr_usd+brent_usd,diferenca,2003T1-2025T4,3,12,15.007196892547856,7.079458477688783,3.362523938669119,26.651869846426592,0.03402099892208797,14.007196892547856,0.04786455578927321,15.35728189284045,76,2004T1,2022T4,FALSE,7.902089013730657,61,1.8089738593005205,28.20541992579519,0.06227731231904769
elasticidade,uniao_econ_dt_g1,fbcf_me,ctrl_icbr_usd+brent_usd,diferenca,2003T1-2025T4,3,4,0.07978875744185988,0.08424529244045993,-0.05878241738241803,0.2183599322661378,0.34358757694828856,,,27.1805901288766,84,2004T1,2024T4,FALSE,0.09295242830857581,69,-0.07518511422654776,0.23476262911026752,0.39365323353339354
elasticidade,uniao_econ_dt_g1,fbcf_me,ctrl_icbr_usd+brent_usd,diferenca,2003T1-2025T4,3,8,0.11093409516237379,0.09504117387156076,-0.045394724389988345,0.26726291471473596,0.24312095752547103,,,27.51599936972515,80,2004T1,2023T4,FALSE,0.10543871559206175,65,-0.06500473892169872,0.2868729292464463,0.29664056277207546
elasticidade,uniao_econ_dt_g1,fbcf_me,ctrl_icbr_usd+brent_usd,diferenca,2003T1-2025T4,3,12,0.17077703461613722,0.12838403208603022,-0.04039590620322367,0.38194997543549813,0.1834508572587448,,,18.664690071436258,76,2004T1,2022T4,FALSE,0.1433022105691714,61,-0.06856910954433959,0.41012317877661403,0.2379844884170799
multiplicador,uniao_econ_dt_g1,fbcf_real_rs_bi,ctrl_icbr_usd+bndes_priv,diferenca,2003T1-2025T4,3,4,6.902407496288695,3.4414960992814345,1.241650155246286,12.563164837331104,0.04489450780141711,5.902407496288695,0.08633235216529206,29.43124343339408,84,2004T1,2024T4,FALSE,3.7971904444249605,69,0.571585210707525,13.233229781869865,0.07344108055003362
multiplicador,uniao_econ_dt_g1,fbcf_real_rs_bi,ctrl_icbr_usd+bndes_priv,diferenca,2003T1-2025T4,3,8,9.576037588064837,4.846470947646618,1.6043022719133617,17.547772904216313,0.04816854350464036,8.576037588064837,0.07680334112485591,20.662670296798815,80,2004T1,2023T4,FALSE,5.376676771318903,65,0.6043212969382523,18.547753879191422,0.07957945808962023
multiplicador,uniao_econ_dt_g1,fbcf_real_rs_bi,ctrl_icbr_usd+bndes_priv,diferenca,2003T1-2025T4,3,12,13.321875914696239,6.890407254470512,1.9881645510076869,24.655587278384793,0.05318761067030603,12.321875914696239,0.07373322200309163,14.827758264220703,76,2004T1,2022T4,FALSE,7.6910701061781195,61,0.47610077228780057,26.167651057104678,0.08830591643132749
elasticidade,uniao_econ_dt_g1,fbcf_me,ctrl_icbr_usd+bndes_priv,diferenca,2003T1-2025T4,3,4,0.08275625871176989,0.07735625107160483,-0.04448345143072799,0.20999596885426777,0.2847061918552934,,,32.93061940505685,84,2004T1,2024T4,FALSE,0.0853513730400469,69,-0.059544840602386157,0.22505735802592594,0.3356349951611577
elasticidade,uniao_econ_dt_g1,fbcf_me,ctrl_icbr_usd+bndes_priv,diferenca,2003T1-2025T4,3,8,0.10989914283606672,0.08495573726564963,-0.029840609735673373,0.24963889540780682,0.1958019907983489,,,32.7954523688455,80,2004T1,2023T4,FALSE,0.09424992826342972,65,-0.047369678185343156,0.2671679638574766,0.24785918962722045
elasticidade,uniao_econ_dt_g1,fbcf_me,ctrl_icbr_usd+bndes_priv,diferenca,2003T1-2025T4,3,12,0.16966049143880474,0.11009017736409028,-0.011421736090249962,0.35074271896785947,0.12329130245804715,,,21.032491742145066,76,2004T1,2022T4,FALSE,0.12288261648967898,61,-0.03558044883935299,0.37490143171696244,0.17241820604511582
multiplicador,uniao_econ_dt_g1,fbcf_real_rs_bi,ctrl_brent_usd+bndes_priv,diferenca,2003T1-2025T4,3,4,9.476608983681846,3.7178665826566992,3.3612626506773013,15.591955316686391,0.010805171019452033,8.476608983681846,0.02260971172470646,29.409360884569733,84,2004T1,2024T4,FALSE,4.102125079920488,69,2.63738791897834,16.31583004838535,0.023875246423507298
multiplicador,uniao_econ_dt_g1,fbcf_real_rs_bi,ctrl_brent_usd+bndes_priv,diferenca,2003T1-2025T4,3,8,12.439993483423253,5.021637688093209,4.180134518926936,20.699852447919568,0.013238867184194775,11.439993483423253,0.022718240076205688,23.625526527429553,80,2004T1,2023T4,FALSE,5.571006821914619,65,3.1440110786843825,21.735975888162123,0.0289993464990777
multiplicador,uniao_econ_dt_g1,fbcf_real_rs_bi,ctrl_brent_usd+bndes_priv,diferenca,2003T1-2025T4,3,12,17.553411655176163,6.4405598541540865,6.959633419472773,28.147189890879552,0.006421426998451318,16.553411655176163,0.010164506911948545,17.335280954694667,76,2004T1,2022T4,FALSE,7.1889505992838245,61,5.546286296365436,29.560537013986888,0.017532516043409364
elasticidade,uniao_econ_dt_g1,fbcf_me,ctrl_brent_usd+bndes_priv,diferenca,2003T1-2025T4,3,4,0.10332114512115974,0.0844411600176628,-0.0355722031978825,0.24221449344020196,0.2211078897810228,,,34.773703139542846,84,2004T1,2024T4,FALSE,0.0931685396947496,69,-0.05201303578108306,0.2586553260234025,0.2712933182678209
elasticidade,uniao_econ_dt_g1,fbcf_me,ctrl_brent_usd+bndes_priv,diferenca,2003T1-2025T4,3,8,0.12530409690545122,0.09025935647398077,-0.023159332957081835,0.27376752676798427,0.16505572032054874,,,34.98521027825959,80,2004T1,2023T4,FALSE,0.10013376549456009,65,-0.04178270659585401,0.2923909004067564,0.21528561045138492
elasticidade,uniao_econ_dt_g1,fbcf_me,ctrl_brent_usd+bndes_priv,diferenca,2003T1-2025T4,3,12,0.1924885434419283,0.10996874597332924,0.011606052776392678,0.373371034107464,0.08005049128444051,,,23.27407463603747,76,2004T1,2022T4,FALSE,0.12274707481486319,61,-0.01252601249008875,0.39750309937394535,0.12201424472964821
multiplicador,uniao_soc_dt_g1,fbcf_real_rs_bi,pib_cresc,diferenca,2003T1-2025T4,3,4,1.6962178014892373,3.7653274770969363,-4.497194755873692,7.889630358852167,0.6523618679022922,0.6962178014892373,0.8533056480618528,167.34749987937667,84,2004T1,2024T4,FALSE,4.095559334827567,71,-5.129439986598623,8.521875589577098,0.6800053052792391
multiplicador,uniao_soc_dt_g1,fbcf_real_rs_bi,pib_cresc,diferenca,2003T1-2025T4,3,8,5.293905306928918,4.618796270061701,-2.303338490031998,12.891149103889834,0.2517266467172835,4.293905306928918,0.35254769309387746,81.65747262266932,80,2004T1,2023T4,FALSE,5.047035954062055,67,-3.124127289330721,13.711937903188558,0.29798681144160966
multiplicador,uniao_soc_dt_g1,fbcf_real_rs_bi,pib_cresc,diferenca,2003T1-2025T4,3,12,5.152241161160653,5.835739042468191,-4.446695368785459,14.751177691106765,0.3773026036632105,4.152241161160653,0.47676247381339243,116.2929864830007,76,2004T1,2022T4,FALSE,6.40962150413606,63,-5.547995218143846,15.852477540465152,0.42451830663843215
elasticidade,uniao_soc_dt_g1,fbcf_me,pib_cresc,diferenca,2003T1-2025T4,3,4,0.02903056001133497,0.06438268873622013,-0.07686953906932437,0.1349306590919943,0.6520570821821134,,,111.912479580598,84,2004T1,2024T4,FALSE,0.07002926663319692,71,-0.08768019183254881,0.14574131185521877,0.6797219692488172
elasticidade,uniao_soc_dt_g1,fbcf_me,pib_cresc,diferenca,2003T1-2025T4,3,8,0.060996557440655144,0.0788972455026928,-0.06877786298092976,0.19077097786224007,0.4394549734878074,,,68.95524305098678,80,2004T1,2023T4,FALSE,0.08621234006565782,67,-0.08279839378976465,0.20479150867107493,0.4817001193729401
elasticidade,uniao_soc_dt_g1,fbcf_me,pib_cresc,diferenca,2003T1-2025T4,3,12,0.07071721197644104,0.11373733740776323,-0.11636405997852159,0.2577984839314037,0.5341003565121188,,,84.31312912740063,76,2004T1,2022T4,FALSE,0.1249221869529735,63,-0.1378281644633267,0.27926258841620877,0.5733435429873273
multiplicador,uniao_soc_dt_g1,fbcf_real_rs_bi,ordem_invertida_dy_t,diferenca,2003T1-2025T4,3,4,1.8583206873548566,4.253583005746018,-5.138200747185623,8.854842121895336,0.6621957608926183,0.8583206873548566,0.8400827058446376,141.3231120488475,84,2004T1,2024T4,FALSE,4.65956672493544,70,-5.908778552567373,9.625419927277086,0.6912410815579391
multiplicador,uniao_soc_dt_g1,fbcf_real_rs_bi,ordem_invertida_dy_t,diferenca,2003T1-2025T4,3,8,5.407590952466779,5.2685754805443095,-3.25844453557412,14.073626440507677,0.3047097782472338,4.407590952466779,0.4028280428791013,62.452258298068216,80,2004T1,2023T4,FALSE,5.800510697912488,66,-4.269230012322573,15.08441191725613,0.3545994702405477
multiplicador,uniao_soc_dt_g1,fbcf_real_rs_bi,ordem_invertida_dy_t,diferenca,2003T1-2025T4,3,12,4.526658844589084,6.994584110939907,-6.978408199307555,16.031725888485724,0.5175243448682385,3.5266588445890843,0.6141218916175443,78.53960299102651,76,2004T1,2022T4,FALSE,7.744133808224995,62,-8.404528023435006,17.457845712613175,0.5609865722730036
elasticidade,uniao_soc_dt_g1,fbcf_me,ordem_invertida_dy_t,diferenca,2003T1-2025T4,3,4,0.12458406152305357,0.07252293231341962,0.005294453270169225,0.2438736697759379,0.08582261466374333,,,98.62576490397974,84,2004T1,2024T4,FALSE,0.0794448919289605,70,-0.007843779120366379,0.2570119021664735,0.12134834296286627
elasticidade,uniao_soc_dt_g1,fbcf_me,ordem_invertida_dy_t,diferenca,2003T1-2025T4,3,8,0.16424068820785978,0.08198819373652419,0.029382110373138037,0.2990992660425815,0.04515328893181719,,,60.71398329640371,80,2004T1,2023T4,FALSE,0.09026603047207317,66,0.013652531134927093,0.31482884528079247,0.07336815290104716
elasticidade,uniao_soc_dt_g1,fbcf_me,ordem_invertida_dy_t,diferenca,2003T1-2025T4,3,12,0.1691135699310654,0.10460387421957518,-0.002944491972178359,0.3411716318343092,0.10594204955934004,,,96.3233159689948,76,2004T1,2022T4,FALSE,0.1158133758872296,62,-0.024272087199998793,0.3624992270621296,0.1492772850650919
multiplicador,uniao_soc_dt_g1,fbcf_real_rs_bi,p2,diferenca,2003T1-2025T4,2,4,5.851962792697607,3.398848799371705,0.26135401759140464,11.44257156780381,0.08511508899149237,4.851962792697607,0.15342683123651832,101.55918806493985,85,2003T4,2024T4,FALSE,3.6427171301553054,74,-0.2157362392823856,11.9196618246776,0.11242693943906425
multiplicador,uniao_soc_dt_g1,fbcf_real_rs_bi,p2,diferenca,2003T1-2025T4,2,8,10.222519685060359,3.9159962641500483,3.7812790268447394,16.663760343275978,0.009042270068350879,9.222519685060359,0.018518270326833973,107.95151682446652,81,2003T4,2023T4,FALSE,4.212459692062868,70,3.2007096319211676,17.24432973819955,0.017813281826575215
multiplicador,uniao_soc_dt_g1,fbcf_real_rs_bi,p2,diferenca,2003T1-2025T4,2,12,10.330161411830758,5.069662344986386,1.9913089162605981,18.669013907400917,0.04158565982962464,9.330161411830758,0.06571084055179408,92.03389616473163,77,2003T4,2022T4,FALSE,5.475861181056517,66,1.1949436634704682,19.46537916019105,0.06362919313817145
elasticidade,uniao_soc_dt_g1,fbcf_me,p2,diferenca,2003T1-2025T4,2,4,0.10824137162792678,0.08679313989086493,-0.034520639316068844,0.2510033825719224,0.2123538764930283,,,70.18453742520892,85,2003T4,2024T4,FALSE,0.09302057141196272,74,-0.04670363533903697,0.2631863785948905,0.2483129440580004
elasticidade,uniao_soc_dt_g1,fbcf_me,p2,diferenca,2003T1-2025T4,2,8,0.1361609524915931,0.10626193996068826,-0.038624384859644506,0.3109462898428307,0.20006343736499066,,,64.25786756489603,81,2003T4,2023T4,FALSE,0.11430657965194943,70,-0.05437834018160437,0.32670024516479057,0.23760208648315514
elasticidade,uniao_soc_dt_g1,fbcf_me,p2,diferenca,2003T1-2025T4,2,12,0.1434307512190306,0.13896419674305066,-0.08514501181017414,0.37200651424823533,0.30200571131579573,,,77.76385164939583,77,2003T4,2022T4,FALSE,0.1500984875757076,66,-0.10697412983368504,0.39383563227174623,0.34277276533326584
multiplicador,uniao_soc_dt_g1,fbcf_real_rs_bi,p4,diferenca,2003T1-2025T4,4,4,10.13123163784427,4.3322864181546805,3.0052546099499438,17.257208665738595,0.019359174761275195,9.13123163784427,0.0350555177750415,117.94926006813347,83,2004T2,2024T4,FALSE,4.786320221000225,68,2.149696710287519,18.11276656540102,0.0379469117908292
multiplicador,uniao_soc_dt_g1,fbcf_real_rs_bi,p4,diferenca,2003T1-2025T4,4,8,14.944576924021991,4.603937434411902,7.371773736771921,22.51738011127206,0.001170213374703789,13.944576924021991,0.002454969451152555,75.05457539462294,79,2004T2,2023T4,FALSE,5.115086375276265,64,6.407431139562645,23.481722708481335,0.004805517955633904
multiplicador,uniao_soc_dt_g1,fbcf_real_rs_bi,p4,diferenca,2003T1-2025T4,4,12,16.232463174213965,5.730703912806944,6.806294058248474,25.658632290179455,0.004617940707024512,15.232463174213965,0.007859563015084689,87.63169491845557,75,2004T2,2022T4,FALSE,6.407121753980177,60,5.5284124886211785,26.93651385980675,0.01392350665979064
elasticidade,uniao_soc_dt_g1,fbcf_me,p4,diferenca,2003T1-2025T4,4,4,0.1627487937821627,0.10000242541371346,-0.0017405583635279054,0.3272381459278533,0.10364188531451828,,,129.2056813935458,83,2004T2,2024T4,FALSE,0.11048291472626129,68,-0.021489452316977076,0.3469870398813025,0.14534682104373248
elasticidade,uniao_soc_dt_g1,fbcf_me,p4,diferenca,2003T1-2025T4,4,8,0.1974647690855436,0.11140426899211092,0.01422105317599262,0.3807084849950946,0.07631054977969727,,,57.53747647178246,79,2004T2,2023T4,FALSE,0.12377285021510055,64,-0.009113730067814907,0.40404326823890213,0.11555394434635977
elasticidade,uniao_soc_dt_g1,fbcf_me,p4,diferenca,2003T1-2025T4,4,12,0.2263688494004236,0.14221968527068984,-0.007561715740967367,0.46029941454181456,0.11145564319103127,,,53.84743698168905,75,2004T2,2022T4,FALSE,0.15900644200194405,60,-0.03927508244264913,0.49201278124349634,0.15972870341852327
multiplicador,uniao_soc_dt_g1,fbcf_real_rs_bi,exogenas_so_defasadas,diferenca,2003T1-2025T4,3,4,4.097648513802295,4.3050212410045345,-2.9834812885671385,11.17877831617173,0.34118318759828875,3.0976485138022953,0.4718063299138182,154.20193131193548,84,2004T1,2024T4,FALSE,4.820338537659162,67,-3.942271808612438,12.137568836217028,0.39831105867716876
multiplicador,uniao_soc_dt_g1,fbcf_real_rs_bi,exogenas_so_defasadas,diferenca,2003T1-2025T4,3,8,8.161351352403768,5.0074818500679825,-0.07522333057421804,16.397926035381754,0.10313712706072169,7.161351352403768,0.15267963490339864,59.861830415871275,80,2004T1,2023T4,FALSE,5.642792788081039,63,-1.2587394646498975,17.581442169457432,0.1530411759193556
multiplicador,uniao_soc_dt_g1,fbcf_real_rs_bi,exogenas_so_defasadas,diferenca,2003T1-2025T4,3,12,7.984232478975414,5.885569556996376,-1.6966679535252407,17.66513291147607,0.1749154277986601,6.984232478975414,0.23535756791373463,84.20265019332128,76,2004T1,2022T4,FALSE,6.6798896326750175,59,-3.178484541410853,19.146949499361682,0.2367661944293883
elasticidade,uniao_soc_dt_g1,fbcf_me,exogenas_so_defasadas,diferenca,2003T1-2025T4,3,4,0.07208624766176783,0.09023481201102208,-0.07633681015184604,0.2205093054753817,0.4243634605748732,,,167.7676629803316,84,2004T1,2024T4,FALSE,0.10103605009708741,67,-0.09643340840092926,0.24060590372446491,0.4780325468266924
elasticidade,uniao_soc_dt_g1,fbcf_me,exogenas_so_defasadas,diferenca,2003T1-2025T4,3,8,0.11913071696997653,0.10522225618143644,-0.053944492746076086,0.2922059266860291,0.2575580357993062,,,57.535558520900366,80,2004T1,2023T4,FALSE,0.1185720500051666,63,-0.07881372674097988,0.31707516068093294,0.3188791875233237
elasticidade,uniao_soc_dt_g1,fbcf_me,exogenas_so_defasadas,diferenca,2003T1-2025T4,3,12,0.11958472843507666,0.11451023286593401,-0.0687678434175125,0.3079373002876658,0.29633977778027154,,,47.12916845556837,76,2004T1,2022T4,FALSE,0.1299646040963144,59,-0.09759821589041566,0.33676767276056896,0.36125013669296857
multiplicador,uniao_soc_dt_g1,fbcf_real_rs_bi,selic_media,diferenca,2003T1-2025T4,3,4,3.9789299466429315,4.39194565942699,-3.245177800639325,11.203037693925188,0.3649566802968383,2.9789299466429315,0.49759979986263064,138.93619670241037,84,2004T1,2024T4,FALSE,4.77713403493657,71,-3.982640003771967,11.94049989705783,0.407687730009488
multiplicador,uniao_soc_dt_g1,fbcf_real_rs_bi,selic_media,diferenca,2003T1-2025T4,3,8,7.323129103139289,5.312634629503874,-1.4153772358681458,16.061635442146724,0.16806858278559936,6.323129103139289,0.23396547315038022,67.6066298160087,80,2004T1,2023T4,FALSE,5.805204736935282,67,-2.359465423287819,17.005723629566397,0.21151163562910102
multiplicador,uniao_soc_dt_g1,fbcf_real_rs_bi,selic_media,diferenca,2003T1-2025T4,3,12,6.89806376013043,6.4375026763442005,-3.6906858655641326,17.486813385824995,0.28392514951546516,5.89806376013043,0.35956006610997804,80.70038293480093,76,2004T1,2022T4,FALSE,7.07056214936193,63,-4.905548400730472,18.701675920991335,0.33299242746343716
elasticidade,uniao_soc_dt_g1,fbcf_me,selic_media,diferenca,2003T1-2025T4,3,4,0.08646203939348165,0.08890809026915855,-0.05977875535107263,0.23270283413803594,0.3308078961715598,,,101.54715744286136,84,2004T1,2024T4,FALSE,0.09670562819791889,71,-0.07470752751961621,0.24763160630657952,0.374302798918836
elasticidade,uniao_soc_dt_g1,fbcf_me,selic_media,diferenca,2003T1-2025T4,3,8,0.11192900733261646,0.10387472182337203,-0.05892970560713218,0.2827877202723651,0.28123978032314684,,,58.78743723043546,80,2004T1,2023T4,FALSE,0.11350564629986368,67,-0.07738888917310391,0.30124690383833685,0.32762713350631445
elasticidade,uniao_soc_dt_g1,fbcf_me,selic_media,diferenca,2003T1-2025T4,3,12,0.1132151625376205,0.12552374822701173,-0.09325303000212311,0.3196833550773641,0.3670875856911496,,,77.8919109872024,76,2004T1,2022T4,FALSE,0.13786766509959145,63,-0.11694142388116825,0.34337174895640926,0.41463636787244107
multiplicador,uniao_soc_dt_g1,fbcf_real_rs_bi,sub_ate_2014T4,diferenca,2003T1-2014T4,3,4,-1.3168764997796316,5.068781020793758,-9.654279346055027,7.020526346495764,0.7950169566360604,-2.3168764997796316,0.6476081467208165,107.68526747887545,40,2004T1,2013T4,FALSE,5.952981407404947,29,-11.431748097552793,8.79799509799353,0.8264768580141899
multiplicador,uniao_soc_dt_g1,fbcf_real_rs_bi,sub_ate_2014T4,diferenca,2003T1-2014T4,3,8,-3.026939269653951,8.602706747578114,-17.17713266500771,11.123254125699807,0.7249440542877816,-4.026939269653951,0.6397120617437766,10.809344836663472,36,2004T1,2012T4,FALSE,10.323248097093737,25,-20.66050013281587,14.606621593507967,0.7717774254728224
multiplicador,uniao_soc_dt_g1,fbcf_real_rs_bi,sub_ate_2014T4,diferenca,2003T1-2014T4,3,12,7.094128829004347,4.436385095928113,-0.20307528658646135,14.391332944595156,0.10980312096356286,6.094128829004347,0.16954417446687065,34.64105127118825,32,2004T1,2011T4,FALSE,5.4763926561888345,21,-2.3293349671436783,16.517592625152375,0.20924143516957858
elasticidade,uniao_soc_dt_g1,fbcf_me,sub_ate_2014T4,diferenca,2003T1-2014T4,3,4,-0.027853142597466296,0.08551696555485332,-0.16851603355625083,0.11280974836131824,0.7446489825157689,,,41.5895652559751,40,2004T1,2013T4,FALSE,0.1004345825707046,29,-0.19850425624196064,0.14279797104702804,0.7834970083191168
elasticidade,uniao_soc_dt_g1,fbcf_me,sub_ate_2014T4,diferenca,2003T1-2014T4,3,8,-0.059872765534357386,0.09783532889780908,-0.22079756111590876,0.10105203004719399,0.5405543649320907,,,12.929417401224706,36,2004T1,2012T4,FALSE,0.11740239467737089,25,-0.2604125813513576,0.14066705028264284,0.6145392082552456
elasticidade,uniao_soc_dt_g1,fbcf_me,sub_ate_2014T4,diferenca,2003T1-2014T4,3,12,-0.0011860838721027278,0.08426867590978467,-0.13979572108071012,0.13742355333650466,0.9887701242070482,,,10.811180227528684,32,2004T1,2011T4,FALSE,0.10402351191799686,21,-0.18018380373056261,0.17781163598635716,0.9910102861442596
multiplicador,uniao_soc_dt_g1,fbcf_real_rs_bi,sub_de_2015T1,diferenca,2015T1-2025T4,3,4,5.189456242369018,7.587269304055511,-7.290491191064256,17.669403675802293,0.49399480423091907,4.189456242369018,0.5808324505043885,84.72760815130462,40,2015T1,2024T4,FALSE,9.234930105994946,27,-10.540293504223591,20.91920598896163,0.5787939220430456
multiplicador,uniao_soc_dt_g1,fbcf_real_rs_bi,sub_de_2015T1,diferenca,2015T1-2025T4,3,8,9.437442372193747,8.04229215637155,-3.790951050217368,22.66583579460486,0.24060469955403654,8.437442372193747,0.29411643631314077,90.62715911032643,36,2015T1,2023T4,FALSE,10.061603019969732,23,-7.806852567226084,26.681737311613578,0.3580078900281576
multiplicador,uniao_soc_dt_g1,fbcf_real_rs_bi,sub_de_2015T1,diferenca,2015T1-2025T4,3,12,15.309239646152719,10.307031676364382,-1.6443187898189393,32.26279808212438,0.1374590928557495,14.309239646152719,0.16504607930595894,209.36230203740652,32,2015T1,2022T4,FALSE,13.376170609436926,19,-7.819935847132459,38.43841513943789,0.26662375453884224
elasticidade,uniao_soc_dt_g1,fbcf_me,sub_de_2015T1,diferenca,2015T1-2025T4,3,4,-0.005870542723565908,0.12200117586001981,-0.2065446193292638,0.19480353388213198,0.961621612041341,,,93.51821987878668,40,2015T1,2024T4,FALSE,0.14849510235708352,27,-0.2588005348147108,0.247059449367579,0.9687558614358078
elasticidade,uniao_soc_dt_g1,fbcf_me,sub_de_2015T1,diferenca,2015T1-2025T4,3,8,0.021543769461153606,0.11515386339252699,-0.1678674803975187,0.2109550193198259,0.8515925662624376,,,58.71757499614443,36,2015T1,2023T4,FALSE,0.14406744211020717,23,-0.22536931764687648,0.2684568565691837,0.8824315148705857
elasticidade,uniao_soc_dt_g1,fbcf_me,sub_de_2015T1,diferenca,2015T1-2025T4,3,12,0.1588405919620416,0.2065041310430725,-0.18082847696461818,0.49850966088870136,0.4417814474995688,,,77.93852476460603,32,2015T1,2022T4,FALSE,0.2679951488574435,19,-0.3045586132559175,0.6222397971800007,0.5603711131891564
multiplicador,uniao_soc_dt_g1,fbcf_real_rs_bi,ate_2019T4,diferenca,2003T1-2019T4,3,4,2.7094404702662125,5.0602984020637365,-5.61400970982506,11.032890650357485,0.5923518809768789,1.7094404702662125,0.7355032360102964,115.48932016958638,60,2004T1,2018T4,FALSE,5.599557553723673,49,-6.678502744688659,12.097383685221084,0.6306358688062137
multiplicador,uniao_soc_dt_g1,fbcf_real_rs_bi,ate_2019T4,diferenca,2003T1-2019T4,3,8,4.307029106141961,8.196921251138193,-9.175706543628289,17.78976475591221,0.5992740628703542,3.307029106141961,0.6866188948674965,51.01727489819841,56,2004T1,2017T4,FALSE,9.144048468633345,45,-11.049736371821693,19.663794584105617,0.6399019469766423
multiplicador,uniao_soc_dt_g1,fbcf_real_rs_bi,ate_2019T4,diferenca,2003T1-2019T4,3,12,8.984629960448828,8.87845129167545,-5.619122848375513,23.588382769273167,0.3115575889583118,7.984629960448828,0.3684785701368423,41.998964317450124,52,2004T1,2016T4,FALSE,9.998778781053142,41,-7.842094898376796,25.811354819274452,0.37412727803131096
elasticidade,uniao_soc_dt_g1,fbcf_me,ate_2019T4,diferenca,2003T1-2019T4,3,4,0.06630344504546004,0.11519879964418799,-0.12318171836973846,0.25578860846065854,0.5649148316016643,,,157.1053311414003,60,2004T1,2018T4,FALSE,0.12747515215000715,49,-0.14741513507810372,0.2800220251690238,0.6053162396422955
elasticidade,uniao_soc_dt_g1,fbcf_me,ate_2019T4,diferenca,2003T1-2019T4,3,8,-0.017332598580167335,0.20261871083330357,-0.3506107199825581,0.31594552282222343,0.9318297658209398,,,56.81466008854885,56,2004T1,2017T4,FALSE,0.22603063464278927,45,-0.39693463797786394,0.36226944081752926,0.9392160391226376
elasticidade,uniao_soc_dt_g1,fbcf_me,ate_2019T4,diferenca,2003T1-2019T4,3,12,0.15576472156111798,0.17774760900172634,-0.13660407778732364,0.4481335209095596,0.3808532308536728,,,27.174244059559037,52,2004T1,2016T4,FALSE,0.20017669330863735,41,-0.18110823214765348,0.49263767526988944,0.4409563378570086
multiplicador,uniao_soc_dt_g1,fbcf_real_rs_bi,sem_2020_2021,diferenca,2003T1-2025T4,3,4,3.9668589787480273,4.84014517745488,-3.9944713713603055,11.92818932885636,0.412458784351588,2.9668589787480273,0.5398968335632242,90.48934103921235,68,2004T1,2024T4,FALSE,5.875713392241304,57,-5.857503553396336,13.79122151089239,0.5023239826291948
multiplicador,uniao_soc_dt_g1,fbcf_real_rs_bi,sem_2020_2021,diferenca,2003T1-2025T4,3,8,8.664798683260965,6.654842847317941,-2.281443710942007,19.611041077463938,0.1929064565434342,7.664798683260965,0.24941866614753405,28.903178605826366,60,2004T1,2023T4,FALSE,8.503246277817812,49,-5.591326453955427,22.920923820477356,0.31320850387252747
multiplicador,uniao_soc_dt_g1,fbcf_real_rs_bi,sem_2020_2021,diferenca,2003T1-2025T4,3,12,8.984629960445014,8.878451291674766,-5.619122848378202,23.58838276926823,0.3115575889584798,7.984629960445014,0.3684785701370343,41.998964317459766,52,2004T1,2022T4,FALSE,12.087934114823375,41,-11.35788845262075,29.32714837351078,0.46155474983965694
elasticidade,uniao_soc_dt_g1,fbcf_me,sem_2020_2021,diferenca,2003T1-2025T4,3,4,0.09926898830579028,0.09405050299350648,-0.055430322659689085,0.2539682992712696,0.2912031134385461,,,99.68052727975348,68,2004T1,2024T4,FALSE,0.11417298029819857,57,-0.09163153303448099,0.2901695096460616,0.38824146933878745
elasticidade,uniao_soc_dt_g1,fbcf_me,sem_2020_2021,diferenca,2003T1-2025T4,3,8,0.12573564658870243,0.12549027345822658,-0.08067748485619355,0.33214877803359844,0.31636517455598506,,,25.858312941109716,60,2004T1,2023T4,FALSE,0.16034558969578985,49,-0.1430918949429499,0.39456318812035474,0.4367241601933103
elasticidade,uniao_soc_dt_g1,fbcf_me,sem_2020_2021,diferenca,2003T1-2025T4,3,12,0.1557647215610732,0.17774760900166736,-0.13660407778727138,0.4481335209094178,0.3808532308536515,,,27.174244059553555,52,2004T1,2022T4,FALSE,0.24200182172472615,41,-0.25149482069550966,0.5630242638176561,0.5233860185201483
multiplicador,uniao_soc_dt_g1,fbcf_real_rs_bi,sem_2016T4_2018T1,diferenca,2003T1-2025T4,3,4,3.558924530715799,4.455629758539333,-3.769934237970532,10.88778329940213,0.42443665575211087,2.558924530715799,0.5657562509589056,112.07374200025549,70,2004T1,2024T4,FALSE,5.408929377792924,57,-5.484961644599098,12.602810706030697,0.5132047575179826
multiplicador,uniao_soc_dt_g1,fbcf_real_rs_bi,sem_2016T4_2018T1,diferenca,2003T1-2025T4,3,8,-1.6266386967595932,7.685256005192509,-14.26775991095107,11.014482517431883,0.8323745896703922,-2.626638696759593,0.7325192137886654,42.03886538069627,62,2004T1,2023T4,FALSE,9.819859915485102,49,-18.090133603438606,14.83685620991942,0.8691156552294615
multiplicador,uniao_soc_dt_g1,fbcf_real_rs_bi,sem_2016T4_2018T1,diferenca,2003T1-2025T4,3,12,9.457526954197006,3.7250701428976716,3.330331819003134,15.584722089390876,0.011120617919433765,8.457526954197006,0.0231812464554665,59.16622721517534,54,2004T1,2022T4,FALSE,5.0716505594467165,41,0.9225577932000864,17.992496115193923,0.06938073714780668
elasticidade,uniao_soc_dt_g1,fbcf_me,sem_2016T4_2018T1,diferenca,2003T1-2025T4,3,4,0.1266717814092758,0.0898120804055746,-0.021055944789890785,0.27439950760844234,0.15841890048268964,,,82.94492639633835,70,2004T1,2024T4,FALSE,0.10902773042472584,57,-0.055625733504199,0.3089692963227506,0.2501461284412142
elasticidade,uniao_soc_dt_g1,fbcf_me,sem_2016T4_2018T1,diferenca,2003T1-2025T4,3,8,0.051206381180936976,0.09141286015394433,-0.099154393393286,0.20156715575515996,0.5753661787534279,,,51.96868589579652,62,2004T1,2023T4,FALSE,0.11680306818394366,49,-0.14461990704324101,0.24703266940511498,0.6630236815687709
elasticidade,uniao_soc_dt_g1,fbcf_me,sem_2016T4_2018T1,diferenca,2003T1-2025T4,3,12,0.08098242946032513,0.10146437319473274,-0.08591161279538867,0.24787647171603894,0.4247912263146871,,,46.12573850403801,54,2004T1,2022T4,FALSE,0.13814286049300648,41,-0.15149515161504296,0.3134600105356932,0.5609398380119318
multiplicador,uniao_soc_dt_g1,fbcf_real_rs_bi,choques_sem_AO,diferenca,2003T1-2025T4,3,4,6.585745346493388,4.468318876678893,-0.7639851641876145,13.93547585717439,0.1405151378062946,5.585745346493388,0.2112712008266036,127.60633968034401,84,2004T1,2024T4,FALSE,4.860205439681426,71,-1.5142713786861588,14.685762071672935,0.1797023072329601
multiplicador,uniao_soc_dt_g1,fbcf_real_rs_bi,choques_sem_AO,diferenca,2003T1-2025T4,3,8,10.937740325644027,5.303784529138351,2.2137911063217075,19.661689544966347,0.03918374901272555,9.937740325644027,0.06097076528728664,53.43092378132946,80,2004T1,2023T4,FALSE,5.795534084208862,67,1.271275636733252,20.6042050145548,0.0634567215280299
multiplicador,uniao_soc_dt_g1,fbcf_real_rs_bi,choques_sem_AO,diferenca,2003T1-2025T4,3,12,10.898443225370691,6.95359556954546,-0.5392036675498417,22.336090118291224,0.1170421364211075,9.898443225370691,0.15459126494159722,52.34839535235705,76,2004T1,2022T4,FALSE,7.6374072536960504,63,-1.8514614120292237,23.648347862770606,0.1585226648497574
elasticidade,uniao_soc_dt_g1,fbcf_me,choques_sem_AO,diferenca,2003T1-2025T4,3,4,0.1588934587230609,0.09174393179314012,0.00798811976232594,0.30979879768379587,0.08328720870966538,,,147.23480789818757,84,2004T1,2024T4,FALSE,0.09979018254180534,71,-0.007416825405653887,0.32520374285177567,0.11576558102053629
elasticidade,uniao_soc_dt_g1,fbcf_me,choques_sem_AO,diferenca,2003T1-2025T4,3,8,0.17936464851727055,0.10559168713468285,0.005681778957862427,0.35304751807667867,0.08938277640666625,,,61.51021170486938,80,2004T1,2023T4,FALSE,0.11538180301936049,67,-0.013082520013489501,0.37181181704803057,0.1247689956334722
elasticidade,uniao_soc_dt_g1,fbcf_me,choques_sem_AO,diferenca,2003T1-2025T4,3,12,0.17554393578416672,0.1408562069075247,-0.0561439070263022,0.40723177859463566,0.21266770880516273,,,40.37702480977368,76,2004T1,2022T4,FALSE,0.1547079069532314,63,-0.08272578779916862,0.43381365936750205,0.26080835493070187
multiplicador,uniao_soc_dt_g1,fbcf_real_rs_bi,transferencia_grupos_1e2,diferenca,2003T1-2025T4,3,4,5.069533058689655,3.9791006878400825,-1.4755051397091998,11.61457125708851,0.2026492745266955,4.069533058689655,0.3064370190342194,151.27158122351332,84,2004T1,2024T4,FALSE,4.3280811736637945,71,-2.143645546556585,12.282711663935896,0.24538936134196257
multiplicador,uniao_soc_dt_g1,fbcf_real_rs_bi,transferencia_grupos_1e2,diferenca,2003T1-2025T4,3,8,9.256375714956636,4.742415740808791,1.4557959831755474,17.056955446737724,0.05095873184992044,8.256375714956636,0.08168986549195105,71.11550322074969,80,2004T1,2023T4,FALSE,5.18211701782899,67,0.613039235729353,17.89971219418392,0.07858903774823446
multiplicador,uniao_soc_dt_g1,fbcf_real_rs_bi,transferencia_grupos_1e2,diferenca,2003T1-2025T4,3,12,9.143205151260545,5.782418772819529,-0.368027339763934,18.654437642285025,0.11383055286329649,8.143205151260545,0.1590512241743393,107.14190478362248,76,2004T1,2022T4,FALSE,6.3510577567753055,63,-1.4592647780884356,19.745675080609526,0.1549213494265059
elasticidade,uniao_soc_dt_g1,fbcf_me,transferencia_grupos_1e2,diferenca,2003T1-2025T4,3,4,0.11044957947203064,0.0889802423756573,-0.03590989492659029,0.25680905387065156,0.21450156582586738,,,101.07128032489894,84,2004T1,2024T4,FALSE,0.09678410828632976,71,-0.050850782329598346,0.27174994127365965,0.2576231549820265
elasticidade,uniao_soc_dt_g1,fbcf_me,transferencia_grupos_1e2,diferenca,2003T1-2025T4,3,8,0.14804350585586462,0.10469952556945945,-0.024171888517159096,0.32025890022888837,0.15736645482973313,,,58.714524025477864,80,2004T1,2023T4,FALSE,0.11440692315169865,67,-0.0427776448343033,0.33886465654603254,0.20010538045240192
elasticidade,uniao_soc_dt_g1,fbcf_me,transferencia_grupos_1e2,diferenca,2003T1-2025T4,3,12,0.15884952132932176,0.13317488085888163,-0.06020366447023978,0.3779027071288833,0.23295205341657346,,,76.52169724088749,76,2004T1,2022T4,FALSE,0.14627120471836932,63,-0.08533595279925604,0.40303499545789956,0.2816199972311766
multiplicador,uniao_soc_dt_g1,fbcf_real_rs_bi,dummies_A4,diferenca,2003T1-2025T4,3,4,4.185478434859043,3.4587604491776394,-1.5036762347270978,9.874633104445184,0.2262369274287671,3.185478434859043,0.3570564557284965,130.31495816003053,84,2004T1,2024T4,FALSE,3.788882238042587,70,-2.1302642271720824,10.501221096890168,0.27308368929604715
multiplicador,uniao_soc_dt_g1,fbcf_real_rs_bi,dummies_A4,diferenca,2003T1-2025T4,3,8,7.404991884410136,3.8362476408440456,1.0949260384837816,13.71505773033649,0.0535734518580698,6.404991884410136,0.09499890080094511,108.30056404256766,80,2004T1,2023T4,FALSE,4.223569646620779,66,0.3589351781658676,14.451048590654406,0.08420150210870578
multiplicador,uniao_soc_dt_g1,fbcf_real_rs_bi,dummies_A4,diferenca,2003T1-2025T4,3,12,8.211575146912413,4.195718427723315,1.310232473404593,15.112917820420233,0.050331941256853585,7.211575146912413,0.08565191068857071,143.01824239493405,76,2004T1,2022T4,FALSE,4.645337651327287,62,0.45477100045233954,15.968379293372486,0.08203108862423439
elasticidade,uniao_soc_dt_g1,fbcf_me,dummies_A4,diferenca,2003T1-2025T4,3,4,0.08307624204140018,0.08826775063363647,-0.06211128773118482,0.2282637718139852,0.3466102993188565,,,103.03187466787716,84,2004T1,2024T4,FALSE,0.09669247624456721,70,-0.07810184662644304,0.2442543307092434,0.39317397306645785
elasticidade,uniao_soc_dt_g1,fbcf_me,dummies_A4,diferenca,2003T1-2025T4,3,8,0.10033988850274156,0.10353713385870007,-0.06996354164890126,0.2706433186543844,0.3324854099263611,,,84.25765542397309,80,2004T1,2023T4,FALSE,0.11399063272346643,66,-0.08982732296796903,0.29050709997345214,0.38191967438827956
elasticidade,uniao_soc_dt_g1,fbcf_me,dummies_A4,diferenca,2003T1-2025T4,3,12,0.11800431813819112,0.12813529682753272,-0.09275948958907945,0.32876812586546167,0.35708420690513265,,,100.55048441947726,76,2004T1,2022T4,FALSE,0.1418664595993685,62,-0.11888488662167646,0.3548935228980587,0.40871495902121646
multiplicador,uniao_soc_dt_g1,fbcf_real_rs_bi,G_deflator_fbcf,diferenca,2003T1-2025T4,3,4,4.6416809971650395,3.6831676403249176,-1.4165906546936942,10.699952649023773,0.20758222828334613,3.6416809971650395,0.32279225035347336,158.0721949511983,84,2004T1,2024T4,FALSE,4.0061938046084045,71,-2.035040228793216,11.318402223123295,0.25049083469501904
multiplicador,uniao_soc_dt_g1,fbcf_real_rs_bi,G_deflator_fbcf,diferenca,2003T1-2025T4,3,8,8.642147379417867,4.446707064858535,1.3279651357945728,15.956329623041162,0.05195653005834467,7.642147379417867,0.08568573121562184,75.35405216388311,80,2004T1,2023T4,FALSE,4.858991200584601,67,0.5377576576566323,16.7465371011791,0.07984380994573825
multiplicador,uniao_soc_dt_g1,fbcf_real_rs_bi,G_deflator_fbcf,diferenca,2003T1-2025T4,3,12,8.750288751017795,5.6042314112084135,-0.46785161198372727,17.968429114019315,0.11843605724439205,7.750288751017795,0.16668474343044148,115.6414044658797,76,2004T1,2022T4,FALSE,6.155347575693455,63,-1.5254621672225017,19.02603966925809,0.1600812688890111
multiplicador,uniao_soc_dt_g1,fbcf_real_rs_bi,ctrl_cambio_real,diferenca,2003T1-2025T4,3,4,3.3799438267804742,3.667127157665209,-2.651943578997386,9.411831232558335,0.3566918067778091,2.3799438267804742,0.5163422007733026,137.52056830192126,84,2004T1,2024T4,FALSE,4.017136530986077,70,-3.3162792210648346,10.076166874625784,0.402999497704703
multiplicador,uniao_soc_dt_g1,fbcf_real_rs_bi,ctrl_cambio_real,diferenca,2003T1-2025T4,3,8,6.692916694995362,4.749979180146501,-1.120103787412587,14.505937177403311,0.15882296530971218,5.692916694995362,0.23071696394041002,68.25966089039676,80,2004T1,2023T4,FALSE,5.229554962445915,66,-2.031395651385954,15.417229041376679,0.20508707114042654
multiplicador,uniao_soc_dt_g1,fbcf_real_rs_bi,ctrl_cambio_real,diferenca,2003T1-2025T4,3,12,6.4502236204540075,5.419073981417272,-2.4633598725985433,15.363807113506558,0.23393576132571903,5.4502236204540075,0.31453673577149377,87.13999181388685,76,2004T1,2022T4,FALSE,5.9997897463451455,62,-3.568250272190001,16.468697513098014,0.28650720506813243
elasticidade,uniao_soc_dt_g1,fbcf_me,ctrl_cambio_real,diferenca,2003T1-2025T4,3,4,0.0820838392105769,0.07216986332672201,-0.03662502223897379,0.20079270066012758,0.2553836328577061,,,97.70825679024162,84,2004T1,2024T4,FALSE,0.07905812423222094,70,-0.04969929275911676,0.21386697118027054,0.30271664545344174
elasticidade,uniao_soc_dt_g1,fbcf_me,ctrl_cambio_real,diferenca,2003T1-2025T4,3,8,0.1011047651887424,0.08456997972621072,-0.03800047269512771,0.2402100030726125,0.23188548273376397,,,63.625237609330696,80,2004T1,2023T4,FALSE,0.09310848329602894,66,-0.05422537211847875,0.25643490249596357,0.28148174728748626
elasticidade,uniao_soc_dt_g1,fbcf_me,ctrl_cambio_real,diferenca,2003T1-2025T4,3,12,0.11511020150652881,0.1063260604941602,-0.059780604736752146,0.29000100774980975,0.27897929003263255,,,82.3025943005556,76,2004T1,2022T4,FALSE,0.1177201141209175,62,-0.08145933506396821,0.31167973807702587,0.3319587555240405
multiplicador,uniao_soc_dt_g1,fbcf_real_rs_bi,ctrl_icbr_usd,diferenca,2003T1-2025T4,3,4,2.4400558775310874,3.4773003449941213,-3.2795942069320962,8.159705961994272,0.48286013362292307,1.4400558775310874,0.6787785903140603,121.63942820366066,84,2004T1,2024T4,FALSE,3.809191676347553,70,-3.9095408812720795,8.789652636334255,0.5238932364930587
multiplicador,uniao_soc_dt_g1,fbcf_real_rs_bi,ctrl_icbr_usd,diferenca,2003T1-2025T4,3,8,6.486450851431737,4.402860910441792,-0.7556108860713024,13.728512588934777,0.14068755460859342,5.486450851431737,0.21272386045970573,73.13639994536058,80,2004T1,2023T4,FALSE,4.847390325287671,66,-1.600307499197978,14.573209202061452,0.18544534269945506
multiplicador,uniao_soc_dt_g1,fbcf_real_rs_bi,ctrl_icbr_usd,diferenca,2003T1-2025T4,3,12,5.582005183522222,5.277506091192356,-3.098719851834007,14.26273021887845,0.29019335943132385,4.582005183522222,0.38527713857520085,98.4908696164568,76,2004T1,2022T4,FALSE,5.843051237312828,62,-4.174746094313695,15.33875646135814,0.34312417732257006
elasticidade,uniao_soc_dt_g1,fbcf_me,ctrl_icbr_usd,diferenca,2003T1-2025T4,3,4,0.05112127068435306,0.0796982632378583,-0.07997070666417129,0.18221324803287742,0.5212399753644684,,,85.359190035752,84,2004T1,2024T4,FALSE,0.08730507313871941,70,-0.09440881982561757,0.1966513611943237,0.5600626981819703
elasticidade,uniao_soc_dt_g1,fbcf_me,ctrl_icbr_usd,diferenca,2003T1-2025T4,3,8,0.09190801891486594,0.09977236764005983,-0.07220292186742208,0.25601895969715394,0.3569579792637774,,,56.921511489089816,80,2004T1,2023T4,FALSE,0.10984576153257172,66,-0.09134442616280344,0.27516046399253535,0.40578018207352873
elasticidade,uniao_soc_dt_g1,fbcf_me,ctrl_icbr_usd,diferenca,2003T1-2025T4,3,12,0.08264169053394287,0.13702417916738072,-0.14274302754957158,0.3080264086174573,0.546430476079533,,,64.60876961057575,76,2004T1,2022T4,FALSE,0.15170788736026805,62,-0.17068077126613607,0.3359641523340218,0.5878849462014377
multiplicador,uniao_soc_dt_g1,fbcf_real_rs_bi,ctrl_brent_usd,diferenca,2003T1-2025T4,3,4,1.765976630373765,4.035249468748355,-4.8714180939509655,8.403371354698496,0.6616490573607714,0.765976630373765,0.8494491001995444,117.69080708137385,84,2004T1,2024T4,FALSE,4.420394318388424,70,-5.602442662084584,9.134395922832114,0.6907363324977225
multiplicador,uniao_soc_dt_g1,fbcf_real_rs_bi,ctrl_brent_usd,diferenca,2003T1-2025T4,3,8,5.407068884046923,5.088326081493896,-2.96248272621008,13.776620494303927,0.28794434334216223,4.407068884046923,0.3864278178353135,62.384691093610975,80,2004T1,2023T4,FALSE,5.602062640872181,66,-3.9386870385763206,14.752824806670167,0.33797178453667043
multiplicador,uniao_soc_dt_g1,fbcf_real_rs_bi,ctrl_brent_usd,diferenca,2003T1-2025T4,3,12,4.393899719417449,6.167184428691534,-5.750215956194458,14.538015395029356,0.4761772120881974,3.3938997194174494,0.5821027126822308,96.0633884285373,76,2004T1,2022T4,FALSE,6.828068785546581,62,-7.007637960606564,15.795437399441463,0.5222693647210446
elasticidade,uniao_soc_dt_g1,fbcf_me,ctrl_brent_usd,diferenca,2003T1-2025T4,3,4,0.053186001066127864,0.07558676514187233,-0.0711431637270099,0.17751516585926563,0.48165592604768204,,,90.7606675991779,84,2004T1,2024T4,FALSE,0.0828011526340973,70,-0.08483643914217118,0.1912084412744269,0.5227545132867066
elasticidade,uniao_soc_dt_g1,fbcf_me,ctrl_brent_usd,diferenca,2003T1-2025T4,3,8,0.0803733117017239,0.08887751795799087,-0.06581719606592193,0.22656381946936974,0.3658281622888506,,,59.791650489120606,80,2004T1,2023T4,FALSE,0.09785092680611536,66,-0.08286850427876463,0.24361512768221244,0.41438407457714455
elasticidade,uniao_soc_dt_g1,fbcf_me,ctrl_brent_usd,diferenca,2003T1-2025T4,3,12,0.07591260210990816,0.11727316700636012,-0.11698459198458894,0.26880979620440526,0.5174285257496702,,,95.05495249787994,76,2004T1,2022T4,FALSE,0.12984032831789505,62,-0.14089531857723914,0.29272052279705546,0.5608971887693741
multiplicador,uniao_soc_dt_g1,fbcf_real_rs_bi,ctrl_bndes_priv,diferenca,2003T1-2025T4,3,4,4.55050642735483,3.9374764952352717,-1.9260660668690752,11.027078921578735,0.24780754176534917,3.55050642735483,0.36720493478475064,143.86696497869758,84,2004T1,2024T4,FALSE,4.313289392173481,70,-2.639378112817613,11.740390967527272,0.29505455991366497
multiplicador,uniao_soc_dt_g1,fbcf_real_rs_bi,ctrl_bndes_priv,diferenca,2003T1-2025T4,3,8,8.604751235552222,4.695731217783757,0.8809607107913591,16.328541760313083,0.06688254795683077,7.6047512355522215,0.1053390613357686,74.41674483968997,80,2004T1,2023T4,FALSE,5.169829921552595,66,-0.019923586145729644,17.229426057250173,0.10077023585801312
multiplicador,uniao_soc_dt_g1,fbcf_real_rs_bi,ctrl_bndes_priv,diferenca,2003T1-2025T4,3,12,8.476871242642291,5.81626552122861,-1.0900341952633799,18.043776680547964,0.14499433523884445,7.476871242642291,0.19861389923517653,103.48040164807848,76,2004T1,2022T4,FALSE,6.439544903050323,62,-2.275907641154145,19.229650126438727,0.19289324197944727
elasticidade,uniao_soc_dt_g1,fbcf_me,ctrl_bndes_priv,diferenca,2003T1-2025T4,3,4,0.1054615754180841,0.08817710572064977,-0.03957685674061001,0.2505000075767782,0.23168878346832084,,,99.71044420792148,84,2004T1,2024T4,FALSE,0.0965931797174354,70,-0.05555099443096312,0.2664741452671313,0.27865945944416126
elasticidade,uniao_soc_dt_g1,fbcf_me,ctrl_bndes_priv,diferenca,2003T1-2025T4,3,8,0.14315541155049044,0.10401084085978056,-0.027927197279991933,0.3142380203809728,0.1687130299779171,,,61.89693997287941,80,2004T1,2023T4,FALSE,0.11451216696694272,66,-0.04788186012077164,0.33419268322175255,0.215665539199851
elasticidade,uniao_soc_dt_g1,fbcf_me,ctrl_bndes_priv,diferenca,2003T1-2025T4,3,12,0.15399545560786712,0.13306742261575766,-0.06488097711074614,0.3728718883264804,0.24716047196711224,,,77.3802079035593,76,2004T1,2022T4,FALSE,0.14732711908350737,62,-0.09201198108867625,0.4000028923044105,0.29996007892480314
multiplicador,uniao_soc_dt_g1,fbcf_real_rs_bi,ctrl_cambio_real+icbr_usd,diferenca,2003T1-2025T4,3,4,2.167747555456697,3.3982114890471675,-3.4218129374506976,7.7573080483640915,0.5235333282405723,1.167747555456697,0.7311201023854026,116.64818707965065,84,2004T1,2024T4,FALSE,3.74943217196708,69,-4.083450297264878,8.41894540817827,0.565042665469484
multiplicador,uniao_soc_dt_g1,fbcf_real_rs_bi,ctrl_cambio_real+icbr_usd,diferenca,2003T1-2025T4,3,8,5.835978200935086,4.532550944799376,-1.6194046599604865,13.29136106183066,0.19789556647089743,4.835978200935086,0.28599710783134324,63.815270459504525,80,2004T1,2023T4,FALSE,5.028413796962123,65,-2.554613962124103,14.226570363994275,0.25004941255065316
multiplicador,uniao_soc_dt_g1,fbcf_real_rs_bi,ctrl_cambio_real+icbr_usd,diferenca,2003T1-2025T4,3,12,5.325198449169497,5.230697240624187,-3.278532878556252,13.928929776895245,0.3086462800467113,4.325198449169497,0.4083007981523338,87.69565394646392,76,2004T1,2022T4,FALSE,5.838502383982016,61,-4.426381988616679,15.076778886955672,0.36531565839353086
elasticidade,uniao_soc_dt_g1,fbcf_me,ctrl_cambio_real+icbr_usd,diferenca,2003T1-2025T4,3,4,0.04962117675399254,0.07348941237276582,-0.07125814972988367,0.17050050323786875,0.4995389776098175,,,86.27876353743007,84,2004T1,2024T4,FALSE,0.08108487889512257,69,-0.08556665905407702,0.1848090125620621,0.542571681350405
elasticidade,uniao_soc_dt_g1,fbcf_me,ctrl_cambio_real+icbr_usd,diferenca,2003T1-2025T4,3,8,0.0836940668766544,0.08636247540192808,-0.05835956402071424,0.22574769777402304,0.33249418879437354,,,54.84758518442296,80,2004T1,2023T4,FALSE,0.09581056410389206,65,-0.07617888725334801,0.2435670210066568,0.38558636480951414
elasticidade,uniao_soc_dt_g1,fbcf_me,ctrl_cambio_real+icbr_usd,diferenca,2003T1-2025T4,3,12,0.09157662655085211,0.11352158728210679,-0.09514976802740929,0.27830302112911354,0.4198456281912473,,,65.2465441587079,76,2004T1,2022T4,FALSE,0.12671275500948523,61,-0.12006148570863831,0.30321473881034255,0.4726196964214656
multiplicador,uniao_soc_dt_g1,fbcf_real_rs_bi,ctrl_cambio_real+brent_usd,diferenca,2003T1-2025T4,3,4,1.6216666712183767,3.9298302396082536,-4.8423288517048295,8.085662194141584,0.6798589189596402,0.6216666712183767,0.8743057147913603,113.1845711715479,84,2004T1,2024T4,FALSE,4.335996149223709,69,-5.607473255645793,8.850806598082547,0.7095504257683006
multiplicador,uniao_soc_dt_g1,fbcf_real_rs_bi,ctrl_cambio_real+brent_usd,diferenca,2003T1-2025T4,3,8,5.028535893576061,5.041148379987036,-3.26341530324615,13.320487090398272,0.31852279917698645,4.028535893576061,0.4242146921297931,58.2337144354978,80,2004T1,2023T4,FALSE,5.59265199115861,65,-4.3035644192666425,14.360636206418764,0.3719008935313165
multiplicador,uniao_soc_dt_g1,fbcf_real_rs_bi,ctrl_cambio_real+brent_usd,diferenca,2003T1-2025T4,3,12,4.447680475680334,5.675875430521299,-4.888303812337369,13.783664763698038,0.43326818695132785,3.4476804756803343,0.5435675173639959,79.98946812653804,76,2004T1,2022T4,FALSE,6.335410119880897,61,-6.133844944242046,15.029205895602715,0.485327423354847
elasticidade,uniao_soc_dt_g1,fbcf_me,ctrl_cambio_real+brent_usd,diferenca,2003T1-2025T4,3,4,0.04932398495695392,0.0709007062358678,-0.06729729884853405,0.1659452687624419,0.4866311824641997,,,93.66446804496455,84,2004T1,2024T4,FALSE,0.07822861815186449,69,-0.08110178283490704,0.17974975274881488,0.530443251621942
elasticidade,uniao_soc_dt_g1,fbcf_me,ctrl_cambio_real+brent_usd,diferenca,2003T1-2025T4,3,8,0.06818144210490877,0.08199717263576764,-0.06669190470479959,0.20305478891461715,0.4056857667572636,,,56.98068467518051,80,2004T1,2023T4,FALSE,0.0909676955019486,65,-0.08361052724958824,0.2199734114594058,0.4562524004056945
elasticidade,uniao_soc_dt_g1,fbcf_me,ctrl_cambio_real+brent_usd,diferenca,2003T1-2025T4,3,12,0.07294182273191105,0.10578713953126112,-0.1010625374109052,0.2469461828747273,0.49049921794734075,,,82.405187128187535,76,2004T1,2022T4,FALSE,0.11807956720397039,61,-0.12427697104773067,0.27016061651155276,0.5390497884420671
multiplicador,uniao_soc_dt_g1,fbcf_real_rs_bi,ctrl_cambio_real+bndes_priv,diferenca,2003T1-2025T4,3,4,3.0208694383229,3.723346913868042,-3.103491237351517,9.145230113997318,0.4171752015088358,2.0208694383229,0.5872977079063852,132.2463490480756,84,2004T1,2024T4,FALSE,4.108171828400702,69,-3.828432998540923,9.870171875186724,0.4646295821312252
multiplicador,uniao_soc_dt_g1,fbcf_real_rs_bi,ctrl_cambio_real+bndes_priv,diferenca,2003T1-2025T4,3,8,6.264221921418139,4.838427910796765,-1.6942837763991516,14.22272761923543,0.19543020886004134,5.264221921418139,0.2765939803038752,69.35234493282817,80,2004T1,2023T4,FALSE,5.367753823081182,65,-2.69260521726836,15.221049060104638,0.24746990158753515
multiplicador,uniao_soc_dt_g1,fbcf_real_rs_bi,ctrl_cambio_real+bndes_priv,diferenca,2003T1-2025T4,3,12,6.022673025222094,5.588279148258658,-3.1692282002084387,15.214574250652626,0.28115291321307023,5.022673025222094,0.3687660901456581,81.19124308172648,76,2004T1,2022T4,FALSE,6.237635181035963,61,-4.395546786816693,16.440892837260883,0.3380878999608621
elasticidade,uniao_soc_dt_g1,fbcf_me,ctrl_cambio_real+bndes_priv,diferenca,2003T1-2025T4,3,4,0.07880212145251392,0.0719403700233448,-0.0395292571046157,0.19713350000964353,0.27334971190686924,,,96.99112285649858,84,2004T1,2024T4,FALSE,0.0793757359417253,69,-0.053536165338466474,0.2111404082434943,0.3242891876773706
elasticidade,uniao_soc_dt_g1,fbcf_me,ctrl_cambio_real+bndes_priv,diferenca,2003T1-2025T4,3,8,0.09808547348363844,0.08451629637726547,-0.04093146314901219,0.23710241011628908,0.24582453631267057,,,65.97989792365723,80,2004T1,2023T4,FALSE,0.09376241236939756,65,-0.058369860978191884,0.25454080794546874,0.29938648955210095
elasticidade,uniao_soc_dt_g1,fbcf_me,ctrl_cambio_real+bndes_priv,diferenca,2003T1-2025T4,3,12,0.11217003606378945,0.10694896848148967,-0.06374536264170746,0.2880854347692864,0.29426175003075083,,,80.56305217495124,76,2004T1,2022T4,FALSE,0.11937640026152263,61,-0.0872147535557779,0.3115548256833568,0.35111170400877345
multiplicador,uniao_soc_dt_g1,fbcf_real_rs_bi,ctrl_icbr_usd+brent_usd,diferenca,2003T1-2025T4,3,4,1.505900193035055,3.725736434612049,-4.622390894501818,7.634191280571928,0.6860740362406756,0.5059001930350551,0.8919910221816404,115.28384681383368,84,2004T1,2024T4,FALSE,4.110808317030689,69,-5.3477978993058075,8.359598285375917,0.7152419402869488
multiplicador,uniao_soc_dt_g1,fbcf_real_rs_bi,ctrl_icbr_usd+brent_usd,diferenca,2003T1-2025T4,3,8,5.188829989201105,4.821968450137059,-2.7426023050524027,13.120262283454613,0.2818909063568032,4.188829989201105,0.38501283027994165,65.38568559853304,80,2004T1,2023T4,FALSE,5.349493690965781,65,-3.7375276361139065,14.115187614516117,0.3356587411805487
multiplicador,uniao_soc_dt_g1,fbcf_real_rs_bi,ctrl_icbr_usd+brent_usd,diferenca,2003T1-2025T4,3,12,4.017883837047046,5.753025346879985,-5.4450007707122445,13.480768444806337,0.48493023502616167,3.017883837047046,0.5998798099133048,94.01438877221878,76,2004T1,2022T4,FALSE,6.421524828850451,61,-6.707472047635788,14.74323972172988,0.5338523815916887
elasticidade,uniao_soc_dt_g1,fbcf_me,ctrl_icbr_usd+brent_usd,diferenca,2003T1-2025T4,3,4,0.04027918353335248,0.07534869934541398,-0.08365839787102768,0.16421676493773263,0.5929469638162739,,,85.79404398482292,84,2004T1,2024T4,FALSE,0.0831363316709829,69,-0.09832891342340451,0.1788872804901095,0.629568654187272
elasticidade,uniao_soc_dt_g1,fbcf_me,ctrl_icbr_usd+brent_usd,diferenca,2003T1-2025T4,3,8,0.0739311518009795,0.09048220776229961,-0.0748988358114156,0.2227611394133746,0.4138830306418664,,,58.59978043087254,80,2004T1,2023T4,FALSE,0.10038099680127908,65,-0.09356819075307288,0.2414304943550319,0.4640730757594219
elasticidade,uniao_soc_dt_g1,fbcf_me,ctrl_icbr_usd+brent_usd,diferenca,2003T1-2025T4,3,12,0.06301160421649764,0.12480353860188932,-0.14227194890919798,0.2682951573421933,0.6136386554654816,,,79.5044678163138,76,2004T1,2022T4,FALSE,0.13930566502632633,61,-0.16965943171053022,0.29568264014352547,0.652638505894475
multiplicador,uniao_soc_dt_g1,fbcf_real_rs_bi,ctrl_icbr_usd+bndes_priv,diferenca,2003T1-2025T4,3,4,1.7811276512071958,3.3984295697545717,-3.8087915525427403,7.371046854957132,0.6002067959855577,0.78112765120719585,0.8182086470872064,116.24679699784649,84,2004T1,2024T4,FALSE,3.749672792311947,69,-4.470471373028936,8.032726675443326,0.6362808287486421
multiplicador,uniao_soc_dt_g1,fbcf_real_rs_bi,ctrl_icbr_usd+bndes_priv,diferenca,2003T1-2025T4,3,8,5.651928930095652,4.287295139067358,-1.4000440292107053,12.703901889402008,0.1874041972136928,4.651928930095652,0.2778995789393074,74.84375330890032,80,2004T1,2023T4,FALSE,4.756326909832269,65,-2.2846492645422893,13.588507124733592,0.23904008656690187
multiplicador,uniao_soc_dt_g1,fbcf_real_rs_bi,ctrl_icbr_usd+bndes_priv,diferenca,2003T1-2025T4,3,12,4.659256667025769,5.303501172897141,-4.064226472755477,13.382739806807015,0.37965905075113504,3.659256667025769,0.49021305785890146,94.01491750920893,76,2004T1,2022T4,FALSE,5.919766107073774,61,-5.2280520243922535,14.546565358443791,0.4342896352081157
elasticidade,uniao_soc_dt_g1,fbcf_me,ctrl_icbr_usd+bndes_priv,diferenca,2003T1-2025T4,3,4,0.042416365414104956,0.07615198780322015,-0.08284250792358594,0.16767523875179585,0.5775300471525358,,,84.35558864398588,84,2004T1,2024T4,FALSE,0.08402264366091522,69,-0.09766942505841433,0.18250215588662425,0.6152933401430519
elasticidade,uniao_soc_dt_g1,fbcf_me,ctrl_icbr_usd+bndes_priv,diferenca,2003T1-2025T4,3,8,0.0826478989029201,0.09583975723027198,-0.07499447338344128,0.24029027118928148,0.3884921664294013,,,60.129941271373276,80,2004T1,2023T4,FALSE,0.10632466428362038,65,-0.0947692610406422,0.2600650588464824,0.4397920942148209
elasticidade,uniao_soc_dt_g1,fbcf_me,ctrl_icbr_usd+bndes_priv,diferenca,2003T1-2025T4,3,12,0.07188763874432354,0.13354292146905136,-0.1477709199877411,0.2915461974763882,0.5903622801447668,,,63.91211220613959,76,2004T1,2022T4,FALSE,0.14906056104825097,61,-0.17707621458070982,0.32085149206935687,0.6313392426844981
multiplicador,uniao_soc_dt_g1,fbcf_real_rs_bi,ctrl_brent_usd+bndes_priv,diferenca,2003T1-2025T4,3,4,1.2010849786270494,4.175731425200387,-5.667382001289044,8.069551958543144,0.7736264309028119,0.20108497862704944,0.9615922110482683,112.29714981517422,84,2004T1,2024T4,FALSE,4.607312345804078,69,-6.480403770054049,8.882573727308149,0.7951072360596397
multiplicador,uniao_soc_dt_g1,fbcf_real_rs_bi,ctrl_brent_usd+bndes_priv,diferenca,2003T1-2025T4,3,8,4.694436128535168,5.242462124353999,-3.928646710864223,13.317518967934559,0.37053909926474554,3.694436128535168,0.48098827567436886,63.73342231638089,80,2004T1,2023T4,FALSE,5.81598953816499,65,-5.010333249999926,14.399205507070262,0.4225179054231746
multiplicador,uniao_soc_dt_g1,fbcf_real_rs_bi,ctrl_brent_usd+bndes_priv,diferenca,2003T1-2025T4,3,12,3.6148468418955364,6.3255367589827936,-6.7897352385321685,14.019428922323241,0.5676819101073006,2.6148468418955364,0.6793286358031039,90.55800640315353,76,2004T1,2022T4,FALSE,7.06056186170695,61,-8.177841145917181,15.407534829708254,0.6105155965825788
elasticidade,uniao_soc_dt_g1,fbcf_me,ctrl_brent_usd+bndes_priv,diferenca,2003T1-2025T4,3,4,0.04529886248627804,0.07514435668088319,-0.07830260514520772,0.16890033011776379,0.5466254176501321,,,88.36010074084818,84,2004T1,2024T4,FALSE,0.08291086925848543,69,-0.09293333484508734,0.18353105981764342,0.5865835408947575
elasticidade,uniao_soc_dt_g1,fbcf_me,ctrl_brent_usd+bndes_priv,diferenca,2003T1-2025T4,3,8,0.07156946512252682,0.08787163936757218,-0.072966519597396,0.21610544984244964,0.41537150909375103,,,61.92693294474208,80,2004T1,2023T4,FALSE,0.09748483119964972,65,-0.09109723131663461,0.23423616156168825,0.46549137014284014
elasticidade,uniao_soc_dt_g1,fbcf_me,ctrl_brent_usd+bndes_priv,diferenca,2003T1-2025T4,3,12,0.06601125483169315,0.1155497915352221,-0.12405123886850336,0.2560737485318897,0.5678100331278924,,,89.41983228223276,76,2004T1,2022T4,FALSE,0.12897663586939198,61,-0.14940803534895597,0.28143054501234227,0.610633435390374
multiplicador,uniao_transf_soc_g1,fbcf_real_rs_bi,pib_cresc,diferenca,2003T1-2025T4,3,4,-0.3913042911972062,4.287132051396366,-7.443008995156422,6.660400412762009,0.9272747654657303,-1.3913042911972062,0.745536579268524,130.3414106871899,84,2004T1,2024T4,FALSE,4.6631279216840396,71,-8.162871692218072,7.380263109823661,0.9333605232932919
multiplicador,uniao_transf_soc_g1,fbcf_real_rs_bi,pib_cresc,diferenca,2003T1-2025T4,3,8,2.6725891719998525,5.754712115195412,-6.793069922740894,12.1382482667406,0.6423486348059771,1.6725891719998525,0.7713213953000899,97.29176206237575,80,2004T1,2023T4,FALSE,6.288270201248723,67,-7.815718026524429,13.160896370524135,0.6721899483368288
multiplicador,uniao_transf_soc_g1,fbcf_real_rs_bi,pib_cresc,diferenca,2003T1-2025T4,3,12,2.119458000292364,7.51540880689747,-10.242289433755971,14.481205434340698,0.7779320100701654,1.1194580002923642,0.8815891119795584,153.98088228621984,76,2004T1,2022T4,FALSE,8.254468808579546,63,-11.660570567759919,15.899486568344646,0.7981969445448316
elasticidade,uniao_transf_soc_g1,fbcf_me,pib_cresc,diferenca,2003T1-2025T4,3,4,0.0044863407193294624,0.047551322412468934,-0.07372862441715886,0.08270130585581778,0.924833246780669,,,94.36056201279591,84,2004T1,2024T4,FALSE,0.051721732989857744,71,-0.08171308180972711,0.09068576324838604,0.9311223807394894
elasticidade,uniao_transf_soc_g1,fbcf_me,pib_cresc,diferenca,2003T1-2025T4,3,8,0.029819688087905805,0.057157686475600204,-0.06419633981964026,0.12383571599545187,0.6018728521875442,,,78.73297199283252,80,2004T1,2023T4,FALSE,0.062457160226620484,67,-0.07435361589546381,0.1339929920712754,0.634601083668783
elasticidade,uniao_transf_soc_g1,fbcf_me,pib_cresc,diferenca,2003T1-2025T4,3,12,0.03034134995692389,0.082245897270412,-0.10494111247019142,0.1656238123840392,0.7121946644051937,,,78.3087049979921,76,2004T1,2022T4,FALSE,0.09033390080246574,63,-0.12046226473815524,0.18114496465200303,0.7380774332616984
multiplicador,uniao_transf_soc_g1,fbcf_real_rs_bi,ordem_invertida_dy_t,diferenca,2003T1-2025T4,3,4,0.24568010407460772,5.0975991332872885,-8.139124319057668,8.630484527206882,0.9615606295743966,-0.7543198959253923,0.88236208566309,133.58737483091235,84,2004T1,2024T4,FALSE,5.584140068840464,70,-9.062603829752085,9.553964037901302,0.9650328160937398
multiplicador,uniao_transf_soc_g1,fbcf_real_rs_bi,ordem_invertida_dy_t,diferenca,2003T1-2025T4,3,8,3.409878617606542,6.441086381174702,-7.184765677976395,14.00452291318948,0.5965314990389756,2.409878617606542,0.7082989409163697,88.35258410543189,80,2004T1,2023T4,FALSE,7.091402713722225,66,-8.420499434210065,15.240256669423147,0.6322155636026157
multiplicador,uniao_transf_soc_g1,fbcf_real_rs_bi,ordem_invertida_dy_t,diferenca,2003T1-2025T4,3,12,2.224262515178503,8.424209033897927,-11.632328268425855,16.08085329878286,0.7917551003975507,1.224262515178503,0.8844529334309948,147.57092656095804,76,2004T1,2022T4,FALSE,9.32695939490202,62,-13.349933106009402,17.79845813636641,0.8122978423296627
elasticidade,uniao_transf_soc_g1,fbcf_me,ordem_invertida_dy_t,diferenca,2003T1-2025T4,3,4,0.0679006551715796,0.05618568542241633,-0.024516573278236323,0.16031788362139554,0.22685325563640713,,,90.85777593209056,84,2004T1,2024T4,FALSE,0.0615483346294932,70,-0.034695154984103735,0.17049646532726292,0.2737148305073703
elasticidade,uniao_transf_soc_g1,fbcf_me,ordem_invertida_dy_t,diferenca,2003T1-2025T4,3,8,0.09919409263950135,0.06355075029758604,-0.005337589482970362,0.20372577476197307,0.11855578974200696,,,70.53619733132786,80,2004T1,2023T4,FALSE,0.06996707332423552,66,-0.017529912754123522,0.21591809803312623,0.16097504407806168
elasticidade,uniao_transf_soc_g1,fbcf_me,ordem_invertida_dy_t,diferenca,2003T1-2025T4,3,12,0.09580657295602962,0.08278673327456393,-0.04036548553410094,0.23197863144616018,0.2471622136258197,,,95.88331307434578,76,2004T1,2022T4,FALSE,0.09165827872758334,62,-0.057244802391975186,0.24885794830403443,0.29996184433689843
multiplicador,uniao_transf_soc_g1,fbcf_real_rs_bi,p2,diferenca,2003T1-2025T4,2,4,2.879185778340266,3.493271510062794,-2.8667345349127644,8.625106091593297,0.40982082055123675,1.8791857783402661,0.5906154477591151,81.91716572479498,85,2003T4,2024T4,FALSE,3.7439146961587446,74,-3.357078736859562,9.115450293540095,0.444322649870609
multiplicador,uniao_transf_soc_g1,fbcf_real_rs_bi,p2,diferenca,2003T1-2025T4,2,8,6.671552147788157,4.555713652820085,-0.821929977405297,14.165034272981611,0.14307479377781632,5.671552147788157,0.21315687299229,117.09573668358084,81,2003T4,2023T4,FALSE,4.900607364407274,70,-1.4973412241105795,14.840445519686893,0.1777621316283332
multiplicador,uniao_transf_soc_g1,fbcf_real_rs_bi,p2,diferenca,2003T1-2025T4,2,12,6.292285926873917,6.1265096948099895,-3.784925765187647,16.36949761893548,0.3043927594865321,5.292285926873917,0.38767921731327565,84.14769285044434,77,2003T4,2022T4,FALSE,6.617386786390903,66,-4.747305330101578,17.33187718384941,0.34513870764643995
elasticidade,uniao_transf_soc_g1,fbcf_me,p2,diferenca,2003T1-2025T4,2,4,0.053317826043524946,0.061550504284821825,-0.04792374417005632,0.1545593962571062,0.38635573633672365,,,57.84733834753408,85,2003T4,2024T4,FALSE,0.06596676979848723,74,-0.056563477101213844,0.16319912918826374,0.42153585221080336
elasticidade,uniao_transf_soc_g1,fbcf_me,p2,diferenca,2003T1-2025T4,2,8,0.07866476508229565,0.07509332779817021,-0.044852767506380384,0.20218229767097168,0.29484138327605836,,,62.71427598902493,81,2003T4,2023T4,FALSE,0.08077832437904887,70,-0.055985793419019644,0.21331532358361094,0.3334917429427483
elasticidade,uniao_transf_soc_g1,fbcf_me,p2,diferenca,2003T1-2025T4,2,12,0.08138174587755932,0.10411646724012553,-0.08987460288773523,0.25263809464285386,0.43442532294652064,,,60.3899039386313,77,2003T4,2022T4,FALSE,0.1124586377695884,66,-0.106229683583651,0.26899317533876965,0.47183205227239144
multiplicador,uniao_transf_soc_g1,fbcf_real_rs_bi,p4,diferenca,2003T1-2025T4,4,4,6.524037247069088,5.1104954348431955,-1.8819797044516795,14.930054198589854,0.2017449689164822,5.524037247069088,0.27973265585222223,89.76509681685882,83,2004T2,2024T4,FALSE,5.64608737238988,68,-2.891221550084599,15.939296044222775,0.25193096277713156
multiplicador,uniao_transf_soc_g1,fbcf_real_rs_bi,p4,diferenca,2003T1-2025T4,4,8,11.143502483512135,5.80042905176955,1.6026457198343067,20.684359247189963,0.0547126211916982,10.143502483512135,0.08033417808415697,87.3252506790015,79,2004T2,2023T4,FALSE,6.444417639496658,64,0.3876855044972132,21.899319462527057,0.08859956727921019
multiplicador,uniao_transf_soc_g1,fbcf_real_rs_bi,p4,diferenca,2003T1-2025T4,4,12,13.60050871880061,8.507809125715907,-0.393591979044027,27.59460941664525,0.10991146845146711,12.60050871880061,0.13859268604021505,110.04875259225368,75,2004T2,2022T4,FALSE,9.512019772346912,60,-2.2907363168212154,29.491753754422433,0.15795441631476578
elasticidade,uniao_transf_soc_g1,fbcf_me,p4,diferenca,2003T1-2025T4,4,4,0.09050654722821509,0.07889033704246971,-0.03925650978751523,0.22026960424394543,0.25128036496165784,,,104.38218571717137,83,2004T2,2024T4,FALSE,0.08715822985423265,68,-0.054836100920011385,0.23584919537644156,0.30275457915443965
elasticidade,uniao_transf_soc_g1,fbcf_me,p4,diferenca,2003T1-2025T4,4,8,0.12003295264213834,0.09062331150907445,-0.029029129979915802,0.2690950352641925,0.18532833948716992,,,74.90679839696776,79,2004T2,2023T4,FALSE,0.10068470142920088,64,-0.04801112546385952,0.2880770307481362,0.23759760244737518
elasticidade,uniao_transf_soc_g1,fbcf_me,p4,diferenca,2003T1-2025T4,4,12,0.15018048969048484,0.1314678507138732,-0.06606488138374411,0.3664258607647138,0.2533142848136007,,,72.47204554257857,75,2004T2,2022T4,FALSE,0.14698552552600738,60,-0.09538071168695084,0.3957416910679205,0.3110076650320681
multiplicador,uniao_transf_soc_g1,fbcf_real_rs_bi,exogenas_so_defasadas,diferenca,2003T1-2025T4,3,4,2.031236723265546,4.269797633770434,-4.991955400990563,9.054428847521656,0.6342724365093227,1.031236723265546,0.8091529888584296,196.4283226532306,84,2004T1,2024T4,FALSE,4.780898613468152,67,-5.9429011140518275,10.005374560582919,0.6722964170125725
multiplicador,uniao_transf_soc_g1,fbcf_real_rs_bi,exogenas_so_defasadas,diferenca,2003T1-2025T4,3,8,5.6449211321804365,5.478150649782921,-3.3658348331015615,14.655677097462434,0.30280217010066773,4.6449211321804365,0.3964939496129928,91.67071461437051,80,2004T1,2023T4,FALSE,6.1731764396104305,63,-4.660593331093369,15.950435595454241,0.3639789869359682
multiplicador,uniao_transf_soc_g1,fbcf_real_rs_bi,exogenas_so_defasadas,diferenca,2003T1-2025T4,3,12,5.170558309061175,6.746597147606076,-5.9266064787591315,16.267723096881483,0.4434413080284148,4.170558309061175,0.5364618813448466,192.55959923321097,76,2004T1,2022T4,FALSE,7.657122034783628,59,-7.625204969234943,17.966321587357292,0.5021477065879345
elasticidade,uniao_transf_soc_g1,fbcf_me,exogenas_so_defasadas,diferenca,2003T1-2025T4,3,4,0.027349765320088995,0.06461419927076535,-0.07893113470299452,0.13363066534317253,0.6720924855671487,,,145.65100181439158,84,2004T1,2024T4,FALSE,0.0723486127915555,67,-0.09332165178826493,0.14802118242844292,0.7066052068986208
elasticidade,uniao_transf_soc_g1,fbcf_me,exogenas_so_defasadas,diferenca,2003T1-2025T4,3,8,0.0626940406800024,0.07670885562689471,-0.06348079871719217,0.18886888007719696,0.41375780390613415,,,82.18783135909067,80,2004T1,2023T4,FALSE,0.08644108761123409,63,-0.08161090302494506,0.20699898438494985,0.47096544776344584
elasticidade,uniao_transf_soc_g1,fbcf_me,exogenas_so_defasadas,diferenca,2003T1-2025T4,3,12,0.058360689313565695,0.08765816079235024,-0.08582415439762686,0.20254553302475825,0.5055543628275947,,,117.3279786998636,76,2004T1,2022T4,FALSE,0.09948855991347866,59,-0.10789394993189938,0.22461532855903077,0.5597055152961206
multiplicador,uniao_transf_soc_g1,fbcf_real_rs_bi,selic_media,diferenca,2003T1-2025T4,3,4,1.710351939225065,4.717510125538692,-6.049261700947545,9.469965579397675,0.7169381139571016,0.710351939225065,0.8803088344165729,150.23049233407602,84,2004T1,2024T4,FALSE,5.131251597454654,71,-6.841390219890606,10.262094098340736,0.7398746265693231
multiplicador,uniao_transf_soc_g1,fbcf_real_rs_bi,selic_media,diferenca,2003T1-2025T4,3,8,4.612587318516603,6.214037777436158,-5.608595257712723,14.833769894745929,0.45791465008793025,3.612587318516603,0.5609984665810537,99.4258518826472,80,2004T1,2023T4,FALSE,6.7901830366294105,67,-6.712868386016474,15.93804302304968,0.49928641751163705
multiplicador,uniao_transf_soc_g1,fbcf_real_rs_bi,selic_media,diferenca,2003T1-2025T4,3,12,3.833709125621733,7.986094777454499,-9.302247834252505,16.96966608549597,0.6311932356015719,2.833709125621733,0.7227166598297554,134.18993737375803,76,2004T1,2022T4,FALSE,8.771441705520719,63,-10.809355145146348,18.476773396389813,0.6635571637997859
elasticidade,uniao_transf_soc_g1,fbcf_me,selic_media,diferenca,2003T1-2025T4,3,4,0.03705549572374879,0.06641423670825641,-0.07218620240704032,0.1462971938545379,0.5768818962651816,,,107.09063717214475,84,2004T1,2024T4,FALSE,0.07223898818109219,71,-0.08333797729685843,0.15744896874435602,0.6095737552393814
elasticidade,uniao_transf_soc_g1,fbcf_me,selic_media,diferenca,2003T1-2025T4,3,8,0.05854052463709779,0.07733926319096157,-0.0686712429283098,0.1857522922025054,0.44909090122557976,,,79.97898633116485,80,2004T1,2023T4,FALSE,0.08450990672949443,67,-0.08241491059874144,0.199495959872937,0.49088813771835826
elasticidade,uniao_transf_soc_g1,fbcf_me,selic_media,diferenca,2003T1-2025T4,3,12,0.053724327927612114,0.09805637960473405,-0.107564063710965,0.21501271956618923,0.5837659082648052,,,109.2917709069051,76,2004T1,2022T4,FALSE,0.10769917481889488,63,-0.1260689137910414,0.23351756964626563,0.6196316127586864
multiplicador,uniao_transf_soc_g1,fbcf_real_rs_bi,sub_ate_2014T4,diferenca,2003T1-2014T4,3,4,-6.794800574454751,3.625634154993075,-12.758438064294243,-0.831163084615258,0.06091665836744993,-7.794800574454751,0.03156204102283659,51.14470831076066,40,2004T1,2013T4,FALSE,4.25809136875008,29,-14.029838700547025,0.44023755163752387,0.1213886972209253
multiplicador,uniao_transf_soc_g1,fbcf_real_rs_bi,sub_ate_2014T4,diferenca,2003T1-2014T4,3,8,-12.360848646363266,6.786773006969972,-23.524096842174167,-1.197600450552363,0.06855905099885762,-13.360848646363266,0.04899214588259866,15.438048583028014,36,2004T1,2012T4,FALSE,8.144127608363966,25,-26.2721649790467,1.5504676863201698,0.1416196672251018
multiplicador,uniao_transf_soc_g1,fbcf_real_rs_bi,sub_ate_2014T4,diferenca,2003T1-2014T4,3,12,1.1084481821351204,4.867016719170396,-6.897081920825757,9.113978285095998,0.819842975583829,0.10844818213512042,0.9822227916156809,48.949139320403184,32,2004T1,2011T4,FALSE,6.007975872716016,21,-9.229733661105962,11.446630025376203,0.8553943399128884
elasticidade,uniao_transf_soc_g1,fbcf_me,sub_ate_2014T4,diferenca,2003T1-2014T4,3,4,-0.0729783233681261,0.04494161350981353,-0.14690069935079414,9.440526145419459e-4,0.10440837561666133,,,34.295494704195086,40,2004T1,2013T4,FALSE,0.05278124830115533,29,-0.16266036885079438,0.01670372211454217,0.17732587663439484
elasticidade,uniao_transf_soc_g1,fbcf_me,sub_ate_2014T4,diferenca,2003T1-2014T4,3,8,-0.10142706701292992,0.06389708080738099,-0.2065284121305618,0.0036742781047019724,0.11243327003153764,,,18.738860998259717,36,2004T1,2012T4,FALSE,0.07667649696885719,25,-0.23240131691544258,0.029547182889582746,0.19787765386990314
elasticidade,uniao_transf_soc_g1,fbcf_me,sub_ate_2014T4,diferenca,2003T1-2014T4,3,12,-0.04731239004241883,0.059385957423829024,-0.14499359750098967,0.05036881741615201,0.4256292186346444,,,17.058984881749314,32,2004T1,2011T4,FALSE,0.07330761736962384,21,-0.1734559523532478,0.07883117226841013,0.5256605591789153
multiplicador,uniao_transf_soc_g1,fbcf_real_rs_bi,sub_de_2015T1,diferenca,2015T1-2025T4,3,4,4.496896386981471,8.243839844903842,-9.063013481915672,18.056806255878612,0.5854195431158626,3.4968963869814713,0.6714323869879484,54.496534882794144,40,2015T1,2024T4,FALSE,10.034082318919388,27,-12.59404009025861,21.587832864221554,0.6576118539263298
multiplicador,uniao_transf_soc_g1,fbcf_real_rs_bi,sub_de_2015T1,diferenca,2015T1-2025T4,3,8,8.754591678062363,8.838893820697313,-5.784094881150562,23.29327823727529,0.32194817563247285,7.754591678062363,0.38030957449359504,83.7602397634361,36,2015T1,2023T4,FALSE,11.058220595612394,23,-10.197777748303716,27.706961104428444,0.4366354231184988
multiplicador,uniao_transf_soc_g1,fbcf_real_rs_bi,sub_de_2015T1,diferenca,2015T1-2025T4,3,12,14.878194240202443,12.446315748211358,-5.594173360426225,35.35056184083111,0.23193491497370736,13.878194240202443,0.2648314106349926,94.77435772001753,32,2015T1,2022T4,FALSE,16.152472228136293,19,-13.051575476655696,42.80796395706058,0.3685417274843832
elasticidade,uniao_transf_soc_g1,fbcf_me,sub_de_2015T1,diferenca,2015T1-2025T4,3,4,-0.054130840424754884,0.09000555785472926,-0.2021768087078968,0.09391512785838704,0.5475625165780252,,,78.78204946873078,40,2015T1,2024T4,FALSE,0.10955127630638112,27,-0.24072826357152605,0.13246658272201628,0.6252216913111681
elasticidade,uniao_transf_soc_g1,fbcf_me,sub_de_2015T1,diferenca,2015T1-2025T4,3,8,-0.033432220997068385,0.08272932448930795,-0.16950985043855177,0.102645408444415,0.6861276215263793,,,70.94116863984105,36,2015T1,2023T4,FALSE,0.10350153972735392,23,-0.21082056301376018,0.1439561210196234,0.7496045914067995
elasticidade,uniao_transf_soc_g1,fbcf_me,sub_de_2015T1,diferenca,2015T1-2025T4,3,12,0.055760449492183506,0.17065796429825492,-0.22494692205195582,0.33646782103632283,0.7438660229692371,,,39.221339129210264,32,2015T1,2022T4,FALSE,0.2214750199659668,19,-0.3271992744633199,0.43872017344768693,0.8039231169997625
multiplicador,uniao_transf_soc_g1,fbcf_real_rs_bi,ate_2019T4,diferenca,2003T1-2019T4,3,4,-1.406168471893693,5.129305320829095,-9.843124932600912,7.030787988813525,0.7839739323932825,-2.406168471893693,0.638996578064729,91.71836670440034,60,2004T1,2018T4,FALSE,5.675918310052623,49,-10.922134381032764,8.109797437245378,0.8053685708469278
multiplicador,uniao_transf_soc_g1,fbcf_real_rs_bi,ate_2019T4,diferenca,2003T1-2019T4,3,8,-0.7309468485972204,8.602370062385894,-14.880586446091415,13.418692748896975,0.9322849207924355,-1.7309468485972204,0.8405285582561283,55.064862160739104,56,2004T1,2017T4,FALSE,9.59634555286896,45,-16.847312439442955,15.385418742248515,0.9396220530430508
multiplicador,uniao_transf_soc_g1,fbcf_real_rs_bi,ate_2019T4,diferenca,2003T1-2019T4,3,12,2.397542673886207,10.147401835141046,-14.293448038779562,19.088533386551976,0.8132219378433012,1.397542673886207,0.8904584026294734,65.65994059275641,52,2004T1,2016T4,FALSE,11.427851865016112,41,-16.83413784138065,21.629223189153063,0.834864239717221
elasticidade,uniao_transf_soc_g1,fbcf_me,ate_2019T4,diferenca,2003T1-2019T4,3,4,0.021107283057502757,0.07188062831991472,-0.09712582914205964,0.13934039525706515,0.769030292025702,,,82.92315793357193,60,2004T1,2018T4,FALSE,0.07954070754227284,49,-0.1122467611718709,0.15446132728687642,0.7918419029124808
elasticidade,uniao_transf_soc_g1,fbcf_me,ate_2019T4,diferenca,2003T1-2019T4,3,8,-0.026143053359741986,0.1141742526011217,-0.2139429868551705,0.16165688013568652,0.8188883207215696,,,62.5298334636968,56,2004T1,2017T4,FALSE,0.12736671094768365,45,-0.24004619663731644,0.18776008991783247,0.8382961387388428
elasticidade,uniao_transf_soc_g1,fbcf_me,ate_2019T4,diferenca,2003T1-2019T4,3,12,0.05729668171275071,0.101914704045541,-0.11033808887624322,0.22493145230174463,0.5739781899116461,,,42.54495732608569,52,2004T1,2016T4,FALSE,0.11477481227422116,41,-0.1358553250624472,0.25044868848794866,0.6203000200091804
multiplicador,uniao_transf_soc_g1,fbcf_real_rs_bi,sem_2020_2021,diferenca,2003T1-2025T4,3,4,-0.04188526610256409,5.255929642109275,-8.687120200927756,8.603349668722627,0.9936416094400086,-1.0418852661025642,0.8428647692878851,80.12944261792565,68,2004T1,2024T4,FALSE,6.380456588506409,57,-10.7101930036563,10.626422471451171,0.9947851513845181
multiplicador,uniao_transf_soc_g1,fbcf_real_rs_bi,sem_2020_2021,diferenca,2003T1-2025T4,3,8,4.115018789170505,8.27942235388291,-9.50341909867689,17.7334566770179,0.619176626382753,3.115018789170505,0.7067412708944192,35.331404824637545,60,2004T1,2023T4,FALSE,10.579057827264862,49,-13.621310054175716,21.851347632516728,0.6989778062341421
multiplicador,uniao_transf_soc_g1,fbcf_real_rs_bi,sem_2020_2021,diferenca,2003T1-2025T4,3,12,2.3975426738836676,10.147401835141707,-14.29344803878319,19.088533386550523,0.8132219378435073,1.3975426738836676,0.8904584026296783,65.65994059277955,52,2004T1,2022T4,FALSE,13.815599228983647,41,-20.85242535485451,25.647510702621844,0.8630818987366276
elasticidade,uniao_transf_soc_g1,fbcf_me,sem_2020_2021,diferenca,2003T1-2025T4,3,4,0.040533349132791566,0.06483356882759624,-0.06610838170148797,0.1471750799670711,0.5318458558315051,,,77.2024661632592,68,2004T1,2024T4,FALSE,0.07870496744633167,57,-0.09106363010285386,0.172130328368437,0.608541924948248
elasticidade,uniao_transf_soc_g1,fbcf_me,sem_2020_2021,diferenca,2003T1-2025T4,3,8,0.06918739809975272,0.0879384197626745,-0.07545843059526339,0.21383322679476882,0.43141593506714465,,,37.53204094176247,60,2004T1,2023T4,FALSE,0.11236359109900064,49,-0.11919588085491198,0.2575706770544174,0.5409121112100856
elasticidade,uniao_transf_soc_g1,fbcf_me,sem_2020_2021,diferenca,2003T1-2025T4,3,12,0.05729668171276195,0.10191470404554556,-0.11033808887623947,0.22493145230176337,0.5739781899115881,,,42.544957326087264,52,2004T1,2022T4,FALSE,0.1387559820246414,41,-0.17621270810082848,0.2908060715263524,0.681808584919531
multiplicador,uniao_transf_soc_g1,fbcf_real_rs_bi,sem_2016T4_2018T1,diferenca,2003T1-2025T4,3,4,0.7063105193929171,4.967401284733674,-7.464337500324665,8.876958539110499,0.8869306092308009,-0.2936894806070829,0.952853848396406,103.52231212616528,70,2004T1,2024T4,FALSE,6.0301964472672855,57,-9.376352143532591,10.788973182318424,0.9071696183534002
multiplicador,uniao_transf_soc_g1,fbcf_real_rs_bi,sem_2016T4_2018T1,diferenca,2003T1-2025T4,3,8,-4.5183855606392616,7.144664892388824,-16.270313522237863,7.23354240095934,0.5271164377458638,-5.5183855606392616,0.43989028330250907,63.65528736738947,62,2004T1,2023T4,FALSE,9.129117929050075,49,-19.823816373392688,10.787045252114167,0.6228530731931035
multiplicador,uniao_transf_soc_g1,fbcf_real_rs_bi,sem_2016T4_2018T1,diferenca,2003T1-2025T4,3,12,7.2809207482424725,4.409651944948699,0.027688752999994293,14.53415274348495,0.09871147103555651,6.2809207482424725,0.15434301509287185,96.75778823677894,54,2004T1,2022T4,FALSE,6.003702721196979,41,-2.822578492604201,17.384419989089146,0.2321714277858358
elasticidade,uniao_transf_soc_g1,fbcf_me,sem_2016T4_2018T1,diferenca,2003T1-2025T4,3,4,0.0610480631548171,0.06828158646299545,-0.05126515199284147,0.17336127830247566,0.3712880033079765,,,78.46184722899478,70,2004T1,2024T4,FALSE,0.08289070209978117,57,-0.07754758534082799,0.19964371165046219,0.4644538168049359
elasticidade,uniao_transf_soc_g1,fbcf_me,sem_2016T4_2018T1,diferenca,2003T1-2025T4,3,8,0.00386159214772803,0.05718953126456755,-0.09020681577645047,0.09793000007190654,0.9461655831325472,,,54.14547233978077,62,2004T1,2023T4,FALSE,0.07307410257652718,49,-0.11865085975412415,0.12637404404958022,0.9580703610269847
elasticidade,uniao_transf_soc_g1,fbcf_me,sem_2016T4_2018T1,diferenca,2003T1-2025T4,3,12,0.02400964663761697,0.07057218928120267,-0.092071274863475,0.14009056813870893,0.7336953776632602,,,37.86779180879712,54,2004T1,2022T4,FALSE,0.09608342112209808,41,-0.13768702913841507,0.18570632241364898,0.8039253843232839
multiplicador,uniao_transf_soc_g1,fbcf_real_rs_bi,choques_sem_AO,diferenca,2003T1-2025T4,3,4,3.0398265493178545,4.442386271178387,-4.267248621149339,10.346901719785048,0.49379972783383885,2.0398265493178545,0.6461094985656828,107.45207626188811,84,2004T1,2024T4,FALSE,4.831998457638025,71,-5.013180429225679,11.092833527861389,0.5313003558087779
multiplicador,uniao_transf_soc_g1,fbcf_real_rs_bi,choques_sem_AO,diferenca,2003T1-2025T4,3,8,5.811509479338196,5.955867461123749,-3.985020715733456,15.608039674409849,0.32918239206160815,4.811509479338196,0.41917094904121693,72.58414356260694,80,2004T1,2023T4,FALSE,6.508076012956142,67,-5.043415374507352,16.666434333183744,0.37507003037127673
multiplicador,uniao_transf_soc_g1,fbcf_real_rs_bi,choques_sem_AO,diferenca,2003T1-2025T4,3,12,4.190811614968993,8.091654683380952,-9.118775939029026,17.500399168967014,0.604515654730033,3.190811614968993,0.6933347328136004,71.27551662946425,76,2004T1,2022T4,FALSE,8.887382298147802,63,-10.645804138716748,19.027427368654735,0.6388797190396662
elasticidade,uniao_transf_soc_g1,fbcf_me,choques_sem_AO,diferenca,2003T1-2025T4,3,4,0.06822232955802122,0.06308884697862235,-0.035549589214952146,0.17199424833099458,0.27953296191360816,,,116.95740630570992,84,2004T1,2024T4,FALSE,0.0686219506107922,71,-0.04614298988376257,0.182587648999805,0.3235131771867732
elasticidade,uniao_transf_soc_g1,fbcf_me,choques_sem_AO,diferenca,2003T1-2025T4,3,8,0.0775455080698246,0.0658951266920725,-0.03084233006805756,0.18593334620770677,0.23927459755535557,,,72.69062989950677,80,2004T1,2023T4,FALSE,0.07200470732343459,67,-0.042552303566520816,0.19764331970617002,0.28536486062291233
elasticidade,uniao_transf_soc_g1,fbcf_me,choques_sem_AO,diferenca,2003T1-2025T4,3,12,0.05428120877336246,0.09336408605108501,-0.09928904679477402,0.20785146434149893,0.5609757390716987,,,38.397598656401954,76,2004T1,2022T4,FALSE,0.10254544442651127,63,-0.11690838397816797,0.22547080152489288,0.5984312943201551
multiplicador,uniao_transf_soc_g1,fbcf_real_rs_bi,transferencia_grupos_1e2,diferenca,2003T1-2025T4,3,4,2.66165445813833,4.2648528523403515,-4.353404224448026,9.676713140724686,0.5325681049123391,1.66165445813833,0.6968205972151436,134.93663088678912,84,2004T1,2024T4,FALSE,4.638894762092648,71,-5.069525967387301,10.392834883663962,0.5679372332427546
multiplicador,uniao_transf_soc_g1,fbcf_real_rs_bi,transferencia_grupos_1e2,diferenca,2003T1-2025T4,3,8,6.4275329754506965,5.539706239542497,-2.684472924906477,15.539538875807871,0.24594050992144964,5.4275329754506965,0.3272090227143035,88.11742947514288,80,2004T1,2023T4,FALSE,6.053329683999981,67,-3.6689131484976736,16.523979099399067,0.29213088354546785
multiplicador,uniao_transf_soc_g1,fbcf_real_rs_bi,transferencia_grupos_1e2,diferenca,2003T1-2025T4,3,12,6.132727692839158,7.248520146896848,-5.790026960814936,18.05548234649325,0.39751583071022534,5.132727692839158,0.47887882688873357,159.50774380505788,76,2004T1,2022T4,FALSE,7.96133450598288,63,-7.157941819199774,19.42339720487809,0.4439927392801829
elasticidade,uniao_transf_soc_g1,fbcf_me,transferencia_grupos_1e2,diferenca,2003T1-2025T4,3,4,0.0536682348129875,0.06526377123375716,-0.05368111600938908,0.16101758563536409,0.4108901722699406,,,96.13896171629482,84,2004T1,2024T4,FALSE,0.07098762302304357,71,-0.06463971346277167,0.17197618308874665,0.4521368797413332
elasticidade,uniao_transf_soc_g1,fbcf_me,transferencia_grupos_1e2,diferenca,2003T1-2025T4,3,8,0.08436881466657603,0.07648306527407266,-0.04143463264984851,0.21017226198300057,0.26998178012203355,,,72.07867893983477,80,2004T1,2023T4,FALSE,0.08357432494201852,67,-0.055026148629866684,0.22376377796301875,0.3163637907259951
elasticidade,uniao_transf_soc_g1,fbcf_me,transferencia_grupos_1e2,diferenca,2003T1-2025T4,3,12,0.08762666522182223,0.10392217023901956,-0.08331009341649735,0.2585634238601418,0.39911933575654973,,,87.83838556839366,76,2004T1,2022T4,FALSE,0.11414180316719309,63,-0.10292191457511164,0.2781752450187561,0.4455333003070333
multiplicador,uniao_transf_soc_g1,fbcf_real_rs_bi,dummies_A4,diferenca,2003T1-2025T4,3,4,2.4524813756435373,3.64773566624254,-3.5475098651357477,8.452472616422822,0.5013737651915637,1.4524813756435373,0.6904922561718148,130.29889311146948,84,2004T1,2024T4,FALSE,3.99589421643435,70,-4.208332550506836,9.113295301793912,0.5413697546324219
multiplicador,uniao_transf_soc_g1,fbcf_real_rs_bi,dummies_A4,diferenca,2003T1-2025T4,3,8,5.767481780000776,3.978307100369117,-0.7762510831681579,12.31121464316971,0.14713308124354668,4.767481780000776,0.23077321162078548,109.97088196030909,80,2004T1,2023T4,FALSE,4.379971964051317,66,-1.5394963007697298,13.074459860771281,0.19246474474030079
multiplicador,uniao_transf_soc_g1,fbcf_real_rs_bi,dummies_A4,diferenca,2003T1-2025T4,3,12,7.511580044513542,4.432255248057274,0.22116892417184086,14.801991164855242,0.09012219409680552,6.511580044513542,0.1417962538715453,198.87842392328258,76,2004T1,2022T4,FALSE,4.907222097662454,62,-0.6825198405341464,15.70567992956123,0.1309254900644476
elasticidade,uniao_transf_soc_g1,fbcf_me,dummies_A4,diferenca,2003T1-2025T4,3,4,0.03830736095670476,0.06139838094645224,-0.062683988632015325,0.13929871054542484,0.5326835145710171,,,91.17185773525672,84,2004T1,2024T4,FALSE,0.06725855647733456,70,-0.073806900675767,0.15042162258917652,0.5708037122573131
elasticidade,uniao_transf_soc_g1,fbcf_me,dummies_A4,diferenca,2003T1-2025T4,3,8,0.056938022076020445,0.06948531900623112,-0.05735515691125882,0.1712312010632997,0.412543856832666,,,77.72627479500643,80,2004T1,2023T4,FALSE,0.07650081843410647,66,-0.07068603763188114,0.18456208178392203,0.45934897263706864
elasticidade,uniao_transf_soc_g1,fbcf_me,dummies_A4,diferenca,2003T1-2025T4,3,12,0.07889182557804719,0.0923697458425621,-0.0730428858916767,0.2308265370477711,0.3930566276561286,,,75.29659285565413,76,2004T1,2022T4,FALSE,0.10226822071061104,62,-0.09187607505722817,0.24965972621332255,0.44338780622067564
multiplicador,uniao_transf_soc_g1,fbcf_real_rs_bi,G_deflator_fbcf,diferenca,2003T1-2025T4,3,4,2.2384595141770722,3.9082616976116675,-4.190058914214994,8.666977942569138,0.5668135226352364,1.2384595141770722,0.7513328045757857,148.32537485265522,84,2004T1,2024T4,FALSE,4.251029366227532,71,-4.8463045751222955,9.323223603476439,0.6001342824164164
multiplicador,uniao_transf_soc_g1,fbcf_real_rs_bi,G_deflator_fbcf,diferenca,2003T1-2025T4,3,8,5.813658852479537,5.167363974623639,-2.685898522958527,14.3132162279176,0.2605583341471473,4.813658852479537,0.351569039019491,92.71276535103158,80,2004T1,2023T4,FALSE,5.646465062054387,67,-3.604171212265551,15.231488917224624,0.3068955917827892
multiplicador,uniao_transf_soc_g1,fbcf_real_rs_bi,G_deflator_fbcf,diferenca,2003T1-2025T4,3,12,5.559634733967663,6.8199869001536,-5.658245454511508,16.777514922446834,0.41495939765595885,4.559634733967663,0.5037701805556327,156.94711423356324,76,2004T1,2022T4,FALSE,7.490659601986308,63,-6.9452890476377505,18.064558515573076,0.4607190464275325
multiplicador,uniao_transf_soc_g1,fbcf_real_rs_bi,ctrl_cambio_real,diferenca,2003T1-2025T4,3,4,1.4712378852645847,3.86082208773915,-4.879249328767509,7.821725099296678,0.70315238134831,0.47123788526458465,0.9028543841680844,141.76142179806274,84,2004T1,2024T4,FALSE,4.2293186959378435,70,-5.578674685536263,8.521150456065431,0.7289844200270074
multiplicador,uniao_transf_soc_g1,fbcf_real_rs_bi,ctrl_cambio_real,diferenca,2003T1-2025T4,3,8,4.647937902433265,5.145019624453432,-3.8148662875854598,13.11074209245199,0.36632114971431673,3.6479379024332648,0.4783101252723421,86.54439010938346,80,2004T1,2023T4,FALSE,5.664480177387264,66,-4.801947355928819,14.097823160795349,0.414861602080956
multiplicador,uniao_transf_soc_g1,fbcf_real_rs_bi,ctrl_cambio_real,diferenca,2003T1-2025T4,3,12,4.467186238724991,6.1271571106841245,-5.611090357685291,14.545462835135272,0.4659528743394471,3.4671862387249908,0.5714808424334854,127.05500584030919,76,2004T1,2022T4,FALSE,6.783752082549339,62,-6.860351226165421,15.794723703615404,0.5126468638222546
elasticidade,uniao_transf_soc_g1,fbcf_me,ctrl_cambio_real,diferenca,2003T1-2025T4,3,4,0.03585677642766487,0.052533663719846434,-0.05055341087897347,0.12226696373430321,0.4948921492540193,,,102.19495124274405,84,2004T1,2024T4,FALSE,0.05754774529550129,70,-0.060070393442430536,0.13178394629776027,0.5352576096827546
elasticidade,uniao_transf_soc_g1,fbcf_me,ctrl_cambio_real,diferenca,2003T1-2025T4,3,8,0.05541335943374262,0.05953657521456243,-0.042515592244199485,0.15334231111168473,0.3519855753100745,,,75.83904874493767,80,2004T1,2023T4,FALSE,0.06554761201095341,66,-0.05393778896216399,0.16476450782964924,0.4009470058904776
elasticidade,uniao_transf_soc_g1,fbcf_me,ctrl_cambio_real,diferenca,2003T1-2025T4,3,12,0.06118260752749366,0.08203245630742333,-0.07374877575750971,0.19611399081249703,0.45576760632185387,,,78.02149609269976,76,2004T1,2022T4,FALSE,0.09082317235537417,62,-0.09047430372405596,0.21283951877904328,0.503040493142521
multiplicador,uniao_transf_soc_g1,fbcf_real_rs_bi,ctrl_icbr_usd,diferenca,2003T1-2025T4,3,4,0.12340600040776817,3.6769851620318055,-5.924696379606991,6.1715083804225275,0.9732266363726378,-0.8765939995922318,0.8115707119891071,115.46786206951782,84,2004T1,2024T4,FALSE,4.027935433713216,70,-6.590817894751325,6.837629895566861,0.9756457964851245
multiplicador,uniao_transf_soc_g1,fbcf_real_rs_bi,ctrl_icbr_usd,diferenca,2003T1-2025T4,3,8,3.7094264916809103,4.8440801273424,-4.2583762750217815,11.677229258383603,0.44381620794736265,2.7094264916809103,0.5759383342732476,95.67045394429657,80,2004T1,2023T4,FALSE,5.333156695572669,66,-5.187721571298649,12.606574554660469,0.48915851268173904
multiplicador,uniao_transf_soc_g1,fbcf_real_rs_bi,ctrl_icbr_usd,diferenca,2003T1-2025T4,3,12,2.554166555976174,6.014249720947537,-7.338393910916258,12.446727022868606,0.6710657243759232,1.554166555976174,0.7960873836733942,138.65145998165224,76,2004T1,2022T4,FALSE,6.658745374475019,62,-8.564634187429814,13.672967299382162,0.7026014275267023
elasticidade,uniao_transf_soc_g1,fbcf_me,ctrl_icbr_usd,diferenca,2003T1-2025T4,3,4,0.008837341634987284,0.05633966699054139,-0.08383316395564282,0.10150784722561738,0.8753565632196151,,,85.78381155397476,84,2004T1,2024T4,FALSE,0.06171701298609743,70,-0.094039640915623,0.11171432418559757,0.8865504670345719
elasticidade,uniao_transf_soc_g1,fbcf_me,ctrl_icbr_usd,diferenca,2003T1-2025T4,3,8,0.04066819064258444,0.06913742689449007,-0.07305275674290976,0.15438913802807863,0.5563829515454137,,,69.93899268291963,80,2004T1,2023T4,FALSE,0.0761178018249063,66,-0.08631689374972902,0.1676532750348979,0.5949432801075902
elasticidade,uniao_transf_soc_g1,fbcf_me,ctrl_icbr_usd,diferenca,2003T1-2025T4,3,12,0.019943388343952526,0.10197532619998605,-0.14779109681565394,0.18767787350355897,0.8449461768515806,,,64.7740653371385,76,2004T1,2022T4,FALSE,0.11290314887985037,62,-0.16858275961633495,0.20846953630423998,0.8603657004527994
multiplicador,uniao_transf_soc_g1,fbcf_real_rs_bi,ctrl_brent_usd,diferenca,2003T1-2025T4,3,4,-0.3905434301471802,4.282133816657296,-7.434026769567482,6.652939909273122,0.9273312950082865,-1.3905434301471802,0.7453843463318883,120.81955225103944,84,2004T1,2024T4,FALSE,4.690842571277785,70,-8.209776831182193,7.428689970887832,0.9338851682570666
multiplicador,uniao_transf_soc_g1,fbcf_real_rs_bi,ctrl_brent_usd,diferenca,2003T1-2025T4,3,8,2.888742543881091,5.5969962738662575,-6.317497077221694,12.094982164983875,0.6057680013620815,1.888742543881091,0.7357728297378412,83.84892438666812,80,2004T1,2023T4,FALSE,6.162090091074006,66,-7.391290661071941,13.168775748834122,0.640762637888012
multiplicador,uniao_transf_soc_g1,fbcf_real_rs_bi,ctrl_brent_usd,diferenca,2003T1-2025T4,3,12,1.6412960038037814,6.959758579902724,-9.806488139055837,13.089080146663399,0.8135672485819079,0.6412960038037814,0.9265840857596277,126.4977669209082,76,2004T1,2022T4,FALSE,7.705576323174151,62,-11.225507415186415,14.508099422793977,0.8320249478887793
elasticidade,uniao_transf_soc_g1,fbcf_me,ctrl_brent_usd,diferenca,2003T1-2025T4,3,4,0.010249186545425143,0.05105629593684072,-0.073730947004995,0.09422932009584528,0.8408996493112841,,,89.15335631358786,84,2004T1,2024T4,FALSE,0.055929369974534036,70,-0.0829802900696031,0.10347866316045339,0.8551298032499423
elasticidade,uniao_transf_soc_g1,fbcf_me,ctrl_brent_usd,diferenca,2003T1-2025T4,3,8,0.03313989919834218,0.05824194499586872,-0.06265957526882057,0.12893937366550495,0.5693534309073963,,,67.38308462221347,80,2004T1,2023T4,FALSE,0.06412227105093402,66,-0.07383339490124316,0.14011319329792754,0.6070069429130778
elasticidade,uniao_transf_soc_g1,fbcf_me,ctrl_brent_usd,diferenca,2003T1-2025T4,3,12,0.015171630560620382,0.0812151366229865,-0.11841538147705827,0.14875864259829902,0.8518112387525754,,,63.410679127647875,76,2004T1,2022T4,FALSE,0.0899182675175761,62,-0.13497426682609678,0.16531752794733753,0.8665607091918185
multiplicador,uniao_transf_soc_g1,fbcf_real_rs_bi,ctrl_bndes_priv,diferenca,2003T1-2025T4,3,4,2.2515299379433706,4.13935318396505,-4.557100159934664,9.060160035821404,0.5864877217893254,1.2515299379433706,0.762385910247022,133.8683368185795,84,2004T1,2024T4,FALSE,4.534434224676979,70,-5.306984125497555,9.810044001384297,0.6210689178870832
multiplicador,uniao_transf_soc_g1,fbcf_real_rs_bi,ctrl_bndes_priv,diferenca,2003T1-2025T4,3,8,5.873102141774125,5.404071769697314,-3.0158049089185583,14.76200919246681,0.27712872977523956,4.873102141774125,0.367191610589746,92.13546027118828,80,2004T1,2023T4,FALSE,5.94968720257903,66,-4.052585587165958,15.79878987071421,0.3271850582275988
multiplicador,uniao_transf_soc_g1,fbcf_real_rs_bi,ctrl_bndes_priv,diferenca,2003T1-2025T4,3,12,5.58865301810074,7.15686800359227,-6.1833472752209415,17.36065331142242,0.4348732461236066,4.58865301810074,0.5214227716984107,154.54714011910227,76,2004T1,2022T4,FALSE,7.923808276311511,62,-7.642555024631345,18.819861060832825,0.4832657336550049
elasticidade,uniao_transf_soc_g1,fbcf_me,ctrl_bndes_priv,diferenca,2003T1-2025T4,3,4,0.05027001389037472,0.06405135045031715,-0.05508508220896921,0.15562510998971865,0.4325478237552767,,,96.62547144119182,84,2004T1,2024T4,FALSE,0.07016473896061476,70,-0.0666886054022556,0.16722863318300504,0.47609282806127295
elasticidade,uniao_transf_soc_g1,fbcf_me,ctrl_bndes_priv,diferenca,2003T1-2025T4,3,8,0.08065262661954643,0.07499943241878897,-0.04271046181380038,0.20401571505289323,0.28220620174641364,,,74.61044711552755,80,2004T1,2023T4,FALSE,0.08257165749812993,66,-0.05709923489548678,0.21840448813457963,0.33225505299758584
elasticidade,uniao_transf_soc_g1,fbcf_me,ctrl_bndes_priv,diferenca,2003T1-2025T4,3,12,0.08444967676499479,0.10286163511699835,-0.08474265683135879,0.25364201036134837,0.4116447490693889,,,86.58936021329284,76,2004T1,2022T4,FALSE,0.11388443593564987,62,-0.10571502840568583,0.27461438193567544,0.4611668124479583
multiplicador,uniao_transf_soc_g1,fbcf_real_rs_bi,ctrl_cambio_real+icbr_usd,diferenca,2003T1-2025T4,3,4,0.12200139386238273,3.5827775450162807,-5.771143245617935,6.015146033342701,0.9728355393996786,-0.8779986061376173,0.8064092952713972,119.20625467987107,84,2004T1,2024T4,FALSE,3.9530739730539524,69,-6.46871591975152,6.712718707476285,0.9754683647206209
multiplicador,uniao_transf_soc_g1,fbcf_real_rs_bi,ctrl_cambio_real+icbr_usd,diferenca,2003T1-2025T4,3,8,3.72071291981549,4.810180741166312,-4.191330318584036,11.632756158215017,0.43922184092905703,2.72071291981549,0.571655169675743,88.34510141370528,80,2004T1,2023T4,FALSE,5.3364164020075435,65,-5.183823470677252,12.625249310308233,0.488144836940288
multiplicador,uniao_transf_soc_g1,fbcf_real_rs_bi,ctrl_cambio_real+icbr_usd,diferenca,2003T1-2025T4,3,12,3.218551050209979,5.684549192849845,-6.131700307233149,12.568802407653106,0.5712626968743755,2.218551050209979,0.6963314368720805,121.98594027391609,76,2004T1,2022T4,FALSE,6.345091770281153,61,-7.379144850845994,13.816246951265953,0.6138080639656408
elasticidade,uniao_transf_soc_g1,fbcf_me,ctrl_cambio_real+icbr_usd,diferenca,2003T1-2025T4,3,4,0.009410415748815598,0.05312076676178072,-0.07796547012574259,0.09678630162337379,0.8593895052309054,,,89.54116331292806,84,2004T1,2024T4,FALSE,0.05861104070130333,69,-0.08830817068597886,0.10712900218361006,0.872911423452737
elasticidade,uniao_transf_soc_g1,fbcf_me,ctrl_cambio_real+icbr_usd,diferenca,2003T1-2025T4,3,8,0.04052818330196048,0.06049861470096098,-0.05898318251445481,0.14003954911837577,0.5029198398770668,,,64.64045658661546,80,2004T1,2023T4,FALSE,0.06711718689195519,65,-0.0714659693436397,0.15252233594756065,0.548050315389432
elasticidade,uniao_transf_soc_g1,fbcf_me,ctrl_cambio_real+icbr_usd,diferenca,2003T1-2025T4,3,12,0.036525290506084204,0.08893509134065267,-0.10975991704884873,0.18281049806101712,0.6812954254477336,,,60.12008325911451,76,2004T1,2022T4,FALSE,0.09926931705764265,61,-0.12927625698450312,0.2023268379966715,0.7141906253092244
multiplicador,uniao_transf_soc_g1,fbcf_real_rs_bi,ctrl_cambio_real+brent_usd,diferenca,2003T1-2025T4,3,4,-0.2683692345036688,4.158078738612693,-7.107800128860557,6.571061659853219,0.9485389497044369,-1.2683692345036688,0.7603377214415424,128.69286507600535,84,2004T1,2024T4,FALSE,4.587835173407104,69,-7.917384890545469,7.380646421538131,0.9535227628384231
multiplicador,uniao_transf_soc_g1,fbcf_real_rs_bi,ctrl_cambio_real+brent_usd,diferenca,2003T1-2025T4,3,8,3.1053897762378604,5.306503876902931,-5.6230323721179705,11.833811924593691,0.5584102412269465,2.1053897762378604,0.6915470493367655,77.73292375607848,80,2004T1,2023T4,FALSE,5.88703748357599,65,-6.71793276002008,12.9287123124958,0.5996450705223545
multiplicador,uniao_transf_soc_g1,fbcf_real_rs_bi,ctrl_cambio_real+brent_usd,diferenca,2003T1-2025T4,3,12,2.556725794796219,6.0401189772938215,-7.378385812223937,12.491837401816376,0.6720832264769646,1.5567257947962192,0.7966145335624166,110.26466449410252,76,2004T1,2022T4,FALSE,6.741978636151523,61,-8.70385828249034,13.817309872082781,0.7058378143292752
elasticidade,uniao_transf_soc_g1,fbcf_me,ctrl_cambio_real+brent_usd,diferenca,2003T1-2025T4,3,4,0.009393915541923314,0.049258782283363646,-0.07162957115608026,0.09041740223992689,0.8487564115212705,,,95.35435305938023,84,2004T1,2024T4,FALSE,0.054349902482659196,69,-0.0812203369935428,0.10000816807738942,0.8632820693124484
elasticidade,uniao_transf_soc_g1,fbcf_me,ctrl_cambio_real+brent_usd,diferenca,2003T1-2025T4,3,8,0.029357026631889577,0.05489501313387225,-0.06093723482290886,0.11965128808668801,0.5927985739684878,,,64.55268360035205,80,2004T1,2023T4,FALSE,0.06090054911429094,65,-0.07226382056908709,0.13097787383286624,0.6313906277882333
elasticidade,uniao_transf_soc_g1,fbcf_me,ctrl_cambio_real+brent_usd,diferenca,2003T1-2025T4,3,12,0.02134479160784064,0.07840737299392544,-0.1076238602409545,0.15031344345663578,0.7854456421305327,,,58.649680561667346,76,2004T1,2022T4,FALSE,0.08751828161481835,61,-0.1248299475316258,0.16751953074730708,0.8081347992596787
multiplicador,uniao_transf_soc_g1,fbcf_real_rs_bi,ctrl_cambio_real+bndes_priv,diferenca,2003T1-2025T4,3,4,1.21367462703769,3.8634239435010147,-5.141092258881111,7.5684415129564915,0.7534110483419446,0.2136746270376899,0.9558938362282265,141.56826353897176,84,2004T1,2024T4,FALSE,4.262726459021034,69,-5.893307247871579,8.32065650194696,0.7767130501708415
multiplicador,uniao_transf_soc_g1,fbcf_real_rs_bi,ctrl_cambio_real+bndes_priv,diferenca,2003T1-2025T4,3,8,4.325501996987137,5.164701069414193,-4.169675289158942,12.820679283133217,0.4023045218481303,3.3255019969871373,0.5196464371490881,88.97787214598283,80,2004T1,2023T4,FALSE,5.729721393297407,65,-5.23531725145228,13.886321245426554,0.4530215120403357
multiplicador,uniao_transf_soc_g1,fbcf_real_rs_bi,ctrl_cambio_real+bndes_priv,diferenca,2003T1-2025T4,3,12,4.161927886154575,6.1960387968520285,-6.029649001579515,14.353504773888666,0.5017697042160395,3.161927886154575,0.6098312085567382,123.467804300621,76,2004T1,2022T4,FALSE,6.916016282821359,61,-7.389337259510074,15.713193031819223,0.5495500451044022
elasticidade,uniao_transf_soc_g1,fbcf_me,ctrl_cambio_real+bndes_priv,diferenca,2003T1-2025T4,3,4,0.0338567662506672,0.052043740064287795,-0.05174756835419619,0.11946110085553058,0.5153405993155611,,,102.67235994840289,84,2004T1,2024T4,FALSE,0.05742269837397523,69,-0.061880570046991344,0.12959410254832573,0.5573806075705228
elasticidade,uniao_transf_soc_g1,fbcf_me,ctrl_cambio_real+bndes_priv,diferenca,2003T1-2025T4,3,8,0.05346443869943926,0.05900694453916659,-0.04359334804113324,0.15052222544001176,0.3648986553203074,,,77.48960819142884,80,2004T1,2023T4,FALSE,0.06546232742905385,65,-0.055768355911391995,0.16269723331027053,0.41707137639517544
elasticidade,uniao_transf_soc_g1,fbcf_me,ctrl_cambio_real+bndes_priv,diferenca,2003T1-2025T4,3,12,0.05956939214149793,0.08201624257498227,-0.07533532192689338,0.19447410620988922,0.46764744261586655,,,76.56217730139161,76,2004T1,2022T4,FALSE,0.09154650054686383,61,-0.09333335674317714,0.21247214102617298,0.5176831390666546
multiplicador,uniao_transf_soc_g1,fbcf_real_rs_bi,ctrl_icbr_usd+brent_usd,diferenca,2003T1-2025T4,3,4,-0.6989219367988158,3.9123558545293,-7.134174654046158,5.736330780448527,0.8582166335169219,-1.6989219367988158,0.6641103587561847,116.82987404296036,84,2004T1,2024T4,FALSE,4.316715706611015,69,-7.895916766503712,6.49807289290608,0.8718494628791178
multiplicador,uniao_transf_soc_g1,fbcf_real_rs_bi,ctrl_icbr_usd+brent_usd,diferenca,2003T1-2025T4,3,8,2.6047961013669654,5.223556514558465,-5.987189777190512,11.196781979924442,0.6180165800037207,1.6047961013669654,0.758673727730161,91.17468467225703,80,2004T1,2023T4,FALSE,5.7950156472383085,65,-7.064975488214365,12.274567690948295,0.6545742030214583
multiplicador,uniao_transf_soc_g1,fbcf_real_rs_bi,ctrl_icbr_usd+brent_usd,diferenca,2003T1-2025T4,3,12,1.1746907608528578,6.330020740332467,-9.237266812561039,11.586648334266755,0.8527784117247637,0.17469076085285784,0.9779834259203822,126.72642969474411,76,2004T1,2022T4,FALSE,7.065566880081263,61,-10.626356706165284,12.975738227871,0.86850557226412
elasticidade,uniao_transf_soc_g1,fbcf_me,ctrl_icbr_usd+brent_usd,diferenca,2003T1-2025T4,3,4,4.866097231306099e-4,0.05100192021299918,-0.08340408372071066,0.08437730316697188,0.9923874926061443,,,83.91284019687721,84,2004T1,2024T4,FALSE,0.05627320168125738,69,-0.09333424137686172,0.09430746082312294,0.9931255136763659
elasticidade,uniao_transf_soc_g1,fbcf_me,ctrl_icbr_usd+brent_usd,diferenca,2003T1-2025T4,3,8,0.027656833954950645,0.05940199285592056,-0.07005074944225567,0.12536441735215698,0.6415106883114918,,,67.64313410506065,80,2004T1,2023T4,FALSE,0.06590059418669758,65,-0.08230726833470303,0.1376209362446043,0.6761067765691267
elasticidade,uniao_transf_soc_g1,fbcf_me,ctrl_icbr_usd+brent_usd,diferenca,2003T1-2025T4,3,12,0.0026537615188308578,0.08828375023018802,-0.1425600852481717,0.14786760828583345,0.9760196354125127,,,61.24491624567221,76,2004T1,2022T4,FALSE,0.09854229034374713,61,-0.1619334917889842,0.16724101482664588,0.9786033326902177
multiplicador,uniao_transf_soc_g1,fbcf_real_rs_bi,ctrl_icbr_usd+bndes_priv,diferenca,2003T1-2025T4,3,4,-0.3337845239139954,3.5962859049864417,-6.249148438285399,5.581579390457408,0.9260515840184509,-1.3337845239139954,0.7107281533331405,114.12343137052646,84,2004T1,2024T4,FALSE,3.9679784837431433,69,-6.94935121229796,6.281782164469969,0.9332049728912918
multiplicador,uniao_transf_soc_g1,fbcf_real_rs_bi,ctrl_icbr_usd+bndes_priv,diferenca,2003T1-2025T4,3,8,3.0855339432823117,4.768193123016208,-4.757445809115962,10.928513695680586,0.5175623157040941,2.0855339432823117,0.6618324960533533,97.46104812233563,80,2004T1,2023T4,FALSE,5.289835321953758,65,-5.741275581238848,11.91234346780347,0.561713261450639
multiplicador,uniao_transf_soc_g1,fbcf_real_rs_bi,ctrl_icbr_usd+bndes_priv,diferenca,2003T1-2025T4,3,12,1.922147498298869,6.040800350339564,-8.014084867646883,11.858379864244622,0.7503376491929103,0.9221474982988691,0.8786717698263156,130.36219017621582,76,2004T1,2022T4,FALSE,6.742739184500805,61,-9.339706861659012,13.184001858256751,0.7765567532577325
elasticidade,uniao_transf_soc_g1,fbcf_me,ctrl_icbr_usd+bndes_priv,diferenca,2003T1-2025T4,3,4,0.0037543529593029035,0.053785589071512145,-0.08471506830269528,0.09222377422130108,0.944351088500757,,,86.11698021508371,84,2004T1,2024T4,FALSE,0.05934457543414228,69,-0.09518721085886794,0.10269591677747375,0.949739494827875
elasticidade,uniao_transf_soc_g1,fbcf_me,ctrl_icbr_usd+bndes_priv,diferenca,2003T1-2025T4,3,8,0.03475928931591443,0.06605215994154733,-0.07388684553191838,0.14340542416374724,0.5987214581563012,,,71.90346840481196,80,2004T1,2023T4,FALSE,0.07327829216135304,65,-0.08751550523318696,0.15703408386501583,0.6368426585865855
elasticidade,uniao_transf_soc_g1,fbcf_me,ctrl_icbr_usd+bndes_priv,diferenca,2003T1-2025T4,3,12,0.01372526874563236,0.09939899304370974,-0.14977152547763767,0.17722206296890242,0.8901751583061921,,,61.69470385495235,76,2004T1,2022T4,FALSE,0.11094912038569033,61,-0.17158411383010552,0.19903465132137022,0.9019533817634627
multiplicador,uniao_transf_soc_g1,fbcf_real_rs_bi,ctrl_brent_usd+bndes_priv,diferenca,2003T1-2025T4,3,4,-0.7510852423869752,4.350085176986106,-7.906338623300405,6.404168138526455,0.8629187707670911,-1.7510852423869752,0.6872863258103655,119.89947694178788,84,2004T1,2024T4,FALSE,4.799686354412894,69,-8.753307353982589,7.251136869208637,0.8761066671584041
multiplicador,uniao_transf_soc_g1,fbcf_real_rs_bi,ctrl_brent_usd+bndes_priv,diferenca,2003T1-2025T4,3,8,2.4046664234701036,5.644195253742221,-6.879208610870069,11.688541457810278,0.6700769593706353,1.4046664234701036,0.8034619516320493,86.98347285888205,80,2004T1,2023T4,FALSE,6.261672429568634,65,-8.043785461480867,12.853118308421076,0.7022100575206912
multiplicador,uniao_transf_soc_g1,fbcf_real_rs_bi,ctrl_brent_usd+bndes_priv,diferenca,2003T1-2025T4,3,12,1.1674805227390015,6.988965128684886,-10.328344117815691,12.663305163293694,0.8673336459128917,0.1674805227390015,0.980881670977219,122.80355884418145,76,2004T1,2022T4,FALSE,7.801080370028174,61,-11.862035905766888,14.196996951244891,0.8815295352812945
elasticidade,uniao_transf_soc_g1,fbcf_me,ctrl_brent_usd+bndes_priv,diferenca,2003T1-2025T4,3,4,0.00591045929019525,0.05076830432212098,-0.07759597020822152,0.08941688878861202,0.9073194778320426,,,89.34491209661942,84,2004T1,2024T4,FALSE,0.056015440520727884,69,-0.08748064246661277,0.09930156104700327,0.9162734540130943
elasticidade,uniao_transf_soc_g1,fbcf_me,ctrl_brent_usd+bndes_priv,diferenca,2003T1-2025T4,3,8,0.028035606989914762,0.05748954072721282,-0.06652627258701559,0.12259748656684512,0.6257875150189709,,,68.85338892393581,80,2004T1,2023T4,FALSE,0.0637789190445665,65,-0.07838819182851751,0.13445940580834703,0.661703113785058
elasticidade,uniao_transf_soc_g1,fbcf_me,ctrl_brent_usd+bndes_priv,diferenca,2003T1-2025T4,3,12,0.010043127838289173,0.08016458818972101,-0.12181588579864452,0.14190214147522287,0.9003008163170192,,,60.336136041074006,76,2004T1,2022T4,FALSE,0.08947968458613571,61,-0.13940758475940324,0.15949384043598158,0.9110022874445354
