year,uf,macrosector,product_i,instrument_i,support,intermediate,disbursed,disbursed_real,n_rows
2002,AL,Energy,1,2,direta,True,46.154,177.753,1
2002,AL,Energy,14,2,indireta,True,6.818,26.257,1
2002,AL,Health,0,0,direta,False,0.894,3.445,2
2002,AL,Sanitation,14,2,indireta,True,0.299,1.151,3
2002,AL,Health,18,2,indireta,False,0.072,0.277,2
2002,AM,Energy,14,2,indireta,True,7.113,27.392,1
2002,AM,Telecommunications,1,2,indireta,True,4.258,16.399,1
2002,AM,Energy,18,2,indireta,True,1.53,5.894,1
2002,AM,Education,18,2,indireta,False,1.836,7.07,2
2002,AM,Logistics,14,2,indireta,True,0.217,0.835,1
2002,AM,Sanitation,14,2,indireta,True,0.211,0.814,1
2002,AP,Telecommunications,1,2,indireta,True,2.991,11.519,1
2002,BA,Energy,1,2,direta,True,704.19,2712.025,1
2002,BA,Energy,14,2,indireta,True,5.154,19.851,1
2002,BA,Sanitation,1,2,direta,True,4.668,17.976,1
2002,BA,Logistics,18,2,indireta,True,3.844,14.804,1
2002,BA,Health,18,2,indireta,False,8.963,34.518,4
2002,BA,Sanitation,18,2,indireta,True,2.578,9.929,2
2002,BA,Education,18,2,indireta,False,3.065,11.805,4
2002,BA,Logistics,14,2,indireta,True,1.871,7.206,2
2002,BA,Education,0,0,direta,False,1.686,6.491,1
2002,BA,Sanitation,14,2,indireta,True,2.476,9.536,4
2002,BA,Health,0,0,direta,False,0.589,2.268,1
2002,BA,Telecommunications,14,2,indireta,True,0.278,1.069,1
2002,CE,Energy,1,2,direta,True,204.154,786.252,1
2002,CE,Sanitation,1,2,direta,True,8.794,33.87,1
2002,CE,Education,18,2,indireta,False,7.989,30.768,3
2002,CE,Energy,14,2,indireta,True,5.098,19.632,2
2002,CE,Sanitation,14,2,indireta,True,1.58,6.084,3
2002,CE,Education,0,0,direta,False,0.546,2.103,1
2002,CE,Health,18,2,indireta,False,0.346,1.334,2
2002,CE,Logistics,14,2,indireta,True,0.046,0.178,1
2002,DF,Telecommunications,1,2,indireta,True,223.936,862.437,1
2002,DF,Telecommunications,1,2,direta,True,91.561,352.626,1
2002,DF,Education,0,0,direta,False,7.609,29.303,1
2002,DF,Health,0,0,direta,False,3.898,15.014,1
2002,DF,Telecommunications,21,2,direta,True,3.338,12.857,1
2002,DF,Health,18,2,indireta,False,3.967,15.277,2
2002,DF,Education,18,2,indireta,False,1.801,6.936,2
2002,DF,Telecommunications,14,2,indireta,True,0.091,0.349,1
2002,DF,Sanitation,14,2,indireta,True,0.056,0.215,1
2002,DF,Energy,14,2,indireta,True,0.049,0.189,1
2002,ES,Energy,1,2,direta,True,213.296,821.461,2
2002,ES,Sanitation,1,2,indireta,True,5.675,21.854,1
2002,ES,Energy,14,2,indireta,True,3.543,13.646,2
2002,ES,Education,18,2,indireta,False,4.385,16.886,2
2002,ES,Logistics,14,2,indireta,True,0.902,3.474,2
2002,ES,Sanitation,14,2,indireta,True,1.155,4.447,2
2002,ES,Health,1,2,indireta,False,0.392,1.511,1
2002,ES,Education,0,0,direta,False,0.377,1.453,1
2002,ES,Health,18,2,indireta,False,0.267,1.029,2
2002,GO,Energy,1,2,direta,True,471.233,1814.845,1
2002,GO,Education,18,2,indireta,False,7.0,26.958,1
2002,GO,Logistics,14,2,indireta,True,0.893,3.439,2
2002,GO,Sanitation,14,2,indireta,True,0.126,0.487,1
2002,GO,Telecommunications,14,2,indireta,True,0.119,0.459,1
2002,GO,Health,18,2,indireta,False,0.071,0.273,1
2002,MA,Energy,1,2,direta,True,239.277,921.518,1
2002,MA,Telecommunications,1,2,indireta,True,3.545,13.651,1
2002,MA,Education,18,2,indireta,False,4.285,16.501,2
2002,MA,Health,18,2,indireta,False,3.619,13.938,3
2002,MA,Health,0,0,direta,False,0.645,2.485,1
2002,MA,Sanitation,14,2,indireta,True,0.558,2.151,2
2002,MA,Telecommunications,14,2,indireta,True,0.031,0.118,1
2002,MG,Energy,1,2,direta,True,208.101,801.454,1
2002,MG,Rail transport,1,2,direta,True,52.466,202.062,1
2002,MG,Telecommunications,1,2,indireta,True,19.185,73.885,1
2002,MG,Health,18,2,indireta,False,19.185,73.886,4
2002,MG,Education,1,1,indireta,False,9.765,37.608,2
2002,MG,Education,18,2,indireta,False,9.227,35.535,3
2002,MG,Energy,14,2,indireta,True,6.099,23.488,2
2002,MG,Health,1,2,direta,False,5.429,20.91,1
2002,MG,Sanitation,14,2,indireta,True,1.287,4.957,3
2002,MG,Logistics,14,2,indireta,True,1.241,4.781,3
2002,MG,Logistics,18,2,indireta,True,0.854,3.29,2
2002,MG,Rail transport,14,2,indireta,True,0.402,1.547,1
2002,MG,Sanitation,18,2,indireta,True,0.377,1.453,1
2002,MG,Telecommunications,18,2,indireta,True,0.373,1.435,1
2002,MG,Health,0,0,direta,False,0.352,1.356,1
2002,MG,Telecommunications,21,2,direta,True,0.301,1.16,1
2002,MG,Logistics,14,240,indireta,True,0.049,0.188,1
2002,MG,Logistics,14,246,indireta,True,0.047,0.181,1
2002,MS,Sanitation,14,2,indireta,True,0.657,2.53,2
2002,MS,Logistics,14,2,indireta,True,0.276,1.064,1
2002,MS,Logistics,14,240,indireta,True,0.054,0.208,1
2002,MS,Education,18,2,indireta,False,0.004,0.015,1
2002,MT,Energy,1,2,direta,True,84.59,325.779,1
2002,MT,Energy,1,2,indireta,True,56.445,217.385,1
2002,MT,Rail transport,1,2,direta,True,53.655,206.639,1
2002,MT,Energy,14,2,indireta,True,13.209,50.871,2
2002,MT,Rail transport,14,2,indireta,True,6.178,23.792,1
2002,MT,Logistics,18,2,indireta,True,5.325,20.506,1
2002,MT,Sanitation,18,2,indireta,True,3.208,12.355,1
2002,MT,Education,18,2,indireta,False,1.317,5.071,2
2002,MT,Logistics,14,2,indireta,True,1.922,7.404,2
2002,MT,Sanitation,14,2,indireta,True,0.153,0.589,1
2002,MT,Health,18,2,indireta,False,0.107,0.413,1
2002,PA,Energy,1,2,direta,True,839.08,3231.522,2
2002,PA,Telecommunications,1,2,direta,True,6.24,24.031,1
2002,PA,Health,1,2,indireta,False,1.589,6.12,1
2002,PA,Education,18,2,indireta,False,1.127,4.342,2
2002,PA,Health,18,2,indireta,False,0.494,1.903,2
2002,PA,Energy,14,2,indireta,True,0.424,1.634,1
2002,PA,Health,0,0,direta,False,0.183,0.706,1
2002,PA,Logistics,14,2,indireta,True,0.17,0.654,1
2002,PA,Education,0,0,direta,False,0.057,0.221,1
2002,PB,Energy,1,2,direta,True,61.355,236.293,1
2002,PB,Health,18,2,indireta,False,0.099,0.38,1
2002,PB,Education,18,2,indireta,False,0.043,0.166,2
2002,PE,Energy,1,2,direta,True,180.914,696.749,1
2002,PE,Energy,14,2,indireta,True,12.242,47.148,2
2002,PE,Health,18,2,indireta,False,8.598,33.112,3
2002,PE,Health,1,2,direta,False,5.2,20.027,1
2002,PE,Education,18,2,indireta,False,4.331,16.681,3
2002,PE,Sanitation,14,2,indireta,True,1.258,4.847,2
2002,PE,Health,0,0,direta,False,0.708,2.726,1
2002,PE,Logistics,14,2,indireta,True,2.01,7.741,4
2002,PE,Energy,18,2,indireta,True,0.3,1.157,1
2002,PE,Education,0,0,direta,False,0.188,0.723,2
2002,PI,Energy,14,2,indireta,True,3.69,14.212,1
2002,PI,Health,18,2,indireta,False,3.223,12.413,3
2002,PI,Education,18,2,indireta,False,0.098,0.376,1
2002,PR,Sanitation,1,2,indireta,True,60.108,231.49,1
2002,PR,Sanitation,21,2,direta,True,35.063,135.036,1
2002,PR,Rail transport,1,2,indireta,True,21.209,81.682,1
2002,PR,Logistics,1,2,indireta,True,21.09,81.223,1
2002,PR,Logistics,1,2,direta,True,21.09,81.223,1
2002,PR,Energy,1,2,direta,True,18.601,71.636,1
2002,PR,Health,1,2,indireta,False,13.296,51.208,1
2002,PR,Education,18,2,indireta,False,14.331,55.193,3
2002,PR,Logistics,14,2,indireta,True,5.522,21.267,4
2002,PR,Energy,18,2,indireta,True,1.771,6.821,1
2002,PR,Health,0,0,direta,False,1.72,6.623,1
2002,PR,Rail transport,14,2,indireta,True,1.462,5.629,1
2002,PR,Sanitation,1,2,direta,True,0.623,2.398,1
2002,PR,Logistics,18,2,indireta,True,0.605,2.331,1
2002,PR,Health,18,2,indireta,False,0.948,3.65,2
2002,PR,Telecommunications,21,2,direta,True,0.481,1.851,1
2002,PR,Education,1,1,indireta,False,0.411,1.584,1
2002,PR,Sanitation,14,2,indireta,True,0.173,0.665,2
2002,PR,Sanitation,18,2,indireta,True,0.048,0.186,1
2002,PR,Energy,14,2,indireta,True,0.031,0.121,1
2002,RJ,Energy,1,2,direta,True,1268.653,4885.924,3
2002,RJ,Telecommunications,21,2,direta,True,156.0,600.798,1
2002,RJ,Energy,1,2,indireta,True,19.834,76.387,2
2002,RJ,Sanitation,1,2,direta,True,10.536,40.578,2
2002,RJ,Telecommunications,1,2,direta,True,8.662,33.358,1
2002,RJ,Health,18,2,indireta,False,11.093,42.72,4
2002,RJ,Logistics,18,2,indireta,True,6.947,26.753,3
2002,RJ,Education,18,2,indireta,False,7.621,29.35,3
2002,RJ,Energy,18,2,indireta,True,3.816,14.698,1
2002,RJ,Health,0,0,direta,False,4.533,17.458,3
2002,RJ,Sanitation,14,2,indireta,True,2.779,10.703,4
2002,RJ,Sanitation,1,2,indireta,True,0.922,3.549,1
2002,RJ,Logistics,14,2,indireta,True,1.359,5.232,2
2002,RJ,Telecommunications,14,2,indireta,True,0.131,0.506,1
2002,RJ,Education,0,0,direta,False,0.12,0.462,1
2002,RJ,Energy,14,2,indireta,True,0.066,0.252,2
2002,RN,Energy,1,2,direta,True,123.101,474.097,1
2002,RN,Energy,1,2,indireta,True,3.984,15.343,1
2002,RN,Energy,14,2,indireta,True,3.519,13.554,1
2002,RN,Telecommunications,1,2,direta,True,1.617,6.229,1
2002,RN,Health,1,2,direta,False,1.428,5.5,1
2002,RN,Education,18,2,indireta,False,0.346,1.331,2
2002,RN,Health,18,2,indireta,False,0.198,0.764,1
2002,RN,Sanitation,14,2,indireta,True,0.121,0.468,2
2002,RO,Energy,1,2,direta,True,115.438,444.582,1
2002,RO,Telecommunications,1,2,indireta,True,2.34,9.013,1
2002,RO,Logistics,14,2,indireta,True,1.206,4.645,1
2002,RO,Telecommunications,1,2,direta,True,0.727,2.8,1
2002,RO,Energy,14,2,indireta,True,0.22,0.847,1
2002,RO,Sanitation,14,2,indireta,True,0.184,0.709,1
2002,RR,Education,18,2,indireta,False,2.416,9.303,1
2002,RS,Energy,1,2,direta,True,305.952,1178.304,3
2002,RS,Logistics,1,2,indireta,True,13.555,52.204,1
2002,RS,Health,18,2,indireta,False,18.043,69.489,4
2002,RS,Energy,18,2,indireta,True,9.181,35.357,2
2002,RS,Rail transport,1,2,direta,True,6.212,23.922,1
2002,RS,Energy,1,2,indireta,True,10.58,40.746,2
2002,RS,Education,18,2,indireta,False,8.814,33.945,4
2002,RS,Education,1,1,indireta,False,4.789,18.444,1
2002,RS,Logistics,1,2,direta,True,4.081,15.716,1
2002,RS,Energy,14,2,indireta,True,2.408,9.276,4
2002,RS,Logistics,14,2,indireta,True,1.446,5.57,2
2002,RS,Health,1,2,indireta,False,0.6,2.311,1
2002,RS,Telecommunications,21,2,direta,True,0.56,2.156,1
2002,RS,Education,0,0,direta,False,1.007,3.877,2
2002,RS,Health,0,0,direta,False,0.285,1.099,1
2002,RS,Sanitation,14,2,indireta,True,0.401,1.544,3
2002,RS,Telecommunications,14,2,indireta,True,0.203,0.78,2
2002,RS,Logistics,14,240,indireta,True,0.017,0.067,1
2002,SC,Energy,1,2,direta,True,228.705,880.804,2
2002,SC,Education,1,1,indireta,False,12.777,49.206,1
2002,SC,Energy,1,2,indireta,True,8.286,31.913,1
2002,SC,Education,18,2,indireta,False,11.497,44.279,4
2002,SC,Health,18,2,indireta,False,5.213,20.076,3
2002,SC,Logistics,1,2,indireta,True,2.719,10.471,1
2002,SC,Health,1,2,indireta,False,2.253,8.677,1
2002,SC,Logistics,18,2,indireta,True,2.207,8.5,2
2002,SC,Logistics,14,2,indireta,True,1.559,6.005,2
2002,SC,Sanitation,18,2,indireta,True,0.567,2.185,1
2002,SC,Sanitation,14,2,indireta,True,0.568,2.189,2
2002,SC,Health,0,0,direta,False,0.329,1.268,1
2002,SC,Energy,14,2,indireta,True,0.194,0.749,2
2002,SC,Telecommunications,14,2,indireta,True,0.141,0.543,2
2002,SC,Energy,18,2,indireta,True,0.142,0.545,3
2002,SC,Logistics,14,240,indireta,True,0.041,0.158,1
2002,SE,Energy,1,2,direta,True,29.632,114.122,2
2002,SE,Education,18,2,indireta,False,2.369,9.122,1
2002,SE,Energy,14,2,indireta,True,1.222,4.706,1
2002,SE,Health,0,0,direta,False,0.15,0.579,1
2002,SE,Health,18,2,indireta,False,0.149,0.572,1
2002,SP,Energy,1,2,direta,True,3023.649,11644.881,3
2002,SP,Energy,1,2,indireta,True,211.826,815.8,2
2002,SP,Rail transport,1,2,direta,True,197.043,758.866,1
2002,SP,Logistics,1,2,direta,True,86.319,332.439,1
2002,SP,Telecommunications,21,2,direta,True,75.916,292.373,1
2002,SP,Energy,21,2,direta,True,60.883,234.477,1
2002,SP,Telecommunications,1,2,direta,True,50.177,193.247,1
2002,SP,Rail transport,1,2,indireta,True,49.244,189.652,1
2002,SP,Logistics,21,2,direta,True,43.336,166.899,1
2002,SP,Health,1,2,indireta,False,38.0,146.348,1
2002,SP,Sanitation,1,2,indireta,True,32.946,126.885,1
2002,SP,Logistics,1,2,indireta,True,32.25,124.205,1
2002,SP,Education,18,2,indireta,False,41.291,159.023,4
2002,SP,Energy,14,2,indireta,True,13.008,50.099,4
2002,SP,Education,1,1,indireta,False,13.895,53.513,2
2002,SP,Sanitation,14,2,indireta,True,15.77,60.736,4
2002,SP,Health,1,2,direta,False,11.728,45.167,2
2002,SP,Health,18,2,indireta,False,15.301,58.929,4
2002,SP,Energy,18,2,indireta,True,5.865,22.587,2
2002,SP,Logistics,14,2,indireta,True,7.325,28.211,4
2002,SP,Logistics,18,2,indireta,True,8.353,32.168,3
2002,SP,Sanitation,18,2,indireta,True,3.785,14.576,2
2002,SP,Sanitation,1,4,indireta,True,1.707,6.576,1
2002,SP,Health,0,0,direta,False,1.695,6.527,2
2002,SP,Sanitation,1,2,direta,True,1.011,3.895,1
2002,SP,Logistics,14,240,indireta,True,0.09,0.347,1
2002,SP,Telecommunications,14,2,indireta,True,0.019,0.072,1
2002,TO,Energy,1,2,direta,True,6.059,23.334,1
2002,TO,Energy,14,2,indireta,True,1.652,6.363,1
2002,TO,Telecommunications,14,2,indireta,True,0.393,1.515,1
2002,TO,Logistics,14,2,indireta,True,0.074,0.287,1
2003,AC,Education,18,2,indireta,False,0.901,3.026,1
2003,AL,Energy,1,2,direta,True,54.438,182.764,1
2003,AL,Sanitation,14,2,indireta,True,2.815,9.449,2
2003,AL,Energy,14,2,indireta,True,0.166,0.558,1
2003,AM,Education,18,2,indireta,False,9.44,31.693,1
2003,AM,Telecommunications,1,2,indireta,True,1.989,6.679,1
2003,AM,Sanitation,14,2,indireta,True,1.984,6.661,2
2003,AM,Health,18,2,indireta,False,0.196,0.657,1
2003,AM,Logistics,14,2,indireta,True,0.341,1.145,2
2003,AP,Telecommunications,1,2,indireta,True,1.396,4.685,1
2003,BA,Energy,1,2,direta,True,264.048,886.48,1
2003,BA,Energy,21,2,direta,True,96.488,323.934,1
2003,BA,Health,18,2,indireta,False,13.601,45.662,4
2003,BA,Sanitation,14,2,indireta,True,9.314,31.27,4
2003,BA,Logistics,14,2,indireta,True,8.204,27.542,3
2003,BA,Telecommunications,14,2,indireta,True,4.805,16.131,1
2003,BA,Sanitation,18,2,indireta,True,4.065,13.648,2
2003,BA,Logistics,18,2,indireta,True,2.781,9.336,1
2003,BA,Education,18,2,indireta,False,6.352,21.326,4
2003,BA,Health,0,0,direta,False,0.511,1.714,1
2003,BA,Sanitation,1,2,direta,True,0.273,0.918,1
2003,BA,Education,0,0,direta,False,0.115,0.387,1
2003,CE,Energy,1,2,direta,True,121.888,409.21,1
2003,CE,Energy,1,2,indireta,True,113.021,379.442,1
2003,CE,Sanitation,1,2,direta,True,32.839,110.248,1
2003,CE,Education,18,2,indireta,False,4.813,16.159,3
2003,CE,Health,18,2,indireta,False,1.408,4.728,1
2003,CE,Education,0,0,direta,False,0.881,2.956,1
2003,CE,Sanitation,14,2,indireta,True,0.408,1.371,1
2003,CE,Logistics,14,2,indireta,True,0.35,1.176,1
2003,DF,Health,1,2,indireta,False,20.4,68.488,1
2003,DF,Education,18,2,indireta,False,5.75,19.303,3
2003,DF,Telecommunications,21,2,direta,True,4.273,14.346,1
2003,DF,Education,0,0,direta,False,3.371,11.317,1
2003,DF,Health,18,2,indireta,False,3.46,11.615,3
2003,DF,Health,0,0,direta,False,2.236,7.505,1
2003,DF,Logistics,14,2,indireta,True,0.774,2.6,1
2003,DF,Sanitation,14,2,indireta,True,1.219,4.093,2
2003,DF,Telecommunications,14,2,indireta,True,0.644,2.164,1
2003,ES,Energy,1,2,direta,True,22.788,76.506,1
2003,ES,Telecommunications,14,2,indireta,True,3.367,11.305,2
2003,ES,Logistics,14,2,indireta,True,4.206,14.12,3
2003,ES,Sanitation,1,2,indireta,True,2.303,7.733,1
2003,ES,Education,1,2,direta,False,1.264,4.244,1
2003,ES,Education,18,2,indireta,False,1.684,5.655,2
2003,ES,Sanitation,14,2,indireta,True,0.749,2.514,3
2003,ES,Energy,14,2,indireta,True,0.505,1.695,1
2003,ES,Health,1,2,indireta,False,0.2,0.671,1
2003,ES,Education,0,0,direta,False,0.192,0.644,1
2003,GO,Energy,1,2,direta,True,280.26,940.908,2
2003,GO,Education,18,2,indireta,False,2.181,7.323,1
2003,GO,Health,18,2,indireta,False,1.371,4.603,1
2003,GO,Telecommunications,14,2,indireta,True,1.143,3.838,1
2003,GO,Logistics,14,2,indireta,True,0.893,2.997,2
2003,GO,Sanitation,14,2,indireta,True,0.265,0.891,2
2003,GO,Energy,14,2,indireta,True,0.2,0.671,1
2003,GO,Logistics,14,246,indireta,True,0.006,0.02,1
2003,MA,Energy,1,2,direta,True,21.844,73.336,1
2003,MA,Telecommunications,1,2,indireta,True,1.643,5.517,1
2003,MA,Health,18,2,indireta,False,1.491,5.004,2
2003,MA,Sanitation,14,2,indireta,True,0.192,0.645,1
2003,MA,Education,0,0,direta,False,0.053,0.177,1
2003,MG,Energy,1,2,direta,True,632.223,2122.54,1
2003,MG,Energy,14,2,indireta,True,47.329,158.896,1
2003,MG,Rail transport,1,2,direta,True,26.585,89.252,1
2003,MG,Energy,1,2,indireta,True,13.362,44.859,1
2003,MG,Health,18,2,indireta,False,15.666,52.596,4
2003,MG,Education,18,2,indireta,False,8.467,28.426,3
2003,MG,Telecommunications,1,2,indireta,True,4.365,14.654,1
2003,MG,Health,1,2,direta,False,2.75,9.232,1
2003,MG,Logistics,14,2,indireta,True,1.766,5.929,3
2003,MG,Logistics,18,2,indireta,True,1.312,4.406,1
2003,MG,Telecommunications,18,2,indireta,True,0.55,1.846,1
2003,MG,Sanitation,14,2,indireta,True,0.787,2.642,2
2003,MG,Health,0,0,direta,False,0.36,1.209,1
2003,MG,Education,0,0,direta,False,0.242,0.813,1
2003,MS,Energy,1,2,indireta,True,24.072,80.817,1
2003,MS,Energy,1,2,direta,True,22.405,75.218,1
2003,MS,Logistics,14,2,indireta,True,0.324,1.087,1
2003,MS,Sanitation,14,2,indireta,True,0.146,0.491,1
2003,MS,Health,0,0,direta,False,0.135,0.453,1
2003,MS,Telecommunications,14,2,indireta,True,0.017,0.057,1
2003,MT,Energy,21,2,direta,True,276.262,927.486,1
2003,MT,Energy,1,2,indireta,True,117.49,394.446,2
2003,MT,Energy,1,2,direta,True,49.769,167.089,1
2003,MT,Energy,14,2,indireta,True,7.084,23.783,2
2003,MT,Sanitation,18,2,indireta,True,4.451,14.944,1
2003,MT,Energy,18,2,indireta,True,2.824,9.48,1
2003,MT,Logistics,14,2,indireta,True,2.839,9.532,3
2003,MT,Logistics,18,2,indireta,True,0.803,2.696,1
2003,MT,Health,18,2,indireta,False,0.434,1.458,1
2003,MT,Education,18,2,indireta,False,0.213,0.716,1
2003,MT,Rail transport,14,2,indireta,True,0.14,0.469,1
2003,MT,Sanitation,14,2,indireta,True,0.235,0.788,2
2003,PA,Energy,1,2,direta,True,52.082,174.852,1
2003,PA,Health,1,2,indireta,False,2.858,9.596,1
2003,PA,Telecommunications,1,2,direta,True,0.934,3.137,1
2003,PA,Sanitation,1,2,direta,True,0.832,2.794,1
2003,PA,Health,0,0,direta,False,0.592,1.987,1
2003,PA,Sanitation,14,2,indireta,True,0.815,2.736,2
2003,PA,Energy,14,2,indireta,True,0.281,0.944,1
2003,PA,Logistics,14,2,indireta,True,0.107,0.36,1
2003,PA,Education,18,2,indireta,False,0.081,0.27,1
2003,PB,Sanitation,14,2,indireta,True,0.046,0.154,1
2003,PE,Energy,1,2,direta,True,12.94,43.445,1
2003,PE,Sanitation,14,2,indireta,True,3.775,12.675,3
2003,PE,Sanitation,18,2,indireta,True,2.727,9.156,1
2003,PE,Health,18,2,indireta,False,2.58,8.663,2
2003,PE,Logistics,18,2,indireta,True,1.549,5.201,1
2003,PE,Energy,14,2,indireta,True,0.93,3.123,3
2003,PE,Health,0,0,direta,False,0.614,2.061,2
2003,PE,Education,0,0,direta,False,0.191,0.642,1
2003,PE,Logistics,14,2,indireta,True,0.118,0.397,1
2003,PE,Telecommunications,21,2,direta,True,0.08,0.268,1
2003,PE,Education,18,2,indireta,False,0.069,0.23,1
2003,PE,Energy,18,2,indireta,True,0.064,0.214,1
2003,PI,Health,18,2,indireta,False,0.424,1.424,1
2003,PI,Education,18,2,indireta,False,0.04,0.135,1
2003,PR,Rail transport,21,2,direta,True,56.332,189.122,1
2003,PR,Sanitation,1,2,indireta,True,37.446,125.716,1
2003,PR,Sanitation,21,2,direta,True,21.398,71.838,1
2003,PR,Education,18,2,indireta,False,14.398,48.338,4
2003,PR,Health,18,2,indireta,False,18.372,61.68,4
2003,PR,Logistics,18,2,indireta,True,8.091,27.164,2
2003,PR,Logistics,14,2,indireta,True,6.283,21.095,4
2003,PR,Sanitation,14,2,indireta,True,3.749,12.585,3
2003,PR,Health,0,0,direta,False,2.613,8.774,1
2003,PR,Energy,18,2,indireta,True,2.269,7.618,1
2003,PR,Logistics,1,2,direta,True,1.748,5.868,1
2003,PR,Logistics,1,2,indireta,True,1.748,5.868,1
2003,PR,Energy,1,2,direta,True,1.688,5.668,1
2003,PR,Rail transport,14,2,indireta,True,0.393,1.319,2
2003,PR,Telecommunications,21,2,direta,True,0.21,0.704,1
2003,PR,Energy,14,2,indireta,True,0.057,0.193,1
2003,PR,Education,0,0,direta,False,0.034,0.114,1
2003,RJ,Energy,1,2,direta,True,770.192,2585.737,2
2003,RJ,Telecommunications,1,2,direta,True,201.868,677.723,1
2003,RJ,Logistics,1,2,direta,True,13.733,46.106,1
2003,RJ,Energy,1,2,indireta,True,10.321,34.652,2
2003,RJ,Sanitation,1,4,indireta,True,9.0,30.215,1
2003,RJ,Rail transport,18,2,indireta,True,5.965,20.025,1
2003,RJ,Sanitation,1,2,direta,True,4.65,15.611,1
2003,RJ,Telecommunications,21,2,direta,True,4.235,14.219,1
2003,RJ,Sanitation,14,2,indireta,True,7.353,24.686,4
2003,RJ,Logistics,18,2,indireta,True,4.389,14.734,3
2003,RJ,Telecommunications,14,2,indireta,True,2.744,9.214,1
2003,RJ,Education,0,0,direta,False,1.665,5.589,1
2003,RJ,Education,18,2,indireta,False,2.589,8.693,2
2003,RJ,Health,18,2,indireta,False,1.588,5.333,3
2003,RJ,Health,0,0,direta,False,2.146,7.204,3
2003,RJ,Sanitation,18,2,indireta,True,0.741,2.489,1
2003,RJ,Logistics,14,2,indireta,True,0.916,3.074,2
2003,RN,Telecommunications,1,2,direta,True,3.345,11.23,1
2003,RN,Health,18,2,indireta,False,0.316,1.061,1
2003,RN,Education,18,2,indireta,False,0.229,0.769,2
2003,RN,Sanitation,14,2,indireta,True,0.152,0.511,1
2003,RN,Logistics,14,2,indireta,True,0.147,0.493,2
2003,RN,Education,0,0,direta,False,0.043,0.145,1
2003,RO,Energy,1,2,direta,True,43.666,146.597,1
2003,RO,Education,18,2,indireta,False,3.107,10.432,1
2003,RO,Telecommunications,1,2,indireta,True,1.09,3.66,1
2003,RO,Energy,14,2,indireta,True,0.843,2.83,1
2003,RO,Sanitation,14,2,indireta,True,0.124,0.417,1
2003,RO,Telecommunications,1,2,direta,True,0.114,0.381,1
2003,RR,Education,0,0,direta,False,0.073,0.246,1
2003,RS,Energy,1,2,direta,True,465.129,1561.56,1
2003,RS,Energy,1,2,indireta,True,49.791,167.161,2
2003,RS,Health,18,2,indireta,False,25.241,84.741,4
2003,RS,Logistics,1,2,direta,True,6.877,23.088,1
2003,RS,Logistics,1,2,indireta,True,6.562,22.032,1
2003,RS,Education,18,2,indireta,False,5.54,18.601,3
2003,RS,Sanitation,14,2,indireta,True,1.827,6.133,3
2003,RS,Energy,14,2,indireta,True,2.559,8.59,3
2003,RS,Logistics,14,2,indireta,True,1.6,5.373,3
2003,RS,Education,0,0,direta,False,1.042,3.5,2
2003,RS,Education,1,1,indireta,False,1.29,4.329,2
2003,RS,Health,1,2,indireta,False,0.6,2.014,1
2003,RS,Telecommunications,21,2,direta,True,0.52,1.745,1
2003,RS,Health,0,0,direta,False,0.162,0.545,2
2003,RS,Energy,18,2,indireta,True,0.076,0.256,1
2003,SC,Energy,1,2,direta,True,324.608,1089.796,2
2003,SC,Energy,21,2,direta,True,84.034,282.125,1
2003,SC,Energy,1,2,indireta,True,32.456,108.965,1
2003,SC,Logistics,14,2,indireta,True,10.303,34.589,2
2003,SC,Education,1,1,indireta,False,6.581,22.094,1
2003,SC,Logistics,18,2,indireta,True,4.288,14.395,2
2003,SC,Health,18,2,indireta,False,3.646,12.24,2
2003,SC,Education,18,2,indireta,False,3.313,11.121,4
2003,SC,Sanitation,14,2,indireta,True,1.752,5.881,2
2003,SC,Sanitation,18,2,indireta,True,0.481,1.615,2
2003,SC,Telecommunications,14,2,indireta,True,0.238,0.8,1
2003,SC,Health,0,0,direta,False,0.132,0.445,1
2003,SC,Energy,14,2,indireta,True,0.061,0.206,1
2003,SE,Energy,1,2,direta,True,225.833,758.18,1
2003,SE,Health,0,0,direta,False,1.377,4.621,2
2003,SE,Health,18,2,indireta,False,0.11,0.368,1
2003,SE,Education,18,2,indireta,False,0.087,0.293,1
2003,SE,Sanitation,1,2,direta,True,0.074,0.247,1
2003,SE,Sanitation,14,2,indireta,True,0.068,0.229,1
2003,SE,Education,0,0,direta,False,0.067,0.226,1
2003,SP,Energy,1,2,direta,True,419.761,1409.249,2
2003,SP,Energy,21,2,direta,True,300.0,1007.179,1
2003,SP,Energy,1,2,indireta,True,85.884,288.334,2
2003,SP,Sanitation,1,2,indireta,True,74.154,248.956,1
2003,SP,Rail transport,1,2,direta,True,69.094,231.968,1
2003,SP,Logistics,1,2,direta,True,65.788,220.868,1
2003,SP,Logistics,1,2,indireta,True,60.29,202.41,2
2003,SP,Education,18,2,indireta,False,55.881,187.606,4
2003,SP,Sanitation,1,2,direta,True,24.026,80.662,1
2003,SP,Health,18,2,indireta,False,44.563,149.61,4
2003,SP,Health,1,2,indireta,False,12.0,40.287,1
2003,SP,Logistics,18,2,indireta,True,11.331,38.04,3
2003,SP,Telecommunications,18,2,indireta,True,11.409,38.302,3
2003,SP,Energy,18,2,indireta,True,5.316,17.846,1
2003,SP,Education,1,1,indireta,False,4.873,16.359,1
2003,SP,Sanitation,14,2,indireta,True,10.151,34.081,4
2003,SP,Sanitation,18,2,indireta,True,6.923,23.242,3
2003,SP,Health,1,2,direta,False,5.345,17.946,2
2003,SP,Sanitation,1,4,indireta,True,2.077,6.974,1
2003,SP,Logistics,14,2,indireta,True,5.875,19.723,4
2003,SP,Energy,14,2,indireta,True,1.263,4.242,2
2003,SP,Health,0,0,direta,False,1.064,3.572,2
2003,SP,Telecommunications,1,2,direta,True,0.514,1.727,1
2003,SP,Education,0,0,direta,False,0.633,2.124,2
2003,SP,Education,1,2,direta,False,0.347,1.164,1
2003,SP,Telecommunications,22,280,indireta,True,0.018,0.061,1
2003,TO,Energy,14,2,indireta,True,2.056,6.902,1
2003,TO,Education,0,0,direta,False,0.43,1.444,1
2004,AC,Health,18,2,indireta,False,0.015,0.047,1
2004,AL,Energy,1,2,direta,True,50.178,158.034,1
2004,AL,Logistics,14,2,indireta,True,0.234,0.739,1
2004,AL,Health,0,0,direta,False,0.081,0.255,1
2004,AL,Education,0,0,direta,False,0.077,0.241,1
2004,AL,Health,18,2,indireta,False,0.001,0.003,1
2004,AM,Logistics,14,2,indireta,True,3.33,10.487,2
2004,AM,Sanitation,14,2,indireta,True,0.473,1.489,2
2004,AP,Sanitation,14,2,indireta,True,0.113,0.354,1
2004,BA,Energy,21,2,direta,True,64.768,203.984,1
2004,BA,Energy,1,2,direta,True,63.458,199.86,1
2004,BA,Logistics,14,2,indireta,True,4.571,14.398,4
2004,BA,Sanitation,18,2,indireta,True,1.884,5.934,1
2004,BA,Education,18,2,indireta,False,1.858,5.852,2
2004,BA,Health,18,2,indireta,False,1.827,5.754,3
2004,BA,Sanitation,14,2,indireta,True,0.772,2.433,3
2004,BA,Health,0,0,direta,False,0.636,2.002,2
2004,BA,Energy,14,2,indireta,True,0.352,1.109,1
2004,BA,Logistics,18,241,indireta,True,0.276,0.869,1
2004,BA,Energy,18,2,indireta,True,0.137,0.432,1
2004,BA,Education,0,0,direta,False,0.111,0.348,1
2004,BA,Logistics,22,280,indireta,True,0.008,0.025,1
2004,CE,Energy,1,2,indireta,True,117.945,371.463,1
2004,CE,Rail transport,1,2,direta,True,41.0,129.128,1
2004,CE,Sanitation,1,2,direta,True,12.406,39.074,1
2004,CE,Health,18,2,indireta,False,0.609,1.919,1
2004,CE,Sanitation,14,2,indireta,True,0.505,1.592,1
2004,CE,Education,18,2,indireta,False,0.425,1.339,1
2004,CE,Education,0,0,direta,False,0.264,0.831,1
2004,CE,Energy,14,2,indireta,True,0.342,1.077,2
2004,CE,Logistics,14,2,indireta,True,0.234,0.738,2
2004,CE,Telecommunications,14,2,indireta,True,0.117,0.368,1
2004,DF,Telecommunications,1,2,direta,True,741.64,2335.767,1
2004,DF,Energy,1,2,direta,True,424.847,1338.041,1
2004,DF,Energy,1,2,indireta,True,116.833,367.96,1
2004,DF,Education,18,2,indireta,False,8.623,27.159,2
2004,DF,Health,1,2,indireta,False,7.901,24.885,1
2004,DF,Logistics,14,2,indireta,True,1.535,4.833,3
2004,DF,Education,0,0,direta,False,0.55,1.732,1
2004,DF,Health,18,2,indireta,False,0.249,0.784,1
2004,DF,Sanitation,14,2,indireta,True,0.267,0.842,2
2004,ES,Energy,1,2,direta,True,41.29,130.041,1
2004,ES,Education,18,2,indireta,False,6.443,20.291,3
2004,ES,Sanitation,1,2,indireta,True,1.476,4.648,1
2004,ES,Logistics,14,2,indireta,True,1.993,6.278,4
2004,ES,Sanitation,14,2,indireta,True,0.758,2.387,1
2004,GO,Energy,1,2,direta,True,186.499,587.371,2
2004,GO,Energy,1,2,indireta,True,36.115,113.744,1
2004,GO,Health,18,2,indireta,False,3.326,10.475,1
2004,GO,Logistics,14,2,indireta,True,2.462,7.755,4
2004,GO,Education,18,2,indireta,False,0.4,1.26,1
2004,GO,Logistics,14,241,indireta,True,0.312,0.983,1
2004,GO,Logistics,18,241,indireta,True,0.046,0.144,1
2004,GO,Telecommunications,14,2,indireta,True,0.015,0.048,1
2004,GO,Energy,22,280,indireta,True,0.013,0.04,1
2004,MA,Energy,1,2,direta,True,7.331,23.087,1
2004,MA,Logistics,14,2,indireta,True,0.501,1.578,1
2004,MA,Education,18,2,indireta,False,0.371,1.167,1
2004,MA,Sanitation,14,2,indireta,True,0.294,0.925,1
2004,MA,Health,18,2,indireta,False,0.229,0.72,1
2004,MG,Energy,1,2,direta,True,226.434,713.147,1
2004,MG,Sanitation,21,4,direta,True,100.787,317.425,1
2004,MG,Rail transport,14,2,indireta,True,33.388,105.154,1
2004,MG,Health,18,2,indireta,False,15.304,48.198,4
2004,MG,Health,1,2,direta,False,7.222,22.744,1
2004,MG,Education,18,2,indireta,False,10.313,32.481,4
2004,MG,Telecommunications,1,2,indireta,True,4.078,12.845,1
2004,MG,Logistics,14,2,indireta,True,8.245,25.966,4
2004,MG,Logistics,18,2,indireta,True,2.826,8.9,2
2004,MG,Logistics,14,241,indireta,True,1.419,4.468,1
2004,MG,Sanitation,0,0,direta,True,0.841,2.648,1
2004,MG,Health,0,0,direta,False,1.176,3.703,2
2004,MG,Energy,14,2,indireta,True,1.244,3.918,4
2004,MG,Education,0,0,direta,False,0.599,1.888,2
2004,MG,Sanitation,14,2,indireta,True,0.865,2.725,3
2004,MG,Logistics,18,241,indireta,True,0.373,1.176,1
2004,MG,Telecommunications,18,2,indireta,True,0.298,0.939,1
2004,MG,Energy,18,33,indireta,True,0.122,0.383,1
2004,MG,Telecommunications,22,280,indireta,True,0.023,0.072,1
2004,MG,Sanitation,22,280,indireta,True,0.03,0.093,2
2004,MS,Energy,1,2,indireta,True,11.21,35.307,1
2004,MS,Energy,1,2,direta,True,5.711,17.986,1
2004,MS,Logistics,14,241,indireta,True,1.086,3.419,1
2004,MS,Health,0,0,direta,False,1.084,3.414,1
2004,MS,Logistics,14,2,indireta,True,0.782,2.462,1
2004,MS,Logistics,18,2,indireta,True,0.17,0.535,1
2004,MT,Energy,1,2,indireta,True,160.851,506.594,2
2004,MT,Energy,1,2,direta,True,102.765,323.654,1
2004,MT,Rail transport,23,2,direta,True,22.827,71.893,1
2004,MT,Sanitation,1,4,direta,True,6.122,19.28,1
2004,MT,Sanitation,18,2,indireta,True,8.74,27.527,2
2004,MT,Energy,18,2,indireta,True,4.868,15.333,1
2004,MT,Logistics,14,2,indireta,True,4.992,15.722,4
2004,MT,Logistics,18,2,indireta,True,2.354,7.415,1
2004,MT,Logistics,14,241,indireta,True,1.823,5.742,1
2004,MT,Energy,14,2,indireta,True,0.643,2.026,1
2004,MT,Education,18,2,indireta,False,1.014,3.192,2
2004,MT,Logistics,18,241,indireta,True,0.336,1.059,1
2004,MT,Sanitation,14,2,indireta,True,0.333,1.05,1
2004,MT,Rail transport,14,2,indireta,True,0.141,0.445,1
2004,MT,Health,18,2,indireta,False,0.021,0.067,1
2004,PA,Energy,1,2,direta,True,812.539,2559.062,1
2004,PA,Education,0,0,direta,False,2.696,8.49,1
2004,PA,Logistics,14,2,indireta,True,2.602,8.194,3
2004,PA,Health,1,2,indireta,False,1.829,5.761,1
2004,PA,Sanitation,14,2,indireta,True,1.474,4.641,2
2004,PA,Education,18,2,indireta,False,0.832,2.62,1
2004,PA,Health,0,0,direta,False,0.748,2.356,1
2004,PA,Energy,14,2,indireta,True,0.017,0.054,1
2004,PB,Energy,1,2,direta,True,8.021,25.262,1
2004,PB,Health,18,2,indireta,False,1.25,3.937,1
2004,PB,Logistics,14,2,indireta,True,0.32,1.009,1
2004,PB,Telecommunications,22,280,indireta,True,0.046,0.143,1
2004,PE,Energy,1,2,direta,True,36.641,115.399,1
2004,PE,Energy,14,2,indireta,True,1.24,3.906,3
2004,PE,Health,0,0,direta,False,0.817,2.575,2
2004,PE,Sanitation,14,2,indireta,True,0.715,2.252,2
2004,PE,Logistics,14,2,indireta,True,0.775,2.441,3
2004,PE,Logistics,14,241,indireta,True,0.39,1.229,1
2004,PE,Health,18,2,indireta,False,0.25,0.787,1
2004,PE,Logistics,18,241,indireta,True,0.196,0.617,1
2004,PE,Education,0,0,direta,False,0.157,0.495,1
2004,PI,Sanitation,14,2,indireta,True,2.362,7.438,1
2004,PI,Logistics,14,241,indireta,True,0.266,0.836,1
2004,PI,Education,18,2,indireta,False,0.005,0.017,1
2004,PR,Telecommunications,1,2,indireta,True,111.89,352.395,1
2004,PR,Energy,1,2,indireta,True,22.748,71.643,1
2004,PR,Logistics,14,2,indireta,True,21.563,67.912,4
2004,PR,Education,1,1,indireta,False,12.436,39.165,1
2004,PR,Rail transport,1,2,indireta,True,11.797,37.154,1
2004,PR,Education,18,2,indireta,False,6.923,21.804,4
2004,PR,Logistics,18,2,indireta,True,4.428,13.946,2
2004,PR,Health,18,2,indireta,False,6.034,19.003,4
2004,PR,Energy,18,2,indireta,True,2.979,9.383,3
2004,PR,Logistics,14,241,indireta,True,1.123,3.538,1
2004,PR,Energy,14,2,indireta,True,0.799,2.516,3
2004,PR,Logistics,18,33,indireta,True,0.572,1.801,1
2004,PR,Health,0,0,direta,False,0.347,1.094,1
2004,PR,Sanitation,14,2,indireta,True,0.581,1.829,2
2004,PR,Logistics,18,241,indireta,True,0.217,0.685,1
2004,PR,Rail transport,14,2,indireta,True,0.35,1.104,2
2004,PR,Telecommunications,21,2,direta,True,0.195,0.613,1
2004,PR,Education,0,0,direta,False,0.162,0.509,1
2004,PR,Telecommunications,22,280,indireta,True,0.002,0.007,1
2004,RJ,Telecommunications,1,2,direta,True,727.768,2292.077,1
2004,RJ,Energy,1,2,direta,True,622.135,1959.393,1
2004,RJ,Rail transport,14,2,indireta,True,17.911,56.41,1
2004,RJ,Logistics,18,2,indireta,True,6.82,21.479,2
2004,RJ,Sanitation,1,2,direta,True,5.25,16.535,1
2004,RJ,Sanitation,1,4,indireta,True,2.266,7.137,1
2004,RJ,Energy,14,2,indireta,True,2.019,6.358,3
2004,RJ,Logistics,14,2,indireta,True,2.11,6.645,3
2004,RJ,Health,18,2,indireta,False,2.137,6.731,2
2004,RJ,Logistics,1,2,direta,True,0.999,3.148,1
2004,RJ,Sanitation,0,5,direta,True,0.756,2.382,1
2004,RJ,Sanitation,14,2,indireta,True,1.407,4.431,4
2004,RJ,Education,0,0,direta,False,0.714,2.248,1
2004,RJ,Sanitation,18,2,indireta,True,1.552,4.887,3
2004,RJ,Rail transport,18,2,indireta,True,0.655,2.062,1
2004,RJ,Education,18,2,indireta,False,0.689,2.17,3
2004,RJ,Health,0,0,direta,False,0.24,0.756,1
2004,RJ,Logistics,22,280,indireta,True,0.002,0.008,1
2004,RN,Energy,1,2,direta,True,24.01,75.618,1
2004,RN,Health,18,2,indireta,False,3.174,9.997,2
2004,RN,Energy,14,2,indireta,True,0.097,0.305,2
2004,RN,Education,0,0,direta,False,0.056,0.176,1
2004,RO,Education,18,2,indireta,False,0.654,2.059,1
2004,RO,Logistics,14,2,indireta,True,0.34,1.071,1
2004,RO,Sanitation,14,2,indireta,True,0.231,0.729,1
2004,RS,Energy,1,2,direta,True,507.53,1598.446,1
2004,RS,Energy,1,2,indireta,True,101.649,320.14,2
2004,RS,Health,18,2,indireta,False,30.1,94.8,4
2004,RS,Education,18,2,indireta,False,17.613,55.471,4
2004,RS,Education,1,1,indireta,False,9.451,29.765,2
2004,RS,Energy,18,2,indireta,True,16.869,53.13,2
2004,RS,Logistics,1,2,direta,True,8.417,26.508,2
2004,RS,Logistics,18,241,indireta,True,4.004,12.612,2
2004,RS,Logistics,14,241,indireta,True,3.286,10.35,1
2004,RS,Health,0,0,direta,False,2.848,8.969,1
2004,RS,Sanitation,14,2,indireta,True,3.096,9.75,3
2004,RS,Logistics,14,2,indireta,True,3.268,10.291,4
2004,RS,Energy,14,2,indireta,True,2.32,7.305,5
2004,RS,Education,0,0,direta,False,1.041,3.279,1
2004,RS,Sanitation,18,2,indireta,True,0.957,3.014,1
2004,RS,Logistics,18,33,indireta,True,0.452,1.424,2
2004,RS,Energy,22,280,indireta,True,0.011,0.033,1
2004,RS,Sanitation,22,280,indireta,True,0.004,0.012,1
2004,SC,Energy,1,2,direta,True,249.465,785.68,3
2004,SC,Energy,21,2,direta,True,70.392,221.697,1
2004,SC,Energy,1,2,indireta,True,13.771,43.371,1
2004,SC,Energy,18,2,indireta,True,6.94,21.858,2
2004,SC,Education,18,2,indireta,False,12.514,39.413,4
2004,SC,Energy,14,2,indireta,True,5.544,17.46,5
2004,SC,Education,1,1,indireta,False,3.303,10.404,1
2004,SC,Health,18,2,indireta,False,6.007,18.92,4
2004,SC,Logistics,14,2,indireta,True,4.016,12.65,4
2004,SC,Sanitation,18,2,indireta,True,2.386,7.514,3
2004,SC,Logistics,18,241,indireta,True,1.296,4.081,1
2004,SC,Logistics,14,241,indireta,True,0.609,1.917,1
2004,SC,Telecommunications,14,2,indireta,True,0.38,1.197,1
2004,SC,Sanitation,14,2,indireta,True,0.488,1.536,2
2004,SC,Health,0,0,direta,False,0.314,0.99,2
2004,SC,Health,1,2,indireta,False,0.167,0.526,1
2004,SC,Rail transport,14,2,indireta,True,0.081,0.255,1
2004,SC,Logistics,18,2,indireta,True,0.07,0.22,1
2004,SC,Logistics,14,240,indireta,True,0.052,0.164,1
2004,SC,Logistics,14,246,indireta,True,0.044,0.137,1
2004,SC,Telecommunications,22,280,indireta,True,0.02,0.062,2
2004,SC,Logistics,22,280,indireta,True,0.005,0.017,1
2004,SE,Energy,1,2,direta,True,15.825,49.841,1
2004,SE,Health,0,0,direta,False,0.524,1.651,2
2004,SP,Energy,1,2,direta,True,1814.855,5715.818,1
2004,SP,Logistics,1,2,indireta,True,87.444,275.401,1
2004,SP,Energy,1,2,indireta,True,69.647,219.35,1
2004,SP,Logistics,1,2,direta,True,59.341,186.893,1
2004,SP,Sanitation,1,2,indireta,True,53.162,167.433,1
2004,SP,Telecommunications,21,2,direta,True,49.381,155.524,1
2004,SP,Rail transport,1,2,direta,True,34.852,109.766,1
2004,SP,Logistics,14,2,indireta,True,48.948,154.16,4
2004,SP,Sanitation,1,2,direta,True,17.719,55.806,1
2004,SP,Health,18,2,indireta,False,24.491,77.134,4
2004,SP,Education,18,2,indireta,False,30.02,94.546,4
2004,SP,Health,1,2,indireta,False,10.732,33.8,1
2004,SP,Telecommunications,1,2,direta,True,8.583,27.033,1
2004,SP,Energy,18,2,indireta,True,9.401,29.609,3
2004,SP,Sanitation,14,2,indireta,True,10.336,32.552,4
2004,SP,Logistics,18,2,indireta,True,6.665,20.992,2
2004,SP,Sanitation,18,2,indireta,True,9.845,31.006,3
2004,SP,Energy,14,2,indireta,True,4.173,13.142,3
2004,SP,Health,1,2,direta,False,4.978,15.678,2
2004,SP,Education,1,1,indireta,False,2.992,9.423,2
2004,SP,Rail transport,14,2,indireta,True,1.924,6.06,1
2004,SP,Health,0,0,direta,False,2.367,7.454,3
2004,SP,Logistics,14,241,indireta,True,1.546,4.868,2
2004,SP,Education,0,0,direta,False,1.344,4.232,2
2004,SP,Telecommunications,14,2,indireta,True,0.765,2.409,2
2004,SP,Telecommunications,18,2,indireta,True,0.206,0.649,1
2004,SP,Logistics,18,241,indireta,True,0.029,0.091,1
2004,SP,Logistics,22,280,indireta,True,0.014,0.045,1
2004,SP,Sanitation,22,280,indireta,True,0.008,0.025,1
2004,TO,Energy,1,2,direta,True,230.694,726.562,2
2004,TO,Energy,1,2,indireta,True,229.117,721.597,1
2004,TO,Education,0,0,direta,False,0.499,1.571,1
2004,TO,Logistics,14,2,indireta,True,0.218,0.688,1
2005,AC,Education,18,2,indireta,False,0.836,2.464,1
2005,AC,Energy,14,2,indireta,True,0.058,0.172,1
2005,AL,Energy,1,2,direta,True,10.99,32.387,1
2005,AL,Logistics,14,2,indireta,True,0.952,2.806,1
2005,AL,Health,0,0,direta,False,0.496,1.463,2
2005,AL,Rail transport,14,2,indireta,True,0.248,0.732,1
2005,AL,Education,0,0,direta,False,0.025,0.073,1
2005,AM,Logistics,14,2,indireta,True,3.276,9.653,2
2005,AM,Health,18,2,indireta,False,0.6,1.768,1
2005,AM,Sanitation,14,2,indireta,True,0.178,0.523,1
2005,AP,Health,18,2,indireta,False,1.087,3.204,1
2005,AP,Education,0,0,direta,False,0.36,1.061,1
2005,AP,Logistics,14,2,indireta,True,0.224,0.66,1
2005,BA,Energy,1,2,indireta,True,143.755,423.645,1
2005,BA,Energy,1,2,direta,True,78.435,231.148,1
2005,BA,Health,18,2,indireta,False,10.665,31.43,2
2005,BA,Logistics,18,241,indireta,True,9.264,27.302,2
2005,BA,Sanitation,14,2,indireta,True,4.0,11.787,1
2005,BA,Logistics,18,2,indireta,True,2.787,8.212,1
2005,BA,Logistics,14,2,indireta,True,5.743,16.926,4
2005,BA,Education,18,2,indireta,False,3.273,9.646,2
2005,BA,Logistics,14,241,indireta,True,1.69,4.979,1
2005,BA,Health,0,0,direta,False,1.325,3.904,2
2005,BA,Energy,14,2,indireta,True,1.072,3.16,2
2005,BA,Energy,18,2,indireta,True,0.137,0.404,1
2005,BA,Telecommunications,22,280,indireta,True,0.079,0.233,1
2005,BA,Education,0,0,direta,False,0.001,0.004,1
2005,CE,Rail transport,1,2,direta,True,105.073,309.651,1
2005,CE,Energy,1,2,indireta,True,20.534,60.514,1
2005,CE,Sanitation,1,2,direta,True,18.066,53.241,1
2005,CE,Education,1,2,indireta,False,2.887,8.508,1
2005,CE,Sanitation,14,2,indireta,True,0.211,0.623,1
2005,CE,Logistics,14,2,indireta,True,0.071,0.21,1
2005,CE,Energy,14,2,indireta,True,0.12,0.355,2
2005,CE,Health,0,0,direta,False,0.056,0.165,1
2005,CE,Telecommunications,22,280,indireta,True,0.036,0.107,1
2005,DF,Telecommunications,1,2,direta,True,503.822,1484.764,1
2005,DF,Sanitation,14,2,indireta,True,1.912,5.633,1
2005,DF,Sanitation,1,2,direta,True,1.0,2.947,1
2005,DF,Health,0,0,direta,False,1.15,3.39,2
2005,DF,Logistics,14,2,indireta,True,0.482,1.42,1
2005,DF,Telecommunications,21,2,direta,True,0.133,0.392,1
2005,DF,Telecommunications,22,280,indireta,True,0.07,0.206,1
2005,DF,Logistics,14,241,indireta,True,0.046,0.135,1
2005,DF,Education,0,0,direta,False,0.016,0.047,1
2005,ES,Logistics,14,2,indireta,True,17.549,51.716,4
2005,ES,Sanitation,18,2,indireta,True,3.811,11.232,1
2005,ES,Logistics,18,2,indireta,True,3.32,9.784,1
2005,ES,Sanitation,14,2,indireta,True,2.922,8.611,3
2005,ES,Logistics,18,241,indireta,True,0.975,2.875,1
2005,ES,Energy,14,2,indireta,True,0.731,2.155,1
2005,ES,Education,0,0,direta,False,0.673,1.984,1
2005,ES,Health,18,2,indireta,False,0.531,1.564,1
2005,ES,Logistics,14,241,indireta,True,0.274,0.808,1
2005,ES,Logistics,18,33,indireta,True,0.211,0.622,1
2005,ES,Telecommunications,22,280,indireta,True,0.008,0.023,1
2005,GO,Energy,1,2,direta,True,76.068,224.172,1
2005,GO,Logistics,14,2,indireta,True,7.8,22.987,4
2005,GO,Logistics,14,241,indireta,True,3.541,10.435,1
2005,GO,Logistics,18,241,indireta,True,1.996,5.881,1
2005,GO,Education,18,2,indireta,False,0.458,1.35,1
2005,GO,Health,18,2,indireta,False,0.442,1.303,1
2005,GO,Energy,14,2,indireta,True,0.461,1.358,2
2005,GO,Sanitation,14,2,indireta,True,0.047,0.138,1
2005,GO,Energy,22,280,indireta,True,0.009,0.028,1
2005,MA,Logistics,18,241,indireta,True,2.658,7.834,1
2005,MA,Education,18,2,indireta,False,0.476,1.403,1
2005,MA,Logistics,14,241,indireta,True,0.092,0.271,1
2005,MA,Logistics,14,2,indireta,True,0.015,0.043,1
2005,MG,Energy,1,2,direta,True,81.669,240.678,1
2005,MG,Sanitation,21,4,direta,True,78.378,230.98,1
2005,MG,Sanitation,1,4,direta,True,26.642,78.515,3
2005,MG,Sanitation,0,5,direta,True,20.46,60.296,1
2005,MG,Sanitation,1,2,direta,True,10.966,32.318,1
2005,MG,Logistics,18,241,indireta,True,10.144,29.894,1
2005,MG,Health,18,2,indireta,False,14.291,42.116,3
2005,MG,Logistics,14,2,indireta,True,15.778,46.499,4
2005,MG,Logistics,14,241,indireta,True,6.685,19.7,3
2005,MG,Education,18,2,indireta,False,9.856,29.044,4
2005,MG,Sanitation,14,2,indireta,True,5.742,16.92,2
2005,MG,Rail transport,18,2,indireta,True,4.66,13.733,1
2005,MG,Logistics,18,33,indireta,True,6.232,18.366,2
2005,MG,Health,0,0,direta,False,2.492,7.343,3
2005,MG,Health,1,2,direta,False,2.154,6.349,1
2005,MG,Telecommunications,18,2,indireta,True,1.627,4.795,1
2005,MG,Energy,18,33,indireta,True,1.173,3.457,1
2005,MG,Sanitation,18,2,indireta,True,0.987,2.909,1
2005,MG,Energy,14,2,indireta,True,1.86,5.482,8
2005,MG,Education,0,0,direta,False,1.206,3.554,2
2005,MG,Rail transport,14,2,indireta,True,0.434,1.278,2
2005,MG,Logistics,18,2,indireta,True,0.378,1.114,2
2005,MG,Telecommunications,22,280,indireta,True,0.125,0.368,2
2005,MG,Telecommunications,14,2,indireta,True,0.108,0.319,2
2005,MS,Education,18,2,indireta,False,4.886,14.4,2
2005,MS,Energy,14,2,indireta,True,2.494,7.35,2
2005,MS,Logistics,14,241,indireta,True,2.002,5.9,1
2005,MS,Logistics,18,241,indireta,True,0.774,2.28,1
2005,MS,Logistics,14,2,indireta,True,0.775,2.283,3
2005,MS,Logistics,18,2,indireta,True,0.15,0.442,1
2005,MT,Rail transport,21,2,direta,True,415.0,1223.005,1
2005,MT,Energy,1,2,direta,True,188.592,555.781,2
2005,MT,Energy,1,2,indireta,True,34.556,101.835,2
2005,MT,Logistics,18,241,indireta,True,7.8,22.985,1
2005,MT,Sanitation,1,4,direta,True,5.221,15.385,1
2005,MT,Logistics,14,241,indireta,True,4.176,12.306,1
2005,MT,Logistics,14,2,indireta,True,6.279,18.504,4
2005,MT,Logistics,18,2,indireta,True,2.465,7.264,1
2005,MT,Energy,18,2,indireta,True,1.663,4.901,1
2005,MT,Sanitation,18,2,indireta,True,1.171,3.451,1
2005,MT,Sanitation,1,2,direta,True,1.045,3.079,1
2005,MT,Education,18,2,indireta,False,0.35,1.031,1
2005,MT,Rail transport,14,2,indireta,True,0.158,0.464,1
2005,MT,Health,18,2,indireta,False,0.094,0.278,1
2005,MT,Energy,14,2,indireta,True,0.078,0.23,2
2005,MT,Rail transport,22,280,indireta,True,0.019,0.056,1
2005,MT,Sanitation,22,280,indireta,True,0.017,0.051,1
2005,MT,Telecommunications,22,280,indireta,True,0.006,0.017,1
2005,PA,Energy,1,2,direta,True,19.225,56.656,1
2005,PA,Education,0,0,direta,False,4.314,12.714,2
2005,PA,Education,18,2,indireta,False,1.672,4.928,1
2005,PA,Logistics,18,241,indireta,True,1.283,3.781,1
2005,PA,Logistics,14,241,indireta,True,0.634,1.868,1
2005,PA,Health,0,0,direta,False,0.552,1.628,1
2005,PA,Logistics,14,2,indireta,True,0.618,1.821,3
2005,PA,Energy,14,2,indireta,True,0.251,0.74,1
2005,PA,Sanitation,14,2,indireta,True,0.16,0.472,1
2005,PB,Logistics,14,2,indireta,True,1.572,4.633,1
2005,PB,Logistics,18,2,indireta,True,1.522,4.487,1
2005,PB,Sanitation,14,2,indireta,True,0.105,0.309,1
2005,PB,Logistics,18,241,indireta,True,0.003,0.007,1
2005,PE,Energy,1,2,direta,True,268.434,791.074,1
2005,PE,Energy,1,2,indireta,True,64.108,188.926,1
2005,PE,Energy,21,2,direta,True,7.249,21.363,1
2005,PE,Energy,14,2,indireta,True,5.334,15.719,3
2005,PE,Sanitation,14,2,indireta,True,1.183,3.485,1
2005,PE,Health,0,0,direta,False,0.685,2.018,1
2005,PE,Logistics,14,2,indireta,True,1.494,4.402,4
2005,PE,Education,18,2,indireta,False,0.406,1.197,1
2005,PE,Logistics,18,241,indireta,True,0.757,2.232,2
2005,PE,Rail transport,21,2,direta,True,0.18,0.53,1
2005,PE,Logistics,22,280,indireta,True,0.077,0.228,1
2005,PE,Education,0,0,direta,False,0.007,0.021,1
2005,PI,Logistics,18,241,indireta,True,1.987,5.855,1
2005,PR,Energy,1,2,direta,True,493.342,1453.877,1
2005,PR,Energy,21,2,direta,True,270.475,797.089,1
2005,PR,Sanitation,1,2,indireta,True,45.556,134.253,1
2005,PR,Logistics,18,241,indireta,True,45.499,134.086,2
2005,PR,Sanitation,21,2,direta,True,25.625,75.517,1
2005,PR,Logistics,14,2,indireta,True,25.191,74.238,4
2005,PR,Logistics,18,2,indireta,True,11.271,33.217,2
2005,PR,Logistics,14,241,indireta,True,6.412,18.895,2
2005,PR,Education,18,2,indireta,False,11.222,33.071,3
2005,PR,Health,18,2,indireta,False,10.038,29.582,3
2005,PR,Energy,18,2,indireta,True,4.703,13.86,2
2005,PR,Sanitation,14,2,indireta,True,5.258,15.496,4
2005,PR,Telecommunications,21,2,direta,True,1.443,4.253,1
2005,PR,Energy,14,2,indireta,True,1.68,4.951,5
2005,PR,Logistics,18,33,indireta,True,0.525,1.547,1
2005,PR,Sanitation,18,2,indireta,True,0.3,0.884,1
2005,PR,Health,0,0,direta,False,0.279,0.821,1
2005,PR,Telecommunications,22,280,indireta,True,0.041,0.12,1
2005,PR,Sanitation,22,280,indireta,True,0.019,0.055,2
2005,PR,Logistics,22,280,indireta,True,0.012,0.036,2
2005,RJ,Energy,21,2,direta,True,736.02,2169.051,1
2005,RJ,Telecommunications,1,2,direta,True,291.469,858.958,1
2005,RJ,Energy,1,2,indireta,True,81.526,240.258,2
2005,RJ,Energy,1,2,direta,True,39.907,117.607,1
2005,RJ,Energy,14,2,indireta,True,11.606,34.204,4
2005,RJ,Logistics,1,2,direta,True,9.1,26.817,1
2005,RJ,Sanitation,18,2,indireta,True,8.102,23.877,3
2005,RJ,Logistics,14,2,indireta,True,9.361,27.587,4
2005,RJ,Logistics,18,2,indireta,True,6.249,18.415,1
2005,RJ,Telecommunications,14,2,indireta,True,4.2,12.377,1
2005,RJ,Education,18,1,indireta,False,2.697,7.949,1
2005,RJ,Sanitation,14,2,indireta,True,1.644,4.845,2
2005,RJ,Health,0,0,direta,False,2.66,7.84,3
2005,RJ,Education,0,0,direta,False,1.12,3.299,2
2005,RJ,Sanitation,1,2,direta,True,1.0,2.948,1
2005,RJ,Sanitation,0,5,direta,True,0.938,2.764,1
2005,RJ,Health,18,2,indireta,False,1.272,3.75,2
2005,RJ,Education,18,2,indireta,False,0.793,2.337,1
2005,RJ,Telecommunications,21,2,direta,True,0.543,1.599,1
2005,RJ,Telecommunications,22,280,indireta,True,0.138,0.406,2
2005,RJ,Sanitation,22,280,indireta,True,0.035,0.102,1
2005,RJ,Logistics,22,280,indireta,True,0.041,0.12,2
2005,RN,Health,18,2,indireta,False,0.133,0.392,1
2005,RN,Telecommunications,22,280,indireta,True,0.049,0.145,1
2005,RN,Logistics,18,241,indireta,True,0.005,0.014,1
2005,RO,Energy,18,2,indireta,True,5.898,17.38,1
2005,RO,Logistics,18,241,indireta,True,1.692,4.986,1
2005,RO,Logistics,14,2,indireta,True,0.627,1.848,2
2005,RS,Energy,1,2,direta,True,579.827,1708.75,1
2005,RS,Energy,1,2,indireta,True,180.267,531.246,3
2005,RS,Logistics,18,241,indireta,True,110.074,324.387,2
2005,RS,Logistics,14,241,indireta,True,17.776,52.385,1
2005,RS,Energy,14,2,indireta,True,18.112,53.375,3
2005,RS,Health,18,2,indireta,False,20.885,61.547,3
2005,RS,Education,1,1,indireta,False,9.243,27.238,1
2005,RS,Energy,18,2,indireta,True,8.369,24.662,3
2005,RS,Education,18,1,indireta,False,3.868,11.398,1
2005,RS,Logistics,18,2,indireta,True,4.457,13.135,2
2005,RS,Logistics,18,33,indireta,True,4.457,13.134,2
2005,RS,Logistics,14,2,indireta,True,6.767,19.942,4
2005,RS,Sanitation,14,2,indireta,True,3.102,9.142,3
2005,RS,Education,0,0,direta,False,1.588,4.679,1
2005,RS,Education,18,2,indireta,False,2.716,8.003,4
2005,RS,Health,0,0,direta,False,1.049,3.092,1
2005,RS,Sanitation,18,2,indireta,True,0.184,0.543,1
2005,RS,Logistics,22,280,indireta,True,0.176,0.518,2
2005,RS,Logistics,1,2,direta,True,0.166,0.489,1
2005,RS,Sanitation,22,280,indireta,True,0.055,0.162,1
2005,SC,Energy,21,2,direta,True,220.743,650.529,1
2005,SC,Energy,1,2,direta,True,86.433,254.719,1
2005,SC,Logistics,18,241,indireta,True,48.295,142.326,2
2005,SC,Logistics,18,2,indireta,True,13.561,39.965,3
2005,SC,Energy,18,2,indireta,True,7.602,22.404,3
2005,SC,Health,18,2,indireta,False,6.226,18.347,4
2005,SC,Education,1,1,indireta,False,2.962,8.729,1
2005,SC,Education,18,2,indireta,False,5.186,15.284,4
2005,SC,Logistics,14,2,indireta,True,4.456,13.131,4
2005,SC,Sanitation,1,2,direta,True,1.606,4.734,1
2005,SC,Energy,14,2,indireta,True,3.565,10.507,7
2005,SC,Sanitation,14,2,indireta,True,1.408,4.148,2
2005,SC,Logistics,14,241,indireta,True,1.094,3.223,1
2005,SC,Logistics,18,33,indireta,True,1.371,4.04,2
2005,SC,Sanitation,18,2,indireta,True,0.977,2.878,3
2005,SC,Energy,18,33,indireta,True,0.485,1.43,1
2005,SC,Education,18,1,indireta,False,0.431,1.27,1
2005,SC,Health,0,0,direta,False,0.236,0.697,1
2005,SC,Rail transport,14,2,indireta,True,0.46,1.355,2
2005,SC,Telecommunications,14,2,indireta,True,0.12,0.353,1
2005,SC,Logistics,22,280,indireta,True,0.027,0.078,2
2005,SC,Telecommunications,22,280,indireta,True,0.025,0.074,2
2005,SE,Energy,14,2,indireta,True,0.609,1.795,2
2005,SE,Health,0,0,direta,False,0.116,0.341,1
2005,SE,Education,18,2,indireta,False,0.112,0.332,1
2005,SE,Logistics,22,280,indireta,True,0.067,0.196,1
2005,SE,Telecommunications,22,280,indireta,True,0.005,0.014,1
2005,SP,Telecommunications,1,2,direta,True,701.485,2067.277,1
2005,SP,Energy,1,2,indireta,True,444.904,1311.132,2
2005,SP,Energy,1,2,direta,True,529.538,1560.547,3
2005,SP,Telecommunications,21,2,direta,True,129.06,380.34,1
2005,SP,Logistics,1,2,direta,True,114.176,336.476,2
2005,SP,Logistics,1,2,indireta,True,83.968,247.454,1
2005,SP,Logistics,14,2,indireta,True,80.749,237.967,4
2005,SP,Rail transport,1,2,direta,True,46.136,135.964,1
2005,SP,Education,1,1,indireta,False,41.572,122.513,1
2005,SP,Sanitation,1,2,indireta,True,24.28,71.555,1
2005,SP,Education,18,2,indireta,False,35.937,105.905,4
2005,SP,Telecommunications,1,7,direta,True,20.0,58.94,1
2005,SP,Health,18,2,indireta,False,24.59,72.467,4
2005,SP,Telecommunications,14,2,indireta,True,14.446,42.573,1
2005,SP,Health,1,2,indireta,False,13.297,39.187,1
2005,SP,Energy,14,2,indireta,True,15.503,45.689,7
2005,SP,Logistics,18,2,indireta,True,16.553,48.783,3
2005,SP,Sanitation,1,2,direta,True,8.093,23.852,1
2005,SP,Rail transport,14,2,indireta,True,8.202,24.171,2
2005,SP,Sanitation,18,2,indireta,True,8.418,24.808,3
2005,SP,Logistics,14,241,indireta,True,7.407,21.829,2
2005,SP,Logistics,18,241,indireta,True,3.258,9.601,1
2005,SP,Sanitation,14,2,indireta,True,7.236,21.323,4
2005,SP,Logistics,18,33,indireta,True,2.035,5.998,1
2005,SP,Energy,18,2,indireta,True,2.175,6.408,2
2005,SP,Health,0,0,direta,False,0.973,2.869,2
2005,SP,Education,18,1,indireta,False,0.621,1.829,1
2005,SP,Education,0,0,direta,False,0.485,1.428,1
2005,SP,Telecommunications,22,280,indireta,True,0.245,0.722,3
2005,SP,Sanitation,22,280,indireta,True,0.217,0.638,3
2005,SP,Logistics,22,280,indireta,True,0.107,0.315,2
2005,SP,Energy,22,280,indireta,True,0.025,0.075,1
2005,TO,Energy,1,2,direta,True,103.323,304.494,1
2005,TO,Energy,1,2,indireta,True,103.323,304.494,1
2005,TO,Logistics,18,2,indireta,True,2.156,6.354,1
2005,TO,Education,18,1,indireta,False,1.671,4.925,1
2005,TO,Logistics,18,241,indireta,True,0.519,1.53,1
2005,TO,Logistics,14,241,indireta,True,0.256,0.756,1
2005,TO,Education,0,0,direta,False,0.06,0.178,1
2006,AC,Sanitation,14,192,indireta,True,0.032,0.091,1
2006,AL,Energy,1,2,direta,True,0.932,2.637,1
2006,AL,Logistics,18,2,indireta,True,0.816,2.309,1
2006,AL,Health,0,0,direta,False,0.217,0.614,1
2006,AL,Sanitation,14,2,indireta,True,0.175,0.496,1
2006,AL,Energy,14,2,indireta,True,0.15,0.424,1
2006,AM,Sanitation,18,2,indireta,True,9.41,26.618,1
2006,AM,Health,18,16,indireta,False,2.892,8.18,1
2006,AM,Logistics,14,2,indireta,True,1.262,3.571,2
2006,AM,Energy,14,2,indireta,True,0.235,0.664,1
2006,AM,Health,18,2,indireta,False,0.224,0.635,1
2006,AP,Education,0,0,direta,False,0.906,2.562,1
2006,AP,Health,18,2,indireta,False,0.371,1.049,1
2006,AP,Sanitation,14,2,indireta,True,0.338,0.957,1
2006,BA,Energy,1,13,direta,True,425.61,1203.905,1
2006,BA,Energy,1,8,indireta,True,117.328,331.879,1
2006,BA,Education,18,2,indireta,False,10.96,31.003,2
2006,BA,Health,18,2,indireta,False,10.0,28.287,1
2006,BA,Sanitation,14,2,indireta,True,8.314,23.516,2
2006,BA,Energy,1,2,direta,True,2.858,8.085,1
2006,BA,Health,0,0,direta,False,1.548,4.379,1
2006,BA,Logistics,14,192,indireta,True,1.523,4.308,2
2006,BA,Logistics,14,2,indireta,True,2.813,7.958,4
2006,BA,Energy,14,2,indireta,True,0.68,1.922,3
2006,BA,Logistics,18,2,indireta,True,0.524,1.483,1
2006,BA,Logistics,18,241,indireta,True,0.354,1.0,1
2006,BA,Energy,14,192,indireta,True,0.291,0.822,1
2006,BA,Logistics,14,241,indireta,True,0.256,0.724,1
2006,BA,Education,0,0,direta,False,0.229,0.649,2
2006,BA,Telecommunications,22,280,indireta,True,0.173,0.488,1
2006,BA,Logistics,22,280,indireta,True,0.108,0.306,2
2006,CE,Sanitation,1,2,direta,True,80.228,226.939,1
2006,CE,Rail transport,1,2,direta,True,39.063,110.496,1
2006,CE,Rail transport,1,20,direta,True,32.5,91.931,1
2006,CE,Education,1,2,indireta,False,8.661,24.499,1
2006,CE,Education,0,0,direta,False,0.588,1.662,1
2006,CE,Logistics,14,243,indireta,True,0.388,1.098,1
2006,CE,Health,0,0,direta,False,0.269,0.76,1
2006,CE,Logistics,14,241,indireta,True,0.248,0.701,1
2006,CE,Logistics,14,192,indireta,True,0.397,1.123,2
2006,CE,Health,18,2,indireta,False,0.236,0.667,1
2006,CE,Energy,14,2,indireta,True,0.098,0.278,1
2006,CE,Logistics,14,2,indireta,True,0.089,0.253,1
2006,CE,Sanitation,22,280,indireta,True,0.027,0.077,1
2006,CE,Telecommunications,22,280,indireta,True,0.015,0.044,1
2006,CE,Logistics,22,280,indireta,True,0.012,0.034,1
2006,DF,Telecommunications,1,18,direta,True,465.866,1317.775,1
2006,DF,Telecommunications,1,18,indireta,True,304.134,860.29,1
2006,DF,Telecommunications,1,281,direta,True,30.0,84.86,1
2006,DF,Sanitation,1,2,direta,True,19.965,56.474,1
2006,DF,Logistics,14,2,indireta,True,1.086,3.072,2
2006,DF,Logistics,14,192,indireta,True,0.261,0.738,1
2006,DF,Health,0,0,direta,False,0.12,0.339,1
2006,DF,Sanitation,22,280,indireta,True,0.029,0.082,1
2006,DF,Telecommunications,22,280,indireta,True,0.028,0.08,1
2006,ES,Energy,1,2,direta,True,56.843,160.789,1
2006,ES,Energy,1,8,indireta,True,17.32,48.991,1
2006,ES,Logistics,14,2,indireta,True,4.243,12.002,4
2006,ES,Health,1,9,direta,False,2.343,6.627,1
2006,ES,Energy,14,2,indireta,True,2.078,5.878,2
2006,ES,Logistics,18,2,indireta,True,1.8,5.092,1
2006,ES,Health,18,2,indireta,False,1.768,5.0,1
2006,ES,Logistics,18,241,indireta,True,1.535,4.341,1
2006,ES,Sanitation,1,6,direta,True,1.4,3.96,1
2006,ES,Sanitation,14,2,indireta,True,1.388,3.926,3
2006,ES,Logistics,14,192,indireta,True,0.965,2.73,2
2006,ES,Education,0,0,direta,False,0.557,1.576,1
2006,ES,Education,18,2,indireta,False,0.409,1.156,1
2006,ES,Energy,14,192,indireta,True,0.323,0.912,1
2006,ES,Logistics,14,241,indireta,True,0.262,0.741,1
2006,ES,Sanitation,14,243,indireta,True,0.2,0.566,1
2006,ES,Sanitation,18,2,indireta,True,0.189,0.534,1
2006,ES,Logistics,14,242,indireta,True,0.15,0.425,1
2006,ES,Telecommunications,22,280,indireta,True,0.034,0.096,1
2006,ES,Logistics,22,280,indireta,True,0.017,0.048,1
2006,ES,Sanitation,22,280,indireta,True,0.007,0.02,1
2006,GO,Energy,1,2,direta,True,153.063,432.964,1
2006,GO,Sanitation,1,4,direta,True,28.204,79.78,2
2006,GO,Energy,1,2,indireta,True,13.026,36.847,1
2006,GO,Energy,1,14,indireta,True,6.027,17.048,1
2006,GO,Energy,1,14,direta,True,6.021,17.03,1
2006,GO,Logistics,14,2,indireta,True,6.002,16.977,4
2006,GO,Logistics,14,241,indireta,True,2.808,7.943,1
2006,GO,Logistics,18,241,indireta,True,1.222,3.458,1
2006,GO,Logistics,14,192,indireta,True,1.046,2.957,2
2006,GO,Logistics,14,243,indireta,True,0.569,1.609,1
2006,GO,Education,18,2,indireta,False,0.318,0.9,2
2006,GO,Energy,14,2,indireta,True,0.336,0.951,4
2006,GO,Sanitation,22,280,indireta,True,0.091,0.257,1
2006,GO,Telecommunications,22,280,indireta,True,0.037,0.104,1
2006,MA,Education,18,2,indireta,False,3.317,9.384,1
2006,MA,Logistics,18,2,indireta,True,2.194,6.207,1
2006,MA,Logistics,18,241,indireta,True,1.592,4.503,2
2006,MA,Energy,14,2,indireta,True,0.434,1.228,1
2006,MA,Sanitation,14,2,indireta,True,0.472,1.337,2
2006,MA,Logistics,14,192,indireta,True,0.11,0.311,1
2006,MA,Sanitation,22,280,indireta,True,0.009,0.026,1
2006,MA,Telecommunications,22,280,indireta,True,0.013,0.037,2
2006,MG,Energy,1,2,direta,True,208.156,588.802,1
2006,MG,Rail transport,14,2,indireta,True,101.933,288.333,1
2006,MG,Sanitation,21,4,direta,True,87.156,246.534,1
2006,MG,Telecommunications,1,2,indireta,True,44.994,127.272,1
2006,MG,Energy,1,10,indireta,True,47.69,134.899,2
2006,MG,Sanitation,0,5,direta,True,24.067,68.078,1
2006,MG,Sanitation,1,4,direta,True,22.793,64.472,3
2006,MG,Energy,21,160,direta,True,18.046,51.046,1
2006,MG,Energy,1,10,direta,True,24.898,70.427,2
2006,MG,Logistics,18,241,indireta,True,10.742,30.384,1
2006,MG,Logistics,14,241,indireta,True,7.413,20.968,3
2006,MG,Logistics,18,33,indireta,True,9.733,27.532,3
2006,MG,Health,1,9,direta,False,5.453,15.424,1
2006,MG,Health,18,2,indireta,False,8.41,23.789,3
2006,MG,Logistics,14,2,indireta,True,10.435,29.518,4
2006,MG,Health,0,0,direta,False,3.455,9.773,3
2006,MG,Education,18,2,indireta,False,5.302,14.998,3
2006,MG,Logistics,18,2,indireta,True,4.523,12.793,3
2006,MG,Sanitation,1,2,direta,True,1.387,3.923,1
2006,MG,Logistics,14,192,indireta,True,2.13,6.024,4
2006,MG,Sanitation,18,2,indireta,True,1.716,4.854,2
2006,MG,Sanitation,14,2,indireta,True,0.771,2.181,2
2006,MG,Logistics,14,243,indireta,True,0.27,0.764,1
2006,MG,Education,0,0,direta,False,0.29,0.821,2
2006,MG,Sanitation,14,192,indireta,True,0.229,0.647,1
2006,MG,Health,18,16,indireta,False,0.407,1.15,2
2006,MG,Logistics,22,280,indireta,True,0.269,0.762,2
2006,MG,Energy,14,2,indireta,True,0.236,0.668,2
2006,MG,Sanitation,14,243,indireta,True,0.167,0.471,1
2006,MG,Telecommunications,22,280,indireta,True,0.094,0.267,1
2006,MG,Energy,14,192,indireta,True,0.028,0.079,1
2006,MG,Sanitation,22,280,indireta,True,0.012,0.035,1
2006,MG,Telecommunications,18,244,indireta,True,0.01,0.028,1
2006,MS,Energy,1,2,direta,True,90.319,255.482,1
2006,MS,Rail transport,14,2,indireta,True,58.839,166.434,1
2006,MS,Energy,1,8,indireta,True,44.566,126.062,1
2006,MS,Education,18,2,indireta,False,1.177,3.329,2
2006,MS,Energy,14,2,indireta,True,0.594,1.681,2
2006,MS,Logistics,18,241,indireta,True,0.585,1.654,2
2006,MS,Logistics,14,2,indireta,True,0.639,1.809,3
2006,MS,Logistics,14,192,indireta,True,0.243,0.687,1
2006,MS,Telecommunications,22,280,indireta,True,0.032,0.089,1
2006,MS,Education,18,244,indireta,False,0.024,0.068,1
2006,MS,Health,18,244,indireta,False,0.011,0.031,1
2006,MS,Logistics,18,244,indireta,True,0.01,0.028,1
2006,MS,Telecommunications,18,244,indireta,True,0.003,0.008,1
2006,MT,Rail transport,1,2,direta,True,168.813,477.514,1
2006,MT,Rail transport,14,242,indireta,True,146.513,414.434,1
2006,MT,Rail transport,21,2,direta,True,114.372,323.52,1
2006,MT,Energy,1,2,direta,True,71.373,201.889,1
2006,MT,Energy,1,2,indireta,True,26.112,73.862,1
2006,MT,Sanitation,1,4,direta,True,14.0,39.601,1
2006,MT,Logistics,18,241,indireta,True,7.963,22.524,1
2006,MT,Health,1,9,direta,False,4.119,11.651,1
2006,MT,Energy,18,2,indireta,True,4.214,11.92,2
2006,MT,Sanitation,1,2,direta,True,1.644,4.65,1
2006,MT,Sanitation,18,2,indireta,True,1.324,3.746,1
2006,MT,Logistics,14,241,indireta,True,1.462,4.136,2
2006,MT,Logistics,14,2,indireta,True,1.568,4.435,4
2006,MT,Logistics,14,243,indireta,True,0.666,1.883,2
2006,MT,Logistics,14,192,indireta,True,0.264,0.747,1
2006,MT,Sanitation,14,192,indireta,True,0.146,0.414,1
2006,MT,Health,18,2,indireta,False,0.132,0.374,1
2006,MT,Logistics,22,280,indireta,True,0.062,0.176,2
2006,MT,Health,18,244,indireta,False,0.02,0.057,1
2006,MT,Education,18,244,indireta,False,0.02,0.057,1
2006,MT,Telecommunications,22,280,indireta,True,0.011,0.032,1
2006,MT,Rail transport,22,280,indireta,True,0.005,0.016,1
2006,MT,Sanitation,18,244,indireta,True,0.005,0.014,1
2006,MT,Logistics,18,244,indireta,True,0.002,0.006,1
2006,PA,Health,1,12,direta,False,120.799,341.698,1
2006,PA,Education,18,2,indireta,False,0.961,2.718,1
2006,PA,Sanitation,14,192,indireta,True,0.588,1.663,1
2006,PA,Sanitation,14,2,indireta,True,0.562,1.591,1
2006,PA,Logistics,14,2,indireta,True,0.827,2.34,3
2006,PA,Logistics,14,192,indireta,True,0.423,1.196,1
2006,PA,Logistics,14,243,indireta,True,0.36,1.018,1
2006,PA,Telecommunications,22,280,indireta,True,0.103,0.292,1
2006,PA,Sanitation,22,280,indireta,True,0.071,0.202,1
2006,PA,Education,0,0,direta,False,0.009,0.025,1
2006,PB,Sanitation,1,2,direta,True,22.989,65.029,1
2006,PB,Energy,1,2,direta,True,5.142,14.544,1
2006,PB,Sanitation,1,6,direta,True,2.5,7.072,1
2006,PB,Sanitation,0,0,direta,True,1.284,3.631,1
2006,PB,Logistics,18,2,indireta,True,1.13,3.197,1
2006,PB,Sanitation,14,2,indireta,True,0.437,1.236,1
2006,PB,Education,0,0,direta,False,0.165,0.466,1
2006,PB,Logistics,14,2,indireta,True,0.1,0.283,1
2006,PB,Sanitation,22,280,indireta,True,0.084,0.237,1
2006,PB,Telecommunications,22,280,indireta,True,0.106,0.299,2
2006,PE,Sanitation,1,2,direta,True,34.341,97.138,1
2006,PE,Energy,1,8,indireta,True,27.103,76.665,1
2006,PE,Energy,14,2,indireta,True,19.931,56.377,2
2006,PE,Logistics,1,16,direta,True,12.194,34.493,1
2006,PE,Energy,1,2,direta,True,5.467,15.464,1
2006,PE,Logistics,18,241,indireta,True,1.851,5.236,2
2006,PE,Sanitation,14,2,indireta,True,1.584,4.481,1
2006,PE,Logistics,14,2,indireta,True,2.202,6.23,4
2006,PE,Logistics,14,192,indireta,True,1.117,3.16,2
2006,PE,Energy,14,243,indireta,True,0.563,1.593,1
2006,PE,Sanitation,14,192,indireta,True,0.369,1.043,1
2006,PE,Telecommunications,22,280,indireta,True,0.097,0.274,1
2006,PE,Health,0,0,direta,False,0.081,0.23,1
2006,PE,Sanitation,22,280,indireta,True,0.043,0.122,2
2006,PI,Health,0,0,direta,False,8.407,23.781,1
2006,PI,Logistics,18,241,indireta,True,0.572,1.618,2
2006,PI,Logistics,14,2,indireta,True,0.35,0.99,1
2006,PI,Sanitation,22,280,indireta,True,0.005,0.013,1
2006,PR,Rail transport,1,2,direta,True,102.892,291.047,1
2006,PR,Energy,21,160,direta,True,91.185,257.931,1
2006,PR,Energy,1,10,indireta,True,65.825,186.195,1
2006,PR,Health,1,2,indireta,False,84.153,238.041,2
2006,PR,Energy,1,2,direta,True,47.716,134.973,1
2006,PR,Telecommunications,1,2,direta,True,20.002,56.58,1
2006,PR,Logistics,18,241,indireta,True,9.352,26.453,2
2006,PR,Health,1,9,direta,False,7.227,20.443,1
2006,PR,Logistics,18,2,indireta,True,6.934,19.615,1
2006,PR,Logistics,14,2,indireta,True,12.289,34.762,4
2006,PR,Health,18,2,indireta,False,8.88,25.118,4
2006,PR,Logistics,14,243,indireta,True,5.179,14.65,2
2006,PR,Logistics,18,33,indireta,True,4.152,11.744,2
2006,PR,Education,18,16,indireta,False,2.985,8.444,3
2006,PR,Logistics,14,241,indireta,True,1.235,3.492,2
2006,PR,Health,18,16,indireta,False,0.886,2.505,1
2006,PR,Logistics,14,192,indireta,True,1.108,3.134,2
2006,PR,Sanitation,14,2,indireta,True,1.062,3.005,3
2006,PR,Education,18,2,indireta,False,0.547,1.549,2
2006,PR,Education,0,0,direta,False,0.349,0.987,1
2006,PR,Sanitation,18,16,indireta,True,0.244,0.69,1
2006,PR,Energy,18,2,indireta,True,0.243,0.687,1
2006,PR,Energy,14,2,indireta,True,0.217,0.615,2
2006,PR,Logistics,18,7,indireta,True,0.156,0.441,1
2006,PR,Telecommunications,22,280,indireta,True,0.091,0.256,1
2006,PR,Sanitation,22,280,indireta,True,0.158,0.448,2
2006,PR,Logistics,22,280,indireta,True,0.139,0.393,3
2006,PR,Health,18,244,indireta,False,0.051,0.144,2
2006,PR,Education,18,244,indireta,False,0.036,0.102,1
2006,PR,Sanitation,14,192,indireta,True,0.032,0.092,1
2006,PR,Logistics,18,244,indireta,True,0.03,0.085,2
2006,PR,Energy,18,244,indireta,True,0.01,0.028,1
2006,PR,Telecommunications,18,244,indireta,True,0.005,0.014,1
2006,PR,Rail transport,18,244,indireta,True,0.005,0.014,1
2006,RJ,Telecommunications,1,18,direta,True,730.0,2064.919,1
2006,RJ,Energy,1,2,direta,True,113.983,322.419,1
2006,RJ,Energy,21,160,direta,True,112.244,317.499,1
2006,RJ,Telecommunications,1,281,direta,True,80.0,226.292,1
2006,RJ,Energy,1,2,indireta,True,67.223,190.151,1
2006,RJ,Energy,1,8,indireta,True,53.327,150.844,1
2006,RJ,Logistics,18,2,indireta,True,12.469,35.27,1
2006,RJ,Energy,1,13,direta,True,12.33,34.879,1
2006,RJ,Logistics,1,2,direta,True,10.65,30.124,1
2006,RJ,Telecommunications,1,2,direta,True,9.996,28.275,1
2006,RJ,Energy,1,282,direta,True,8.644,24.45,1
2006,RJ,Health,0,0,direta,False,5.102,14.432,2
2006,RJ,Sanitation,1,4,direta,True,4.0,11.315,1
2006,RJ,Education,18,2,indireta,False,3.854,10.902,2
2006,RJ,Energy,14,2,indireta,True,2.82,7.976,1
2006,RJ,Logistics,14,2,indireta,True,5.167,14.615,4
2006,RJ,Health,18,2,indireta,False,6.396,18.092,3
2006,RJ,Sanitation,0,5,direta,True,2.499,7.069,1
2006,RJ,Education,18,16,indireta,False,4.768,13.488,2
2006,RJ,Sanitation,18,2,indireta,True,2.349,6.644,1
2006,RJ,Education,0,0,direta,False,2.496,7.061,2
2006,RJ,Sanitation,14,2,indireta,True,2.745,7.765,2
2006,RJ,Rail transport,18,16,indireta,True,1.425,4.031,1
2006,RJ,Education,18,1,indireta,False,1.222,3.457,1
2006,RJ,Health,18,16,indireta,False,0.5,1.414,1
2006,RJ,Sanitation,14,243,indireta,True,0.486,1.375,1
2006,RJ,Logistics,14,192,indireta,True,0.31,0.876,2
2006,RJ,Logistics,22,280,indireta,True,0.262,0.74,3
2006,RJ,Energy,14,192,indireta,True,0.1,0.283,1
2006,RJ,Telecommunications,22,280,indireta,True,0.07,0.199,2
2006,RJ,Logistics,18,241,indireta,True,0.05,0.142,1
2006,RN,Energy,1,2,indireta,True,68.346,193.327,1
2006,RN,Energy,1,2,direta,True,73.407,207.645,2
2006,RN,Logistics,18,241,indireta,True,0.575,1.626,2
2006,RN,Logistics,14,2,indireta,True,0.178,0.505,1
2006,RN,Sanitation,22,280,indireta,True,0.058,0.164,1
2006,RN,Telecommunications,22,280,indireta,True,0.016,0.046,1
2006,RO,Energy,18,2,indireta,True,2.088,5.906,1
2006,RO,Logistics,14,2,indireta,True,1.673,4.732,4
2006,RO,Energy,14,192,indireta,True,0.449,1.27,1
2006,RO,Logistics,18,241,indireta,True,0.396,1.119,1
2006,RO,Energy,14,2,indireta,True,0.048,0.136,1
2006,RS,Energy,1,2,indireta,True,303.273,857.855,2
2006,RS,Energy,1,2,direta,True,282.98,800.454,1
2006,RS,Energy,1,8,indireta,True,69.49,196.562,1
2006,RS,Rail transport,14,242,indireta,True,35.859,101.431,1
2006,RS,Logistics,18,241,indireta,True,30.366,85.896,3
2006,RS,Education,1,1,indireta,False,19.268,54.502,1
2006,RS,Rail transport,14,192,indireta,True,16.654,47.108,1
2006,RS,Health,18,2,indireta,False,19.135,54.126,5
2006,RS,Energy,18,2,indireta,True,7.808,22.085,2
2006,RS,Health,1,9,direta,False,5.173,14.633,1
2006,RS,Education,18,2,indireta,False,5.235,14.808,2
2006,RS,Logistics,18,16,indireta,True,4.765,13.479,1
2006,RS,Logistics,14,241,indireta,True,4.524,12.795,3
2006,RS,Logistics,14,2,indireta,True,6.695,18.938,3
2006,RS,Energy,14,2,indireta,True,3.458,9.781,3
2006,RS,Logistics,18,2,indireta,True,2.071,5.857,2
2006,RS,Energy,18,16,indireta,True,1.782,5.041,1
2006,RS,Energy,18,242,indireta,True,1.771,5.01,1
2006,RS,Education,18,16,indireta,False,1.45,4.102,1
2006,RS,Logistics,18,33,indireta,True,3.157,8.931,3
2006,RS,Education,0,0,direta,False,1.098,3.106,1
2006,RS,Health,0,0,direta,False,1.086,3.071,2
2006,RS,Sanitation,14,2,indireta,True,0.834,2.36,3
2006,RS,Sanitation,14,192,indireta,True,0.592,1.673,2
2006,RS,Logistics,14,192,indireta,True,0.883,2.499,3
2006,RS,Logistics,22,280,indireta,True,0.169,0.478,2
2006,RS,Health,18,16,indireta,False,0.22,0.622,2
2006,RS,Logistics,18,244,indireta,True,0.044,0.126,1
2006,RS,Telecommunications,22,280,indireta,True,0.05,0.14,2
2006,RS,Logistics,14,243,indireta,True,0.036,0.102,1
2006,RS,Health,18,244,indireta,False,0.029,0.083,1
2006,RS,Sanitation,22,280,indireta,True,0.025,0.071,1
2006,RS,Education,18,244,indireta,False,0.013,0.038,1
2006,RS,Sanitation,18,244,indireta,True,0.01,0.028,1
2006,SC,Energy,1,10,direta,True,100.24,283.544,1
2006,SC,Energy,1,10,indireta,True,96.979,274.321,1
2006,SC,Energy,1,2,direta,True,92.449,261.505,2
2006,SC,Energy,1,2,indireta,True,40.61,114.871,1
2006,SC,Energy,18,16,indireta,True,15.973,45.181,2
2006,SC,Logistics,18,241,indireta,True,14.148,40.02,3
2006,SC,Energy,14,242,indireta,True,14.476,40.948,3
2006,SC,Rail transport,14,2,indireta,True,6.531,18.474,1
2006,SC,Logistics,18,33,indireta,True,5.677,16.058,1
2006,SC,Education,18,2,indireta,False,9.593,27.135,4
2006,SC,Sanitation,1,2,direta,True,5.346,15.122,1
2006,SC,Energy,18,2,indireta,True,7.581,21.444,2
2006,SC,Sanitation,18,2,indireta,True,3.841,10.866,2
2006,SC,Logistics,14,2,indireta,True,6.065,17.156,4
2006,SC,Health,1,9,direta,False,2.665,7.539,1
2006,SC,Health,18,2,indireta,False,2.544,7.197,2
2006,SC,Education,1,1,indireta,False,1.844,5.216,1
2006,SC,Logistics,18,2,indireta,True,3.408,9.641,2
2006,SC,Energy,14,2,indireta,True,2.78,7.865,6
2006,SC,Logistics,14,192,indireta,True,1.526,4.318,2
2006,SC,Sanitation,14,2,indireta,True,1.129,3.194,2
2006,SC,Energy,14,192,indireta,True,0.66,1.867,1
2006,SC,Logistics,14,241,indireta,True,0.936,2.648,2
2006,SC,Education,18,16,indireta,False,0.507,1.435,1
2006,SC,Education,18,1,indireta,False,0.331,0.937,1
2006,SC,Logistics,14,243,indireta,True,0.243,0.687,1
2006,SC,Telecommunications,22,280,indireta,True,0.115,0.327,2
2006,SC,Logistics,22,280,indireta,True,0.073,0.206,3
2006,SC,Sanitation,22,280,indireta,True,0.049,0.139,1
2006,SC,Rail transport,22,280,indireta,True,0.015,0.041,1
2006,SE,Logistics,14,243,indireta,True,0.156,0.442,1
2006,SE,Energy,14,2,indireta,True,0.11,0.31,1
2006,SE,Telecommunications,22,280,indireta,True,0.011,0.032,1
2006,SP,Telecommunications,1,2,direta,True,404.531,1144.278,1
2006,SP,Energy,1,2,indireta,True,303.093,857.345,2
2006,SP,Energy,1,13,direta,True,190.7,539.425,1
2006,SP,Logistics,1,2,direta,True,104.085,294.421,2
2006,SP,Energy,21,160,direta,True,91.35,258.398,1
2006,SP,Energy,1,2,direta,True,173.872,491.823,3
2006,SP,Logistics,1,2,indireta,True,50.293,142.262,1
2006,SP,Rail transport,14,2,indireta,True,38.976,110.25,1
2006,SP,Health,18,2,indireta,False,55.689,157.526,4
2006,SP,Energy,21,2,direta,True,32.719,92.551,1
2006,SP,Logistics,14,2,indireta,True,47.18,133.456,4
2006,SP,Telecommunications,1,7,direta,True,29.342,82.999,1
2006,SP,Rail transport,1,2,direta,True,27.736,78.455,1
2006,SP,Education,1,1,indireta,False,26.042,73.663,2
2006,SP,Logistics,21,160,direta,True,18.565,52.513,1
2006,SP,Sanitation,1,4,direta,True,13.445,38.032,1
2006,SP,Education,18,2,indireta,False,19.284,54.547,4
2006,SP,Energy,14,2,indireta,True,13.742,38.872,6
2006,SP,Rail transport,14,192,indireta,True,10.948,30.968,1
2006,SP,Health,1,9,direta,False,10.323,29.2,1
2006,SP,Telecommunications,14,2,indireta,True,9.821,27.78,1
2006,SP,Logistics,14,192,indireta,True,10.562,29.877,4
2006,SP,Logistics,18,2,indireta,True,7.786,22.025,3
2006,SP,Logistics,14,241,indireta,True,6.986,19.76,3
2006,SP,Logistics,18,33,indireta,True,11.199,31.679,2
2006,SP,Sanitation,18,2,indireta,True,6.021,17.032,2
2006,SP,Education,18,16,indireta,False,6.832,19.325,2
2006,SP,Energy,18,2,indireta,True,4.66,13.182,1
2006,SP,Logistics,18,241,indireta,True,4.246,12.012,1
2006,SP,Logistics,18,7,indireta,True,3.585,10.141,1
2006,SP,Telecommunications,14,192,indireta,True,3.248,9.188,1
2006,SP,Health,0,0,direta,False,6.76,19.121,4
2006,SP,Health,18,16,indireta,False,3.103,8.778,1
2006,SP,Sanitation,14,2,indireta,True,5.995,16.958,4
2006,SP,Energy,18,16,indireta,True,1.764,4.989,1
2006,SP,Education,18,1,indireta,False,1.371,3.877,1
2006,SP,Education,0,0,direta,False,1.519,4.297,2
2006,SP,Sanitation,14,192,indireta,True,1.419,4.015,4
2006,SP,Energy,14,192,indireta,True,0.687,1.944,1
2006,SP,Logistics,14,243,indireta,True,1.232,3.485,3
2006,SP,Telecommunications,22,280,indireta,True,0.612,1.732,2
2006,SP,Logistics,14,242,indireta,True,0.465,1.315,1
2006,SP,Logistics,22,280,indireta,True,0.901,2.548,3
2006,SP,Sanitation,22,280,indireta,True,0.475,1.344,3
2006,SP,Energy,14,242,indireta,True,0.232,0.656,1
2006,SP,Health,18,244,indireta,False,0.225,0.636,1
2006,SP,Logistics,18,16,indireta,True,0.175,0.494,1
2006,SP,Energy,22,280,indireta,True,0.083,0.234,2
2006,SP,Energy,14,243,indireta,True,0.035,0.099,1
2006,SP,Sanitation,14,242,indireta,True,0.03,0.086,1
2006,TO,Energy,1,2,direta,True,7.782,22.014,1
2006,TO,Energy,1,2,indireta,True,7.782,22.014,1
2006,TO,Health,1,9,direta,False,5.097,14.418,1
2006,TO,Education,18,2,indireta,False,4.646,13.142,1
2006,TO,Education,18,1,indireta,False,2.318,6.557,1
2006,TO,Logistics,18,241,indireta,True,1.4,3.96,1
2006,TO,Logistics,18,2,indireta,True,0.885,2.504,1
2006,TO,Logistics,14,241,indireta,True,0.289,0.816,1
2006,TO,Logistics,14,2,indireta,True,0.119,0.337,1
2007,AC,Logistics,14,192,indireta,True,0.029,0.078,1
2007,AL,Logistics,18,2,indireta,True,1.243,3.391,1
2007,AL,Sanitation,14,192,indireta,True,0.309,0.844,2
2007,AL,Health,0,0,direta,False,0.041,0.112,1
2007,AL,Telecommunications,22,280,indireta,True,0.018,0.049,1
2007,AM,Energy,1,13,direta,True,318.0,867.909,1
2007,AM,Education,18,16,indireta,False,3.154,8.609,1
2007,AM,Sanitation,14,192,indireta,True,1.757,4.796,2
2007,AM,Logistics,14,192,indireta,True,1.103,3.011,1
2007,AM,Health,18,16,indireta,False,0.599,1.635,1
2007,AM,Education,0,0,direta,False,0.361,0.984,1
2007,AM,Logistics,14,243,indireta,True,0.246,0.67,1
2007,AM,Telecommunications,22,280,indireta,True,0.026,0.07,1
2007,AP,Rail transport,1,20,indireta,True,25.014,68.27,1
2007,AP,Education,0,0,direta,False,0.3,0.819,1
2007,AP,Sanitation,14,192,indireta,True,0.085,0.232,1
2007,BA,Energy,1,13,direta,True,798.0,2177.96,1
2007,BA,Energy,1,8,indireta,True,159.169,434.415,1
2007,BA,Energy,1,10,direta,True,158.622,432.924,1
2007,BA,Health,18,2,indireta,False,18.0,49.127,1
2007,BA,Health,18,16,indireta,False,6.984,19.061,1
2007,BA,Logistics,14,192,indireta,True,11.36,31.005,4
2007,BA,Sanitation,14,192,indireta,True,1.513,4.129,3
2007,BA,Sanitation,18,16,indireta,True,0.87,2.374,1
2007,BA,Energy,14,192,indireta,True,1.438,3.923,3
2007,BA,Education,0,0,direta,False,0.253,0.69,1
2007,BA,Logistics,22,280,indireta,True,0.25,0.682,2
2007,BA,Health,0,0,direta,False,0.414,1.13,2
2007,BA,Logistics,14,241,indireta,True,0.186,0.508,1
2007,BA,Education,18,16,indireta,False,0.124,0.339,1
2007,BA,Telecommunications,22,280,indireta,True,0.136,0.37,2
2007,BA,Sanitation,22,280,indireta,True,0.08,0.217,1
2007,CE,Rail transport,1,2,direta,True,46.152,125.962,1
2007,CE,Sanitation,1,6,direta,True,4.24,11.572,1
2007,CE,Logistics,14,192,indireta,True,2.358,6.436,2
2007,CE,Sanitation,14,192,indireta,True,0.259,0.708,1
2007,CE,Education,0,0,direta,False,0.21,0.572,1
2007,CE,Health,18,2,indireta,False,0.133,0.362,1
2007,CE,Energy,14,192,indireta,True,0.085,0.231,1
2007,CE,Health,0,0,direta,False,0.079,0.216,1
2007,CE,Sanitation,22,280,indireta,True,0.064,0.174,1
2007,CE,Telecommunications,22,280,indireta,True,0.078,0.214,2
2007,CE,Logistics,22,280,indireta,True,0.017,0.046,1
2007,DF,Telecommunications,1,18,direta,True,372.0,1015.29,1
2007,DF,Energy,1,10,direta,True,330.0,900.66,1
2007,DF,Telecommunications,1,18,indireta,True,228.0,622.274,1
2007,DF,Sanitation,1,2,direta,True,16.364,44.661,1
2007,DF,Health,1,9,direta,False,4.47,12.2,1
2007,DF,Logistics,14,192,indireta,True,3.477,9.49,3
2007,DF,Sanitation,14,192,indireta,True,2.228,6.082,3
2007,DF,Health,18,16,indireta,False,0.833,2.275,1
2007,DF,Telecommunications,14,192,indireta,True,0.584,1.593,1
2007,DF,Health,0,0,direta,False,0.105,0.287,1
2007,DF,Telecommunications,22,280,indireta,True,0.115,0.315,2
2007,DF,Logistics,22,280,indireta,True,0.05,0.137,1
2007,DF,Sanitation,18,244,indireta,True,0.01,0.027,1
2007,ES,Energy,1,2,direta,True,109.371,298.502,1
2007,ES,Sanitation,14,243,indireta,True,9.004,24.573,1
2007,ES,Energy,14,192,indireta,True,6.092,16.625,2
2007,ES,Education,18,16,indireta,False,5.987,16.341,1
2007,ES,Health,1,9,direta,False,5.319,14.518,1
2007,ES,Logistics,14,192,indireta,True,7.385,20.155,4
2007,ES,Sanitation,14,192,indireta,True,4.719,12.88,4
2007,ES,Health,18,16,indireta,False,1.0,2.729,1
2007,ES,Logistics,18,241,indireta,True,0.945,2.58,2
2007,ES,Education,18,1,indireta,False,0.738,2.015,1
2007,ES,Logistics,14,243,indireta,True,0.54,1.474,1
2007,ES,Logistics,14,241,indireta,True,0.205,0.559,1
2007,ES,Telecommunications,22,280,indireta,True,0.16,0.437,1
2007,ES,Health,18,244,indireta,False,0.14,0.382,1
2007,ES,Logistics,18,244,indireta,True,0.055,0.15,1
2007,ES,Education,18,244,indireta,False,0.042,0.115,1
2007,ES,Sanitation,18,244,indireta,True,0.015,0.041,1
2007,ES,Rail transport,18,244,indireta,True,0.01,0.027,1
2007,ES,Logistics,22,280,indireta,True,0.006,0.016,1
2007,GO,Energy,1,2,direta,True,484.28,1321.733,2
2007,GO,Energy,1,10,indireta,True,147.547,402.695,1
2007,GO,Energy,1,14,direta,True,87.268,238.177,1
2007,GO,Energy,1,2,indireta,True,17.295,47.204,1
2007,GO,Energy,14,192,indireta,True,6.302,17.2,4
2007,GO,Sanitation,1,4,direta,True,6.649,18.148,2
2007,GO,Logistics,14,192,indireta,True,4.326,11.808,4
2007,GO,Sanitation,14,192,indireta,True,1.684,4.596,2
2007,GO,Logistics,18,241,indireta,True,0.945,2.579,1
2007,GO,Logistics,14,241,indireta,True,0.811,2.213,1
2007,GO,Logistics,14,243,indireta,True,0.768,2.097,2
2007,GO,Telecommunications,14,192,indireta,True,0.13,0.355,1
2007,GO,Sanitation,22,280,indireta,True,0.073,0.198,1
2007,GO,Logistics,22,280,indireta,True,0.038,0.104,1
2007,GO,Health,18,244,indireta,False,0.033,0.09,1
2007,GO,Sanitation,18,244,indireta,True,0.01,0.027,1
2007,GO,Telecommunications,22,280,indireta,True,0.007,0.019,1
2007,MA,Energy,1,10,indireta,True,44.588,121.693,1
2007,MA,Energy,1,10,direta,True,49.416,134.87,2
2007,MA,Energy,1,8,indireta,True,28.495,77.769,1
2007,MA,Logistics,18,242,indireta,True,4.299,11.733,1
2007,MA,Logistics,18,241,indireta,True,1.362,3.718,1
2007,MA,Logistics,14,241,indireta,True,0.6,1.637,1
2007,MA,Logistics,18,16,indireta,True,0.4,1.092,1
2007,MA,Logistics,14,192,indireta,True,0.306,0.835,1
2007,MA,Telecommunications,22,280,indireta,True,0.079,0.216,1
2007,MA,Sanitation,14,192,indireta,True,0.07,0.191,1
2007,MA,Education,18,2,indireta,False,0.066,0.18,1
2007,MA,Sanitation,22,280,indireta,True,0.015,0.042,1
2007,MG,Sanitation,21,4,direta,True,359.544,981.295,1
2007,MG,Energy,1,10,direta,True,245.884,671.085,2
2007,MG,Energy,1,14,direta,True,93.008,253.845,1
2007,MG,Rail transport,14,192,indireta,True,58.741,160.321,3
2007,MG,Energy,1,2,direta,True,57.799,157.75,1
2007,MG,Sanitation,1,4,direta,True,31.091,84.857,2
2007,MG,Health,1,9,direta,False,17.53,47.843,1
2007,MG,Telecommunications,1,2,indireta,True,15.508,42.325,1
2007,MG,Logistics,14,192,indireta,True,27.583,75.281,4
2007,MG,Energy,1,2,indireta,True,10.341,28.223,1
2007,MG,Logistics,18,241,indireta,True,9.97,27.212,1
2007,MG,Sanitation,0,5,direta,True,8.837,24.12,1
2007,MG,Energy,1,10,indireta,True,12.963,35.378,2
2007,MG,Logistics,18,16,indireta,True,7.803,21.297,2
2007,MG,Energy,14,192,indireta,True,7.333,20.014,2
2007,MG,Sanitation,1,6,direta,True,6.776,18.494,1
2007,MG,Telecommunications,14,192,indireta,True,6.607,18.033,2
2007,MG,Energy,18,16,indireta,True,5.38,14.683,1
2007,MG,Education,18,16,indireta,False,8.55,23.336,3
2007,MG,Logistics,14,241,indireta,True,4.647,12.683,2
2007,MG,Sanitation,14,192,indireta,True,4.631,12.64,4
2007,MG,Sanitation,14,243,indireta,True,2.586,7.058,2
2007,MG,Sanitation,18,16,indireta,True,2.041,5.57,2
2007,MG,Logistics,18,33,indireta,True,3.684,10.054,2
2007,MG,Health,18,2,indireta,False,2.604,7.107,3
2007,MG,Health,18,16,indireta,False,1.758,4.799,3
2007,MG,Telecommunications,21,2,direta,True,0.407,1.111,1
2007,MG,Telecommunications,22,280,indireta,True,0.407,1.111,2
2007,MG,Health,18,244,indireta,False,0.206,0.562,1
2007,MG,Health,0,0,direta,False,0.203,0.554,1
2007,MG,Logistics,22,280,indireta,True,0.243,0.664,2
2007,MG,Logistics,14,2,indireta,True,0.189,0.515,1
2007,MG,Energy,14,243,indireta,True,0.321,0.876,3
2007,MG,Education,18,244,indireta,False,0.151,0.412,1
2007,MG,Logistics,14,243,indireta,True,0.144,0.392,1
2007,MG,Sanitation,22,280,indireta,True,0.065,0.177,2
2007,MG,Rail transport,18,244,indireta,True,0.025,0.068,1
2007,MG,Education,0,0,direta,False,0.021,0.056,1
2007,MG,Logistics,18,244,indireta,True,0.005,0.014,1
2007,MS,Energy,1,2,direta,True,129.331,352.979,1
2007,MS,Energy,1,10,indireta,True,113.19,308.927,1
2007,MS,Energy,1,2,indireta,True,17.579,47.979,1
2007,MS,Energy,1,8,indireta,True,11.819,32.258,1
2007,MS,Logistics,14,192,indireta,True,2.393,6.532,4
2007,MS,Health,18,16,indireta,False,0.891,2.432,1
2007,MS,Education,18,2,indireta,False,0.858,2.341,1
2007,MS,Logistics,14,241,indireta,True,0.564,1.54,1
2007,MS,Logistics,18,241,indireta,True,0.349,0.952,1
2007,MS,Energy,14,192,indireta,True,0.328,0.896,2
2007,MS,Logistics,14,243,indireta,True,0.442,1.206,2
2007,MS,Sanitation,14,192,indireta,True,0.203,0.555,1
2007,MS,Health,18,244,indireta,False,0.14,0.382,1
2007,MS,Telecommunications,22,280,indireta,True,0.055,0.151,1
2007,MS,Education,18,244,indireta,False,0.037,0.101,1
2007,MS,Logistics,22,280,indireta,True,0.032,0.088,1
2007,MS,Sanitation,22,280,indireta,True,0.031,0.085,1
2007,MS,Logistics,18,244,indireta,True,0.031,0.085,1
2007,MS,Energy,18,244,indireta,True,0.01,0.027,1
2007,MS,Rail transport,18,244,indireta,True,0.005,0.014,1
2007,MS,Telecommunications,18,244,indireta,True,0.002,0.005,1
2007,MT,Energy,1,2,direta,True,116.655,318.382,1
2007,MT,Energy,1,2,indireta,True,104.07,284.035,1
2007,MT,Energy,1,10,indireta,True,91.57,249.92,1
2007,MT,Sanitation,1,4,direta,True,4.1,11.19,1
2007,MT,Energy,14,192,indireta,True,3.905,10.658,2
2007,MT,Health,1,9,direta,False,3.536,9.65,1
2007,MT,Logistics,18,241,indireta,True,3.282,8.959,1
2007,MT,Energy,18,2,indireta,True,5.08,13.864,2
2007,MT,Logistics,14,241,indireta,True,0.617,1.684,1
2007,MT,Logistics,14,243,indireta,True,0.572,1.56,1
2007,MT,Logistics,14,192,indireta,True,0.343,0.935,2
2007,MT,Health,18,244,indireta,False,0.141,0.386,2
2007,MT,Education,18,244,indireta,False,0.091,0.247,1
2007,MT,Rail transport,22,280,indireta,True,0.082,0.224,1
2007,MT,Telecommunications,14,192,indireta,True,0.038,0.103,1
2007,MT,Logistics,18,244,indireta,True,0.036,0.098,2
2007,MT,Sanitation,18,244,indireta,True,0.026,0.071,1
2007,MT,Telecommunications,22,280,indireta,True,0.022,0.059,1
2007,MT,Logistics,22,280,indireta,True,0.01,0.027,1
2007,MT,Energy,18,244,indireta,True,0.012,0.033,2
2007,MT,Telecommunications,18,244,indireta,True,0.002,0.005,1
2007,PA,Rail transport,1,20,direta,True,257.018,701.472,1
2007,PA,Energy,1,10,direta,True,120.17,327.977,1
2007,PA,Energy,1,2,direta,True,120.0,327.513,1
2007,PA,Energy,1,10,indireta,True,64.391,175.741,1
2007,PA,Health,1,9,direta,False,7.665,20.92,1
2007,PA,Sanitation,14,192,indireta,True,3.224,8.798,3
2007,PA,Energy,1,24,indireta,True,1.847,5.041,1
2007,PA,Energy,14,192,indireta,True,1.748,4.77,2
2007,PA,Logistics,14,192,indireta,True,2.571,7.016,4
2007,PA,Logistics,18,241,indireta,True,0.81,2.211,1
2007,PA,Logistics,14,243,indireta,True,1.757,4.795,3
2007,PA,Health,0,0,direta,False,0.268,0.73,1
2007,PA,Telecommunications,22,280,indireta,True,0.073,0.2,1
2007,PB,Sanitation,1,2,direta,True,9.0,24.563,1
2007,PB,Sanitation,1,6,direta,True,6.5,17.74,1
2007,PB,Logistics,18,16,indireta,True,0.962,2.626,1
2007,PB,Logistics,14,192,indireta,True,0.301,0.821,2
2007,PB,Sanitation,14,192,indireta,True,0.275,0.749,2
2007,PB,Sanitation,22,280,indireta,True,0.145,0.396,2
2007,PB,Telecommunications,22,280,indireta,True,0.032,0.086,1
2007,PE,Energy,1,8,indireta,True,89.762,244.984,1
2007,PE,Logistics,1,16,direta,True,27.857,76.03,1
2007,PE,Sanitation,1,2,direta,True,6.731,18.371,1
2007,PE,Logistics,14,192,indireta,True,4.221,11.521,4
2007,PE,Energy,14,192,indireta,True,2.333,6.367,2
2007,PE,Sanitation,14,192,indireta,True,3.288,8.975,4
2007,PE,Sanitation,18,2,indireta,True,1.685,4.6,1
2007,PE,Health,0,0,direta,False,0.749,2.045,1
2007,PE,Logistics,14,241,indireta,True,0.264,0.721,1
2007,PE,Logistics,22,280,indireta,True,0.121,0.33,1
2007,PE,Sanitation,22,280,indireta,True,0.07,0.19,1
2007,PE,Telecommunications,22,280,indireta,True,0.098,0.268,2
2007,PI,Energy,1,10,indireta,True,74.43,203.141,1
2007,PI,Rail transport,1,20,direta,True,45.0,122.817,1
2007,PI,Sanitation,14,192,indireta,True,0.062,0.17,1
2007,PI,Logistics,14,241,indireta,True,0.013,0.037,1
2007,PR,Telecommunications,1,18,direta,True,605.008,1651.234,1
2007,PR,Rail transport,1,20,direta,True,210.264,573.868,1
2007,PR,Telecommunications,1,2,direta,True,102.297,279.197,1
2007,PR,Logistics,21,2,direta,True,41.91,114.384,1
2007,PR,Logistics,14,192,indireta,True,41.881,114.305,4
2007,PR,Health,1,9,direta,False,8.09,22.081,1
2007,PR,Logistics,18,33,indireta,True,8.062,22.003,1
2007,PR,Logistics,14,243,indireta,True,8.44,23.034,3
2007,PR,Health,18,2,indireta,False,7.438,20.301,2
2007,PR,Logistics,18,241,indireta,True,7.124,19.443,1
2007,PR,Telecommunications,14,192,indireta,True,7.147,19.506,2
2007,PR,Education,18,16,indireta,False,2.676,7.304,3
2007,PR,Rail transport,14,192,indireta,True,2.987,8.152,2
2007,PR,Logistics,18,16,indireta,True,2.604,7.107,2
2007,PR,Sanitation,18,16,indireta,True,1.635,4.463,2
2007,PR,Health,18,16,indireta,False,1.578,4.306,1
2007,PR,Logistics,14,241,indireta,True,1.774,4.841,2
2007,PR,Sanitation,14,192,indireta,True,1.87,5.104,2
2007,PR,Energy,1,10,indireta,True,0.819,2.237,1
2007,PR,Logistics,18,7,indireta,True,0.641,1.749,1
2007,PR,Sanitation,14,243,indireta,True,0.549,1.498,1
2007,PR,Logistics,18,246,indireta,True,0.49,1.339,1
2007,PR,Logistics,22,280,indireta,True,0.896,2.445,3
2007,PR,Energy,14,192,indireta,True,0.448,1.224,2
2007,PR,Sanitation,22,280,indireta,True,0.179,0.488,1
2007,PR,Rail transport,22,280,indireta,True,0.145,0.396,1
2007,PR,Health,18,244,indireta,False,0.111,0.303,1
2007,PR,Education,18,244,indireta,False,0.099,0.27,2
2007,PR,Telecommunications,22,280,indireta,True,0.122,0.334,2
2007,PR,Logistics,18,244,indireta,True,0.031,0.085,1
2007,PR,Sanitation,18,244,indireta,True,0.024,0.066,1
2007,PR,Rail transport,18,244,indireta,True,0.009,0.024,1
2007,PR,Education,18,2,indireta,False,0.004,0.011,1
2007,RJ,Telecommunications,1,18,direta,True,1140.0,3111.372,1
2007,RJ,Logistics,1,16,direta,True,298.584,814.918,1
2007,RJ,Energy,1,8,indireta,True,296.043,807.983,1
2007,RJ,Energy,21,160,direta,True,179.18,489.032,1
2007,RJ,Energy,1,13,direta,True,119.446,326.001,1
2007,RJ,Energy,1,2,indireta,True,116.417,317.734,2
2007,RJ,Energy,1,2,direta,True,79.815,217.837,2
2007,RJ,Rail transport,14,192,indireta,True,61.106,166.774,1
2007,RJ,Sanitation,1,4,direta,True,19.507,53.24,2
2007,RJ,Telecommunications,14,192,indireta,True,15.732,42.936,1
2007,RJ,Rail transport,1,20,direta,True,12.57,34.306,1
2007,RJ,Health,1,16,indireta,False,7.7,21.016,1
2007,RJ,Health,0,21,direta,False,7.395,20.183,1
2007,RJ,Logistics,18,16,indireta,True,8.08,22.054,2
2007,RJ,Telecommunications,1,2,direta,True,7.051,19.243,1
2007,RJ,Rail transport,18,16,indireta,True,5.624,15.35,1
2007,RJ,Sanitation,18,2,indireta,True,5.119,13.971,1
2007,RJ,Sanitation,14,243,indireta,True,3.754,10.246,1
2007,RJ,Logistics,14,192,indireta,True,6.567,17.924,4
2007,RJ,Health,18,16,indireta,False,3.037,8.288,2
2007,RJ,Education,18,1,indireta,False,2.155,5.88,1
2007,RJ,Sanitation,0,5,direta,True,1.443,3.937,1
2007,RJ,Health,0,0,direta,False,1.306,3.564,1
2007,RJ,Education,18,16,indireta,False,1.915,5.227,2
2007,RJ,Education,0,0,direta,False,1.884,5.142,2
2007,RJ,Energy,18,16,indireta,True,0.84,2.292,1
2007,RJ,Sanitation,14,192,indireta,True,1.279,3.491,3
2007,RJ,Health,18,2,indireta,False,0.855,2.334,2
2007,RJ,Education,18,2,indireta,False,0.491,1.339,1
2007,RJ,Logistics,22,280,indireta,True,0.439,1.197,3
2007,RJ,Health,0,23,direta,False,0.289,0.789,1
2007,RJ,Telecommunications,22,280,indireta,True,0.129,0.352,2
2007,RJ,Sanitation,22,280,indireta,True,0.077,0.211,1
2007,RJ,Energy,14,192,indireta,True,0.081,0.222,2
2007,RJ,Logistics,14,243,indireta,True,0.042,0.114,1
2007,RN,Energy,1,2,direta,True,0.464,1.267,1
2007,RN,Telecommunications,22,280,indireta,True,0.199,0.543,1
2007,RN,Sanitation,14,192,indireta,True,0.119,0.325,1
2007,RN,Sanitation,22,280,indireta,True,0.052,0.143,1
2007,RN,Logistics,14,243,indireta,True,0.014,0.038,1
2007,RO,Logistics,14,241,indireta,True,0.187,0.511,1
2007,RO,Sanitation,14,192,indireta,True,0.142,0.389,1
2007,RO,Health,18,244,indireta,False,0.03,0.082,1
2007,RO,Education,18,244,indireta,False,0.02,0.055,1
2007,RO,Logistics,18,244,indireta,True,0.01,0.027,1
2007,RR,Energy,14,192,indireta,True,0.133,0.362,1
2007,RS,Energy,1,2,indireta,True,135.698,370.357,1
2007,RS,Energy,1,2,direta,True,131.397,358.619,2
2007,RS,Energy,1,14,direta,True,85.154,232.408,1
2007,RS,Energy,1,10,indireta,True,77.755,212.214,1
2007,RS,Energy,1,14,indireta,True,69.09,188.566,1
2007,RS,Energy,1,8,indireta,True,41.282,112.67,1
2007,RS,Logistics,18,241,indireta,True,23.579,64.353,4
2007,RS,Education,1,1,indireta,False,18.442,50.333,1
2007,RS,Health,18,2,indireta,False,24.905,67.973,5
2007,RS,Education,0,21,direta,False,10.396,28.374,1
2007,RS,Telecommunications,14,192,indireta,True,5.773,15.757,1
2007,RS,Health,18,16,indireta,False,5.533,15.1,2
2007,RS,Logistics,14,241,indireta,True,4.76,12.992,1
2007,RS,Logistics,14,192,indireta,True,7.771,21.209,4
2007,RS,Logistics,18,242,indireta,True,3.99,10.89,1
2007,RS,Energy,18,242,indireta,True,3.836,10.469,1
2007,RS,Energy,18,2,indireta,True,4.579,12.496,2
2007,RS,Energy,14,192,indireta,True,3.555,9.702,4
2007,RS,Logistics,18,16,indireta,True,5.506,15.026,2
2007,RS,Health,1,9,direta,False,5.079,13.863,2
2007,RS,Education,18,16,indireta,False,3.298,9.002,3
2007,RS,Logistics,18,33,indireta,True,2.815,7.684,2
2007,RS,Logistics,18,245,indireta,True,4.137,11.292,3
2007,RS,Energy,18,16,indireta,True,1.607,4.387,1
2007,RS,Rail transport,14,192,indireta,True,1.558,4.252,1
2007,RS,Logistics,1,2,direta,True,1.466,4.001,1
2007,RS,Sanitation,18,16,indireta,True,0.988,2.696,1
2007,RS,Education,0,0,direta,False,0.907,2.476,1
2007,RS,Health,0,0,direta,False,0.67,1.828,1
2007,RS,Sanitation,14,192,indireta,True,1.296,3.537,4
2007,RS,Education,18,2,indireta,False,0.506,1.38,1
2007,RS,Health,18,244,indireta,False,0.51,1.392,3
2007,RS,Education,18,244,indireta,False,0.372,1.015,1
2007,RS,Sanitation,22,280,indireta,True,0.437,1.192,3
2007,RS,Telecommunications,22,280,indireta,True,0.258,0.704,2
2007,RS,Logistics,14,243,indireta,True,0.312,0.85,2
2007,RS,Logistics,18,2,indireta,True,0.152,0.413,1
2007,RS,Logistics,14,2,indireta,True,0.147,0.401,1
2007,RS,Sanitation,18,244,indireta,True,0.142,0.389,1
2007,RS,Energy,14,243,indireta,True,0.125,0.341,1
2007,RS,Logistics,22,280,indireta,True,0.209,0.571,2
2007,RS,Energy,18,244,indireta,True,0.122,0.333,3
2007,RS,Rail transport,18,244,indireta,True,0.069,0.188,1
2007,RS,Logistics,18,244,indireta,True,0.053,0.146,1
2007,RS,Telecommunications,18,244,indireta,True,0.042,0.115,1
2007,SC,Energy,1,14,direta,True,349.833,954.789,1
2007,SC,Energy,1,14,indireta,True,160.0,436.684,1
2007,SC,Energy,21,160,direta,True,47.978,130.944,1
2007,SC,Energy,1,13,direta,True,27.039,73.796,1
2007,SC,Energy,1,2,direta,True,32.584,88.931,2
2007,SC,Health,1,9,direta,False,12.661,34.554,1
2007,SC,Logistics,18,2,indireta,True,9.624,26.266,1
2007,SC,Logistics,18,16,indireta,True,12.454,33.992,3
2007,SC,Energy,14,242,indireta,True,8.094,22.091,2
2007,SC,Energy,18,16,indireta,True,8.703,23.753,2
2007,SC,Education,18,2,indireta,False,3.687,10.063,1
2007,SC,Logistics,18,33,indireta,True,4.078,11.13,2
2007,SC,Logistics,14,192,indireta,True,6.575,17.946,4
2007,SC,Telecommunications,14,192,indireta,True,2.598,7.091,2
2007,SC,Energy,14,192,indireta,True,3.17,8.651,5
2007,SC,Education,18,16,indireta,False,5.278,14.404,4
2007,SC,Sanitation,1,2,direta,True,2.35,6.414,1
2007,SC,Sanitation,14,243,indireta,True,2.2,6.005,1
2007,SC,Sanitation,18,2,indireta,True,1.995,5.446,1
2007,SC,Logistics,18,241,indireta,True,1.976,5.394,1
2007,SC,Energy,18,2,indireta,True,1.945,5.309,1
2007,SC,Health,18,2,indireta,False,1.3,3.548,1
2007,SC,Logistics,14,243,indireta,True,1.116,3.045,1
2007,SC,Sanitation,14,192,indireta,True,1.489,4.064,2
2007,SC,Logistics,14,241,indireta,True,1.405,3.833,2
2007,SC,Sanitation,18,16,indireta,True,0.729,1.99,1
2007,SC,Health,18,244,indireta,False,0.68,1.856,1
2007,SC,Logistics,22,280,indireta,True,0.491,1.339,3
2007,SC,Health,18,16,indireta,False,0.183,0.498,1
2007,SC,Telecommunications,22,280,indireta,True,0.198,0.54,2
2007,SC,Energy,22,280,indireta,True,0.105,0.286,1
2007,SC,Sanitation,22,280,indireta,True,0.098,0.268,1
2007,SC,Education,18,244,indireta,False,0.03,0.082,1
2007,SC,Rail transport,22,280,indireta,True,0.012,0.032,1
2007,SE,Logistics,14,192,indireta,True,0.279,0.761,1
2007,SE,Telecommunications,22,280,indireta,True,0.016,0.044,1
2007,SP,Telecommunications,1,18,direta,True,800.0,2183.419,1
2007,SP,Energy,1,10,direta,True,468.844,1279.603,1
2007,SP,Energy,1,13,direta,True,382.99,1045.285,1
2007,SP,Energy,1,8,indireta,True,320.022,873.427,1
2007,SP,Logistics,1,2,direta,True,206.706,564.157,2
2007,SP,Energy,1,2,indireta,True,79.853,217.94,1
2007,SP,Rail transport,21,160,direta,True,75.0,204.696,1
2007,SP,Telecommunications,14,192,indireta,True,66.292,180.93,3
2007,SP,Health,1,9,indireta,False,62.0,169.215,1
2007,SP,Health,1,2,indireta,False,46.166,126.0,1
2007,SP,Sanitation,1,2,indireta,True,42.067,114.813,1
2007,SP,Logistics,18,16,indireta,True,46.689,127.428,2
2007,SP,Energy,1,2,direta,True,32.785,89.48,1
2007,SP,Logistics,1,2,indireta,True,25.745,70.266,1
2007,SP,Health,18,2,indireta,False,40.744,111.202,3
2007,SP,Sanitation,14,192,indireta,True,32.576,88.908,4
2007,SP,Health,18,16,indireta,False,26.474,72.255,4
2007,SP,Health,1,9,direta,False,18.08,49.344,1
2007,SP,Sanitation,1,4,direta,True,22.04,60.153,2
2007,SP,Energy,1,16,direta,True,14.373,39.229,1
2007,SP,Logistics,14,192,indireta,True,45.982,125.498,4
2007,SP,Sanitation,1,2,direta,True,14.021,38.267,1
2007,SP,Rail transport,1,2,direta,True,12.946,35.333,1
2007,SP,Education,1,1,indireta,False,18.474,50.421,2
2007,SP,Education,18,16,indireta,False,26.609,72.624,3
2007,SP,Energy,1,10,indireta,True,11.132,30.383,1
2007,SP,Energy,14,192,indireta,True,9.952,27.162,2
2007,SP,Rail transport,14,192,indireta,True,5.641,15.396,1
2007,SP,Sanitation,1,6,direta,True,5.0,13.646,1
2007,SP,Logistics,14,243,indireta,True,9.023,24.625,4
2007,SP,Logistics,18,241,indireta,True,3.431,9.363,1
2007,SP,Education,18,1,indireta,False,3.355,9.156,1
2007,SP,Logistics,14,241,indireta,True,2.032,5.545,1
2007,SP,Logistics,18,2,indireta,True,1.897,5.177,2
2007,SP,Energy,14,2,indireta,True,1.554,4.24,1
2007,SP,Health,18,244,indireta,False,1.475,4.025,2
2007,SP,Energy,18,2,indireta,True,1.148,3.132,1
2007,SP,Telecommunications,22,280,indireta,True,1.746,4.766,3
2007,SP,Health,0,0,direta,False,1.476,4.029,3
2007,SP,Logistics,18,7,indireta,True,1.222,3.335,2
2007,SP,Energy,14,243,indireta,True,0.906,2.472,1
2007,SP,Education,18,2,indireta,False,1.005,2.743,2
2007,SP,Logistics,22,280,indireta,True,2.152,5.873,3
2007,SP,Sanitation,18,2,indireta,True,0.705,1.923,1
2007,SP,Education,0,0,direta,False,0.975,2.661,2
2007,SP,Sanitation,14,243,indireta,True,0.45,1.228,1
2007,SP,Energy,18,16,indireta,True,0.441,1.203,1
2007,SP,Logistics,14,2,indireta,True,0.679,1.854,2
2007,SP,Logistics,14,242,indireta,True,0.384,1.048,1
2007,SP,Sanitation,0,0,direta,True,0.242,0.662,1
2007,SP,Sanitation,22,280,indireta,True,0.379,1.034,3
2007,SP,Education,18,244,indireta,False,0.115,0.314,1
2007,SP,Sanitation,14,2,indireta,True,0.085,0.232,1
2007,SP,Logistics,18,244,indireta,True,0.02,0.055,1
2007,SP,Energy,22,280,indireta,True,0.016,0.044,1
2007,SP,Energy,18,244,indireta,True,0.01,0.027,1
2007,TO,Rail transport,21,160,direta,True,665.098,1815.235,1
2007,TO,Energy,1,14,indireta,True,261.767,714.433,1
2007,TO,Energy,1,14,direta,True,130.884,357.218,1
2007,TO,Energy,1,10,indireta,True,77.952,212.753,1
2007,TO,Health,1,9,direta,False,2.555,6.975,1
2007,TO,Energy,14,192,indireta,True,0.894,2.439,1
2007,TO,Education,18,1,indireta,False,0.568,1.551,1
2007,TO,Logistics,14,241,indireta,True,0.427,1.166,1
2007,TO,Telecommunications,22,280,indireta,True,0.003,0.008,1
2008,AC,Education,0,0,direta,False,0.179,0.461,1
2008,AC,Logistics,22,280,indireta,True,0.014,0.036,1
2008,AL,Telecommunications,22,280,indireta,True,0.004,0.01,1
2008,AM,Energy,1,13,direta,True,1028.17,2655.377,1
2008,AM,Sanitation,14,192,indireta,True,8.593,22.193,2
2008,AM,Education,18,16,indireta,False,5.613,14.496,1
2008,AM,Logistics,14,192,indireta,True,1.3,3.357,2
2008,AM,Telecommunications,14,192,indireta,True,0.442,1.142,1
2008,AM,Logistics,14,243,indireta,True,0.051,0.131,1
2008,AM,Telecommunications,22,280,indireta,True,0.023,0.061,1
2008,AP,Rail transport,1,20,indireta,True,34.587,89.324,1
2008,AP,Logistics,14,192,indireta,True,0.522,1.348,1
2008,AP,Telecommunications,22,280,indireta,True,0.029,0.075,1
2008,BA,Energy,1,13,direta,True,874.576,2258.702,1
2008,BA,Telecommunications,1,18,direta,True,25.0,64.566,1
2008,BA,Sanitation,1,4,direta,True,13.174,34.023,1
2008,BA,Health,18,2,indireta,False,10.0,25.826,1
2008,BA,Logistics,14,192,indireta,True,9.097,23.494,4
2008,BA,Logistics,18,241,indireta,True,4.023,10.391,1
2008,BA,Sanitation,0,0,direta,True,2.445,6.314,1
2008,BA,Energy,1,16,direta,True,1.011,2.61,1
2008,BA,Sanitation,18,16,indireta,True,0.811,2.095,1
2008,BA,Health,18,16,indireta,False,0.584,1.508,1
2008,BA,Energy,14,192,indireta,True,0.575,1.485,2
2008,BA,Telecommunications,14,192,indireta,True,0.381,0.984,1
2008,BA,Logistics,14,243,indireta,True,0.484,1.25,2
2008,BA,Sanitation,14,192,indireta,True,0.26,0.673,2
2008,BA,Education,18,16,indireta,False,0.191,0.493,1
2008,BA,Telecommunications,22,280,indireta,True,0.1,0.26,1
2008,BA,Logistics,22,280,indireta,True,0.089,0.231,2
2008,BA,Health,18,244,indireta,False,0.045,0.116,1
2008,BA,Logistics,14,241,indireta,True,0.033,0.085,1
2008,BA,Education,18,244,indireta,False,0.03,0.077,1
2008,BA,Sanitation,22,280,indireta,True,0.042,0.107,2
2008,BA,Rail transport,14,192,indireta,True,0.011,0.028,1
2008,CE,Energy,1,8,indireta,True,140.0,361.567,1
2008,CE,Energy,1,30,direta,True,94.048,242.891,1
2008,CE,Rail transport,1,20,direta,True,22.803,58.891,1
2008,CE,Rail transport,1,2,direta,True,10.0,25.826,1
2008,CE,Health,18,2,indireta,False,8.125,20.984,2
2008,CE,Sanitation,14,192,indireta,True,7.75,20.016,3
2008,CE,Logistics,18,16,indireta,True,3.107,8.024,1
2008,CE,Sanitation,1,6,direta,True,2.55,6.586,1
2008,CE,Sanitation,1,2,direta,True,1.35,3.487,1
2008,CE,Health,0,0,direta,False,0.673,1.739,1
2008,CE,Logistics,14,192,indireta,True,1.345,3.474,4
2008,CE,Telecommunications,22,280,indireta,True,0.305,0.789,2
2008,CE,Education,0,0,direta,False,0.182,0.47,1
2008,CE,Logistics,22,280,indireta,True,0.184,0.474,2
2008,CE,Sanitation,22,280,indireta,True,0.039,0.1,1
2008,DF,Telecommunications,1,18,direta,True,507.376,1310.363,1
2008,DF,Telecommunications,1,18,indireta,True,152.0,392.559,1
2008,DF,Energy,1,2,indireta,True,57.0,147.21,1
2008,DF,Sanitation,1,2,direta,True,12.12,31.301,1
2008,DF,Sanitation,14,192,indireta,True,6.83,17.638,2
2008,DF,Energy,1,10,direta,True,5.0,12.913,1
2008,DF,Telecommunications,14,192,indireta,True,4.46,11.519,1
2008,DF,Health,18,16,indireta,False,3.001,7.751,1
2008,DF,Health,1,9,direta,False,1.653,4.269,1
2008,DF,Logistics,14,192,indireta,True,1.195,3.087,4
2008,DF,Sanitation,0,0,direta,True,0.452,1.167,1
2008,DF,Logistics,22,280,indireta,True,0.326,0.841,2
2008,DF,Energy,14,192,indireta,True,0.065,0.168,1
2008,DF,Telecommunications,22,280,indireta,True,0.056,0.145,2
2008,ES,Energy,1,2,direta,True,128.811,332.67,2
2008,ES,Energy,1,8,indireta,True,66.319,171.277,1
2008,ES,Sanitation,14,192,indireta,True,11.375,29.377,4
2008,ES,Logistics,1,16,direta,True,5.0,12.913,1
2008,ES,Energy,14,192,indireta,True,3.591,9.274,1
2008,ES,Logistics,14,192,indireta,True,4.191,10.825,4
2008,ES,Sanitation,1,6,direta,True,2.153,5.56,1
2008,ES,Logistics,18,16,indireta,True,0.779,2.012,1
2008,ES,Education,18,1,indireta,False,0.568,1.466,1
2008,ES,Logistics,22,280,indireta,True,0.282,0.728,1
2008,ES,Rail transport,14,192,indireta,True,0.219,0.565,1
2008,ES,Telecommunications,22,280,indireta,True,0.215,0.555,1
2008,ES,Logistics,18,241,indireta,True,0.106,0.275,1
2008,ES,Health,18,244,indireta,False,0.05,0.129,1
2008,ES,Sanitation,18,244,indireta,True,0.01,0.026,1
2008,ES,Education,18,244,indireta,False,0.01,0.026,1
2008,ES,Logistics,18,244,indireta,True,0.01,0.026,1
2008,GO,Energy,1,32,direta,True,634.664,1639.098,1
2008,GO,Energy,1,35,direta,True,331.466,856.052,1
2008,GO,Energy,1,14,direta,True,431.337,1113.981,2
2008,GO,Energy,1,2,direta,True,218.316,563.829,2
2008,GO,Sanitation,1,4,direta,True,35.709,92.223,2
2008,GO,Energy,1,2,indireta,True,11.168,28.843,1
2008,GO,Energy,1,35,indireta,True,11.089,28.64,1
2008,GO,Logistics,18,241,indireta,True,2.759,7.124,1
2008,GO,Logistics,14,192,indireta,True,3.566,9.21,3
2008,GO,Sanitation,14,192,indireta,True,2.314,5.977,3
2008,GO,Energy,14,192,indireta,True,0.245,0.634,3
2008,GO,Rail transport,22,280,indireta,True,0.061,0.157,1
2008,GO,Logistics,22,280,indireta,True,0.061,0.158,2
2008,GO,Energy,22,280,indireta,True,0.024,0.062,1
2008,GO,Telecommunications,22,280,indireta,True,0.007,0.019,1
2008,GO,Sanitation,22,280,indireta,True,0.004,0.012,1
2008,MA,Rail transport,1,20,direta,True,250.0,645.656,1
2008,MA,Energy,1,8,indireta,True,67.3,173.811,1
2008,MA,Sanitation,0,5,direta,True,3.037,7.842,1
2008,MA,Sanitation,14,192,indireta,True,0.61,1.575,2
2008,MA,Logistics,14,192,indireta,True,0.683,1.764,2
2008,MA,Logistics,18,241,indireta,True,0.335,0.864,1
2008,MA,Telecommunications,22,280,indireta,True,0.056,0.145,1
2008,MA,Sanitation,22,280,indireta,True,0.026,0.067,1
2008,MG,Telecommunications,21,160,direta,True,684.043,1766.626,1
2008,MG,Energy,1,10,direta,True,330.0,852.266,1
2008,MG,Energy,1,14,direta,True,192.838,498.029,1
2008,MG,Rail transport,14,192,indireta,True,178.495,460.985,3
2008,MG,Sanitation,21,4,direta,True,108.637,280.567,1
2008,MG,Energy,1,2,direta,True,66.913,172.81,1
2008,MG,Energy,1,2,indireta,True,54.343,140.347,1
2008,MG,Energy,1,35,direta,True,46.001,118.803,1
2008,MG,Sanitation,1,4,direta,True,32.105,82.916,2
2008,MG,Sanitation,1,6,direta,True,16.41,42.382,1
2008,MG,Logistics,14,192,indireta,True,37.982,98.094,4
2008,MG,Energy,18,16,indireta,True,12.867,33.231,2
2008,MG,Logistics,14,241,indireta,True,6.119,15.804,4
2008,MG,Telecommunications,1,2,indireta,True,5.22,13.481,1
2008,MG,Education,18,16,indireta,False,8.911,23.013,3
2008,MG,Telecommunications,14,192,indireta,True,4.123,10.649,1
2008,MG,Logistics,18,241,indireta,True,3.813,9.849,1
2008,MG,Sanitation,0,5,direta,True,3.061,7.905,1
2008,MG,Energy,14,192,indireta,True,3.635,9.387,2
2008,MG,Logistics,18,16,indireta,True,2.462,6.357,2
2008,MG,Sanitation,14,192,indireta,True,4.653,12.017,4
2008,MG,Logistics,14,243,indireta,True,1.961,5.065,2
2008,MG,Health,18,16,indireta,False,3.426,8.848,3
2008,MG,Energy,18,242,indireta,True,1.334,3.444,1
2008,MG,Sanitation,18,16,indireta,True,0.954,2.463,1
2008,MG,Sanitation,0,0,direta,True,0.835,2.156,1
2008,MG,Education,0,0,direta,False,0.59,1.524,2
2008,MG,Telecommunications,22,280,indireta,True,0.526,1.359,2
2008,MG,Health,0,0,direta,False,0.351,0.907,1
2008,MG,Logistics,18,33,indireta,True,0.605,1.563,2
2008,MG,Logistics,22,280,indireta,True,0.272,0.703,2
2008,MG,Energy,1,4,direta,True,0.142,0.368,1
2008,MG,Sanitation,22,280,indireta,True,0.066,0.17,2
2008,MG,Health,18,244,indireta,False,0.03,0.077,1
2008,MG,Education,18,244,indireta,False,0.02,0.052,1
2008,MS,Energy,1,8,indireta,True,60.101,155.218,1
2008,MS,Energy,1,2,direta,True,34.014,87.846,1
2008,MS,Logistics,18,241,indireta,True,0.915,2.364,1
2008,MS,Energy,1,2,indireta,True,0.908,2.345,1
2008,MS,Logistics,14,241,indireta,True,0.888,2.292,2
2008,MS,Sanitation,14,192,indireta,True,0.508,1.312,1
2008,MS,Logistics,14,192,indireta,True,0.105,0.272,1
2008,MS,Sanitation,22,280,indireta,True,0.079,0.204,1
2008,MS,Telecommunications,22,280,indireta,True,0.06,0.154,1
2008,MS,Logistics,22,280,indireta,True,0.039,0.102,1
2008,MS,Sanitation,18,244,indireta,True,0.01,0.026,1
2008,MT,Energy,1,35,direta,True,328.0,847.101,1
2008,MT,Energy,1,2,indireta,True,203.092,524.51,1
2008,MT,Energy,1,2,direta,True,130.343,336.628,1
2008,MT,Rail transport,1,2,direta,True,70.0,180.784,1
2008,MT,Rail transport,14,192,indireta,True,53.315,137.692,1
2008,MT,Energy,1,30,direta,True,50.878,131.398,1
2008,MT,Energy,18,16,indireta,True,12.656,32.687,1
2008,MT,Energy,18,242,indireta,True,7.154,18.477,1
2008,MT,Sanitation,1,4,direta,True,8.224,21.241,2
2008,MT,Energy,14,192,indireta,True,3.297,8.514,2
2008,MT,Energy,18,2,indireta,True,2.556,6.601,1
2008,MT,Education,18,16,indireta,False,2.545,6.573,1
2008,MT,Logistics,18,241,indireta,True,2.206,5.697,1
2008,MT,Logistics,14,241,indireta,True,2.286,5.903,2
2008,MT,Logistics,14,192,indireta,True,2.278,5.883,3
2008,MT,Sanitation,14,192,indireta,True,0.26,0.671,1
2008,MT,Sanitation,22,280,indireta,True,0.126,0.324,1
2008,MT,Rail transport,22,280,indireta,True,0.085,0.22,1
2008,MT,Logistics,22,280,indireta,True,0.014,0.037,2
2008,PA,Energy,1,2,direta,True,41.544,107.293,1
2008,PA,Health,1,12,direta,False,10.09,26.058,1
2008,PA,Sanitation,14,192,indireta,True,2.767,7.145,2
2008,PA,Logistics,14,192,indireta,True,0.457,1.18,1
2008,PA,Logistics,14,241,indireta,True,0.435,1.123,1
2008,PA,Energy,1,24,indireta,True,0.593,1.531,2
2008,PA,Logistics,14,243,indireta,True,0.351,0.907,1
2008,PA,Energy,14,192,indireta,True,0.183,0.473,1
2008,PA,Sanitation,22,280,indireta,True,0.107,0.275,1
2008,PA,Telecommunications,22,280,indireta,True,0.054,0.139,1
2008,PA,Logistics,22,280,indireta,True,0.011,0.027,1
2008,PB,Energy,1,30,direta,True,135.0,348.654,1
2008,PB,Sanitation,1,2,direta,True,10.0,25.827,1
2008,PB,Sanitation,1,6,direta,True,5.242,13.539,1
2008,PB,Sanitation,0,0,direta,True,0.7,1.808,1
2008,PB,Logistics,14,192,indireta,True,1.247,3.222,3
2008,PB,Education,0,0,direta,False,0.475,1.227,1
2008,PB,Energy,14,192,indireta,True,0.144,0.372,1
2008,PB,Telecommunications,22,280,indireta,True,0.032,0.082,1
2008,PE,Energy,1,8,indireta,True,101.95,263.299,1
2008,PE,Sanitation,1,4,direta,True,86.211,222.651,2
2008,PE,Energy,1,2,indireta,True,56.092,144.865,1
2008,PE,Telecommunications,1,18,direta,True,15.0,38.739,1
2008,PE,Logistics,1,2,direta,True,5.592,14.441,1
2008,PE,Logistics,14,192,indireta,True,6.349,16.397,4
2008,PE,Health,18,16,indireta,False,2.543,6.568,1
2008,PE,Logistics,1,16,direta,True,1.905,4.921,1
2008,PE,Sanitation,14,192,indireta,True,1.353,3.495,3
2008,PE,Telecommunications,22,280,indireta,True,0.229,0.592,2
2008,PE,Logistics,22,280,indireta,True,0.132,0.341,2
2008,PE,Sanitation,22,280,indireta,True,0.062,0.16,1
2008,PI,Logistics,14,192,indireta,True,0.125,0.323,1
2008,PR,Telecommunications,1,18,direta,True,1000.0,2582.624,1
2008,PR,Rail transport,1,20,direta,True,243.177,628.035,1
2008,PR,Energy,1,16,direta,True,80.817,208.719,1
2008,PR,Energy,1,2,direta,True,72.452,187.117,1
2008,PR,Logistics,1,2,indireta,True,61.981,160.074,1
2008,PR,Sanitation,1,2,indireta,True,24.835,64.14,1
2008,PR,Sanitation,1,4,direta,True,24.925,64.371,2
2008,PR,Logistics,14,192,indireta,True,35.675,92.135,4
2008,PR,Sanitation,21,2,direta,True,13.373,34.537,1
2008,PR,Logistics,18,33,indireta,True,14.261,36.83,2
2008,PR,Health,18,2,indireta,False,16.34,42.2,2
2008,PR,Education,18,16,indireta,False,12.499,32.281,3
2008,PR,Logistics,18,241,indireta,True,12.196,31.497,2
2008,PR,Logistics,18,16,indireta,True,6.339,16.371,4
2008,PR,Telecommunications,14,192,indireta,True,4.479,11.569,1
2008,PR,Sanitation,18,16,indireta,True,4.559,11.775,2
2008,PR,Logistics,14,241,indireta,True,3.714,9.592,1
2008,PR,Health,18,16,indireta,False,7.956,20.547,4
2008,PR,Sanitation,14,192,indireta,True,7.117,18.38,4
2008,PR,Logistics,14,45,indireta,True,1.32,3.409,1
2008,PR,Energy,14,192,indireta,True,1.167,3.013,2
2008,PR,Logistics,18,45,indireta,True,1.984,5.124,2
2008,PR,Logistics,18,7,indireta,True,0.36,0.93,1
2008,PR,Logistics,18,242,indireta,True,0.291,0.752,1
2008,PR,Telecommunications,22,280,indireta,True,0.49,1.265,2
2008,PR,Logistics,22,280,indireta,True,0.403,1.041,2
2008,PR,Sanitation,18,247,indireta,True,0.2,0.516,1
2008,PR,Logistics,18,245,indireta,True,0.1,0.258,1
2008,PR,Sanitation,22,280,indireta,True,0.135,0.348,2
2008,PR,Rail transport,14,192,indireta,True,0.088,0.227,2
2008,PR,Health,18,244,indireta,False,0.002,0.005,1
2008,RJ,Telecommunications,21,160,direta,True,1239.616,3201.461,1
2008,RJ,Telecommunications,1,18,direta,True,658.478,1700.601,1
2008,RJ,Energy,1,8,indireta,True,259.742,670.815,1
2008,RJ,Sanitation,1,4,direta,True,245.588,634.261,2
2008,RJ,Rail transport,14,192,indireta,True,202.081,521.899,3
2008,RJ,Energy,1,13,direta,True,138.216,356.961,1
2008,RJ,Energy,1,2,direta,True,93.37,241.14,2
2008,RJ,Logistics,1,2,direta,True,18.84,48.655,1
2008,RJ,Energy,1,2,indireta,True,18.551,47.91,1
2008,RJ,Telecommunications,14,192,indireta,True,18.504,47.788,2
2008,RJ,Health,0,21,direta,False,11.445,29.557,1
2008,RJ,Health,18,16,indireta,False,9.192,23.741,2
2008,RJ,Sanitation,14,192,indireta,True,10.126,26.152,4
2008,RJ,Rail transport,1,20,direta,True,7.681,19.837,1
2008,RJ,Telecommunications,1,2,direta,True,6.981,18.03,1
2008,RJ,Logistics,14,192,indireta,True,12.375,31.959,4
2008,RJ,Education,18,16,indireta,False,5.558,14.353,2
2008,RJ,Health,1,16,indireta,False,4.281,11.055,1
2008,RJ,Energy,18,16,indireta,True,3.005,7.762,1
2008,RJ,Telecommunications,21,7,direta,True,2.09,5.398,1
2008,RJ,Logistics,18,16,indireta,True,2.47,6.379,2
2008,RJ,Sanitation,18,16,indireta,True,1.337,3.453,1
2008,RJ,Education,0,0,direta,False,0.428,1.107,1
2008,RJ,Health,0,0,direta,False,0.526,1.359,2
2008,RJ,Telecommunications,22,280,indireta,True,0.578,1.494,2
2008,RJ,Energy,18,242,indireta,True,0.386,0.998,1
2008,RJ,Sanitation,0,0,direta,True,0.336,0.868,1
2008,RJ,Logistics,22,280,indireta,True,0.508,1.311,3
2008,RJ,Logistics,18,242,indireta,True,0.103,0.267,1
2008,RJ,Energy,14,192,indireta,True,0.154,0.398,2
2008,RJ,Health,0,23,direta,False,0.073,0.19,1
2008,RJ,Sanitation,22,280,indireta,True,0.028,0.073,1
2008,RN,Education,18,16,indireta,False,3.978,10.274,1
2008,RN,Sanitation,22,280,indireta,True,0.269,0.695,2
2008,RN,Logistics,14,192,indireta,True,0.298,0.769,3
2008,RN,Sanitation,14,192,indireta,True,0.175,0.451,1
2008,RN,Telecommunications,22,280,indireta,True,0.162,0.418,1
2008,RN,Energy,14,192,indireta,True,0.035,0.09,1
2008,RO,Energy,14,192,indireta,True,1.646,4.252,2
2008,RO,Logistics,14,192,indireta,True,0.75,1.936,2
2008,RO,Education,18,16,indireta,False,0.47,1.213,1
2008,RO,Sanitation,14,192,indireta,True,0.09,0.232,1
2008,RO,Health,18,244,indireta,False,0.05,0.129,1
2008,RO,Sanitation,22,280,indireta,True,0.031,0.08,1
2008,RO,Telecommunications,22,280,indireta,True,0.013,0.033,1
2008,RO,Energy,18,244,indireta,True,0.01,0.026,1
2008,RO,Education,18,244,indireta,False,0.01,0.026,1
2008,RO,Logistics,22,280,indireta,True,0.007,0.018,1
2008,RR,Logistics,14,192,indireta,True,0.205,0.529,1
2008,RS,Energy,1,2,direta,True,283.534,732.261,2
2008,RS,Energy,1,14,direta,True,198.708,513.188,2
2008,RS,Energy,1,8,indireta,True,96.0,247.932,1
2008,RS,Logistics,18,241,indireta,True,51.14,132.076,4
2008,RS,Energy,1,2,indireta,True,41.9,108.212,2
2008,RS,Energy,14,192,indireta,True,14.436,37.284,2
2008,RS,Logistics,14,241,indireta,True,13.596,35.114,3
2008,RS,Education,18,2,indireta,False,10.506,27.133,2
2008,RS,Energy,1,14,indireta,True,9.683,25.008,1
2008,RS,Logistics,18,245,indireta,True,16.829,43.463,3
2008,RS,Health,18,2,indireta,False,8.472,21.88,1
2008,RS,Education,1,9,indireta,False,8.007,20.678,1
2008,RS,Health,1,9,direta,False,7.169,18.515,1
2008,RS,Energy,1,8,direta,True,6.624,17.106,1
2008,RS,Logistics,18,16,indireta,True,12.136,31.344,3
2008,RS,Logistics,18,33,indireta,True,8.678,22.412,3
2008,RS,Telecommunications,14,192,indireta,True,5.354,13.828,1
2008,RS,Energy,18,242,indireta,True,4.887,12.621,1
2008,RS,Logistics,14,192,indireta,True,11.452,29.577,4
2008,RS,Logistics,1,2,direta,True,4.167,10.762,1
2008,RS,Education,0,21,direta,False,3.691,9.534,1
2008,RS,Education,1,1,indireta,False,3.345,8.64,1
2008,RS,Energy,18,16,indireta,True,5.039,13.015,2
2008,RS,Education,18,16,indireta,False,3.617,9.341,3
2008,RS,Health,18,7,indireta,False,3.393,8.764,2
2008,RS,Sanitation,18,16,indireta,True,2.541,6.564,1
2008,RS,Health,18,16,indireta,False,3.54,9.143,3
2008,RS,Sanitation,14,192,indireta,True,4.147,10.711,4
2008,RS,Logistics,18,242,indireta,True,0.446,1.151,1
2008,RS,Logistics,22,280,indireta,True,0.76,1.963,3
2008,RS,Sanitation,0,0,direta,True,0.259,0.668,1
2008,RS,Energy,18,2,indireta,True,0.215,0.555,1
2008,RS,Health,0,0,direta,False,0.208,0.538,1
2008,RS,Telecommunications,22,280,indireta,True,0.274,0.706,2
2008,RS,Sanitation,22,280,indireta,True,0.269,0.695,2
2008,RS,Logistics,14,2,indireta,True,0.1,0.258,1
2008,RS,Energy,22,280,indireta,True,0.068,0.177,1
2008,RS,Health,18,244,indireta,False,0.048,0.123,1
2008,RS,Education,18,244,indireta,False,0.023,0.059,1
2008,RS,Logistics,18,244,indireta,True,0.014,0.035,1
2008,RS,Telecommunications,18,244,indireta,True,0.013,0.034,1
2008,RS,Sanitation,18,244,indireta,True,0.01,0.026,1
2008,RS,Rail transport,18,244,indireta,True,0.008,0.021,1
2008,RS,Energy,18,244,indireta,True,0.007,0.018,1
2008,SC,Energy,1,14,direta,True,528.346,1364.52,1
2008,SC,Energy,1,14,indireta,True,171.039,441.729,1
2008,SC,Energy,1,10,direta,True,123.544,319.067,1
2008,SC,Energy,1,10,indireta,True,48.55,125.387,1
2008,SC,Energy,1,2,indireta,True,45.675,117.961,1
2008,SC,Sanitation,1,4,direta,True,25.0,64.566,1
2008,SC,Energy,18,16,indireta,True,34.146,88.186,3
2008,SC,Logistics,18,16,indireta,True,13.622,35.18,2
2008,SC,Logistics,18,33,indireta,True,6.813,17.594,1
2008,SC,Logistics,18,241,indireta,True,5.479,14.15,1
2008,SC,Education,18,16,indireta,False,7.587,19.593,4
2008,SC,Health,18,16,indireta,False,5.401,13.95,2
2008,SC,Energy,14,242,indireta,True,4.314,11.141,1
2008,SC,Telecommunications,14,192,indireta,True,3.71,9.581,1
2008,SC,Logistics,14,192,indireta,True,7.436,19.204,4
2008,SC,Logistics,18,45,indireta,True,3.0,7.748,1
2008,SC,Sanitation,1,2,direta,True,2.438,6.296,1
2008,SC,Education,18,242,indireta,False,1.573,4.064,1
2008,SC,Sanitation,14,192,indireta,True,3.281,8.473,3
2008,SC,Logistics,14,241,indireta,True,0.838,2.165,1
2008,SC,Energy,14,192,indireta,True,1.071,2.767,3
2008,SC,Sanitation,0,0,direta,True,0.724,1.869,1
2008,SC,Logistics,22,280,indireta,True,0.874,2.257,3
2008,SC,Sanitation,18,16,indireta,True,0.371,0.957,1
2008,SC,Telecommunications,22,280,indireta,True,0.582,1.502,2
2008,SC,Logistics,18,2,indireta,True,0.333,0.861,1
2008,SC,Sanitation,22,280,indireta,True,0.271,0.699,1
2008,SC,Logistics,14,243,indireta,True,0.267,0.69,1
2008,SC,Rail transport,14,192,indireta,True,0.203,0.524,1
2008,SC,Rail transport,22,280,indireta,True,0.095,0.247,2
2008,SC,Energy,22,280,indireta,True,0.034,0.088,1
2008,SE,Health,18,16,indireta,False,1.225,3.165,1
2008,SE,Logistics,14,192,indireta,True,0.257,0.665,1
2008,SE,Health,0,0,direta,False,0.151,0.39,1
2008,SE,Telecommunications,22,280,indireta,True,0.007,0.018,1
2008,SP,Telecommunications,1,18,direta,True,951.864,2458.306,1
2008,SP,Telecommunications,21,160,direta,True,686.94,1774.109,1
2008,SP,Energy,1,2,direta,True,484.773,1251.985,1
2008,SP,Energy,1,8,indireta,True,348.273,899.457,1
2008,SP,Energy,1,10,direta,True,202.155,522.092,1
2008,SP,Energy,1,2,indireta,True,177.12,457.436,1
2008,SP,Telecommunications,1,2,direta,True,151.75,391.913,1
2008,SP,Energy,1,13,direta,True,139.333,359.846,1
2008,SP,Rail transport,1,20,direta,True,107.21,276.883,1
2008,SP,Health,1,9,indireta,False,66.748,172.384,1
2008,SP,Telecommunications,14,192,indireta,True,53.57,138.352,3
2008,SP,Sanitation,1,4,direta,True,58.205,150.322,2
2008,SP,Logistics,1,2,direta,True,52.298,135.065,1
2008,SP,Energy,1,16,direta,True,37.699,97.363,1
2008,SP,Sanitation,14,192,indireta,True,45.522,117.566,4
2008,SP,Sanitation,18,16,indireta,True,28.922,74.695,1
2008,SP,Energy,1,35,indireta,True,28.354,73.228,1
2008,SP,Logistics,14,192,indireta,True,64.5,166.58,4
2008,SP,Health,18,16,indireta,False,31.183,80.534,4
2008,SP,Logistics,18,16,indireta,True,30.208,78.015,3
2008,SP,Health,18,2,indireta,False,28.0,72.313,2
2008,SP,Health,1,9,direta,False,15.4,39.773,1
2008,SP,Energy,18,16,indireta,True,12.853,33.194,1
2008,SP,Education,18,16,indireta,False,25.443,65.709,5
2008,SP,Energy,1,24,indireta,True,9.374,24.21,1
2008,SP,Logistics,1,2,indireta,True,9.141,23.608,1
2008,SP,Energy,1,16,indireta,True,6.047,15.617,1
2008,SP,Energy,14,192,indireta,True,6.802,17.568,4
2008,SP,Logistics,14,241,indireta,True,5.58,14.411,1
2008,SP,Health,1,16,indireta,False,5.216,13.472,1
2008,SP,Rail transport,1,283,direta,True,5.002,12.918,1
2008,SP,Rail transport,1,2,direta,True,4.374,11.296,1
2008,SP,Sanitation,0,0,direta,True,4.038,10.429,1
2008,SP,Rail transport,14,192,indireta,True,4.004,10.34,4
2008,SP,Logistics,18,241,indireta,True,3.054,7.888,1
2008,SP,Sanitation,1,2,indireta,True,2.79,7.206,1
2008,SP,Education,1,1,indireta,False,2.417,6.243,1
2008,SP,Logistics,22,280,indireta,True,4.512,11.653,3
2008,SP,Telecommunications,22,280,indireta,True,2.602,6.721,3
2008,SP,Health,0,0,direta,False,1.15,2.97,1
2008,SP,Sanitation,14,243,indireta,True,0.969,2.503,1
2008,SP,Sanitation,1,2,direta,True,0.932,2.407,1
2008,SP,Sanitation,1,6,direta,True,0.919,2.375,1
2008,SP,Sanitation,22,280,indireta,True,1.617,4.175,3
2008,SP,Logistics,14,243,indireta,True,0.477,1.232,1
2008,SP,Health,18,7,indireta,False,0.241,0.623,1
2008,SP,Energy,18,242,indireta,True,0.226,0.584,1
2008,SP,Logistics,18,7,indireta,True,0.219,0.566,1
2008,SP,Education,0,0,direta,False,0.174,0.45,1
2008,SP,Health,18,244,indireta,False,0.051,0.132,1
2008,SP,Education,18,244,indireta,False,0.023,0.059,1
2008,TO,Energy,1,14,direta,True,806.087,2081.82,1
2008,TO,Energy,1,14,indireta,True,295.603,763.431,1
2008,TO,Education,18,1,indireta,False,4.231,10.927,1
2008,TO,Energy,14,192,indireta,True,2.55,6.586,1
2008,TO,Logistics,14,192,indireta,True,0.05,0.128,1
2009,AC,Sanitation,1,4,direta,True,16.883,41.571,1
2009,AC,Logistics,14,56,indireta,True,0.266,0.654,1
2009,AC,Logistics,14,192,indireta,True,0.139,0.343,1
2009,AC,Logistics,14,251,indireta,True,0.075,0.185,1
2009,AC,Telecommunications,22,280,indireta,True,0.027,0.066,1
2009,AL,Telecommunications,14,192,indireta,True,0.323,0.795,1
2009,AL,Logistics,22,280,indireta,True,0.115,0.283,1
2009,AL,Energy,14,192,indireta,True,0.084,0.206,1
2009,AL,Sanitation,14,192,indireta,True,0.081,0.199,1
2009,AL,Telecommunications,22,280,indireta,True,0.041,0.102,1
2009,AM,Energy,1,13,direta,True,110.0,270.849,1
2009,AM,Sanitation,1,4,direta,True,53.032,130.579,1
2009,AM,Sanitation,1,4,indireta,True,53.032,130.579,1
2009,AM,Telecommunications,14,192,indireta,True,3.339,8.221,1
2009,AM,Logistics,22,280,indireta,True,0.381,0.938,2
2009,AM,Telecommunications,14,56,indireta,True,0.222,0.546,1
2009,AM,Sanitation,14,251,indireta,True,0.13,0.32,1
2009,AM,Sanitation,14,192,indireta,True,0.092,0.227,1
2009,AM,Telecommunications,22,280,indireta,True,0.004,0.01,1
2009,AP,Rail transport,1,20,indireta,True,14.0,34.472,1
2009,AP,Sanitation,14,192,indireta,True,0.389,0.958,2
2009,AP,Telecommunications,22,280,indireta,True,0.185,0.455,1
2009,AP,Logistics,22,280,indireta,True,0.01,0.026,1
2009,BA,Energy,1,13,direta,True,1129.262,2780.545,1
2009,BA,Energy,1,35,direta,True,90.0,221.604,1
2009,BA,Energy,1,35,indireta,True,86.224,212.306,1
2009,BA,Energy,1,8,direta,True,58.8,144.781,1
2009,BA,Ports,1,38,direta,True,47.22,116.269,1
2009,BA,Sanitation,1,4,direta,True,9.588,23.609,1
2009,BA,Sanitation,18,248,indireta,True,5.384,13.257,1
2009,BA,Education,18,16,indireta,False,3.684,9.072,1
2009,BA,Sanitation,14,192,indireta,True,3.662,9.018,3
2009,BA,Logistics,14,241,indireta,True,2.186,5.384,1
2009,BA,Logistics,18,241,indireta,True,1.763,4.341,1
2009,BA,Logistics,14,192,indireta,True,3.422,8.426,4
2009,BA,Energy,1,16,direta,True,1.466,3.609,1
2009,BA,Sanitation,0,0,direta,True,1.08,2.66,1
2009,BA,Logistics,14,251,indireta,True,1.282,3.158,2
2009,BA,Sanitation,14,56,indireta,True,0.5,1.232,1
2009,BA,Logistics,14,56,indireta,True,0.863,2.124,4
2009,BA,Logistics,22,280,indireta,True,0.495,1.22,3
2009,BA,Telecommunications,22,280,indireta,True,0.346,0.852,2
2009,BA,Health,18,244,indireta,False,0.22,0.542,1
2009,BA,Sanitation,22,280,indireta,True,0.379,0.933,2
2009,BA,Energy,14,192,indireta,True,0.192,0.474,1
2009,BA,Sanitation,14,251,indireta,True,0.16,0.394,1
2009,BA,Health,18,16,indireta,False,0.121,0.298,1
2009,BA,Education,18,244,indireta,False,0.08,0.197,1
2009,BA,Logistics,18,244,indireta,True,0.02,0.049,1
2009,BA,Rail transport,22,280,indireta,True,0.01,0.024,1
2009,BA,Telecommunications,18,244,indireta,True,0.003,0.007,1
2009,CE,Energy,1,14,direta,True,700.0,1723.586,1
2009,CE,Energy,1,8,indireta,True,105.139,258.879,1
2009,CE,Logistics,1,2,direta,True,77.148,189.958,1
2009,CE,Rail transport,1,20,direta,True,60.0,147.736,1
2009,CE,Energy,21,160,direta,True,13.651,33.613,1
2009,CE,Sanitation,14,192,indireta,True,8.906,21.929,3
2009,CE,Education,18,16,indireta,False,2.996,7.376,1
2009,CE,Sanitation,14,251,indireta,True,2.339,5.76,2
2009,CE,Logistics,14,192,indireta,True,1.549,3.815,3
2009,CE,Sanitation,1,2,direta,True,0.976,2.404,1
2009,CE,Sanitation,1,6,direta,True,0.8,1.97,1
2009,CE,Health,0,0,direta,False,0.857,2.11,2
2009,CE,Logistics,14,56,indireta,True,0.722,1.777,1
2009,CE,Health,18,2,indireta,False,0.688,1.694,1
2009,CE,Telecommunications,22,280,indireta,True,0.463,1.14,2
2009,CE,Sanitation,22,280,indireta,True,0.263,0.649,1
2009,CE,Logistics,22,280,indireta,True,0.08,0.198,2
2009,DF,Telecommunications,1,18,direta,True,443.294,1091.509,1
2009,DF,Telecommunications,1,18,indireta,True,119.069,293.18,1
2009,DF,Urban mobility,1,41,direta,True,61.88,152.366,1
2009,DF,Health,1,9,direta,False,31.418,77.359,1
2009,DF,Telecommunications,1,56,direta,True,25.108,61.823,1
2009,DF,Telecommunications,1,281,direta,True,25.0,61.557,1
2009,DF,Sanitation,1,2,direta,True,5.78,14.231,1
2009,DF,Telecommunications,14,192,indireta,True,3.786,9.323,1
2009,DF,Logistics,22,280,indireta,True,0.796,1.961,2
2009,DF,Telecommunications,22,280,indireta,True,0.464,1.142,2
2009,DF,Logistics,14,192,indireta,True,0.516,1.269,2
2009,DF,Sanitation,22,280,indireta,True,0.177,0.435,1
2009,DF,Sanitation,0,0,direta,True,0.028,0.07,1
2009,DF,Telecommunications,14,56,indireta,True,0.014,0.035,1
2009,ES,Energy,1,8,direta,True,120.152,295.847,1
2009,ES,Energy,1,56,direta,True,70.002,172.364,1
2009,ES,Energy,1,35,indireta,True,64.0,157.585,1
2009,ES,Energy,1,2,direta,True,73.743,181.574,2
2009,ES,Energy,1,14,direta,True,48.397,119.168,1
2009,ES,Health,1,12,direta,False,35.7,87.903,1
2009,ES,Sanitation,1,4,direta,True,30.425,74.914,1
2009,ES,Logistics,1,16,direta,True,20.311,50.011,1
2009,ES,Ports,1,38,direta,True,9.702,23.889,1
2009,ES,Sanitation,1,6,direta,True,4.288,10.559,1
2009,ES,Logistics,18,248,indireta,True,4.0,9.849,1
2009,ES,Sanitation,18,16,indireta,True,1.473,3.627,1
2009,ES,Sanitation,14,192,indireta,True,1.714,4.221,3
2009,ES,Logistics,18,241,indireta,True,1.333,3.283,1
2009,ES,Sanitation,14,56,indireta,True,1.232,3.034,2
2009,ES,Logistics,14,192,indireta,True,1.905,4.691,4
2009,ES,Logistics,14,56,indireta,True,1.376,3.388,3
2009,ES,Health,18,244,indireta,False,0.57,1.403,1
2009,ES,Education,18,247,indireta,False,0.555,1.366,1
2009,ES,Sanitation,14,251,indireta,True,0.55,1.354,1
2009,ES,Telecommunications,22,280,indireta,True,0.277,0.682,2
2009,ES,Rail transport,14,192,indireta,True,0.265,0.653,1
2009,ES,Logistics,14,251,indireta,True,0.217,0.534,1
2009,ES,Logistics,22,280,indireta,True,0.4,0.985,3
2009,ES,Logistics,18,7,indireta,True,0.125,0.308,1
2009,ES,Logistics,18,244,indireta,True,0.128,0.315,2
2009,ES,Education,18,244,indireta,False,0.091,0.224,2
2009,ES,Sanitation,0,5,direta,True,0.071,0.175,1
2009,ES,Energy,22,280,indireta,True,0.051,0.126,1
2009,ES,Rail transport,18,244,indireta,True,0.05,0.123,1
2009,ES,Telecommunications,18,244,indireta,True,0.03,0.074,1
2009,ES,Sanitation,22,280,indireta,True,0.015,0.036,1
2009,GO,Energy,1,14,direta,True,744.417,1832.952,2
2009,GO,Energy,1,35,direta,True,329.594,811.548,1
2009,GO,Energy,1,2,direta,True,33.91,83.496,2
2009,GO,Energy,1,10,direta,True,22.793,56.122,1
2009,GO,Sanitation,1,4,direta,True,15.804,38.915,2
2009,GO,Energy,1,56,direta,True,6.063,14.929,1
2009,GO,Logistics,18,241,indireta,True,2.684,6.609,1
2009,GO,Energy,18,16,indireta,True,2.562,6.309,1
2009,GO,Sanitation,14,192,indireta,True,2.656,6.54,2
2009,GO,Logistics,14,241,indireta,True,1.003,2.469,1
2009,GO,Health,18,244,indireta,False,0.749,1.844,4
2009,GO,Logistics,14,56,indireta,True,1.027,2.529,3
2009,GO,Logistics,22,280,indireta,True,0.788,1.941,2
2009,GO,Logistics,14,251,indireta,True,0.706,1.738,3
2009,GO,Logistics,14,192,indireta,True,0.93,2.29,3
2009,GO,Sanitation,22,280,indireta,True,0.35,0.861,2
2009,GO,Telecommunications,22,280,indireta,True,0.249,0.614,2
2009,GO,Sanitation,14,251,indireta,True,0.273,0.672,2
2009,GO,Sanitation,14,56,indireta,True,0.067,0.165,1
2009,GO,Education,18,244,indireta,False,0.05,0.123,2
2009,GO,Rail transport,22,280,indireta,True,0.033,0.082,1
2009,GO,Telecommunications,14,56,indireta,True,0.011,0.027,1
2009,GO,Logistics,18,244,indireta,True,0.006,0.015,1
2009,GO,Energy,22,280,indireta,True,0.003,0.007,1
2009,MA,Energy,1,35,direta,True,315.479,776.793,1
2009,MA,Rail transport,1,20,direta,True,239.761,590.355,1
2009,MA,Energy,1,35,indireta,True,130.0,320.095,1
2009,MA,Energy,1,8,indireta,True,12.451,30.657,1
2009,MA,Logistics,18,241,indireta,True,1.835,4.519,1
2009,MA,Sanitation,0,5,direta,True,1.418,3.492,1
2009,MA,Logistics,14,241,indireta,True,0.395,0.973,1
2009,MA,Telecommunications,14,192,indireta,True,0.323,0.795,1
2009,MA,Logistics,14,192,indireta,True,0.304,0.749,1
2009,MA,Telecommunications,22,280,indireta,True,0.189,0.466,2
2009,MA,Logistics,22,280,indireta,True,0.059,0.146,2
2009,MA,Sanitation,22,280,indireta,True,0.018,0.045,1
2009,MG,Energy,1,10,direta,True,353.688,870.873,1
2009,MG,Energy,1,35,direta,True,387.278,953.582,2
2009,MG,Energy,21,160,direta,True,220.441,542.784,1
2009,MG,Sanitation,1,4,direta,True,214.87,529.068,2
2009,MG,Road transport,1,43,direta,True,176.901,435.578,1
2009,MG,Sanitation,21,4,direta,True,113.124,278.541,1
2009,MG,Energy,1,14,direta,True,79.956,196.872,1
2009,MG,Telecommunications,1,18,direta,True,78.964,194.43,1
2009,MG,Energy,1,35,indireta,True,51.187,126.035,1
2009,MG,Rail transport,14,192,indireta,True,35.456,87.302,2
2009,MG,Rail transport,14,56,indireta,True,11.82,29.105,1
2009,MG,Telecommunications,14,192,indireta,True,9.126,22.471,1
2009,MG,Education,18,247,indireta,False,8.044,19.807,2
2009,MG,Telecommunications,1,56,direta,True,7.0,17.236,1
2009,MG,Energy,1,2,direta,True,6.864,16.902,1
2009,MG,Energy,1,2,indireta,True,6.723,16.555,1
2009,MG,Sanitation,14,192,indireta,True,7.405,18.234,3
2009,MG,Telecommunications,18,16,indireta,True,5.939,14.623,1
2009,MG,Logistics,18,241,indireta,True,5.939,14.624,2
2009,MG,Health,18,16,indireta,False,5.667,13.954,2
2009,MG,Energy,18,242,indireta,True,4.396,10.825,1
2009,MG,Energy,18,248,indireta,True,4.292,10.567,1
2009,MG,Health,1,9,direta,False,4.161,10.246,1
2009,MG,Logistics,14,241,indireta,True,3.812,9.385,2
2009,MG,Energy,14,56,indireta,True,3.512,8.647,1
2009,MG,Logistics,14,192,indireta,True,7.435,18.307,4
2009,MG,Telecommunications,18,7,indireta,True,2.133,5.253,1
2009,MG,Education,18,16,indireta,False,2.679,6.596,3
2009,MG,Energy,18,247,indireta,True,2.018,4.968,1
2009,MG,Logistics,14,56,indireta,True,4.512,11.11,4
2009,MG,Sanitation,1,6,direta,True,1.76,4.334,1
2009,MG,Education,18,250,indireta,False,1.729,4.256,1
2009,MG,Education,1,2,direta,False,1.596,3.931,1
2009,MG,Logistics,22,280,indireta,True,1.768,4.353,2
2009,MG,Telecommunications,22,280,indireta,True,1.439,3.542,2
2009,MG,Sanitation,14,251,indireta,True,1.076,2.649,2
2009,MG,Energy,14,192,indireta,True,0.878,2.162,1
2009,MG,Health,18,244,indireta,False,0.792,1.951,2
2009,MG,Sanitation,0,0,direta,True,0.757,1.864,1
2009,MG,Logistics,14,251,indireta,True,1.248,3.074,3
2009,MG,Telecommunications,14,56,indireta,True,0.67,1.649,1
2009,MG,Sanitation,18,16,indireta,True,0.531,1.308,1
2009,MG,Health,18,247,indireta,False,0.61,1.501,2
2009,MG,Sanitation,14,56,indireta,True,0.436,1.074,1
2009,MG,Sanitation,22,280,indireta,True,0.724,1.784,2
2009,MG,Energy,18,16,indireta,True,0.637,1.569,2
2009,MG,Rail transport,14,251,indireta,True,0.207,0.51,1
2009,MG,Education,18,244,indireta,False,0.227,0.558,2
2009,MG,Telecommunications,18,242,indireta,True,0.152,0.374,1
2009,MG,Education,0,0,direta,False,0.135,0.333,1
2009,MG,Logistics,18,33,indireta,True,0.09,0.221,1
2009,MG,Logistics,18,244,indireta,True,0.112,0.276,3
2009,MG,Energy,22,280,indireta,True,0.038,0.095,1
2009,MG,Telecommunications,18,244,indireta,True,0.04,0.098,2
2009,MG,Sanitation,18,244,indireta,True,0.01,0.025,1
2009,MG,Rail transport,18,244,indireta,True,0.006,0.015,1
2009,MS,Ports,1,38,direta,True,37.0,91.104,1
2009,MS,Energy,1,2,indireta,True,8.918,21.96,1
2009,MS,Energy,1,2,direta,True,3.261,8.03,1
2009,MS,Sanitation,0,5,direta,True,2.092,5.151,1
2009,MS,Logistics,18,241,indireta,True,1.32,3.249,1
2009,MS,Logistics,18,16,indireta,True,0.878,2.161,1
2009,MS,Logistics,14,241,indireta,True,1.471,3.622,2
2009,MS,Logistics,14,192,indireta,True,0.469,1.154,1
2009,MS,Logistics,14,251,indireta,True,0.333,0.82,1
2009,MS,Sanitation,14,192,indireta,True,0.32,0.788,1
2009,MS,Telecommunications,22,280,indireta,True,0.185,0.455,1
2009,MS,Sanitation,22,280,indireta,True,0.176,0.434,1
2009,MS,Sanitation,14,251,indireta,True,0.144,0.355,1
2009,MS,Logistics,22,280,indireta,True,0.243,0.598,2
2009,MS,Energy,14,192,indireta,True,0.032,0.078,1
2009,MT,Energy,1,35,direta,True,192.923,475.028,1
2009,MT,Ports,1,38,direta,True,110.0,270.849,1
2009,MT,Rail transport,14,192,indireta,True,72.121,177.581,1
2009,MT,Energy,1,2,indireta,True,42.939,105.728,1
2009,MT,Energy,1,2,direta,True,18.972,46.713,1
2009,MT,Sanitation,1,4,direta,True,11.23,27.651,2
2009,MT,Energy,18,16,indireta,True,17.278,42.542,2
2009,MT,Logistics,18,33,indireta,True,5.251,12.929,1
2009,MT,Logistics,14,241,indireta,True,5.358,13.192,2
2009,MT,Logistics,18,241,indireta,True,3.395,8.359,1
2009,MT,Telecommunications,14,56,indireta,True,1.99,4.901,1
2009,MT,Energy,14,192,indireta,True,1.14,2.806,1
2009,MT,Logistics,14,56,indireta,True,1.811,4.46,3
2009,MT,Education,18,16,indireta,False,1.078,2.655,1
2009,MT,Logistics,14,251,indireta,True,0.673,1.658,2
2009,MT,Logistics,14,192,indireta,True,0.731,1.799,2
2009,MT,Logistics,22,280,indireta,True,0.58,1.429,2
2009,MT,Sanitation,22,280,indireta,True,0.377,0.929,2
2009,MT,Logistics,18,247,indireta,True,0.3,0.739,1
2009,MT,Energy,18,242,indireta,True,0.3,0.739,1
2009,MT,Telecommunications,22,280,indireta,True,0.191,0.471,1
2009,MT,Rail transport,22,280,indireta,True,0.131,0.323,2
2009,MT,Sanitation,14,192,indireta,True,0.104,0.256,1
2009,MT,Health,18,244,indireta,False,0.02,0.049,1
2009,PA,Energy,1,8,direta,True,76.96,189.495,1
2009,PA,Ports,1,38,direta,True,70.988,174.791,1
2009,PA,Rail transport,1,20,direta,True,42.466,104.563,2
2009,PA,Energy,1,56,direta,True,23.04,56.732,1
2009,PA,Sanitation,14,251,indireta,True,5.094,12.543,1
2009,PA,Energy,14,192,indireta,True,3.799,9.354,1
2009,PA,Sanitation,14,252,indireta,True,1.274,3.136,1
2009,PA,Logistics,14,56,indireta,True,1.181,2.909,1
2009,PA,Sanitation,14,192,indireta,True,0.801,1.973,1
2009,PA,Sanitation,14,56,indireta,True,0.697,1.717,2
2009,PA,Telecommunications,22,280,indireta,True,0.453,1.116,2
2009,PA,Logistics,14,192,indireta,True,0.457,1.125,3
2009,PA,Sanitation,22,280,indireta,True,0.125,0.309,1
2009,PA,Logistics,14,251,indireta,True,0.181,0.446,2
2009,PA,Logistics,22,280,indireta,True,0.041,0.1,1
2009,PB,Energy,1,30,direta,True,27.129,66.8,1
2009,PB,Sanitation,1,2,direta,True,1.0,2.462,1
2009,PB,Sanitation,0,0,direta,True,0.916,2.256,1
2009,PB,Rail transport,14,251,indireta,True,0.85,2.093,1
2009,PB,Telecommunications,14,192,indireta,True,0.323,0.795,1
2009,PB,Logistics,14,251,indireta,True,0.151,0.372,1
2009,PB,Sanitation,22,280,indireta,True,0.1,0.247,1
2009,PB,Logistics,14,192,indireta,True,0.081,0.199,1
2009,PB,Telecommunications,22,280,indireta,True,0.131,0.322,2
2009,PB,Logistics,22,280,indireta,True,0.006,0.014,1
2009,PE,Telecommunications,1,18,direta,True,100.208,246.74,1
2009,PE,Rail transport,1,20,direta,True,60.0,147.736,1
2009,PE,Sanitation,21,160,direta,True,22.555,55.537,1
2009,PE,Sanitation,1,4,direta,True,30.006,73.882,2
2009,PE,Energy,1,8,indireta,True,12.283,30.243,1
2009,PE,Energy,1,56,direta,True,11.2,27.577,1
2009,PE,Logistics,14,192,indireta,True,6.869,16.912,4
2009,PE,Health,18,16,indireta,False,3.766,9.273,1
2009,PE,Health,18,248,indireta,False,0.985,2.426,1
2009,PE,Sanitation,14,192,indireta,True,1.466,3.611,4
2009,PE,Sanitation,14,56,indireta,True,0.624,1.536,2
2009,PE,Sanitation,14,251,indireta,True,0.844,2.078,2
2009,PE,Logistics,14,56,indireta,True,0.738,1.818,2
2009,PE,Logistics,1,2,direta,True,0.37,0.911,1
2009,PE,Sanitation,22,280,indireta,True,0.442,1.089,2
2009,PE,Telecommunications,22,280,indireta,True,0.475,1.17,2
2009,PE,Logistics,14,251,indireta,True,0.214,0.527,1
2009,PE,Logistics,22,280,indireta,True,0.17,0.419,2
2009,PI,Ports,1,38,direta,True,107.296,264.192,1
2009,PI,Rail transport,1,20,direta,True,100.0,246.227,1
2009,PI,Energy,1,30,direta,True,71.21,175.338,1
2009,PI,Road transport,1,43,indireta,True,70.053,172.49,1
2009,PI,Sanitation,14,251,indireta,True,0.181,0.445,1
2009,PI,Telecommunications,14,192,indireta,True,0.174,0.43,1
2009,PI,Telecommunications,22,280,indireta,True,0.015,0.037,1
2009,PR,Telecommunications,1,18,direta,True,440.289,1084.109,1
2009,PR,Rail transport,21,160,direta,True,250.0,615.567,1
2009,PR,Energy,1,35,direta,True,135.841,334.477,1
2009,PR,Energy,1,10,direta,True,120.352,296.338,1
2009,PR,Energy,1,35,indireta,True,108.841,267.995,1
2009,PR,Road transport,1,43,direta,True,94.609,232.953,1
2009,PR,Ports,1,38,direta,True,80.0,196.981,1
2009,PR,Ports,1,38,indireta,True,26.849,66.111,1
2009,PR,Rail transport,1,20,direta,True,25.123,61.86,1
2009,PR,Sanitation,1,4,direta,True,22.917,56.428,1
2009,PR,Energy,1,16,direta,True,22.401,55.158,1
2009,PR,Logistics,18,16,indireta,True,21.494,52.925,3
2009,PR,Energy,1,2,direta,True,19.645,48.371,1
2009,PR,Logistics,18,33,indireta,True,15.79,38.878,2
2009,PR,Logistics,18,241,indireta,True,14.051,34.597,1
2009,PR,Logistics,14,45,indireta,True,10.782,26.548,3
2009,PR,Logistics,18,45,indireta,True,10.042,24.725,2
2009,PR,Logistics,1,2,indireta,True,6.55,16.129,1
2009,PR,Logistics,14,192,indireta,True,8.773,21.602,4
2009,PR,Logistics,1,33,indireta,True,4.714,11.607,1
2009,PR,Telecommunications,14,192,indireta,True,4.775,11.758,2
2009,PR,Education,18,250,indireta,False,3.79,9.332,1
2009,PR,Logistics,18,247,indireta,True,3.729,9.182,1
2009,PR,Education,18,247,indireta,False,4.26,10.489,3
2009,PR,Logistics,14,56,indireta,True,5.491,13.519,4
2009,PR,Education,18,16,indireta,False,2.448,6.027,2
2009,PR,Logistics,14,241,indireta,True,1.88,4.629,1
2009,PR,Health,18,2,indireta,False,1.8,4.432,1
2009,PR,Health,18,16,indireta,False,3.034,7.471,4
2009,PR,Sanitation,18,16,indireta,True,1.346,3.314,1
2009,PR,Sanitation,14,192,indireta,True,1.363,3.356,3
2009,PR,Telecommunications,14,56,indireta,True,1.028,2.532,1
2009,PR,Telecommunications,22,280,indireta,True,1.206,2.97,2
2009,PR,Logistics,22,280,indireta,True,1.991,4.902,3
2009,PR,Sanitation,0,0,direta,True,0.986,2.428,1
2009,PR,Rail transport,14,192,indireta,True,1.208,2.975,2
2009,PR,Health,18,247,indireta,False,1.082,2.663,2
2009,PR,Sanitation,14,56,indireta,True,0.688,1.695,2
2009,PR,Energy,1,110,direta,True,0.309,0.761,1
2009,PR,Sanitation,22,280,indireta,True,0.576,1.419,2
2009,PR,Logistics,14,251,indireta,True,0.621,1.528,3
2009,PR,Rail transport,14,251,indireta,True,0.27,0.665,1
2009,PR,Sanitation,18,247,indireta,True,0.2,0.493,1
2009,PR,Energy,14,192,indireta,True,0.186,0.459,1
2009,PR,Sanitation,14,251,indireta,True,0.173,0.425,1
2009,PR,Logistics,18,245,indireta,True,0.161,0.397,1
2009,PR,Education,18,244,indireta,False,0.056,0.138,1
2009,PR,Health,18,244,indireta,False,0.057,0.14,2
2009,PR,Logistics,18,244,indireta,True,0.015,0.037,1
2009,PR,Telecommunications,18,244,indireta,True,0.03,0.074,3
2009,PR,Rail transport,18,244,indireta,True,0.016,0.039,2
2009,PR,Sanitation,18,244,indireta,True,0.01,0.025,2
2009,PR,Rail transport,22,280,indireta,True,0.003,0.007,1
2009,PR,Energy,18,244,indireta,True,0.001,0.001,1
2009,RJ,Energy,1,48,direta,True,5699.997,14034.911,1
2009,RJ,Telecommunications,1,18,direta,True,984.958,2425.229,1
2009,RJ,Telecommunications,21,160,direta,True,287.321,707.46,1
2009,RJ,Telecommunications,1,56,direta,True,255.042,627.981,1
2009,RJ,Energy,1,32,direta,True,199.596,491.458,1
2009,RJ,Urban mobility,1,41,direta,True,185.704,457.253,1
2009,RJ,Logistics,21,160,direta,True,150.0,369.34,1
2009,RJ,Road transport,1,43,direta,True,145.628,358.575,1
2009,RJ,Energy,1,8,direta,True,115.26,283.801,1
2009,RJ,Energy,21,160,direta,True,83.32,205.155,1
2009,RJ,Energy,1,8,indireta,True,62.566,154.053,1
2009,RJ,Rail transport,14,192,indireta,True,62.29,153.375,2
2009,RJ,Sanitation,1,4,direta,True,50.434,124.182,1
2009,RJ,Energy,1,13,direta,True,47.429,116.784,1
2009,RJ,Energy,1,56,direta,True,47.271,116.394,1
2009,RJ,Energy,1,35,direta,True,32.269,79.455,1
2009,RJ,Logistics,1,2,direta,True,22.268,54.83,1
2009,RJ,Health,0,0,direta,False,15.011,36.962,1
2009,RJ,Energy,1,2,direta,True,14.108,34.737,1
2009,RJ,Health,18,16,indireta,False,12.804,31.527,3
2009,RJ,Telecommunications,14,192,indireta,True,7.89,19.426,1
2009,RJ,Rail transport,1,20,direta,True,7.81,19.23,1
2009,RJ,Health,0,21,direta,False,7.54,18.566,1
2009,RJ,Sanitation,14,251,indireta,True,4.745,11.683,4
2009,RJ,Logistics,18,16,indireta,True,5.452,13.425,2
2009,RJ,Telecommunications,1,2,direta,True,3.972,9.781,1
2009,RJ,Education,18,247,indireta,False,3.922,9.656,1
2009,RJ,Energy,14,56,indireta,True,3.752,9.239,1
2009,RJ,Telecommunications,14,56,indireta,True,3.73,9.184,1
2009,RJ,Telecommunications,1,7,direta,True,3.0,7.387,1
2009,RJ,Sanitation,14,192,indireta,True,5.942,14.631,4
2009,RJ,Telecommunications,21,7,direta,True,2.275,5.602,1
2009,RJ,Logistics,14,192,indireta,True,3.571,8.794,3
2009,RJ,Education,18,16,indireta,False,1.89,4.653,2
2009,RJ,Sanitation,18,16,indireta,True,1.337,3.292,1
2009,RJ,Logistics,18,248,indireta,True,1.295,3.188,1
2009,RJ,Energy,1,24,direta,True,1.266,3.118,1
2009,RJ,Energy,18,248,indireta,True,1.232,3.033,1
2009,RJ,Rail transport,14,56,indireta,True,1.18,2.905,1
2009,RJ,Sanitation,0,0,direta,True,0.861,2.121,1
2009,RJ,Logistics,14,251,indireta,True,1.06,2.61,2
2009,RJ,Logistics,22,280,indireta,True,0.973,2.395,3
2009,RJ,Logistics,14,56,indireta,True,1.01,2.486,3
2009,RJ,Health,18,247,indireta,False,0.555,1.366,1
2009,RJ,Telecommunications,22,280,indireta,True,0.639,1.573,2
2009,RJ,Sanitation,22,280,indireta,True,0.536,1.321,2
2009,RJ,Sanitation,14,56,indireta,True,0.432,1.064,1
2009,RJ,Energy,14,192,indireta,True,0.292,0.719,1
2009,RJ,Education,0,0,direta,False,0.18,0.442,2
2009,RJ,Sanitation,14,252,indireta,True,0.113,0.278,1
2009,RJ,Logistics,14,252,indireta,True,0.112,0.275,1
2009,RN,Education,18,16,indireta,False,5.646,13.901,1
2009,RN,Telecommunications,22,280,indireta,True,0.543,1.336,2
2009,RN,Sanitation,14,251,indireta,True,0.362,0.89,1
2009,RN,Telecommunications,14,192,indireta,True,0.323,0.795,1
2009,RN,Sanitation,14,192,indireta,True,0.495,1.22,2
2009,RN,Sanitation,22,280,indireta,True,0.326,0.803,2
2009,RN,Logistics,14,192,indireta,True,0.182,0.448,1
2009,RN,Logistics,22,280,indireta,True,0.049,0.12,1
2009,RO,Energy,1,14,direta,True,1294.483,3187.362,1
2009,RO,Energy,1,14,indireta,True,1294.483,3187.362,1
2009,RO,Energy,1,35,direta,True,907.639,2234.848,1
2009,RO,Energy,1,35,indireta,True,907.639,2234.848,1
2009,RO,Logistics,14,56,indireta,True,0.474,1.166,1
2009,RO,Energy,22,280,indireta,True,0.318,0.783,1
2009,RO,Sanitation,14,192,indireta,True,0.269,0.662,1
2009,RO,Education,18,16,indireta,False,0.23,0.567,1
2009,RO,Energy,14,56,indireta,True,0.226,0.558,1
2009,RO,Logistics,22,280,indireta,True,0.188,0.462,1
2009,RO,Telecommunications,22,280,indireta,True,0.048,0.119,1
2009,RO,Health,18,244,indireta,False,0.02,0.049,1
2009,RO,Education,18,244,indireta,False,0.01,0.025,1
2009,RS,Energy,1,14,direta,True,276.081,679.786,2
2009,RS,Energy,1,35,indireta,True,170.324,419.383,1
2009,RS,Energy,1,8,indireta,True,76.501,188.366,1
2009,RS,Energy,1,10,direta,True,65.413,161.065,1
2009,RS,Logistics,18,241,indireta,True,45.886,112.984,4
2009,RS,Sanitation,1,4,direta,True,58.263,143.46,2
2009,RS,Logistics,18,45,indireta,True,38.615,95.079,3
2009,RS,Energy,21,160,direta,True,27.96,68.844,1
2009,RS,Education,1,2,indireta,False,25.006,61.571,1
2009,RS,Logistics,1,45,indireta,True,15.952,39.278,1
2009,RS,Education,1,9,indireta,False,11.653,28.692,1
2009,RS,Logistics,14,241,indireta,True,10.684,26.307,3
2009,RS,Logistics,18,16,indireta,True,6.401,15.762,2
2009,RS,Energy,1,2,indireta,True,8.41,20.708,2
2009,RS,Logistics,18,245,indireta,True,6.944,17.098,3
2009,RS,Education,18,16,indireta,False,6.082,14.975,4
2009,RS,Logistics,18,33,indireta,True,7.788,19.176,4
2009,RS,Energy,18,16,indireta,True,4.375,10.772,2
2009,RS,Health,1,9,direta,False,2.6,6.402,1
2009,RS,Education,18,247,indireta,False,2.942,7.244,2
2009,RS,Health,18,2,indireta,False,2.428,5.979,1
2009,RS,Energy,1,14,indireta,True,2.393,5.892,1
2009,RS,Logistics,1,2,direta,True,2.274,5.6,1
2009,RS,Telecommunications,14,192,indireta,True,2.241,5.518,1
2009,RS,Logistics,14,192,indireta,True,4.38,10.784,4
2009,RS,Energy,1,110,direta,True,3.008,7.406,2
2009,RS,Health,18,247,indireta,False,1.113,2.741,2
2009,RS,Sanitation,1,2,indireta,True,0.992,2.441,1
2009,RS,Logistics,14,56,indireta,True,2.31,5.687,4
2009,RS,Energy,18,242,indireta,True,0.911,2.244,1
2009,RS,Sanitation,14,192,indireta,True,1.723,4.241,4
2009,RS,Energy,14,192,indireta,True,0.942,2.318,3
2009,RS,Logistics,22,280,indireta,True,1.37,3.373,2
2009,RS,Health,18,16,indireta,False,1.096,2.699,2
2009,RS,Logistics,18,247,indireta,True,1.267,3.119,2
2009,RS,Sanitation,14,251,indireta,True,1.048,2.58,2
2009,RS,Sanitation,14,56,indireta,True,0.757,1.863,2
2009,RS,Logistics,18,246,indireta,True,0.575,1.416,2
2009,RS,Logistics,14,251,indireta,True,0.633,1.558,3
2009,RS,Health,18,244,indireta,False,0.448,1.102,2
2009,RS,Sanitation,0,0,direta,True,0.407,1.003,1
2009,RS,Education,18,244,indireta,False,0.392,0.966,1
2009,RS,Telecommunications,14,56,indireta,True,0.374,0.921,1
2009,RS,Telecommunications,22,280,indireta,True,0.571,1.406,2
2009,RS,Logistics,14,45,indireta,True,0.292,0.719,1
2009,RS,Sanitation,18,16,indireta,True,0.261,0.641,1
2009,RS,Health,18,7,indireta,False,0.242,0.596,1
2009,RS,Sanitation,18,247,indireta,True,0.17,0.419,1
2009,RS,Sanitation,22,280,indireta,True,0.275,0.678,3
2009,RS,Health,0,0,direta,False,0.093,0.228,1
2009,RS,Logistics,18,244,indireta,True,0.094,0.231,2
2009,RS,Sanitation,18,244,indireta,True,0.051,0.126,1
2009,RS,Rail transport,18,244,indireta,True,0.018,0.044,1
2009,RS,Energy,18,244,indireta,True,0.04,0.098,3
2009,SC,Energy,1,14,direta,True,323.657,796.93,1
2009,SC,Road transport,1,43,direta,True,146.398,360.471,1
2009,SC,Energy,1,10,direta,True,141.624,348.715,1
2009,SC,Energy,1,14,indireta,True,131.535,323.875,1
2009,SC,Energy,21,160,direta,True,90.751,223.454,1
2009,SC,Energy,1,35,direta,True,117.767,289.975,2
2009,SC,Sanitation,1,4,direta,True,58.071,142.985,1
2009,SC,Energy,1,2,indireta,True,49.837,122.712,1
2009,SC,Energy,1,56,indireta,True,19.0,46.783,1
2009,SC,Energy,18,16,indireta,True,18.231,44.891,2
2009,SC,Energy,21,2,direta,True,15.06,37.081,1
2009,SC,Health,18,16,indireta,False,9.563,23.546,2
2009,SC,Health,18,248,indireta,False,8.148,20.062,1
2009,SC,Logistics,18,247,indireta,True,7.964,19.61,1
2009,SC,Logistics,14,192,indireta,True,8.813,21.699,4
2009,SC,Logistics,18,249,indireta,True,5.243,12.909,2
2009,SC,Logistics,18,241,indireta,True,7.349,18.095,3
2009,SC,Logistics,14,241,indireta,True,5.4,13.297,3
2009,SC,Energy,14,192,indireta,True,11.967,29.467,4
2009,SC,Logistics,18,33,indireta,True,4.152,10.223,1
2009,SC,Energy,18,247,indireta,True,4.87,11.991,2
2009,SC,Energy,14,56,indireta,True,2.744,6.756,2
2009,SC,Education,18,250,indireta,False,2.346,5.776,1
2009,SC,Education,18,16,indireta,False,3.381,8.324,3
2009,SC,Sanitation,14,192,indireta,True,4.097,10.088,4
2009,SC,Logistics,14,249,indireta,True,1.35,3.324,1
2009,SC,Telecommunications,14,192,indireta,True,1.246,3.068,1
2009,SC,Logistics,22,280,indireta,True,1.792,4.413,3
2009,SC,Health,18,244,indireta,False,0.652,1.605,3
2009,SC,Sanitation,22,280,indireta,True,0.848,2.087,3
2009,SC,Health,18,247,indireta,False,0.475,1.17,1
2009,SC,Sanitation,1,2,direta,True,0.431,1.06,1
2009,SC,Sanitation,14,251,indireta,True,0.741,1.824,2
2009,SC,Telecommunications,22,280,indireta,True,0.569,1.401,3
2009,SC,Logistics,18,16,indireta,True,0.589,1.45,2
2009,SC,Logistics,14,251,indireta,True,0.488,1.201,2
2009,SC,Sanitation,14,56,indireta,True,0.375,0.924,3
2009,SC,Telecommunications,14,56,indireta,True,0.182,0.448,1
2009,SC,Logistics,14,56,indireta,True,0.342,0.842,2
2009,SC,Energy,22,280,indireta,True,0.127,0.312,1
2009,SC,Health,18,249,indireta,False,0.125,0.308,1
2009,SC,Sanitation,0,0,direta,True,0.109,0.269,1
2009,SC,Education,18,249,indireta,False,0.092,0.228,1
2009,SC,Sanitation,18,245,indireta,True,0.044,0.109,1
2009,SC,Education,18,242,indireta,False,0.026,0.063,1
2009,SC,Education,18,244,indireta,False,0.035,0.086,2
2009,SC,Logistics,18,244,indireta,True,0.02,0.049,1
2009,SC,Rail transport,22,280,indireta,True,0.014,0.035,1
2009,SC,Sanitation,18,244,indireta,True,0.02,0.049,2
2009,SC,Telecommunications,18,244,indireta,True,0.01,0.025,1
2009,SC,Energy,18,244,indireta,True,0.002,0.005,1
2009,SE,Telecommunications,22,280,indireta,True,0.156,0.384,1
2009,SE,Sanitation,0,0,direta,True,0.111,0.274,1
2009,SE,Logistics,14,192,indireta,True,0.093,0.228,1
2009,SP,Telecommunications,1,18,direta,True,372.6,917.44,1
2009,SP,Road transport,1,43,direta,True,337.38,830.718,1
2009,SP,Sanitation,1,4,direta,True,297.829,733.335,3
2009,SP,Sanitation,21,160,direta,True,276.978,681.994,1
2009,SP,Energy,1,8,indireta,True,272.703,671.468,1
2009,SP,Energy,1,35,direta,True,313.798,772.655,2
2009,SP,Logistics,1,2,direta,True,239.83,590.525,2
2009,SP,Energy,1,13,direta,True,225.842,556.083,1
2009,SP,Ports,1,38,indireta,True,181.566,447.064,1
2009,SP,Ports,1,38,direta,True,308.556,759.748,2
2009,SP,Energy,1,2,direta,True,167.439,412.278,1
2009,SP,Energy,1,10,direta,True,165.648,407.869,1
2009,SP,Energy,21,160,direta,True,109.429,269.443,1
2009,SP,Telecommunications,21,160,direta,True,96.177,236.812,1
2009,SP,Energy,1,35,indireta,True,93.627,230.534,1
2009,SP,Energy,1,30,direta,True,77.8,191.564,1
2009,SP,Energy,1,56,indireta,True,77.701,191.321,1
2009,SP,Health,1,9,indireta,False,76.867,189.268,1
2009,SP,Logistics,21,160,direta,True,67.2,165.464,1
2009,SP,Health,1,9,direta,False,50.391,124.076,1
2009,SP,Telecommunications,14,192,indireta,True,43.778,107.792,2
2009,SP,Telecommunications,14,56,indireta,True,32.211,79.312,1
2009,SP,Energy,1,112,indireta,True,31.577,77.751,1
2009,SP,Rail transport,1,2,direta,True,30.65,75.469,1
2009,SP,Sanitation,14,192,indireta,True,31.119,76.622,4
2009,SP,Logistics,18,16,indireta,True,31.669,77.979,3
2009,SP,Health,1,2,indireta,False,18.024,44.379,1
2009,SP,Energy,1,2,indireta,True,15.429,37.99,1
2009,SP,Energy,1,24,indireta,True,12.508,30.797,1
2009,SP,Health,18,248,indireta,False,12.27,30.212,1
2009,SP,Energy,14,192,indireta,True,11.355,27.959,3
2009,SP,Rail transport,14,56,indireta,True,10.318,25.405,1
2009,SP,Sanitation,18,16,indireta,True,10.164,25.027,1
2009,SP,Energy,1,16,direta,True,10.069,24.792,1
2009,SP,Logistics,18,45,indireta,True,8.398,20.677,1
2009,SP,Logistics,14,192,indireta,True,24.233,59.669,4
2009,SP,Education,18,16,indireta,False,13.086,32.222,2
2009,SP,Health,18,247,indireta,False,6.71,16.522,1
2009,SP,Health,18,16,indireta,False,8.588,21.146,3
2009,SP,Logistics,14,241,indireta,True,5.23,12.878,1
2009,SP,Education,18,250,indireta,False,4.599,11.323,1
2009,SP,Sanitation,14,251,indireta,True,7.241,17.829,3
2009,SP,Logistics,22,280,indireta,True,9.057,22.301,3
2009,SP,Energy,18,248,indireta,True,3.35,8.249,1
2009,SP,Logistics,14,56,indireta,True,7.363,18.131,4
2009,SP,Logistics,14,251,indireta,True,6.83,16.818,4
2009,SP,Health,0,0,direta,False,2.92,7.189,1
2009,SP,Health,18,244,indireta,False,2.755,6.784,1
2009,SP,Telecommunications,22,280,indireta,True,4.185,10.305,3
2009,SP,Health,1,16,indireta,False,2.677,6.593,1
2009,SP,Energy,14,56,indireta,True,3.395,8.359,2
2009,SP,Education,18,247,indireta,False,3.45,8.495,2
2009,SP,Sanitation,18,242,indireta,True,2.361,5.813,1
2009,SP,Energy,1,16,indireta,True,1.939,4.775,1
2009,SP,Energy,18,16,indireta,True,1.923,4.735,1
2009,SP,Sanitation,0,0,direta,True,1.858,4.575,1
2009,SP,Logistics,18,241,indireta,True,1.439,3.543,1
2009,SP,Sanitation,22,280,indireta,True,3.227,7.946,3
2009,SP,Logistics,18,242,indireta,True,1.081,2.662,1
2009,SP,Sanitation,14,56,indireta,True,1.395,3.434,3
2009,SP,Energy,14,251,indireta,True,0.611,1.505,1
2009,SP,Health,18,250,indireta,False,0.565,1.392,1
2009,SP,Energy,22,280,indireta,True,0.469,1.155,2
2009,SP,Rail transport,14,251,indireta,True,0.402,0.99,1
2009,SP,Education,18,244,indireta,False,0.395,0.973,1
2009,SP,Sanitation,14,252,indireta,True,0.386,0.949,1
2009,SP,Energy,21,2,direta,True,0.232,0.572,1
2009,SP,Rail transport,14,192,indireta,True,0.17,0.419,1
2009,SP,Energy,1,110,direta,True,0.075,0.185,1
2009,SP,Logistics,18,244,indireta,True,0.075,0.185,1
2009,SP,Rail transport,22,280,indireta,True,0.032,0.078,2
2009,SP,Sanitation,18,244,indireta,True,0.025,0.062,1
2009,SP,Telecommunications,18,244,indireta,True,0.022,0.054,1
2009,SP,Rail transport,18,244,indireta,True,0.01,0.025,1
2009,SP,Logistics,14,252,indireta,True,0.01,0.025,1
2009,TO,Energy,1,14,direta,True,1098.716,2705.332,1
2009,TO,Rail transport,21,160,direta,True,385.196,948.454,1
2009,TO,Energy,1,14,indireta,True,310.145,763.659,1
2009,TO,Rail transport,14,192,indireta,True,12.344,30.393,2
2009,TO,Logistics,14,192,indireta,True,0.335,0.825,2
2009,TO,Logistics,14,56,indireta,True,0.194,0.476,1
2009,TO,Sanitation,14,251,indireta,True,0.144,0.355,1
2009,TO,Sanitation,14,252,indireta,True,0.036,0.089,1
2009,TO,Logistics,22,280,indireta,True,0.053,0.131,2
2010,AC,Sanitation,1,4,direta,True,16.873,39.552,1
2010,AC,Logistics,14,56,indireta,True,0.279,0.654,1
2010,AC,Sanitation,14,251,indireta,True,0.217,0.51,1
2010,AC,Energy,14,56,indireta,True,0.138,0.323,1
2010,AC,Sanitation,22,280,indireta,True,0.086,0.202,1
2010,AC,Telecommunications,22,280,indireta,True,0.02,0.048,1
2010,AC,Logistics,22,280,indireta,True,0.014,0.034,1
2010,AL,Energy,14,56,indireta,True,1.8,4.219,1
2010,AL,Energy,1,24,direta,True,1.606,3.764,1
2010,AL,Sanitation,14,56,indireta,True,2.132,4.998,2
2010,AL,Telecommunications,14,56,indireta,True,0.443,1.038,1
2010,AL,Energy,1,56,direta,True,0.427,1.002,1
2010,AL,Logistics,22,280,indireta,True,0.244,0.572,2
2010,AL,Logistics,14,56,indireta,True,0.162,0.38,1
2010,AL,Education,18,253,indireta,False,0.128,0.3,1
2010,AL,Sanitation,22,280,indireta,True,0.127,0.298,1
2010,AL,Health,18,253,indireta,False,0.083,0.194,1
2010,AL,Telecommunications,18,253,indireta,True,0.03,0.07,1
2010,AL,Telecommunications,22,280,indireta,True,0.003,0.006,1
2010,AM,Energy,1,13,direta,True,725.692,1701.126,1
2010,AM,Energy,1,10,direta,True,251.426,589.378,1
2010,AM,Sanitation,1,4,direta,True,7.023,16.462,1
2010,AM,Sanitation,1,4,indireta,True,7.014,16.442,1
2010,AM,Telecommunications,14,56,indireta,True,0.527,1.236,1
2010,AM,Sanitation,14,56,indireta,True,0.515,1.206,1
2010,AM,Logistics,14,56,indireta,True,1.354,3.174,4
2010,AM,Logistics,22,280,indireta,True,0.474,1.112,2
2010,AM,Rail transport,14,251,indireta,True,0.33,0.774,1
2010,AM,Logistics,14,251,indireta,True,0.857,2.009,4
2010,AM,Sanitation,14,251,indireta,True,0.347,0.812,2
2010,AM,Telecommunications,22,280,indireta,True,0.167,0.391,1
2010,AM,Sanitation,22,280,indireta,True,0.165,0.387,1
2010,AM,Sanitation,14,192,indireta,True,0.129,0.302,1
2010,AM,Energy,14,251,indireta,True,0.117,0.274,1
2010,AM,Sanitation,14,252,indireta,True,0.046,0.107,1
2010,AP,Sanitation,14,56,indireta,True,0.461,1.08,1
2010,AP,Sanitation,22,280,indireta,True,0.19,0.445,2
2010,AP,Telecommunications,22,280,indireta,True,0.201,0.471,2
2010,BA,Energy,1,8,direta,True,100.304,235.127,1
2010,BA,Energy,1,13,direta,True,100.255,235.013,1
2010,BA,Sanitation,1,4,direta,True,43.321,101.55,1
2010,BA,Energy,1,56,direta,True,42.0,98.454,1
2010,BA,Telecommunications,1,18,direta,True,35.741,83.782,1
2010,BA,Energy,14,56,indireta,True,36.156,84.754,2
2010,BA,Ports,1,38,direta,True,18.064,42.344,1
2010,BA,Logistics,14,56,indireta,True,17.907,41.976,4
2010,BA,Energy,1,35,direta,True,10.829,25.385,1
2010,BA,Education,1,56,direta,False,4.5,10.549,1
2010,BA,Sanitation,18,248,indireta,True,4.438,10.402,1
2010,BA,Logistics,14,251,indireta,True,7.762,18.194,4
2010,BA,Energy,1,35,indireta,True,2.943,6.9,1
2010,BA,Sanitation,14,251,indireta,True,3.521,8.255,4
2010,BA,Logistics,14,192,indireta,True,1.932,4.529,2
2010,BA,Logistics,22,280,indireta,True,1.64,3.845,3
2010,BA,Sanitation,0,0,direta,True,0.802,1.88,1
2010,BA,Logistics,18,241,indireta,True,0.777,1.822,1
2010,BA,Sanitation,14,56,indireta,True,1.068,2.503,3
2010,BA,Education,18,16,indireta,False,0.499,1.169,1
2010,BA,Sanitation,22,280,indireta,True,0.403,0.945,2
2010,BA,Telecommunications,22,280,indireta,True,0.393,0.92,2
2010,BA,Energy,14,192,indireta,True,0.262,0.614,1
2010,BA,Logistics,14,241,indireta,True,0.19,0.445,1
2010,BA,Sanitation,14,252,indireta,True,0.105,0.246,1
2010,BA,Health,18,244,indireta,False,0.073,0.172,1
2010,BA,Rail transport,22,280,indireta,True,0.045,0.105,1
2010,BA,Sanitation,14,192,indireta,True,0.023,0.055,1
2010,BA,Education,18,244,indireta,False,0.018,0.043,1
2010,BA,Energy,18,244,indireta,True,0.015,0.035,2
2010,BA,Telecommunications,18,244,indireta,True,0.01,0.023,1
2010,BA,Logistics,18,244,indireta,True,0.005,0.012,1
2010,BA,Energy,22,280,indireta,True,0.004,0.009,1
2010,CE,Energy,1,35,direta,True,755.9,1771.938,1
2010,CE,Energy,1,14,direta,True,380.0,890.775,1
2010,CE,Logistics,1,2,direta,True,184.795,433.186,1
2010,CE,Rail transport,1,20,direta,True,161.447,378.455,1
2010,CE,Logistics,1,56,direta,True,81.396,190.803,1
2010,CE,Ports,1,38,direta,True,10.513,24.644,1
2010,CE,Energy,1,56,direta,True,5.2,12.19,1
2010,CE,Energy,1,10,direta,True,5.0,11.721,1
2010,CE,Energy,14,56,indireta,True,2.496,5.851,1
2010,CE,Logistics,14,251,indireta,True,1.472,3.45,1
2010,CE,Sanitation,14,192,indireta,True,1.376,3.226,1
2010,CE,Health,0,0,direta,False,1.322,3.099,1
2010,CE,Sanitation,14,251,indireta,True,1.344,3.151,2
2010,CE,Sanitation,1,6,direta,True,1.2,2.813,1
2010,CE,Logistics,14,56,indireta,True,1.526,3.578,3
2010,CE,Logistics,22,280,indireta,True,0.902,2.114,1
2010,CE,Sanitation,14,56,indireta,True,1.814,4.253,3
2010,CE,Telecommunications,22,280,indireta,True,0.506,1.186,2
2010,CE,Sanitation,22,280,indireta,True,0.266,0.623,1
2010,CE,Telecommunications,14,251,indireta,True,0.15,0.351,1
2010,CE,Education,0,2,direta,False,0.12,0.281,1
2010,DF,Telecommunications,1,18,direta,True,450.665,1056.424,1
2010,DF,Urban mobility,1,41,direta,True,111.151,260.554,1
2010,DF,Telecommunications,1,56,direta,True,80.467,188.626,1
2010,DF,Energy,14,56,indireta,True,8.501,19.927,1
2010,DF,Sanitation,1,2,direta,True,3.72,8.721,1
2010,DF,Sanitation,14,251,indireta,True,3.242,7.599,1
2010,DF,Health,18,247,indireta,False,1.112,2.607,1
2010,DF,Logistics,14,251,indireta,True,1.226,2.875,3
2010,DF,Logistics,14,56,indireta,True,1.071,2.512,3
2010,DF,Telecommunications,14,56,indireta,True,0.748,1.753,1
2010,DF,Telecommunications,14,251,indireta,True,0.214,0.503,1
2010,DF,Logistics,22,280,indireta,True,0.345,0.808,2
2010,DF,Telecommunications,22,280,indireta,True,0.266,0.623,2
2010,DF,Sanitation,14,252,indireta,True,0.135,0.317,1
2010,DF,Telecommunications,14,252,indireta,True,0.054,0.126,1
2010,DF,Sanitation,22,280,indireta,True,0.041,0.096,1
2010,DF,Sanitation,14,56,indireta,True,0.005,0.013,1
2010,ES,Energy,1,69,direta,True,161.776,379.226,1
2010,ES,Energy,1,14,direta,True,55.729,130.636,1
2010,ES,Energy,1,2,direta,True,48.845,114.5,1
2010,ES,Sanitation,1,4,direta,True,39.641,92.924,1
2010,ES,Energy,1,56,direta,True,21.728,50.934,1
2010,ES,Health,1,12,direta,False,21.046,49.334,1
2010,ES,Sanitation,21,160,direta,True,13.416,31.449,1
2010,ES,Energy,1,35,indireta,True,11.633,27.27,1
2010,ES,Energy,1,35,direta,True,11.471,26.889,1
2010,ES,Ports,1,38,direta,True,10.525,24.673,1
2010,ES,Urban mobility,1,41,direta,True,6.364,14.917,1
2010,ES,Logistics,14,56,indireta,True,5.073,11.892,4
2010,ES,Energy,1,10,direta,True,3.357,7.869,1
2010,ES,Education,18,247,indireta,False,2.829,6.631,2
2010,ES,Logistics,18,247,indireta,True,2.628,6.161,1
2010,ES,Logistics,18,241,indireta,True,2.164,5.073,2
2010,ES,Sanitation,1,6,direta,True,1.896,4.444,1
2010,ES,Sanitation,1,56,direta,True,1.047,2.455,1
2010,ES,Telecommunications,14,56,indireta,True,1.044,2.447,1
2010,ES,Energy,14,56,indireta,True,0.969,2.271,1
2010,ES,Logistics,22,280,indireta,True,1.245,2.919,3
2010,ES,Sanitation,18,16,indireta,True,0.637,1.493,1
2010,ES,Sanitation,0,5,direta,True,0.447,1.047,1
2010,ES,Sanitation,14,56,indireta,True,0.785,1.841,2
2010,ES,Telecommunications,22,280,indireta,True,0.277,0.649,2
2010,ES,Sanitation,14,251,indireta,True,0.323,0.756,2
2010,ES,Logistics,14,251,indireta,True,0.411,0.963,2
2010,ES,Logistics,14,241,indireta,True,0.19,0.445,1
2010,ES,Health,18,244,indireta,False,0.07,0.164,1
2010,ES,Sanitation,22,280,indireta,True,0.113,0.265,2
2010,ES,Logistics,14,252,indireta,True,0.051,0.119,1
2010,ES,Logistics,18,244,indireta,True,0.04,0.094,3
2010,ES,Energy,22,280,indireta,True,0.017,0.04,1
2010,ES,Education,18,244,indireta,False,0.01,0.023,1
2010,GO,Energy,1,35,direta,True,118.075,276.784,1
2010,GO,Energy,1,32,direta,True,100.0,234.414,1
2010,GO,Energy,1,10,direta,True,63.5,148.853,1
2010,GO,Energy,1,14,direta,True,50.839,119.174,2
2010,GO,Sanitation,1,4,direta,True,36.273,85.029,2
2010,GO,Logistics,18,241,indireta,True,4.012,9.404,1
2010,GO,Energy,18,16,indireta,True,3.123,7.321,1
2010,GO,Sanitation,14,251,indireta,True,2.974,6.973,3
2010,GO,Health,18,247,indireta,False,1.311,3.074,1
2010,GO,Logistics,14,251,indireta,True,1.981,4.643,3
2010,GO,Logistics,22,280,indireta,True,0.942,2.209,2
2010,GO,Energy,14,56,indireta,True,0.803,1.882,1
2010,GO,Logistics,14,56,indireta,True,1.596,3.742,4
2010,GO,Telecommunications,14,56,indireta,True,0.339,0.795,1
2010,GO,Sanitation,18,7,indireta,True,0.325,0.761,1
2010,GO,Sanitation,14,56,indireta,True,0.376,0.88,2
2010,GO,Telecommunications,22,280,indireta,True,0.307,0.719,2
2010,GO,Sanitation,22,280,indireta,True,0.218,0.511,2
2010,GO,Logistics,14,241,indireta,True,0.133,0.312,1
2010,GO,Health,18,244,indireta,False,0.09,0.211,1
2010,GO,Sanitation,14,192,indireta,True,0.055,0.129,1
2010,GO,Rail transport,14,251,indireta,True,0.054,0.127,1
2010,GO,Logistics,14,252,indireta,True,0.04,0.093,1
2010,GO,Energy,22,280,indireta,True,0.016,0.037,1
2010,GO,Logistics,14,192,indireta,True,0.016,0.037,1
2010,GO,Education,18,244,indireta,False,0.01,0.023,1
2010,GO,Energy,18,244,indireta,True,0.01,0.023,1
2010,MA,Energy,1,35,direta,True,215.0,503.991,1
2010,MA,Energy,1,35,indireta,True,50.0,117.207,1
2010,MA,Energy,1,10,direta,True,34.605,81.119,1
2010,MA,Energy,1,56,direta,True,25.047,58.714,1
2010,MA,Energy,1,69,direta,True,13.653,32.004,1
2010,MA,Energy,1,110,direta,True,10.0,23.441,1
2010,MA,Energy,14,56,indireta,True,9.451,22.154,1
2010,MA,Rail transport,14,56,indireta,True,7.004,16.419,1
2010,MA,Logistics,14,56,indireta,True,0.355,0.832,1
2010,MA,Telecommunications,22,280,indireta,True,0.35,0.821,3
2010,MA,Logistics,22,280,indireta,True,0.275,0.644,2
2010,MA,Sanitation,22,280,indireta,True,0.041,0.096,1
2010,MG,Energy,21,160,direta,True,495.545,1161.629,2
2010,MG,Energy,1,35,direta,True,216.24,506.898,2
2010,MG,Sanitation,1,112,direta,True,208.651,489.107,1
2010,MG,Sanitation,21,4,direta,True,123.462,289.412,1
2010,MG,Sanitation,1,56,direta,True,118.789,278.459,1
2010,MG,Sanitation,1,4,direta,True,149.682,350.877,2
2010,MG,Telecommunications,1,56,direta,True,99.501,233.245,1
2010,MG,Rail transport,14,56,indireta,True,90.6,212.379,1
2010,MG,Energy,1,56,direta,True,84.0,196.908,1
2010,MG,Sanitation,21,160,direta,True,68.672,160.978,1
2010,MG,Energy,1,32,direta,True,59.022,138.356,1
2010,MG,Energy,1,35,indireta,True,52.048,122.008,1
2010,MG,Telecommunications,21,160,direta,True,47.811,112.076,1
2010,MG,Telecommunications,1,18,direta,True,30.6,71.731,1
2010,MG,Road transport,1,43,direta,True,43.293,101.485,2
2010,MG,Energy,1,30,direta,True,22.5,52.743,1
2010,MG,Logistics,1,33,indireta,True,21.158,49.597,1
2010,MG,Telecommunications,14,56,indireta,True,18.101,42.431,1
2010,MG,Energy,1,112,direta,True,17.725,41.55,1
2010,MG,Education,18,248,indireta,False,10.0,23.441,1
2010,MG,Logistics,14,56,indireta,True,22.761,53.354,4
2010,MG,Energy,1,56,indireta,True,7.648,17.928,1
2010,MG,Energy,18,247,indireta,True,7.252,16.999,1
2010,MG,Logistics,18,241,indireta,True,6.77,15.87,3
2010,MG,Energy,18,248,indireta,True,5.994,14.05,1
2010,MG,Telecommunications,18,16,indireta,True,4.667,10.94,1
2010,MG,Energy,18,56,indireta,True,2.748,6.442,1
2010,MG,Logistics,14,251,indireta,True,4.716,11.055,4
2010,MG,Education,18,247,indireta,False,2.396,5.616,2
2010,MG,Logistics,18,45,indireta,True,2.0,4.688,1
2010,MG,Energy,18,192,indireta,True,1.994,4.675,1
2010,MG,Logistics,22,280,indireta,True,2.561,6.003,3
2010,MG,Sanitation,14,251,indireta,True,3.83,8.977,4
2010,MG,Telecommunications,22,280,indireta,True,1.93,4.525,2
2010,MG,Health,18,247,indireta,False,1.289,3.021,1
2010,MG,Education,1,2,direta,False,1.234,2.894,1
2010,MG,Health,18,16,indireta,False,1.187,2.783,1
2010,MG,Sanitation,18,248,indireta,True,1.145,2.684,1
2010,MG,Logistics,18,247,indireta,True,1.91,4.477,2
2010,MG,Sanitation,14,56,indireta,True,2.242,5.255,3
2010,MG,Energy,14,56,indireta,True,1.248,2.925,2
2010,MG,Energy,1,110,direta,True,0.915,2.145,1
2010,MG,Sanitation,1,6,direta,True,0.755,1.77,1
2010,MG,Logistics,14,241,indireta,True,0.464,1.087,1
2010,MG,Sanitation,22,280,indireta,True,0.489,1.146,2
2010,MG,Telecommunications,18,242,indireta,True,0.446,1.046,1
2010,MG,Sanitation,0,0,direta,True,0.431,1.011,1
2010,MG,Health,18,244,indireta,False,0.423,0.993,2
2010,MG,Sanitation,14,252,indireta,True,0.399,0.936,1
2010,MG,Logistics,14,192,indireta,True,0.387,0.908,2
2010,MG,Energy,22,280,indireta,True,0.194,0.455,1
2010,MG,Education,18,244,indireta,False,0.107,0.251,1
2010,MG,Logistics,18,244,indireta,True,0.05,0.117,1
2010,MG,Sanitation,18,244,indireta,True,0.028,0.066,1
2010,MG,Telecommunications,18,244,indireta,True,0.02,0.047,1
2010,MG,Energy,18,244,indireta,True,0.01,0.023,1
2010,MS,Rail transport,14,56,indireta,True,45.805,107.374,1
2010,MS,Ports,1,38,direta,True,15.653,36.693,1
2010,MS,Energy,1,35,indireta,True,10.6,24.848,1
2010,MS,Logistics,18,45,indireta,True,3.076,7.21,2
2010,MS,Energy,14,251,indireta,True,1.367,3.204,1
2010,MS,Logistics,14,56,indireta,True,2.191,5.137,3
2010,MS,Sanitation,14,56,indireta,True,1.178,2.76,1
2010,MS,Sanitation,14,251,indireta,True,1.984,4.651,3
2010,MS,Logistics,18,16,indireta,True,0.751,1.76,1
2010,MS,Logistics,14,251,indireta,True,0.923,2.163,2
2010,MS,Logistics,22,280,indireta,True,0.691,1.62,2
2010,MS,Logistics,18,241,indireta,True,0.548,1.285,1
2010,MS,Energy,14,252,indireta,True,0.342,0.801,1
2010,MS,Sanitation,0,5,direta,True,0.264,0.619,1
2010,MS,Education,18,247,indireta,False,0.181,0.423,1
2010,MS,Telecommunications,22,280,indireta,True,0.155,0.363,1
2010,MS,Sanitation,22,280,indireta,True,0.123,0.287,1
2010,MS,Telecommunications,14,56,indireta,True,0.098,0.229,1
2010,MT,Energy,1,10,direta,True,227.937,534.317,1
2010,MT,Rail transport,14,56,indireta,True,101.68,238.351,1
2010,MT,Ports,1,38,direta,True,98.967,231.992,1
2010,MT,Energy,1,2,indireta,True,40.818,95.684,1
2010,MT,Energy,1,2,direta,True,39.354,92.252,1
2010,MT,Energy,1,35,direta,True,26.943,63.157,1
2010,MT,Energy,1,56,direta,True,23.498,55.083,1
2010,MT,Sanitation,1,4,direta,True,16.003,37.512,1
2010,MT,Energy,14,56,indireta,True,6.799,15.939,2
2010,MT,Logistics,14,56,indireta,True,4.881,11.442,4
2010,MT,Logistics,18,241,indireta,True,1.75,4.102,2
2010,MT,Logistics,18,33,indireta,True,1.375,3.222,1
2010,MT,Logistics,18,247,indireta,True,0.905,2.121,1
2010,MT,Logistics,14,251,indireta,True,1.149,2.693,2
2010,MT,Logistics,22,280,indireta,True,0.645,1.511,3
2010,MT,Energy,14,251,indireta,True,0.236,0.553,1
2010,MT,Telecommunications,22,280,indireta,True,0.226,0.53,1
2010,MT,Sanitation,22,280,indireta,True,0.204,0.478,1
2010,MT,Rail transport,14,251,indireta,True,0.17,0.398,1
2010,MT,Energy,14,192,indireta,True,0.133,0.311,1
2010,MT,Rail transport,22,280,indireta,True,0.092,0.217,1
2010,MT,Sanitation,14,251,indireta,True,0.092,0.216,1
2010,PA,Energy,1,8,direta,True,116.986,274.233,1
2010,PA,Urban mobility,1,41,indireta,True,84.712,198.578,1
2010,PA,Energy,1,56,direta,True,23.399,54.851,1
2010,PA,Health,1,12,direta,False,16.0,37.506,1
2010,PA,Sanitation,14,251,indireta,True,3.036,7.117,2
2010,PA,Logistics,14,56,indireta,True,3.757,8.806,3
2010,PA,Energy,14,56,indireta,True,2.108,4.942,1
2010,PA,Sanitation,14,56,indireta,True,0.822,1.928,1
2010,PA,Logistics,22,280,indireta,True,1.127,2.641,3
2010,PA,Logistics,14,192,indireta,True,0.47,1.102,1
2010,PA,Telecommunications,22,280,indireta,True,1.045,2.449,3
2010,PA,Health,0,0,direta,False,0.427,1.001,1
2010,PA,Logistics,14,251,indireta,True,0.213,0.5,2
2010,PA,Sanitation,22,280,indireta,True,0.092,0.216,2
2010,PB,Energy,14,56,indireta,True,3.832,8.983,3
2010,PB,Sanitation,0,0,direta,True,1.769,4.148,1
2010,PB,Telecommunications,14,56,indireta,True,1.43,3.353,1
2010,PB,Rail transport,14,251,indireta,True,0.558,1.308,1
2010,PB,Logistics,14,56,indireta,True,0.588,1.379,3
2010,PB,Telecommunications,22,280,indireta,True,0.313,0.733,2
2010,PB,Sanitation,14,56,indireta,True,0.395,0.927,2
2010,PB,Logistics,22,280,indireta,True,0.163,0.381,1
2010,PB,Logistics,14,251,indireta,True,0.145,0.34,1
2010,PB,Sanitation,14,251,indireta,True,0.13,0.306,1
2010,PB,Sanitation,22,280,indireta,True,0.084,0.197,1
2010,PB,Energy,22,280,indireta,True,0.049,0.114,1
2010,PE,Energy,1,8,direta,True,74.342,174.268,1
2010,PE,Sanitation,21,160,direta,True,43.825,102.732,1
2010,PE,Sanitation,1,4,direta,True,77.234,181.047,2
2010,PE,Ports,1,38,direta,True,23.84,55.884,1
2010,PE,Energy,1,56,direta,True,19.943,46.749,1
2010,PE,Rail transport,1,20,direta,True,17.625,41.316,1
2010,PE,Sanitation,1,2,direta,True,8.612,20.187,1
2010,PE,Health,18,248,indireta,False,5.205,12.201,1
2010,PE,Logistics,14,251,indireta,True,5.531,12.966,4
2010,PE,Logistics,14,56,indireta,True,8.229,19.291,4
2010,PE,Sanitation,14,251,indireta,True,4.408,10.333,3
2010,PE,Education,18,253,indireta,False,2.422,5.677,2
2010,PE,Health,18,253,indireta,False,2.416,5.664,2
2010,PE,Energy,14,56,indireta,True,1.83,4.29,2
2010,PE,Sanitation,14,56,indireta,True,3.072,7.202,2
2010,PE,Logistics,14,252,indireta,True,0.671,1.573,1
2010,PE,Logistics,14,192,indireta,True,0.869,2.036,3
2010,PE,Health,18,16,indireta,False,0.478,1.12,1
2010,PE,Telecommunications,22,280,indireta,True,0.619,1.452,2
2010,PE,Logistics,22,280,indireta,True,0.579,1.357,3
2010,PE,Logistics,1,56,direta,True,0.32,0.75,1
2010,PE,Logistics,18,253,indireta,True,0.245,0.574,1
2010,PE,Sanitation,22,280,indireta,True,0.319,0.748,3
2010,PE,Rail transport,14,251,indireta,True,0.185,0.434,1
2010,PE,Sanitation,18,253,indireta,True,0.085,0.199,1
2010,PE,Telecommunications,18,253,indireta,True,0.08,0.188,1
2010,PE,Logistics,1,112,direta,True,0.08,0.188,1
2010,PI,Road transport,1,43,indireta,True,83.987,196.877,1
2010,PI,Ports,1,38,direta,True,80.0,187.531,1
2010,PI,Rail transport,1,20,direta,True,50.352,118.033,1
2010,PI,Logistics,18,241,indireta,True,2.0,4.688,1
2010,PI,Energy,14,56,indireta,True,1.248,2.925,1
2010,PI,Sanitation,14,56,indireta,True,0.259,0.608,1
2010,PI,Logistics,22,280,indireta,True,0.14,0.328,1
2010,PI,Sanitation,22,280,indireta,True,0.124,0.29,1
2010,PI,Logistics,14,251,indireta,True,0.065,0.152,1
2010,PI,Telecommunications,22,280,indireta,True,0.043,0.101,1
2010,PR,Energy,1,35,direta,True,236.394,554.142,1
2010,PR,Energy,1,35,indireta,True,178.52,418.477,1
2010,PR,Ports,1,38,direta,True,190.179,445.807,2
2010,PR,Telecommunications,14,56,indireta,True,160.27,375.697,2
2010,PR,Telecommunications,1,18,direta,True,146.734,343.965,1
2010,PR,Sanitation,1,4,direta,True,92.418,216.642,2
2010,PR,Road transport,1,43,direta,True,41.856,98.116,1
2010,PR,Logistics,14,56,indireta,True,68.133,159.713,4
2010,PR,Energy,1,56,direta,True,16.324,38.266,1
2010,PR,Logistics,18,33,indireta,True,12.665,29.69,1
2010,PR,Logistics,18,248,indireta,True,11.606,27.205,1
2010,PR,Rail transport,14,56,indireta,True,9.429,22.103,1
2010,PR,Logistics,18,45,indireta,True,10.608,24.868,3
2010,PR,Education,18,248,indireta,False,7.454,17.474,1
2010,PR,Logistics,18,241,indireta,True,6.366,14.924,3
2010,PR,Logistics,14,192,indireta,True,4.021,9.427,1
2010,PR,Logistics,14,251,indireta,True,9.532,22.344,4
2010,PR,Logistics,18,16,indireta,True,2.735,6.411,1
2010,PR,Logistics,18,247,indireta,True,2.956,6.929,2
2010,PR,Sanitation,14,251,indireta,True,5.847,13.706,4
2010,PR,Health,18,247,indireta,False,2.683,6.29,2
2010,PR,Sanitation,14,56,indireta,True,2.859,6.703,2
2010,PR,Logistics,22,280,indireta,True,3.376,7.913,3
2010,PR,Logistics,14,45,indireta,True,1.456,3.414,1
2010,PR,Health,18,2,indireta,False,1.203,2.819,1
2010,PR,Sanitation,0,0,direta,True,1.165,2.731,1
2010,PR,Energy,1,2,direta,True,1.086,2.546,1
2010,PR,Energy,18,247,indireta,True,0.925,2.168,1
2010,PR,Sanitation,18,248,indireta,True,0.88,2.063,1
2010,PR,Telecommunications,22,280,indireta,True,1.004,2.354,2
2010,PR,Energy,1,10,direta,True,0.568,1.331,1
2010,PR,Sanitation,22,280,indireta,True,0.735,1.723,2
2010,PR,Energy,14,56,indireta,True,0.503,1.179,2
2010,PR,Health,18,16,indireta,False,0.31,0.727,1
2010,PR,Logistics,14,252,indireta,True,0.295,0.693,1
2010,PR,Education,18,247,indireta,False,0.287,0.673,1
2010,PR,Sanitation,14,192,indireta,True,0.188,0.441,1
2010,PR,Health,18,244,indireta,False,0.13,0.305,1
2010,PR,Logistics,18,245,indireta,True,0.119,0.28,1
2010,PR,Education,18,56,indireta,False,0.102,0.238,1
2010,PR,Rail transport,14,251,indireta,True,0.081,0.19,1
2010,PR,Logistics,14,241,indireta,True,0.072,0.169,1
2010,PR,Education,18,244,indireta,False,0.07,0.164,1
2010,PR,Rail transport,22,280,indireta,True,0.052,0.121,1
2010,PR,Energy,22,280,indireta,True,0.051,0.121,2
2010,PR,Energy,1,16,direta,True,0.039,0.09,1
2010,PR,Telecommunications,18,244,indireta,True,0.03,0.07,1
2010,PR,Sanitation,18,244,indireta,True,0.01,0.023,1
2010,PR,Logistics,18,244,indireta,True,0.01,0.023,1
2010,RJ,Telecommunications,1,18,direta,True,693.088,1624.697,1
2010,RJ,Ports,1,38,direta,True,380.096,891.0,2
2010,RJ,Energy,1,8,direta,True,176.906,414.693,1
2010,RJ,Urban mobility,1,41,direta,True,152.374,357.187,1
2010,RJ,Energy,1,56,direta,True,104.399,244.725,1
2010,RJ,Energy,1,35,direta,True,102.156,239.467,1
2010,RJ,Energy,1,32,direta,True,100.0,234.414,1
2010,RJ,Energy,21,160,direta,True,90.427,211.975,1
2010,RJ,Health,21,160,direta,False,72.45,169.833,1
2010,RJ,Energy,1,30,direta,True,62.044,145.439,1
2010,RJ,Rail transport,1,56,direta,True,49.319,115.611,1
2010,RJ,Road transport,1,43,direta,True,30.694,71.952,1
2010,RJ,Telecommunications,14,56,indireta,True,28.313,66.37,2
2010,RJ,Logistics,1,56,direta,True,21.938,51.426,1
2010,RJ,Energy,1,10,direta,True,20.074,47.057,1
2010,RJ,Logistics,1,2,direta,True,19.556,45.841,1
2010,RJ,Telecommunications,1,56,direta,True,14.791,34.672,1
2010,RJ,Health,0,0,direta,False,11.725,27.485,1
2010,RJ,Health,18,248,indireta,False,11.495,26.947,1
2010,RJ,Sanitation,1,4,direta,True,14.231,33.36,2
2010,RJ,Energy,14,56,indireta,True,11.795,27.65,2
2010,RJ,Sanitation,14,251,indireta,True,11.566,27.112,3
2010,RJ,Health,1,9,direta,False,10.0,23.441,1
2010,RJ,Health,18,247,indireta,False,7.854,18.412,1
2010,RJ,Logistics,14,251,indireta,True,9.537,22.357,4
2010,RJ,Logistics,18,248,indireta,True,5.149,12.069,1
2010,RJ,Education,0,21,direta,False,5.079,11.905,1
2010,RJ,Sanitation,18,248,indireta,True,5.028,11.787,1
2010,RJ,Rail transport,14,56,indireta,True,4.879,11.438,1
2010,RJ,Energy,1,24,direta,True,4.738,11.106,1
2010,RJ,Energy,1,2,direta,True,4.732,11.093,1
2010,RJ,Sanitation,0,5,direta,True,4.268,10.004,1
2010,RJ,Sanitation,14,56,indireta,True,5.5,12.893,3
2010,RJ,Health,18,16,indireta,False,6.209,14.555,2
2010,RJ,Sanitation,14,192,indireta,True,2.289,5.365,3
2010,RJ,Education,18,16,indireta,False,2.007,4.705,1
2010,RJ,Logistics,22,280,indireta,True,2.955,6.926,3
2010,RJ,Education,0,0,direta,False,1.327,3.111,1
2010,RJ,Energy,1,13,direta,True,1.118,2.621,1
2010,RJ,Telecommunications,1,7,direta,True,1.002,2.349,1
2010,RJ,Rail transport,1,20,direta,True,1.0,2.344,1
2010,RJ,Telecommunications,22,280,indireta,True,1.372,3.217,2
2010,RJ,Sanitation,22,280,indireta,True,1.314,3.08,2
2010,RJ,Logistics,14,252,indireta,True,0.589,1.382,1
2010,RJ,Logistics,14,56,indireta,True,1.275,2.99,3
2010,RJ,Logistics,14,192,indireta,True,0.4,0.938,1
2010,RJ,Energy,14,192,indireta,True,0.395,0.926,1
2010,RJ,Sanitation,14,252,indireta,True,0.348,0.815,1
2010,RJ,Rail transport,14,251,indireta,True,0.332,0.779,1
2010,RJ,Telecommunications,14,192,indireta,True,0.328,0.768,1
2010,RJ,Energy,18,192,indireta,True,0.302,0.707,1
2010,RJ,Sanitation,0,0,direta,True,0.215,0.505,1
2010,RJ,Telecommunications,14,251,indireta,True,0.172,0.403,1
2010,RJ,Education,18,247,indireta,False,0.163,0.382,1
2010,RJ,Energy,22,280,indireta,True,0.102,0.238,2
2010,RJ,Energy,18,248,indireta,True,0.085,0.198,1
2010,RN,Energy,1,30,direta,True,75.538,177.071,1
2010,RN,Energy,1,8,direta,True,39.769,93.225,1
2010,RN,Energy,1,56,direta,True,8.168,19.147,1
2010,RN,Logistics,14,251,indireta,True,2.757,6.464,2
2010,RN,Telecommunications,22,280,indireta,True,0.466,1.092,2
2010,RN,Logistics,14,56,indireta,True,0.47,1.102,2
2010,RN,Sanitation,22,280,indireta,True,0.179,0.421,2
2010,RN,Logistics,22,280,indireta,True,0.092,0.216,1
2010,RN,Sanitation,14,56,indireta,True,0.005,0.013,1
2010,RO,Energy,1,14,indireta,True,1137.437,2666.316,1
2010,RO,Energy,1,14,direta,True,1137.349,2666.109,1
2010,RO,Energy,1,35,direta,True,1043.855,2446.945,1
2010,RO,Energy,1,35,indireta,True,1043.855,2446.945,1
2010,RO,Energy,1,69,direta,True,347.45,814.473,1
2010,RO,Energy,1,10,direta,True,80.0,187.531,1
2010,RO,Energy,1,56,direta,True,17.715,41.527,1
2010,RO,Energy,14,56,indireta,True,2.555,5.99,3
2010,RO,Logistics,14,56,indireta,True,3.792,8.889,4
2010,RO,Energy,22,280,indireta,True,0.96,2.251,1
2010,RO,Logistics,14,192,indireta,True,0.34,0.797,1
2010,RO,Sanitation,14,251,indireta,True,0.197,0.462,1
2010,RO,Logistics,14,241,indireta,True,0.177,0.416,1
2010,RO,Sanitation,14,56,indireta,True,0.112,0.263,2
2010,RO,Sanitation,14,192,indireta,True,0.092,0.216,1
2010,RO,Telecommunications,22,280,indireta,True,0.049,0.115,1
2010,RO,Logistics,22,280,indireta,True,0.04,0.094,1
2010,RO,Sanitation,22,280,indireta,True,0.014,0.032,1
2010,RO,Telecommunications,18,244,indireta,True,0.02,0.047,2
2010,RO,Education,18,244,indireta,False,0.01,0.023,1
2010,RR,Logistics,22,280,indireta,True,0.104,0.243,1
2010,RS,Energy,1,8,indireta,True,56.482,132.401,1
2010,RS,Energy,1,14,direta,True,59.532,139.552,2
2010,RS,Sanitation,1,4,direta,True,83.289,195.241,2
2010,RS,Energy,1,35,direta,True,40.0,93.766,1
2010,RS,Energy,1,8,direta,True,29.956,70.221,1
2010,RS,Energy,14,56,indireta,True,27.645,64.803,2
2010,RS,Ports,1,38,indireta,True,26.119,61.227,1
2010,RS,Logistics,18,241,indireta,True,29.143,68.315,4
2010,RS,Logistics,1,45,indireta,True,20.037,46.97,1
2010,RS,Energy,1,56,direta,True,16.722,39.199,1
2010,RS,Energy,1,35,indireta,True,14.122,33.105,1
2010,RS,Logistics,18,245,indireta,True,10.667,25.005,1
2010,RS,Health,1,2,indireta,False,8.162,19.134,1
2010,RS,Logistics,14,56,indireta,True,20.649,48.404,4
2010,RS,Education,18,247,indireta,False,8.411,19.716,2
2010,RS,Logistics,18,45,indireta,True,11.148,26.132,3
2010,RS,Energy,1,56,indireta,True,4.852,11.374,1
2010,RS,Logistics,14,251,indireta,True,6.948,16.287,4
2010,RS,Logistics,18,56,indireta,True,7.105,16.655,3
2010,RS,Sanitation,14,56,indireta,True,6.325,14.827,4
2010,RS,Energy,1,10,direta,True,3.443,8.07,1
2010,RS,Health,18,247,indireta,False,4.903,11.492,3
2010,RS,Health,1,9,direta,False,2.5,5.86,1
2010,RS,Logistics,18,33,indireta,True,2.594,6.081,2
2010,RS,Health,18,248,indireta,False,1.849,4.335,1
2010,RS,Education,18,16,indireta,False,1.74,4.078,1
2010,RS,Logistics,22,280,indireta,True,2.463,5.775,3
2010,RS,Sanitation,14,251,indireta,True,3.135,7.35,3
2010,RS,Logistics,14,241,indireta,True,1.213,2.844,1
2010,RS,Telecommunications,14,56,indireta,True,1.108,2.598,2
2010,RS,Energy,18,242,indireta,True,1.057,2.478,1
2010,RS,Logistics,1,56,indireta,True,0.881,2.065,1
2010,RS,Health,18,2,indireta,False,0.84,1.969,1
2010,RS,Energy,18,16,indireta,True,0.695,1.628,1
2010,RS,Sanitation,22,280,indireta,True,1.145,2.683,3
2010,RS,Logistics,18,247,indireta,True,0.978,2.293,2
2010,RS,Education,0,21,direta,False,0.519,1.216,1
2010,RS,Logistics,14,192,indireta,True,0.513,1.203,1
2010,RS,Telecommunications,22,280,indireta,True,0.533,1.25,2
2010,RS,Sanitation,0,0,direta,True,0.426,1.0,1
2010,RS,Telecommunications,14,251,indireta,True,0.401,0.939,1
2010,RS,Health,18,16,indireta,False,0.393,0.922,2
2010,RS,Sanitation,1,2,indireta,True,0.215,0.503,1
2010,RS,Energy,14,251,indireta,True,0.374,0.876,2
2010,RS,Health,18,244,indireta,False,0.191,0.448,1
2010,RS,Sanitation,14,252,indireta,True,0.171,0.4,1
2010,RS,Education,18,244,indireta,False,0.15,0.351,1
2010,RS,Energy,22,280,indireta,True,0.088,0.206,1
2010,RS,Sanitation,18,247,indireta,True,0.08,0.188,1
2010,RS,Logistics,18,244,indireta,True,0.05,0.117,2
2010,RS,Telecommunications,18,244,indireta,True,0.022,0.053,1
2010,RS,Energy,18,244,indireta,True,0.022,0.052,2
2010,RS,Sanitation,14,192,indireta,True,0.017,0.039,1
2010,RS,Rail transport,22,280,indireta,True,0.014,0.032,1
2010,RS,Rail transport,18,244,indireta,True,0.01,0.023,1
2010,RS,Sanitation,18,244,indireta,True,0.005,0.012,1
2010,RS,Logistics,18,2,indireta,True,0.002,0.004,1
2010,SC,Energy,1,56,indireta,True,401.322,940.755,2
2010,SC,Energy,1,14,direta,True,166.561,390.443,1
2010,SC,Energy,1,14,indireta,True,83.28,195.221,1
2010,SC,Road transport,1,43,direta,True,36.173,84.794,1
2010,SC,Energy,1,2,indireta,True,29.87,70.021,1
2010,SC,Energy,1,35,indireta,True,26.287,61.621,1
2010,SC,Energy,14,56,indireta,True,32.016,75.05,4
2010,SC,Energy,18,247,indireta,True,21.988,51.544,2
2010,SC,Sanitation,1,4,direta,True,12.2,28.599,1
2010,SC,Telecommunications,14,56,indireta,True,11.825,27.719,1
2010,SC,Energy,1,35,direta,True,8.303,19.465,1
2010,SC,Logistics,18,33,indireta,True,11.805,27.672,2
2010,SC,Health,18,16,indireta,False,5.969,13.992,2
2010,SC,Energy,1,10,direta,True,3.955,9.271,1
2010,SC,Logistics,14,56,indireta,True,9.262,21.711,4
2010,SC,Logistics,18,241,indireta,True,3.325,7.794,1
2010,SC,Sanitation,14,251,indireta,True,4.631,10.856,4
2010,SC,Health,18,247,indireta,False,3.053,7.157,2
2010,SC,Logistics,14,251,indireta,True,2.852,6.685,3
2010,SC,Sanitation,14,56,indireta,True,5.254,12.315,4
2010,SC,Education,18,247,indireta,False,2.541,5.956,3
2010,SC,Energy,1,10,indireta,True,1.901,4.457,1
2010,SC,Energy,18,16,indireta,True,1.536,3.601,1
2010,SC,Logistics,18,56,indireta,True,1.371,3.215,1
2010,SC,Logistics,22,280,indireta,True,2.181,5.112,3
2010,SC,Logistics,14,192,indireta,True,1.134,2.657,1
2010,SC,Sanitation,22,280,indireta,True,1.923,4.508,2
2010,SC,Sanitation,18,248,indireta,True,1.055,2.473,1
2010,SC,Energy,14,192,indireta,True,0.987,2.315,1
2010,SC,Education,0,21,direta,False,0.931,2.182,2
2010,SC,Telecommunications,22,280,indireta,True,0.804,1.884,2
2010,SC,Education,18,16,indireta,False,0.67,1.571,2
2010,SC,Logistics,14,241,indireta,True,0.476,1.116,1
2010,SC,Logistics,18,248,indireta,True,0.432,1.012,1
2010,SC,Energy,14,251,indireta,True,0.619,1.452,2
2010,SC,Sanitation,0,0,direta,True,0.216,0.506,1
2010,SC,Health,18,249,indireta,False,0.185,0.434,1
2010,SC,Rail transport,14,56,indireta,True,0.18,0.422,1
2010,SC,Sanitation,18,245,indireta,True,0.171,0.401,2
2010,SC,Sanitation,18,249,indireta,True,0.086,0.201,1
2010,SC,Rail transport,14,251,indireta,True,0.076,0.179,1
2010,SC,Education,18,249,indireta,False,0.076,0.177,1
2010,SC,Health,18,244,indireta,False,0.08,0.188,3
2010,SC,Logistics,18,249,indireta,True,0.05,0.117,1
2010,SC,Rail transport,22,280,indireta,True,0.048,0.113,1
2010,SC,Education,18,244,indireta,False,0.02,0.047,2
2010,SC,Telecommunications,18,244,indireta,True,0.02,0.047,2
2010,SE,Energy,14,56,indireta,True,0.52,1.219,1
2010,SE,Sanitation,14,251,indireta,True,0.286,0.672,1
2010,SE,Logistics,14,56,indireta,True,0.269,0.631,2
2010,SE,Logistics,22,280,indireta,True,0.194,0.454,1
2010,SE,Telecommunications,22,280,indireta,True,0.144,0.337,1
2010,SE,Sanitation,0,0,direta,True,0.083,0.196,1
2010,SE,Logistics,14,192,indireta,True,0.016,0.038,1
2010,SE,Sanitation,22,280,indireta,True,0.007,0.016,1
2010,SP,Logistics,21,160,direta,True,587.182,1376.438,1
2010,SP,Road transport,1,43,direta,True,527.569,1236.697,1
2010,SP,Sanitation,1,4,direta,True,481.611,1128.965,3
2010,SP,Energy,1,56,direta,True,270.442,633.955,1
2010,SP,Energy,1,8,indireta,True,227.003,532.127,1
2010,SP,Sanitation,21,160,direta,True,226.542,531.047,1
2010,SP,Energy,1,30,direta,True,214.523,502.872,1
2010,SP,Energy,1,13,direta,True,185.375,434.546,1
2010,SP,Energy,1,10,direta,True,183.0,428.978,1
2010,SP,Ports,1,38,direta,True,206.991,485.216,2
2010,SP,Telecommunications,1,18,direta,True,155.497,364.507,1
2010,SP,Energy,1,35,direta,True,148.12,347.215,2
2010,SP,Urban mobility,1,41,direta,True,116.0,271.921,1
2010,SP,Logistics,1,56,indireta,True,106.815,250.39,1
2010,SP,Health,1,9,indireta,False,91.23,213.856,1
2010,SP,Telecommunications,14,56,indireta,True,84.972,199.186,1
2010,SP,Energy,1,8,direta,True,76.504,179.336,1
2010,SP,Energy,14,56,indireta,True,74.915,175.613,4
2010,SP,Logistics,1,42,direta,True,60.342,141.45,1
2010,SP,Energy,1,2,direta,True,57.166,134.006,1
2010,SP,Energy,1,56,indireta,True,49.938,117.062,1
2010,SP,Ports,1,38,indireta,True,46.173,108.235,1
2010,SP,Logistics,1,2,direta,True,42.072,98.623,2
2010,SP,Sanitation,14,251,indireta,True,55.978,131.222,4
2010,SP,Logistics,14,56,indireta,True,62.765,147.129,4
2010,SP,Energy,1,251,indireta,True,29.05,68.097,1
2010,SP,Energy,1,35,indireta,True,25.0,58.603,1
2010,SP,Rail transport,14,56,indireta,True,21.883,51.297,2
2010,SP,Logistics,1,56,direta,True,21.112,49.489,1
2010,SP,Energy,18,16,indireta,True,15.97,37.435,1
2010,SP,Logistics,1,112,indireta,True,14.779,34.644,1
2010,SP,Health,18,248,indireta,False,13.833,32.428,1
2010,SP,Energy,14,251,indireta,True,12.856,30.137,2
2010,SP,Logistics,18,248,indireta,True,9.713,22.769,1
2010,SP,Sanitation,14,252,indireta,True,8.779,20.579,1
2010,SP,Logistics,22,280,indireta,True,15.014,35.195,3
2010,SP,Logistics,14,251,indireta,True,23.63,55.393,4
2010,SP,Sanitation,18,248,indireta,True,6.751,15.824,1
2010,SP,Sanitation,14,56,indireta,True,20.431,47.892,4
2010,SP,Energy,1,112,direta,True,6.237,14.621,1
2010,SP,Energy,1,112,indireta,True,5.746,13.468,1
2010,SP,Energy,1,251,direta,True,5.6,13.127,1
2010,SP,Education,18,247,indireta,False,9.503,22.277,3
2010,SP,Sanitation,14,192,indireta,True,4.845,11.356,2
2010,SP,Sanitation,0,0,direta,True,4.062,9.521,1
2010,SP,Telecommunications,22,280,indireta,True,5.445,12.763,3
2010,SP,Sanitation,22,280,indireta,True,5.579,13.078,3
2010,SP,Education,18,248,indireta,False,3.085,7.233,1
2010,SP,Health,18,247,indireta,False,3.218,7.543,2
2010,SP,Logistics,14,192,indireta,True,2.151,5.042,2
2010,SP,Energy,1,24,indireta,True,1.502,3.521,1
2010,SP,Logistics,18,241,indireta,True,1.387,3.252,1
2010,SP,Energy,18,248,indireta,True,1.214,2.847,1
2010,SP,Energy,22,280,indireta,True,1.998,4.684,3
2010,SP,Logistics,18,254,indireta,True,1.0,2.344,1
2010,SP,Education,18,16,indireta,False,0.506,1.186,1
2010,SP,Health,18,244,indireta,False,0.5,1.172,2
2010,SP,Energy,1,110,direta,True,0.427,1.0,1
2010,SP,Energy,14,192,indireta,True,0.482,1.13,2
2010,SP,Health,0,0,direta,False,0.348,0.816,1
2010,SP,Logistics,14,241,indireta,True,0.332,0.778,1
2010,SP,Telecommunications,14,192,indireta,True,0.296,0.694,1
2010,SP,Logistics,14,252,indireta,True,0.201,0.471,1
2010,SP,Health,18,7,indireta,False,0.18,0.422,1
2010,SP,Education,18,244,indireta,False,0.057,0.134,2
2010,SP,Sanitation,18,244,indireta,True,0.03,0.07,1
2010,SP,Rail transport,22,280,indireta,True,0.022,0.051,1
2010,TO,Energy,1,35,direta,True,350.346,821.261,1
2010,TO,Energy,1,14,direta,True,229.178,537.226,1
2010,TO,Rail transport,14,56,indireta,True,43.112,101.06,1
2010,TO,Energy,1,14,indireta,True,33.159,77.729,1
2010,TO,Energy,1,110,direta,True,13.269,31.105,1
2010,TO,Energy,14,56,indireta,True,0.902,2.115,1
2010,TO,Logistics,14,56,indireta,True,0.379,0.888,1
2010,TO,Logistics,14,251,indireta,True,0.204,0.479,1
2010,TO,Energy,14,192,indireta,True,0.183,0.429,1
2010,TO,Sanitation,14,251,indireta,True,0.173,0.405,1
2010,TO,Logistics,22,280,indireta,True,0.146,0.343,2
2010,TO,Telecommunications,22,280,indireta,True,0.036,0.084,1
2011,AC,Sanitation,1,4,direta,True,4.255,9.354,1
2011,AC,Education,0,0,direta,False,0.698,1.533,1
2011,AC,Sanitation,22,280,indireta,True,0.18,0.396,2
2011,AC,Logistics,22,280,indireta,True,0.111,0.243,1
2011,AC,Logistics,14,192,indireta,True,0.086,0.189,1
2011,AC,Telecommunications,22,280,indireta,True,0.041,0.09,1
2011,AL,Sanitation,14,56,indireta,True,1.885,4.143,1
2011,AL,Telecommunications,14,56,indireta,True,1.107,2.434,1
2011,AL,Logistics,14,56,indireta,True,1.08,2.374,1
2011,AL,Energy,14,56,indireta,True,0.7,1.539,1
2011,AL,Sanitation,14,192,indireta,True,0.491,1.08,1
2011,AL,Logistics,22,280,indireta,True,0.314,0.689,1
2011,AL,Education,18,253,indireta,False,0.284,0.624,1
2011,AL,Energy,1,24,direta,True,0.176,0.387,1
2011,AL,Health,18,253,indireta,False,0.13,0.286,1
2011,AL,Sanitation,14,251,indireta,True,0.112,0.246,1
2011,AL,Logistics,14,192,indireta,True,0.101,0.222,1
2011,AL,Sanitation,22,280,indireta,True,0.147,0.323,2
2011,AL,Energy,1,56,direta,True,0.068,0.15,1
2011,AL,Telecommunications,22,280,indireta,True,0.045,0.099,1
2011,AM,Energy,1,10,direta,True,104.559,229.847,1
2011,AM,Energy,1,13,direta,True,23.698,52.094,1
2011,AM,Sanitation,18,248,indireta,True,3.5,7.694,1
2011,AM,Education,18,247,indireta,False,3.346,7.356,2
2011,AM,Logistics,14,251,indireta,True,1.7,3.736,2
2011,AM,Logistics,14,192,indireta,True,1.622,3.566,3
2011,AM,Sanitation,14,56,indireta,True,0.754,1.657,1
2011,AM,Education,0,83,direta,False,0.741,1.629,1
2011,AM,Logistics,22,280,indireta,True,0.694,1.526,2
2011,AM,Energy,14,56,indireta,True,0.62,1.364,2
2011,AM,Sanitation,14,251,indireta,True,0.623,1.37,2
2011,AM,Sanitation,22,280,indireta,True,0.283,0.623,1
2011,AM,Logistics,14,56,indireta,True,0.214,0.471,1
2011,AM,Sanitation,14,192,indireta,True,0.225,0.495,2
2011,AM,Telecommunications,22,280,indireta,True,0.126,0.276,1
2011,AM,Sanitation,14,252,indireta,True,0.075,0.164,1
2011,AP,Sanitation,22,280,indireta,True,0.233,0.513,2
2011,AP,Logistics,22,280,indireta,True,0.045,0.1,1
2011,AP,Telecommunications,22,280,indireta,True,0.019,0.041,1
2011,BA,Energy,1,30,direta,True,637.66,1401.743,2
2011,BA,Energy,1,8,direta,True,282.256,620.472,1
2011,BA,Telecommunications,1,18,direta,True,282.149,620.237,1
2011,BA,Road transport,1,43,direta,True,228.872,503.121,1
2011,BA,Sanitation,1,4,direta,True,56.137,123.405,1
2011,BA,Sanitation,21,160,direta,True,50.896,111.882,1
2011,BA,Energy,1,56,direta,True,37.312,82.021,1
2011,BA,Ports,1,38,direta,True,33.929,74.584,1
2011,BA,Health,18,248,indireta,False,6.552,14.404,1
2011,BA,Energy,14,56,indireta,True,10.185,22.389,2
2011,BA,Logistics,14,56,indireta,True,8.9,19.564,4
2011,BA,Sanitation,14,251,indireta,True,5.728,12.591,4
2011,BA,Energy,14,192,indireta,True,4.36,9.584,2
2011,BA,Sanitation,14,192,indireta,True,4.852,10.665,4
2011,BA,Logistics,18,241,indireta,True,5.061,11.126,2
2011,BA,Sanitation,18,248,indireta,True,3.496,7.685,1
2011,BA,Logistics,22,280,indireta,True,4.41,9.694,3
2011,BA,Sanitation,14,56,indireta,True,2.948,6.481,3
2011,BA,Logistics,14,192,indireta,True,2.661,5.849,2
2011,BA,Logistics,14,241,indireta,True,1.823,4.007,1
2011,BA,Sanitation,14,252,indireta,True,1.295,2.846,2
2011,BA,Telecommunications,22,280,indireta,True,1.186,2.606,2
2011,BA,Logistics,14,251,indireta,True,1.858,4.085,3
2011,BA,Sanitation,22,280,indireta,True,0.988,2.171,3
2011,BA,Sanitation,0,0,direta,True,0.327,0.718,1
2011,BA,Rail transport,14,251,indireta,True,0.112,0.247,1
2011,BA,Rail transport,22,280,indireta,True,0.069,0.153,2
2011,BA,Health,18,244,indireta,False,0.03,0.066,1
2011,BA,Telecommunications,18,244,indireta,True,0.02,0.044,1
2011,BA,Education,18,244,indireta,False,0.012,0.026,2
2011,BA,Logistics,18,244,indireta,True,0.01,0.022,1
2011,BA,Energy,18,244,indireta,True,0.01,0.022,1
2011,CE,Energy,1,14,direta,True,201.6,443.169,1
2011,CE,Energy,1,35,direta,True,134.375,295.391,1
2011,CE,Energy,1,30,indireta,True,122.624,269.56,1
2011,CE,Energy,1,56,indireta,True,77.376,170.092,1
2011,CE,Sanitation,1,4,direta,True,48.0,105.516,1
2011,CE,Rail transport,1,20,direta,True,41.0,90.129,1
2011,CE,Logistics,1,56,direta,True,26.969,59.285,1
2011,CE,Logistics,1,2,direta,True,14.078,30.946,1
2011,CE,Energy,14,192,indireta,True,13.201,29.019,1
2011,CE,Sanitation,14,251,indireta,True,3.227,7.094,2
2011,CE,Sanitation,1,6,direta,True,3.0,6.595,1
2011,CE,Sanitation,14,56,indireta,True,2.169,4.768,2
2011,CE,Energy,1,110,direta,True,2.0,4.397,1
2011,CE,Ports,1,38,direta,True,1.69,3.714,1
2011,CE,Logistics,14,56,indireta,True,2.06,4.529,3
2011,CE,Sanitation,14,192,indireta,True,1.318,2.896,3
2011,CE,Energy,14,56,indireta,True,0.832,1.829,1
2011,CE,Telecommunications,22,280,indireta,True,0.705,1.551,2
2011,CE,Logistics,22,280,indireta,True,0.741,1.629,3
2011,CE,Sanitation,1,2,direta,True,0.5,1.098,1
2011,CE,Sanitation,14,252,indireta,True,0.488,1.073,1
2011,CE,Logistics,14,251,indireta,True,0.606,1.331,3
2011,CE,Logistics,14,192,indireta,True,0.595,1.308,2
2011,CE,Education,18,247,indireta,False,0.7,1.539,2
2011,CE,Sanitation,22,280,indireta,True,0.496,1.089,2
2011,CE,Education,0,2,direta,False,0.18,0.396,1
2011,CE,Logistics,14,252,indireta,True,0.026,0.058,1
2011,DF,Telecommunications,1,18,direta,True,150.0,329.739,1
2011,DF,Urban mobility,1,41,direta,True,83.508,183.571,1
2011,DF,Health,0,0,direta,False,19.89,43.724,1
2011,DF,Telecommunications,1,257,direta,True,16.809,36.951,1
2011,DF,Sanitation,0,0,direta,True,7.0,15.388,1
2011,DF,Sanitation,1,2,direta,True,2.757,6.06,1
2011,DF,Telecommunications,14,56,indireta,True,2.066,4.542,1
2011,DF,Sanitation,14,56,indireta,True,1.344,2.954,1
2011,DF,Logistics,22,280,indireta,True,1.595,3.506,2
2011,DF,Logistics,14,192,indireta,True,1.01,2.221,2
2011,DF,Logistics,14,251,indireta,True,1.21,2.659,3
2011,DF,Sanitation,14,251,indireta,True,0.242,0.532,1
2011,DF,Logistics,14,252,indireta,True,0.218,0.48,1
2011,DF,Telecommunications,22,280,indireta,True,0.163,0.358,1
2011,DF,Sanitation,14,192,indireta,True,0.138,0.303,1
2011,DF,Sanitation,22,280,indireta,True,0.088,0.193,2
2011,DF,Logistics,14,56,indireta,True,0.062,0.137,1
2011,DF,Health,18,247,indireta,False,0.044,0.097,1
2011,DF,Sanitation,14,252,indireta,True,0.01,0.021,1
2011,DF,Health,1,9,direta,False,0.0,0.0,1
2011,ES,Health,1,12,direta,False,64.27,141.283,1
2011,ES,Energy,1,8,direta,True,46.174,101.503,1
2011,ES,Energy,1,69,direta,True,24.864,54.658,1
2011,ES,Urban mobility,1,41,direta,True,23.832,52.389,1
2011,ES,Energy,1,56,direta,True,16.897,37.144,1
2011,ES,Sanitation,1,4,direta,True,20.944,46.039,2
2011,ES,Energy,1,35,direta,True,10.39,22.839,1
2011,ES,Logistics,14,56,indireta,True,11.45,25.17,4
2011,ES,Sanitation,21,160,direta,True,8.346,18.347,1
2011,ES,Sanitation,0,5,direta,True,5.921,13.016,1
2011,ES,Sanitation,1,56,direta,True,3.317,7.291,1
2011,ES,Sanitation,14,56,indireta,True,3.007,6.61,3
2011,ES,Sanitation,14,251,indireta,True,2.65,5.826,4
2011,ES,Energy,14,56,indireta,True,1.872,4.115,1
2011,ES,Sanitation,14,192,indireta,True,1.926,4.234,3
2011,ES,Logistics,14,241,indireta,True,0.975,2.143,1
2011,ES,Education,18,247,indireta,False,1.314,2.889,2
2011,ES,Logistics,22,280,indireta,True,1.58,3.474,3
2011,ES,Logistics,14,192,indireta,True,1.006,2.212,2
2011,ES,Sanitation,1,6,direta,True,0.68,1.495,1
2011,ES,Telecommunications,22,280,indireta,True,0.622,1.367,2
2011,ES,Logistics,14,251,indireta,True,0.595,1.307,1
2011,ES,Telecommunications,14,56,indireta,True,0.491,1.079,1
2011,ES,Sanitation,22,280,indireta,True,0.687,1.51,2
2011,ES,Energy,14,251,indireta,True,0.214,0.47,1
2011,ES,Education,0,0,direta,False,0.158,0.348,1
2011,ES,Energy,22,280,indireta,True,0.133,0.293,1
2011,ES,Logistics,18,241,indireta,True,0.129,0.283,1
2011,ES,Telecommunications,14,192,indireta,True,0.191,0.421,3
2011,ES,Education,18,244,indireta,False,0.02,0.044,1
2011,ES,Logistics,18,244,indireta,True,0.01,0.022,1
2011,ES,Health,18,244,indireta,False,0.01,0.022,1
2011,GO,Telecommunications,1,18,direta,True,80.948,177.945,1
2011,GO,Energy,1,32,direta,True,79.093,173.867,1
2011,GO,Energy,1,35,direta,True,65.0,142.887,1
2011,GO,Energy,1,30,direta,True,32.391,71.204,1
2011,GO,Energy,1,14,direta,True,31.576,69.411,1
2011,GO,Sanitation,1,4,direta,True,29.798,65.504,2
2011,GO,Sanitation,14,192,indireta,True,5.316,11.687,3
2011,GO,Logistics,14,192,indireta,True,3.514,7.726,4
2011,GO,Logistics,22,280,indireta,True,2.624,5.768,2
2011,GO,Sanitation,14,56,indireta,True,2.152,4.731,2
2011,GO,Logistics,14,56,indireta,True,1.791,3.937,3
2011,GO,Logistics,18,241,indireta,True,0.941,2.069,1
2011,GO,Sanitation,22,280,indireta,True,1.079,2.373,2
2011,GO,Sanitation,14,251,indireta,True,1.47,3.23,3
2011,GO,Logistics,14,251,indireta,True,1.124,2.472,2
2011,GO,Health,18,247,indireta,False,0.462,1.016,1
2011,GO,Telecommunications,22,280,indireta,True,0.369,0.811,2
2011,GO,Rail transport,14,251,indireta,True,0.211,0.464,1
2011,GO,Education,18,247,indireta,False,0.206,0.454,1
2011,GO,Rail transport,22,280,indireta,True,0.104,0.229,1
2011,GO,Sanitation,14,252,indireta,True,0.15,0.329,3
2011,GO,Health,18,244,indireta,False,0.08,0.176,1
2011,GO,Telecommunications,14,56,indireta,True,0.06,0.132,1
2011,GO,Education,18,244,indireta,False,0.07,0.154,2
2011,GO,Logistics,14,252,indireta,True,0.006,0.013,1
2011,GO,Energy,22,280,indireta,True,0.001,0.003,1
2011,MA,Energy,1,69,direta,True,400.0,879.304,1
2011,MA,Energy,1,35,direta,True,230.121,505.866,1
2011,MA,Energy,1,8,direta,True,141.252,310.508,1
2011,MA,Energy,1,35,indireta,True,55.234,121.418,1
2011,MA,Energy,1,56,direta,True,35.859,78.827,1
2011,MA,Energy,14,56,indireta,True,5.705,12.54,1
2011,MA,Logistics,14,56,indireta,True,1.507,3.313,3
2011,MA,Logistics,22,280,indireta,True,0.569,1.25,1
2011,MA,Sanitation,14,192,indireta,True,0.7,1.54,2
2011,MA,Logistics,14,251,indireta,True,0.307,0.675,2
2011,MA,Sanitation,14,56,indireta,True,0.176,0.387,1
2011,MA,Logistics,14,192,indireta,True,0.149,0.329,1
2011,MA,Sanitation,22,280,indireta,True,0.216,0.474,2
2011,MA,Telecommunications,22,280,indireta,True,0.278,0.611,3
2011,MG,Road transport,1,43,direta,True,221.646,487.235,2
2011,MG,Sanitation,21,160,direta,True,193.264,424.844,1
2011,MG,Sanitation,1,4,direta,True,237.612,522.333,2
2011,MG,Ports,1,38,direta,True,110.971,243.942,1
2011,MG,Telecommunications,1,56,direta,True,83.0,182.456,1
2011,MG,Energy,1,30,direta,True,72.902,160.257,1
2011,MG,Rail transport,14,56,indireta,True,60.734,133.509,1
2011,MG,Telecommunications,1,18,direta,True,32.218,70.824,1
2011,MG,Sanitation,1,112,direta,True,31.67,69.619,1
2011,MG,Energy,1,10,direta,True,27.798,61.108,1
2011,MG,Energy,18,247,indireta,True,26.843,59.007,2
2011,MG,Logistics,14,56,indireta,True,22.375,49.186,4
2011,MG,Logistics,14,192,indireta,True,22.94,50.428,4
2011,MG,Telecommunications,14,56,indireta,True,15.063,33.113,2
2011,MG,Energy,1,35,direta,True,12.951,28.47,1
2011,MG,Energy,1,112,direta,True,9.045,19.883,1
2011,MG,Energy,18,56,indireta,True,8.711,19.148,2
2011,MG,Health,1,9,indireta,False,7.891,17.347,1
2011,MG,Logistics,14,251,indireta,True,11.846,26.04,4
2011,MG,Sanitation,14,56,indireta,True,11.349,24.948,4
2011,MG,Energy,14,56,indireta,True,13.078,28.748,3
2011,MG,Energy,18,248,indireta,True,5.078,11.164,1
2011,MG,Education,1,2,direta,False,4.949,10.878,1
2011,MG,Logistics,18,241,indireta,True,7.158,15.735,3
2011,MG,Logistics,22,280,indireta,True,5.252,11.544,3
2011,MG,Health,18,247,indireta,False,3.95,8.684,2
2011,MG,Education,1,9,indireta,False,3.695,8.123,1
2011,MG,Energy,1,35,indireta,True,3.259,7.164,1
2011,MG,Telecommunications,22,280,indireta,True,2.871,6.31,2
2011,MG,Sanitation,1,56,direta,True,2.416,5.311,1
2011,MG,Sanitation,14,251,indireta,True,4.72,10.375,4
2011,MG,Logistics,1,33,indireta,True,1.961,4.31,1
2011,MG,Education,18,247,indireta,False,2.279,5.011,2
2011,MG,Energy,18,192,indireta,True,1.693,3.721,1
2011,MG,Energy,1,56,direta,True,1.155,2.539,1
2011,MG,Sanitation,22,280,indireta,True,1.157,2.544,2
2011,MG,Health,18,16,indireta,False,0.91,2.001,1
2011,MG,Energy,14,251,indireta,True,1.135,2.494,2
2011,MG,Telecommunications,14,192,indireta,True,0.88,1.935,1
2011,MG,Sanitation,14,192,indireta,True,1.338,2.941,3
2011,MG,Sanitation,18,248,indireta,True,0.809,1.778,1
2011,MG,Sanitation,0,0,direta,True,0.562,1.234,1
2011,MG,Energy,1,110,direta,True,0.518,1.138,1
2011,MG,Sanitation,14,252,indireta,True,0.559,1.229,2
2011,MG,Health,18,244,indireta,False,0.48,1.055,4
2011,MG,Logistics,14,241,indireta,True,0.737,1.62,2
2011,MG,Health,1,56,indireta,False,0.418,0.918,1
2011,MG,Logistics,18,247,indireta,True,0.357,0.785,1
2011,MG,Logistics,18,248,indireta,True,0.246,0.541,1
2011,MG,Logistics,18,45,indireta,True,0.24,0.528,1
2011,MG,Health,18,56,indireta,False,0.169,0.372,1
2011,MG,Health,1,9,direta,False,0.135,0.296,1
2011,MG,Energy,14,252,indireta,True,0.111,0.243,1
2011,MG,Telecommunications,14,251,indireta,True,0.101,0.221,1
2011,MG,Rail transport,14,192,indireta,True,0.094,0.206,1
2011,MG,Education,18,244,indireta,False,0.071,0.156,2
2011,MG,Logistics,14,252,indireta,True,0.091,0.199,3
2011,MG,Logistics,18,244,indireta,True,0.036,0.079,1
2011,MG,Energy,14,192,indireta,True,0.018,0.04,1
2011,MG,Energy,22,280,indireta,True,0.012,0.026,1
2011,MG,Telecommunications,18,244,indireta,True,0.01,0.022,1
2011,MS,Energy,1,10,direta,True,100.048,219.931,1
2011,MS,Energy,1,35,direta,True,100.0,219.826,1
2011,MS,Energy,1,56,direta,True,17.31,38.051,1
2011,MS,Ports,1,38,direta,True,16.652,36.605,1
2011,MS,Logistics,18,241,indireta,True,6.694,14.715,2
2011,MS,Sanitation,14,56,indireta,True,1.277,2.806,2
2011,MS,Logistics,22,280,indireta,True,1.65,3.627,2
2011,MS,Logistics,14,192,indireta,True,0.6,1.319,1
2011,MS,Sanitation,22,280,indireta,True,0.753,1.656,2
2011,MS,Energy,14,251,indireta,True,0.365,0.802,1
2011,MS,Logistics,14,251,indireta,True,0.468,1.029,2
2011,MS,Logistics,14,56,indireta,True,0.581,1.276,2
2011,MS,Telecommunications,22,280,indireta,True,0.322,0.707,1
2011,MS,Energy,14,56,indireta,True,0.232,0.51,1
2011,MS,Sanitation,14,251,indireta,True,0.207,0.455,1
2011,MS,Sanitation,14,192,indireta,True,0.178,0.391,1
2011,MS,Telecommunications,14,192,indireta,True,0.159,0.349,1
2011,MS,Education,18,247,indireta,False,0.119,0.263,1
2011,MS,Energy,14,252,indireta,True,0.091,0.2,1
2011,MS,Energy,14,192,indireta,True,0.058,0.127,1
2011,MS,Logistics,14,252,indireta,True,0.045,0.098,1
2011,MT,Rail transport,14,56,indireta,True,213.2,468.669,1
2011,MT,Ports,1,38,direta,True,125.841,276.632,1
2011,MT,Energy,1,69,direta,True,85.736,188.471,1
2011,MT,Energy,1,2,direta,True,42.2,92.767,1
2011,MT,Energy,1,2,indireta,True,42.2,92.767,1
2011,MT,Sanitation,1,4,direta,True,18.654,41.007,2
2011,MT,Logistics,1,56,indireta,True,14.306,31.449,1
2011,MT,Energy,1,35,direta,True,10.205,22.433,1
2011,MT,Energy,14,56,indireta,True,12.435,27.335,3
2011,MT,Logistics,14,251,indireta,True,6.307,13.863,2
2011,MT,Logistics,14,56,indireta,True,8.301,18.247,4
2011,MT,Logistics,18,241,indireta,True,6.614,14.539,3
2011,MT,Energy,1,110,direta,True,3.165,6.957,1
2011,MT,Logistics,14,192,indireta,True,1.828,4.018,2
2011,MT,Logistics,22,280,indireta,True,2.385,5.243,3
2011,MT,Sanitation,1,11,direta,True,1.5,3.297,1
2011,MT,Logistics,18,247,indireta,True,1.395,3.067,1
2011,MT,Energy,14,192,indireta,True,1.377,3.027,1
2011,MT,Logistics,18,33,indireta,True,1.375,3.022,1
2011,MT,Sanitation,14,56,indireta,True,0.825,1.814,2
2011,MT,Sanitation,22,280,indireta,True,0.429,0.942,2
2011,MT,Telecommunications,22,280,indireta,True,0.285,0.626,1
2011,MT,Sanitation,14,251,indireta,True,0.108,0.237,1
2011,MT,Rail transport,22,280,indireta,True,0.105,0.23,1
2011,MT,Sanitation,14,252,indireta,True,0.013,0.03,1
2011,MT,Logistics,14,252,indireta,True,0.008,0.017,1
2011,PA,Energy,1,35,direta,True,1407.812,3094.736,1
2011,PA,Telecommunications,1,110,direta,True,7.37,16.201,1
2011,PA,Sanitation,1,4,direta,True,6.0,13.19,1
2011,PA,Health,1,12,direta,False,4.4,9.672,1
2011,PA,Energy,14,192,indireta,True,2.648,5.822,1
2011,PA,Telecommunications,22,280,indireta,True,1.409,3.098,2
2011,PA,Health,0,83,direta,False,0.59,1.298,1
2011,PA,Energy,14,251,indireta,True,0.539,1.185,1
2011,PA,Logistics,14,251,indireta,True,0.685,1.507,3
2011,PA,Logistics,14,56,indireta,True,0.517,1.136,2
2011,PA,Logistics,22,280,indireta,True,0.577,1.269,3
2011,PA,Sanitation,22,280,indireta,True,0.223,0.491,1
2011,PA,Sanitation,14,251,indireta,True,0.246,0.54,2
2011,PA,Energy,14,252,indireta,True,0.135,0.296,1
2011,PA,Logistics,14,252,indireta,True,0.13,0.286,1
2011,PA,Education,0,2,direta,False,0.1,0.22,1
2011,PA,Rail transport,14,251,indireta,True,0.085,0.188,1
2011,PA,Logistics,14,192,indireta,True,0.015,0.032,1
2011,PA,Rail transport,14,252,indireta,True,0.011,0.023,1
2011,PB,Energy,1,69,direta,True,194.4,427.342,1
2011,PB,Energy,14,56,indireta,True,5.207,11.446,1
2011,PB,Sanitation,0,0,direta,True,0.976,2.146,1
2011,PB,Telecommunications,22,280,indireta,True,0.602,1.324,1
2011,PB,Sanitation,14,56,indireta,True,0.523,1.151,1
2011,PB,Sanitation,14,251,indireta,True,0.293,0.644,1
2011,PB,Logistics,14,251,indireta,True,0.265,0.583,1
2011,PB,Logistics,14,192,indireta,True,0.263,0.578,1
2011,PB,Logistics,14,56,indireta,True,0.238,0.524,1
2011,PB,Logistics,22,280,indireta,True,0.203,0.447,1
2011,PB,Sanitation,22,280,indireta,True,0.078,0.172,1
2011,PB,Sanitation,14,192,indireta,True,0.014,0.031,1
2011,PE,Energy,1,8,direta,True,99.452,218.621,1
2011,PE,Sanitation,21,160,direta,True,43.762,96.201,1
2011,PE,Energy,1,56,direta,True,42.941,94.395,1
2011,PE,Rail transport,1,20,direta,True,30.0,65.948,1
2011,PE,Sanitation,1,4,direta,True,13.309,29.256,1
2011,PE,Logistics,14,192,indireta,True,10.546,23.183,4
2011,PE,Ports,1,38,direta,True,4.3,9.453,1
2011,PE,Sanitation,1,2,direta,True,3.573,7.854,1
2011,PE,Sanitation,14,251,indireta,True,4.277,9.401,3
2011,PE,Logistics,14,251,indireta,True,4.679,10.286,4
2011,PE,Education,18,253,indireta,False,2.482,5.456,2
2011,PE,Health,18,248,indireta,False,1.543,3.392,1
2011,PE,Sanitation,14,56,indireta,True,1.731,3.806,3
2011,PE,Energy,14,56,indireta,True,1.306,2.871,2
2011,PE,Health,18,253,indireta,False,1.373,3.018,2
2011,PE,Logistics,22,280,indireta,True,0.802,1.762,2
2011,PE,Logistics,1,56,direta,True,0.642,1.411,1
2011,PE,Telecommunications,22,280,indireta,True,1.047,2.301,2
2011,PE,Logistics,14,252,indireta,True,0.553,1.215,1
2011,PE,Logistics,14,56,indireta,True,1.005,2.21,4
2011,PE,Logistics,18,253,indireta,True,0.635,1.396,2
2011,PE,Sanitation,18,253,indireta,True,0.34,0.747,1
2011,PE,Sanitation,22,280,indireta,True,0.426,0.937,2
2011,PE,Telecommunications,14,192,indireta,True,0.248,0.545,1
2011,PE,Sanitation,14,192,indireta,True,0.146,0.32,1
2011,PE,Education,0,2,direta,False,0.1,0.22,1
2011,PE,Energy,14,192,indireta,True,0.08,0.176,1
2011,PE,Telecommunications,18,253,indireta,True,0.019,0.041,1
2011,PI,Ports,1,38,direta,True,46.875,103.044,1
2011,PI,Rail transport,1,20,direta,True,14.0,30.776,1
2011,PI,Logistics,18,241,indireta,True,2.024,4.45,1
2011,PI,Energy,14,56,indireta,True,0.416,0.914,1
2011,PI,Sanitation,22,280,indireta,True,0.18,0.396,2
2011,PI,Telecommunications,22,280,indireta,True,0.108,0.237,1
2011,PI,Logistics,22,280,indireta,True,0.048,0.105,1
2011,PI,Energy,22,280,indireta,True,0.012,0.027,1
2011,PR,Ports,1,38,direta,True,199.52,438.596,2
2011,PR,Telecommunications,1,18,direta,True,126.948,279.065,1
2011,PR,Road transport,1,43,direta,True,87.719,192.83,1
2011,PR,Energy,1,35,direta,True,68.069,149.633,1
2011,PR,Energy,1,35,indireta,True,64.732,142.298,1
2011,PR,Logistics,14,56,indireta,True,70.953,155.973,4
2011,PR,Ports,1,38,indireta,True,35.89,78.896,1
2011,PR,Sanitation,1,4,direta,True,31.507,69.26,2
2011,PR,Sanitation,14,192,indireta,True,19.94,43.833,4
2011,PR,Education,18,248,indireta,False,15.239,33.5,1
2011,PR,Logistics,18,248,indireta,True,12.589,27.675,1
2011,PR,Logistics,14,192,indireta,True,17.208,37.828,4
2011,PR,Energy,1,16,direta,True,8.213,18.054,1
2011,PR,Logistics,18,33,indireta,True,8.012,17.611,1
2011,PR,Logistics,1,56,direta,True,7.139,15.693,1
2011,PR,Logistics,18,45,indireta,True,8.778,19.297,3
2011,PR,Sanitation,18,248,indireta,True,6.726,14.786,1
2011,PR,Energy,14,56,indireta,True,6.702,14.733,2
2011,PR,Logistics,18,241,indireta,True,7.842,17.238,2
2011,PR,Logistics,14,251,indireta,True,8.879,19.519,3
2011,PR,Health,18,247,indireta,False,6.727,14.787,3
2011,PR,Sanitation,14,56,indireta,True,3.663,8.053,4
2011,PR,Logistics,22,280,indireta,True,5.318,11.689,3
2011,PR,Sanitation,14,251,indireta,True,4.167,9.161,4
2011,PR,Sanitation,22,280,indireta,True,3.322,7.302,3
2011,PR,Logistics,14,252,indireta,True,1.51,3.32,3
2011,PR,Education,18,247,indireta,False,2.51,5.517,3
2011,PR,Logistics,14,241,indireta,True,1.183,2.601,1
2011,PR,Telecommunications,22,280,indireta,True,1.165,2.562,2
2011,PR,Logistics,18,247,indireta,True,1.424,3.131,2
2011,PR,Telecommunications,14,56,indireta,True,0.874,1.921,2
2011,PR,Energy,14,251,indireta,True,0.496,1.089,1
2011,PR,Rail transport,14,192,indireta,True,0.48,1.055,1
2011,PR,Sanitation,0,0,direta,True,0.454,0.997,1
2011,PR,Health,18,244,indireta,False,0.52,1.143,2
2011,PR,Telecommunications,14,192,indireta,True,0.277,0.609,1
2011,PR,Energy,18,247,indireta,True,0.163,0.358,1
2011,PR,Rail transport,14,251,indireta,True,0.144,0.316,1
2011,PR,Energy,14,252,indireta,True,0.142,0.311,1
2011,PR,Sanitation,14,252,indireta,True,0.116,0.255,2
2011,PR,Energy,1,110,direta,True,0.092,0.202,1
2011,PR,Rail transport,22,280,indireta,True,0.066,0.146,1
2011,PR,Energy,14,192,indireta,True,0.064,0.141,1
2011,PR,Education,18,244,indireta,False,0.071,0.156,2
2011,PR,Energy,22,280,indireta,True,0.046,0.101,1
2011,PR,Sanitation,18,244,indireta,True,0.04,0.088,2
2011,PR,Telecommunications,18,244,indireta,True,0.012,0.026,1
2011,RJ,Telecommunications,1,18,direta,True,1208.392,2656.359,1
2011,RJ,Energy,21,160,direta,True,720.782,1584.465,1
2011,RJ,Energy,1,35,direta,True,657.426,1445.192,1
2011,RJ,Ports,1,38,direta,True,570.252,1253.563,2
2011,RJ,Energy,1,8,direta,True,489.94,1077.014,1
2011,RJ,Energy,1,8,indireta,True,197.345,433.816,1
2011,RJ,Rail transport,1,56,direta,True,181.681,399.382,1
2011,RJ,Urban mobility,1,41,direta,True,194.535,427.638,2
2011,RJ,Road transport,1,43,direta,True,95.533,210.007,1
2011,RJ,Rail transport,1,56,indireta,True,80.465,176.883,1
2011,RJ,Energy,1,13,direta,True,67.0,147.284,1
2011,RJ,Energy,1,56,indireta,True,62.655,137.731,1
2011,RJ,Logistics,1,56,direta,True,48.95,107.606,1
2011,RJ,Telecommunications,14,56,indireta,True,27.884,61.297,2
2011,RJ,Ports,1,38,indireta,True,20.116,44.221,1
2011,RJ,Sanitation,1,4,direta,True,17.323,38.081,2
2011,RJ,Sanitation,18,248,indireta,True,15.343,33.729,1
2011,RJ,Sanitation,14,56,indireta,True,13.426,29.514,4
2011,RJ,Telecommunications,14,192,indireta,True,10.38,22.818,1
2011,RJ,Logistics,18,247,indireta,True,10.0,21.983,1
2011,RJ,Energy,1,56,direta,True,7.429,16.33,1
2011,RJ,Health,18,247,indireta,False,9.731,21.392,2
2011,RJ,Energy,14,192,indireta,True,6.987,15.358,2
2011,RJ,Health,18,253,indireta,False,14.527,31.934,3
2011,RJ,Energy,18,253,indireta,True,6.0,13.19,1
2011,RJ,Education,18,247,indireta,False,9.439,20.75,3
2011,RJ,Education,18,253,indireta,False,7.207,15.842,2
2011,RJ,Logistics,14,192,indireta,True,7.371,16.203,4
2011,RJ,Sanitation,18,253,indireta,True,4.105,9.024,2
2011,RJ,Sanitation,14,192,indireta,True,5.073,11.152,3
2011,RJ,Health,1,9,direta,False,3.869,8.505,1
2011,RJ,Energy,1,30,direta,True,3.481,7.651,1
2011,RJ,Health,0,21,direta,False,3.153,6.931,1
2011,RJ,Sanitation,14,251,indireta,True,5.013,11.019,4
2011,RJ,Energy,18,248,indireta,True,2.739,6.021,1
2011,RJ,Logistics,18,248,indireta,True,2.335,5.133,1
2011,RJ,Health,18,248,indireta,False,2.073,4.558,1
2011,RJ,Logistics,22,280,indireta,True,3.935,8.65,3
2011,RJ,Energy,1,24,direta,True,1.527,3.357,1
2011,RJ,Sanitation,0,5,direta,True,1.496,3.288,1
2011,RJ,Sanitation,0,0,direta,True,1.485,3.265,1
2011,RJ,Telecommunications,22,280,indireta,True,2.466,5.421,2
2011,RJ,Sanitation,22,280,indireta,True,1.615,3.551,3
2011,RJ,Energy,18,56,indireta,True,1.127,2.478,1
2011,RJ,Education,0,21,direta,False,1.07,2.352,1
2011,RJ,Energy,14,251,indireta,True,1.054,2.318,1
2011,RJ,Logistics,14,56,indireta,True,1.557,3.424,4
2011,RJ,Energy,14,56,indireta,True,1.04,2.286,2
2011,RJ,Telecommunications,18,253,indireta,True,0.94,2.067,2
2011,RJ,Logistics,14,251,indireta,True,0.692,1.522,2
2011,RJ,Rail transport,14,56,indireta,True,0.429,0.944,1
2011,RJ,Education,0,2,direta,False,0.297,0.653,1
2011,RJ,Logistics,18,253,indireta,True,0.289,0.635,1
2011,RJ,Rail transport,1,20,direta,True,0.232,0.51,1
2011,RJ,Telecommunications,14,251,indireta,True,0.144,0.317,1
2011,RJ,Rail transport,22,280,indireta,True,0.047,0.103,1
2011,RJ,Logistics,14,252,indireta,True,0.063,0.138,2
2011,RJ,Sanitation,14,252,indireta,True,0.026,0.058,1
2011,RJ,Energy,22,280,indireta,True,0.026,0.057,1
2011,RN,Energy,1,30,direta,True,586.378,1289.011,1
2011,RN,Energy,14,56,indireta,True,59.625,131.07,1
2011,RN,Energy,1,8,direta,True,59.146,130.019,1
2011,RN,Energy,1,56,direta,True,40.981,90.088,1
2011,RN,Energy,1,30,indireta,True,34.314,75.431,1
2011,RN,Energy,1,56,indireta,True,19.147,42.09,1
2011,RN,Logistics,14,251,indireta,True,0.933,2.052,1
2011,RN,Sanitation,22,280,indireta,True,0.73,1.604,2
2011,RN,Telecommunications,22,280,indireta,True,0.593,1.305,1
2011,RN,Sanitation,14,192,indireta,True,0.472,1.038,2
2011,RN,Logistics,22,280,indireta,True,0.196,0.43,1
2011,RO,Energy,1,35,direta,True,1028.165,2260.173,1
2011,RO,Energy,1,35,indireta,True,1028.165,2260.173,1
2011,RO,Energy,1,14,direta,True,612.637,1346.735,1
2011,RO,Energy,1,14,indireta,True,612.571,1346.59,1
2011,RO,Energy,1,10,direta,True,577.846,1270.254,1
2011,RO,Energy,1,69,direta,True,53.92,118.53,1
2011,RO,Energy,1,110,direta,True,6.614,14.538,1
2011,RO,Education,18,247,indireta,False,0.885,1.946,1
2011,RO,Logistics,14,56,indireta,True,0.713,1.566,1
2011,RO,Sanitation,14,56,indireta,True,0.764,1.678,2
2011,RO,Energy,22,280,indireta,True,0.477,1.049,1
2011,RO,Sanitation,14,251,indireta,True,0.343,0.754,1
2011,RO,Sanitation,22,280,indireta,True,0.193,0.424,1
2011,RO,Logistics,22,280,indireta,True,0.175,0.384,1
2011,RO,Sanitation,14,192,indireta,True,0.148,0.325,1
2011,RO,Telecommunications,22,280,indireta,True,0.089,0.197,1
2011,RO,Logistics,14,192,indireta,True,0.163,0.358,2
2011,RR,Logistics,22,280,indireta,True,0.092,0.203,2
2011,RS,Energy,1,30,direta,True,404.527,889.255,1
2011,RS,Energy,1,56,direta,True,195.994,430.845,1
2011,RS,Energy,14,56,indireta,True,221.855,487.695,4
2011,RS,Telecommunications,1,18,direta,True,179.523,394.637,1
2011,RS,Energy,1,35,direta,True,50.229,110.416,1
2011,RS,Sanitation,1,4,direta,True,74.648,164.096,2
2011,RS,Sanitation,1,4,indireta,True,34.0,74.741,1
2011,RS,Energy,1,10,direta,True,26.91,59.155,1
2011,RS,Ports,1,38,direta,True,24.506,53.871,1
2011,RS,Energy,1,8,direta,True,24.363,53.555,1
2011,RS,Energy,1,8,indireta,True,24.363,53.555,1
2011,RS,Logistics,18,45,indireta,True,20.247,44.508,3
2011,RS,Logistics,18,241,indireta,True,28.837,63.39,4
2011,RS,Energy,1,35,indireta,True,12.079,26.554,1
2011,RS,Education,18,248,indireta,False,10.0,21.983,1
2011,RS,Sanitation,14,192,indireta,True,8.7,19.126,2
2011,RS,Energy,1,56,indireta,True,13.904,30.565,2
2011,RS,Logistics,14,56,indireta,True,16.417,36.088,4
2011,RS,Energy,18,247,indireta,True,5.196,11.422,1
2011,RS,Logistics,18,245,indireta,True,3.993,8.778,2
2011,RS,Health,18,247,indireta,False,4.25,9.342,3
2011,RS,Logistics,22,280,indireta,True,4.431,9.74,3
2011,RS,Logistics,14,241,indireta,True,4.192,9.214,2
2011,RS,Health,1,2,indireta,False,2.097,4.61,1
2011,RS,Logistics,14,251,indireta,True,3.111,6.838,3
2011,RS,Energy,14,251,indireta,True,2.111,4.641,2
2011,RS,Sanitation,14,251,indireta,True,2.927,6.434,4
2011,RS,Logistics,1,45,indireta,True,1.564,3.438,1
2011,RS,Sanitation,22,280,indireta,True,2.395,5.264,3
2011,RS,Energy,18,56,indireta,True,1.385,3.045,1
2011,RS,Sanitation,1,2,indireta,True,1.186,2.608,1
2011,RS,Logistics,14,192,indireta,True,2.522,5.545,4
2011,RS,Education,18,247,indireta,False,2.066,4.542,3
2011,RS,Sanitation,14,56,indireta,True,1.681,3.696,3
2011,RS,Sanitation,0,0,direta,True,0.929,2.042,1
2011,RS,Telecommunications,22,280,indireta,True,0.821,1.804,2
2011,RS,Sanitation,14,252,indireta,True,0.471,1.036,2
2011,RS,Telecommunications,14,56,indireta,True,0.415,0.912,1
2011,RS,Education,0,21,direta,False,0.34,0.747,1
2011,RS,Energy,22,280,indireta,True,0.305,0.671,3
2011,RS,Logistics,18,247,indireta,True,0.245,0.539,1
2011,RS,Health,18,248,indireta,False,0.229,0.502,1
2011,RS,Energy,14,192,indireta,True,0.203,0.446,1
2011,RS,Education,0,2,direta,False,0.15,0.33,1
2011,RS,Sanitation,18,247,indireta,True,0.15,0.33,1
2011,RS,Telecommunications,14,251,indireta,True,0.135,0.296,1
2011,RS,Health,18,253,indireta,False,0.1,0.22,1
2011,RS,Health,18,244,indireta,False,0.086,0.19,1
2011,RS,Rail transport,22,280,indireta,True,0.079,0.173,1
2011,RS,Education,18,244,indireta,False,0.075,0.165,1
2011,RS,Energy,14,252,indireta,True,0.026,0.057,1
2011,RS,Energy,18,244,indireta,True,0.028,0.06,3
2011,RS,Logistics,18,244,indireta,True,0.007,0.016,1
2011,RS,Sanitation,18,244,indireta,True,0.005,0.012,1
2011,RS,Telecommunications,18,244,indireta,True,0.005,0.011,1
2011,RS,Rail transport,18,244,indireta,True,0.002,0.004,1
2011,SC,Energy,1,56,indireta,True,380.217,835.816,2
2011,SC,Energy,1,35,direta,True,82.049,180.364,1
2011,SC,Road transport,1,43,direta,True,46.316,101.815,1
2011,SC,Energy,1,35,indireta,True,54.785,120.433,2
2011,SC,Energy,1,2,indireta,True,32.435,71.3,1
2011,SC,Sanitation,1,4,direta,True,29.495,64.837,1
2011,SC,Energy,14,56,indireta,True,54.811,120.489,4
2011,SC,Energy,18,247,indireta,True,35.816,78.733,2
2011,SC,Energy,1,10,direta,True,10.067,22.13,1
2011,SC,Logistics,18,245,indireta,True,9.924,21.816,1
2011,SC,Health,18,247,indireta,False,9.831,21.611,2
2011,SC,Logistics,18,33,indireta,True,8.361,18.38,1
2011,SC,Ports,1,38,indireta,True,5.121,11.258,1
2011,SC,Logistics,18,248,indireta,True,5.095,11.2,1
2011,SC,Education,0,21,direta,False,4.96,10.903,2
2011,SC,Logistics,14,56,indireta,True,9.56,21.014,4
2011,SC,Telecommunications,14,56,indireta,True,4.67,10.267,2
2011,SC,Logistics,22,280,indireta,True,5.6,12.309,3
2011,SC,Logistics,18,247,indireta,True,3.374,7.416,2
2011,SC,Sanitation,14,56,indireta,True,5.336,11.731,4
2011,SC,Education,18,247,indireta,False,2.089,4.592,1
2011,SC,Education,18,248,indireta,False,2.0,4.397,1
2011,SC,Energy,1,10,indireta,True,1.907,4.191,1
2011,SC,Sanitation,22,280,indireta,True,1.928,4.239,3
2011,SC,Telecommunications,22,280,indireta,True,1.602,3.522,2
2011,SC,Logistics,18,241,indireta,True,2.537,5.577,2
2011,SC,Logistics,14,192,indireta,True,3.717,8.172,4
2011,SC,Logistics,14,251,indireta,True,2.199,4.833,2
2011,SC,Health,18,248,indireta,False,1.326,2.915,1
2011,SC,Energy,18,56,indireta,True,0.851,1.872,1
2011,SC,Energy,14,251,indireta,True,1.539,3.383,2
2011,SC,Sanitation,14,192,indireta,True,1.184,2.603,2
2011,SC,Sanitation,1,2,direta,True,0.648,1.425,1
2011,SC,Health,18,253,indireta,False,0.43,0.945,1
2011,SC,Energy,14,252,indireta,True,0.241,0.529,1
2011,SC,Energy,14,192,indireta,True,0.239,0.525,1
2011,SC,Education,18,253,indireta,False,0.195,0.429,1
2011,SC,Sanitation,14,251,indireta,True,0.24,0.528,2
2011,SC,Health,18,244,indireta,False,0.15,0.33,1
2011,SC,Rail transport,22,280,indireta,True,0.081,0.178,1
2011,SC,Energy,22,280,indireta,True,0.088,0.194,2
2011,SC,Energy,18,16,indireta,True,0.08,0.176,1
2011,SC,Logistics,14,241,indireta,True,0.076,0.168,1
2011,SC,Sanitation,18,245,indireta,True,0.056,0.123,2
2011,SC,Health,18,56,indireta,False,0.035,0.076,1
2011,SC,Sanitation,18,244,indireta,True,0.03,0.066,1
2011,SC,Logistics,14,252,indireta,True,0.023,0.051,1
2011,SC,Education,18,244,indireta,False,0.03,0.066,2
2011,SC,Logistics,18,244,indireta,True,0.016,0.035,2
2011,SE,Energy,14,56,indireta,True,3.297,7.249,1
2011,SE,Telecommunications,22,280,indireta,True,0.538,1.183,1
2011,SE,Logistics,14,251,indireta,True,0.834,1.834,2
2011,SE,Logistics,14,56,indireta,True,0.243,0.534,1
2011,SE,Sanitation,14,56,indireta,True,0.189,0.415,1
2011,SE,Health,18,247,indireta,False,0.174,0.382,1
2011,SE,Sanitation,0,0,direta,True,0.134,0.295,1
2011,SE,Sanitation,22,280,indireta,True,0.068,0.149,1
2011,SE,Logistics,22,280,indireta,True,0.02,0.044,1
2011,SE,Logistics,14,192,indireta,True,0.013,0.027,1
2011,SP,Road transport,1,43,direta,True,759.63,1669.865,1
2011,SP,Energy,1,10,direta,True,701.396,1541.849,1
2011,SP,Telecommunications,1,18,direta,True,671.388,1475.885,1
2011,SP,Urban mobility,1,41,direta,True,579.295,1273.441,1
2011,SP,Energy,1,56,direta,True,475.094,1044.379,1
2011,SP,Ports,1,38,indireta,True,319.353,702.02,1
2011,SP,Sanitation,21,160,direta,True,275.37,605.335,1
2011,SP,Ports,1,38,direta,True,523.656,1151.131,3
2011,SP,Energy,1,13,direta,True,232.672,511.473,1
2011,SP,Health,1,9,indireta,False,160.797,353.474,1
2011,SP,Energy,1,56,indireta,True,148.333,326.075,1
2011,SP,Telecommunications,14,56,indireta,True,149.208,327.997,3
2011,SP,Energy,1,8,direta,True,137.082,301.342,1
2011,SP,Energy,1,30,direta,True,115.302,253.463,1
2011,SP,Energy,1,35,direta,True,106.953,235.109,1
2011,SP,Sanitation,1,4,indireta,True,101.0,222.024,1
2011,SP,Energy,1,30,indireta,True,95.897,210.807,1
2011,SP,Energy,14,56,indireta,True,84.469,185.684,5
2011,SP,Energy,1,8,indireta,True,79.597,174.974,1
2011,SP,Health,1,84,indireta,False,77.429,170.208,1
2011,SP,Logistics,14,56,indireta,True,112.972,248.341,4
2011,SP,Sanitation,1,4,direta,True,127.142,279.491,3
2011,SP,Sanitation,14,192,indireta,True,58.493,128.583,4
2011,SP,Health,1,84,direta,False,37.129,81.618,1
2011,SP,Sanitation,14,251,indireta,True,35.765,78.621,4
2011,SP,Telecommunications,14,192,indireta,True,25.957,57.059,2
2011,SP,Logistics,14,192,indireta,True,34.12,75.005,4
2011,SP,Health,1,2,indireta,False,23.0,50.56,1
2011,SP,Sanitation,18,248,indireta,True,21.9,48.142,1
2011,SP,Logistics,1,2,direta,True,20.397,44.838,1
2011,SP,Energy,14,256,indireta,True,19.793,43.511,1
2011,SP,Logistics,22,280,indireta,True,28.779,63.264,3
2011,SP,Logistics,1,42,direta,True,17.758,39.037,1
2011,SP,Rail transport,14,56,indireta,True,16.944,37.247,2
2011,SP,Logistics,18,248,indireta,True,15.12,33.237,1
2011,SP,Education,18,247,indireta,False,24.669,54.23,3
2011,SP,Health,18,247,indireta,False,15.727,34.572,3
2011,SP,Energy,1,35,indireta,True,10.703,23.527,1
2011,SP,Energy,1,112,direta,True,9.897,21.757,1
2011,SP,Sanitation,14,56,indireta,True,22.238,48.885,4
2011,SP,Sanitation,1,255,direta,True,8.169,17.957,1
2011,SP,Health,18,248,indireta,False,6.866,15.093,1
2011,SP,Sanitation,22,280,indireta,True,8.665,19.048,3
2011,SP,Sanitation,14,252,indireta,True,6.117,13.447,3
2011,SP,Telecommunications,22,280,indireta,True,7.954,17.486,2
2011,SP,Logistics,14,251,indireta,True,12.736,27.997,4
2011,SP,Energy,18,16,indireta,True,5.192,11.412,1
2011,SP,Energy,1,112,indireta,True,2.944,6.471,1
2011,SP,Energy,1,251,direta,True,2.879,6.328,1
2011,SP,Energy,1,251,indireta,True,2.879,6.328,1
2011,SP,Health,18,244,indireta,False,2.439,5.362,3
2011,SP,Health,1,16,indireta,False,2.147,4.721,1
2011,SP,Sanitation,0,0,direta,True,2.019,4.439,1
2011,SP,Logistics,18,241,indireta,True,2.148,4.722,2
2011,SP,Health,1,56,indireta,False,0.995,2.188,1
2011,SP,Rail transport,14,192,indireta,True,1.46,3.209,4
2011,SP,Energy,22,280,indireta,True,1.553,3.414,3
2011,SP,Sanitation,18,16,indireta,True,0.749,1.648,1
2011,SP,Sanitation,18,247,indireta,True,0.65,1.429,1
2011,SP,Energy,14,192,indireta,True,0.58,1.275,1
2011,SP,Energy,1,110,direta,True,0.541,1.19,1
2011,SP,Energy,14,251,indireta,True,0.646,1.42,2
2011,SP,Education,0,2,direta,False,0.4,0.879,1
2011,SP,Education,18,244,indireta,False,0.275,0.605,2
2011,SP,Logistics,14,241,indireta,True,0.287,0.631,2
2011,SP,Health,1,56,direta,False,0.195,0.428,1
2011,SP,Health,0,0,direta,False,0.168,0.37,1
2011,SP,Rail transport,22,280,indireta,True,0.127,0.279,1
2011,SP,Logistics,14,252,indireta,True,0.127,0.28,3
2011,SP,Energy,14,252,indireta,True,0.065,0.142,1
2011,SP,Logistics,18,244,indireta,True,0.063,0.138,1
2011,SP,Sanitation,18,244,indireta,True,0.03,0.066,2
2011,SP,Telecommunications,18,244,indireta,True,0.01,0.022,1
2011,SP,Health,1,9,direta,False,0.0,0.0,1
2011,TO,Rail transport,21,160,direta,True,357.112,785.025,1
2011,TO,Energy,1,35,direta,True,120.873,265.71,1
2011,TO,Energy,1,110,direta,True,23.729,52.162,1
2011,TO,Education,18,247,indireta,False,7.78,17.102,1
2011,TO,Energy,1,14,direta,True,5.122,11.259,1
2011,TO,Energy,14,56,indireta,True,1.733,3.809,1
2011,TO,Energy,1,14,indireta,True,1.312,2.884,1
2011,TO,Sanitation,14,251,indireta,True,0.831,1.828,2
2011,TO,Sanitation,14,56,indireta,True,0.509,1.119,1
2011,TO,Logistics,14,192,indireta,True,0.332,0.731,1
2011,TO,Logistics,22,280,indireta,True,0.326,0.718,2
2011,TO,Logistics,14,251,indireta,True,0.368,0.809,2
2011,TO,Energy,14,192,indireta,True,0.239,0.525,1
2011,TO,Telecommunications,22,280,indireta,True,0.175,0.384,1
2011,TO,Sanitation,14,192,indireta,True,0.127,0.28,1
2011,TO,Telecommunications,14,56,indireta,True,0.097,0.213,1
2011,TO,Energy,22,280,indireta,True,0.092,0.202,1
2011,TO,Logistics,14,56,indireta,True,0.064,0.141,1
2011,TO,Sanitation,22,280,indireta,True,0.056,0.124,1
2012,AC,Sanitation,1,4,direta,True,20.498,42.751,1
2012,AC,Energy,1,10,direta,True,5.811,12.119,1
2012,AC,Education,18,253,indireta,False,1.519,3.167,2
2012,AC,Health,18,253,indireta,False,0.75,1.563,1
2012,AC,Logistics,14,251,indireta,True,0.366,0.762,1
2012,AC,Sanitation,14,251,indireta,True,0.297,0.618,2
2012,AC,Sanitation,14,56,indireta,True,0.213,0.444,1
2012,AC,Telecommunications,18,253,indireta,True,0.101,0.211,1
2012,AC,Sanitation,18,253,indireta,True,0.1,0.209,1
2012,AC,Sanitation,22,280,indireta,True,0.062,0.129,1
2012,AC,Logistics,22,280,indireta,True,0.052,0.108,1
2012,AC,Sanitation,14,252,indireta,True,0.028,0.057,1
2012,AC,Telecommunications,22,280,indireta,True,0.016,0.032,1
2012,AL,Sanitation,14,251,indireta,True,5.335,11.126,2
2012,AL,Logistics,14,56,indireta,True,1.85,3.858,1
2012,AL,Energy,14,56,indireta,True,1.139,2.374,1
2012,AL,Logistics,14,251,indireta,True,1.496,3.12,4
2012,AL,Sanitation,14,192,indireta,True,0.399,0.832,1
2012,AL,Telecommunications,22,280,indireta,True,0.369,0.769,2
2012,AL,Sanitation,14,56,indireta,True,0.391,0.815,2
2012,AL,Logistics,22,280,indireta,True,0.202,0.42,1
2012,AL,Sanitation,22,280,indireta,True,0.196,0.409,2
2012,AL,Logistics,14,192,indireta,True,0.14,0.292,1
2012,AL,Telecommunications,14,56,indireta,True,0.103,0.216,1
2012,AM,Ports,1,38,indireta,True,69.71,145.384,1
2012,AM,Energy,1,10,direta,True,15.0,31.283,1
2012,AM,Education,18,248,indireta,False,7.973,16.628,1
2012,AM,Sanitation,18,248,indireta,True,6.5,13.556,1
2012,AM,Logistics,14,251,indireta,True,4.221,8.803,3
2012,AM,Sanitation,14,56,indireta,True,3.063,6.388,1
2012,AM,Energy,14,56,indireta,True,2.341,4.882,1
2012,AM,Education,0,83,direta,False,1.309,2.73,1
2012,AM,Logistics,22,280,indireta,True,1.294,2.698,2
2012,AM,Logistics,14,192,indireta,True,1.229,2.564,2
2012,AM,Sanitation,14,192,indireta,True,1.711,3.568,3
2012,AM,Logistics,14,56,indireta,True,0.665,1.387,2
2012,AM,Education,18,247,indireta,False,0.755,1.575,2
2012,AM,Sanitation,22,280,indireta,True,0.386,0.805,1
2012,AM,Sanitation,14,251,indireta,True,0.466,0.972,2
2012,AM,Telecommunications,22,280,indireta,True,0.259,0.54,2
2012,AM,Logistics,14,252,indireta,True,0.075,0.157,1
2012,AP,Energy,1,35,direta,True,313.68,654.199,1
2012,AP,Sanitation,22,280,indireta,True,0.628,1.31,2
2012,AP,Sanitation,14,251,indireta,True,0.372,0.776,1
2012,AP,Logistics,14,56,indireta,True,0.216,0.45,1
2012,AP,Sanitation,14,192,indireta,True,0.176,0.367,1
2012,AP,Telecommunications,22,280,indireta,True,0.103,0.215,2
2012,AP,Logistics,22,280,indireta,True,0.021,0.045,1
2012,BA,Energy,1,30,direta,True,424.633,885.599,2
2012,BA,Energy,1,8,direta,True,271.554,566.343,1
2012,BA,Energy,21,160,direta,True,260.722,543.752,1
2012,BA,Energy,1,30,indireta,True,166.987,348.262,1
2012,BA,Road transport,1,43,direta,True,143.356,298.979,1
2012,BA,Sanitation,1,4,direta,True,39.798,83.002,1
2012,BA,Ports,1,38,direta,True,28.386,59.201,1
2012,BA,Energy,1,56,direta,True,23.446,48.898,1
2012,BA,Sanitation,21,160,direta,True,11.824,24.66,1
2012,BA,Health,18,84,indireta,False,10.0,20.856,1
2012,BA,Sanitation,14,251,indireta,True,8.064,16.818,4
2012,BA,Energy,1,110,direta,True,3.9,8.134,2
2012,BA,Logistics,14,56,indireta,True,5.337,11.13,4
2012,BA,Logistics,14,251,indireta,True,6.641,13.85,4
2012,BA,Health,18,248,indireta,False,2.224,4.639,1
2012,BA,Logistics,22,280,indireta,True,3.941,8.219,3
2012,BA,Telecommunications,22,280,indireta,True,1.593,3.323,2
2012,BA,Logistics,14,192,indireta,True,1.683,3.511,2
2012,BA,Logistics,18,241,indireta,True,2.997,6.25,3
2012,BA,Sanitation,14,192,indireta,True,1.922,4.009,3
2012,BA,Sanitation,22,280,indireta,True,1.238,2.581,3
2012,BA,Energy,14,56,indireta,True,0.727,1.516,1
2012,BA,Sanitation,14,56,indireta,True,0.842,1.757,3
2012,BA,Logistics,14,252,indireta,True,0.338,0.705,2
2012,BA,Sanitation,0,0,direta,True,0.275,0.574,1
2012,BA,Education,18,247,indireta,False,0.2,0.417,1
2012,BA,Logistics,18,246,indireta,True,0.128,0.267,1
2012,BA,Telecommunications,14,251,indireta,True,0.113,0.236,1
2012,BA,Energy,22,280,indireta,True,0.057,0.118,1
2012,CE,Energy,1,30,direta,True,396.488,826.9,2
2012,CE,Energy,1,30,indireta,True,128.967,268.969,1
2012,CE,Energy,1,14,direta,True,121.236,252.845,1
2012,CE,Energy,1,56,indireta,True,89.227,186.087,1
2012,CE,Sanitation,1,4,direta,True,74.543,155.465,1
2012,CE,Energy,1,35,direta,True,63.8,133.059,1
2012,CE,Rail transport,1,20,direta,True,36.825,76.801,1
2012,CE,Education,18,247,indireta,False,4.361,9.095,2
2012,CE,Sanitation,14,251,indireta,True,5.736,11.962,3
2012,CE,Education,18,250,indireta,False,1.431,2.985,1
2012,CE,Energy,1,110,direta,True,1.2,2.503,1
2012,CE,Sanitation,14,56,indireta,True,1.491,3.11,2
2012,CE,Logistics,14,251,indireta,True,1.257,2.622,2
2012,CE,Logistics,14,56,indireta,True,1.005,2.095,3
2012,CE,Telecommunications,22,280,indireta,True,0.658,1.372,1
2012,CE,Logistics,22,280,indireta,True,1.107,2.308,3
2012,CE,Sanitation,14,192,indireta,True,0.926,1.931,3
2012,CE,Sanitation,22,280,indireta,True,0.558,1.164,2
2012,CE,Sanitation,14,252,indireta,True,0.089,0.185,1
2012,CE,Logistics,14,192,indireta,True,0.032,0.066,1
2012,DF,Telecommunications,1,257,direta,True,36.5,76.123,1
2012,DF,Health,0,0,direta,False,19.629,40.937,2
2012,DF,Education,1,89,direta,False,19.04,39.709,1
2012,DF,Education,18,247,indireta,False,8.82,18.395,2
2012,DF,Sanitation,14,56,indireta,True,4.652,9.701,1
2012,DF,Sanitation,1,2,direta,True,1.314,2.74,1
2012,DF,Logistics,22,280,indireta,True,1.619,3.377,2
2012,DF,Urban mobility,1,41,direta,True,0.766,1.598,1
2012,DF,Logistics,14,56,indireta,True,0.734,1.53,1
2012,DF,Health,18,247,indireta,False,0.585,1.22,2
2012,DF,Telecommunications,22,280,indireta,True,0.691,1.442,2
2012,DF,Sanitation,14,251,indireta,True,0.565,1.179,2
2012,DF,Logistics,14,251,indireta,True,0.707,1.475,2
2012,DF,Sanitation,22,280,indireta,True,0.476,0.992,2
2012,ES,Sanitation,1,4,direta,True,95.858,199.918,3
2012,ES,Urban mobility,1,41,direta,True,27.206,56.74,1
2012,ES,Energy,1,8,direta,True,25.556,53.299,1
2012,ES,Energy,1,10,direta,True,17.802,37.127,1
2012,ES,Sanitation,21,160,direta,True,5.099,10.633,1
2012,ES,Health,1,12,direta,False,2.084,4.347,1
2012,ES,Sanitation,14,251,indireta,True,3.829,7.987,3
2012,ES,Logistics,22,280,indireta,True,2.314,4.825,3
2012,ES,Logistics,14,251,indireta,True,3.421,7.135,4
2012,ES,Education,0,0,direta,False,1.372,2.862,1
2012,ES,Telecommunications,22,280,indireta,True,1.146,2.391,2
2012,ES,Logistics,14,192,indireta,True,1.699,3.544,4
2012,ES,Logistics,14,56,indireta,True,1.655,3.451,4
2012,ES,Sanitation,14,56,indireta,True,0.692,1.442,2
2012,ES,Education,18,247,indireta,False,0.376,0.785,1
2012,ES,Energy,14,56,indireta,True,0.338,0.705,1
2012,ES,Sanitation,22,280,indireta,True,0.591,1.232,3
2012,ES,Logistics,18,241,indireta,True,0.279,0.581,1
2012,ES,Telecommunications,14,56,indireta,True,0.063,0.132,1
2012,GO,Energy,1,10,indireta,True,95.718,199.626,1
2012,GO,Energy,1,10,direta,True,32.0,66.738,1
2012,GO,Sanitation,1,4,direta,True,42.865,89.398,2
2012,GO,Energy,1,30,direta,True,15.859,33.075,1
2012,GO,Energy,14,56,indireta,True,12.342,25.74,1
2012,GO,Logistics,14,251,indireta,True,7.846,16.363,4
2012,GO,Logistics,14,56,indireta,True,10.009,20.875,4
2012,GO,Education,18,247,indireta,False,3.145,6.559,1
2012,GO,Telecommunications,1,18,direta,True,1.968,4.104,1
2012,GO,Logistics,22,280,indireta,True,2.722,5.677,2
2012,GO,Sanitation,14,251,indireta,True,2.6,5.423,4
2012,GO,Logistics,18,241,indireta,True,1.622,3.383,2
2012,GO,Sanitation,22,280,indireta,True,0.867,1.808,2
2012,GO,Logistics,14,192,indireta,True,0.511,1.066,1
2012,GO,Health,18,247,indireta,False,0.48,1.001,1
2012,GO,Telecommunications,22,280,indireta,True,0.406,0.847,1
2012,GO,Sanitation,14,56,indireta,True,0.298,0.622,1
2012,GO,Energy,22,280,indireta,True,0.28,0.583,2
2012,GO,Sanitation,14,192,indireta,True,0.5,1.042,3
2012,GO,Rail transport,14,251,indireta,True,0.152,0.317,1
2012,GO,Logistics,14,252,indireta,True,0.081,0.169,2
2012,GO,Health,18,244,indireta,False,0.01,0.021,1
2012,MA,Ports,1,38,direta,True,1676.688,3496.838,2
2012,MA,Energy,1,69,direta,True,255.979,533.861,1
2012,MA,Energy,1,8,direta,True,114.813,239.451,1
2012,MA,Energy,1,10,direta,True,52.6,109.701,1
2012,MA,Energy,1,56,direta,True,34.187,71.299,1
2012,MA,Energy,21,160,direta,True,27.997,58.389,1
2012,MA,Energy,1,35,direta,True,23.4,48.802,1
2012,MA,Energy,1,35,indireta,True,5.62,11.721,1
2012,MA,Sanitation,1,4,direta,True,4.839,10.091,1
2012,MA,Energy,1,110,direta,True,2.955,6.162,1
2012,MA,Energy,14,56,indireta,True,2.883,6.012,1
2012,MA,Sanitation,14,56,indireta,True,1.743,3.635,2
2012,MA,Sanitation,14,192,indireta,True,1.093,2.279,2
2012,MA,Logistics,14,251,indireta,True,0.597,1.245,1
2012,MA,Telecommunications,22,280,indireta,True,0.764,1.593,3
2012,MA,Sanitation,14,251,indireta,True,0.906,1.889,2
2012,MA,Logistics,22,280,indireta,True,0.461,0.962,2
2012,MA,Logistics,14,56,indireta,True,0.333,0.693,1
2012,MA,Logistics,14,192,indireta,True,0.256,0.534,1
2012,MA,Sanitation,22,280,indireta,True,0.287,0.598,2
2012,MA,Energy,22,280,indireta,True,0.047,0.098,1
2012,MG,Sanitation,21,160,direta,True,307.236,640.761,1
2012,MG,Energy,1,10,direta,True,204.615,426.738,1
2012,MG,Energy,21,160,direta,True,173.264,361.354,1
2012,MG,Ports,1,38,direta,True,160.888,335.541,1
2012,MG,Telecommunications,1,56,direta,True,123.0,256.524,1
2012,MG,Road transport,1,43,direta,True,102.669,214.123,1
2012,MG,Rail transport,14,56,indireta,True,56.936,118.745,1
2012,MG,Telecommunications,21,160,direta,True,53.575,111.734,1
2012,MG,Sanitation,1,4,direta,True,80.713,168.332,2
2012,MG,Energy,1,56,direta,True,44.6,93.016,1
2012,MG,Health,1,9,indireta,False,33.4,69.657,1
2012,MG,Logistics,14,56,indireta,True,39.038,81.417,4
2012,MG,Energy,1,30,direta,True,29.439,61.396,1
2012,MG,Energy,18,247,indireta,True,19.298,40.247,1
2012,MG,Energy,1,8,indireta,True,16.1,33.578,1
2012,MG,Logistics,14,251,indireta,True,26.816,55.925,4
2012,MG,Telecommunications,18,248,indireta,True,10.0,20.856,1
2012,MG,Education,1,9,indireta,False,8.529,17.788,1
2012,MG,Telecommunications,1,18,direta,True,8.249,17.204,1
2012,MG,Energy,14,56,indireta,True,11.068,23.084,3
2012,MG,Sanitation,14,56,indireta,True,14.754,30.771,4
2012,MG,Energy,18,56,indireta,True,9.203,19.193,2
2012,MG,Health,0,0,direta,False,5.995,12.504,1
2012,MG,Sanitation,14,251,indireta,True,13.338,27.818,4
2012,MG,Logistics,14,192,indireta,True,7.649,15.953,4
2012,MG,Logistics,18,241,indireta,True,7.408,15.45,3
2012,MG,Telecommunications,22,280,indireta,True,4.86,10.136,2
2012,MG,Health,1,9,direta,False,3.7,7.717,1
2012,MG,Sanitation,14,192,indireta,True,5.395,11.251,3
2012,MG,Logistics,22,280,indireta,True,5.327,11.11,3
2012,MG,Health,1,56,indireta,False,3.546,7.396,1
2012,MG,Energy,1,110,direta,True,2.2,4.588,1
2012,MG,Health,18,247,indireta,False,4.207,8.774,3
2012,MG,Energy,1,24,indireta,True,1.8,3.754,1
2012,MG,Energy,18,248,indireta,True,1.633,3.406,1
2012,MG,Logistics,1,2,direta,True,1.595,3.327,1
2012,MG,Education,18,247,indireta,False,2.741,5.717,2
2012,MG,Telecommunications,14,56,indireta,True,2.795,5.829,3
2012,MG,Education,1,2,direta,False,1.35,2.815,1
2012,MG,Logistics,18,33,indireta,True,1.21,2.523,1
2012,MG,Sanitation,22,280,indireta,True,1.184,2.47,2
2012,MG,Logistics,14,241,indireta,True,1.784,3.72,3
2012,MG,Health,18,244,indireta,False,0.473,0.988,2
2012,MG,Sanitation,0,0,direta,True,0.38,0.793,1
2012,MG,Energy,14,251,indireta,True,0.353,0.737,1
2012,MG,Energy,14,192,indireta,True,0.294,0.614,1
2012,MG,Telecommunications,14,192,indireta,True,0.259,0.541,1
2012,MG,Education,0,0,direta,False,0.231,0.481,1
2012,MG,Energy,22,280,indireta,True,0.105,0.22,1
2012,MG,Sanitation,14,252,indireta,True,0.098,0.205,1
2012,MG,Logistics,14,252,indireta,True,0.13,0.271,2
2012,MG,Education,18,244,indireta,False,0.081,0.169,3
2012,MG,Logistics,18,244,indireta,True,0.086,0.179,2
2012,MG,Health,18,56,indireta,False,0.032,0.067,1
2012,MG,Telecommunications,18,244,indireta,True,0.013,0.027,1
2012,MG,Rail transport,22,280,indireta,True,0.0,0.0,1
2012,MS,Energy,1,10,direta,True,370.32,772.327,1
2012,MS,Energy,1,35,direta,True,107.0,223.155,1
2012,MS,Energy,1,30,indireta,True,86.06,179.484,1
2012,MS,Energy,1,30,direta,True,70.14,146.282,1
2012,MS,Energy,1,56,direta,True,46.134,96.215,1
2012,MS,Ports,1,38,direta,True,17.751,37.021,1
2012,MS,Logistics,18,241,indireta,True,6.525,13.609,3
2012,MS,Logistics,14,251,indireta,True,6.423,13.396,2
2012,MS,Energy,14,56,indireta,True,1.31,2.733,1
2012,MS,Logistics,22,280,indireta,True,1.522,3.175,2
2012,MS,Sanitation,14,251,indireta,True,1.154,2.406,2
2012,MS,Telecommunications,22,280,indireta,True,0.463,0.965,1
2012,MS,Sanitation,22,280,indireta,True,0.382,0.797,2
2012,MS,Sanitation,14,192,indireta,True,0.553,1.154,3
2012,MS,Sanitation,14,56,indireta,True,0.449,0.936,2
2012,MS,Logistics,14,56,indireta,True,0.386,0.806,2
2012,MS,Logistics,14,192,indireta,True,0.36,0.751,2
2012,MS,Sanitation,14,252,indireta,True,0.035,0.072,1
2012,MS,Health,18,244,indireta,False,0.01,0.021,1
2012,MT,Energy,1,35,indireta,True,248.68,518.638,1
2012,MT,Ports,1,38,direta,True,139.503,290.942,2
2012,MT,Energy,1,10,indireta,True,87.3,182.07,1
2012,MT,Energy,1,10,direta,True,46.155,96.259,1
2012,MT,Energy,1,69,direta,True,36.85,76.853,1
2012,MT,Rail transport,14,56,indireta,True,16.894,35.234,1
2012,MT,Logistics,14,56,indireta,True,9.529,19.873,2
2012,MT,Sanitation,1,4,direta,True,7.34,15.308,1
2012,MT,Energy,18,248,indireta,True,6.176,12.881,1
2012,MT,Education,1,89,direta,False,5.72,11.929,1
2012,MT,Logistics,14,251,indireta,True,6.688,13.949,4
2012,MT,Energy,14,56,indireta,True,3.434,7.161,1
2012,MT,Sanitation,1,11,direta,True,3.3,6.882,1
2012,MT,Sanitation,14,251,indireta,True,2.719,5.67,3
2012,MT,Logistics,22,280,indireta,True,2.133,4.449,3
2012,MT,Sanitation,14,56,indireta,True,1.678,3.5,2
2012,MT,Sanitation,22,280,indireta,True,1.371,2.859,2
2012,MT,Energy,18,247,indireta,True,1.141,2.379,1
2012,MT,Logistics,18,241,indireta,True,1.032,2.151,1
2012,MT,Energy,14,192,indireta,True,0.773,1.613,1
2012,MT,Logistics,14,241,indireta,True,0.48,1.001,1
2012,MT,Telecommunications,22,280,indireta,True,0.242,0.504,2
2012,MT,Logistics,14,252,indireta,True,0.203,0.424,1
2012,MT,Energy,14,251,indireta,True,0.156,0.326,1
2012,MT,Sanitation,14,192,indireta,True,0.182,0.379,2
2012,MT,Logistics,14,192,indireta,True,0.213,0.443,2
2012,MT,Telecommunications,14,251,indireta,True,0.1,0.209,1
2012,MT,Rail transport,22,280,indireta,True,0.045,0.094,1
2012,MT,Sanitation,14,252,indireta,True,0.009,0.019,1
2012,PA,Energy,1,35,indireta,True,2471.102,5153.638,1
2012,PA,Energy,1,35,direta,True,976.292,2036.118,1
2012,PA,Energy,1,56,direta,True,856.599,1786.491,1
2012,PA,Ports,1,38,direta,True,431.973,900.908,1
2012,PA,Energy,1,10,direta,True,27.539,57.433,1
2012,PA,Sanitation,1,4,direta,True,24.0,50.054,1
2012,PA,Education,0,21,direta,False,3.059,6.38,1
2012,PA,Logistics,14,251,indireta,True,4.251,8.866,3
2012,PA,Education,0,83,direta,False,1.7,3.546,1
2012,PA,Sanitation,14,192,indireta,True,1.308,2.728,2
2012,PA,Sanitation,14,56,indireta,True,1.649,3.439,2
2012,PA,Telecommunications,22,280,indireta,True,0.903,1.884,3
2012,PA,Sanitation,14,251,indireta,True,1.492,3.112,2
2012,PA,Logistics,14,192,indireta,True,1.029,2.147,3
2012,PA,Logistics,14,56,indireta,True,1.323,2.758,3
2012,PA,Logistics,22,280,indireta,True,0.468,0.977,3
2012,PA,Sanitation,22,280,indireta,True,0.291,0.607,1
2012,PA,Sanitation,14,252,indireta,True,0.21,0.438,1
2012,PA,Education,0,2,direta,False,0.06,0.125,1
2012,PA,Logistics,14,252,indireta,True,0.002,0.004,1
2012,PB,Health,1,9,indireta,False,11.837,24.687,1
2012,PB,Energy,1,69,direta,True,4.419,9.216,1
2012,PB,Energy,14,56,indireta,True,4.091,8.532,1
2012,PB,Sanitation,0,0,direta,True,0.819,1.709,1
2012,PB,Telecommunications,22,280,indireta,True,1.111,2.317,2
2012,PB,Logistics,14,251,indireta,True,0.679,1.416,1
2012,PB,Energy,14,251,indireta,True,0.794,1.657,2
2012,PB,Sanitation,14,251,indireta,True,0.528,1.102,2
2012,PB,Sanitation,22,280,indireta,True,0.3,0.627,1
2012,PB,Education,0,0,direta,False,0.212,0.442,1
2012,PB,Sanitation,14,192,indireta,True,0.208,0.435,1
2012,PB,Logistics,14,56,indireta,True,0.198,0.413,1
2012,PB,Logistics,14,192,indireta,True,0.175,0.366,1
2012,PB,Sanitation,14,56,indireta,True,0.171,0.357,1
2012,PB,Logistics,22,280,indireta,True,0.095,0.197,1
2012,PE,Ports,1,38,direta,True,311.726,650.124,2
2012,PE,Rail transport,1,20,direta,True,192.147,400.736,1
2012,PE,Energy,1,8,direta,True,123.26,257.067,1
2012,PE,Road transport,1,43,direta,True,80.401,167.682,2
2012,PE,Sanitation,21,160,direta,True,48.38,100.9,1
2012,PE,Rail transport,14,56,indireta,True,17.469,36.433,1
2012,PE,Logistics,18,250,indireta,True,11.467,23.915,1
2012,PE,Logistics,14,192,indireta,True,8.985,18.739,4
2012,PE,Sanitation,1,2,direta,True,2.816,5.873,1
2012,PE,Telecommunications,1,110,direta,True,2.5,5.214,1
2012,PE,Logistics,22,280,indireta,True,2.275,4.745,3
2012,PE,Logistics,14,251,indireta,True,1.93,4.024,3
2012,PE,Sanitation,14,192,indireta,True,2.812,5.864,3
2012,PE,Sanitation,14,56,indireta,True,3.234,6.744,4
2012,PE,Sanitation,14,251,indireta,True,3.064,6.391,4
2012,PE,Logistics,14,56,indireta,True,1.659,3.461,3
2012,PE,Telecommunications,22,280,indireta,True,1.736,3.621,2
2012,PE,Health,18,248,indireta,False,0.829,1.73,1
2012,PE,Energy,14,56,indireta,True,0.48,1.001,1
2012,PE,Energy,14,251,indireta,True,0.696,1.451,2
2012,PE,Sanitation,22,280,indireta,True,0.462,0.964,2
2012,PE,Energy,14,192,indireta,True,0.221,0.462,1
2012,PE,Health,18,253,indireta,False,0.186,0.388,1
2012,PE,Education,18,253,indireta,False,0.119,0.248,1
2012,PE,Telecommunications,14,56,indireta,True,0.082,0.171,1
2012,PE,Telecommunications,18,253,indireta,True,0.07,0.146,1
2012,PI,Ports,1,38,direta,True,26.498,55.264,1
2012,PI,Rail transport,1,20,direta,True,22.197,46.293,1
2012,PI,Education,1,89,direta,False,2.496,5.206,1
2012,PI,Logistics,14,251,indireta,True,0.968,2.018,2
2012,PI,Logistics,18,241,indireta,True,0.602,1.256,1
2012,PI,Sanitation,14,56,indireta,True,0.268,0.56,1
2012,PI,Telecommunications,22,280,indireta,True,0.256,0.534,1
2012,PI,Sanitation,14,251,indireta,True,0.255,0.531,1
2012,PI,Logistics,14,192,indireta,True,0.324,0.676,2
2012,PI,Energy,14,56,indireta,True,0.126,0.263,1
2012,PI,Logistics,22,280,indireta,True,0.112,0.234,1
2012,PI,Sanitation,22,280,indireta,True,0.071,0.148,2
2012,PI,Energy,22,280,indireta,True,0.052,0.108,1
2012,PR,Ports,1,38,direta,True,190.643,397.598,2
2012,PR,Road transport,1,43,direta,True,70.647,147.339,1
2012,PR,Sanitation,21,160,direta,True,59.752,124.617,1
2012,PR,Sanitation,1,4,direta,True,65.501,136.607,2
2012,PR,Telecommunications,1,18,direta,True,50.0,104.278,1
2012,PR,Energy,1,10,direta,True,44.723,93.272,1
2012,PR,Logistics,14,56,indireta,True,54.674,114.025,4
2012,PR,Energy,1,56,direta,True,29.0,60.481,1
2012,PR,Energy,1,30,direta,True,20.0,41.711,1
2012,PR,Logistics,18,248,indireta,True,17.775,37.071,1
2012,PR,Logistics,14,251,indireta,True,33.416,69.692,4
2012,PR,Health,1,84,indireta,False,16.0,33.369,1
2012,PR,Energy,18,247,indireta,True,18.83,39.271,2
2012,PR,Logistics,18,45,indireta,True,13.166,27.459,4
2012,PR,Logistics,1,56,direta,True,7.669,15.995,1
2012,PR,Logistics,18,33,indireta,True,7.287,15.198,1
2012,PR,Logistics,14,192,indireta,True,8.429,17.579,3
2012,PR,Sanitation,14,251,indireta,True,11.886,24.789,4
2012,PR,Logistics,18,241,indireta,True,9.188,19.162,2
2012,PR,Logistics,14,252,indireta,True,4.701,9.805,4
2012,PR,Logistics,18,250,indireta,True,4.48,9.344,1
2012,PR,Logistics,22,280,indireta,True,5.533,11.54,3
2012,PR,Education,18,250,indireta,False,4.0,8.342,1
2012,PR,Health,18,247,indireta,False,7.819,16.308,3
2012,PR,Education,18,247,indireta,False,6.59,13.744,3
2012,PR,Energy,14,56,indireta,True,4.79,9.99,2
2012,PR,Sanitation,22,280,indireta,True,2.77,5.778,3
2012,PR,Telecommunications,22,280,indireta,True,2.171,4.527,2
2012,PR,Sanitation,14,192,indireta,True,3.576,7.458,4
2012,PR,Sanitation,14,56,indireta,True,2.348,4.896,4
2012,PR,Energy,1,110,direta,True,1.25,2.607,1
2012,PR,Telecommunications,14,56,indireta,True,1.132,2.362,2
2012,PR,Energy,1,8,direta,True,1.018,2.124,1
2012,PR,Logistics,18,247,indireta,True,1.813,3.78,2
2012,PR,Energy,14,251,indireta,True,0.775,1.617,1
2012,PR,Rail transport,14,192,indireta,True,0.329,0.687,1
2012,PR,Telecommunications,14,192,indireta,True,0.264,0.551,1
2012,PR,Rail transport,18,244,indireta,True,0.305,0.636,2
2012,PR,Energy,14,252,indireta,True,0.222,0.462,1
2012,PR,Sanitation,0,0,direta,True,0.189,0.395,1
2012,PR,Education,18,253,indireta,False,0.159,0.331,1
2012,PR,Health,18,244,indireta,False,0.141,0.294,2
2012,PR,Education,1,89,direta,False,0.12,0.25,1
2012,PR,Telecommunications,14,251,indireta,True,0.166,0.346,2
2012,PR,Telecommunications,18,253,indireta,True,0.1,0.208,1
2012,PR,Education,18,244,indireta,False,0.094,0.196,2
2012,PR,Health,18,253,indireta,False,0.07,0.146,1
2012,PR,Sanitation,18,264,indireta,True,0.062,0.129,1
2012,PR,Logistics,18,246,indireta,True,0.056,0.117,1
2012,PR,Rail transport,22,280,indireta,True,0.052,0.109,1
2012,PR,Energy,22,280,indireta,True,0.046,0.097,1
2012,PR,Sanitation,14,252,indireta,True,0.016,0.033,1
2012,PR,Logistics,18,244,indireta,True,0.01,0.021,1
2012,PR,Telecommunications,18,244,indireta,True,0.01,0.021,1
2012,RJ,Telecommunications,1,18,direta,True,1500.52,3129.429,1
2012,RJ,Energy,1,35,direta,True,785.566,1638.347,1
2012,RJ,Ports,1,38,direta,True,749.915,1563.996,2
2012,RJ,Urban mobility,1,41,direta,True,770.07,1606.03,3
2012,RJ,Telecommunications,1,56,direta,True,432.572,902.156,1
2012,RJ,Energy,21,160,direta,True,368.075,767.644,1
2012,RJ,Telecommunications,21,160,direta,True,320.87,669.194,1
2012,RJ,Energy,1,8,direta,True,216.776,452.1,1
2012,RJ,Telecommunications,1,257,direta,True,200.428,418.005,1
2012,RJ,Road transport,1,43,direta,True,191.054,398.455,1
2012,RJ,Rail transport,1,56,direta,True,161.148,336.084,1
2012,RJ,Sanitation,1,4,direta,True,74.421,155.21,1
2012,RJ,Energy,1,13,direta,True,62.588,130.532,1
2012,RJ,Energy,1,8,indireta,True,34.08,71.075,1
2012,RJ,Energy,1,56,indireta,True,28.33,59.085,1
2012,RJ,Sanitation,18,248,indireta,True,20.744,43.262,1
2012,RJ,Sanitation,14,251,indireta,True,29.916,62.391,4
2012,RJ,Sanitation,14,56,indireta,True,14.331,29.889,4
2012,RJ,Rail transport,21,160,direta,True,9.453,19.715,1
2012,RJ,Logistics,18,250,indireta,True,8.076,16.844,1
2012,RJ,Energy,14,56,indireta,True,8.9,18.562,3
2012,RJ,Logistics,1,284,direta,True,7.3,15.225,1
2012,RJ,Energy,18,250,indireta,True,6.56,13.68,1
2012,RJ,Education,1,89,direta,False,6.295,13.128,1
2012,RJ,Health,18,247,indireta,False,6.695,13.963,2
2012,RJ,Education,0,21,direta,False,5.426,11.316,1
2012,RJ,Sanitation,14,192,indireta,True,10.036,20.931,4
2012,RJ,Logistics,14,251,indireta,True,7.553,15.753,4
2012,RJ,Health,18,253,indireta,False,4.172,8.701,2
2012,RJ,Education,18,250,indireta,False,3.945,8.228,1
2012,RJ,Health,0,0,direta,False,4.98,10.386,2
2012,RJ,Education,18,253,indireta,False,2.503,5.22,1
2012,RJ,Logistics,14,192,indireta,True,4.428,9.236,3
2012,RJ,Energy,14,192,indireta,True,2.769,5.774,2
2012,RJ,Telecommunications,14,56,indireta,True,2.142,4.467,1
2012,RJ,Logistics,22,280,indireta,True,4.292,8.951,3
2012,RJ,Sanitation,22,280,indireta,True,4.166,8.688,3
2012,RJ,Telecommunications,22,280,indireta,True,3.331,6.947,3
2012,RJ,Health,18,248,indireta,False,1.795,3.744,1
2012,RJ,Sanitation,0,0,direta,True,1.551,3.235,1
2012,RJ,Logistics,14,56,indireta,True,2.826,5.893,4
2012,RJ,Education,18,247,indireta,False,1.079,2.249,2
2012,RJ,Logistics,18,253,indireta,True,0.473,0.987,1
2012,RJ,Education,0,2,direta,False,0.389,0.81,1
2012,RJ,Education,0,0,direta,False,0.256,0.534,1
2012,RJ,Rail transport,14,251,indireta,True,0.235,0.491,1
2012,RJ,Health,0,21,direta,False,0.205,0.428,1
2012,RJ,Sanitation,18,253,indireta,True,0.162,0.338,1
2012,RJ,Telecommunications,14,251,indireta,True,0.228,0.476,2
2012,RJ,Sanitation,14,252,indireta,True,0.106,0.221,2
2012,RJ,Rail transport,14,56,indireta,True,0.071,0.148,1
2012,RJ,Energy,22,280,indireta,True,0.065,0.135,1
2012,RJ,Sanitation,18,56,indireta,True,0.06,0.125,1
2012,RJ,Telecommunications,14,192,indireta,True,0.058,0.121,1
2012,RJ,Logistics,14,252,indireta,True,0.033,0.069,1
2012,RN,Energy,1,30,direta,True,1928.996,4023.043,1
2012,RN,Energy,1,30,indireta,True,106.606,222.333,1
2012,RN,Energy,1,8,direta,True,40.978,85.462,1
2012,RN,Energy,14,56,indireta,True,14.538,30.319,1
2012,RN,Energy,1,56,direta,True,11.643,24.282,1
2012,RN,Telecommunications,22,280,indireta,True,1.082,2.257,2
2012,RN,Logistics,14,251,indireta,True,0.805,1.679,1
2012,RN,Sanitation,14,251,indireta,True,1.771,3.693,3
2012,RN,Sanitation,22,280,indireta,True,0.489,1.02,2
2012,RN,Logistics,22,280,indireta,True,0.268,0.56,2
2012,RN,Sanitation,14,192,indireta,True,0.242,0.504,2
2012,RN,Sanitation,14,56,indireta,True,0.083,0.173,1
2012,RN,Logistics,14,56,indireta,True,0.04,0.084,1
2012,RO,Energy,1,35,direta,True,935.389,1950.812,1
2012,RO,Energy,1,35,indireta,True,935.389,1950.812,1
2012,RO,Energy,1,10,direta,True,286.654,597.836,1
2012,RO,Energy,1,110,direta,True,26.41,55.079,1
2012,RO,Sanitation,14,251,indireta,True,0.709,1.479,1
2012,RO,Sanitation,14,192,indireta,True,0.43,0.897,1
2012,RO,Logistics,14,251,indireta,True,0.387,0.806,1
2012,RO,Logistics,22,280,indireta,True,0.311,0.648,1
2012,RO,Telecommunications,22,280,indireta,True,0.18,0.376,1
2012,RO,Sanitation,14,56,indireta,True,0.175,0.364,1
2012,RO,Logistics,14,192,indireta,True,0.127,0.265,2
2012,RO,Sanitation,22,280,indireta,True,0.176,0.368,2
2012,RO,Health,18,244,indireta,False,0.01,0.021,1
2012,RR,Health,18,253,indireta,False,0.37,0.772,2
2012,RR,Sanitation,14,251,indireta,True,0.144,0.3,1
2012,RR,Logistics,22,280,indireta,True,0.028,0.059,1
2012,RS,Energy,1,30,direta,True,339.507,708.063,1
2012,RS,Telecommunications,1,18,direta,True,226.683,472.763,1
2012,RS,Energy,1,8,direta,True,48.916,102.017,1
2012,RS,Energy,1,8,indireta,True,48.916,102.017,1
2012,RS,Logistics,18,241,indireta,True,66.256,138.181,4
2012,RS,Sanitation,1,4,direta,True,48.4,100.942,2
2012,RS,Energy,1,10,direta,True,35.0,72.995,1
2012,RS,Energy,14,56,indireta,True,43.424,90.563,5
2012,RS,Energy,1,56,direta,True,32.489,67.759,1
2012,RS,Ports,1,38,direta,True,26.812,55.918,1
2012,RS,Energy,1,56,indireta,True,28.071,58.544,2
2012,RS,Logistics,18,45,indireta,True,29.034,60.552,4
2012,RS,Health,1,84,indireta,False,18.745,39.094,1
2012,RS,Energy,18,248,indireta,True,17.234,35.943,1
2012,RS,Education,1,108,direta,False,16.3,33.995,1
2012,RS,Sanitation,21,160,direta,True,16.212,33.811,1
2012,RS,Energy,1,14,direta,True,14.75,30.762,1
2012,RS,Energy,18,247,indireta,True,30.797,64.23,3
2012,RS,Sanitation,1,4,indireta,True,13.98,29.156,1
2012,RS,Health,18,84,indireta,False,15.972,33.311,2
2012,RS,Logistics,14,56,indireta,True,21.182,44.177,4
2012,RS,Logistics,18,247,indireta,True,8.279,17.267,2
2012,RS,Logistics,14,251,indireta,True,8.702,18.148,3
2012,RS,Health,18,248,indireta,False,7.462,15.562,1
2012,RS,Logistics,18,56,indireta,True,6.563,13.687,1
2012,RS,Education,18,247,indireta,False,14.42,30.073,3
2012,RS,Logistics,1,56,direta,True,6.103,12.729,1
2012,RS,Health,1,84,direta,False,4.686,9.773,1
2012,RS,Logistics,14,241,indireta,True,5.27,10.992,2
2012,RS,Education,18,248,indireta,False,3.85,8.029,1
2012,RS,Health,18,247,indireta,False,7.255,15.13,3
2012,RS,Sanitation,14,56,indireta,True,7.742,16.146,4
2012,RS,Logistics,22,280,indireta,True,5.44,11.346,3
2012,RS,Sanitation,18,247,indireta,True,3.239,6.756,1
2012,RS,Logistics,18,245,indireta,True,6.221,12.974,3
2012,RS,Sanitation,14,251,indireta,True,5.336,11.128,3
2012,RS,Telecommunications,18,250,indireta,True,2.184,4.554,1
2012,RS,Sanitation,22,280,indireta,True,2.661,5.55,3
2012,RS,Telecommunications,22,280,indireta,True,2.029,4.231,2
2012,RS,Energy,14,192,indireta,True,1.49,3.107,1
2012,RS,Energy,18,56,indireta,True,1.327,2.767,1
2012,RS,Logistics,14,192,indireta,True,2.192,4.572,4
2012,RS,Sanitation,14,192,indireta,True,2.404,5.014,4
2012,RS,Energy,14,251,indireta,True,1.611,3.361,4
2012,RS,Energy,1,110,direta,True,0.508,1.059,1
2012,RS,Energy,1,35,indireta,True,0.389,0.811,1
2012,RS,Logistics,18,33,indireta,True,0.35,0.731,1
2012,RS,Sanitation,1,2,indireta,True,0.257,0.536,1
2012,RS,Sanitation,0,0,direta,True,0.16,0.333,1
2012,RS,Energy,22,280,indireta,True,0.341,0.711,3
2012,RS,Rail transport,14,251,indireta,True,0.108,0.226,1
2012,RS,Logistics,14,252,indireta,True,0.074,0.154,1
2012,RS,Education,0,21,direta,False,0.07,0.146,1
2012,RS,Health,18,253,indireta,False,0.05,0.104,1
2012,RS,Education,18,244,indireta,False,0.04,0.083,1
2012,RS,Telecommunications,14,257,indireta,True,0.036,0.075,1
2012,RS,Health,18,244,indireta,False,0.035,0.072,1
2012,RS,Sanitation,14,252,indireta,True,0.032,0.067,1
2012,RS,Rail transport,22,280,indireta,True,0.025,0.051,1
2012,RS,Telecommunications,18,253,indireta,True,0.024,0.05,1
2012,RS,Logistics,18,253,indireta,True,0.02,0.042,1
2012,RS,Logistics,18,244,indireta,True,0.013,0.028,1
2012,RS,Rail transport,18,244,indireta,True,0.002,0.004,1
2012,SC,Energy,1,35,direta,True,287.622,599.855,1
2012,SC,Road transport,1,43,direta,True,101.753,212.212,1
2012,SC,Energy,1,30,direta,True,69.982,145.952,1
2012,SC,Energy,18,247,indireta,True,29.53,61.586,3
2012,SC,Energy,14,56,indireta,True,34.967,72.926,4
2012,SC,Logistics,18,248,indireta,True,15.384,32.085,1
2012,SC,Education,1,89,direta,False,14.342,29.912,1
2012,SC,Sanitation,1,4,direta,True,13.865,28.916,1
2012,SC,Logistics,18,245,indireta,True,9.155,19.094,1
2012,SC,Logistics,18,33,indireta,True,14.412,30.058,2
2012,SC,Health,18,247,indireta,False,7.253,15.127,2
2012,SC,Health,18,250,indireta,False,6.2,12.93,1
2012,SC,Logistics,14,56,indireta,True,8.079,16.849,4
2012,SC,Logistics,18,247,indireta,True,4.68,9.76,2
2012,SC,Education,0,21,direta,False,4.017,8.379,1
2012,SC,Logistics,14,251,indireta,True,9.604,20.03,4
2012,SC,Logistics,22,280,indireta,True,6.062,12.642,3
2012,SC,Sanitation,14,56,indireta,True,6.625,13.817,4
2012,SC,Sanitation,14,251,indireta,True,8.756,18.261,4
2012,SC,Ports,1,38,indireta,True,2.966,6.186,1
2012,SC,Health,18,253,indireta,False,2.682,5.593,1
2012,SC,Telecommunications,22,280,indireta,True,2.498,5.211,2
2012,SC,Logistics,18,241,indireta,True,3.86,8.05,2
2012,SC,Sanitation,22,280,indireta,True,3.163,6.597,3
2012,SC,Sanitation,14,192,indireta,True,2.718,5.669,4
2012,SC,Education,18,247,indireta,False,1.915,3.995,2
2012,SC,Sanitation,18,247,indireta,True,1.384,2.886,1
2012,SC,Education,18,253,indireta,False,1.38,2.879,1
2012,SC,Sanitation,18,253,indireta,True,1.212,2.528,1
2012,SC,Logistics,14,192,indireta,True,1.888,3.938,4
2012,SC,Logistics,18,253,indireta,True,0.6,1.251,2
2012,SC,Energy,18,253,indireta,True,0.56,1.168,2
2012,SC,Logistics,14,241,indireta,True,0.44,0.918,1
2012,SC,Sanitation,1,2,direta,True,0.404,0.842,1
2012,SC,Energy,14,251,indireta,True,0.4,0.834,1
2012,SC,Sanitation,18,245,indireta,True,0.742,1.547,2
2012,SC,Energy,18,56,indireta,True,0.552,1.151,2
2012,SC,Health,18,56,indireta,False,0.295,0.616,1
2012,SC,Energy,1,110,direta,True,0.25,0.521,1
2012,SC,Education,18,244,indireta,False,0.156,0.325,1
2012,SC,Health,18,244,indireta,False,0.126,0.263,1
2012,SC,Sanitation,14,252,indireta,True,0.132,0.275,2
2012,SC,Telecommunications,18,253,indireta,True,0.15,0.312,2
2012,SC,Logistics,14,252,indireta,True,0.146,0.305,3
2012,SC,Energy,14,192,indireta,True,0.059,0.123,1
2012,SC,Energy,22,280,indireta,True,0.048,0.101,1
2012,SC,Logistics,1,110,indireta,True,0.042,0.088,1
2012,SC,Sanitation,18,244,indireta,True,0.044,0.092,2
2012,SC,Telecommunications,14,56,indireta,True,0.036,0.075,1
2012,SC,Telecommunications,18,244,indireta,True,0.035,0.073,1
2012,SC,Logistics,18,244,indireta,True,0.03,0.063,2
2012,SC,Rail transport,22,280,indireta,True,0.015,0.03,1
2012,SE,Energy,14,56,indireta,True,3.025,6.309,2
2012,SE,Energy,14,251,indireta,True,3.488,7.274,3
2012,SE,Sanitation,14,251,indireta,True,0.504,1.051,1
2012,SE,Logistics,14,251,indireta,True,0.466,0.972,1
2012,SE,Telecommunications,22,280,indireta,True,0.404,0.843,1
2012,SE,Logistics,22,280,indireta,True,0.406,0.847,2
2012,SE,Sanitation,22,280,indireta,True,0.315,0.656,1
2012,SE,Sanitation,14,192,indireta,True,0.361,0.754,2
2012,SE,Energy,22,280,indireta,True,0.135,0.282,1
2012,SE,Energy,14,252,indireta,True,0.119,0.248,1
2012,SE,Sanitation,14,252,indireta,True,0.029,0.061,1
2012,SP,Telecommunications,1,18,direta,True,1792.179,3737.702,1
2012,SP,Energy,1,10,direta,True,701.614,1463.261,1
2012,SP,Energy,1,69,direta,True,569.157,1187.013,1
2012,SP,Road transport,1,43,direta,True,541.066,1128.427,1
2012,SP,Ports,1,38,direta,True,1054.371,2198.957,4
2012,SP,Energy,1,56,direta,True,493.425,1029.068,1
2012,SP,Urban mobility,1,41,direta,True,590.78,1232.109,2
2012,SP,Energy,1,13,direta,True,378.604,789.602,1
2012,SP,Energy,1,30,direta,True,280.533,585.068,1
2012,SP,Ports,1,38,indireta,True,218.183,455.033,1
2012,SP,Energy,1,8,direta,True,214.061,446.437,1
2012,SP,Sanitation,21,160,direta,True,168.396,351.2,1
2012,SP,Energy,1,56,indireta,True,158.074,329.674,1
2012,SP,Health,1,84,indireta,False,144.766,301.918,1
2012,SP,Logistics,14,56,indireta,True,155.882,325.101,4
2012,SP,Energy,1,8,indireta,True,104.342,217.612,1
2012,SP,Logistics,21,160,direta,True,76.279,159.084,1
2012,SP,Sanitation,14,192,indireta,True,75.315,157.075,4
2012,SP,Health,1,84,direta,False,57.071,119.026,1
2012,SP,Rail transport,1,56,direta,True,37.306,77.804,1
2012,SP,Sanitation,1,4,indireta,True,35.56,74.163,1
2012,SP,Sanitation,1,4,direta,True,69.532,145.013,3
2012,SP,Sanitation,14,251,indireta,True,60.771,126.742,4
2012,SP,Energy,1,30,indireta,True,23.823,49.683,1
2012,SP,Education,18,247,indireta,False,25.541,53.267,3
2012,SP,Sanitation,14,56,indireta,True,30.866,64.374,4
2012,SP,Telecommunications,14,56,indireta,True,20.688,43.147,3
2012,SP,Logistics,22,280,indireta,True,25.337,52.842,3
2012,SP,Logistics,14,251,indireta,True,41.501,86.554,4
2012,SP,Energy,1,251,indireta,True,13.93,29.052,1
2012,SP,Energy,14,256,indireta,True,13.427,28.003,1
2012,SP,Rail transport,14,56,indireta,True,12.8,26.695,1
2012,SP,Health,18,250,indireta,False,10.912,22.758,1
2012,SP,Sanitation,18,248,indireta,True,10.19,21.252,1
2012,SP,Telecommunications,22,280,indireta,True,11.628,24.251,2
2012,SP,Sanitation,22,280,indireta,True,9.209,19.206,3
2012,SP,Energy,1,24,direta,True,6.692,13.957,1
2012,SP,Energy,14,56,indireta,True,12.313,25.68,4
2012,SP,Energy,18,248,indireta,True,6.047,12.612,1
2012,SP,Logistics,14,192,indireta,True,13.44,28.03,4
2012,SP,Health,18,84,indireta,False,5.662,11.809,1
2012,SP,Health,0,21,direta,False,5.0,10.428,1
2012,SP,Logistics,18,45,indireta,True,5.0,10.428,1
2012,SP,Rail transport,14,251,indireta,True,5.118,10.674,2
2012,SP,Energy,18,258,indireta,True,3.808,7.943,1
2012,SP,Energy,14,251,indireta,True,7.637,15.928,4
2012,SP,Telecommunications,14,257,indireta,True,3.668,7.651,1
2012,SP,Logistics,1,110,direta,True,3.488,7.274,1
2012,SP,Education,0,21,direta,False,3.253,6.783,1
2012,SP,Rail transport,14,192,indireta,True,3.25,6.779,1
2012,SP,Logistics,18,248,indireta,True,3.249,6.776,1
2012,SP,Health,18,247,indireta,False,6.709,13.992,3
2012,SP,Telecommunications,14,192,indireta,True,3.099,6.463,1
2012,SP,Logistics,18,241,indireta,True,3.56,7.425,2
2012,SP,Education,18,250,indireta,False,2.907,6.062,1
2012,SP,Energy,1,35,direta,True,2.766,5.769,1
2012,SP,Logistics,1,42,direta,True,2.352,4.906,1
2012,SP,Energy,1,112,indireta,True,2.01,4.192,1
2012,SP,Energy,1,110,direta,True,1.771,3.693,1
2012,SP,Logistics,1,56,direta,True,1.438,2.999,1
2012,SP,Health,18,244,indireta,False,1.449,3.022,3
2012,SP,Health,1,2,indireta,False,0.97,2.023,1
2012,SP,Health,1,56,indireta,False,0.953,1.988,1
2012,SP,Health,1,56,direta,False,0.953,1.988,1
2012,SP,Logistics,14,252,indireta,True,0.949,1.98,3
2012,SP,Health,1,9,direta,False,0.655,1.366,1
2012,SP,Health,18,56,indireta,False,0.65,1.355,1
2012,SP,Health,18,248,indireta,False,0.636,1.327,1
2012,SP,Education,18,7,indireta,False,0.53,1.105,1
2012,SP,Logistics,14,259,indireta,True,0.481,1.004,1
2012,SP,Energy,22,280,indireta,True,0.846,1.765,2
2012,SP,Sanitation,0,0,direta,True,0.42,0.875,1
2012,SP,Health,0,0,direta,False,0.623,1.298,2
2012,SP,Health,1,9,indireta,False,0.35,0.731,1
2012,SP,Health,18,7,indireta,False,0.339,0.707,1
2012,SP,Logistics,14,241,indireta,True,0.32,0.667,1
2012,SP,Logistics,1,11,direta,True,0.32,0.667,1
2012,SP,Sanitation,14,252,indireta,True,0.442,0.921,4
2012,SP,Energy,14,192,indireta,True,0.189,0.394,1
2012,SP,Energy,14,252,indireta,True,0.242,0.504,2
2012,SP,Education,18,244,indireta,False,0.198,0.413,3
2012,SP,Rail transport,22,280,indireta,True,0.127,0.265,1
2012,SP,Sanitation,18,244,indireta,True,0.035,0.073,2
2012,SP,Telecommunications,18,244,indireta,True,0.024,0.05,1
2012,SP,Logistics,18,244,indireta,True,0.02,0.042,2
2012,SP,Rail transport,18,244,indireta,True,0.01,0.021,1
2012,SP,Energy,18,244,indireta,True,0.005,0.01,1
2012,TO,Energy,1,35,direta,True,222.202,463.416,1
2012,TO,Rail transport,14,192,indireta,True,100.987,210.614,1
2012,TO,Energy,1,110,direta,True,19.397,40.454,1
2012,TO,Energy,1,14,direta,True,18.704,39.009,1
2012,TO,Energy,1,14,indireta,True,4.658,9.716,1
2012,TO,Sanitation,14,192,indireta,True,2.393,4.99,2
2012,TO,Education,18,247,indireta,False,2.204,4.596,1
2012,TO,Sanitation,22,280,indireta,True,0.915,1.909,2
2012,TO,Sanitation,14,251,indireta,True,0.643,1.341,2
2012,TO,Logistics,22,280,indireta,True,0.291,0.608,1
2012,TO,Logistics,14,251,indireta,True,0.179,0.374,1
2012,TO,Sanitation,14,56,indireta,True,0.148,0.31,1
2012,TO,Telecommunications,22,280,indireta,True,0.097,0.203,1
2012,TO,Energy,22,280,indireta,True,0.093,0.193,1
2012,TO,Logistics,14,192,indireta,True,0.062,0.13,1
2012,TO,Sanitation,14,252,indireta,True,0.048,0.099,1
2013,AC,Sanitation,1,4,direta,True,2.428,4.767,1
2013,AC,Telecommunications,1,18,direta,True,1.766,3.468,1
2013,AC,Health,18,253,indireta,False,1.333,2.618,2
2013,AC,Education,18,253,indireta,False,0.832,1.634,1
2013,AC,Health,0,83,direta,False,0.653,1.283,1
2013,AC,Telecommunications,1,42,direta,True,0.231,0.454,1
2013,AC,Logistics,18,253,indireta,True,0.23,0.452,1
2013,AC,Logistics,14,56,indireta,True,0.184,0.361,1
2013,AC,Education,0,83,direta,False,0.181,0.355,1
2013,AC,Logistics,22,280,indireta,True,0.134,0.264,1
2013,AC,Sanitation,22,280,indireta,True,0.074,0.145,1
2013,AC,Telecommunications,1,56,direta,True,0.059,0.116,1
2013,AC,Telecommunications,1,110,direta,True,0.056,0.11,1
2013,AC,Energy,1,110,direta,True,0.04,0.078,1
2013,AC,Telecommunications,22,280,indireta,True,0.041,0.08,2
2013,AC,Health,0,0,direta,False,0.003,0.006,1
2013,AL,Telecommunications,1,18,direta,True,10.852,21.31,1
2013,AL,Sanitation,14,251,indireta,True,5.453,10.708,4
2013,AL,Telecommunications,1,42,direta,True,2.425,4.763,1
2013,AL,Logistics,14,251,indireta,True,2.794,5.487,3
2013,AL,Telecommunications,14,56,indireta,True,0.89,1.748,1
2013,AL,Telecommunications,22,280,indireta,True,1.012,1.986,2
2013,AL,Telecommunications,1,56,direta,True,0.62,1.217,1
2013,AL,Sanitation,22,280,indireta,True,0.543,1.066,2
2013,AL,Logistics,14,56,indireta,True,0.375,0.736,1
2013,AL,Telecommunications,1,110,direta,True,0.303,0.596,1
2013,AL,Telecommunications,1,257,direta,True,0.268,0.527,1
2013,AL,Health,0,0,direta,False,0.238,0.468,2
2013,AL,Logistics,22,280,indireta,True,0.085,0.167,1
2013,AL,Sanitation,14,56,indireta,True,0.028,0.055,1
2013,AM,Road transport,1,43,direta,True,18.073,35.49,1
2013,AM,Sanitation,18,248,indireta,True,10.0,19.637,1
2013,AM,Telecommunications,1,18,direta,True,9.84,19.323,1
2013,AM,Ports,1,38,indireta,True,3.669,7.205,1
2013,AM,Sanitation,14,56,indireta,True,3.667,7.2,3
2013,AM,Education,1,89,direta,False,2.602,5.11,1
2013,AM,Energy,1,10,direta,True,2.5,4.909,1
2013,AM,Telecommunications,1,42,direta,True,1.732,3.402,1
2013,AM,Sanitation,14,251,indireta,True,1.295,2.543,3
2013,AM,Logistics,14,251,indireta,True,1.927,3.784,2
2013,AM,Telecommunications,22,280,indireta,True,0.716,1.406,2
2013,AM,Logistics,22,280,indireta,True,0.694,1.363,2
2013,AM,Telecommunications,1,56,direta,True,0.443,0.869,1
2013,AM,Telecommunications,1,110,direta,True,0.314,0.616,1
2013,AM,Education,0,83,direta,False,0.292,0.573,1
2013,AM,Telecommunications,14,56,indireta,True,0.269,0.529,1
2013,AM,Health,0,0,direta,False,0.521,1.023,4
2013,AM,Sanitation,22,280,indireta,True,0.133,0.262,1
2013,AM,Sanitation,14,192,indireta,True,0.07,0.137,1
2013,AM,Logistics,14,56,indireta,True,0.067,0.132,1
2013,AM,Telecommunications,1,257,direta,True,0.022,0.043,1
2013,AP,Energy,1,35,direta,True,275.209,540.435,1
2013,AP,Energy,1,56,direta,True,159.963,314.124,1
2013,AP,Telecommunications,1,18,direta,True,1.906,3.743,1
2013,AP,Sanitation,14,251,indireta,True,0.814,1.599,2
2013,AP,Telecommunications,1,42,direta,True,0.346,0.68,1
2013,AP,Telecommunications,22,280,indireta,True,0.299,0.587,2
2013,AP,Education,0,83,direta,False,0.181,0.355,1
2013,AP,Telecommunications,1,56,direta,True,0.088,0.174,1
2013,AP,Sanitation,22,280,indireta,True,0.129,0.253,2
2013,AP,Logistics,22,280,indireta,True,0.059,0.116,1
2013,AP,Telecommunications,1,110,direta,True,0.059,0.116,1
2013,AP,Telecommunications,18,244,indireta,True,0.017,0.033,1
2013,AP,Telecommunications,1,257,direta,True,0.013,0.026,1
2013,AP,Health,0,0,direta,False,0.002,0.003,1
2013,BA,Energy,1,30,direta,True,736.775,1446.826,1
2013,BA,Energy,1,8,direta,True,339.13,665.959,1
2013,BA,Energy,1,30,indireta,True,130.81,256.875,1
2013,BA,Road transport,1,43,indireta,True,129.391,254.089,1
2013,BA,Road transport,1,43,direta,True,93.425,183.462,1
2013,BA,Sanitation,1,4,direta,True,44.663,87.706,1
2013,BA,Telecommunications,1,18,direta,True,34.498,67.745,1
2013,BA,Education,1,89,direta,False,30.632,60.154,2
2013,BA,Energy,1,56,direta,True,26.395,51.833,1
2013,BA,Health,18,84,indireta,False,20.0,39.275,1
2013,BA,Ports,1,38,direta,True,18.184,35.708,1
2013,BA,Education,1,136,direta,False,13.559,26.626,1
2013,BA,Sanitation,14,251,indireta,True,23.306,45.766,4
2013,BA,Education,1,108,direta,False,11.0,21.601,1
2013,BA,Logistics,14,56,indireta,True,15.732,30.894,3
2013,BA,Sanitation,21,160,direta,True,10.189,20.009,1
2013,BA,Energy,14,56,indireta,True,16.28,31.969,2
2013,BA,Sanitation,1,160,direta,True,7.553,14.832,1
2013,BA,Telecommunications,1,42,direta,True,4.851,9.526,1
2013,BA,Logistics,14,251,indireta,True,7.072,13.888,4
2013,BA,Logistics,18,241,indireta,True,3.79,7.443,1
2013,BA,Logistics,22,280,indireta,True,5.303,10.414,3
2013,BA,Sanitation,14,56,indireta,True,3.974,7.805,3
2013,BA,Telecommunications,22,280,indireta,True,1.961,3.851,1
2013,BA,Energy,1,110,direta,True,2.752,5.404,2
2013,BA,Telecommunications,1,56,direta,True,1.239,2.433,1
2013,BA,Telecommunications,1,257,direta,True,1.091,2.143,1
2013,BA,Telecommunications,14,56,indireta,True,1.33,2.611,2
2013,BA,Health,0,21,direta,False,1.0,1.964,1
2013,BA,Telecommunications,1,110,direta,True,0.873,1.714,1
2013,BA,Sanitation,22,280,indireta,True,0.918,1.802,2
2013,BA,Telecommunications,14,251,indireta,True,0.475,0.932,1
2013,BA,Logistics,14,192,indireta,True,0.249,0.489,1
2013,BA,Health,0,0,direta,False,0.43,0.844,3
2013,BA,Sanitation,14,192,indireta,True,0.179,0.352,1
2013,BA,Energy,14,251,indireta,True,0.083,0.163,1
2013,BA,Health,18,244,indireta,False,0.05,0.098,1
2013,BA,Energy,22,280,indireta,True,0.003,0.007,1
2013,CE,Energy,1,30,direta,True,311.304,611.316,1
2013,CE,Energy,1,8,indireta,True,155.515,305.39,1
2013,CE,Energy,1,56,indireta,True,46.008,90.347,1
2013,CE,Telecommunications,1,18,direta,True,27.886,54.761,1
2013,CE,Energy,1,30,indireta,True,19.921,39.12,1
2013,CE,Sanitation,1,4,direta,True,16.58,32.558,1
2013,CE,Energy,1,35,direta,True,16.44,32.283,1
2013,CE,Sanitation,14,251,indireta,True,15.677,30.785,4
2013,CE,Education,18,247,indireta,False,9.995,19.628,2
2013,CE,Telecommunications,1,42,direta,True,4.966,9.753,1
2013,CE,Logistics,18,247,indireta,True,4.071,7.995,1
2013,CE,Logistics,14,251,indireta,True,6.024,11.829,3
2013,CE,Education,1,89,direta,False,3.534,6.94,1
2013,CE,Telecommunications,1,56,direta,True,1.268,2.491,1
2013,CE,Telecommunications,14,56,indireta,True,1.249,2.453,2
2013,CE,Energy,1,110,direta,True,0.95,1.866,1
2013,CE,Telecommunications,22,280,indireta,True,0.946,1.858,2
2013,CE,Telecommunications,1,257,direta,True,0.904,1.776,1
2013,CE,Logistics,22,280,indireta,True,1.412,2.773,3
2013,CE,Sanitation,22,280,indireta,True,1.127,2.214,2
2013,CE,Telecommunications,1,110,direta,True,0.717,1.407,1
2013,CE,Health,0,0,direta,False,0.602,1.182,2
2013,CE,Logistics,14,56,indireta,True,0.468,0.919,1
2013,CE,Sanitation,14,56,indireta,True,0.455,0.893,1
2013,DF,Ports,1,38,direta,True,488.0,958.3,1
2013,DF,Telecommunications,1,18,direta,True,32.922,64.65,1
2013,DF,Education,1,89,direta,False,25.815,50.694,1
2013,DF,Health,18,247,indireta,False,11.581,22.743,2
2013,DF,Telecommunications,1,42,direta,True,3.349,6.578,1
2013,DF,Education,18,247,indireta,False,2.69,5.282,1
2013,DF,Sanitation,14,56,indireta,True,2.343,4.6,1
2013,DF,Telecommunications,1,257,direta,True,1.969,3.867,1
2013,DF,Sanitation,14,251,indireta,True,1.463,2.873,3
2013,DF,Telecommunications,1,56,direta,True,0.856,1.68,1
2013,DF,Logistics,22,280,indireta,True,0.874,1.717,2
2013,DF,Telecommunications,1,110,direta,True,0.622,1.222,1
2013,DF,Logistics,14,251,indireta,True,0.94,1.846,3
2013,DF,Telecommunications,14,56,indireta,True,0.677,1.33,2
2013,DF,Health,0,0,direta,False,0.24,0.471,2
2013,DF,Sanitation,0,0,direta,True,0.183,0.36,1
2013,DF,Sanitation,22,280,indireta,True,0.182,0.358,1
2013,DF,Telecommunications,22,280,indireta,True,0.265,0.521,2
2013,DF,Logistics,14,56,indireta,True,0.044,0.086,1
2013,ES,Urban mobility,1,41,direta,True,80.284,157.657,1
2013,ES,Energy,1,8,direta,True,26.872,52.769,1
2013,ES,Telecommunications,1,18,direta,True,20.572,40.398,1
2013,ES,Sanitation,1,4,direta,True,16.056,31.529,2
2013,ES,Urban mobility,1,168,direta,True,5.46,10.721,1
2013,ES,Health,1,12,direta,False,4.962,9.743,1
2013,ES,Logistics,14,251,indireta,True,5.046,9.909,4
2013,ES,Telecommunications,1,42,direta,True,3.349,6.578,1
2013,ES,Sanitation,14,251,indireta,True,7.918,15.549,4
2013,ES,Energy,14,56,indireta,True,2.302,4.521,1
2013,ES,Energy,1,10,direta,True,1.96,3.849,1
2013,ES,Logistics,22,280,indireta,True,2.034,3.995,3
2013,ES,Telecommunications,22,280,indireta,True,1.296,2.545,1
2013,ES,Education,18,247,indireta,False,1.237,2.429,1
2013,ES,Sanitation,14,56,indireta,True,2.76,5.421,4
2013,ES,Logistics,18,241,indireta,True,1.016,1.995,1
2013,ES,Telecommunications,1,56,direta,True,0.856,1.68,1
2013,ES,Telecommunications,14,56,indireta,True,1.005,1.973,2
2013,ES,Logistics,14,56,indireta,True,0.94,1.846,3
2013,ES,Energy,14,251,indireta,True,0.668,1.312,1
2013,ES,Telecommunications,1,110,direta,True,0.562,1.103,1
2013,ES,Telecommunications,1,257,direta,True,0.484,0.95,1
2013,ES,Health,18,244,indireta,False,0.468,0.919,3
2013,ES,Sanitation,22,280,indireta,True,0.6,1.178,3
2013,ES,Telecommunications,14,251,indireta,True,0.405,0.796,2
2013,ES,Energy,1,110,direta,True,0.294,0.577,1
2013,ES,Rail transport,14,251,indireta,True,0.203,0.398,1
2013,ES,Education,18,244,indireta,False,0.166,0.326,3
2013,ES,Logistics,18,244,indireta,True,0.155,0.304,2
2013,ES,Telecommunications,18,244,indireta,True,0.025,0.049,2
2013,ES,Sanitation,18,244,indireta,True,0.01,0.02,1
2013,ES,Energy,18,244,indireta,True,0.005,0.01,1
2013,ES,Health,0,0,direta,False,0.003,0.006,1
2013,GO,Ports,1,38,direta,True,98.417,193.264,1
2013,GO,Energy,1,30,direta,True,49.5,97.205,1
2013,GO,Energy,1,10,direta,True,38.35,75.309,1
2013,GO,Logistics,14,56,indireta,True,28.546,56.056,4
2013,GO,Energy,1,69,direta,True,24.0,47.129,1
2013,GO,Telecommunications,1,18,direta,True,23.694,46.529,1
2013,GO,Energy,1,32,direta,True,22.453,44.093,1
2013,GO,Sanitation,1,4,direta,True,15.701,30.833,2
2013,GO,Logistics,14,251,indireta,True,14.643,28.755,4
2013,GO,Logistics,18,33,indireta,True,7.378,14.489,1
2013,GO,Energy,14,56,indireta,True,4.535,8.906,1
2013,GO,Logistics,18,121,indireta,True,4.273,8.391,1
2013,GO,Education,1,89,direta,False,3.347,6.573,1
2013,GO,Telecommunications,1,42,direta,True,2.772,5.443,1
2013,GO,Sanitation,14,251,indireta,True,5.563,10.923,4
2013,GO,Energy,1,10,indireta,True,2.282,4.481,1
2013,GO,Logistics,22,280,indireta,True,2.325,4.565,3
2013,GO,Energy,1,56,direta,True,1.44,2.828,1
2013,GO,Telecommunications,1,56,direta,True,1.101,2.162,1
2013,GO,Telecommunications,22,280,indireta,True,0.785,1.541,1
2013,GO,Telecommunications,1,257,direta,True,0.74,1.453,1
2013,GO,Education,18,247,indireta,False,0.712,1.398,1
2013,GO,Telecommunications,1,110,direta,True,0.674,1.324,1
2013,GO,Sanitation,22,280,indireta,True,0.858,1.684,2
2013,GO,Sanitation,14,56,indireta,True,1.959,3.847,4
2013,GO,Logistics,18,241,indireta,True,0.705,1.385,2
2013,GO,Health,0,0,direta,False,0.572,1.123,3
2013,GO,Logistics,14,192,indireta,True,0.459,0.901,1
2013,GO,Health,18,247,indireta,False,0.436,0.857,1
2013,GO,Energy,1,110,direta,True,0.278,0.547,1
2013,GO,Telecommunications,14,56,indireta,True,0.145,0.286,2
2013,GO,Education,18,250,indireta,False,0.097,0.189,1
2013,GO,Energy,22,280,indireta,True,0.087,0.17,2
2013,GO,Health,18,244,indireta,False,0.06,0.118,1
2013,GO,Education,18,244,indireta,False,0.02,0.039,1
2013,MA,Ports,1,38,direta,True,966.708,1898.353,2
2013,MA,Energy,1,35,direta,True,280.7,551.219,1
2013,MA,Energy,1,8,direta,True,151.884,298.26,1
2013,MA,Energy,1,56,direta,True,33.064,64.929,1
2013,MA,Logistics,1,56,direta,True,17.41,34.189,1
2013,MA,Telecommunications,1,18,direta,True,9.832,19.307,1
2013,MA,Sanitation,1,4,direta,True,3.087,6.063,1
2013,MA,Logistics,14,251,indireta,True,2.689,5.281,3
2013,MA,Telecommunications,1,42,direta,True,1.617,3.175,1
2013,MA,Sanitation,14,251,indireta,True,2.567,5.041,3
2013,MA,Sanitation,14,56,indireta,True,0.964,1.894,1
2013,MA,Telecommunications,22,280,indireta,True,0.662,1.3,3
2013,MA,Health,0,0,direta,False,0.866,1.7,4
2013,MA,Telecommunications,1,56,direta,True,0.413,0.811,1
2013,MA,Sanitation,22,280,indireta,True,0.397,0.779,2
2013,MA,Telecommunications,1,110,direta,True,0.312,0.612,1
2013,MA,Logistics,22,280,indireta,True,0.297,0.583,2
2013,MA,Energy,1,110,direta,True,0.2,0.393,1
2013,MA,Education,0,83,direta,False,0.181,0.355,1
2013,MA,Sanitation,14,192,indireta,True,0.162,0.318,1
2013,MA,Telecommunications,14,251,indireta,True,0.128,0.251,1
2013,MA,Telecommunications,14,56,indireta,True,0.089,0.174,1
2013,MA,Energy,22,280,indireta,True,0.024,0.046,1
2013,MA,Telecommunications,1,257,direta,True,0.022,0.043,1
2013,MG,Energy,21,160,direta,True,394.453,774.599,1
2013,MG,Sanitation,21,160,direta,True,176.304,346.214,1
2013,MG,Ports,1,38,direta,True,174.783,343.226,1
2013,MG,Road transport,1,43,direta,True,87.431,171.69,1
2013,MG,Energy,1,32,direta,True,73.377,144.092,1
2013,MG,Telecommunications,1,18,direta,True,72.943,143.24,1
2013,MG,Energy,1,56,direta,True,72.348,142.072,1
2013,MG,Energy,1,10,direta,True,67.778,133.098,1
2013,MG,Rail transport,1,56,indireta,True,58.378,114.639,1
2013,MG,Sanitation,14,56,indireta,True,50.713,99.587,3
2013,MG,Health,1,9,indireta,False,38.313,75.237,1
2013,MG,Energy,1,30,direta,True,35.979,70.653,1
2013,MG,Energy,14,56,indireta,True,35.98,70.654,4
2013,MG,Sanitation,14,251,indireta,True,43.779,85.971,4
2013,MG,Energy,1,69,direta,True,24.0,47.129,1
2013,MG,Logistics,14,251,indireta,True,30.705,60.296,4
2013,MG,Logistics,14,56,indireta,True,30.347,59.594,4
2013,MG,Sanitation,1,4,direta,True,32.525,63.87,3
2013,MG,Rail transport,1,56,direta,True,14.983,29.423,1
2013,MG,Telecommunications,1,42,direta,True,11.434,22.454,1
2013,MG,Logistics,18,241,indireta,True,14.065,27.621,3
2013,MG,Telecommunications,1,257,direta,True,9.721,19.089,1
2013,MG,Sanitation,18,248,indireta,True,8.726,17.136,1
2013,MG,Telecommunications,1,56,direta,True,8.684,17.054,1
2013,MG,Energy,18,247,indireta,True,10.838,21.284,2
2013,MG,Telecommunications,18,250,indireta,True,6.622,13.004,1
2013,MG,Telecommunications,22,280,indireta,True,8.109,15.923,2
2013,MG,Rail transport,1,20,direta,True,5.61,11.017,1
2013,MG,Education,18,247,indireta,False,5.571,10.939,1
2013,MG,Logistics,22,280,indireta,True,5.865,11.518,3
2013,MG,Telecommunications,14,56,indireta,True,6.231,12.236,3
2013,MG,Health,18,247,indireta,False,6.012,11.807,3
2013,MG,Health,1,9,direta,False,2.65,5.204,1
2013,MG,Health,0,0,direta,False,2.179,4.279,3
2013,MG,Sanitation,18,247,indireta,True,1.994,3.915,1
2013,MG,Logistics,18,33,indireta,True,3.473,6.82,2
2013,MG,Education,18,250,indireta,False,1.557,3.057,1
2013,MG,Energy,18,56,indireta,True,1.528,3.0,1
2013,MG,Telecommunications,1,110,direta,True,1.526,2.996,1
2013,MG,Energy,1,8,indireta,True,1.496,2.938,1
2013,MG,Energy,14,251,indireta,True,2.329,4.573,2
2013,MG,Energy,1,24,indireta,True,1.129,2.217,1
2013,MG,Sanitation,22,280,indireta,True,1.16,2.278,2
2013,MG,Energy,18,248,indireta,True,0.817,1.604,1
2013,MG,Energy,1,110,direta,True,0.306,0.601,1
2013,MG,Health,18,244,indireta,False,0.22,0.432,2
2013,MG,Telecommunications,14,251,indireta,True,0.176,0.346,1
2013,MG,Sanitation,14,192,indireta,True,0.154,0.303,1
2013,MG,Education,18,244,indireta,False,0.152,0.299,2
2013,MG,Logistics,18,244,indireta,True,0.104,0.204,2
2013,MG,Telecommunications,18,244,indireta,True,0.05,0.098,2
2013,MG,Rail transport,22,280,indireta,True,0.005,0.01,1
2013,MG,Sanitation,18,244,indireta,True,0.003,0.006,1
2013,MS,Road transport,1,43,direta,True,260.1,510.766,1
2013,MS,Rail transport,1,20,direta,True,61.018,119.822,1
2013,MS,Energy,1,30,direta,True,30.0,58.912,1
2013,MS,Energy,1,10,direta,True,26.437,51.915,1
2013,MS,Energy,1,56,direta,True,22.103,43.404,1
2013,MS,Energy,1,30,indireta,True,15.44,30.32,1
2013,MS,Telecommunications,1,18,direta,True,10.989,21.579,1
2013,MS,Logistics,14,251,indireta,True,5.363,10.531,3
2013,MS,Sanitation,14,251,indireta,True,4.365,8.571,4
2013,MS,Logistics,18,121,indireta,True,2.935,5.764,1
2013,MS,Logistics,18,241,indireta,True,2.667,5.237,3
2013,MS,Sanitation,14,56,indireta,True,3.01,5.912,4
2013,MS,Logistics,14,56,indireta,True,3.259,6.401,3
2013,MS,Telecommunications,1,42,direta,True,1.617,3.175,1
2013,MS,Telecommunications,22,280,indireta,True,0.975,1.915,1
2013,MS,Ports,1,38,direta,True,0.804,1.578,1
2013,MS,Logistics,22,280,indireta,True,1.574,3.09,3
2013,MS,Telecommunications,14,56,indireta,True,0.61,1.198,1
2013,MS,Health,0,0,direta,False,0.777,1.526,3
2013,MS,Telecommunications,1,56,direta,True,0.544,1.068,1
2013,MS,Sanitation,22,280,indireta,True,0.492,0.966,2
2013,MS,Telecommunications,1,110,direta,True,0.316,0.62,1
2013,MS,Telecommunications,1,257,direta,True,0.301,0.591,1
2013,MS,Energy,1,110,direta,True,0.2,0.393,1
2013,MS,Energy,22,280,indireta,True,0.169,0.332,1
2013,MT,Energy,1,35,direta,True,1059.048,2079.683,1
2013,MT,Energy,1,35,indireta,True,219.048,430.151,1
2013,MT,Road transport,1,43,indireta,True,199.132,391.04,1
2013,MT,Ports,1,38,direta,True,166.508,326.976,2
2013,MT,Energy,1,10,direta,True,104.25,204.719,1
2013,MT,Rail transport,14,56,indireta,True,103.068,202.398,1
2013,MT,Energy,1,30,direta,True,90.0,176.736,1
2013,MT,Rail transport,1,20,direta,True,27.326,53.661,1
2013,MT,Energy,1,69,direta,True,24.0,47.129,1
2013,MT,Logistics,14,56,indireta,True,26.443,51.928,4
2013,MT,Telecommunications,1,18,direta,True,11.838,23.247,1
2013,MT,Energy,14,56,indireta,True,11.25,22.092,2
2013,MT,Energy,1,56,direta,True,8.04,15.788,1
2013,MT,Energy,18,247,indireta,True,8.039,15.786,1
2013,MT,Education,1,89,direta,False,7.336,14.406,1
2013,MT,Logistics,14,251,indireta,True,15.01,29.476,4
2013,MT,Sanitation,14,251,indireta,True,3.198,6.279,3
2013,MT,Logistics,18,241,indireta,True,2.644,5.193,3
2013,MT,Logistics,1,56,direta,True,1.965,3.859,1
2013,MT,Logistics,22,280,indireta,True,2.386,4.685,3
2013,MT,Sanitation,22,280,indireta,True,1.574,3.09,2
2013,MT,Health,0,83,direta,False,1.383,2.716,1
2013,MT,Sanitation,14,56,indireta,True,2.664,5.231,2
2013,MT,Telecommunications,1,42,direta,True,1.155,2.268,1
2013,MT,Logistics,18,121,indireta,True,0.628,1.232,1
2013,MT,Logistics,18,33,indireta,True,0.575,1.13,1
2013,MT,Telecommunications,22,280,indireta,True,0.537,1.055,2
2013,MT,Telecommunications,1,110,direta,True,0.317,0.623,1
2013,MT,Telecommunications,1,56,direta,True,0.295,0.579,1
2013,MT,Logistics,1,42,direta,True,0.279,0.547,1
2013,MT,Telecommunications,1,257,direta,True,0.251,0.493,1
2013,MT,Health,0,0,direta,False,0.24,0.471,2
2013,MT,Energy,14,251,indireta,True,0.196,0.385,1
2013,MT,Education,0,83,direta,False,0.181,0.355,1
2013,MT,Education,18,244,indireta,False,0.02,0.039,1
2013,MT,Health,18,244,indireta,False,0.01,0.02,1
2013,PA,Energy,1,35,direta,True,2592.135,5090.25,1
2013,PA,Energy,1,35,indireta,True,2163.916,4249.345,1
2013,PA,Energy,1,56,direta,True,609.553,1196.997,1
2013,PA,Energy,1,10,direta,True,33.785,66.345,1
2013,PA,Ports,1,38,direta,True,29.109,57.161,2
2013,PA,Telecommunications,1,18,direta,True,20.274,39.813,1
2013,PA,Rail transport,1,56,direta,True,7.632,14.988,1
2013,PA,Rail transport,1,56,indireta,True,7.632,14.988,1
2013,PA,Sanitation,14,251,indireta,True,8.136,15.977,3
2013,PA,Telecommunications,1,42,direta,True,3.118,6.124,1
2013,PA,Health,0,83,direta,False,3.382,6.642,2
2013,PA,Logistics,14,251,indireta,True,4.113,8.077,3
2013,PA,Telecommunications,22,280,indireta,True,1.739,3.415,2
2013,PA,Education,0,21,direta,False,1.472,2.891,1
2013,PA,Telecommunications,1,56,direta,True,0.796,1.564,1
2013,PA,Logistics,14,56,indireta,True,0.772,1.516,1
2013,PA,Education,0,83,direta,False,0.946,1.858,2
2013,PA,Telecommunications,1,110,direta,True,0.643,1.262,1
2013,PA,Health,18,250,indireta,False,0.485,0.953,1
2013,PA,Sanitation,14,56,indireta,True,0.363,0.713,1
2013,PA,Logistics,22,280,indireta,True,0.425,0.835,3
2013,PA,Health,0,0,direta,False,0.47,0.922,3
2013,PA,Sanitation,22,280,indireta,True,0.148,0.29,1
2013,PA,Energy,1,110,direta,True,0.12,0.236,1
2013,PA,Telecommunications,1,257,direta,True,0.031,0.06,1
2013,PB,Energy,1,8,indireta,True,44.576,87.535,1
2013,PB,Energy,14,56,indireta,True,14.844,29.15,1
2013,PB,Telecommunications,1,18,direta,True,11.082,21.762,1
2013,PB,Energy,18,250,indireta,True,10.0,19.637,1
2013,PB,Telecommunications,1,42,direta,True,1.848,3.629,1
2013,PB,Telecommunications,22,280,indireta,True,1.949,3.827,2
2013,PB,Energy,14,251,indireta,True,1.573,3.088,2
2013,PB,Sanitation,14,251,indireta,True,1.237,2.428,2
2013,PB,Telecommunications,14,56,indireta,True,1.371,2.693,2
2013,PB,Logistics,14,251,indireta,True,0.91,1.787,2
2013,PB,Sanitation,22,280,indireta,True,0.592,1.163,1
2013,PB,Telecommunications,1,56,direta,True,0.472,0.927,1
2013,PB,Education,1,89,direta,False,0.471,0.926,1
2013,PB,Logistics,14,56,indireta,True,0.406,0.797,1
2013,PB,Sanitation,14,56,indireta,True,0.541,1.062,2
2013,PB,Health,0,0,direta,False,0.362,0.712,2
2013,PB,Telecommunications,1,257,direta,True,0.345,0.678,1
2013,PB,Telecommunications,1,110,direta,True,0.286,0.561,1
2013,PB,Telecommunications,14,251,indireta,True,0.146,0.286,1
2013,PB,Logistics,22,280,indireta,True,0.116,0.228,1
2013,PE,Energy,1,8,direta,True,162.9,319.891,1
2013,PE,Sanitation,21,160,direta,True,45.921,90.177,1
2013,PE,Telecommunications,1,18,direta,True,34.67,68.082,1
2013,PE,Energy,1,56,direta,True,33.59,65.962,1
2013,PE,Energy,14,56,indireta,True,12.063,23.689,2
2013,PE,Logistics,18,250,indireta,True,10.275,20.178,1
2013,PE,Telecommunications,1,42,direta,True,6.237,12.248,1
2013,PE,Sanitation,14,251,indireta,True,12.942,25.414,4
2013,PE,Logistics,18,247,indireta,True,3.24,6.362,1
2013,PE,Rail transport,14,56,indireta,True,2.323,4.561,1
2013,PE,Logistics,14,251,indireta,True,2.498,4.905,3
2013,PE,Telecommunications,1,56,direta,True,1.593,3.128,1
2013,PE,Telecommunications,22,280,indireta,True,2.085,4.094,2
2013,PE,Telecommunications,1,257,direta,True,1.274,2.501,1
2013,PE,Logistics,14,56,indireta,True,1.606,3.154,3
2013,PE,Logistics,22,280,indireta,True,1.521,2.987,3
2013,PE,Telecommunications,14,56,indireta,True,1.585,3.112,3
2013,PE,Telecommunications,1,110,direta,True,0.861,1.691,1
2013,PE,Sanitation,14,56,indireta,True,0.898,1.763,2
2013,PE,Sanitation,22,280,indireta,True,0.95,1.866,2
2013,PE,Education,18,253,indireta,False,0.424,0.833,1
2013,PE,Health,0,0,direta,False,0.588,1.155,3
2013,PE,Telecommunications,18,253,indireta,True,0.208,0.409,1
2013,PE,Health,18,253,indireta,False,0.14,0.275,1
2013,PE,Ports,1,38,direta,True,0.051,0.1,1
2013,PE,Sanitation,14,192,indireta,True,0.014,0.027,1
2013,PI,Road transport,1,43,indireta,True,27.296,53.602,1
2013,PI,Ports,1,38,direta,True,15.64,30.712,1
2013,PI,Telecommunications,1,18,direta,True,7.116,13.974,1
2013,PI,Education,1,89,direta,False,4.303,8.451,1
2013,PI,Telecommunications,1,42,direta,True,1.501,2.949,1
2013,PI,Logistics,14,251,indireta,True,1.162,2.282,3
2013,PI,Telecommunications,1,56,direta,True,0.384,0.753,1
2013,PI,Sanitation,22,280,indireta,True,0.437,0.859,2
2013,PI,Telecommunications,22,280,indireta,True,0.24,0.47,1
2013,PI,Health,0,0,direta,False,0.24,0.471,2
2013,PI,Telecommunications,1,110,direta,True,0.213,0.418,1
2013,PI,Sanitation,14,251,indireta,True,0.153,0.3,1
2013,PI,Logistics,22,280,indireta,True,0.119,0.234,1
2013,PI,Telecommunications,1,257,direta,True,0.101,0.199,1
2013,PI,Telecommunications,14,56,indireta,True,0.183,0.36,2
2013,PR,Rail transport,1,20,direta,True,143.428,281.653,1
2013,PR,Sanitation,21,160,direta,True,135.196,265.489,1
2013,PR,Road transport,1,43,direta,True,126.434,248.283,1
2013,PR,Ports,1,38,direta,True,105.017,206.225,2
2013,PR,Energy,1,30,direta,True,75.232,147.736,1
2013,PR,Telecommunications,1,18,direta,True,69.518,136.515,1
2013,PR,Logistics,14,56,indireta,True,64.597,126.851,4
2013,PR,Sanitation,1,4,direta,True,72.11,141.604,3
2013,PR,Energy,1,56,direta,True,32.551,63.921,1
2013,PR,Logistics,1,33,indireta,True,26.3,51.646,1
2013,PR,Logistics,14,251,indireta,True,44.037,86.476,4
2013,PR,Telecommunications,14,56,indireta,True,19.569,38.428,3
2013,PR,Ports,1,38,indireta,True,15.0,29.456,1
2013,PR,Education,18,247,indireta,False,15.385,30.212,3
2013,PR,Logistics,18,250,indireta,True,13.084,25.693,1
2013,PR,Health,18,84,indireta,False,12.0,23.565,1
2013,PR,Energy,14,56,indireta,True,18.059,35.462,4
2013,PR,Sanitation,14,251,indireta,True,33.152,65.101,4
2013,PR,Sanitation,14,56,indireta,True,20.388,40.036,4
2013,PR,Education,1,89,direta,False,9.459,18.575,2
2013,PR,Telecommunications,1,42,direta,True,8.662,17.011,1
2013,PR,Logistics,18,33,indireta,True,8.486,16.664,1
2013,PR,Logistics,18,241,indireta,True,9.811,19.266,3
2013,PR,Energy,18,247,indireta,True,4.938,9.697,1
2013,PR,Logistics,22,280,indireta,True,7.57,14.865,3
2013,PR,Logistics,18,121,indireta,True,5.285,10.378,2
2013,PR,Logistics,18,45,indireta,True,4.755,9.338,4
2013,PR,Energy,1,10,direta,True,3.547,6.966,1
2013,PR,Telecommunications,1,257,direta,True,3.067,6.022,1
2013,PR,Logistics,18,248,indireta,True,2.252,4.423,1
2013,PR,Telecommunications,22,280,indireta,True,2.336,4.587,2
2013,PR,Telecommunications,1,56,direta,True,2.212,4.345,1
2013,PR,Logistics,18,247,indireta,True,2.65,5.204,2
2013,PR,Sanitation,22,280,indireta,True,2.843,5.584,3
2013,PR,Telecommunications,1,110,direta,True,1.563,3.07,1
2013,PR,Logistics,1,56,direta,True,1.172,2.302,1
2013,PR,Logistics,18,246,indireta,True,1.33,2.612,2
2013,PR,Health,18,247,indireta,False,1.572,3.087,2
2013,PR,Sanitation,14,192,indireta,True,0.581,1.14,1
2013,PR,Rail transport,14,251,indireta,True,0.5,0.982,1
2013,PR,Health,0,0,direta,False,0.481,0.944,2
2013,PR,Logistics,1,42,direta,True,0.464,0.912,1
2013,PR,Health,18,7,indireta,False,0.426,0.836,1
2013,PR,Energy,1,110,direta,True,0.3,0.589,1
2013,PR,Rail transport,22,280,indireta,True,0.197,0.387,1
2013,PR,Education,18,253,indireta,False,0.192,0.376,1
2013,PR,Health,18,253,indireta,False,0.179,0.351,1
2013,PR,Logistics,18,192,indireta,True,0.152,0.298,1
2013,PR,Telecommunications,14,257,indireta,True,0.145,0.284,1
2013,PR,Sanitation,18,264,indireta,True,0.128,0.251,1
2013,PR,Energy,1,8,direta,True,0.089,0.175,1
2013,PR,Logistics,18,56,indireta,True,0.088,0.172,1
2013,PR,Health,18,244,indireta,False,0.079,0.155,2
2013,PR,Energy,22,280,indireta,True,0.055,0.107,1
2013,PR,Logistics,18,244,indireta,True,0.063,0.124,2
2013,PR,Education,18,244,indireta,False,0.076,0.149,2
2013,PR,Sanitation,18,244,indireta,True,0.02,0.039,1
2013,PR,Logistics,14,192,indireta,True,0.019,0.037,1
2013,PR,Telecommunications,18,244,indireta,True,0.02,0.039,2
2013,RJ,Energy,1,35,direta,True,2997.261,5885.808,1
2013,RJ,Urban mobility,1,41,direta,True,1923.561,3777.353,3
2013,RJ,Telecommunications,1,18,direta,True,957.753,1880.767,1
2013,RJ,Energy,1,8,indireta,True,281.332,552.46,1
2013,RJ,Ports,1,38,direta,True,279.329,548.527,1
2013,RJ,Ports,1,38,indireta,True,223.462,438.819,1
2013,RJ,Road transport,1,43,direta,True,221.695,435.349,1
2013,RJ,Rail transport,1,56,indireta,True,103.43,203.109,1
2013,RJ,Rail transport,1,56,direta,True,94.339,185.257,1
2013,RJ,Telecommunications,14,56,indireta,True,76.098,149.436,3
2013,RJ,Energy,1,56,indireta,True,73.625,144.58,1
2013,RJ,Rail transport,1,196,direta,True,66.076,129.755,1
2013,RJ,Energy,1,8,direta,True,56.431,110.816,1
2013,RJ,Sanitation,1,4,direta,True,56.424,110.802,1
2013,RJ,Energy,21,160,direta,True,64.581,126.819,2
2013,RJ,Energy,1,32,direta,True,50.923,100.0,1
2013,RJ,Energy,1,13,direta,True,28.937,56.824,1
2013,RJ,Sanitation,18,248,indireta,True,24.845,48.789,1
2013,RJ,Telecommunications,1,42,direta,True,16.632,32.661,1
2013,RJ,Telecommunications,1,110,direta,True,16.192,31.796,1
2013,RJ,Energy,1,24,direta,True,15.107,29.666,1
2013,RJ,Sanitation,14,251,indireta,True,35.119,68.965,4
2013,RJ,Sanitation,14,56,indireta,True,21.442,42.107,4
2013,RJ,Logistics,14,251,indireta,True,13.706,26.914,4
2013,RJ,Rail transport,1,20,direta,True,5.78,11.35,1
2013,RJ,Energy,14,56,indireta,True,5.354,10.514,2
2013,RJ,Telecommunications,1,56,direta,True,4.379,8.599,1
2013,RJ,Rail transport,0,21,direta,True,4.032,7.919,1
2013,RJ,Logistics,18,247,indireta,True,3.375,6.627,1
2013,RJ,Health,0,21,direta,False,3.0,5.891,1
2013,RJ,Rail transport,1,110,direta,True,2.4,4.713,1
2013,RJ,Telecommunications,1,257,direta,True,2.373,4.66,1
2013,RJ,Education,18,253,indireta,False,2.285,4.487,1
2013,RJ,Energy,1,110,direta,True,2.28,4.477,1
2013,RJ,Energy,18,250,indireta,True,2.205,4.33,1
2013,RJ,Education,18,247,indireta,False,2.125,4.173,1
2013,RJ,Education,1,89,direta,False,2.098,4.12,1
2013,RJ,Health,0,0,direta,False,3.309,6.498,3
2013,RJ,Health,18,253,indireta,False,3.02,5.93,2
2013,RJ,Telecommunications,22,280,indireta,True,3.049,5.987,3
2013,RJ,Sanitation,22,280,indireta,True,3.077,6.043,3
2013,RJ,Logistics,22,280,indireta,True,3.99,7.835,3
2013,RJ,Energy,1,56,direta,True,1.598,3.138,1
2013,RJ,Education,0,21,direta,False,1.595,3.132,1
2013,RJ,Sanitation,14,192,indireta,True,1.625,3.19,2
2013,RJ,Logistics,18,250,indireta,True,1.442,2.832,1
2013,RJ,Health,18,248,indireta,False,1.335,2.621,1
2013,RJ,Education,18,250,indireta,False,1.121,2.201,1
2013,RJ,Sanitation,1,56,direta,True,0.641,1.258,1
2013,RJ,Telecommunications,1,56,indireta,True,0.614,1.205,1
2013,RJ,Telecommunications,1,285,indireta,True,0.5,0.982,1
2013,RJ,Telecommunications,14,251,indireta,True,0.47,0.924,2
2013,RJ,Logistics,1,110,direta,True,0.302,0.593,1
2013,RJ,Energy,14,251,indireta,True,0.41,0.804,2
2013,RJ,Logistics,1,110,indireta,True,0.246,0.483,1
2013,RJ,Logistics,14,56,indireta,True,0.341,0.669,3
2013,RJ,Energy,22,280,indireta,True,0.192,0.377,1
2013,RJ,Telecommunications,18,253,indireta,True,0.183,0.36,1
2013,RJ,Sanitation,0,0,direta,True,0.132,0.26,1
2013,RJ,Sanitation,18,56,indireta,True,0.069,0.135,1
2013,RJ,Education,0,2,direta,False,0.042,0.083,1
2013,RJ,Energy,1,24,indireta,True,0.017,0.034,1
2013,RN,Energy,1,30,direta,True,1353.295,2657.504,1
2013,RN,Ports,1,38,direta,True,233.882,459.281,1
2013,RN,Energy,1,30,indireta,True,115.449,226.711,1
2013,RN,Energy,1,8,direta,True,84.972,166.862,1
2013,RN,Telecommunications,1,18,direta,True,9.81,19.264,1
2013,RN,Energy,1,56,direta,True,5.707,11.207,1
2013,RN,Energy,14,56,indireta,True,5.458,10.717,1
2013,RN,Telecommunications,1,42,direta,True,2.31,4.536,1
2013,RN,Sanitation,14,251,indireta,True,2.342,4.6,3
2013,RN,Telecommunications,22,280,indireta,True,1.724,3.386,2
2013,RN,Energy,1,110,direta,True,1.18,2.317,1
2013,RN,Health,0,0,direta,False,0.599,1.176,2
2013,RN,Telecommunications,1,56,direta,True,0.59,1.159,1
2013,RN,Sanitation,22,280,indireta,True,0.516,1.013,2
2013,RN,Telecommunications,1,110,direta,True,0.292,0.574,1
2013,RN,Logistics,14,251,indireta,True,0.214,0.42,1
2013,RN,Logistics,22,280,indireta,True,0.189,0.371,1
2013,RN,Telecommunications,1,257,direta,True,0.165,0.324,1
2013,RN,Sanitation,14,56,indireta,True,0.14,0.275,1
2013,RN,Logistics,14,56,indireta,True,0.1,0.196,1
2013,RN,Telecommunications,14,56,indireta,True,0.089,0.174,1
2013,RN,Education,0,21,direta,False,0.066,0.129,1
2013,RO,Energy,1,35,direta,True,730.0,1433.522,1
2013,RO,Energy,1,35,indireta,True,730.0,1433.522,1
2013,RO,Energy,1,10,direta,True,113.488,222.861,1
2013,RO,Energy,1,69,direta,True,24.0,47.129,1
2013,RO,Energy,1,110,direta,True,18.13,35.602,1
2013,RO,Energy,1,56,direta,True,8.04,15.788,1
2013,RO,Energy,14,56,indireta,True,7.831,15.379,1
2013,RO,Energy,18,247,indireta,True,7.709,15.138,1
2013,RO,Telecommunications,1,18,direta,True,3.274,6.429,1
2013,RO,Energy,14,251,indireta,True,3.225,6.333,1
2013,RO,Health,0,83,direta,False,2.034,3.995,1
2013,RO,Sanitation,14,251,indireta,True,1.858,3.648,3
2013,RO,Logistics,14,251,indireta,True,0.623,1.224,1
2013,RO,Logistics,22,280,indireta,True,0.417,0.819,1
2013,RO,Health,0,0,direta,False,0.377,0.741,2
2013,RO,Telecommunications,1,42,direta,True,0.346,0.68,1
2013,RO,Logistics,14,56,indireta,True,0.369,0.724,2
2013,RO,Telecommunications,22,280,indireta,True,0.272,0.534,1
2013,RO,Education,0,83,direta,False,0.181,0.355,1
2013,RO,Sanitation,22,280,indireta,True,0.181,0.355,2
2013,RO,Telecommunications,1,110,direta,True,0.102,0.201,1
2013,RO,Telecommunications,1,56,direta,True,0.088,0.174,1
2013,RO,Telecommunications,14,56,indireta,True,0.102,0.2,2
2013,RO,Energy,22,280,indireta,True,0.036,0.071,1
2013,RO,Health,18,244,indireta,False,0.03,0.059,1
2013,RR,Health,0,83,direta,False,1.396,2.741,1
2013,RR,Telecommunications,1,18,direta,True,1.008,1.979,1
2013,RR,Education,0,83,direta,False,0.181,0.355,1
2013,RR,Education,18,253,indireta,False,0.176,0.346,1
2013,RR,Telecommunications,1,42,direta,True,0.115,0.227,1
2013,RR,Health,18,253,indireta,False,0.06,0.118,1
2013,RR,Telecommunications,18,253,indireta,True,0.038,0.075,1
2013,RR,Telecommunications,1,110,direta,True,0.032,0.062,1
2013,RR,Telecommunications,1,56,direta,True,0.029,0.058,1
2013,RR,Logistics,22,280,indireta,True,0.004,0.007,1
2013,RR,Health,0,0,direta,False,0.002,0.003,1
2013,RS,Energy,1,30,direta,True,908.898,1784.83,1
2013,RS,Energy,1,30,indireta,True,114.197,224.252,1
2013,RS,Rail transport,1,20,direta,True,82.825,162.647,1
2013,RS,Energy,1,10,direta,True,55.046,108.095,1
2013,RS,Telecommunications,1,18,direta,True,46.024,90.379,1
2013,RS,Energy,1,56,direta,True,37.404,73.452,1
2013,RS,Energy,1,8,direta,True,35.92,70.537,1
2013,RS,Energy,1,8,indireta,True,35.92,70.537,1
2013,RS,Rail transport,14,192,indireta,True,26.158,51.367,1
2013,RS,Logistics,18,241,indireta,True,41.452,81.4,4
2013,RS,Telecommunications,14,56,indireta,True,26.189,51.428,4
2013,RS,Sanitation,21,160,direta,True,19.963,39.202,1
2013,RS,Logistics,14,56,indireta,True,33.541,65.866,4
2013,RS,Health,1,84,indireta,False,19.2,37.704,1
2013,RS,Education,1,108,direta,False,18.0,35.347,1
2013,RS,Logistics,18,247,indireta,True,21.82,42.849,3
2013,RS,Energy,18,247,indireta,True,19.631,38.55,3
2013,RS,Logistics,1,112,indireta,True,13.551,26.611,1
2013,RS,Sanitation,1,4,direta,True,12.554,24.652,1
2013,RS,Health,18,247,indireta,False,13.119,25.762,2
2013,RS,Logistics,1,56,indireta,True,11.696,22.967,1
2013,RS,Education,18,247,indireta,False,16.0,31.421,3
2013,RS,Energy,1,56,indireta,True,11.399,22.385,1
2013,RS,Energy,18,248,indireta,True,11.153,21.902,1
2013,RS,Logistics,14,251,indireta,True,14.629,28.728,4
2013,RS,Health,18,84,indireta,False,10.0,19.637,1
2013,RS,Education,1,286,direta,False,8.0,15.71,1
2013,RS,Energy,14,56,indireta,True,19.972,39.22,5
2013,RS,Logistics,18,121,indireta,True,11.164,21.922,4
2013,RS,Education,18,250,indireta,False,5.109,10.032,1
2013,RS,Logistics,18,261,indireta,True,5.342,10.491,2
2013,RS,Logistics,18,45,indireta,True,8.093,15.893,4
2013,RS,Health,1,84,direta,False,4.8,9.426,1
2013,RS,Telecommunications,18,250,indireta,True,4.2,8.248,1
2013,RS,Sanitation,14,251,indireta,True,10.194,20.018,4
2013,RS,Telecommunications,22,280,indireta,True,4.812,9.45,2
2013,RS,Logistics,18,245,indireta,True,4.857,9.537,3
2013,RS,Education,1,89,direta,False,3.563,6.997,1
2013,RS,Telecommunications,1,42,direta,True,3.003,5.897,1
2013,RS,Logistics,22,280,indireta,True,3.973,7.802,3
2013,RS,Logistics,18,33,indireta,True,2.214,4.348,1
2013,RS,Sanitation,14,56,indireta,True,5.445,10.692,4
2013,RS,Telecommunications,1,257,direta,True,1.932,3.793,1
2013,RS,Sanitation,22,280,indireta,True,3.217,6.317,3
2013,RS,Health,0,0,direta,False,1.072,2.105,2
2013,RS,Telecommunications,1,110,direta,True,1.014,1.992,1
2013,RS,Logistics,14,121,indireta,True,1.006,1.976,1
2013,RS,Energy,22,280,indireta,True,1.347,2.645,3
2013,RS,Telecommunications,1,56,direta,True,0.767,1.506,1
2013,RS,Sanitation,18,247,indireta,True,0.6,1.178,1
2013,RS,Logistics,18,246,indireta,True,0.6,1.178,1
2013,RS,Energy,18,56,indireta,True,0.467,0.918,1
2013,RS,Energy,14,251,indireta,True,0.481,0.944,2
2013,RS,Telecommunications,14,251,indireta,True,0.496,0.973,2
2013,RS,Energy,14,192,indireta,True,0.329,0.646,1
2013,RS,Logistics,14,241,indireta,True,0.55,1.081,2
2013,RS,Logistics,18,56,indireta,True,0.263,0.516,1
2013,RS,Health,18,253,indireta,False,0.154,0.302,1
2013,RS,Sanitation,18,264,indireta,True,0.131,0.257,1
2013,RS,Telecommunications,18,247,indireta,True,0.12,0.236,1
2013,RS,Logistics,14,192,indireta,True,0.115,0.226,1
2013,RS,Rail transport,22,280,indireta,True,0.114,0.223,1
2013,RS,Education,0,21,direta,False,0.069,0.135,1
2013,RS,Telecommunications,14,257,indireta,True,0.039,0.077,1
2013,RS,Health,18,244,indireta,False,0.02,0.039,1
2013,RS,Education,18,253,indireta,False,0.018,0.035,1
2013,RS,Education,18,244,indireta,False,0.005,0.01,1
2013,SC,Energy,1,35,direta,True,141.47,277.809,1
2013,SC,Road transport,1,43,direta,True,104.107,204.438,1
2013,SC,Ports,1,38,indireta,True,35.0,68.731,1
2013,SC,Rail transport,1,20,direta,True,31.244,61.355,1
2013,SC,Telecommunications,1,18,direta,True,30.424,59.744,1
2013,SC,Energy,1,30,indireta,True,29.71,58.341,1
2013,SC,Energy,1,35,indireta,True,26.658,52.349,1
2013,SC,Health,18,84,indireta,False,18.848,37.012,1
2013,SC,Education,1,89,direta,False,18.829,36.976,1
2013,SC,Sanitation,1,4,direta,True,11.709,22.993,1
2013,SC,Energy,14,56,indireta,True,15.531,30.498,3
2013,SC,Logistics,18,33,indireta,True,13.41,26.334,2
2013,SC,Sanitation,14,251,indireta,True,22.804,44.781,4
2013,SC,Logistics,14,251,indireta,True,17.831,35.016,4
2013,SC,Energy,18,247,indireta,True,7.711,15.142,2
2013,SC,Health,18,247,indireta,False,9.722,19.091,3
2013,SC,Education,18,247,indireta,False,6.89,13.529,3
2013,SC,Logistics,18,245,indireta,True,6.694,13.146,2
2013,SC,Logistics,14,56,indireta,True,14.946,29.349,4
2013,SC,Sanitation,14,56,indireta,True,9.324,18.311,4
2013,SC,Telecommunications,1,42,direta,True,4.735,9.299,1
2013,SC,Energy,1,56,direta,True,3.658,7.184,1
2013,SC,Energy,1,10,direta,True,3.655,7.177,1
2013,SC,Logistics,1,110,direta,True,3.461,6.796,1
2013,SC,Telecommunications,22,280,indireta,True,3.537,6.946,2
2013,SC,Logistics,22,280,indireta,True,5.038,9.893,3
2013,SC,Logistics,18,121,indireta,True,6.185,12.146,3
2013,SC,Logistics,1,56,direta,True,2.856,5.608,1
2013,SC,Logistics,18,247,indireta,True,2.5,4.909,1
2013,SC,Sanitation,22,280,indireta,True,3.457,6.789,3
2013,SC,Logistics,18,56,indireta,True,1.691,3.321,1
2013,SC,Energy,1,30,direta,True,1.69,3.319,1
2013,SC,Telecommunications,1,56,direta,True,1.21,2.375,1
2013,SC,Health,18,253,indireta,False,2.053,4.032,2
2013,SC,Telecommunications,14,56,indireta,True,1.963,3.855,4
2013,SC,Telecommunications,1,257,direta,True,0.81,1.59,1
2013,SC,Telecommunications,1,110,direta,True,0.808,1.587,1
2013,SC,Sanitation,18,248,indireta,True,0.807,1.585,1
2013,SC,Energy,14,251,indireta,True,1.61,3.162,4
2013,SC,Education,18,253,indireta,False,0.685,1.344,1
2013,SC,Logistics,18,261,indireta,True,0.629,1.235,1
2013,SC,Logistics,18,241,indireta,True,0.568,1.116,1
2013,SC,Sanitation,18,253,indireta,True,0.82,1.61,2
2013,SC,Sanitation,18,264,indireta,True,0.4,0.785,1
2013,SC,Sanitation,14,192,indireta,True,0.396,0.778,1
2013,SC,Health,0,0,direta,False,0.359,0.706,2
2013,SC,Telecommunications,18,253,indireta,True,0.254,0.498,1
2013,SC,Energy,22,280,indireta,True,0.269,0.529,2
2013,SC,Health,18,244,indireta,False,0.23,0.452,2
2013,SC,Logistics,18,253,indireta,True,0.199,0.391,1
2013,SC,Rail transport,22,280,indireta,True,0.226,0.444,2
2013,SC,Sanitation,18,247,indireta,True,0.182,0.358,1
2013,SC,Sanitation,18,245,indireta,True,0.235,0.461,2
2013,SC,Energy,18,56,indireta,True,0.09,0.177,1
2013,SC,Health,18,56,indireta,False,0.073,0.143,1
2013,SC,Logistics,14,241,indireta,True,0.037,0.073,1
2013,SC,Telecommunications,18,244,indireta,True,0.04,0.079,2
2013,SC,Education,18,244,indireta,False,0.04,0.079,2
2013,SC,Logistics,18,244,indireta,True,0.025,0.049,1
2013,SE,Energy,1,8,indireta,True,33.137,65.073,1
2013,SE,Energy,14,56,indireta,True,5.396,10.597,1
2013,SE,Telecommunications,1,18,direta,True,3.9,7.659,1
2013,SE,Energy,1,24,indireta,True,2.509,4.926,1
2013,SE,Logistics,14,56,indireta,True,1.922,3.773,1
2013,SE,Sanitation,14,251,indireta,True,1.122,2.204,3
2013,SE,Telecommunications,1,42,direta,True,0.693,1.361,1
2013,SE,Telecommunications,22,280,indireta,True,0.844,1.657,2
2013,SE,Energy,14,251,indireta,True,0.624,1.225,2
2013,SE,Logistics,14,251,indireta,True,0.42,0.825,1
2013,SE,Sanitation,14,56,indireta,True,0.345,0.677,1
2013,SE,Logistics,22,280,indireta,True,0.38,0.746,2
2013,SE,Telecommunications,1,56,direta,True,0.177,0.348,1
2013,SE,Health,0,0,direta,False,0.251,0.494,3
2013,SE,Telecommunications,1,110,direta,True,0.119,0.234,1
2013,SE,Telecommunications,14,56,indireta,True,0.089,0.174,1
2013,SE,Telecommunications,1,257,direta,True,0.035,0.069,1
2013,SE,Sanitation,22,280,indireta,True,0.02,0.039,1
2013,SE,Energy,22,280,indireta,True,0.014,0.027,1
2013,SP,Ports,1,38,direta,True,2210.534,4340.889,3
2013,SP,Road transport,1,43,indireta,True,1262.944,2480.08,1
2013,SP,Ports,1,38,indireta,True,683.523,1342.253,1
2013,SP,Telecommunications,14,56,indireta,True,587.641,1153.968,3
2013,SP,Urban mobility,1,41,direta,True,612.916,1203.601,2
2013,SP,Road transport,1,43,direta,True,388.213,762.345,1
2013,SP,Energy,1,13,direta,True,368.681,723.99,1
2013,SP,Rail transport,1,20,direta,True,277.033,544.018,1
2013,SP,Health,1,84,indireta,False,246.436,483.933,1
2013,SP,Sanitation,21,160,direta,True,205.467,403.481,1
2013,SP,Telecommunications,1,18,direta,True,192.996,378.992,1
2013,SP,Sanitation,1,4,direta,True,150.857,296.243,2
2013,SP,Health,1,84,direta,False,130.084,255.449,1
2013,SP,Energy,1,8,direta,True,121.042,237.694,1
2013,SP,Energy,1,56,indireta,True,92.937,182.503,1
2013,SP,Energy,1,8,indireta,True,79.389,155.899,1
2013,SP,Sanitation,14,251,indireta,True,133.47,262.099,4
2013,SP,Energy,1,10,direta,True,69.135,135.762,1
2013,SP,Energy,1,35,direta,True,67.815,133.17,1
2013,SP,Energy,21,160,direta,True,45.505,89.359,1
2013,SP,Energy,1,56,direta,True,43.052,84.543,1
2013,SP,Energy,1,30,direta,True,39.668,77.898,1
2013,SP,Sanitation,14,56,indireta,True,57.495,112.904,4
2013,SP,Health,18,84,indireta,False,42.9,84.244,2
2013,SP,Logistics,14,56,indireta,True,54.588,107.196,4
2013,SP,Rail transport,14,56,indireta,True,33.95,66.668,1
2013,SP,Health,18,250,indireta,False,32.465,63.752,1
2013,SP,Telecommunications,1,42,direta,True,25.872,50.806,1
2013,SP,Logistics,14,251,indireta,True,68.619,134.75,4
2013,SP,Rail transport,1,56,indireta,True,24.883,48.863,1
2013,SP,Energy,1,69,direta,True,24.0,47.129,1
2013,SP,Logistics,1,56,indireta,True,22.831,44.834,1
2013,SP,Energy,1,30,indireta,True,16.968,33.321,1
2013,SP,Logistics,1,42,direta,True,16.314,32.037,1
2013,SP,Logistics,22,280,indireta,True,24.653,48.413,3
2013,SP,Health,1,56,indireta,False,15.416,30.273,1
2013,SP,Health,18,247,indireta,False,17.653,34.666,3
2013,SP,Education,18,247,indireta,False,16.718,32.83,3
2013,SP,Telecommunications,1,257,direta,True,14.694,28.854,1
2013,SP,Energy,14,56,indireta,True,15.822,31.07,4
2013,SP,Telecommunications,1,56,direta,True,13.289,26.096,1
2013,SP,Sanitation,18,248,indireta,True,12.775,25.086,1
2013,SP,Sanitation,1,4,indireta,True,12.528,24.602,1
2013,SP,Health,1,56,direta,False,11.879,23.327,1
2013,SP,Telecommunications,22,280,indireta,True,11.994,23.554,3
2013,SP,Sanitation,22,280,indireta,True,9.662,18.974,3
2013,SP,Logistics,18,121,indireta,True,7.0,13.746,1
2013,SP,Rail transport,1,56,direta,True,6.507,12.778,1
2013,SP,Logistics,18,250,indireta,True,6.003,11.788,1
2013,SP,Logistics,18,247,indireta,True,5.844,11.475,1
2013,SP,Energy,14,256,indireta,True,5.508,10.816,1
2013,SP,Energy,14,251,indireta,True,4.816,9.457,2
2013,SP,Telecommunications,1,110,direta,True,4.473,8.784,1
2013,SP,Logistics,18,45,indireta,True,4.0,7.855,1
2013,SP,Energy,18,248,indireta,True,2.876,5.648,1
2013,SP,Education,18,250,indireta,False,2.575,5.057,1
2013,SP,Health,18,244,indireta,False,2.465,4.841,3
2013,SP,Telecommunications,14,251,indireta,True,2.329,4.573,1
2013,SP,Sanitation,14,192,indireta,True,2.036,3.998,1
2013,SP,Health,0,21,direta,False,2.0,3.927,1
2013,SP,Logistics,1,110,direta,True,1.997,3.922,1
2013,SP,Sanitation,0,0,direta,True,1.54,3.024,1
2013,SP,Education,0,21,direta,False,1.351,2.654,1
2013,SP,Sanitation,14,260,indireta,True,1.126,2.21,1
2013,SP,Education,18,7,indireta,False,1.06,2.081,1
2013,SP,Energy,1,110,direta,True,1.008,1.979,1
2013,SP,Education,0,113,direta,False,0.633,1.244,1
2013,SP,Energy,22,280,indireta,True,0.964,1.894,2
2013,SP,Health,0,0,direta,False,0.926,1.819,3
2013,SP,Education,18,244,indireta,False,0.592,1.163,3
2013,SP,Energy,18,264,indireta,True,0.4,0.785,1
2013,SP,Logistics,18,248,indireta,True,0.356,0.699,1
2013,SP,Logistics,18,56,indireta,True,0.332,0.652,1
2013,SP,Rail transport,14,251,indireta,True,0.314,0.617,1
2013,SP,Telecommunications,14,257,indireta,True,0.499,0.98,2
2013,SP,Logistics,1,56,direta,True,0.276,0.543,1
2013,SP,Logistics,14,192,indireta,True,0.524,1.029,3
2013,SP,Logistics,18,241,indireta,True,0.24,0.471,1
2013,SP,Logistics,18,244,indireta,True,0.17,0.334,1
2013,SP,Rail transport,22,280,indireta,True,0.125,0.245,2
2013,SP,Telecommunications,18,244,indireta,True,0.12,0.236,2
2013,SP,Sanitation,18,244,indireta,True,0.08,0.157,2
2013,SP,Rail transport,18,244,indireta,True,0.01,0.02,1
2013,SP,Energy,18,244,indireta,True,0.01,0.02,1
2013,TO,Rail transport,14,56,indireta,True,99.568,195.525,1
2013,TO,Logistics,18,247,indireta,True,15.0,29.456,1
2013,TO,Logistics,14,56,indireta,True,15.066,29.585,4
2013,TO,Energy,1,110,direta,True,11.86,23.29,1
2013,TO,Sanitation,14,56,indireta,True,4.876,9.575,1
2013,TO,Telecommunications,1,18,direta,True,3.892,7.643,1
2013,TO,Energy,18,247,indireta,True,1.854,3.641,1
2013,TO,Energy,14,56,indireta,True,1.562,3.067,1
2013,TO,Logistics,14,251,indireta,True,2.021,3.968,3
2013,TO,Logistics,18,241,indireta,True,1.125,2.209,1
2013,TO,Sanitation,14,251,indireta,True,0.812,1.595,1
2013,TO,Telecommunications,1,42,direta,True,0.577,1.134,1
2013,TO,Logistics,22,280,indireta,True,0.505,0.991,1
2013,TO,Telecommunications,22,280,indireta,True,0.296,0.581,1
2013,TO,Sanitation,22,280,indireta,True,0.253,0.497,1
2013,TO,Education,0,83,direta,False,0.181,0.355,1
2013,TO,Telecommunications,1,56,direta,True,0.147,0.29,1
2013,TO,Telecommunications,1,110,direta,True,0.117,0.23,1
2013,TO,Telecommunications,1,257,direta,True,0.035,0.069,1
2013,TO,Energy,22,280,indireta,True,0.021,0.041,1
2013,TO,Health,0,0,direta,False,0.002,0.003,1
2014,AC,Sanitation,1,4,direta,True,141.456,261.246,1
2014,AC,Health,0,0,direta,False,4.665,8.616,2
2014,AC,Education,1,89,direta,False,3.753,6.931,1
2014,AC,Telecommunications,1,18,direta,True,2.249,4.154,1
2014,AC,Health,18,262,indireta,False,0.813,1.501,1
2014,AC,Health,18,253,indireta,False,0.928,1.714,2
2014,AC,Education,18,262,indireta,False,0.87,1.607,2
2014,AC,Education,18,253,indireta,False,0.835,1.542,2
2014,AC,Sanitation,14,251,indireta,True,0.432,0.798,1
2014,AC,Logistics,14,251,indireta,True,0.549,1.013,2
2014,AC,Health,0,83,direta,False,0.277,0.511,1
2014,AC,Sanitation,18,262,indireta,True,0.22,0.406,1
2014,AC,Sanitation,22,280,indireta,True,0.192,0.355,1
2014,AC,Telecommunications,1,56,direta,True,0.148,0.274,1
2014,AC,Logistics,22,280,indireta,True,0.113,0.209,1
2014,AC,Logistics,18,253,indireta,True,0.1,0.185,1
2014,AC,Education,0,83,direta,False,0.086,0.159,1
2014,AC,Telecommunications,1,110,direta,True,0.079,0.147,1
2014,AC,Sanitation,14,56,indireta,True,0.067,0.124,1
2014,AC,Logistics,18,262,indireta,True,0.062,0.115,1
2014,AC,Telecommunications,22,280,indireta,True,0.065,0.121,2
2014,AL,Telecommunications,1,18,direta,True,33.642,62.131,1
2014,AL,Energy,1,10,direta,True,14.099,26.038,1
2014,AL,Energy,1,56,direta,True,6.649,12.279,1
2014,AL,Health,0,0,direta,False,4.938,9.12,2
2014,AL,Telecommunications,1,56,direta,True,2.49,4.599,1
2014,AL,Energy,14,56,indireta,True,1.89,3.491,1
2014,AL,Logistics,14,251,indireta,True,4.271,7.888,3
2014,AL,Telecommunications,1,110,direta,True,0.644,1.19,1
2014,AL,Telecommunications,22,280,indireta,True,0.656,1.212,2
2014,AL,Sanitation,14,251,indireta,True,1.109,2.049,4
2014,AL,Logistics,22,280,indireta,True,0.238,0.439,1
2014,AL,Sanitation,22,280,indireta,True,0.357,0.66,2
2014,AL,Telecommunications,14,56,indireta,True,0.071,0.132,1
2014,AL,Energy,1,110,direta,True,0.053,0.098,1
2014,AL,Telecommunications,1,257,direta,True,0.016,0.029,1
2014,AM,Telecommunications,1,18,direta,True,24.433,45.124,1
2014,AM,Telecommunications,14,56,indireta,True,24.576,45.388,2
2014,AM,Energy,1,10,direta,True,13.0,24.009,1
2014,AM,Sanitation,14,56,indireta,True,7.251,13.391,3
2014,AM,Sanitation,14,251,indireta,True,7.793,14.392,3
2014,AM,Health,0,0,direta,False,5.077,9.376,4
2014,AM,Energy,1,56,direta,True,4.0,7.387,1
2014,AM,Energy,14,56,indireta,True,3.005,5.549,1
2014,AM,Sanitation,14,192,indireta,True,2.404,4.439,1
2014,AM,Telecommunications,1,56,direta,True,1.801,3.326,1
2014,AM,Logistics,14,251,indireta,True,1.764,3.257,2
2014,AM,Logistics,22,280,indireta,True,0.839,1.55,2
2014,AM,Education,1,89,direta,False,0.662,1.224,1
2014,AM,Telecommunications,1,110,direta,True,0.575,1.061,1
2014,AM,Sanitation,22,280,indireta,True,0.628,1.16,2
2014,AM,Telecommunications,22,280,indireta,True,0.408,0.753,2
2014,AM,Energy,14,251,indireta,True,0.342,0.631,1
2014,AM,Energy,1,110,direta,True,0.25,0.462,1
2014,AM,Logistics,14,192,indireta,True,0.193,0.357,1
2014,AM,Education,0,83,direta,False,0.139,0.256,1
2014,AM,Logistics,14,56,indireta,True,0.057,0.105,1
2014,AM,Health,18,262,indireta,False,0.029,0.053,1
2014,AM,Telecommunications,1,257,direta,True,0.001,0.002,1
2014,AP,Energy,1,35,direta,True,392.107,724.159,1
2014,AP,Energy,1,56,direta,True,21.887,40.422,1
2014,AP,Telecommunications,1,18,direta,True,5.671,10.474,1
2014,AP,Health,0,0,direta,False,4.664,8.613,2
2014,AP,Telecommunications,22,280,indireta,True,1.499,2.768,3
2014,AP,Sanitation,22,280,indireta,True,1.091,2.015,2
2014,AP,Sanitation,14,251,indireta,True,0.605,1.117,1
2014,AP,Telecommunications,1,56,direta,True,0.422,0.78,1
2014,AP,Energy,1,110,direta,True,0.256,0.474,1
2014,AP,Logistics,14,251,indireta,True,0.142,0.262,1
2014,AP,Telecommunications,1,110,direta,True,0.118,0.219,1
2014,AP,Logistics,22,280,indireta,True,0.092,0.17,1
2014,AP,Education,0,83,direta,False,0.086,0.159,1
2014,AP,Telecommunications,14,56,indireta,True,0.006,0.012,1
2014,AP,Telecommunications,1,257,direta,True,0.001,0.001,1
2014,BA,Energy,1,69,direta,True,215.0,397.07,1
2014,BA,Energy,1,8,direta,True,159.012,293.67,1
2014,BA,Road transport,1,43,direta,True,121.587,224.551,1
2014,BA,Telecommunications,1,18,direta,True,107.293,198.153,1
2014,BA,Energy,1,192,indireta,True,102.445,189.2,1
2014,BA,Energy,1,56,direta,True,90.522,167.18,1
2014,BA,Energy,1,35,indireta,True,52.595,97.134,1
2014,BA,Sanitation,1,4,direta,True,32.376,59.794,1
2014,BA,Road transport,1,43,indireta,True,31.288,57.784,1
2014,BA,Education,1,89,direta,False,20.371,37.622,1
2014,BA,Energy,14,56,indireta,True,18.767,34.66,2
2014,BA,Energy,1,30,indireta,True,9.533,17.607,1
2014,BA,Telecommunications,1,56,direta,True,7.677,14.178,1
2014,BA,Energy,1,30,direta,True,7.664,14.154,2
2014,BA,Logistics,14,251,indireta,True,10.684,19.731,4
2014,BA,Sanitation,18,248,indireta,True,6.164,11.384,1
2014,BA,Health,0,0,direta,False,5.04,9.308,3
2014,BA,Energy,1,110,direta,True,4.688,8.658,2
2014,BA,Logistics,14,56,indireta,True,4.031,7.445,3
2014,BA,Sanitation,14,251,indireta,True,13.309,24.58,4
2014,BA,Telecommunications,22,280,indireta,True,4.319,7.977,2
2014,BA,Education,1,108,direta,False,3.0,5.541,1
2014,BA,Logistics,22,280,indireta,True,5.839,10.783,3
2014,BA,Sanitation,14,56,indireta,True,4.004,7.395,3
2014,BA,Telecommunications,1,110,direta,True,1.861,3.438,1
2014,BA,Ports,1,38,direta,True,1.238,2.287,1
2014,BA,Sanitation,22,280,indireta,True,1.44,2.659,2
2014,BA,Health,0,21,direta,False,0.5,0.923,1
2014,BA,Energy,14,251,indireta,True,0.645,1.191,2
2014,BA,Logistics,1,120,direta,True,0.468,0.865,1
2014,BA,Logistics,18,241,indireta,True,0.3,0.554,1
2014,BA,Telecommunications,14,56,indireta,True,0.317,0.585,2
2014,BA,Telecommunications,14,251,indireta,True,0.133,0.246,1
2014,BA,Health,18,244,indireta,False,0.11,0.203,1
2014,BA,Telecommunications,1,257,direta,True,0.065,0.12,1
2014,BA,Energy,22,280,indireta,True,0.059,0.109,1
2014,BA,Logistics,14,192,indireta,True,0.036,0.066,1
2014,BA,Education,18,244,indireta,False,0.03,0.055,1
2014,BA,Logistics,1,56,direta,True,0.013,0.024,1
2014,BA,Sanitation,14,192,indireta,True,0.011,0.019,1
2014,CE,Ports,1,38,direta,True,352.741,651.456,1
2014,CE,Energy,1,192,direta,True,248.556,459.044,2
2014,CE,Energy,1,35,direta,True,165.739,306.093,2
2014,CE,Telecommunications,1,18,direta,True,98.689,182.263,1
2014,CE,Energy,1,30,direta,True,82.222,151.85,1
2014,CE,Logistics,18,261,indireta,True,10.0,18.468,1
2014,CE,Energy,1,30,indireta,True,9.739,17.987,1
2014,CE,Education,1,89,direta,False,8.892,16.423,1
2014,CE,Health,18,84,indireta,False,8.103,14.966,1
2014,CE,Telecommunications,1,56,direta,True,7.228,13.35,1
2014,CE,Sanitation,14,251,indireta,True,14.243,26.305,4
2014,CE,Health,0,0,direta,False,5.391,9.956,2
2014,CE,Logistics,14,251,indireta,True,6.882,12.711,3
2014,CE,Sanitation,1,4,direta,True,3.0,5.541,1
2014,CE,Education,18,250,indireta,False,2.095,3.869,1
2014,CE,Energy,1,110,direta,True,1.73,3.195,1
2014,CE,Telecommunications,1,110,direta,True,1.661,3.068,1
2014,CE,Telecommunications,14,257,indireta,True,2.384,4.403,2
2014,CE,Sanitation,14,56,indireta,True,1.484,2.741,2
2014,CE,Telecommunications,22,280,indireta,True,1.706,3.151,2
2014,CE,Logistics,22,280,indireta,True,1.494,2.759,2
2014,CE,Health,18,247,indireta,False,0.965,1.783,1
2014,CE,Logistics,14,56,indireta,True,1.083,2.0,3
2014,CE,Sanitation,22,280,indireta,True,0.733,1.354,2
2014,CE,Sanitation,1,6,direta,True,0.276,0.509,1
2014,CE,Telecommunications,14,251,indireta,True,0.227,0.419,1
2014,CE,Telecommunications,1,257,direta,True,0.054,0.099,1
2014,CE,Telecommunications,14,56,indireta,True,0.023,0.042,1
2014,DF,Ports,1,38,indireta,True,209.055,386.091,1
2014,DF,Ports,1,38,direta,True,62.81,116.0,1
2014,DF,Telecommunications,1,18,direta,True,51.793,95.654,1
2014,DF,Energy,1,8,indireta,True,48.016,88.677,1
2014,DF,Energy,1,56,indireta,True,45.224,83.521,1
2014,DF,Health,0,0,direta,False,22.31,41.203,2
2014,DF,Logistics,1,56,indireta,True,19.642,36.275,1
2014,DF,Sanitation,14,251,indireta,True,9.4,17.361,2
2014,DF,Health,18,247,indireta,False,6.13,11.32,1
2014,DF,Road transport,1,43,direta,True,5.149,9.509,1
2014,DF,Telecommunications,1,56,direta,True,2.941,5.431,1
2014,DF,Education,1,89,direta,False,2.178,4.023,1
2014,DF,Logistics,14,251,indireta,True,2.032,3.752,2
2014,DF,Telecommunications,1,110,direta,True,0.911,1.683,1
2014,DF,Logistics,22,280,indireta,True,0.995,1.837,2
2014,DF,Sanitation,22,280,indireta,True,0.493,0.911,1
2014,DF,Telecommunications,22,280,indireta,True,0.578,1.067,2
2014,DF,Telecommunications,1,257,direta,True,0.117,0.216,1
2014,DF,Telecommunications,14,56,indireta,True,0.013,0.023,1
2014,ES,Road transport,1,43,direta,True,176.825,326.567,1
2014,ES,Urban mobility,1,41,direta,True,30.08,55.553,1
2014,ES,Health,1,12,direta,False,23.759,43.88,1
2014,ES,Telecommunications,1,18,direta,True,21.018,38.816,1
2014,ES,Sanitation,1,4,direta,True,28.968,53.5,2
2014,ES,Logistics,14,251,indireta,True,8.369,15.457,4
2014,ES,Health,0,0,direta,False,4.665,8.616,2
2014,ES,Urban mobility,1,168,direta,True,3.796,7.011,1
2014,ES,Sanitation,14,56,indireta,True,4.658,8.603,3
2014,ES,Energy,1,10,direta,True,2.197,4.057,1
2014,ES,Energy,14,56,indireta,True,2.005,3.704,1
2014,ES,Sanitation,14,251,indireta,True,4.101,7.574,4
2014,ES,Telecommunications,22,280,indireta,True,1.398,2.581,2
2014,ES,Telecommunications,1,56,direta,True,1.225,2.263,1
2014,ES,Logistics,22,280,indireta,True,1.58,2.918,3
2014,ES,Telecommunications,14,251,indireta,True,0.764,1.411,1
2014,ES,Education,18,247,indireta,False,0.763,1.409,1
2014,ES,Telecommunications,1,110,direta,True,0.743,1.372,1
2014,ES,Sanitation,22,280,indireta,True,1.063,1.964,3
2014,ES,Logistics,14,56,indireta,True,0.766,1.415,3
2014,ES,Telecommunications,14,56,indireta,True,0.578,1.068,2
2014,ES,Health,18,244,indireta,False,0.1,0.185,1
2014,ES,Energy,22,280,indireta,True,0.053,0.097,1
2014,ES,Logistics,18,244,indireta,True,0.04,0.074,1
2014,ES,Telecommunications,1,257,direta,True,0.029,0.053,1
2014,ES,Sanitation,18,262,indireta,True,0.022,0.041,1
2014,ES,Telecommunications,18,244,indireta,True,0.02,0.037,1
2014,ES,Education,18,244,indireta,False,0.01,0.018,1
2014,ES,Sanitation,18,245,indireta,True,0.002,0.004,1
2014,GO,Road transport,1,43,direta,True,87.533,161.659,1
2014,GO,Ports,1,38,direta,True,63.324,116.95,1
2014,GO,Telecommunications,1,18,direta,True,47.387,87.516,1
2014,GO,Energy,1,10,direta,True,24.754,45.717,1
2014,GO,Logistics,14,251,indireta,True,24.369,45.006,4
2014,GO,Logistics,18,121,indireta,True,36.608,67.609,4
2014,GO,Energy,14,56,indireta,True,16.146,29.819,3
2014,GO,Energy,18,248,indireta,True,10.0,18.468,1
2014,GO,Education,1,89,direta,False,7.684,14.19,1
2014,GO,Sanitation,14,251,indireta,True,10.52,19.429,4
2014,GO,Health,0,0,direta,False,5.312,9.81,3
2014,GO,Energy,1,56,direta,True,4.846,8.95,1
2014,GO,Logistics,14,56,indireta,True,7.23,13.352,3
2014,GO,Energy,1,69,direta,True,3.641,6.724,1
2014,GO,Sanitation,1,4,direta,True,3.345,6.177,1
2014,GO,Telecommunications,1,56,direta,True,3.287,6.07,1
2014,GO,Logistics,14,121,indireta,True,3.9,7.203,2
2014,GO,Sanitation,14,56,indireta,True,4.605,8.505,4
2014,GO,Logistics,22,280,indireta,True,2.021,3.732,2
2014,GO,Telecommunications,22,280,indireta,True,1.494,2.76,2
2014,GO,Logistics,18,33,indireta,True,1.437,2.653,1
2014,GO,Telecommunications,1,110,direta,True,1.103,2.037,1
2014,GO,Sanitation,22,280,indireta,True,1.289,2.381,3
2014,GO,Education,18,247,indireta,False,0.45,0.831,1
2014,GO,Sanitation,18,264,indireta,True,0.239,0.442,1
2014,GO,Energy,22,280,indireta,True,0.193,0.356,1
2014,GO,Health,18,244,indireta,False,0.174,0.321,2
2014,GO,Logistics,18,241,indireta,True,0.104,0.192,1
2014,GO,Education,18,250,indireta,False,0.097,0.178,1
2014,GO,Telecommunications,14,56,indireta,True,0.067,0.124,1
2014,GO,Health,18,247,indireta,False,0.065,0.12,1
2014,GO,Telecommunications,1,257,direta,True,0.053,0.098,1
2014,GO,Education,18,244,indireta,False,0.035,0.064,1
2014,GO,Logistics,14,192,indireta,True,0.031,0.057,1
2014,GO,Logistics,18,244,indireta,True,0.01,0.018,1
2014,GO,Sanitation,1,56,direta,True,0.004,0.007,1
2014,MA,Rail transport,1,20,direta,True,1256.0,2319.63,1
2014,MA,Rail transport,1,56,direta,True,252.2,465.773,1
2014,MA,Energy,1,10,direta,True,96.3,177.851,1
2014,MA,Energy,1,56,direta,True,88.873,164.134,1
2014,MA,Energy,1,8,direta,True,69.101,127.619,1
2014,MA,Telecommunications,1,18,direta,True,49.373,91.183,1
2014,MA,Ports,1,38,direta,True,60.449,111.64,2
2014,MA,Ports,1,38,indireta,True,35.106,64.834,1
2014,MA,Logistics,1,56,direta,True,45.496,84.024,2
2014,MA,Logistics,1,56,indireta,True,25.0,46.171,1
2014,MA,Sanitation,1,4,direta,True,19.037,35.159,1
2014,MA,Energy,14,56,indireta,True,15.008,27.718,2
2014,MA,Health,0,0,direta,False,5.445,10.056,4
2014,MA,Telecommunications,1,56,direta,True,3.784,6.989,1
2014,MA,Logistics,14,251,indireta,True,4.754,8.78,3
2014,MA,Education,1,89,direta,False,2.511,4.638,1
2014,MA,Logistics,18,121,indireta,True,2.328,4.3,1
2014,MA,Sanitation,14,251,indireta,True,2.675,4.94,2
2014,MA,Energy,1,110,direta,True,1.229,2.269,1
2014,MA,Sanitation,1,56,direta,True,1.188,2.194,1
2014,MA,Telecommunications,1,110,direta,True,0.824,1.523,1
2014,MA,Logistics,22,280,indireta,True,0.697,1.288,1
2014,MA,Telecommunications,22,280,indireta,True,1.166,2.154,3
2014,MA,Logistics,1,120,direta,True,0.24,0.443,1
2014,MA,Sanitation,14,56,indireta,True,0.201,0.371,1
2014,MA,Sanitation,22,280,indireta,True,0.33,0.61,2
2014,MA,Logistics,14,56,indireta,True,0.16,0.295,1
2014,MA,Energy,22,280,indireta,True,0.118,0.217,1
2014,MA,Rail transport,22,280,indireta,True,0.117,0.216,1
2014,MA,Education,0,83,direta,False,0.086,0.159,1
2014,MA,Logistics,1,110,direta,True,0.07,0.129,1
2014,MA,Telecommunications,14,56,indireta,True,0.06,0.11,1
2014,MA,Telecommunications,1,257,direta,True,0.001,0.002,1
2014,MG,Road transport,1,43,direta,True,862.6,1593.084,1
2014,MG,Telecommunications,1,18,direta,True,197.543,364.83,1
2014,MG,Ports,1,38,direta,True,235.823,435.527,2
2014,MG,Education,1,9,indireta,False,137.014,253.043,1
2014,MG,Rail transport,1,56,indireta,True,134.2,247.846,1
2014,MG,Energy,1,35,direta,True,149.665,276.407,2
2014,MG,Rail transport,14,56,indireta,True,105.766,195.334,1
2014,MG,Energy,1,30,direta,True,99.484,183.731,1
2014,MG,Energy,21,160,direta,True,116.775,215.665,2
2014,MG,Sanitation,1,4,direta,True,120.34,222.249,3
2014,MG,Sanitation,14,56,indireta,True,48.088,88.811,4
2014,MG,Health,1,9,indireta,False,41.478,76.602,1
2014,MG,Health,1,124,indireta,False,39.455,72.867,1
2014,MG,Health,1,124,direta,False,39.455,72.867,1
2014,MG,Sanitation,21,160,direta,True,36.041,66.561,1
2014,MG,Energy,1,56,direta,True,34.235,63.227,1
2014,MG,Energy,14,56,indireta,True,46.737,86.316,5
2014,MG,Logistics,14,251,indireta,True,44.22,81.666,4
2014,MG,Logistics,14,56,indireta,True,38.351,70.828,4
2014,MG,Logistics,18,33,indireta,True,16.858,31.134,1
2014,MG,Energy,1,10,direta,True,15.946,29.45,1
2014,MG,Sanitation,18,108,indireta,True,14.626,27.011,1
2014,MG,Telecommunications,1,56,direta,True,14.162,26.154,1
2014,MG,Energy,1,8,direta,True,13.49,24.914,1
2014,MG,Health,1,56,direta,False,13.237,24.447,1
2014,MG,Energy,18,248,indireta,True,12.834,23.701,1
2014,MG,Sanitation,1,11,direta,True,12.6,23.27,1
2014,MG,Education,1,89,direta,False,11.043,20.395,1
2014,MG,Energy,1,8,indireta,True,10.369,19.149,1
2014,MG,Energy,18,247,indireta,True,18.129,33.481,2
2014,MG,Sanitation,1,56,direta,True,9.001,16.623,1
2014,MG,Logistics,18,121,indireta,True,20.961,38.711,4
2014,MG,Telecommunications,22,280,indireta,True,11.559,21.348,3
2014,MG,Logistics,18,261,indireta,True,10.181,18.803,2
2014,MG,Sanitation,14,251,indireta,True,18.145,33.51,4
2014,MG,Health,0,0,direta,False,7.184,13.267,3
2014,MG,Logistics,18,45,indireta,True,5.581,10.308,1
2014,MG,Logistics,18,241,indireta,True,6.975,12.881,2
2014,MG,Health,1,9,direta,False,5.235,9.668,1
2014,MG,Energy,1,10,indireta,True,5.221,9.642,1
2014,MG,Logistics,22,280,indireta,True,7.507,13.864,3
2014,MG,Energy,1,69,direta,True,3.641,6.724,1
2014,MG,Sanitation,18,248,indireta,True,3.338,6.165,1
2014,MG,Education,18,250,indireta,False,3.211,5.931,1
2014,MG,Telecommunications,1,110,direta,True,2.96,5.467,1
2014,MG,Health,18,247,indireta,False,3.097,5.719,2
2014,MG,Logistics,14,121,indireta,True,4.386,8.1,4
2014,MG,Sanitation,18,247,indireta,True,3.865,7.138,2
2014,MG,Energy,14,251,indireta,True,3.564,6.582,2
2014,MG,Logistics,18,247,indireta,True,2.1,3.878,1
2014,MG,Rail transport,1,20,direta,True,1.699,3.138,1
2014,MG,Sanitation,22,280,indireta,True,2.005,3.703,3
2014,MG,Education,18,247,indireta,False,1.419,2.621,1
2014,MG,Telecommunications,21,160,direta,True,0.847,1.564,1
2014,MG,Telecommunications,1,257,direta,True,0.713,1.316,1
2014,MG,Energy,1,110,direta,True,0.65,1.2,1
2014,MG,Logistics,14,261,indireta,True,0.994,1.835,2
2014,MG,Telecommunications,14,56,indireta,True,1.401,2.587,4
2014,MG,Telecommunications,18,250,indireta,True,0.386,0.713,1
2014,MG,Telecommunications,14,251,indireta,True,0.356,0.658,1
2014,MG,Telecommunications,14,257,indireta,True,0.276,0.51,1
2014,MG,Energy,18,264,indireta,True,0.254,0.469,1
2014,MG,Logistics,14,192,indireta,True,0.237,0.438,1
2014,MG,Health,18,244,indireta,False,0.246,0.454,3
2014,MG,Education,18,244,indireta,False,0.053,0.098,1
2014,MG,Logistics,18,244,indireta,True,0.037,0.068,1
2014,MG,Sanitation,18,244,indireta,True,0.015,0.028,1
2014,MG,Rail transport,22,280,indireta,True,0.01,0.019,1
2014,MG,Telecommunications,18,244,indireta,True,0.005,0.009,1
2014,MS,Road transport,1,43,direta,True,635.0,1172.743,2
2014,MS,Energy,1,10,direta,True,81.807,151.084,1
2014,MS,Rail transport,1,20,direta,True,42.719,78.896,1
2014,MS,Energy,1,30,direta,True,22.38,41.332,1
2014,MS,Telecommunications,1,18,direta,True,17.781,32.838,1
2014,MS,Energy,1,56,direta,True,10.059,18.577,1
2014,MS,Education,1,89,direta,False,9.868,18.225,1
2014,MS,Energy,14,56,indireta,True,8.444,15.595,2
2014,MS,Logistics,18,121,indireta,True,17.415,32.163,4
2014,MS,Energy,18,247,indireta,True,6.33,11.69,1
2014,MS,Health,0,0,direta,False,5.414,10.0,3
2014,MS,Logistics,14,251,indireta,True,5.889,10.876,2
2014,MS,Sanitation,14,56,indireta,True,2.929,5.409,4
2014,MS,Energy,1,8,direta,True,1.399,2.584,1
2014,MS,Energy,1,8,indireta,True,1.399,2.584,1
2014,MS,Sanitation,14,251,indireta,True,2.913,5.379,4
2014,MS,Telecommunications,1,56,direta,True,1.204,2.224,1
2014,MS,Telecommunications,22,280,indireta,True,0.921,1.701,1
2014,MS,Logistics,22,280,indireta,True,1.669,3.082,3
2014,MS,Energy,1,56,indireta,True,0.758,1.399,1
2014,MS,Logistics,14,56,indireta,True,1.579,2.916,4
2014,MS,Sanitation,22,280,indireta,True,0.734,1.356,2
2014,MS,Telecommunications,1,110,direta,True,0.481,0.888,1
2014,MS,Energy,1,110,direta,True,0.266,0.49,1
2014,MS,Energy,22,280,indireta,True,0.255,0.472,1
2014,MS,Telecommunications,14,56,indireta,True,0.156,0.287,2
2014,MS,Rail transport,22,280,indireta,True,0.027,0.049,1
2014,MS,Telecommunications,1,257,direta,True,0.021,0.039,1
2014,MT,Energy,1,10,direta,True,500.222,923.83,1
2014,MT,Road transport,1,43,indireta,True,508.326,938.795,2
2014,MT,Road transport,1,43,direta,True,440.0,812.609,1
2014,MT,Sanitation,1,4,direta,True,205.699,379.892,2
2014,MT,Energy,1,35,direta,True,98.84,182.542,1
2014,MT,Energy,1,35,indireta,True,98.84,182.542,1
2014,MT,Rail transport,14,56,indireta,True,71.716,132.447,1
2014,MT,Energy,1,56,direta,True,59.633,110.133,1
2014,MT,Logistics,18,121,indireta,True,113.715,210.013,4
2014,MT,Logistics,18,261,indireta,True,61.859,114.244,3
2014,MT,Rail transport,1,20,direta,True,25.56,47.205,1
2014,MT,Telecommunications,1,18,direta,True,18.46,34.092,1
2014,MT,Logistics,14,251,indireta,True,31.336,57.872,4
2014,MT,Logistics,14,121,indireta,True,21.072,38.917,3
2014,MT,Logistics,14,56,indireta,True,17.458,32.241,3
2014,MT,Education,1,89,direta,False,5.301,9.79,1
2014,MT,Health,0,0,direta,False,4.94,9.123,2
2014,MT,Energy,1,69,direta,True,3.641,6.724,1
2014,MT,Sanitation,14,251,indireta,True,6.089,11.245,4
2014,MT,Logistics,22,280,indireta,True,2.299,4.246,3
2014,MT,Telecommunications,1,56,direta,True,1.166,2.154,1
2014,MT,Health,18,247,indireta,False,1.116,2.061,1
2014,MT,Sanitation,22,280,indireta,True,1.179,2.178,2
2014,MT,Telecommunications,22,280,indireta,True,0.96,1.773,3
2014,MT,Logistics,18,33,indireta,True,0.751,1.387,1
2014,MT,Sanitation,14,56,indireta,True,1.134,2.095,4
2014,MT,Health,0,83,direta,False,0.586,1.083,1
2014,MT,Telecommunications,1,110,direta,True,0.47,0.869,1
2014,MT,Telecommunications,14,251,indireta,True,0.352,0.651,1
2014,MT,Energy,1,110,direta,True,0.325,0.6,1
2014,MT,Energy,14,56,indireta,True,0.216,0.399,1
2014,MT,Telecommunications,14,56,indireta,True,0.093,0.172,2
2014,MT,Education,0,83,direta,False,0.086,0.159,1
2014,MT,Rail transport,22,280,indireta,True,0.083,0.153,1
2014,MT,Telecommunications,1,257,direta,True,0.015,0.028,1
2014,PA,Energy,1,35,direta,True,2814.644,5198.195,1
2014,PA,Energy,1,35,indireta,True,2377.478,4390.819,1
2014,PA,Energy,1,56,direta,True,872.063,1610.56,1
2014,PA,Energy,1,8,direta,True,279.9,516.93,1
2014,PA,Telecommunications,1,18,direta,True,83.946,155.035,1
2014,PA,Sanitation,0,5,direta,True,32.815,60.603,1
2014,PA,Energy,1,10,direta,True,11.5,21.239,1
2014,PA,Energy,14,56,indireta,True,12.363,22.833,2
2014,PA,Rail transport,1,56,direta,True,7.8,14.405,1
2014,PA,Telecommunications,1,56,direta,True,6.366,11.757,1
2014,PA,Health,1,12,direta,False,6.358,11.742,1
2014,PA,Education,0,83,direta,False,5.749,10.617,2
2014,PA,Health,0,0,direta,False,5.143,9.498,3
2014,PA,Logistics,14,251,indireta,True,6.565,12.125,4
2014,PA,Sanitation,14,251,indireta,True,2.736,5.053,3
2014,PA,Education,0,21,direta,False,2.102,3.882,1
2014,PA,Health,0,83,direta,False,2.609,4.819,2
2014,PA,Telecommunications,1,110,direta,True,1.514,2.795,1
2014,PA,Telecommunications,22,280,indireta,True,1.762,3.254,2
2014,PA,Logistics,22,280,indireta,True,1.222,2.257,3
2014,PA,Energy,1,110,direta,True,0.506,0.935,1
2014,PA,Sanitation,22,280,indireta,True,0.397,0.732,1
2014,PA,Logistics,14,56,indireta,True,0.2,0.369,1
2014,PA,Telecommunications,14,251,indireta,True,0.135,0.249,1
2014,PA,Telecommunications,14,56,indireta,True,0.161,0.297,3
2014,PA,Telecommunications,1,257,direta,True,0.002,0.003,1
2014,PB,Telecommunications,1,18,direta,True,40.602,74.986,1
2014,PB,Energy,1,8,indireta,True,38.434,70.982,1
2014,PB,Energy,14,56,indireta,True,15.276,28.212,1
2014,PB,Energy,1,10,direta,True,11.749,21.698,1
2014,PB,Education,1,89,direta,False,6.08,11.228,1
2014,PB,Energy,1,56,direta,True,5.541,10.233,1
2014,PB,Health,0,0,direta,False,5.144,9.5,2
2014,PB,Sanitation,14,251,indireta,True,3.939,7.275,3
2014,PB,Telecommunications,1,56,direta,True,2.978,5.5,1
2014,PB,Telecommunications,22,280,indireta,True,1.689,3.119,2
2014,PB,Logistics,14,251,indireta,True,2.527,4.666,3
2014,PB,Energy,1,56,indireta,True,0.974,1.799,1
2014,PB,Energy,1,251,indireta,True,0.818,1.51,1
2014,PB,Telecommunications,1,110,direta,True,0.674,1.244,1
2014,PB,Energy,14,251,indireta,True,0.621,1.147,1
2014,PB,Sanitation,22,280,indireta,True,0.688,1.271,2
2014,PB,Logistics,14,56,indireta,True,0.576,1.063,1
2014,PB,Rail transport,22,280,indireta,True,0.326,0.603,1
2014,PB,Logistics,22,280,indireta,True,0.281,0.519,1
2014,PB,Sanitation,14,56,indireta,True,0.155,0.286,1
2014,PB,Energy,1,110,direta,True,0.044,0.082,1
2014,PB,Telecommunications,1,257,direta,True,0.021,0.038,1
2014,PB,Telecommunications,14,56,indireta,True,0.019,0.035,1
2014,PE,Road transport,1,43,direta,True,404.933,747.847,2
2014,PE,Energy,1,35,direta,True,259.87,479.937,1
2014,PE,Energy,1,192,direta,True,214.204,395.601,1
2014,PE,Energy,1,10,direta,True,209.13,386.23,1
2014,PE,Energy,1,56,direta,True,152.218,281.121,1
2014,PE,Telecommunications,1,18,direta,True,105.762,195.326,1
2014,PE,Energy,1,8,direta,True,89.97,166.16,1
2014,PE,Sanitation,14,251,indireta,True,22.632,41.798,4
2014,PE,Logistics,14,251,indireta,True,18.163,33.544,4
2014,PE,Ports,1,38,direta,True,15.576,28.767,2
2014,PE,Sanitation,21,160,direta,True,10.86,20.056,1
2014,PE,Telecommunications,1,56,direta,True,7.598,14.032,1
2014,PE,Sanitation,1,4,direta,True,6.476,11.961,1
2014,PE,Health,0,0,direta,False,5.246,9.689,3
2014,PE,Logistics,14,56,indireta,True,5.089,9.399,3
2014,PE,Education,1,89,direta,False,2.762,5.101,1
2014,PE,Telecommunications,22,280,indireta,True,3.334,6.157,2
2014,PE,Telecommunications,1,110,direta,True,1.847,3.412,1
2014,PE,Energy,14,56,indireta,True,1.806,3.336,1
2014,PE,Logistics,1,120,direta,True,1.57,2.9,1
2014,PE,Logistics,18,247,indireta,True,1.26,2.327,1
2014,PE,Sanitation,14,56,indireta,True,2.494,4.606,4
2014,PE,Logistics,22,280,indireta,True,1.375,2.54,3
2014,PE,Energy,1,110,direta,True,0.79,1.46,1
2014,PE,Sanitation,22,280,indireta,True,1.114,2.057,2
2014,PE,Telecommunications,14,56,indireta,True,0.631,1.166,3
2014,PE,Sanitation,1,56,direta,True,0.15,0.277,1
2014,PE,Health,18,253,indireta,False,0.1,0.185,1
2014,PE,Telecommunications,1,257,direta,True,0.076,0.14,1
2014,PE,Logistics,18,250,indireta,True,0.056,0.103,1
2014,PE,Health,18,262,indireta,False,0.047,0.087,1
2014,PE,Telecommunications,18,262,indireta,True,0.045,0.083,1
2014,PE,Education,18,262,indireta,False,0.042,0.078,1
2014,PE,Logistics,14,192,indireta,True,0.028,0.052,1
2014,PE,Telecommunications,18,253,indireta,True,0.028,0.052,1
2014,PE,Logistics,1,56,direta,True,0.018,0.034,1
2014,PE,Sanitation,14,192,indireta,True,0.015,0.028,1
2014,PI,Energy,1,35,direta,True,497.319,918.469,1
2014,PI,Energy,1,69,direta,True,338.052,624.328,1
2014,PI,Energy,1,30,direta,True,194.5,359.21,1
2014,PI,Telecommunications,1,18,direta,True,30.531,56.386,1
2014,PI,Energy,14,56,indireta,True,6.305,11.645,1
2014,PI,Health,0,0,direta,False,4.94,9.123,2
2014,PI,Education,1,89,direta,False,4.487,8.286,1
2014,PI,Logistics,18,261,indireta,True,3.961,7.316,1
2014,PI,Ports,1,38,direta,True,3.521,6.502,1
2014,PI,Telecommunications,1,56,direta,True,2.324,4.291,1
2014,PI,Logistics,18,121,indireta,True,3.781,6.982,2
2014,PI,Logistics,14,251,indireta,True,1.227,2.266,1
2014,PI,Telecommunications,1,110,direta,True,0.529,0.978,1
2014,PI,Logistics,22,280,indireta,True,0.419,0.774,1
2014,PI,Telecommunications,22,280,indireta,True,0.399,0.738,1
2014,PI,Sanitation,14,251,indireta,True,0.464,0.858,2
2014,PI,Sanitation,22,280,indireta,True,0.251,0.464,1
2014,PI,Telecommunications,14,56,indireta,True,0.071,0.131,2
2014,PI,Telecommunications,1,257,direta,True,0.006,0.011,1
2014,PR,Telecommunications,1,18,direta,True,210.617,388.975,1
2014,PR,Sanitation,21,160,direta,True,196.378,362.678,1
2014,PR,Telecommunications,14,56,indireta,True,196.979,363.789,4
2014,PR,Energy,1,10,direta,True,157.202,290.328,1
2014,PR,Road transport,1,43,direta,True,116.875,215.85,1
2014,PR,Rail transport,1,20,direta,True,80.4,148.487,1
2014,PR,Energy,1,56,direta,True,80.123,147.975,1
2014,PR,Logistics,1,128,indireta,True,78.998,145.897,1
2014,PR,Logistics,18,121,indireta,True,110.014,203.178,4
2014,PR,Logistics,14,56,indireta,True,70.864,130.875,4
2014,PR,Energy,21,160,direta,True,53.91,99.563,1
2014,PR,Energy,1,8,direta,True,47.821,88.318,1
2014,PR,Logistics,18,261,indireta,True,62.398,115.239,3
2014,PR,Logistics,18,245,indireta,True,41.805,77.206,3
2014,PR,Logistics,14,121,indireta,True,40.281,74.393,1
2014,PR,Sanitation,1,4,direta,True,65.27,120.543,2
2014,PR,Logistics,1,33,indireta,True,29.4,54.297,1
2014,PR,Education,1,89,direta,False,39.843,73.584,2
2014,PR,Sanitation,14,56,indireta,True,32.739,60.463,4
2014,PR,Energy,1,30,direta,True,23.889,44.119,1
2014,PR,Sanitation,14,251,indireta,True,37.529,69.31,4
2014,PR,Logistics,18,33,indireta,True,20.104,37.129,1
2014,PR,Ports,1,38,indireta,True,19.0,35.09,1
2014,PR,Telecommunications,1,56,direta,True,14.706,27.16,1
2014,PR,Logistics,18,250,indireta,True,14.103,26.046,1
2014,PR,Logistics,14,251,indireta,True,15.567,28.749,4
2014,PR,Logistics,18,254,indireta,True,7.0,12.928,1
2014,PR,Education,18,250,indireta,False,5.737,10.595,1
2014,PR,Health,0,0,direta,False,5.804,10.718,2
2014,PR,Health,18,84,indireta,False,7.7,14.221,2
2014,PR,Logistics,22,280,indireta,True,6.632,12.247,3
2014,PR,Education,18,247,indireta,False,5.19,9.586,2
2014,PR,Telecommunications,1,110,direta,True,3.371,6.226,1
2014,PR,Health,18,247,indireta,False,4.82,8.902,3
2014,PR,Logistics,18,241,indireta,True,3.418,6.312,2
2014,PR,Telecommunications,22,280,indireta,True,2.918,5.389,2
2014,PR,Sanitation,22,280,indireta,True,2.879,5.317,3
2014,PR,Logistics,18,246,indireta,True,1.239,2.289,1
2014,PR,Energy,18,247,indireta,True,1.144,2.113,1
2014,PR,Ports,1,38,direta,True,1.076,1.986,1
2014,PR,Energy,14,56,indireta,True,1.789,3.303,2
2014,PR,Logistics,18,247,indireta,True,0.777,1.435,1
2014,PR,Logistics,1,110,direta,True,0.55,1.016,1
2014,PR,Education,0,21,direta,False,0.395,0.73,1
2014,PR,Health,18,7,indireta,False,0.222,0.41,1
2014,PR,Health,18,262,indireta,False,0.2,0.369,1
2014,PR,Education,18,262,indireta,False,0.2,0.369,1
2014,PR,Telecommunications,1,257,direta,True,0.182,0.336,1
2014,PR,Telecommunications,14,257,indireta,True,0.335,0.619,3
2014,PR,Rail transport,14,56,indireta,True,0.157,0.289,1
2014,PR,Sanitation,1,56,direta,True,0.143,0.264,1
2014,PR,Health,18,244,indireta,False,0.143,0.264,2
2014,PR,Education,18,253,indireta,False,0.099,0.183,1
2014,PR,Education,18,244,indireta,False,0.085,0.157,1
2014,PR,Rail transport,22,280,indireta,True,0.082,0.152,1
2014,PR,Rail transport,18,244,indireta,True,0.12,0.222,3
2014,PR,Logistics,18,56,indireta,True,0.062,0.114,1
2014,PR,Energy,22,280,indireta,True,0.052,0.095,1
2014,PR,Sanitation,18,244,indireta,True,0.05,0.092,2
2014,PR,Telecommunications,18,244,indireta,True,0.04,0.074,2
2014,PR,Logistics,18,244,indireta,True,0.05,0.092,2
2014,PR,Energy,1,110,direta,True,0.025,0.046,1
2014,RJ,Urban mobility,1,41,direta,True,2595.566,4793.593,3
2014,RJ,Ports,1,38,direta,True,2407.131,4445.583,2
2014,RJ,Urban mobility,1,118,direta,True,1822.362,3365.609,2
2014,RJ,Telecommunications,1,18,direta,True,992.261,1832.546,1
2014,RJ,Telecommunications,21,160,direta,True,749.8,1384.759,1
2014,RJ,Rail transport,14,56,indireta,True,572.762,1057.8,1
2014,RJ,Energy,1,35,direta,True,540.0,997.293,1
2014,RJ,Energy,1,8,direta,True,322.586,595.765,1
2014,RJ,Ports,1,38,indireta,True,281.258,519.438,1
2014,RJ,Road transport,1,43,direta,True,273.073,504.322,1
2014,RJ,Energy,1,56,direta,True,118.392,218.652,1
2014,RJ,Health,1,9,indireta,False,109.184,201.646,1
2014,RJ,Logistics,1,284,direta,True,49.665,91.723,1
2014,RJ,Sanitation,18,248,indireta,True,48.455,89.488,1
2014,RJ,Sanitation,1,4,direta,True,44.451,82.093,1
2014,RJ,Sanitation,14,251,indireta,True,54.04,99.803,4
2014,RJ,Energy,1,24,direta,True,32.328,59.705,1
2014,RJ,Rail transport,1,56,indireta,True,28.6,52.82,1
2014,RJ,Energy,14,56,indireta,True,26.753,49.409,2
2014,RJ,Telecommunications,14,56,indireta,True,25.271,46.672,3
2014,RJ,Sanitation,14,56,indireta,True,27.399,50.601,4
2014,RJ,Logistics,14,251,indireta,True,38.561,71.215,4
2014,RJ,Education,1,89,direta,False,11.769,21.735,1
2014,RJ,Telecommunications,1,56,direta,True,10.405,19.217,1
2014,RJ,Education,1,9,indireta,False,9.409,17.378,1
2014,RJ,Logistics,18,247,indireta,True,9.047,16.709,1
2014,RJ,Logistics,14,56,indireta,True,16.198,29.914,4
2014,RJ,Health,0,0,direta,False,7.396,13.66,3
2014,RJ,Education,18,247,indireta,False,6.375,11.774,1
2014,RJ,Sanitation,1,56,direta,True,6.151,11.359,1
2014,RJ,Telecommunications,1,56,indireta,True,5.204,9.61,1
2014,RJ,Health,0,21,direta,False,4.5,8.311,1
2014,RJ,Telecommunications,1,110,direta,True,4.148,7.661,1
2014,RJ,Telecommunications,22,280,indireta,True,5.209,9.62,3
2014,RJ,Health,18,248,indireta,False,2.634,4.865,1
2014,RJ,Education,1,7,direta,False,2.4,4.432,1
2014,RJ,Sanitation,22,280,indireta,True,3.99,7.368,3
2014,RJ,Logistics,1,110,direta,True,1.998,3.69,1
2014,RJ,Energy,1,8,indireta,True,1.961,3.622,1
2014,RJ,Education,0,21,direta,False,1.795,3.316,1
2014,RJ,Rail transport,1,20,direta,True,1.751,3.233,1
2014,RJ,Sanitation,0,0,direta,True,1.742,3.217,1
2014,RJ,Logistics,22,280,indireta,True,4.92,9.086,3
2014,RJ,Rail transport,0,21,direta,True,1.291,2.384,1
2014,RJ,Energy,1,110,direta,True,1.13,2.087,1
2014,RJ,Rail transport,1,110,direta,True,0.95,1.754,1
2014,RJ,Education,18,262,indireta,False,0.883,1.632,1
2014,RJ,Health,18,262,indireta,False,0.827,1.527,1
2014,RJ,Telecommunications,18,262,indireta,True,0.924,1.706,2
2014,RJ,Sanitation,14,192,indireta,True,1.009,1.864,3
2014,RJ,Education,18,253,indireta,False,0.331,0.612,1
2014,RJ,Telecommunications,1,285,indireta,True,0.222,0.41,1
2014,RJ,Logistics,18,262,indireta,True,0.155,0.286,1
2014,RJ,Telecommunications,14,257,indireta,True,0.149,0.274,1
2014,RJ,Telecommunications,1,257,direta,True,0.144,0.266,1
2014,RJ,Health,18,253,indireta,False,0.144,0.265,1
2014,RJ,Energy,14,251,indireta,True,0.097,0.18,1
2014,RJ,Energy,22,280,indireta,True,0.048,0.088,1
2014,RJ,Telecommunications,14,251,indireta,True,0.045,0.084,1
2014,RN,Energy,1,30,direta,True,261.992,483.857,1
2014,RN,Energy,1,192,direta,True,149.346,275.818,1
2014,RN,Ports,1,38,direta,True,62.934,116.229,1
2014,RN,Telecommunications,1,18,direta,True,40.105,74.068,1
2014,RN,Energy,1,8,direta,True,32.946,60.846,1
2014,RN,Energy,1,35,direta,True,28.478,52.594,1
2014,RN,Energy,1,56,direta,True,24.847,45.888,1
2014,RN,Energy,1,30,indireta,True,19.841,36.643,1
2014,RN,Logistics,1,56,direta,True,17.433,32.195,1
2014,RN,Sanitation,14,56,indireta,True,6.163,11.381,2
2014,RN,Health,0,0,direta,False,5.356,9.892,2
2014,RN,Sanitation,14,251,indireta,True,6.401,11.821,4
2014,RN,Energy,1,110,direta,True,4.394,8.115,1
2014,RN,Telecommunications,1,56,direta,True,3.055,5.642,1
2014,RN,Energy,14,56,indireta,True,4.305,7.95,2
2014,RN,Sanitation,1,4,direta,True,1.676,3.096,1
2014,RN,Logistics,14,251,indireta,True,1.598,2.952,2
2014,RN,Telecommunications,22,280,indireta,True,1.207,2.23,2
2014,RN,Telecommunications,1,110,direta,True,0.711,1.313,1
2014,RN,Logistics,22,280,indireta,True,0.192,0.354,2
2014,RN,Telecommunications,14,56,indireta,True,0.063,0.117,1
2014,RN,Sanitation,1,56,direta,True,0.039,0.072,1
2014,RN,Sanitation,22,280,indireta,True,0.035,0.065,1
2014,RN,Logistics,14,192,indireta,True,0.034,0.062,1
2014,RN,Telecommunications,1,257,direta,True,0.01,0.018,1
2014,RO,Energy,1,35,direta,True,350.0,646.394,1
2014,RO,Energy,1,35,indireta,True,350.0,646.394,1
2014,RO,Energy,1,110,direta,True,15.325,28.303,1
2014,RO,Energy,1,10,direta,True,13.66,25.228,1
2014,RO,Telecommunications,1,18,direta,True,8.352,15.424,1
2014,RO,Logistics,18,121,indireta,True,6.4,11.82,1
2014,RO,Health,0,0,direta,False,4.938,9.119,3
2014,RO,Energy,14,56,indireta,True,3.866,7.139,1
2014,RO,Energy,1,69,direta,True,3.641,6.724,1
2014,RO,Sanitation,14,251,indireta,True,5.44,10.047,3
2014,RO,Health,18,262,indireta,False,2.634,4.865,2
2014,RO,Energy,18,247,indireta,True,1.261,2.328,1
2014,RO,Education,18,262,indireta,False,1.326,2.449,2
2014,RO,Energy,18,262,indireta,True,1.0,1.847,1
2014,RO,Health,0,83,direta,False,0.862,1.592,1
2014,RO,Logistics,18,261,indireta,True,0.78,1.441,1
2014,RO,Telecommunications,18,262,indireta,True,1.027,1.897,2
2014,RO,Telecommunications,1,56,direta,True,0.603,1.113,1
2014,RO,Telecommunications,22,280,indireta,True,0.498,0.92,1
2014,RO,Logistics,14,251,indireta,True,0.644,1.19,2
2014,RO,Logistics,22,280,indireta,True,0.35,0.647,1
2014,RO,Sanitation,18,262,indireta,True,0.294,0.543,1
2014,RO,Telecommunications,1,110,direta,True,0.187,0.345,1
2014,RO,Logistics,14,56,indireta,True,0.165,0.304,1
2014,RO,Sanitation,22,280,indireta,True,0.159,0.293,2
2014,RO,Education,0,83,direta,False,0.086,0.159,1
2014,RO,Logistics,18,262,indireta,True,0.083,0.153,1
2014,RO,Telecommunications,14,56,indireta,True,0.082,0.151,1
2014,RO,Health,18,244,indireta,False,0.06,0.111,1
2014,RO,Education,18,244,indireta,False,0.09,0.166,2
2014,RO,Energy,22,280,indireta,True,0.005,0.009,1
2014,RR,Energy,1,24,direta,True,6.404,11.828,1
2014,RR,Health,0,0,direta,False,4.664,8.613,2
2014,RR,Energy,14,56,indireta,True,3.208,5.925,1
2014,RR,Telecommunications,1,18,direta,True,2.863,5.288,1
2014,RR,Health,0,83,direta,False,0.592,1.093,1
2014,RR,Health,18,253,indireta,False,0.548,1.012,1
2014,RR,Logistics,14,251,indireta,True,0.359,0.663,1
2014,RR,Telecommunications,1,56,direta,True,0.209,0.387,1
2014,RR,Education,18,262,indireta,False,0.129,0.239,1
2014,RR,Education,0,83,direta,False,0.086,0.159,1
2014,RR,Telecommunications,1,110,direta,True,0.061,0.112,1
2014,RR,Logistics,14,192,indireta,True,0.057,0.105,1
2014,RS,Energy,1,30,direta,True,316.117,583.817,1
2014,RS,Energy,1,10,direta,True,186.142,343.775,1
2014,RS,Energy,1,30,indireta,True,82.654,152.649,1
2014,RS,Sanitation,1,4,direta,True,75.621,139.66,1
2014,RS,Logistics,18,261,indireta,True,133.725,246.968,4
2014,RS,Telecommunications,1,18,direta,True,74.072,136.799,1
2014,RS,Logistics,18,121,indireta,True,107.637,198.787,4
2014,RS,Rail transport,1,20,direta,True,54.293,100.27,1
2014,RS,Telecommunications,21,160,direta,True,35.501,65.564,1
2014,RS,Energy,1,192,indireta,True,23.364,43.15,1
2014,RS,Education,18,250,indireta,False,22.156,40.919,1
2014,RS,Health,18,84,indireta,False,23.793,43.942,2
2014,RS,Energy,1,35,direta,True,18.847,34.807,1
2014,RS,Energy,1,56,direta,True,17.773,32.824,1
2014,RS,Sanitation,21,160,direta,True,17.29,31.931,1
2014,RS,Education,1,89,direta,False,18.008,33.257,2
2014,RS,Logistics,18,245,indireta,True,17.279,31.912,3
2014,RS,Logistics,14,56,indireta,True,26.871,49.626,4
2014,RS,Energy,18,247,indireta,True,12.237,22.601,1
2014,RS,Energy,1,10,indireta,True,11.808,21.807,1
2014,RS,Logistics,14,251,indireta,True,15.085,27.859,4
2014,RS,Logistics,14,121,indireta,True,14.741,27.225,2
2014,RS,Energy,1,35,indireta,True,8.936,16.503,1
2014,RS,Logistics,14,261,indireta,True,10.08,18.617,2
2014,RS,Energy,18,248,indireta,True,8.0,14.775,1
2014,RS,Logistics,18,241,indireta,True,14.504,26.787,4
2014,RS,Logistics,18,247,indireta,True,6.883,12.713,1
2014,RS,Health,0,0,direta,False,5.911,10.916,2
2014,RS,Energy,1,56,indireta,True,5.496,10.149,1
2014,RS,Sanitation,14,251,indireta,True,15.307,28.269,4
2014,RS,Health,18,247,indireta,False,4.873,9.0,2
2014,RS,Telecommunications,1,56,direta,True,4.351,8.035,1
2014,RS,Education,1,108,direta,False,4.071,7.519,1
2014,RS,Telecommunications,22,280,indireta,True,5.482,10.125,3
2014,RS,Energy,14,56,indireta,True,5.447,10.059,4
2014,RS,Education,18,247,indireta,False,5.26,9.715,3
2014,RS,Sanitation,14,56,indireta,True,4.166,7.695,2
2014,RS,Logistics,22,280,indireta,True,4.984,9.205,3
2014,RS,Logistics,18,250,indireta,True,2.721,5.026,1
2014,RS,Logistics,18,56,indireta,True,2.216,4.092,1
2014,RS,Sanitation,22,280,indireta,True,4.872,8.997,3
2014,RS,Sanitation,18,248,indireta,True,2.125,3.925,1
2014,RS,Telecommunications,18,250,indireta,True,2.1,3.878,1
2014,RS,Education,18,1,indireta,False,1.829,3.377,1
2014,RS,Telecommunications,14,56,indireta,True,4.699,8.679,4
2014,RS,Education,0,21,direta,False,1.787,3.3,2
2014,RS,Telecommunications,1,110,direta,True,1.487,2.746,1
2014,RS,Education,1,286,direta,False,1.229,2.269,1
2014,RS,Energy,18,7,indireta,True,1.161,2.144,1
2014,RS,Energy,1,110,direta,True,1.0,1.847,1
2014,RS,Logistics,18,33,indireta,True,0.955,1.763,1
2014,RS,Sanitation,18,247,indireta,True,1.131,2.088,2
2014,RS,Logistics,18,45,indireta,True,1.084,2.001,3
2014,RS,Energy,22,280,indireta,True,0.459,0.848,3
2014,RS,Logistics,14,241,indireta,True,0.52,0.96,2
2014,RS,Telecommunications,14,257,indireta,True,0.635,1.172,3
2014,RS,Telecommunications,1,257,direta,True,0.115,0.212,1
2014,RS,Energy,14,251,indireta,True,0.107,0.199,1
2014,RS,Sanitation,18,245,indireta,True,0.088,0.162,1
2014,RS,Sanitation,14,192,indireta,True,0.072,0.133,1
2014,RS,Rail transport,22,280,indireta,True,0.054,0.1,1
2014,RS,Energy,14,192,indireta,True,0.045,0.083,1
2014,RS,Health,18,244,indireta,False,0.01,0.018,1
2014,SC,Road transport,1,43,direta,True,100.248,185.142,1
2014,SC,Telecommunications,1,18,direta,True,98.545,181.997,1
2014,SC,Energy,1,35,indireta,True,67.969,125.528,1
2014,SC,Energy,1,10,direta,True,67.674,124.983,1
2014,SC,Energy,1,35,direta,True,59.53,109.942,1
2014,SC,Energy,21,160,direta,True,39.32,72.618,1
2014,SC,Energy,1,56,direta,True,37.878,69.954,1
2014,SC,Logistics,18,121,indireta,True,69.615,128.568,4
2014,SC,Energy,18,247,indireta,True,37.641,69.518,2
2014,SC,Sanitation,1,4,direta,True,29.251,54.023,1
2014,SC,Rail transport,1,20,direta,True,15.942,29.441,1
2014,SC,Energy,14,56,indireta,True,33.62,62.09,4
2014,SC,Logistics,14,56,indireta,True,22.017,40.662,4
2014,SC,Education,1,89,direta,False,13.304,24.571,2
2014,SC,Logistics,18,245,indireta,True,12.343,22.796,3
2014,SC,Sanitation,14,251,indireta,True,19.108,35.29,4
2014,SC,Energy,1,30,direta,True,9.667,17.853,1
2014,SC,Logistics,18,247,indireta,True,11.45,21.146,2
2014,SC,Logistics,14,251,indireta,True,23.728,43.821,4
2014,SC,Logistics,14,121,indireta,True,8.902,16.441,1
2014,SC,Energy,18,248,indireta,True,7.562,13.967,1
2014,SC,Telecommunications,1,56,direta,True,7.158,13.219,1
2014,SC,Ports,1,38,direta,True,6.78,12.521,1
2014,SC,Health,0,0,direta,False,5.079,9.379,2
2014,SC,Education,18,247,indireta,False,7.114,13.138,3
2014,SC,Telecommunications,22,280,indireta,True,5.12,9.457,2
2014,SC,Sanitation,14,56,indireta,True,10.117,18.685,4
2014,SC,Logistics,18,261,indireta,True,3.658,6.755,2
2014,SC,Energy,1,30,indireta,True,3.0,5.541,1
2014,SC,Logistics,22,280,indireta,True,4.827,8.915,3
2014,SC,Sanitation,22,280,indireta,True,4.431,8.184,3
2014,SC,Education,18,250,indireta,False,2.542,4.695,1
2014,SC,Education,0,21,direta,False,2.297,4.241,1
2014,SC,Logistics,1,56,direta,True,2.0,3.694,1
2014,SC,Health,18,247,indireta,False,3.684,6.803,3
2014,SC,Telecommunications,14,56,indireta,True,2.696,4.978,4
2014,SC,Logistics,18,241,indireta,True,2.779,5.132,3
2014,SC,Telecommunications,1,110,direta,True,1.749,3.23,1
2014,SC,Logistics,18,33,indireta,True,1.324,2.445,1
2014,SC,Energy,1,110,direta,True,0.915,1.69,1
2014,SC,Telecommunications,14,257,indireta,True,0.991,1.831,3
2014,SC,Energy,14,251,indireta,True,1.183,2.186,3
2014,SC,Logistics,18,56,indireta,True,0.688,1.27,1
2014,SC,Telecommunications,18,253,indireta,True,0.77,1.422,2
2014,SC,Education,18,262,indireta,False,0.637,1.177,1
2014,SC,Ports,1,38,indireta,True,0.593,1.096,1
2014,SC,Logistics,1,110,direta,True,0.59,1.09,1
2014,SC,Sanitation,18,247,indireta,True,0.587,1.085,2
2014,SC,Sanitation,18,248,indireta,True,0.492,0.909,1
2014,SC,Energy,22,280,indireta,True,0.481,0.888,2
2014,SC,Logistics,18,250,indireta,True,0.37,0.684,1
2014,SC,Sanitation,18,264,indireta,True,0.313,0.578,1
2014,SC,Logistics,18,246,indireta,True,0.25,0.462,1
2014,SC,Health,18,262,indireta,False,0.193,0.356,1
2014,SC,Education,18,244,indireta,False,0.24,0.443,3
2014,SC,Sanitation,18,245,indireta,True,0.169,0.311,1
2014,SC,Health,18,244,indireta,False,0.145,0.268,1
2014,SC,Sanitation,18,262,indireta,True,0.106,0.197,1
2014,SC,Health,18,253,indireta,False,0.1,0.185,1
2014,SC,Telecommunications,18,262,indireta,True,0.085,0.157,1
2014,SC,Rail transport,22,280,indireta,True,0.093,0.172,2
2014,SC,Telecommunications,1,257,direta,True,0.048,0.089,1
2014,SC,Telecommunications,18,244,indireta,True,0.085,0.157,3
2014,SC,Education,18,253,indireta,False,0.02,0.037,1
2014,SC,Sanitation,18,244,indireta,True,0.035,0.065,3
2014,SC,Logistics,18,244,indireta,True,0.005,0.009,1
2014,SE,Energy,1,8,indireta,True,19.24,35.533,1
2014,SE,Telecommunications,1,18,direta,True,9.949,18.373,1
2014,SE,Energy,14,56,indireta,True,8.564,15.815,1
2014,SE,Health,0,0,direta,False,4.897,9.044,3
2014,SE,Education,1,89,direta,False,2.706,4.998,1
2014,SE,Sanitation,14,251,indireta,True,1.072,1.98,3
2014,SE,Telecommunications,1,56,direta,True,0.728,1.345,1
2014,SE,Logistics,14,251,indireta,True,0.707,1.305,1
2014,SE,Telecommunications,22,280,indireta,True,0.683,1.262,1
2014,SE,Sanitation,14,56,indireta,True,0.763,1.41,2
2014,SE,Energy,14,251,indireta,True,0.457,0.844,1
2014,SE,Logistics,14,56,indireta,True,0.27,0.499,1
2014,SE,Telecommunications,1,110,direta,True,0.222,0.41,1
2014,SE,Logistics,22,280,indireta,True,0.235,0.434,2
2014,SE,Sanitation,22,280,indireta,True,0.179,0.331,1
2014,SE,Telecommunications,14,56,indireta,True,0.031,0.058,1
2014,SE,Telecommunications,1,257,direta,True,0.002,0.004,1
2014,SP,Energy,1,105,direta,True,2700.0,4986.466,1
2014,SP,Telecommunications,14,56,indireta,True,948.123,1751.032,4
2014,SP,Road transport,1,43,direta,True,783.321,1446.668,1
2014,SP,Telecommunications,1,18,direta,True,541.025,999.185,1
2014,SP,Ports,1,38,direta,True,670.587,1238.466,4
2014,SP,Ports,1,38,indireta,True,503.125,929.191,1
2014,SP,Urban mobility,1,41,direta,True,530.0,978.825,2
2014,SP,Logistics,21,160,direta,True,404.269,746.621,1
2014,SP,Energy,1,13,direta,True,394.055,727.756,1
2014,SP,Road transport,1,43,indireta,True,252.014,465.429,1
2014,SP,Urban mobility,1,118,direta,True,346.944,640.749,2
2014,SP,Sanitation,1,4,direta,True,221.071,408.282,2
2014,SP,Energy,1,10,direta,True,196.493,362.891,1
2014,SP,Rail transport,1,20,direta,True,160.841,297.048,1
2014,SP,Health,1,84,indireta,False,146.925,271.347,1
2014,SP,Logistics,1,2,direta,True,122.219,225.719,1
2014,SP,Rail transport,14,56,indireta,True,121.18,223.799,1
2014,SP,Energy,21,160,direta,True,158.272,292.303,2
2014,SP,Energy,1,56,direta,True,110.12,203.373,1
2014,SP,Health,1,84,direta,False,106.962,197.542,1
2014,SP,Rail transport,14,263,indireta,True,93.83,173.288,1
2014,SP,Sanitation,14,251,indireta,True,142.358,262.912,4
2014,SP,Energy,1,8,indireta,True,89.608,165.492,1
2014,SP,Health,18,84,indireta,False,111.781,206.441,3
2014,SP,Rail transport,1,56,direta,True,75.535,139.501,1
2014,SP,Energy,1,8,direta,True,70.364,129.951,1
2014,SP,Energy,1,56,indireta,True,64.543,119.2,1
2014,SP,Rail transport,1,56,indireta,True,57.2,105.639,1
2014,SP,Telecommunications,14,192,indireta,True,52.118,96.253,1
2014,SP,Logistics,14,56,indireta,True,92.872,171.52,4
2014,SP,Telecommunications,1,56,direta,True,44.008,81.276,1
2014,SP,Sanitation,21,160,direta,True,35.985,66.458,1
2014,SP,Logistics,14,251,indireta,True,86.088,158.992,4
2014,SP,Logistics,18,121,indireta,True,32.472,59.971,4
2014,SP,Energy,1,35,direta,True,30.202,55.779,1
2014,SP,Telecommunications,1,56,indireta,True,23.214,42.873,1
2014,SP,Energy,1,30,indireta,True,21.311,39.359,1
2014,SP,Telecommunications,1,18,indireta,True,20.247,37.393,1
2014,SP,Energy,14,56,indireta,True,26.409,48.772,5
2014,SP,Energy,14,251,indireta,True,19.508,36.027,5
2014,SP,Health,18,250,indireta,False,16.401,30.29,1
2014,SP,Sanitation,14,56,indireta,True,34.102,62.981,4
2014,SP,Sanitation,1,4,indireta,True,12.376,22.856,1
2014,SP,Logistics,22,280,indireta,True,24.523,45.291,3
2014,SP,Energy,1,112,indireta,True,11.042,20.392,1
2014,SP,Logistics,1,121,indireta,True,10.0,18.468,1
2014,SP,Energy,1,192,direta,True,9.367,17.299,1
2014,SP,Education,18,247,indireta,False,11.381,21.019,3
2014,SP,Health,18,247,indireta,False,18.04,33.317,3
2014,SP,Telecommunications,1,110,direta,True,8.679,16.029,1
2014,SP,Telecommunications,22,280,indireta,True,13.028,24.06,3
2014,SP,Sanitation,22,280,indireta,True,12.2,22.531,3
2014,SP,Logistics,1,56,indireta,True,6.141,11.341,1
2014,SP,Energy,1,110,direta,True,6.523,12.046,2
2014,SP,Health,0,0,direta,False,5.628,10.394,3
2014,SP,Health,1,56,indireta,False,4.953,9.147,1
2014,SP,Logistics,1,42,direta,True,4.432,8.185,1
2014,SP,Energy,1,24,direta,True,4.221,7.795,1
2014,SP,Logistics,18,247,indireta,True,4.217,7.787,1
2014,SP,Energy,18,248,indireta,True,6.647,12.277,2
2014,SP,Logistics,14,121,indireta,True,4.293,7.929,2
2014,SP,Telecommunications,1,192,direta,True,3.645,6.732,1
2014,SP,Energy,1,69,direta,True,3.641,6.724,1
2014,SP,Logistics,18,250,indireta,True,3.551,6.558,1
2014,SP,Logistics,1,56,direta,True,3.429,6.333,1
2014,SP,Energy,18,258,indireta,True,3.257,6.015,1
2014,SP,Energy,1,35,indireta,True,3.211,5.93,1
2014,SP,Education,18,250,indireta,False,3.197,5.904,1
2014,SP,Health,0,21,direta,False,3.0,5.541,1
2014,SP,Sanitation,1,56,direta,True,2.733,5.047,1
2014,SP,Sanitation,18,248,indireta,True,2.056,3.797,1
2014,SP,Sanitation,14,192,indireta,True,2.204,4.07,3
2014,SP,Logistics,1,120,direta,True,1.657,3.06,1
2014,SP,Sanitation,0,21,direta,True,1.582,2.921,1
2014,SP,Sanitation,18,247,indireta,True,1.181,2.18,1
2014,SP,Telecommunications,14,257,indireta,True,2.423,4.475,5
2014,SP,Health,18,244,indireta,False,1.083,2.0,3
2014,SP,Telecommunications,1,257,direta,True,1.03,1.901,1
2014,SP,Logistics,1,110,direta,True,0.982,1.813,1
2014,SP,Logistics,14,192,indireta,True,1.13,2.087,3
2014,SP,Education,0,21,direta,False,0.713,1.317,1
2014,SP,Logistics,18,241,indireta,True,0.555,1.025,1
2014,SP,Education,18,7,indireta,False,0.53,0.979,1
2014,SP,Energy,22,280,indireta,True,0.631,1.165,3
2014,SP,Logistics,18,246,indireta,True,0.42,0.776,1
2014,SP,Sanitation,0,0,direta,True,0.202,0.372,1
2014,SP,Sanitation,18,255,indireta,True,0.199,0.367,1
2014,SP,Education,0,113,direta,False,0.158,0.292,1
2014,SP,Education,18,244,indireta,False,0.15,0.277,2
2014,SP,Telecommunications,14,251,indireta,True,0.206,0.381,2
2014,SP,Telecommunications,1,110,indireta,True,0.072,0.133,1
2014,SP,Logistics,18,244,indireta,True,0.08,0.148,2
2014,SP,Sanitation,18,244,indireta,True,0.06,0.111,1
2014,SP,Rail transport,22,280,indireta,True,0.057,0.106,1
2014,SP,Telecommunications,18,244,indireta,True,0.01,0.018,1
2014,TO,Rail transport,14,56,indireta,True,230.178,425.101,1
2014,TO,Logistics,18,121,indireta,True,21.757,40.181,4
2014,TO,Telecommunications,1,18,direta,True,7.586,14.01,1
2014,TO,Logistics,18,247,indireta,True,5.0,9.234,1
2014,TO,Health,0,0,direta,False,4.79,8.846,2
2014,TO,Education,1,89,direta,False,4.136,7.639,1
2014,TO,Energy,1,110,direta,True,2.698,4.983,1
2014,TO,Logistics,14,251,indireta,True,2.912,5.378,3
2014,TO,Sanitation,14,251,indireta,True,1.605,2.964,2
2014,TO,Sanitation,14,56,indireta,True,1.04,1.921,1
2014,TO,Energy,14,56,indireta,True,0.838,1.548,1
2014,TO,Energy,18,247,indireta,True,0.746,1.377,1
2014,TO,Logistics,14,56,indireta,True,0.569,1.052,1
2014,TO,Telecommunications,1,56,direta,True,0.531,0.982,1
2014,TO,Logistics,22,280,indireta,True,0.347,0.641,2
2014,TO,Telecommunications,22,280,indireta,True,0.267,0.494,1
2014,TO,Sanitation,22,280,indireta,True,0.208,0.384,1
2014,TO,Telecommunications,1,110,direta,True,0.193,0.357,1
2014,TO,Telecommunications,14,56,indireta,True,0.174,0.321,2
2014,TO,Education,0,83,direta,False,0.086,0.159,1
2014,TO,Telecommunications,1,257,direta,True,0.002,0.004,1
2015,AC,Sanitation,1,4,direta,True,58.912,99.79,1
2015,AC,Energy,1,10,direta,True,9.024,15.286,1
2015,AC,Energy,1,56,direta,True,2.892,4.899,1
2015,AC,Health,0,83,direta,False,2.301,3.898,2
2015,AC,Education,1,89,direta,False,0.952,1.613,1
2015,AC,Telecommunications,1,18,direta,True,0.776,1.315,1
2015,AC,Health,18,262,indireta,False,0.853,1.445,2
2015,AC,Telecommunications,1,56,direta,True,0.324,0.549,1
2015,AC,Telecommunications,18,262,indireta,True,0.203,0.343,1
2015,AC,Logistics,22,280,indireta,True,0.174,0.294,1
2015,AC,Logistics,14,251,indireta,True,0.108,0.183,1
2015,AC,Sanitation,22,280,indireta,True,0.071,0.12,1
2015,AC,Education,18,262,indireta,False,0.05,0.085,1
2015,AC,Sanitation,14,56,indireta,True,0.032,0.053,1
2015,AC,Logistics,14,252,indireta,True,0.031,0.052,1
2015,AC,Telecommunications,1,110,direta,True,0.01,0.017,1
2015,AC,Health,0,0,direta,False,0.01,0.016,2
2015,AC,Telecommunications,22,280,indireta,True,0.004,0.006,1
2015,AL,Energy,1,56,direta,True,16.989,28.777,1
2015,AL,Energy,1,10,direta,True,14.899,25.237,1
2015,AL,Telecommunications,1,18,direta,True,14.405,24.4,1
2015,AL,Telecommunications,1,56,direta,True,5.436,9.207,1
2015,AL,Education,1,89,direta,False,4.376,7.412,1
2015,AL,Telecommunications,22,280,indireta,True,0.807,1.368,2
2015,AL,Logistics,22,280,indireta,True,0.324,0.549,1
2015,AL,Health,0,0,direta,False,0.304,0.514,2
2015,AL,Logistics,14,251,indireta,True,0.508,0.86,2
2015,AL,Sanitation,14,251,indireta,True,0.381,0.645,2
2015,AL,Telecommunications,1,110,direta,True,0.182,0.308,1
2015,AL,Telecommunications,14,251,indireta,True,0.169,0.287,1
2015,AL,Logistics,14,56,indireta,True,0.105,0.178,1
2015,AL,Logistics,14,252,indireta,True,0.145,0.246,2
2015,AL,Energy,1,110,direta,True,0.053,0.09,1
2015,AL,Sanitation,14,252,indireta,True,0.05,0.085,1
2015,AL,Telecommunications,14,252,indireta,True,0.048,0.082,1
2015,AL,Sanitation,22,280,indireta,True,0.031,0.053,2
2015,AM,Sanitation,1,4,direta,True,71.123,120.474,1
2015,AM,Road transport,1,43,direta,True,28.0,47.429,1
2015,AM,Telecommunications,1,18,direta,True,10.437,17.679,1
2015,AM,Energy,1,10,direta,True,7.706,13.053,1
2015,AM,Energy,1,56,direta,True,4.42,7.487,1
2015,AM,Telecommunications,1,56,direta,True,3.95,6.69,1
2015,AM,Education,1,89,direta,False,3.18,5.387,2
2015,AM,Energy,14,56,indireta,True,2.11,3.574,1
2015,AM,Sanitation,1,56,direta,True,1.226,2.076,1
2015,AM,Health,0,83,direta,False,0.772,1.307,1
2015,AM,Telecommunications,22,280,indireta,True,0.5,0.847,1
2015,AM,Logistics,22,280,indireta,True,0.448,0.758,2
2015,AM,Logistics,14,192,indireta,True,0.346,0.587,1
2015,AM,Health,0,0,direta,False,0.622,1.054,3
2015,AM,Sanitation,22,280,indireta,True,0.163,0.277,2
2015,AM,Logistics,14,251,indireta,True,0.241,0.408,2
2015,AM,Telecommunications,1,110,direta,True,0.132,0.223,1
2015,AM,Sanitation,14,251,indireta,True,0.243,0.411,2
2015,AM,Logistics,14,252,indireta,True,0.039,0.065,1
2015,AM,Sanitation,14,252,indireta,True,0.037,0.063,1
2015,AP,Energy,21,160,direta,True,160.251,271.446,1
2015,AP,Logistics,14,56,indireta,True,13.788,23.355,2
2015,AP,Energy,1,35,direta,True,10.935,18.523,1
2015,AP,Energy,1,10,direta,True,2.602,4.407,1
2015,AP,Telecommunications,1,18,direta,True,2.501,4.237,1
2015,AP,Energy,1,110,direta,True,1.412,2.392,1
2015,AP,Telecommunications,1,56,direta,True,0.922,1.562,1
2015,AP,Energy,1,56,direta,True,0.834,1.412,1
2015,AP,Health,0,83,direta,False,0.654,1.108,1
2015,AP,Sanitation,22,280,indireta,True,0.709,1.201,2
2015,AP,Logistics,22,280,indireta,True,0.289,0.489,1
2015,AP,Telecommunications,22,280,indireta,True,0.422,0.715,3
2015,AP,Sanitation,14,251,indireta,True,0.205,0.348,1
2015,AP,Education,1,89,direta,False,0.032,0.054,1
2015,AP,Telecommunications,1,110,direta,True,0.032,0.053,1
2015,AP,Health,0,0,direta,False,0.001,0.003,1
2015,BA,Urban mobility,1,118,direta,True,1006.768,1705.343,1
2015,BA,Energy,1,69,direta,True,640.745,1085.346,1
2015,BA,Energy,1,8,direta,True,313.424,530.902,1
2015,BA,Energy,1,35,direta,True,299.836,507.885,2
2015,BA,Energy,1,56,direta,True,142.316,241.065,1
2015,BA,Energy,1,10,direta,True,89.194,151.085,1
2015,BA,Energy,1,192,indireta,True,84.103,142.46,1
2015,BA,Road transport,1,43,direta,True,79.32,134.358,1
2015,BA,Energy,21,160,direta,True,75.106,127.221,1
2015,BA,Energy,1,192,direta,True,60.945,103.233,1
2015,BA,Telecommunications,1,18,direta,True,46.838,79.337,1
2015,BA,Energy,1,35,indireta,True,31.46,53.29,1
2015,BA,Sanitation,1,4,direta,True,27.629,46.799,1
2015,BA,Energy,1,30,indireta,True,23.239,39.363,1
2015,BA,Logistics,18,121,indireta,True,22.858,38.719,2
2015,BA,Road transport,1,43,indireta,True,21.128,35.788,1
2015,BA,Telecommunications,1,56,direta,True,17.618,29.842,1
2015,BA,Education,1,89,direta,False,15.734,26.652,2
2015,BA,Logistics,14,121,indireta,True,6.299,10.669,2
2015,BA,Energy,14,56,indireta,True,10.682,18.095,3
2015,BA,Logistics,18,247,indireta,True,5.186,8.785,1
2015,BA,Telecommunications,22,280,indireta,True,5.59,9.469,2
2015,BA,Logistics,22,280,indireta,True,5.28,8.943,3
2015,BA,Energy,1,110,direta,True,2.7,4.573,1
2015,BA,Health,18,247,indireta,False,3.426,5.803,2
2015,BA,Sanitation,14,251,indireta,True,2.018,3.418,2
2015,BA,Sanitation,22,280,indireta,True,2.281,3.863,3
2015,BA,Sanitation,18,248,indireta,True,1.199,2.03,1
2015,BA,Logistics,14,251,indireta,True,1.668,2.826,2
2015,BA,Logistics,14,56,indireta,True,1.087,1.841,2
2015,BA,Telecommunications,1,110,direta,True,0.591,1.001,1
2015,BA,Health,0,0,direta,False,0.859,1.455,3
2015,BA,Logistics,18,241,indireta,True,0.459,0.777,1
2015,BA,Health,0,21,direta,False,0.43,0.728,1
2015,BA,Logistics,14,252,indireta,True,0.435,0.737,2
2015,BA,Energy,14,251,indireta,True,0.204,0.345,1
2015,BA,Sanitation,14,252,indireta,True,0.296,0.501,2
2015,BA,Sanitation,14,56,indireta,True,0.219,0.371,2
2015,BA,Logistics,14,192,indireta,True,0.169,0.286,1
2015,BA,Telecommunications,14,251,indireta,True,0.091,0.154,1
2015,BA,Logistics,1,110,direta,True,0.078,0.133,1
2015,BA,Logistics,1,120,direta,True,0.044,0.074,1
2015,BA,Energy,22,280,indireta,True,0.018,0.031,1
2015,BA,Sanitation,14,192,indireta,True,0.004,0.007,1
2015,CE,Energy,1,69,direta,True,512.862,868.726,1
2015,CE,Ports,1,38,direta,True,339.521,575.107,1
2015,CE,Energy,1,35,direta,True,287.857,487.596,1
2015,CE,Energy,1,56,direta,True,66.395,112.465,1
2015,CE,Energy,1,8,indireta,True,55.013,93.186,1
2015,CE,Telecommunications,1,18,direta,True,43.732,74.077,1
2015,CE,Energy,1,10,direta,True,23.031,39.011,1
2015,CE,Telecommunications,1,56,direta,True,16.182,27.41,1
2015,CE,Health,18,84,indireta,False,11.897,20.151,1
2015,CE,Energy,21,160,direta,True,10.535,17.845,1
2015,CE,Energy,1,192,direta,True,7.079,11.99,1
2015,CE,Logistics,18,261,indireta,True,5.907,10.006,1
2015,CE,Education,1,89,direta,False,3.829,6.485,1
2015,CE,Telecommunications,22,280,indireta,True,3.178,5.383,3
2015,CE,Energy,1,110,direta,True,2.441,4.134,1
2015,CE,Telecommunications,14,257,indireta,True,1.475,2.499,1
2015,CE,Logistics,14,251,indireta,True,1.774,3.006,2
2015,CE,Logistics,22,280,indireta,True,1.506,2.551,2
2015,CE,Sanitation,22,280,indireta,True,1.279,2.166,2
2015,CE,Health,0,0,direta,False,1.015,1.718,2
2015,CE,Sanitation,14,251,indireta,True,2.211,3.745,3
2015,CE,Telecommunications,1,110,direta,True,0.552,0.935,1
2015,CE,Sanitation,14,56,indireta,True,0.536,0.908,2
2015,CE,Logistics,14,252,indireta,True,0.394,0.667,2
2015,CE,Sanitation,14,252,indireta,True,0.295,0.5,2
2015,CE,Telecommunications,14,56,indireta,True,0.135,0.228,1
2015,DF,Telecommunications,1,18,direta,True,16.561,28.053,1
2015,DF,Energy,1,10,direta,True,11.49,19.463,1
2015,DF,Telecommunications,1,56,direta,True,6.459,10.942,1
2015,DF,Energy,1,56,direta,True,3.683,6.238,1
2015,DF,Education,1,89,direta,False,3.181,5.389,1
2015,DF,Logistics,18,121,indireta,True,3.092,5.237,1
2015,DF,Health,18,247,indireta,False,3.015,5.107,1
2015,DF,Road transport,1,43,direta,True,2.023,3.427,1
2015,DF,Sanitation,14,251,indireta,True,3.32,5.623,3
2015,DF,Health,0,0,direta,False,1.391,2.357,2
2015,DF,Telecommunications,22,280,indireta,True,0.886,1.501,2
2015,DF,Sanitation,14,252,indireta,True,1.033,1.751,3
2015,DF,Logistics,22,280,indireta,True,0.621,1.051,2
2015,DF,Logistics,14,251,indireta,True,0.23,0.389,1
2015,DF,Telecommunications,1,110,direta,True,0.209,0.354,1
2015,DF,Logistics,14,56,indireta,True,0.133,0.225,2
2015,DF,Logistics,14,252,indireta,True,0.066,0.111,1
2015,ES,Energy,1,8,direta,True,142.325,241.081,1
2015,ES,Energy,1,56,direta,True,97.698,165.489,1
2015,ES,Road transport,1,43,direta,True,88.118,149.261,1
2015,ES,Urban mobility,1,41,direta,True,38.059,64.467,1
2015,ES,Sanitation,1,4,direta,True,13.259,22.459,3
2015,ES,Education,1,89,direta,False,11.33,19.191,1
2015,ES,Telecommunications,1,18,direta,True,5.089,8.62,1
2015,ES,Urban mobility,1,168,direta,True,3.149,5.334,1
2015,ES,Energy,14,56,indireta,True,2.804,4.749,1
2015,ES,Telecommunications,1,56,direta,True,2.289,3.878,1
2015,ES,Telecommunications,22,280,indireta,True,2.551,4.322,2
2015,ES,Logistics,14,56,indireta,True,3.516,5.956,4
2015,ES,Logistics,14,251,indireta,True,2.338,3.96,4
2015,ES,Sanitation,14,56,indireta,True,1.822,3.087,2
2015,ES,Logistics,22,280,indireta,True,1.902,3.222,3
2015,ES,Sanitation,22,280,indireta,True,1.292,2.188,2
2015,ES,Logistics,14,252,indireta,True,1.14,1.932,4
2015,ES,Sanitation,14,251,indireta,True,1.019,1.726,3
2015,ES,Logistics,18,241,indireta,True,0.939,1.591,2
2015,ES,Logistics,18,121,indireta,True,0.437,0.741,1
2015,ES,Education,18,262,indireta,False,0.22,0.373,1
2015,ES,Health,18,247,indireta,False,0.16,0.271,1
2015,ES,Telecommunications,14,257,indireta,True,0.081,0.137,1
2015,ES,Energy,22,280,indireta,True,0.067,0.113,1
2015,ES,Telecommunications,1,110,direta,True,0.064,0.109,1
2015,ES,Sanitation,14,252,indireta,True,0.055,0.094,3
2015,ES,Education,18,244,indireta,False,0.01,0.017,1
2015,ES,Logistics,14,192,indireta,True,0.009,0.015,1
2015,ES,Health,0,0,direta,False,0.003,0.005,1
2015,GO,Energy,1,69,direta,True,212.905,360.635,1
2015,GO,Road transport,1,43,direta,True,34.394,58.26,1
2015,GO,Energy,1,69,indireta,True,34.27,58.049,1
2015,GO,Energy,1,10,indireta,True,33.5,56.745,1
2015,GO,Logistics,18,121,indireta,True,51.136,86.619,4
2015,GO,Telecommunications,1,18,direta,True,19.948,33.789,1
2015,GO,Energy,1,35,direta,True,19.484,33.004,1
2015,GO,Energy,1,56,direta,True,13.535,22.927,1
2015,GO,Logistics,18,261,indireta,True,11.533,19.535,1
2015,GO,Energy,18,248,indireta,True,10.0,16.939,1
2015,GO,Energy,1,192,indireta,True,9.85,16.684,1
2015,GO,Telecommunications,1,56,direta,True,7.667,12.987,1
2015,GO,Energy,1,10,direta,True,7.24,12.264,1
2015,GO,Logistics,14,56,indireta,True,6.072,10.285,1
2015,GO,Education,1,89,direta,False,5.2,8.809,1
2015,GO,Energy,14,56,indireta,True,3.285,5.565,1
2015,GO,Logistics,14,121,indireta,True,7.53,12.755,4
2015,GO,Logistics,22,280,indireta,True,3.253,5.51,3
2015,GO,Telecommunications,22,280,indireta,True,1.462,2.476,1
2015,GO,Logistics,14,192,indireta,True,1.472,2.493,2
2015,GO,Health,1,108,direta,False,0.954,1.616,1
2015,GO,Health,1,136,direta,False,0.835,1.414,1
2015,GO,Health,0,0,direta,False,0.827,1.4,2
2015,GO,Logistics,18,241,indireta,True,1.198,2.03,2
2015,GO,Logistics,14,251,indireta,True,0.763,1.292,2
2015,GO,Sanitation,22,280,indireta,True,0.863,1.461,3
2015,GO,Sanitation,14,251,indireta,True,1.479,2.505,3
2015,GO,Sanitation,14,56,indireta,True,0.563,0.954,2
2015,GO,Sanitation,14,252,indireta,True,0.531,0.9,3
2015,GO,Health,18,247,indireta,False,0.535,0.907,2
2015,GO,Telecommunications,1,110,direta,True,0.267,0.453,1
2015,GO,Energy,1,110,direta,True,0.2,0.339,1
2015,GO,Energy,14,192,indireta,True,0.108,0.183,1
2015,GO,Energy,22,280,indireta,True,0.1,0.17,1
2015,GO,Logistics,14,252,indireta,True,0.078,0.131,2
2015,GO,Sanitation,14,192,indireta,True,0.042,0.071,1
2015,GO,Health,18,244,indireta,False,0.03,0.051,1
2015,GO,Sanitation,1,4,direta,True,0.006,0.01,1
2015,GO,Telecommunications,1,257,direta,True,0.004,0.006,1
2015,GO,Sanitation,1,110,direta,True,0.001,0.002,1
2015,MA,Rail transport,1,20,direta,True,1030.0,1744.696,1
2015,MA,Energy,1,35,indireta,True,213.427,361.519,1
2015,MA,Rail transport,1,56,direta,True,188.311,318.976,1
2015,MA,Energy,1,8,direta,True,154.581,261.842,1
2015,MA,Ports,1,38,direta,True,86.219,146.045,2
2015,MA,Energy,1,10,direta,True,61.894,104.84,1
2015,MA,Energy,1,56,direta,True,30.074,50.941,1
2015,MA,Telecommunications,1,18,direta,True,23.807,40.326,1
2015,MA,Ports,1,38,indireta,True,23.423,39.676,1
2015,MA,Energy,1,192,indireta,True,11.864,20.096,1
2015,MA,Telecommunications,1,56,direta,True,8.722,14.775,1
2015,MA,Education,1,89,direta,False,5.98,10.13,1
2015,MA,Logistics,1,56,indireta,True,5.726,9.699,1
2015,MA,Sanitation,1,4,direta,True,3.189,5.402,1
2015,MA,Logistics,1,56,direta,True,2.254,3.818,1
2015,MA,Sanitation,1,56,direta,True,1.633,2.766,1
2015,MA,Logistics,18,121,indireta,True,2.088,3.537,2
2015,MA,Energy,1,110,direta,True,1.288,2.181,1
2015,MA,Telecommunications,22,280,indireta,True,1.702,2.882,3
2015,MA,Logistics,14,121,indireta,True,0.896,1.518,1
2015,MA,Health,0,0,direta,False,1.06,1.796,3
2015,MA,Logistics,14,251,indireta,True,0.706,1.196,2
2015,MA,Sanitation,14,251,indireta,True,0.302,0.511,1
2015,MA,Telecommunications,1,110,direta,True,0.3,0.509,1
2015,MA,Education,18,247,indireta,False,0.3,0.508,1
2015,MA,Logistics,22,280,indireta,True,0.479,0.811,2
2015,MA,Logistics,1,110,direta,True,0.162,0.274,1
2015,MA,Sanitation,22,280,indireta,True,0.166,0.281,2
2015,MA,Energy,22,280,indireta,True,0.151,0.256,1
2015,MA,Telecommunications,14,257,indireta,True,0.13,0.22,1
2015,MA,Logistics,14,252,indireta,True,0.064,0.108,2
2015,MA,Logistics,1,120,direta,True,0.022,0.038,1
2015,MA,Sanitation,14,252,indireta,True,0.022,0.037,1
2015,MA,Telecommunications,14,2,indireta,True,0.016,0.027,1
2015,MG,Road transport,1,43,direta,True,587.151,994.563,1
2015,MG,Energy,1,69,direta,True,210.928,357.287,2
2015,MG,Rail transport,1,56,direta,True,116.995,198.175,1
2015,MG,Health,1,84,indireta,False,100.0,169.388,1
2015,MG,Energy,1,35,direta,True,97.833,165.718,1
2015,MG,Telecommunications,1,18,direta,True,92.021,155.873,1
2015,MG,Ports,1,38,direta,True,67.858,114.943,1
2015,MG,Education,1,89,direta,False,83.176,140.891,2
2015,MG,Sanitation,21,160,direta,True,52.995,89.766,1
2015,MG,Energy,1,8,indireta,True,46.147,78.167,1
2015,MG,Health,1,9,indireta,False,43.412,73.534,1
2015,MG,Energy,21,160,direta,True,33.16,56.168,1
2015,MG,Telecommunications,1,56,direta,True,31.889,54.016,1
2015,MG,Logistics,18,261,indireta,True,41.241,69.857,2
2015,MG,Sanitation,14,56,indireta,True,33.704,57.09,4
2015,MG,Energy,1,10,direta,True,26.502,44.891,1
2015,MG,Logistics,18,121,indireta,True,40.578,68.734,4
2015,MG,Sanitation,1,4,direta,True,27.341,46.312,2
2015,MG,Health,18,84,indireta,False,20.646,34.971,1
2015,MG,Education,18,247,indireta,False,14.904,25.246,2
2015,MG,Health,1,124,direta,False,12.055,20.42,1
2015,MG,Health,1,124,indireta,False,12.055,20.42,1
2015,MG,Energy,14,56,indireta,True,23.636,40.036,3
2015,MG,Logistics,14,56,indireta,True,17.798,30.148,4
2015,MG,Telecommunications,22,280,indireta,True,12.892,21.838,3
2015,MG,Energy,1,192,indireta,True,8.469,14.345,1
2015,MG,Energy,18,248,indireta,True,8.363,14.166,1
2015,MG,Sanitation,1,11,direta,True,8.146,13.799,1
2015,MG,Logistics,18,33,indireta,True,8.109,13.736,1
2015,MG,Health,1,56,direta,False,7.657,12.97,1
2015,MG,Sanitation,18,248,indireta,True,6.481,10.978,1
2015,MG,Energy,1,192,direta,True,6.104,10.339,1
2015,MG,Sanitation,14,251,indireta,True,9.421,15.958,4
2015,MG,Energy,18,247,indireta,True,7.57,12.823,3
2015,MG,Logistics,18,248,indireta,True,3.93,6.657,1
2015,MG,Sanitation,14,252,indireta,True,4.689,7.943,3
2015,MG,Logistics,22,280,indireta,True,6.994,11.847,3
2015,MG,Logistics,18,45,indireta,True,3.7,6.268,1
2015,MG,Logistics,18,241,indireta,True,6.619,11.212,3
2015,MG,Health,18,247,indireta,False,3.551,6.015,2
2015,MG,Logistics,14,251,indireta,True,5.606,9.495,4
2015,MG,Health,0,0,direta,False,2.945,4.988,2
2015,MG,Logistics,14,192,indireta,True,3.128,5.298,3
2015,MG,Logistics,14,121,indireta,True,6.076,10.292,4
2015,MG,Sanitation,22,280,indireta,True,2.354,3.987,3
2015,MG,Telecommunications,1,110,direta,True,1.387,2.35,1
2015,MG,Education,0,21,direta,False,0.946,1.602,1
2015,MG,Logistics,14,241,indireta,True,0.932,1.579,1
2015,MG,Logistics,14,263,indireta,True,0.883,1.496,1
2015,MG,Sanitation,18,108,indireta,True,0.874,1.481,1
2015,MG,Sanitation,14,192,indireta,True,0.926,1.568,3
2015,MG,Energy,1,10,indireta,True,0.672,1.139,1
2015,MG,Telecommunications,14,56,indireta,True,1.146,1.941,3
2015,MG,Logistics,14,252,indireta,True,0.661,1.12,3
2015,MG,Logistics,18,247,indireta,True,0.5,0.847,1
2015,MG,Telecommunications,14,257,indireta,True,0.83,1.406,5
2015,MG,Energy,18,264,indireta,True,0.4,0.678,1
2015,MG,Rail transport,1,110,direta,True,0.305,0.517,1
2015,MG,Rail transport,1,56,indireta,True,0.197,0.334,1
2015,MG,Sanitation,18,247,indireta,True,0.335,0.567,2
2015,MG,Energy,1,110,direta,True,0.18,0.305,1
2015,MG,Telecommunications,14,251,indireta,True,0.087,0.148,1
2015,MG,Energy,1,56,indireta,True,0.071,0.12,1
2015,MG,Sanitation,14,265,indireta,True,0.063,0.107,1
2015,MG,Telecommunications,1,257,direta,True,0.054,0.091,1
2015,MG,Logistics,18,245,indireta,True,0.035,0.059,1
2015,MG,Telecommunications,14,252,indireta,True,0.025,0.042,1
2015,MG,Telecommunications,14,2,indireta,True,0.023,0.04,1
2015,MG,Sanitation,14,2,indireta,True,0.018,0.031,1
2015,MG,Rail transport,22,280,indireta,True,0.004,0.007,1
2015,MS,Road transport,1,43,direta,True,269.452,456.419,2
2015,MS,Energy,1,69,direta,True,138.6,234.772,1
2015,MS,Energy,1,8,indireta,True,88.496,149.901,1
2015,MS,Rail transport,1,20,direta,True,51.108,86.571,1
2015,MS,Logistics,18,121,indireta,True,42.051,71.229,3
2015,MS,Education,1,89,direta,False,21.0,35.572,2
2015,MS,Energy,1,192,indireta,True,12.402,21.007,1
2015,MS,Energy,18,247,indireta,True,9.873,16.723,1
2015,MS,Telecommunications,1,18,direta,True,6.736,11.409,1
2015,MS,Energy,14,56,indireta,True,4.36,7.386,1
2015,MS,Logistics,18,33,indireta,True,3.008,5.096,1
2015,MS,Telecommunications,1,56,direta,True,2.659,4.505,1
2015,MS,Telecommunications,22,280,indireta,True,0.854,1.447,1
2015,MS,Sanitation,14,251,indireta,True,1.773,3.004,3
2015,MS,Health,0,0,direta,False,1.068,1.809,3
2015,MS,Rail transport,1,110,direta,True,0.7,1.186,1
2015,MS,Sanitation,14,56,indireta,True,0.856,1.45,2
2015,MS,Logistics,22,280,indireta,True,0.75,1.27,2
2015,MS,Energy,1,8,direta,True,0.531,0.899,1
2015,MS,Logistics,14,192,indireta,True,0.509,0.863,2
2015,MS,Sanitation,22,280,indireta,True,0.54,0.915,2
2015,MS,Logistics,14,241,indireta,True,0.265,0.449,1
2015,MS,Logistics,14,56,indireta,True,0.362,0.614,2
2015,MS,Logistics,14,251,indireta,True,0.421,0.713,2
2015,MS,Energy,1,110,direta,True,0.2,0.339,1
2015,MS,Energy,1,56,direta,True,0.117,0.198,1
2015,MS,Energy,1,56,indireta,True,0.117,0.198,1
2015,MS,Sanitation,14,252,indireta,True,0.146,0.248,2
2015,MS,Telecommunications,1,110,direta,True,0.09,0.153,1
2015,MS,Logistics,14,252,indireta,True,0.117,0.198,2
2015,MS,Logistics,18,241,indireta,True,0.072,0.122,1
2015,MS,Health,18,244,indireta,False,0.002,0.003,1
2015,MS,Telecommunications,1,257,direta,True,0.001,0.002,1
2015,MT,Energy,1,69,direta,True,451.453,764.706,1
2015,MT,Road transport,1,43,indireta,True,242.145,410.164,2
2015,MT,Energy,1,8,indireta,True,190.841,323.262,1
2015,MT,Road transport,1,43,direta,True,150.0,254.082,1
2015,MT,Energy,1,10,direta,True,148.592,251.696,1
2015,MT,Logistics,18,121,indireta,True,169.953,287.88,4
2015,MT,Energy,1,35,direta,True,76.171,129.024,1
2015,MT,Logistics,18,261,indireta,True,48.066,81.419,3
2015,MT,Energy,1,192,indireta,True,25.32,42.889,1
2015,MT,Education,1,89,direta,False,23.501,39.808,1
2015,MT,Logistics,14,121,indireta,True,31.951,54.121,4
2015,MT,Rail transport,1,20,direta,True,20.827,35.278,1
2015,MT,Ports,1,38,direta,True,20.198,34.212,1
2015,MT,Logistics,1,287,indireta,True,10.928,18.51,1
2015,MT,Energy,1,56,direta,True,10.325,17.49,1
2015,MT,Energy,1,35,indireta,True,9.486,16.068,1
2015,MT,Logistics,1,56,indireta,True,7.111,12.045,1
2015,MT,Telecommunications,1,18,direta,True,6.728,11.397,1
2015,MT,Logistics,1,261,indireta,True,4.321,7.319,1
2015,MT,Telecommunications,1,56,direta,True,2.774,4.7,1
2015,MT,Logistics,14,56,indireta,True,6.458,10.939,3
2015,MT,Logistics,22,280,indireta,True,2.165,3.667,3
2015,MT,Logistics,14,241,indireta,True,2.136,3.618,2
2015,MT,Energy,1,110,direta,True,1.198,2.029,1
2015,MT,Sanitation,22,280,indireta,True,1.047,1.773,1
2015,MT,Education,18,247,indireta,False,1.593,2.698,2
2015,MT,Telecommunications,22,280,indireta,True,1.05,1.778,2
2015,MT,Logistics,14,251,indireta,True,1.688,2.858,2
2015,MT,Sanitation,14,56,indireta,True,1.315,2.228,2
2015,MT,Sanitation,14,251,indireta,True,0.862,1.46,2
2015,MT,Telecommunications,18,247,indireta,True,0.4,0.677,1
2015,MT,Health,0,0,direta,False,0.306,0.519,2
2015,MT,Energy,14,56,indireta,True,0.423,0.717,2
2015,MT,Health,0,83,direta,False,0.226,0.383,1
2015,MT,Energy,14,192,indireta,True,0.216,0.366,1
2015,MT,Logistics,14,192,indireta,True,0.205,0.347,2
2015,MT,Telecommunications,1,110,direta,True,0.085,0.144,1
2015,MT,Logistics,14,252,indireta,True,0.083,0.14,1
2015,MT,Logistics,18,245,indireta,True,0.036,0.061,1
2015,PA,Energy,1,35,indireta,True,2058.942,3487.6,1
2015,PA,Energy,1,35,direta,True,1624.632,2751.93,1
2015,PA,Energy,1,56,direta,True,1513.726,2564.07,1
2015,PA,Ports,1,38,indireta,True,383.8,650.111,1
2015,PA,Energy,1,8,direta,True,192.677,326.372,1
2015,PA,Energy,1,10,direta,True,128.1,216.985,1
2015,PA,Telecommunications,1,18,direta,True,39.678,67.21,1
2015,PA,Energy,1,192,direta,True,25.0,42.347,1
2015,PA,Telecommunications,1,56,direta,True,14.5,24.562,1
2015,PA,Logistics,14,56,indireta,True,14.273,24.178,2
2015,PA,Sanitation,1,4,direta,True,12.0,20.327,1
2015,PA,Education,1,89,direta,False,9.488,16.071,1
2015,PA,Rail transport,1,56,direta,True,5.824,9.865,1
2015,PA,Energy,14,56,indireta,True,2.899,4.91,2
2015,PA,Ports,1,38,direta,True,2.652,4.492,2
2015,PA,Telecommunications,22,280,indireta,True,2.447,4.144,2
2015,PA,Education,0,21,direta,False,1.885,3.192,1
2015,PA,Energy,1,110,direta,True,1.412,2.392,1
2015,PA,Logistics,14,192,indireta,True,1.233,2.089,1
2015,PA,Health,0,83,direta,False,1.25,2.117,2
2015,PA,Logistics,22,280,indireta,True,0.986,1.671,3
2015,PA,Education,0,83,direta,False,0.705,1.194,1
2015,PA,Health,0,0,direta,False,0.583,0.988,2
2015,PA,Logistics,14,251,indireta,True,1.011,1.712,2
2015,PA,Telecommunications,1,110,direta,True,0.501,0.848,1
2015,PA,Sanitation,22,280,indireta,True,0.412,0.698,2
2015,PA,Sanitation,14,192,indireta,True,0.317,0.537,1
2015,PA,Sanitation,14,56,indireta,True,0.255,0.432,1
2015,PA,Sanitation,14,251,indireta,True,0.13,0.219,1
2015,PA,Logistics,14,252,indireta,True,0.135,0.228,2
2015,PA,Sanitation,14,252,indireta,True,0.018,0.031,1
2015,PB,Energy,1,69,direta,True,44.2,74.869,1
2015,PB,Telecommunications,1,18,direta,True,18.2,30.829,1
2015,PB,Education,1,89,direta,False,16.902,28.63,1
2015,PB,Energy,1,56,direta,True,10.973,18.587,1
2015,PB,Energy,1,8,indireta,True,7.223,12.236,1
2015,PB,Telecommunications,1,56,direta,True,6.779,11.482,1
2015,PB,Energy,14,56,indireta,True,2.585,4.378,1
2015,PB,Telecommunications,22,280,indireta,True,1.912,3.239,2
2015,PB,Health,0,0,direta,False,0.961,1.628,2
2015,PB,Sanitation,22,280,indireta,True,0.501,0.849,2
2015,PB,Logistics,22,280,indireta,True,0.437,0.741,1
2015,PB,Logistics,14,251,indireta,True,0.728,1.233,2
2015,PB,Sanitation,14,251,indireta,True,0.504,0.855,2
2015,PB,Telecommunications,1,110,direta,True,0.23,0.389,1
2015,PB,Logistics,14,252,indireta,True,0.047,0.08,1
2015,PB,Energy,1,110,direta,True,0.044,0.075,1
2015,PB,Sanitation,14,252,indireta,True,0.022,0.038,1
2015,PE,Energy,1,69,direta,True,772.544,1308.596,1
2015,PE,Energy,1,8,direta,True,184.803,313.034,1
2015,PE,Energy,14,56,indireta,True,140.58,238.126,1
2015,PE,Energy,1,56,direta,True,103.87,175.944,1
2015,PE,Energy,1,35,direta,True,63.743,107.973,1
2015,PE,Energy,1,192,direta,True,57.304,97.066,1
2015,PE,Telecommunications,1,18,direta,True,45.026,76.269,1
2015,PE,Road transport,1,43,direta,True,18.944,32.09,1
2015,PE,Energy,1,10,direta,True,17.135,29.024,1
2015,PE,Telecommunications,1,56,direta,True,16.741,28.357,1
2015,PE,Logistics,14,251,indireta,True,13.441,22.767,3
2015,PE,Health,18,84,indireta,False,9.942,16.841,1
2015,PE,Logistics,14,252,indireta,True,7.209,12.211,2
2015,PE,Sanitation,1,11,direta,True,5.071,8.59,1
2015,PE,Telecommunications,22,280,indireta,True,2.936,4.974,2
2015,PE,Education,1,89,direta,False,2.102,3.56,1
2015,PE,Sanitation,14,251,indireta,True,2.073,3.511,3
2015,PE,Logistics,22,280,indireta,True,1.34,2.269,2
2015,PE,Sanitation,22,280,indireta,True,1.114,1.887,2
2015,PE,Logistics,1,110,direta,True,0.816,1.381,1
2015,PE,Energy,1,110,direta,True,0.791,1.341,1
2015,PE,Sanitation,1,196,direta,True,0.675,1.143,1
2015,PE,Telecommunications,1,110,direta,True,0.568,0.963,1
2015,PE,Health,0,0,direta,False,0.46,0.779,2
2015,PE,Sanitation,14,192,indireta,True,0.376,0.637,1
2015,PE,Sanitation,14,56,indireta,True,0.677,1.147,3
2015,PE,Telecommunications,14,257,indireta,True,0.277,0.47,1
2015,PE,Sanitation,1,4,direta,True,0.255,0.432,1
2015,PE,Logistics,14,192,indireta,True,0.307,0.521,2
2015,PE,Logistics,1,120,direta,True,0.146,0.247,1
2015,PE,Logistics,14,56,indireta,True,0.187,0.317,2
2015,PE,Sanitation,1,110,direta,True,0.042,0.072,1
2015,PE,Sanitation,14,252,indireta,True,0.035,0.06,1
2015,PI,Energy,1,35,direta,True,393.938,667.283,1
2015,PI,Energy,1,192,direta,True,371.729,629.664,1
2015,PI,Energy,1,69,direta,True,150.0,254.082,1
2015,PI,Energy,1,56,direta,True,30.789,52.153,1
2015,PI,Telecommunications,1,18,direta,True,14.146,23.962,1
2015,PI,Energy,1,30,direta,True,10.838,18.358,1
2015,PI,Energy,1,10,direta,True,6.707,11.362,1
2015,PI,Logistics,18,261,indireta,True,6.612,11.199,1
2015,PI,Telecommunications,1,56,direta,True,5.318,9.008,1
2015,PI,Logistics,14,252,indireta,True,0.472,0.799,2
2015,PI,Logistics,22,280,indireta,True,0.401,0.679,1
2015,PI,Education,1,89,direta,False,0.369,0.626,1
2015,PI,Health,18,247,indireta,False,0.358,0.606,1
2015,PI,Logistics,14,251,indireta,True,0.404,0.684,2
2015,PI,Health,0,0,direta,False,0.31,0.524,2
2015,PI,Sanitation,22,280,indireta,True,0.302,0.511,1
2015,PI,Telecommunications,22,280,indireta,True,0.28,0.474,1
2015,PI,Telecommunications,1,110,direta,True,0.179,0.302,1
2015,PR,Telecommunications,1,18,direta,True,351.508,595.412,1
2015,PR,Sanitation,21,160,direta,True,195.035,330.365,1
2015,PR,Road transport,1,43,direta,True,139.174,235.744,1
2015,PR,Telecommunications,1,192,direta,True,129.2,218.849,1
2015,PR,Logistics,18,121,indireta,True,157.78,267.261,4
2015,PR,Logistics,21,160,direta,True,106.813,180.928,1
2015,PR,Telecommunications,1,56,direta,True,104.195,176.494,1
2015,PR,Rail transport,1,20,direta,True,91.998,155.833,1
2015,PR,Sanitation,1,4,direta,True,74.965,126.981,1
2015,PR,Energy,1,35,direta,True,50.94,86.286,1
2015,PR,Rail transport,14,263,indireta,True,50.196,85.025,1
2015,PR,Telecommunications,1,257,direta,True,48.958,82.929,1
2015,PR,Logistics,18,33,indireta,True,38.39,65.028,1
2015,PR,Logistics,18,261,indireta,True,54.967,93.108,3
2015,PR,Education,1,89,direta,False,42.202,71.484,2
2015,PR,Energy,18,247,indireta,True,29.766,50.42,1
2015,PR,Energy,1,10,direta,True,18.46,31.27,1
2015,PR,Logistics,14,56,indireta,True,25.381,42.993,4
2015,PR,Logistics,18,245,indireta,True,16.118,27.302,2
2015,PR,Energy,1,56,direta,True,15.418,26.116,1
2015,PR,Logistics,1,33,indireta,True,14.3,24.222,1
2015,PR,Energy,1,192,direta,True,12.541,21.243,1
2015,PR,Sanitation,14,56,indireta,True,14.104,23.89,4
2015,PR,Energy,1,8,direta,True,10.0,16.939,1
2015,PR,Logistics,18,248,indireta,True,9.977,16.9,1
2015,PR,Education,18,250,indireta,False,9.903,16.774,1
2015,PR,Energy,21,160,direta,True,8.716,14.763,1
2015,PR,Energy,14,56,indireta,True,13.267,22.472,3
2015,PR,Logistics,1,128,indireta,True,7.858,13.311,1
2015,PR,Energy,18,248,indireta,True,7.5,12.704,1
2015,PR,Education,18,247,indireta,False,7.741,13.113,3
2015,PR,Telecommunications,14,56,indireta,True,5.564,9.426,3
2015,PR,Telecommunications,22,280,indireta,True,4.457,7.55,2
2015,PR,Logistics,22,280,indireta,True,5.061,8.573,3
2015,PR,Sanitation,22,280,indireta,True,4.27,7.234,3
2015,PR,Logistics,14,121,indireta,True,6.439,10.907,4
2015,PR,Logistics,14,251,indireta,True,3.899,6.605,3
2015,PR,Health,18,247,indireta,False,4.87,8.249,3
2015,PR,Sanitation,14,251,indireta,True,4.681,7.929,4
2015,PR,Logistics,18,241,indireta,True,2.32,3.93,2
2015,PR,Telecommunications,14,257,indireta,True,3.801,6.439,4
2015,PR,Sanitation,14,252,indireta,True,1.892,3.205,3
2015,PR,Telecommunications,1,110,direta,True,1.14,1.931,1
2015,PR,Health,0,0,direta,False,1.713,2.902,2
2015,PR,Education,0,21,direta,False,0.873,1.479,1
2015,PR,Sanitation,14,192,indireta,True,1.109,1.879,4
2015,PR,Logistics,1,110,direta,True,0.667,1.13,1
2015,PR,Logistics,14,252,indireta,True,0.897,1.519,3
2015,PR,Telecommunications,18,108,indireta,True,0.417,0.706,1
2015,PR,Logistics,18,250,indireta,True,0.415,0.702,1
2015,PR,Energy,22,280,indireta,True,0.323,0.547,1
2015,PR,Sanitation,18,264,indireta,True,0.267,0.452,1
2015,PR,Logistics,14,241,indireta,True,0.26,0.44,1
2015,PR,Logistics,18,247,indireta,True,0.246,0.416,1
2015,PR,Energy,14,192,indireta,True,0.22,0.373,1
2015,PR,Rail transport,22,280,indireta,True,0.213,0.36,1
2015,PR,Logistics,14,192,indireta,True,0.268,0.455,2
2015,PR,Telecommunications,18,247,indireta,True,0.185,0.313,1
2015,PR,Logistics,14,261,indireta,True,0.132,0.223,1
2015,PR,Energy,1,110,direta,True,0.05,0.085,1
2015,PR,Sanitation,1,110,direta,True,0.04,0.069,1
2015,RJ,Urban mobility,1,118,direta,True,4262.015,7219.339,3
2015,RJ,Ports,1,38,direta,True,775.162,1313.031,2
2015,RJ,Rail transport,14,56,indireta,True,407.261,689.85,1
2015,RJ,Energy,1,35,direta,True,345.0,584.388,1
2015,RJ,Road transport,1,43,direta,True,260.322,440.955,1
2015,RJ,Rail transport,1,20,direta,True,216.803,367.238,1
2015,RJ,Logistics,21,160,direta,True,200.0,338.776,1
2015,RJ,Energy,14,56,indireta,True,200.279,339.249,2
2015,RJ,Energy,1,8,indireta,True,121.19,205.281,1
2015,RJ,Urban mobility,1,41,direta,True,111.107,188.201,2
2015,RJ,Rail transport,1,20,indireta,True,107.594,182.252,1
2015,RJ,Energy,21,160,direta,True,81.118,137.404,1
2015,RJ,Energy,1,10,direta,True,73.5,124.5,1
2015,RJ,Rail transport,14,192,indireta,True,67.983,115.155,1
2015,RJ,Ports,1,38,indireta,True,63.008,106.728,1
2015,RJ,Rail transport,14,263,indireta,True,61.905,104.86,1
2015,RJ,Telecommunications,1,18,direta,True,54.349,92.061,1
2015,RJ,Energy,1,8,direta,True,48.058,81.405,1
2015,RJ,Energy,1,56,direta,True,46.498,78.762,1
2015,RJ,Sanitation,21,160,direta,True,45.236,76.625,1
2015,RJ,Sanitation,18,248,indireta,True,36.421,61.693,1
2015,RJ,Sanitation,1,4,direta,True,35.611,60.32,1
2015,RJ,Logistics,1,284,direta,True,34.388,58.249,1
2015,RJ,Rail transport,1,196,direta,True,29.09,49.275,1
2015,RJ,Rail transport,1,56,direta,True,24.933,42.234,1
2015,RJ,Telecommunications,1,56,direta,True,21.624,36.629,1
2015,RJ,Energy,1,24,direta,True,18.854,31.937,1
2015,RJ,Health,18,84,indireta,False,17.575,29.77,1
2015,RJ,Telecommunications,14,56,indireta,True,18.495,31.328,3
2015,RJ,Education,1,9,indireta,False,15.217,25.776,1
2015,RJ,Logistics,1,261,indireta,True,13.0,22.02,1
2015,RJ,Sanitation,14,56,indireta,True,13.846,23.453,3
2015,RJ,Logistics,18,247,indireta,True,10.953,18.553,1
2015,RJ,Sanitation,14,251,indireta,True,15.919,26.965,4
2015,RJ,Education,1,89,direta,False,9.264,15.692,1
2015,RJ,Sanitation,14,192,indireta,True,7.101,12.029,1
2015,RJ,Telecommunications,22,280,indireta,True,8.372,14.182,3
2015,RJ,Sanitation,22,280,indireta,True,4.488,7.602,3
2015,RJ,Health,0,0,direta,False,2.639,4.47,2
2015,RJ,Logistics,14,251,indireta,True,4.506,7.633,2
2015,RJ,Logistics,14,56,indireta,True,3.914,6.63,3
2015,RJ,Logistics,22,280,indireta,True,3.985,6.75,3
2015,RJ,Health,18,247,indireta,False,1.705,2.888,1
2015,RJ,Logistics,14,192,indireta,True,1.856,3.144,2
2015,RJ,Energy,1,192,indireta,True,1.328,2.25,1
2015,RJ,Logistics,1,110,direta,True,1.175,1.991,1
2015,RJ,Sanitation,14,252,indireta,True,2.038,3.453,4
2015,RJ,Education,0,21,direta,False,1.0,1.694,1
2015,RJ,Education,1,56,indireta,False,0.715,1.211,1
2015,RJ,Telecommunications,1,110,direta,True,0.691,1.171,1
2015,RJ,Rail transport,0,21,direta,True,0.682,1.155,1
2015,RJ,Sanitation,0,0,direta,True,0.567,0.961,1
2015,RJ,Logistics,14,252,indireta,True,0.682,1.155,2
2015,RJ,Health,0,21,direta,False,0.27,0.457,1
2015,RJ,Education,0,0,direta,False,0.261,0.442,1
2015,RJ,Sanitation,1,56,direta,True,0.26,0.44,1
2015,RJ,Sanitation,14,265,indireta,True,0.19,0.321,1
2015,RJ,Telecommunications,14,257,indireta,True,0.127,0.215,1
2015,RJ,Sanitation,1,110,direta,True,0.082,0.139,1
2015,RJ,Rail transport,1,56,indireta,True,0.042,0.071,1
2015,RJ,Telecommunications,1,257,direta,True,0.001,0.002,1
2015,RN,Energy,1,69,direta,True,917.136,1553.518,1
2015,RN,Energy,1,192,direta,True,558.534,946.088,2
2015,RN,Energy,1,35,direta,True,250.683,424.627,2
2015,RN,Energy,1,8,direta,True,72.46,122.738,1
2015,RN,Energy,1,56,direta,True,51.824,87.783,1
2015,RN,Energy,1,10,direta,True,38.345,64.952,1
2015,RN,Telecommunications,1,18,direta,True,18.287,30.975,1
2015,RN,Ports,1,38,direta,True,13.376,22.658,1
2015,RN,Sanitation,14,251,indireta,True,10.529,17.834,3
2015,RN,Telecommunications,1,56,direta,True,6.809,11.533,1
2015,RN,Education,1,89,direta,False,4.432,7.508,1
2015,RN,Telecommunications,22,280,indireta,True,3.005,5.09,2
2015,RN,Education,18,262,indireta,False,1.115,1.888,1
2015,RN,Telecommunications,18,262,indireta,True,0.81,1.371,1
2015,RN,Sanitation,22,280,indireta,True,1.3,2.202,3
2015,RN,Health,0,0,direta,False,0.761,1.289,2
2015,RN,Health,18,262,indireta,False,0.513,0.869,1
2015,RN,Energy,1,30,direta,True,0.506,0.857,1
2015,RN,Logistics,14,251,indireta,True,0.483,0.819,2
2015,RN,Energy,1,110,direta,True,0.376,0.636,1
2015,RN,Telecommunications,1,110,direta,True,0.231,0.391,1
2015,RN,Sanitation,18,262,indireta,True,0.2,0.339,1
2015,RN,Logistics,18,262,indireta,True,0.2,0.339,1
2015,RN,Logistics,22,280,indireta,True,0.167,0.283,2
2015,RN,Sanitation,1,4,direta,True,0.066,0.112,1
2015,RN,Logistics,14,252,indireta,True,0.052,0.089,1
2015,RN,Sanitation,14,252,indireta,True,0.041,0.069,1
2015,RN,Telecommunications,14,56,indireta,True,0.035,0.059,1
2015,RN,Sanitation,1,110,direta,True,0.011,0.019,1
2015,RN,Telecommunications,14,257,indireta,True,0.009,0.016,1
2015,RO,Energy,1,35,direta,True,610.287,1033.752,1
2015,RO,Energy,1,35,indireta,True,610.287,1033.752,1
2015,RO,Energy,1,10,direta,True,34.53,58.489,1
2015,RO,Energy,1,56,direta,True,8.746,14.815,1
2015,RO,Education,1,89,direta,False,7.89,13.364,1
2015,RO,Logistics,18,121,indireta,True,4.76,8.062,1
2015,RO,Telecommunications,1,18,direta,True,3.709,6.283,1
2015,RO,Energy,14,56,indireta,True,2.464,4.174,1
2015,RO,Telecommunications,1,56,direta,True,1.479,2.506,1
2015,RO,Energy,1,69,direta,True,1.309,2.217,1
2015,RO,Health,0,83,direta,False,1.241,2.101,1
2015,RO,Logistics,14,251,indireta,True,0.805,1.364,2
2015,RO,Sanitation,14,251,indireta,True,0.557,0.943,2
2015,RO,Telecommunications,22,280,indireta,True,0.443,0.751,1
2015,RO,Logistics,14,56,indireta,True,0.364,0.616,1
2015,RO,Energy,1,110,direta,True,0.275,0.466,1
2015,RO,Logistics,22,280,indireta,True,0.265,0.448,1
2015,RO,Sanitation,22,280,indireta,True,0.199,0.337,1
2015,RO,Logistics,14,252,indireta,True,0.048,0.081,1
2015,RO,Telecommunications,1,110,direta,True,0.047,0.079,1
2015,RO,Sanitation,14,252,indireta,True,0.025,0.042,1
2015,RO,Health,0,0,direta,False,0.011,0.019,2
2015,RR,Energy,1,24,direta,True,2.963,5.019,1
2015,RR,Education,1,89,direta,False,2.911,4.931,1
2015,RR,Telecommunications,1,18,direta,True,1.294,2.192,1
2015,RR,Telecommunications,1,56,direta,True,0.504,0.853,1
2015,RR,Health,0,83,direta,False,0.226,0.383,1
2015,RR,Sanitation,14,192,indireta,True,0.144,0.244,1
2015,RR,Energy,1,10,direta,True,0.081,0.138,1
2015,RR,Energy,1,56,direta,True,0.026,0.044,1
2015,RR,Telecommunications,1,110,direta,True,0.016,0.028,1
2015,RR,Health,0,0,direta,False,0.006,0.01,2
2015,RS,Energy,1,192,direta,True,491.451,832.459,1
2015,RS,Energy,1,10,direta,True,452.612,766.67,1
2015,RS,Energy,1,35,direta,True,247.404,419.073,1
2015,RS,Energy,1,69,direta,True,164.471,278.594,1
2015,RS,Rail transport,1,20,direta,True,56.132,95.081,1
2015,RS,Logistics,18,121,indireta,True,114.917,194.656,4
2015,RS,Logistics,18,261,indireta,True,79.263,134.262,4
2015,RS,Energy,21,160,direta,True,39.821,67.452,1
2015,RS,Education,1,89,direta,False,75.122,127.248,2
2015,RS,Energy,14,56,indireta,True,37.438,63.415,4
2015,RS,Energy,1,30,direta,True,27.064,45.843,1
2015,RS,Telecommunications,1,18,direta,True,26.308,44.563,1
2015,RS,Energy,18,247,indireta,True,27.407,46.425,2
2015,RS,Logistics,18,245,indireta,True,22.467,38.056,3
2015,RS,Sanitation,1,4,direta,True,21.528,36.466,2
2015,RS,Logistics,14,56,indireta,True,24.853,42.098,4
2015,RS,Energy,18,248,indireta,True,17.506,29.654,1
2015,RS,Logistics,18,33,indireta,True,17.365,29.415,1
2015,RS,Health,18,84,indireta,False,14.618,24.761,1
2015,RS,Logistics,14,121,indireta,True,16.796,28.45,2
2015,RS,Telecommunications,1,56,direta,True,11.054,18.725,1
2015,RS,Energy,1,255,direta,True,10.832,18.348,1
2015,RS,Energy,1,10,indireta,True,10.513,17.808,1
2015,RS,Energy,1,69,indireta,True,9.275,15.711,1
2015,RS,Energy,1,196,direta,True,8.502,14.401,1
2015,RS,Logistics,18,241,indireta,True,9.911,16.789,2
2015,RS,Telecommunications,22,280,indireta,True,8.398,14.226,3
2015,RS,Logistics,18,248,indireta,True,4.495,7.614,1
2015,RS,Logistics,14,261,indireta,True,4.481,7.59,1
2015,RS,Education,18,250,indireta,False,4.04,6.843,1
2015,RS,Logistics,22,280,indireta,True,6.381,10.808,3
2015,RS,Education,18,247,indireta,False,3.963,6.713,2
2015,RS,Logistics,14,251,indireta,True,4.205,7.122,4
2015,RS,Energy,1,30,indireta,True,3.15,5.336,1
2015,RS,Logistics,18,250,indireta,True,3.028,5.129,1
2015,RS,Health,18,247,indireta,False,4.231,7.166,3
2015,RS,Energy,1,110,direta,True,2.321,3.931,1
2015,RS,Sanitation,22,280,indireta,True,3.843,6.51,3
2015,RS,Telecommunications,14,56,indireta,True,4.035,6.834,4
2015,RS,Education,0,21,direta,False,3.213,5.443,2
2015,RS,Energy,1,56,indireta,True,1.613,2.732,1
2015,RS,Sanitation,14,56,indireta,True,2.99,5.065,4
2015,RS,Telecommunications,14,257,indireta,True,2.581,4.372,4
2015,RS,Health,0,0,direta,False,1.414,2.396,2
2015,RS,Logistics,18,247,indireta,True,2.444,4.14,2
2015,RS,Sanitation,14,251,indireta,True,2.019,3.42,3
2015,RS,Sanitation,18,247,indireta,True,1.235,2.092,2
2015,RS,Energy,14,251,indireta,True,0.746,1.263,1
2015,RS,Logistics,18,246,indireta,True,0.666,1.128,1
2015,RS,Logistics,14,252,indireta,True,0.788,1.335,4
2015,RS,Logistics,14,192,indireta,True,0.628,1.064,3
2015,RS,Energy,22,280,indireta,True,0.665,1.126,2
2015,RS,Sanitation,14,192,indireta,True,0.445,0.754,1
2015,RS,Energy,14,192,indireta,True,0.438,0.742,1
2015,RS,Telecommunications,1,110,direta,True,0.332,0.562,1
2015,RS,Logistics,14,241,indireta,True,0.397,0.672,2
2015,RS,Energy,1,56,direta,True,0.237,0.401,1
2015,RS,Sanitation,18,245,indireta,True,0.133,0.225,1
2015,RS,Telecommunications,14,2,indireta,True,0.119,0.201,1
2015,RS,Energy,18,7,indireta,True,0.111,0.188,1
2015,RS,Energy,1,24,direta,True,0.107,0.181,1
2015,RS,Rail transport,22,280,indireta,True,0.097,0.165,1
2015,RS,Sanitation,14,252,indireta,True,0.086,0.146,2
2015,RS,Education,18,1,indireta,False,0.042,0.072,1
2015,RS,Education,18,244,indireta,False,0.012,0.02,1
2015,SC,Energy,1,35,direta,True,111.525,188.91,1
2015,SC,Road transport,1,43,direta,True,84.317,142.823,1
2015,SC,Energy,1,35,indireta,True,58.492,99.079,1
2015,SC,Telecommunications,1,18,direta,True,43.474,73.639,1
2015,SC,Logistics,18,121,indireta,True,71.582,121.251,4
2015,SC,Energy,21,160,direta,True,20.282,34.355,1
2015,SC,Health,18,250,indireta,False,19.928,33.755,1
2015,SC,Rail transport,1,20,direta,True,19.439,32.928,1
2015,SC,Logistics,14,56,indireta,True,23.259,39.398,4
2015,SC,Energy,18,248,indireta,True,17.229,29.185,1
2015,SC,Logistics,18,245,indireta,True,19.207,32.534,4
2015,SC,Telecommunications,1,56,direta,True,16.231,27.493,1
2015,SC,Logistics,14,121,indireta,True,17.693,29.97,3
2015,SC,Energy,14,56,indireta,True,26.596,45.05,4
2015,SC,Education,1,89,direta,False,20.016,33.905,2
2015,SC,Ports,1,38,direta,True,13.0,22.02,1
2015,SC,Energy,1,192,direta,True,12.107,20.507,1
2015,SC,Energy,1,10,direta,True,11.673,19.773,1
2015,SC,Logistics,18,247,indireta,True,16.698,28.285,2
2015,SC,Energy,18,247,indireta,True,8.193,13.877,2
2015,SC,Health,18,247,indireta,False,6.748,11.431,2
2015,SC,Telecommunications,22,280,indireta,True,7.907,13.393,2
2015,SC,Sanitation,1,4,direta,True,5.007,8.482,1
2015,SC,Sanitation,18,264,indireta,True,5.115,8.665,2
2015,SC,Sanitation,14,56,indireta,True,5.754,9.746,4
2015,SC,Logistics,18,261,indireta,True,3.787,6.414,2
2015,SC,Energy,1,56,direta,True,3.472,5.881,1
2015,SC,Logistics,18,33,indireta,True,3.187,5.398,1
2015,SC,Logistics,22,280,indireta,True,4.676,7.921,3
2015,SC,Logistics,14,251,indireta,True,3.888,6.587,4
2015,SC,Education,18,247,indireta,False,2.519,4.267,1
2015,SC,Sanitation,14,251,indireta,True,6.471,10.961,4
2015,SC,Sanitation,22,280,indireta,True,3.247,5.499,2
2015,SC,Logistics,14,192,indireta,True,1.834,3.106,3
2015,SC,Education,0,21,direta,False,2.235,3.786,2
2015,SC,Telecommunications,14,257,indireta,True,1.419,2.403,2
2015,SC,Sanitation,14,252,indireta,True,1.73,2.931,3
2015,SC,Energy,22,280,indireta,True,0.847,1.435,1
2015,SC,Energy,1,110,direta,True,0.715,1.211,1
2015,SC,Logistics,18,241,indireta,True,1.137,1.927,2
2015,SC,Sanitation,14,192,indireta,True,1.063,1.801,3
2015,SC,Telecommunications,1,110,direta,True,0.549,0.929,1
2015,SC,Education,18,108,indireta,False,0.483,0.818,1
2015,SC,Health,0,0,direta,False,0.46,0.779,2
2015,SC,Sanitation,18,262,indireta,True,0.384,0.65,1
2015,SC,Logistics,14,252,indireta,True,0.387,0.655,2
2015,SC,Telecommunications,18,262,indireta,True,0.287,0.486,1
2015,SC,Education,18,250,indireta,False,0.272,0.461,1
2015,SC,Energy,14,192,indireta,True,0.385,0.652,2
2015,SC,Education,18,262,indireta,False,0.22,0.373,1
2015,SC,Logistics,18,250,indireta,True,0.21,0.355,1
2015,SC,Logistics,18,262,indireta,True,0.2,0.339,1
2015,SC,Telecommunications,14,56,indireta,True,0.318,0.539,2
2015,SC,Sanitation,18,245,indireta,True,0.102,0.173,1
2015,SC,Rail transport,22,280,indireta,True,0.072,0.122,2
2015,SC,Health,18,244,indireta,False,0.03,0.051,1
2015,SE,Energy,1,8,indireta,True,127.982,216.787,1
2015,SE,Energy,1,192,indireta,True,28.814,48.808,1
2015,SE,Energy,1,56,direta,True,13.808,23.39,1
2015,SE,Energy,1,10,direta,True,8.547,14.478,1
2015,SE,Energy,14,56,indireta,True,4.733,8.016,1
2015,SE,Telecommunications,1,18,direta,True,4.227,7.159,1
2015,SE,Logistics,14,121,indireta,True,2.2,3.727,1
2015,SE,Telecommunications,1,56,direta,True,1.659,2.809,1
2015,SE,Sanitation,14,56,indireta,True,1.527,2.586,2
2015,SE,Telecommunications,22,280,indireta,True,0.951,1.611,1
2015,SE,Sanitation,22,280,indireta,True,0.515,0.872,1
2015,SE,Sanitation,14,251,indireta,True,0.678,1.149,2
2015,SE,Sanitation,14,252,indireta,True,0.19,0.322,1
2015,SE,Health,0,0,direta,False,0.155,0.262,2
2015,SE,Education,1,89,direta,False,0.145,0.246,1
2015,SE,Logistics,14,251,indireta,True,0.13,0.22,1
2015,SE,Logistics,22,280,indireta,True,0.197,0.334,2
2015,SE,Telecommunications,1,110,direta,True,0.053,0.09,1
2015,SP,Urban mobility,1,118,direta,True,3126.24,5295.474,3
2015,SP,Ports,1,38,direta,True,1044.061,1768.514,4
2015,SP,Energy,1,105,direta,True,678.88,1149.94,1
2015,SP,Rail transport,14,56,indireta,True,676.098,1145.228,1
2015,SP,Energy,1,8,direta,True,481.498,815.599,1
2015,SP,Road transport,1,43,direta,True,400.298,678.056,1
2015,SP,Energy,1,8,indireta,True,391.692,663.479,1
2015,SP,Rail transport,1,56,direta,True,390.574,661.585,1
2015,SP,Logistics,1,69,direta,True,382.8,648.417,1
2015,SP,Urban mobility,1,41,direta,True,350.509,593.72,2
2015,SP,Telecommunications,1,18,direta,True,228.964,387.837,1
2015,SP,Telecommunications,14,56,indireta,True,230.148,389.844,4
2015,SP,Energy,1,56,direta,True,197.46,334.473,1
2015,SP,Ports,1,38,indireta,True,174.582,295.721,1
2015,SP,Energy,1,10,direta,True,163.94,277.695,1
2015,SP,Sanitation,1,4,direta,True,149.449,253.148,1
2015,SP,Rail transport,1,20,direta,True,124.322,210.587,1
2015,SP,Health,1,84,indireta,False,123.118,208.547,1
2015,SP,Logistics,21,160,direta,True,121.826,206.358,1
2015,SP,Logistics,1,69,indireta,True,95.7,162.104,1
2015,SP,Energy,1,56,indireta,True,94.695,160.402,1
2015,SP,Health,1,149,direta,False,85.158,144.247,1
2015,SP,Health,1,124,direta,False,84.372,142.915,1
2015,SP,Telecommunications,1,56,direta,True,82.708,140.098,1
2015,SP,Health,1,149,indireta,False,77.546,131.353,1
2015,SP,Energy,1,13,direta,True,66.803,113.157,1
2015,SP,Logistics,14,263,indireta,True,59.1,100.108,1
2015,SP,Education,1,1,indireta,False,58.041,98.315,1
2015,SP,Energy,1,255,direta,True,50.549,85.625,1
2015,SP,Energy,1,24,direta,True,45.989,77.9,1
2015,SP,Sanitation,21,160,direta,True,39.122,66.267,1
2015,SP,Education,18,247,indireta,False,40.582,68.742,3
2015,SP,Health,18,84,indireta,False,63.657,107.827,3
2015,SP,Logistics,18,121,indireta,True,33.596,56.907,1
2015,SP,Health,1,9,indireta,False,28.533,48.332,1
2015,SP,Logistics,14,56,indireta,True,41.778,70.768,4
2015,SP,Energy,1,69,direta,True,25.809,43.717,1
2015,SP,Sanitation,18,248,indireta,True,25.138,42.581,1
2015,SP,Energy,1,196,direta,True,22.041,37.335,1
2015,SP,Energy,14,56,indireta,True,32.274,54.669,3
2015,SP,Sanitation,14,56,indireta,True,23.318,39.497,4
2015,SP,Health,1,84,direta,False,14.936,25.299,1
2015,SP,Logistics,18,247,indireta,True,14.49,24.544,1
2015,SP,Health,18,247,indireta,False,23.749,40.227,3
2015,SP,Energy,1,192,direta,True,12.3,20.835,1
2015,SP,Logistics,22,280,indireta,True,22.805,38.63,3
2015,SP,Logistics,14,251,indireta,True,22.883,38.761,4
2015,SP,Sanitation,1,4,indireta,True,11.03,18.683,1
2015,SP,Telecommunications,22,280,indireta,True,16.196,27.434,3
2015,SP,Sanitation,14,251,indireta,True,23.788,40.294,4
2015,SP,Education,18,1,indireta,False,10.418,17.648,1
2015,SP,Health,1,192,direta,False,9.816,16.628,1
2015,SP,Sanitation,14,192,indireta,True,9.39,15.905,4
2015,SP,Sanitation,1,56,direta,True,8.478,14.361,1
2015,SP,Sanitation,22,280,indireta,True,13.389,22.68,3
2015,SP,Health,1,136,direta,False,6.0,10.164,1
2015,SP,Health,1,56,indireta,False,5.792,9.811,1
2015,SP,Logistics,14,252,indireta,True,7.605,12.882,4
2015,SP,Telecommunications,18,247,indireta,True,5.0,8.469,1
2015,SP,Logistics,1,121,indireta,True,4.306,7.295,1
2015,SP,Energy,18,248,indireta,True,5.681,9.623,2
2015,SP,Energy,1,192,indireta,True,3.437,5.821,1
2015,SP,Sanitation,14,252,indireta,True,5.657,9.582,4
2015,SP,Telecommunications,1,110,direta,True,3.151,5.338,1
2015,SP,Logistics,1,110,direta,True,3.092,5.238,1
2015,SP,Logistics,18,250,indireta,True,2.651,4.491,1
2015,SP,Telecommunications,14,257,indireta,True,4.103,6.949,4
2015,SP,Sanitation,0,21,direta,True,2.426,4.109,1
2015,SP,Logistics,14,192,indireta,True,5.122,8.676,4
2015,SP,Logistics,18,33,indireta,True,1.868,3.165,1
2015,SP,Logistics,18,261,indireta,True,1.39,2.354,1
2015,SP,Rail transport,1,110,direta,True,1.102,1.866,1
2015,SP,Health,0,0,direta,False,1.014,1.717,2
2015,SP,Sanitation,18,247,indireta,True,1.009,1.709,2
2015,SP,Logistics,18,241,indireta,True,0.69,1.169,1
2015,SP,Health,18,250,indireta,False,0.63,1.066,1
2015,SP,Energy,22,280,indireta,True,0.727,1.231,3
2015,SP,Education,0,21,direta,False,0.521,0.882,1
2015,SP,Sanitation,0,0,direta,True,0.461,0.781,1
2015,SP,Energy,1,35,indireta,True,0.379,0.642,1
2015,SP,Sanitation,1,110,direta,True,0.323,0.547,1
2015,SP,Logistics,1,120,direta,True,0.154,0.261,1
2015,SP,Energy,14,251,indireta,True,0.215,0.364,2
2015,SP,Telecommunications,14,251,indireta,True,0.112,0.19,1
2015,SP,Logistics,18,246,indireta,True,0.111,0.188,1
2015,SP,Logistics,14,121,indireta,True,0.204,0.346,3
2015,SP,Rail transport,1,56,indireta,True,0.084,0.142,1
2015,SP,Rail transport,22,280,indireta,True,0.068,0.115,1
2015,SP,Telecommunications,1,257,direta,True,0.062,0.105,1
2015,SP,Sanitation,14,257,indireta,True,0.042,0.071,1
2015,SP,Sanitation,14,265,indireta,True,0.031,0.052,1
2015,SP,Telecommunications,14,2,indireta,True,0.045,0.077,2
2015,SP,Sanitation,14,2,indireta,True,0.021,0.035,1
2015,TO,Rail transport,14,263,indireta,True,286.309,484.972,1
2015,TO,Energy,1,8,indireta,True,107.035,181.305,1
2015,TO,Energy,1,192,indireta,True,23.968,40.6,1
2015,TO,Ports,1,38,direta,True,16.049,27.186,1
2015,TO,Education,1,89,direta,False,10.948,18.545,1
2015,TO,Energy,1,10,direta,True,10.0,16.939,1
2015,TO,Logistics,18,121,indireta,True,14.032,23.768,3
2015,TO,Logistics,18,261,indireta,True,4.707,7.973,1
2015,TO,Logistics,18,45,indireta,True,4.445,7.529,1
2015,TO,Energy,1,56,direta,True,3.205,5.429,1
2015,TO,Telecommunications,1,18,direta,True,3.019,5.114,1
2015,TO,Energy,1,110,direta,True,2.979,5.047,1
2015,TO,Telecommunications,1,56,direta,True,1.24,2.1,1
2015,TO,Health,0,83,direta,False,0.806,1.364,1
2015,TO,Logistics,14,251,indireta,True,0.706,1.197,2
2015,TO,Education,18,250,indireta,False,0.456,0.772,1
2015,TO,Sanitation,22,280,indireta,True,0.358,0.606,1
2015,TO,Logistics,14,192,indireta,True,0.353,0.598,1
2015,TO,Telecommunications,22,280,indireta,True,0.268,0.454,1
2015,TO,Logistics,22,280,indireta,True,0.188,0.319,1
2015,TO,Logistics,14,252,indireta,True,0.069,0.117,1
2015,TO,Logistics,14,56,indireta,True,0.05,0.085,1
2015,TO,Telecommunications,1,110,direta,True,0.038,0.065,1
2015,TO,Health,0,0,direta,False,0.006,0.01,2
2016,AC,Health,0,83,direta,False,4.051,6.31,1
2016,AC,Telecommunications,1,18,direta,True,0.819,1.276,1
2016,AC,Health,18,262,indireta,False,0.62,0.966,1
2016,AC,Education,1,89,direta,False,0.505,0.786,1
2016,AC,Energy,1,10,direta,True,0.181,0.282,1
2016,AC,Telecommunications,18,262,indireta,True,0.16,0.249,1
2016,AC,Sanitation,22,280,indireta,True,0.058,0.09,1
2016,AC,Sanitation,18,262,indireta,True,0.04,0.062,1
2016,AC,Logistics,22,280,indireta,True,0.008,0.012,1
2016,AC,Telecommunications,1,110,direta,True,0.005,0.008,1
2016,AL,Telecommunications,1,18,direta,True,14.142,22.03,1
2016,AL,Energy,1,10,direta,True,14.002,21.812,1
2016,AL,Education,1,89,direta,False,5.263,8.198,1
2016,AL,Telecommunications,14,192,indireta,True,0.514,0.801,1
2016,AL,Health,0,0,direta,False,0.433,0.674,1
2016,AL,Logistics,14,252,indireta,True,0.365,0.568,2
2016,AL,Telecommunications,22,280,indireta,True,0.348,0.543,2
2016,AL,Telecommunications,1,110,direta,True,0.093,0.145,1
2016,AL,Sanitation,22,280,indireta,True,0.002,0.003,1
2016,AM,Road transport,1,43,direta,True,48.649,75.782,1
2016,AM,Telecommunications,14,192,indireta,True,26.23,40.859,1
2016,AM,Sanitation,1,4,direta,True,14.837,23.113,1
2016,AM,Education,1,89,direta,False,12.178,18.97,1
2016,AM,Telecommunications,1,18,direta,True,10.267,15.994,1
2016,AM,Sanitation,1,56,direta,True,1.933,3.011,1
2016,AM,Health,0,0,direta,False,1.563,2.435,2
2016,AM,Telecommunications,14,56,indireta,True,0.475,0.739,1
2016,AM,Telecommunications,22,280,indireta,True,0.412,0.642,2
2016,AM,Energy,1,110,direta,True,0.175,0.273,1
2016,AM,Logistics,22,280,indireta,True,0.195,0.304,2
2016,AM,Logistics,14,252,indireta,True,0.255,0.398,2
2016,AM,Rail transport,22,280,indireta,True,0.096,0.149,1
2016,AM,Sanitation,14,252,indireta,True,0.087,0.135,1
2016,AM,Telecommunications,1,110,direta,True,0.067,0.105,1
2016,AP,Energy,1,35,direta,True,132.588,206.537,1
2016,AP,Logistics,14,56,indireta,True,9.893,15.41,2
2016,AP,Logistics,14,192,indireta,True,5.651,8.803,1
2016,AP,Telecommunications,1,18,direta,True,2.417,3.765,1
2016,AP,Telecommunications,22,280,indireta,True,0.81,1.262,3
2016,AP,Sanitation,22,280,indireta,True,0.213,0.332,2
2016,AP,Logistics,22,280,indireta,True,0.053,0.082,1
2016,AP,Energy,1,10,direta,True,0.052,0.081,1
2016,AP,Telecommunications,1,110,direta,True,0.016,0.025,1
2016,BA,Energy,1,69,direta,True,851.858,1326.973,1
2016,BA,Urban mobility,1,118,direta,True,662.077,1031.344,1
2016,BA,Energy,1,35,direta,True,215.568,335.799,2
2016,BA,Energy,1,69,indireta,True,146.073,227.544,1
2016,BA,Health,1,84,indireta,False,87.585,136.435,1
2016,BA,Energy,1,10,direta,True,80.458,125.333,1
2016,BA,Energy,1,8,direta,True,58.076,90.467,1
2016,BA,Energy,1,192,direta,True,57.197,89.099,1
2016,BA,Energy,1,35,indireta,True,46.073,71.769,1
2016,BA,Telecommunications,1,18,direta,True,45.883,71.473,1
2016,BA,Logistics,18,247,indireta,True,18.335,28.56,1
2016,BA,Logistics,18,121,indireta,True,10.238,15.947,3
2016,BA,Road transport,1,43,direta,True,6.56,10.219,1
2016,BA,Energy,1,158,direta,True,6.48,10.094,1
2016,BA,Logistics,14,56,indireta,True,4.674,7.281,1
2016,BA,Health,18,247,indireta,False,3.67,5.717,2
2016,BA,Telecommunications,22,280,indireta,True,3.527,5.494,2
2016,BA,Energy,1,30,indireta,True,2.2,3.428,1
2016,BA,Energy,1,30,direta,True,2.029,3.16,1
2016,BA,Logistics,14,121,indireta,True,4.545,7.081,3
2016,BA,Energy,1,110,direta,True,1.8,2.804,1
2016,BA,Logistics,22,280,indireta,True,2.504,3.901,3
2016,BA,Sanitation,14,192,indireta,True,1.396,2.175,1
2016,BA,Education,1,89,direta,False,1.245,1.939,1
2016,BA,Sanitation,14,252,indireta,True,1.919,2.989,2
2016,BA,Sanitation,1,4,direta,True,1.131,1.761,1
2016,BA,Health,0,0,direta,False,1.596,2.486,2
2016,BA,Ports,1,38,direta,True,1.05,1.635,1
2016,BA,Logistics,14,252,indireta,True,1.251,1.949,3
2016,BA,Sanitation,18,248,indireta,True,0.614,0.957,1
2016,BA,Telecommunications,1,110,direta,True,0.302,0.47,1
2016,BA,Sanitation,22,280,indireta,True,0.279,0.435,3
2016,BA,Sanitation,14,56,indireta,True,0.116,0.181,1
2016,BA,Logistics,1,110,direta,True,0.096,0.149,1
2016,BA,Energy,22,280,indireta,True,0.037,0.057,1
2016,BA,Logistics,1,56,direta,True,0.003,0.004,1
2016,CE,Energy,1,69,direta,True,255.454,397.931,1
2016,CE,Energy,1,8,indireta,True,128.59,200.31,1
2016,CE,Ports,1,38,direta,True,72.62,113.123,1
2016,CE,Telecommunications,1,18,direta,True,46.064,71.756,3
2016,CE,Energy,1,10,direta,True,36.554,56.942,1
2016,CE,Energy,1,56,indireta,True,15.472,24.102,1
2016,CE,Sanitation,1,4,direta,True,8.084,12.593,2
2016,CE,Telecommunications,1,192,direta,True,4.946,7.705,1
2016,CE,Sanitation,14,252,indireta,True,6.049,9.423,3
2016,CE,Telecommunications,1,56,direta,True,1.303,2.03,1
2016,CE,Health,0,0,direta,False,1.118,1.742,1
2016,CE,Telecommunications,22,280,indireta,True,1.502,2.34,3
2016,CE,Energy,1,110,indireta,True,1.086,1.692,1
2016,CE,Logistics,14,192,indireta,True,1.046,1.629,1
2016,CE,Sanitation,14,251,indireta,True,0.825,1.285,1
2016,CE,Telecommunications,14,56,indireta,True,0.7,1.09,1
2016,CE,Logistics,14,252,indireta,True,1.173,1.827,3
2016,CE,Education,1,89,direta,False,0.501,0.78,1
2016,CE,Sanitation,14,192,indireta,True,0.481,0.75,1
2016,CE,Telecommunications,1,110,direta,True,0.282,0.439,1
2016,CE,Sanitation,22,280,indireta,True,0.214,0.334,2
2016,CE,Logistics,22,280,indireta,True,0.16,0.249,2
2016,CE,Telecommunications,1,108,direta,True,0.113,0.176,1
2016,DF,Telecommunications,1,18,direta,True,16.64,25.92,1
2016,DF,Energy,1,192,direta,True,4.606,7.175,1
2016,DF,Education,1,89,direta,False,3.626,5.648,1
2016,DF,Energy,1,10,direta,True,2.609,4.063,1
2016,DF,Sanitation,14,252,indireta,True,2.383,3.712,3
2016,DF,Road transport,1,43,direta,True,1.605,2.5,1
2016,DF,Health,18,247,indireta,False,0.988,1.539,1
2016,DF,Logistics,14,252,indireta,True,0.528,0.822,1
2016,DF,Health,0,0,direta,False,0.433,0.674,1
2016,DF,Logistics,18,121,indireta,True,0.426,0.664,1
2016,DF,Telecommunications,14,192,indireta,True,0.149,0.232,1
2016,DF,Telecommunications,22,280,indireta,True,0.149,0.232,1
2016,DF,Telecommunications,1,110,direta,True,0.107,0.166,1
2016,DF,Sanitation,22,280,indireta,True,0.12,0.188,2
2016,DF,Logistics,22,280,indireta,True,0.077,0.12,2
2016,ES,Energy,1,192,direta,True,33.778,52.617,1
2016,ES,Energy,1,10,direta,True,17.438,27.164,1
2016,ES,Energy,1,8,direta,True,8.25,12.851,1
2016,ES,Telecommunications,1,18,direta,True,5.664,8.823,1
2016,ES,Urban mobility,1,41,direta,True,4.119,6.417,1
2016,ES,Education,1,89,direta,False,3.45,5.374,1
2016,ES,Sanitation,1,4,direta,True,1.5,2.337,1
2016,ES,Telecommunications,22,280,indireta,True,1.586,2.471,2
2016,ES,Logistics,22,280,indireta,True,0.662,1.031,3
2016,ES,Sanitation,14,252,indireta,True,0.475,0.74,2
2016,ES,Energy,14,56,indireta,True,0.278,0.434,1
2016,ES,Logistics,14,252,indireta,True,0.275,0.429,2
2016,ES,Sanitation,22,280,indireta,True,0.14,0.218,1
2016,ES,Sanitation,14,251,indireta,True,0.122,0.189,1
2016,ES,Logistics,18,241,indireta,True,0.082,0.128,1
2016,ES,Telecommunications,1,110,direta,True,0.033,0.051,1
2016,ES,Sanitation,18,245,indireta,True,0.032,0.05,1
2016,GO,Energy,1,69,direta,True,331.671,516.657,1
2016,GO,Energy,1,10,direta,True,109.294,170.252,1
2016,GO,Health,1,84,indireta,False,29.818,46.449,1
2016,GO,Road transport,1,43,direta,True,27.281,42.497,1
2016,GO,Ports,1,38,direta,True,26.455,41.211,1
2016,GO,Telecommunications,1,18,direta,True,19.676,30.651,1
2016,GO,Energy,1,192,direta,True,16.889,26.309,1
2016,GO,Energy,1,56,direta,True,7.692,11.982,1
2016,GO,Logistics,18,121,indireta,True,13.566,21.132,3
2016,GO,Logistics,18,261,indireta,True,4.979,7.756,1
2016,GO,Energy,1,69,indireta,True,4.746,7.394,1
2016,GO,Logistics,14,121,indireta,True,10.468,16.307,4
2016,GO,Health,1,108,direta,False,3.989,6.214,1
2016,GO,Energy,1,35,direta,True,1.931,3.008,1
2016,GO,Logistics,14,252,indireta,True,1.351,2.105,1
2016,GO,Logistics,14,241,indireta,True,0.98,1.527,1
2016,GO,Health,0,0,direta,False,0.898,1.399,1
2016,GO,Telecommunications,22,280,indireta,True,1.553,2.419,2
2016,GO,Education,1,89,direta,False,0.884,1.376,1
2016,GO,Logistics,22,280,indireta,True,0.954,1.486,2
2016,GO,Energy,1,192,indireta,True,0.714,1.112,1
2016,GO,Sanitation,14,252,indireta,True,0.941,1.467,2
2016,GO,Sanitation,22,280,indireta,True,0.737,1.147,2
2016,GO,Sanitation,14,192,indireta,True,0.251,0.391,2
2016,GO,Energy,14,252,indireta,True,0.142,0.221,1
2016,GO,Sanitation,14,251,indireta,True,0.126,0.196,1
2016,GO,Telecommunications,1,110,direta,True,0.125,0.195,1
2016,GO,Logistics,14,192,indireta,True,0.119,0.185,1
2016,GO,Logistics,14,246,indireta,True,0.046,0.072,1
2016,GO,Health,18,244,indireta,False,0.03,0.047,1
2016,GO,Sanitation,1,4,direta,True,0.027,0.043,1
2016,GO,Logistics,18,244,indireta,True,0.01,0.016,1
2016,MA,Energy,1,8,direta,True,182.4,284.132,1
2016,MA,Telecommunications,1,18,direta,True,22.901,35.673,1
2016,MA,Ports,1,38,direta,True,18.435,28.716,2
2016,MA,Energy,1,56,direta,True,8.0,12.462,1
2016,MA,Logistics,14,121,indireta,True,5.089,7.927,3
2016,MA,Logistics,18,121,indireta,True,2.281,3.554,2
2016,MA,Education,1,89,direta,False,1.944,3.028,1
2016,MA,Logistics,14,252,indireta,True,1.788,2.785,2
2016,MA,Energy,1,10,direta,True,1.222,1.904,1
2016,MA,Health,0,0,direta,False,2.016,3.14,2
2016,MA,Logistics,1,56,direta,True,0.799,1.244,2
2016,MA,Energy,1,110,direta,True,0.687,1.07,1
2016,MA,Sanitation,14,252,indireta,True,0.847,1.319,2
2016,MA,Telecommunications,22,280,indireta,True,0.881,1.372,3
2016,MA,Logistics,1,110,direta,True,0.252,0.393,1
2016,MA,Telecommunications,14,252,indireta,True,0.197,0.307,1
2016,MA,Logistics,22,280,indireta,True,0.166,0.258,1
2016,MA,Telecommunications,1,110,direta,True,0.153,0.239,1
2016,MA,Sanitation,22,280,indireta,True,0.044,0.068,1
2016,MA,Sanitation,14,192,indireta,True,0.043,0.067,1
2016,MA,Energy,22,280,indireta,True,0.03,0.046,1
2016,MG,Energy,1,10,direta,True,229.836,358.025,1
2016,MG,Road transport,1,43,direta,True,217.632,339.014,1
2016,MG,Energy,1,69,direta,True,155.425,242.111,2
2016,MG,Energy,1,69,indireta,True,92.73,144.45,1
2016,MG,Telecommunications,1,18,direta,True,82.847,129.054,1
2016,MG,Energy,1,35,direta,True,69.845,108.801,1
2016,MG,Logistics,21,160,direta,True,65.0,101.253,1
2016,MG,Road transport,1,43,indireta,True,47.264,73.625,1
2016,MG,Sanitation,21,160,direta,True,46.008,71.669,1
2016,MG,Logistics,18,121,indireta,True,40.611,63.261,3
2016,MG,Education,1,89,direta,False,53.489,83.321,2
2016,MG,Ports,1,38,direta,True,59.533,92.738,2
2016,MG,Energy,1,192,direta,True,30.838,48.038,1
2016,MG,Energy,1,154,direta,True,26.467,41.229,1
2016,MG,Energy,21,160,direta,True,22.543,35.116,1
2016,MG,Health,1,149,indireta,False,22.17,34.536,1
2016,MG,Health,18,84,indireta,False,30.7,47.823,2
2016,MG,Telecommunications,14,192,indireta,True,17.923,27.919,4
2016,MG,Energy,18,247,indireta,True,11.75,18.303,1
2016,MG,Energy,1,288,direta,True,9.075,14.136,1
2016,MG,Logistics,14,121,indireta,True,15.382,23.962,4
2016,MG,Telecommunications,22,280,indireta,True,8.005,12.469,3
2016,MG,Sanitation,1,4,direta,True,5.037,7.846,1
2016,MG,Energy,14,56,indireta,True,6.508,10.138,4
2016,MG,Health,18,247,indireta,False,5.422,8.446,2
2016,MG,Logistics,14,252,indireta,True,11.877,18.501,4
2016,MG,Energy,14,192,indireta,True,6.223,9.694,3
2016,MG,Energy,18,248,indireta,True,4.058,6.321,1
2016,MG,Health,0,0,direta,False,3.831,5.967,1
2016,MG,Energy,1,8,indireta,True,3.091,4.815,1
2016,MG,Education,0,21,direta,False,3.045,4.743,1
2016,MG,Logistics,18,241,indireta,True,4.597,7.162,3
2016,MG,Sanitation,14,192,indireta,True,3.495,5.445,2
2016,MG,Logistics,22,280,indireta,True,3.919,6.105,3
2016,MG,Sanitation,18,247,indireta,True,2.039,3.176,1
2016,MG,Logistics,18,262,indireta,True,1.87,2.913,1
2016,MG,Education,18,247,indireta,False,1.776,2.767,1
2016,MG,Health,1,9,indireta,False,1.399,2.179,1
2016,MG,Logistics,14,192,indireta,True,2.175,3.389,3
2016,MG,Energy,1,110,direta,True,1.426,2.221,2
2016,MG,Sanitation,18,264,indireta,True,1.15,1.791,1
2016,MG,Sanitation,18,248,indireta,True,1.13,1.76,1
2016,MG,Energy,18,264,indireta,True,1.075,1.675,1
2016,MG,Sanitation,14,56,indireta,True,1.388,2.163,2
2016,MG,Logistics,18,247,indireta,True,1.0,1.558,1
2016,MG,Sanitation,14,251,indireta,True,1.304,2.031,2
2016,MG,Sanitation,14,252,indireta,True,1.813,2.824,3
2016,MG,Sanitation,22,280,indireta,True,1.444,2.249,3
2016,MG,Rail transport,1,110,direta,True,0.808,1.259,1
2016,MG,Logistics,18,45,indireta,True,0.764,1.19,1
2016,MG,Telecommunications,1,110,direta,True,0.542,0.844,1
2016,MG,Logistics,14,241,indireta,True,1.217,1.896,4
2016,MG,Rail transport,1,56,direta,True,0.488,0.76,1
2016,MG,Energy,1,192,indireta,True,0.473,0.736,1
2016,MG,Health,1,124,direta,False,0.469,0.73,1
2016,MG,Health,1,124,indireta,False,0.469,0.73,1
2016,MG,Logistics,14,251,indireta,True,0.627,0.977,3
2016,MG,Logistics,14,56,indireta,True,0.673,1.049,3
2016,MG,Telecommunications,14,257,indireta,True,0.865,1.347,5
2016,MG,Health,18,267,indireta,False,0.282,0.439,1
2016,MG,Logistics,14,246,indireta,True,0.102,0.159,1
2016,MG,Telecommunications,14,56,indireta,True,0.056,0.087,1
2016,MG,Health,18,244,indireta,False,0.09,0.141,3
2016,MG,Sanitation,18,245,indireta,True,0.044,0.068,1
2016,MG,Rail transport,22,280,indireta,True,0.005,0.007,1
2016,MS,Logistics,18,121,indireta,True,52.697,82.089,3
2016,MS,Road transport,1,43,indireta,True,43.25,67.372,1
2016,MS,Rail transport,1,20,direta,True,39.776,61.961,1
2016,MS,Education,1,89,direta,False,10.405,16.208,2
2016,MS,Telecommunications,1,18,direta,True,6.772,10.549,1
2016,MS,Logistics,18,33,indireta,True,6.295,9.805,1
2016,MS,Energy,1,192,indireta,True,4.508,7.023,1
2016,MS,Logistics,14,121,indireta,True,4.08,6.356,1
2016,MS,Energy,18,247,indireta,True,3.576,5.57,1
2016,MS,Energy,14,56,indireta,True,1.243,1.936,1
2016,MS,Logistics,14,252,indireta,True,1.27,1.978,2
2016,MS,Health,0,0,direta,False,2.213,3.447,2
2016,MS,Telecommunications,22,280,indireta,True,0.446,0.694,2
2016,MS,Sanitation,14,251,indireta,True,0.334,0.52,1
2016,MS,Sanitation,14,252,indireta,True,0.528,0.822,3
2016,MS,Sanitation,22,280,indireta,True,0.422,0.657,2
2016,MS,Logistics,22,280,indireta,True,0.436,0.679,3
2016,MS,Telecommunications,14,192,indireta,True,0.099,0.154,1
2016,MS,Telecommunications,1,110,direta,True,0.042,0.066,1
2016,MT,Energy,1,69,direta,True,1504.879,2344.209,1
2016,MT,Road transport,1,43,indireta,True,301.724,470.008,2
2016,MT,Rail transport,14,192,indireta,True,148.106,230.71,1
2016,MT,Energy,1,35,direta,True,67.024,104.406,1
2016,MT,Logistics,18,121,indireta,True,96.044,149.611,4
2016,MT,Rail transport,1,20,direta,True,17.445,27.175,1
2016,MT,Logistics,14,121,indireta,True,37.046,57.708,4
2016,MT,Education,1,89,direta,False,10.787,16.803,1
2016,MT,Energy,1,30,direta,True,9.21,14.347,1
2016,MT,Telecommunications,1,18,direta,True,7.032,10.954,1
2016,MT,Ports,1,38,direta,True,5.788,9.016,1
2016,MT,Logistics,18,261,indireta,True,5.313,8.276,1
2016,MT,Sanitation,1,4,direta,True,2.418,3.766,1
2016,MT,Logistics,18,241,indireta,True,3.37,5.25,2
2016,MT,Energy,1,110,direta,True,1.942,3.025,1
2016,MT,Logistics,14,241,indireta,True,3.705,5.771,2
2016,MT,Logistics,14,192,indireta,True,1.682,2.62,1
2016,MT,Energy,1,35,indireta,True,1.024,1.595,1
2016,MT,Logistics,22,280,indireta,True,1.32,2.056,3
2016,MT,Telecommunications,22,280,indireta,True,0.978,1.523,2
2016,MT,Logistics,14,56,indireta,True,0.988,1.54,3
2016,MT,Energy,1,10,direta,True,0.503,0.783,1
2016,MT,Health,0,0,direta,False,0.433,0.674,1
2016,MT,Education,18,247,indireta,False,0.732,1.14,2
2016,MT,Logistics,1,110,indireta,True,0.35,0.545,1
2016,MT,Energy,14,252,indireta,True,0.341,0.531,1
2016,MT,Logistics,14,252,indireta,True,0.339,0.527,1
2016,MT,Sanitation,22,280,indireta,True,0.326,0.508,1
2016,MT,Energy,18,264,indireta,True,0.201,0.313,1
2016,MT,Sanitation,14,192,indireta,True,0.17,0.264,1
2016,MT,Logistics,1,42,direta,True,0.102,0.159,1
2016,MT,Telecommunications,1,110,direta,True,0.043,0.068,1
2016,PA,Energy,1,10,direta,True,318.595,496.288,1
2016,PA,Ports,1,38,indireta,True,297.2,462.96,1
2016,PA,Energy,1,8,direta,True,180.0,280.393,1
2016,PA,Ports,1,38,direta,True,127.0,197.833,1
2016,PA,Sanitation,1,4,direta,True,48.5,75.55,1
2016,PA,Telecommunications,1,18,direta,True,38.101,59.352,1
2016,PA,Education,1,89,direta,False,6.037,9.404,1
2016,PA,Logistics,14,121,indireta,True,4.027,6.273,1
2016,PA,Logistics,18,121,indireta,True,3.6,5.608,1
2016,PA,Logistics,14,56,indireta,True,3.274,5.1,1
2016,PA,Energy,1,35,direta,True,1.536,2.392,1
2016,PA,Energy,1,35,indireta,True,1.536,2.392,1
2016,PA,Logistics,14,241,indireta,True,1.269,1.976,1
2016,PA,Health,0,83,direta,False,1.078,1.68,1
2016,PA,Education,0,21,direta,False,1.047,1.63,1
2016,PA,Telecommunications,22,280,indireta,True,1.385,2.158,2
2016,PA,Logistics,14,252,indireta,True,0.852,1.327,2
2016,PA,Energy,1,110,direta,True,0.701,1.092,1
2016,PA,Health,0,0,direta,False,0.472,0.735,1
2016,PA,Logistics,14,251,indireta,True,0.371,0.578,1
2016,PA,Education,0,83,direta,False,0.279,0.434,1
2016,PA,Telecommunications,1,110,direta,True,0.256,0.398,1
2016,PA,Logistics,22,280,indireta,True,0.422,0.658,3
2016,PA,Logistics,14,192,indireta,True,0.203,0.316,1
2016,PA,Sanitation,14,252,indireta,True,0.16,0.25,1
2016,PA,Sanitation,14,56,indireta,True,0.1,0.156,1
2016,PA,Sanitation,22,280,indireta,True,0.113,0.176,2
2016,PA,Telecommunications,14,252,indireta,True,0.096,0.15,1
2016,PB,Telecommunications,1,18,direta,True,17.708,27.584,1
2016,PB,Education,1,89,direta,False,10.241,15.953,1
2016,PB,Energy,1,10,direta,True,3.806,5.929,1
2016,PB,Telecommunications,22,280,indireta,True,1.354,2.11,2
2016,PB,Telecommunications,14,257,indireta,True,0.773,1.204,1
2016,PB,Health,0,0,direta,False,0.721,1.124,1
2016,PB,Sanitation,14,252,indireta,True,0.309,0.482,1
2016,PB,Logistics,14,252,indireta,True,0.268,0.417,1
2016,PB,Logistics,22,280,indireta,True,0.188,0.293,1
2016,PB,Telecommunications,1,110,direta,True,0.117,0.183,1
2016,PB,Sanitation,22,280,indireta,True,0.065,0.102,2
2016,PE,Energy,1,69,direta,True,173.054,269.574,1
2016,PE,Energy,1,8,direta,True,57.506,89.579,1
2016,PE,Telecommunications,1,18,direta,True,43.959,68.476,2
2016,PE,Energy,21,160,direta,True,23.12,36.015,1
2016,PE,Energy,1,192,direta,True,18.882,29.413,1
2016,PE,Energy,1,10,direta,True,18.711,29.147,1
2016,PE,Sanitation,1,196,direta,True,14.4,22.431,1
2016,PE,Sanitation,14,252,indireta,True,6.885,10.724,3
2016,PE,Health,18,84,indireta,False,2.627,4.092,1
2016,PE,Logistics,14,252,indireta,True,2.691,4.191,2
2016,PE,Sanitation,14,251,indireta,True,2.153,3.354,1
2016,PE,Sanitation,1,11,direta,True,1.75,2.727,1
2016,PE,Telecommunications,22,280,indireta,True,2.186,3.406,2
2016,PE,Sanitation,1,4,direta,True,1.166,1.817,1
2016,PE,Sanitation,14,192,indireta,True,1.099,1.713,1
2016,PE,Ports,1,38,direta,True,1.032,1.608,1
2016,PE,Health,0,0,direta,False,0.649,1.012,1
2016,PE,Sanitation,22,280,indireta,True,0.651,1.013,2
2016,PE,Telecommunications,1,192,direta,True,0.359,0.559,1
2016,PE,Telecommunications,14,192,indireta,True,0.32,0.498,1
2016,PE,Logistics,22,280,indireta,True,0.731,1.138,3
2016,PE,Telecommunications,1,110,direta,True,0.29,0.452,1
2016,PE,Logistics,1,110,direta,True,0.133,0.207,1
2016,PE,Energy,14,192,indireta,True,0.126,0.196,1
2016,PE,Logistics,1,56,direta,True,0.003,0.004,1
2016,PI,Energy,1,69,direta,True,497.591,775.118,2
2016,PI,Energy,1,192,direta,True,87.758,136.705,1
2016,PI,Energy,1,10,direta,True,14.806,23.064,1
2016,PI,Telecommunications,1,18,direta,True,13.853,21.579,1
2016,PI,Logistics,18,121,indireta,True,7.591,11.824,1
2016,PI,Road transport,1,43,indireta,True,6.93,10.795,1
2016,PI,Ports,1,38,direta,True,4.556,7.098,1
2016,PI,Energy,1,110,direta,True,0.842,1.312,1
2016,PI,Telecommunications,22,280,indireta,True,0.526,0.819,2
2016,PI,Sanitation,14,252,indireta,True,0.614,0.957,2
2016,PI,Health,0,0,direta,False,0.433,0.674,1
2016,PI,Education,1,89,direta,False,0.227,0.354,1
2016,PI,Sanitation,22,280,indireta,True,0.162,0.253,1
2016,PI,Logistics,14,252,indireta,True,0.135,0.21,1
2016,PI,Logistics,22,280,indireta,True,0.113,0.176,1
2016,PI,Telecommunications,1,110,direta,True,0.091,0.142,1
2016,PI,Logistics,14,251,indireta,True,0.064,0.099,1
2016,PR,Telecommunications,1,18,direta,True,422.91,658.784,1
2016,PR,Road transport,1,43,direta,True,116.383,181.294,1
2016,PR,Rail transport,1,20,direta,True,94.892,147.818,1
2016,PR,Logistics,18,121,indireta,True,101.951,158.813,4
2016,PR,Sanitation,21,160,direta,True,73.471,114.449,1
2016,PR,Sanitation,1,4,direta,True,64.93,101.145,1
2016,PR,Telecommunications,1,192,direta,True,56.96,88.729,1
2016,PR,Energy,21,160,direta,True,59.921,93.342,2
2016,PR,Telecommunications,1,56,direta,True,34.239,53.335,1
2016,PR,Logistics,18,33,indireta,True,35.158,54.767,2
2016,PR,Energy,18,247,indireta,True,32.293,50.304,1
2016,PR,Telecommunications,1,257,direta,True,31.257,48.69,1
2016,PR,Logistics,1,121,indireta,True,19.834,30.896,1
2016,PR,Logistics,1,161,direta,True,19.21,29.924,1
2016,PR,Energy,1,56,direta,True,18.407,28.673,1
2016,PR,Education,1,89,direta,False,29.105,45.339,2
2016,PR,Health,18,266,indireta,False,12.804,19.945,1
2016,PR,Energy,18,248,indireta,True,12.5,19.472,1
2016,PR,Logistics,18,254,indireta,True,8.8,13.708,1
2016,PR,Telecommunications,1,110,direta,True,8.745,13.622,1
2016,PR,Energy,14,56,indireta,True,11.292,17.59,3
2016,PR,Energy,1,192,direta,True,6.863,10.691,1
2016,PR,Energy,1,10,direta,True,5.96,9.284,1
2016,PR,Logistics,18,248,indireta,True,5.944,9.259,1
2016,PR,Logistics,18,261,indireta,True,10.294,16.036,2
2016,PR,Sanitation,14,252,indireta,True,6.496,10.119,3
2016,PR,Health,18,247,indireta,False,6.265,9.759,3
2016,PR,Logistics,18,241,indireta,True,3.128,4.873,1
2016,PR,Telecommunications,22,280,indireta,True,3.528,5.495,2
2016,PR,Logistics,14,252,indireta,True,4.379,6.822,4
2016,PR,Logistics,14,121,indireta,True,7.273,11.329,4
2016,PR,Energy,14,192,indireta,True,2.585,4.026,1
2016,PR,Logistics,14,192,indireta,True,3.677,5.728,3
2016,PR,Education,18,266,indireta,False,2.404,3.745,1
2016,PR,Logistics,22,280,indireta,True,3.504,5.459,3
2016,PR,Ports,1,38,direta,True,1.808,2.817,1
2016,PR,Logistics,14,241,indireta,True,2.538,3.954,3
2016,PR,Education,18,247,indireta,False,2.71,4.221,2
2016,PR,Telecommunications,14,192,indireta,True,2.095,3.264,2
2016,PR,Sanitation,14,56,indireta,True,1.796,2.797,2
2016,PR,Education,0,21,direta,False,1.0,1.558,1
2016,PR,Sanitation,18,247,indireta,True,0.886,1.379,1
2016,PR,Health,0,0,direta,False,0.866,1.349,1
2016,PR,Sanitation,22,280,indireta,True,1.523,2.373,3
2016,PR,Logistics,1,110,direta,True,0.818,1.274,1
2016,PR,Logistics,14,56,indireta,True,2.063,3.214,3
2016,PR,Energy,18,264,indireta,True,0.605,0.942,1
2016,PR,Sanitation,18,264,indireta,True,0.5,0.779,1
2016,PR,Telecommunications,14,257,indireta,True,0.459,0.715,1
2016,PR,Sanitation,14,251,indireta,True,0.57,0.888,2
2016,PR,Telecommunications,18,247,indireta,True,0.303,0.472,1
2016,PR,Sanitation,14,192,indireta,True,0.748,1.166,3
2016,PR,Logistics,1,42,direta,True,0.17,0.265,1
2016,PR,Energy,1,35,direta,True,0.151,0.236,1
2016,PR,Energy,1,110,direta,True,0.104,0.162,1
2016,PR,Health,18,262,indireta,False,0.1,0.156,1
2016,PR,Sanitation,18,245,indireta,True,0.076,0.118,1
2016,PR,Rail transport,22,280,indireta,True,0.112,0.174,2
2016,PR,Logistics,1,56,direta,True,0.063,0.098,1
2016,PR,Telecommunications,14,252,indireta,True,0.052,0.081,1
2016,PR,Telecommunications,18,267,indireta,True,0.04,0.062,1
2016,PR,Rail transport,18,244,indireta,True,0.016,0.025,1
2016,PR,Energy,22,280,indireta,True,0.01,0.016,1
2016,PR,Logistics,18,244,indireta,True,0.008,0.012,1
2016,RJ,Urban mobility,1,118,direta,True,1680.584,2617.912,4
2016,RJ,Energy,1,8,direta,True,354.217,551.777,1
2016,RJ,Energy,1,8,indireta,True,200.003,311.553,1
2016,RJ,Urban mobility,1,41,direta,True,150.844,234.976,2
2016,RJ,Rail transport,1,20,direta,True,109.805,171.048,1
2016,RJ,Rail transport,14,56,indireta,True,61.809,96.282,1
2016,RJ,Sanitation,21,160,direta,True,58.044,90.417,1
2016,RJ,Telecommunications,1,18,direta,True,55.324,86.181,1
2016,RJ,Energy,1,192,direta,True,55.049,85.753,1
2016,RJ,Rail transport,1,20,indireta,True,54.903,85.524,1
2016,RJ,Sanitation,1,4,direta,True,51.906,80.856,1
2016,RJ,Sanitation,18,248,indireta,True,40.734,63.454,1
2016,RJ,Energy,1,56,indireta,True,34.033,53.015,1
2016,RJ,Telecommunications,14,192,indireta,True,24.475,38.126,2
2016,RJ,Energy,1,10,direta,True,22.194,34.572,1
2016,RJ,Education,18,250,indireta,False,20.0,31.155,1
2016,RJ,Ports,1,38,indireta,True,17.963,27.982,1
2016,RJ,Road transport,1,43,direta,True,17.263,26.891,1
2016,RJ,Energy,1,35,direta,True,16.079,25.047,1
2016,RJ,Sanitation,14,251,indireta,True,11.623,18.106,3
2016,RJ,Sanitation,14,252,indireta,True,15.764,24.557,4
2016,RJ,Logistics,1,56,indireta,True,7.6,11.839,1
2016,RJ,Logistics,1,261,indireta,True,7.0,10.904,1
2016,RJ,Rail transport,14,192,indireta,True,5.92,9.222,1
2016,RJ,Health,18,247,indireta,False,5.615,8.747,1
2016,RJ,Logistics,18,248,indireta,True,5.22,8.131,1
2016,RJ,Education,18,247,indireta,False,4.596,7.159,1
2016,RJ,Health,18,250,indireta,False,3.941,6.139,1
2016,RJ,Sanitation,14,192,indireta,True,3.858,6.01,1
2016,RJ,Health,0,0,direta,False,3.788,5.901,1
2016,RJ,Energy,1,56,direta,True,2.794,4.352,1
2016,RJ,Education,1,7,direta,False,2.598,4.046,1
2016,RJ,Energy,1,158,direta,True,2.592,4.037,1
2016,RJ,Telecommunications,22,280,indireta,True,3.764,5.864,3
2016,RJ,Sanitation,14,56,indireta,True,2.446,3.811,1
2016,RJ,Logistics,14,252,indireta,True,3.757,5.852,3
2016,RJ,Energy,1,110,indireta,True,2.059,3.208,1
2016,RJ,Logistics,1,284,direta,True,1.822,2.838,1
2016,RJ,Logistics,22,280,indireta,True,2.505,3.902,3
2016,RJ,Sanitation,0,5,direta,True,1.423,2.216,1
2016,RJ,Education,1,89,direta,False,1.23,1.916,1
2016,RJ,Energy,1,24,direta,True,0.946,1.474,1
2016,RJ,Telecommunications,14,56,indireta,True,0.803,1.251,1
2016,RJ,Logistics,14,251,indireta,True,0.532,0.829,2
2016,RJ,Sanitation,22,280,indireta,True,0.704,1.097,2
2016,RJ,Telecommunications,1,285,indireta,True,0.455,0.709,1
2016,RJ,Education,0,21,direta,False,0.451,0.702,1
2016,RJ,Logistics,1,110,direta,True,0.424,0.66,1
2016,RJ,Telecommunications,1,110,direta,True,0.349,0.544,1
2016,RJ,Sanitation,0,0,direta,True,0.315,0.491,1
2016,RJ,Logistics,14,192,indireta,True,0.176,0.275,1
2016,RJ,Logistics,14,56,indireta,True,0.163,0.254,1
2016,RJ,Telecommunications,14,252,indireta,True,0.147,0.229,1
2016,RJ,Health,0,21,direta,False,0.101,0.157,1
2016,RJ,Energy,22,280,indireta,True,0.101,0.157,1
2016,RJ,Sanitation,14,257,indireta,True,0.015,0.023,1
2016,RJ,Sanitation,14,265,indireta,True,0.011,0.017,1
2016,RJ,Sanitation,14,2,indireta,True,0.007,0.011,1
2016,RN,Energy,21,69,direta,True,300.643,468.323,1
2016,RN,Energy,1,69,direta,True,234.518,365.319,1
2016,RN,Energy,1,192,direta,True,215.424,335.574,2
2016,RN,Energy,1,8,direta,True,36.72,57.2,1
2016,RN,Energy,1,10,direta,True,30.25,47.121,1
2016,RN,Energy,1,35,direta,True,27.589,42.976,1
2016,RN,Telecommunications,1,18,direta,True,17.788,27.708,1
2016,RN,Energy,1,30,indireta,True,8.312,12.949,1
2016,RN,Energy,1,110,direta,True,4.038,6.29,1
2016,RN,Energy,1,30,direta,True,2.868,4.467,1
2016,RN,Health,0,0,direta,False,1.082,1.686,1
2016,RN,Sanitation,14,252,indireta,True,1.618,2.521,2
2016,RN,Education,1,89,direta,False,0.815,1.27,1
2016,RN,Telecommunications,22,280,indireta,True,1.025,1.597,2
2016,RN,Education,18,262,indireta,False,0.453,0.706,1
2016,RN,Sanitation,1,4,direta,True,0.302,0.47,1
2016,RN,Logistics,14,252,indireta,True,0.26,0.405,1
2016,RN,Health,18,262,indireta,False,0.246,0.383,1
2016,RN,Education,0,21,direta,False,0.151,0.235,1
2016,RN,Telecommunications,1,110,direta,True,0.118,0.184,1
2016,RN,Sanitation,22,280,indireta,True,0.11,0.171,2
2016,RN,Telecommunications,18,262,indireta,True,0.04,0.062,1
2016,RN,Logistics,22,280,indireta,True,0.025,0.04,2
2016,RO,Energy,1,35,direta,True,75.55,117.688,1
2016,RO,Energy,1,35,indireta,True,75.55,117.688,1
2016,RO,Energy,1,110,direta,True,7.851,12.229,1
2016,RO,Telecommunications,1,18,direta,True,3.785,5.897,1
2016,RO,Sanitation,14,251,indireta,True,1.387,2.161,1
2016,RO,Sanitation,14,252,indireta,True,1.46,2.275,2
2016,RO,Energy,1,10,direta,True,0.548,0.853,1
2016,RO,Telecommunications,22,280,indireta,True,0.24,0.374,1
2016,RO,Logistics,14,252,indireta,True,0.23,0.358,1
2016,RO,Energy,14,56,indireta,True,0.174,0.271,1
2016,RO,Logistics,22,280,indireta,True,0.094,0.147,1
2016,RO,Sanitation,22,280,indireta,True,0.084,0.131,1
2016,RO,Telecommunications,1,110,direta,True,0.024,0.037,1
2016,RO,Education,18,244,indireta,False,0.024,0.037,2
2016,RR,Telecommunications,1,18,direta,True,1.298,2.023,1
2016,RR,Education,1,89,direta,False,0.716,1.115,1
2016,RR,Energy,1,24,direta,True,0.584,0.91,1
2016,RR,Telecommunications,1,110,direta,True,0.008,0.013,1
2016,RR,Energy,1,10,direta,True,0.002,0.003,1
2016,RS,Energy,1,69,direta,True,349.76,544.834,1
2016,RS,Energy,1,35,direta,True,138.873,216.328,1
2016,RS,Sanitation,1,4,direta,True,82.3,128.203,2
2016,RS,Rail transport,1,20,direta,True,62.629,97.56,1
2016,RS,Logistics,18,121,indireta,True,104.67,163.049,4
2016,RS,Rail transport,14,56,indireta,True,28.964,45.119,1
2016,RS,Telecommunications,1,18,direta,True,27.868,43.411,1
2016,RS,Logistics,18,245,indireta,True,24.422,38.044,3
2016,RS,Energy,21,160,direta,True,15.752,24.537,1
2016,RS,Energy,18,248,indireta,True,14.885,23.187,1
2016,RS,Energy,18,247,indireta,True,24.217,37.724,3
2016,RS,Logistics,18,261,indireta,True,13.808,21.509,3
2016,RS,Education,18,247,indireta,False,9.733,15.161,2
2016,RS,Energy,14,56,indireta,True,10.592,16.5,3
2016,RS,Education,1,89,direta,False,7.447,11.601,2
2016,RS,Energy,1,69,indireta,True,6.383,9.943,1
2016,RS,Logistics,18,247,indireta,True,6.287,9.793,2
2016,RS,Telecommunications,22,280,indireta,True,7.343,11.439,3
2016,RS,Energy,1,10,direta,True,4.287,6.678,1
2016,RS,Health,18,247,indireta,False,6.513,10.145,2
2016,RS,Logistics,14,121,indireta,True,8.392,13.073,3
2016,RS,Logistics,14,56,indireta,True,4.165,6.488,2
2016,RS,Logistics,14,252,indireta,True,4.354,6.783,3
2016,RS,Logistics,18,33,indireta,True,2.877,4.482,1
2016,RS,Logistics,14,192,indireta,True,2.812,4.381,2
2016,RS,Energy,1,110,direta,True,2.294,3.574,1
2016,RS,Logistics,18,241,indireta,True,3.911,6.092,3
2016,RS,Health,0,0,direta,False,1.955,3.046,1
2016,RS,Energy,1,10,indireta,True,1.943,3.027,1
2016,RS,Telecommunications,14,56,indireta,True,1.845,2.874,2
2016,RS,Logistics,22,280,indireta,True,3.351,5.22,3
2016,RS,Telecommunications,14,192,indireta,True,2.047,3.189,3
2016,RS,Sanitation,18,247,indireta,True,1.366,2.127,1
2016,RS,Energy,18,268,indireta,True,1.128,1.757,1
2016,RS,Logistics,14,45,indireta,True,0.704,1.097,1
2016,RS,Sanitation,22,280,indireta,True,0.82,1.277,2
2016,RS,Logistics,18,246,indireta,True,0.671,1.046,1
2016,RS,Logistics,14,241,indireta,True,0.54,0.841,1
2016,RS,Energy,22,280,indireta,True,0.701,1.091,2
2016,RS,Logistics,18,45,indireta,True,0.382,0.595,1
2016,RS,Sanitation,14,252,indireta,True,0.523,0.815,2
2016,RS,Education,0,21,direta,False,0.352,0.548,1
2016,RS,Logistics,14,261,indireta,True,0.28,0.436,1
2016,RS,Telecommunications,1,110,direta,True,0.17,0.264,1
2016,RS,Sanitation,14,192,indireta,True,0.158,0.246,1
2016,RS,Energy,14,192,indireta,True,0.106,0.165,1
2016,RS,Logistics,14,251,indireta,True,0.094,0.147,1
2016,RS,Sanitation,18,245,indireta,True,0.05,0.078,1
2016,RS,Energy,18,245,indireta,True,0.041,0.064,1
2016,RS,Sanitation,14,56,indireta,True,0.04,0.062,1
2016,RS,Telecommunications,14,2,indireta,True,0.004,0.006,1
2016,SC,Road transport,1,43,direta,True,78.583,122.412,1
2016,SC,Energy,18,247,indireta,True,60.905,94.874,3
2016,SC,Telecommunications,1,18,direta,True,42.367,65.996,1
2016,SC,Ports,1,38,direta,True,38.45,59.895,2
2016,SC,Education,1,89,direta,False,29.447,45.87,2
2016,SC,Rail transport,1,20,direta,True,19.105,29.761,1
2016,SC,Logistics,18,247,indireta,True,16.271,25.345,2
2016,SC,Health,1,149,indireta,False,14.577,22.706,1
2016,SC,Energy,1,35,direta,True,13.122,20.441,1
2016,SC,Energy,14,56,indireta,True,25.026,38.985,4
2016,SC,Logistics,18,245,indireta,True,9.224,14.368,1
2016,SC,Energy,21,160,direta,True,7.006,10.914,1
2016,SC,Energy,1,35,indireta,True,6.881,10.719,1
2016,SC,Logistics,18,33,indireta,True,6.84,10.655,1
2016,SC,Logistics,18,121,indireta,True,11.866,18.483,3
2016,SC,Logistics,14,56,indireta,True,5.602,8.727,2
2016,SC,Health,18,266,indireta,False,5.104,7.951,1
2016,SC,Energy,18,248,indireta,True,3.756,5.85,1
2016,SC,Telecommunications,22,280,indireta,True,6.619,10.311,3
2016,SC,Logistics,14,192,indireta,True,6.873,10.706,4
2016,SC,Logistics,18,254,indireta,True,3.0,4.673,1
2016,SC,Education,18,247,indireta,False,4.002,6.235,2
2016,SC,Health,18,247,indireta,False,4.292,6.685,2
2016,SC,Sanitation,14,252,indireta,True,5.842,9.1,4
2016,SC,Logistics,14,121,indireta,True,2.81,4.378,3
2016,SC,Logistics,14,252,indireta,True,3.487,5.431,4
2016,SC,Logistics,22,280,indireta,True,3.017,4.7,3
2016,SC,Sanitation,22,280,indireta,True,2.387,3.718,2
2016,SC,Energy,14,192,indireta,True,2.099,3.27,2
2016,SC,Logistics,18,241,indireta,True,1.248,1.944,2
2016,SC,Sanitation,1,4,direta,True,0.999,1.555,1
2016,SC,Sanitation,14,192,indireta,True,1.935,3.015,3
2016,SC,Sanitation,14,56,indireta,True,0.906,1.411,1
2016,SC,Education,18,7,indireta,False,0.733,1.142,1
2016,SC,Health,0,0,direta,False,0.649,1.012,1
2016,SC,Logistics,18,289,indireta,True,0.608,0.947,1
2016,SC,Telecommunications,14,192,indireta,True,0.703,1.095,3
2016,SC,Energy,22,280,indireta,True,0.605,0.942,2
2016,SC,Telecommunications,14,56,indireta,True,0.407,0.633,1
2016,SC,Energy,1,110,direta,True,0.363,0.565,1
2016,SC,Health,18,250,indireta,False,0.351,0.547,1
2016,SC,Sanitation,18,245,indireta,True,0.337,0.525,1
2016,SC,Education,0,21,direta,False,0.303,0.473,1
2016,SC,Education,18,108,indireta,False,0.297,0.463,1
2016,SC,Telecommunications,1,110,direta,True,0.28,0.437,1
2016,SC,Logistics,1,110,direta,True,0.25,0.389,1
2016,SC,Logistics,14,251,indireta,True,0.203,0.315,1
2016,SC,Logistics,14,45,indireta,True,0.185,0.288,1
2016,SC,Telecommunications,14,257,indireta,True,0.168,0.261,1
2016,SC,Telecommunications,18,262,indireta,True,0.056,0.087,1
2016,SC,Education,18,244,indireta,False,0.048,0.075,1
2016,SC,Sanitation,18,247,indireta,True,0.003,0.004,1
2016,SE,Energy,1,8,indireta,True,13.881,21.622,1
2016,SE,Energy,1,10,direta,True,9.632,15.004,1
2016,SE,Energy,1,192,indireta,True,4.871,7.588,1
2016,SE,Telecommunications,1,18,direta,True,4.265,6.644,1
2016,SE,Logistics,14,121,indireta,True,0.55,0.857,1
2016,SE,Telecommunications,22,280,indireta,True,0.413,0.644,1
2016,SE,Energy,14,56,indireta,True,0.303,0.472,1
2016,SE,Health,0,0,direta,False,0.216,0.337,1
2016,SE,Sanitation,14,252,indireta,True,0.38,0.592,2
2016,SE,Logistics,22,280,indireta,True,0.141,0.219,2
2016,SE,Telecommunications,1,110,direta,True,0.027,0.042,1
2016,SP,Urban mobility,1,41,direta,True,902.598,1406.013,2
2016,SP,Sanitation,1,4,direta,True,332.969,518.68,2
2016,SP,Ports,1,38,direta,True,358.297,558.133,3
2016,SP,Urban mobility,1,118,direta,True,326.532,508.653,2
2016,SP,Telecommunications,1,18,direta,True,215.371,335.491,1
2016,SP,Logistics,21,160,direta,True,208.556,324.877,1
2016,SP,Telecommunications,14,192,indireta,True,186.734,290.883,4
2016,SP,Energy,1,8,indireta,True,181.943,283.42,1
2016,SP,Rail transport,1,56,direta,True,159.14,247.899,1
2016,SP,Energy,1,8,direta,True,116.508,181.489,1
2016,SP,Energy,1,290,direta,True,114.306,178.058,1
2016,SP,Energy,1,192,direta,True,61.313,95.51,1
2016,SP,Energy,1,69,direta,True,55.918,87.106,1
2016,SP,Ports,1,38,indireta,True,54.157,84.362,1
2016,SP,Energy,21,160,direta,True,53.857,83.894,1
2016,SP,Rail transport,1,20,direta,True,47.318,73.709,1
2016,SP,Logistics,14,56,indireta,True,36.533,56.909,2
2016,SP,Health,1,84,indireta,False,27.333,42.578,1
2016,SP,Airports,1,169,direta,True,25.881,40.315,1
2016,SP,Energy,1,56,indireta,True,22.875,35.633,1
2016,SP,Education,18,247,indireta,False,20.015,31.178,1
2016,SP,Sanitation,14,252,indireta,True,28.08,43.741,4
2016,SP,Rail transport,14,252,indireta,True,18.568,28.925,1
2016,SP,Energy,1,10,direta,True,18.23,28.398,1
2016,SP,Road transport,1,43,direta,True,18.079,28.162,1
2016,SP,Logistics,18,33,indireta,True,17.757,27.661,1
2016,SP,Telecommunications,14,56,indireta,True,17.723,27.608,3
2016,SP,Health,1,124,direta,False,17.169,26.745,1
2016,SP,Energy,1,158,direta,True,16.847,26.244,1
2016,SP,Education,1,1,indireta,False,16.044,24.993,1
2016,SP,Health,0,21,direta,False,15.939,24.829,1
2016,SP,Logistics,18,121,indireta,True,15.778,24.577,1
2016,SP,Logistics,18,248,indireta,True,14.786,23.032,1
2016,SP,Logistics,18,250,indireta,True,12.29,19.145,1
2016,SP,Sanitation,14,192,indireta,True,12.884,20.071,4
2016,SP,Health,1,149,direta,False,9.125,14.215,1
2016,SP,Energy,1,56,direta,True,8.45,13.163,1
2016,SP,Sanitation,18,248,indireta,True,8.29,12.914,1
2016,SP,Energy,1,196,direta,True,7.548,11.758,1
2016,SP,Telecommunications,22,280,indireta,True,12.654,19.711,3
2016,SP,Rail transport,14,192,indireta,True,6.719,10.467,1
2016,SP,Logistics,22,280,indireta,True,9.791,15.252,3
2016,SP,Logistics,14,252,indireta,True,7.119,11.09,4
2016,SP,Logistics,18,247,indireta,True,8.21,12.788,2
2016,SP,Health,18,247,indireta,False,6.918,10.777,3
2016,SP,Energy,14,192,indireta,True,3.731,5.811,1
2016,SP,Energy,14,56,indireta,True,4.21,6.558,2
2016,SP,Logistics,14,192,indireta,True,3.826,5.96,3
2016,SP,Sanitation,22,280,indireta,True,5.666,8.826,3
2016,SP,Education,0,21,direta,False,2.363,3.681,1
2016,SP,Health,18,250,indireta,False,2.156,3.358,1
2016,SP,Energy,18,248,indireta,True,2.086,3.25,1
2016,SP,Energy,1,110,direta,True,1.937,3.017,1
2016,SP,Telecommunications,1,110,direta,True,1.898,2.957,1
2016,SP,Rail transport,1,110,direta,True,1.743,2.716,1
2016,SP,Logistics,1,110,direta,True,1.698,2.646,1
2016,SP,Logistics,1,69,direta,True,1.515,2.359,1
2016,SP,Telecommunications,14,257,indireta,True,1.919,2.989,3
2016,SP,Logistics,14,121,indireta,True,2.395,3.731,3
2016,SP,Sanitation,14,56,indireta,True,1.699,2.646,2
2016,SP,Health,0,0,direta,False,1.117,1.741,1
2016,SP,Energy,18,247,indireta,True,1.037,1.615,1
2016,SP,Logistics,1,69,indireta,True,0.974,1.517,1
2016,SP,Sanitation,18,247,indireta,True,0.956,1.489,1
2016,SP,Logistics,18,241,indireta,True,1.415,2.204,2
2016,SP,Energy,1,192,indireta,True,0.859,1.338,1
2016,SP,Energy,1,110,indireta,True,0.856,1.333,1
2016,SP,Logistics,14,241,indireta,True,0.988,1.539,2
2016,SP,Sanitation,0,21,direta,True,0.717,1.117,1
2016,SP,Logistics,14,251,indireta,True,0.53,0.826,1
2016,SP,Energy,18,264,indireta,True,0.519,0.808,1
2016,SP,Energy,1,24,direta,True,0.385,0.6,1
2016,SP,Sanitation,14,251,indireta,True,0.807,1.258,4
2016,SP,Sanitation,18,264,indireta,True,0.549,0.856,2
2016,SP,Energy,22,280,indireta,True,0.403,0.629,2
2016,SP,Health,18,244,indireta,False,0.126,0.196,1
2016,SP,Logistics,1,42,direta,True,0.106,0.165,1
2016,SP,Sanitation,18,244,indireta,True,0.048,0.075,1
2016,SP,Education,18,244,indireta,False,0.044,0.069,1
2016,SP,Rail transport,22,280,indireta,True,0.027,0.042,1
2016,SP,Logistics,1,56,direta,True,0.009,0.014,1
2016,SP,Sanitation,14,257,indireta,True,0.005,0.007,1
2016,SP,Logistics,18,244,indireta,True,0.003,0.005,1
2016,SP,Sanitation,14,2,indireta,True,0.001,0.002,1
2016,TO,Energy,1,10,direta,True,79.224,123.411,1
2016,TO,Rail transport,14,192,indireta,True,31.323,48.793,1
2016,TO,Logistics,18,121,indireta,True,27.353,42.61,4
2016,TO,Energy,18,247,indireta,True,7.942,12.371,1
2016,TO,Logistics,18,45,indireta,True,4.597,7.161,1
2016,TO,Logistics,18,261,indireta,True,3.525,5.491,1
2016,TO,Energy,14,56,indireta,True,3.161,4.924,1
2016,TO,Telecommunications,1,18,direta,True,3.146,4.901,1
2016,TO,Energy,14,192,indireta,True,1.231,1.917,1
2016,TO,Education,18,250,indireta,False,0.996,1.552,1
2016,TO,Education,1,89,direta,False,0.983,1.531,1
2016,TO,Logistics,14,121,indireta,True,0.375,0.584,1
2016,TO,Sanitation,14,192,indireta,True,0.452,0.705,2
2016,TO,Logistics,14,252,indireta,True,0.282,0.439,1
2016,TO,Telecommunications,22,280,indireta,True,0.274,0.426,1
2016,TO,Sanitation,14,252,indireta,True,0.154,0.24,2
2016,TO,Sanitation,22,280,indireta,True,0.073,0.113,1
2016,TO,Logistics,22,280,indireta,True,0.066,0.103,1
2016,TO,Telecommunications,1,110,direta,True,0.019,0.03,1
2017,AC,Sanitation,1,4,direta,True,5.48,8.252,1
2017,AC,Telecommunications,1,18,direta,True,0.587,0.883,1
2017,AC,Health,0,83,direta,False,0.994,1.497,2
2017,AC,Education,1,89,direta,False,0.033,0.05,1
2017,AC,Telecommunications,1,110,direta,True,0.013,0.019,1
2017,AL,Telecommunications,1,18,direta,True,9.459,14.244,1
2017,AL,Telecommunications,14,192,indireta,True,0.51,0.767,1
2017,AL,Sanitation,14,252,indireta,True,0.294,0.442,2
2017,AL,Telecommunications,1,110,direta,True,0.22,0.331,1
2017,AL,Telecommunications,22,280,indireta,True,0.219,0.329,2
2017,AL,Logistics,14,252,indireta,True,0.077,0.116,1
2017,AL,Logistics,22,280,indireta,True,0.009,0.013,1
2017,AM,Sanitation,1,4,direta,True,47.27,71.182,1
2017,AM,Telecommunications,14,192,indireta,True,7.413,11.162,1
2017,AM,Telecommunications,1,18,direta,True,6.881,10.362,1
2017,AM,Logistics,14,192,indireta,True,5.2,7.83,1
2017,AM,Education,1,89,direta,False,2.62,3.946,1
2017,AM,Sanitation,1,56,direta,True,1.934,2.913,1
2017,AM,Health,0,0,direta,False,1.828,2.752,1
2017,AM,Health,0,83,direta,False,0.441,0.664,1
2017,AM,Logistics,14,252,indireta,True,0.41,0.618,1
2017,AM,Telecommunications,22,280,indireta,True,0.458,0.689,2
2017,AM,Sanitation,14,252,indireta,True,0.261,0.393,1
2017,AM,Logistics,22,280,indireta,True,0.276,0.416,3
2017,AM,Telecommunications,1,110,direta,True,0.16,0.24,1
2017,AP,Energy,1,35,direta,True,58.96,88.785,1
2017,AP,Telecommunications,1,18,direta,True,1.59,2.394,1
2017,AP,Education,1,89,direta,False,1.118,1.683,1
2017,AP,Telecommunications,22,280,indireta,True,0.72,1.084,1
2017,AP,Energy,1,110,direta,True,0.651,0.981,1
2017,AP,Health,0,83,direta,False,0.441,0.663,1
2017,AP,Sanitation,14,252,indireta,True,0.25,0.376,1
2017,AP,Logistics,14,252,indireta,True,0.14,0.211,1
2017,AP,Telecommunications,1,110,direta,True,0.038,0.057,1
2017,BA,Energy,1,69,direta,True,1885.119,2838.694,1
2017,BA,Urban mobility,1,168,direta,True,409.606,616.803,1
2017,BA,Urban mobility,1,118,direta,True,309.632,466.257,1
2017,BA,Energy,1,8,direta,True,53.842,81.078,1
2017,BA,Telecommunications,1,18,direta,True,30.621,46.11,1
2017,BA,Education,1,89,direta,False,54.831,82.567,2
2017,BA,Energy,1,192,direta,True,24.91,37.511,1
2017,BA,Sanitation,1,4,direta,True,9.291,13.991,1
2017,BA,Logistics,18,247,indireta,True,9.213,13.874,1
2017,BA,Energy,1,30,indireta,True,6.254,9.418,1
2017,BA,Logistics,14,121,indireta,True,7.123,10.726,3
2017,BA,Telecommunications,14,192,indireta,True,3.265,4.916,2
2017,BA,Energy,1,110,direta,True,2.315,3.486,1
2017,BA,Health,0,0,direta,False,1.828,2.752,1
2017,BA,Logistics,18,121,indireta,True,1.899,2.859,2
2017,BA,Road transport,1,43,direta,True,1.586,2.388,1
2017,BA,Sanitation,14,252,indireta,True,1.581,2.381,2
2017,BA,Logistics,14,192,indireta,True,1.705,2.568,2
2017,BA,Logistics,14,56,indireta,True,0.997,1.502,1
2017,BA,Rail transport,1,20,direta,True,0.978,1.473,1
2017,BA,Rail transport,1,20,indireta,True,0.971,1.463,1
2017,BA,Telecommunications,1,110,direta,True,0.713,1.073,1
2017,BA,Energy,1,158,direta,True,0.649,0.977,1
2017,BA,Logistics,14,252,indireta,True,0.718,1.081,2
2017,BA,Health,18,247,indireta,False,0.836,1.258,2
2017,BA,Telecommunications,22,280,indireta,True,1.213,1.827,3
2017,BA,Logistics,22,280,indireta,True,0.585,0.88,3
2017,BA,Logistics,18,246,indireta,True,0.219,0.329,1
2017,BA,Sanitation,22,280,indireta,True,0.086,0.13,2
2017,BA,Logistics,1,110,direta,True,0.036,0.054,1
2017,BA,Energy,22,280,indireta,True,0.006,0.009,1
2017,CE,Energy,1,69,direta,True,819.752,1234.418,1
2017,CE,Energy,1,192,direta,True,385.913,581.125,1
2017,CE,Energy,1,35,direta,True,163.059,245.541,1
2017,CE,Telecommunications,1,18,direta,True,33.13,49.888,3
2017,CE,Energy,21,160,direta,True,9.16,13.794,1
2017,CE,Sanitation,18,247,indireta,True,6.607,9.948,1
2017,CE,Telecommunications,1,192,direta,True,6.427,9.678,1
2017,CE,Education,1,89,direta,False,3.737,5.628,1
2017,CE,Sanitation,1,4,direta,True,2.58,3.885,1
2017,CE,Energy,1,110,direta,True,2.034,3.063,1
2017,CE,Ports,1,38,direta,True,1.53,2.304,1
2017,CE,Sanitation,14,252,indireta,True,3.324,5.005,4
2017,CE,Logistics,14,252,indireta,True,1.602,2.413,2
2017,CE,Telecommunications,1,110,direta,True,0.658,0.991,1
2017,CE,Telecommunications,1,108,direta,True,0.558,0.84,1
2017,CE,Telecommunications,22,280,indireta,True,0.665,1.001,3
2017,CE,Sanitation,22,280,indireta,True,0.274,0.413,2
2017,CE,Telecommunications,1,56,direta,True,0.197,0.296,1
2017,CE,Logistics,22,280,indireta,True,0.296,0.446,3
2017,CE,Sanitation,14,192,indireta,True,0.16,0.241,1
2017,CE,Logistics,14,192,indireta,True,0.112,0.168,1
2017,DF,Rail transport,1,20,direta,True,32.521,48.971,1
2017,DF,Rail transport,1,20,indireta,True,32.301,48.641,1
2017,DF,Telecommunications,14,192,indireta,True,17.653,26.583,1
2017,DF,Telecommunications,1,18,direta,True,11.389,17.15,1
2017,DF,Logistics,14,192,indireta,True,1.16,1.747,1
2017,DF,Education,1,89,direta,False,0.764,1.15,1
2017,DF,Logistics,14,252,indireta,True,0.503,0.758,2
2017,DF,Telecommunications,1,110,direta,True,0.258,0.389,1
2017,DF,Sanitation,14,252,indireta,True,0.389,0.586,2
2017,DF,Logistics,22,280,indireta,True,0.172,0.259,1
2017,DF,Telecommunications,22,280,indireta,True,0.255,0.383,2
2017,DF,Sanitation,22,280,indireta,True,0.006,0.009,1
2017,ES,Energy,1,8,direta,True,86.0,129.503,1
2017,ES,Road transport,1,43,direta,True,38.065,57.32,1
2017,ES,Telecommunications,1,18,direta,True,4.243,6.389,1
2017,ES,Sanitation,14,192,indireta,True,1.29,1.943,1
2017,ES,Rail transport,1,20,direta,True,0.978,1.473,1
2017,ES,Rail transport,1,20,indireta,True,0.971,1.463,1
2017,ES,Sanitation,1,4,direta,True,0.959,1.444,1
2017,ES,Telecommunications,22,280,indireta,True,1.31,1.972,3
2017,ES,Energy,1,110,direta,True,0.684,1.03,1
2017,ES,Logistics,14,192,indireta,True,0.627,0.944,1
2017,ES,Telecommunications,14,192,indireta,True,0.569,0.857,1
2017,ES,Logistics,22,280,indireta,True,0.549,0.826,3
2017,ES,Logistics,18,121,indireta,True,0.351,0.528,1
2017,ES,Sanitation,14,252,indireta,True,0.248,0.373,1
2017,ES,Logistics,14,252,indireta,True,0.393,0.592,2
2017,ES,Telecommunications,1,110,direta,True,0.088,0.132,1
2017,ES,Logistics,18,245,indireta,True,0.025,0.038,1
2017,ES,Sanitation,22,280,indireta,True,0.023,0.035,2
2017,GO,Energy,1,10,indireta,True,120.582,181.577,1
2017,GO,Energy,1,10,direta,True,115.178,173.439,1
2017,GO,Energy,1,69,direta,True,92.676,139.555,1
2017,GO,Rail transport,1,20,direta,True,33.499,50.444,1
2017,GO,Rail transport,1,20,indireta,True,33.273,50.103,1
2017,GO,Energy,1,154,direta,True,19.353,29.142,1
2017,GO,Logistics,18,121,indireta,True,23.27,35.041,3
2017,GO,Telecommunications,1,18,direta,True,13.585,20.457,1
2017,GO,Logistics,14,121,indireta,True,10.342,15.573,4
2017,GO,Energy,14,192,indireta,True,5.045,7.598,2
2017,GO,Education,1,89,direta,False,0.876,1.32,1
2017,GO,Logistics,14,192,indireta,True,0.767,1.156,1
2017,GO,Telecommunications,22,280,indireta,True,0.904,1.361,2
2017,GO,Sanitation,14,252,indireta,True,0.926,1.394,2
2017,GO,Energy,1,110,direta,True,0.524,0.789,1
2017,GO,Telecommunications,1,110,direta,True,0.306,0.46,1
2017,GO,Sanitation,14,192,indireta,True,0.24,0.361,1
2017,GO,Logistics,14,252,indireta,True,0.255,0.384,2
2017,GO,Logistics,22,280,indireta,True,0.183,0.276,3
2017,GO,Health,1,136,direta,False,0.129,0.194,1
2017,GO,Sanitation,22,280,indireta,True,0.034,0.051,1
2017,GO,Health,18,244,indireta,False,0.03,0.045,1
2017,GO,Education,18,244,indireta,False,0.03,0.045,1
2017,GO,Sanitation,1,4,direta,True,0.011,0.017,1
2017,MA,Energy,1,69,direta,True,917.524,1381.648,1
2017,MA,Rail transport,1,20,direta,True,387.854,584.047,1
2017,MA,Energy,21,160,direta,True,95.91,144.425,1
2017,MA,Energy,1,8,direta,True,95.261,143.448,1
2017,MA,Rail transport,1,20,indireta,True,44.93,67.658,1
2017,MA,Telecommunications,1,18,direta,True,14.996,22.582,1
2017,MA,Education,1,89,direta,False,5.121,7.711,1
2017,MA,Logistics,14,252,indireta,True,3.693,5.561,3
2017,MA,Health,0,0,direta,False,1.828,2.752,1
2017,MA,Logistics,18,121,indireta,True,1.197,1.802,2
2017,MA,Health,0,83,direta,False,0.441,0.663,1
2017,MA,Telecommunications,1,110,direta,True,0.356,0.536,1
2017,MA,Telecommunications,22,280,indireta,True,0.377,0.568,3
2017,MA,Logistics,1,110,direta,True,0.428,0.644,2
2017,MA,Sanitation,14,252,indireta,True,0.385,0.579,3
2017,MA,Logistics,14,121,indireta,True,0.155,0.234,1
2017,MA,Sanitation,22,280,indireta,True,0.053,0.08,1
2017,MA,Logistics,22,280,indireta,True,0.051,0.077,2
2017,MA,Energy,22,280,indireta,True,0.013,0.019,1
2017,MG,Energy,1,69,direta,True,668.819,1007.137,1
2017,MG,Energy,1,10,indireta,True,267.003,402.064,1
2017,MG,Energy,1,10,direta,True,255.036,384.045,1
2017,MG,Road transport,1,43,direta,True,68.867,103.702,1
2017,MG,Telecommunications,1,18,direta,True,55.604,83.732,1
2017,MG,Rail transport,1,20,direta,True,52.327,78.796,1
2017,MG,Rail transport,1,20,indireta,True,51.973,78.264,1
2017,MG,Logistics,18,121,indireta,True,82.823,124.719,4
2017,MG,Energy,21,160,direta,True,33.87,51.004,1
2017,MG,Logistics,1,161,indireta,True,32.034,48.238,1
2017,MG,Telecommunications,14,192,indireta,True,32.303,48.644,4
2017,MG,Health,18,84,indireta,False,27.57,41.516,2
2017,MG,Energy,1,163,direta,True,20.0,30.117,1
2017,MG,Logistics,14,121,indireta,True,30.358,45.715,4
2017,MG,Energy,1,154,direta,True,18.944,28.527,1
2017,MG,Sanitation,21,160,direta,True,17.266,26.0,1
2017,MG,Logistics,18,33,indireta,True,16.023,24.128,1
2017,MG,Energy,18,247,indireta,True,13.29,20.013,1
2017,MG,Education,1,89,direta,False,17.868,26.907,2
2017,MG,Road transport,1,43,indireta,True,12.743,19.19,1
2017,MG,Energy,1,158,indireta,True,11.45,17.242,1
2017,MG,Health,1,291,direta,False,10.554,15.892,1
2017,MG,Energy,1,192,indireta,True,8.156,12.282,1
2017,MG,Sanitation,18,268,indireta,True,6.864,10.336,1
2017,MG,Logistics,18,247,indireta,True,6.317,9.512,1
2017,MG,Health,1,149,indireta,False,5.599,8.431,1
2017,MG,Health,18,247,indireta,False,6.907,10.401,3
2017,MG,Sanitation,1,11,direta,True,4.9,7.379,1
2017,MG,Sanitation,14,252,indireta,True,6.013,9.054,3
2017,MG,Energy,1,8,indireta,True,4.223,6.359,1
2017,MG,Energy,18,264,indireta,True,4.541,6.839,2
2017,MG,Logistics,14,192,indireta,True,5.654,8.515,3
2017,MG,Logistics,18,45,indireta,True,3.082,4.641,1
2017,MG,Energy,14,56,indireta,True,2.991,4.504,1
2017,MG,Logistics,14,252,indireta,True,5.588,8.415,3
2017,MG,Telecommunications,22,280,indireta,True,6.109,9.199,3
2017,MG,Health,1,192,indireta,False,2.339,3.523,1
2017,MG,Energy,14,192,indireta,True,3.491,5.257,3
2017,MG,Sanitation,18,264,indireta,True,1.942,2.924,2
2017,MG,Energy,1,192,direta,True,1.52,2.289,1
2017,MG,Energy,1,110,direta,True,1.469,2.213,1
2017,MG,Sanitation,14,192,indireta,True,1.427,2.15,2
2017,MG,Telecommunications,1,110,direta,True,1.287,1.938,1
2017,MG,Education,0,21,direta,False,1.178,1.774,1
2017,MG,Education,18,247,indireta,False,1.142,1.72,1
2017,MG,Logistics,22,280,indireta,True,2.166,3.262,3
2017,MG,Sanitation,18,247,indireta,True,1.014,1.527,1
2017,MG,Energy,1,288,direta,True,0.698,1.052,1
2017,MG,Logistics,18,246,indireta,True,0.69,1.039,1
2017,MG,Logistics,18,267,indireta,True,0.629,0.947,1
2017,MG,Sanitation,22,280,indireta,True,0.91,1.37,3
2017,MG,Health,1,9,indireta,False,0.285,0.43,1
2017,MG,Logistics,14,246,indireta,True,0.12,0.181,1
2017,MG,Telecommunications,14,252,indireta,True,0.114,0.172,1
2017,MG,Health,18,244,indireta,False,0.036,0.054,2
2017,MG,Logistics,18,245,indireta,True,0.025,0.038,1
2017,MG,Energy,22,280,indireta,True,0.021,0.032,1
2017,MG,Energy,18,245,indireta,True,0.004,0.006,1
2017,MS,Energy,1,35,direta,True,140.0,210.818,1
2017,MS,Logistics,1,121,indireta,True,83.317,125.462,1
2017,MS,Road transport,1,43,direta,True,74.951,112.864,1
2017,MS,Logistics,1,121,direta,True,68.0,102.397,1
2017,MS,Logistics,18,121,indireta,True,33.427,50.336,3
2017,MS,Energy,1,192,indireta,True,20.257,30.503,1
2017,MS,Energy,1,8,indireta,True,18.667,28.11,1
2017,MS,Logistics,18,33,indireta,True,11.209,16.879,1
2017,MS,Road transport,1,43,indireta,True,9.545,14.374,1
2017,MS,Logistics,1,33,indireta,True,8.852,13.329,1
2017,MS,Education,1,89,direta,False,11.524,17.353,2
2017,MS,Energy,1,292,direta,True,7.5,11.294,1
2017,MS,Energy,1,293,direta,True,5.0,7.529,1
2017,MS,Telecommunications,1,18,direta,True,4.758,7.165,1
2017,MS,Logistics,14,121,indireta,True,10.76,16.204,4
2017,MS,Health,0,0,direta,False,1.828,2.752,1
2017,MS,Logistics,14,192,indireta,True,0.789,1.189,2
2017,MS,Sanitation,14,252,indireta,True,0.66,0.993,2
2017,MS,Energy,1,11,direta,True,0.5,0.753,1
2017,MS,Telecommunications,14,192,indireta,True,0.416,0.627,2
2017,MS,Telecommunications,22,280,indireta,True,0.347,0.523,2
2017,MS,Sanitation,14,192,indireta,True,0.237,0.357,1
2017,MS,Logistics,22,280,indireta,True,0.362,0.545,3
2017,MS,Logistics,14,252,indireta,True,0.128,0.193,1
2017,MS,Sanitation,22,280,indireta,True,0.174,0.261,2
2017,MS,Telecommunications,1,110,direta,True,0.105,0.158,1
2017,MS,Education,18,247,indireta,False,0.1,0.151,1
2017,MS,Energy,1,110,direta,True,0.022,0.033,1
2017,MT,Energy,1,69,direta,True,397.872,599.133,1
2017,MT,Ports,1,38,direta,True,153.571,231.254,1
2017,MT,Energy,1,192,indireta,True,61.159,92.096,1
2017,MT,Energy,1,8,indireta,True,46.088,69.402,1
2017,MT,Education,1,89,direta,False,21.497,32.371,1
2017,MT,Logistics,18,121,indireta,True,38.945,58.645,4
2017,MT,Logistics,14,121,indireta,True,37.225,56.056,4
2017,MT,Logistics,18,261,indireta,True,7.415,11.165,1
2017,MT,Telecommunications,1,18,direta,True,4.994,7.52,1
2017,MT,Energy,1,110,direta,True,1.958,2.949,1
2017,MT,Logistics,14,192,indireta,True,1.627,2.45,1
2017,MT,Sanitation,1,4,direta,True,1.492,2.247,1
2017,MT,Logistics,18,246,indireta,True,1.202,1.81,2
2017,MT,Health,0,83,direta,False,0.441,0.663,1
2017,MT,Telecommunications,22,280,indireta,True,0.731,1.101,3
2017,MT,Logistics,18,241,indireta,True,0.32,0.482,1
2017,MT,Sanitation,14,252,indireta,True,0.302,0.455,1
2017,MT,Logistics,14,252,indireta,True,0.508,0.765,2
2017,MT,Sanitation,14,192,indireta,True,0.27,0.406,1
2017,MT,Telecommunications,14,192,indireta,True,0.288,0.434,2
2017,MT,Logistics,22,280,indireta,True,0.418,0.629,3
2017,MT,Telecommunications,1,110,direta,True,0.109,0.164,1
2017,MT,Sanitation,22,280,indireta,True,0.128,0.193,2
2017,MT,Logistics,18,245,indireta,True,0.06,0.09,1
2017,PA,Energy,1,10,indireta,True,378.972,570.672,1
2017,PA,Energy,1,10,direta,True,362.309,545.58,1
2017,PA,Energy,1,8,direta,True,218.444,328.943,1
2017,PA,Telecommunications,1,18,direta,True,24.904,37.501,1
2017,PA,Sanitation,1,4,direta,True,20.0,30.117,1
2017,PA,Ports,1,38,direta,True,14.0,21.082,1
2017,PA,Urban mobility,1,41,indireta,True,12.978,19.543,1
2017,PA,Energy,1,192,direta,True,12.0,18.07,1
2017,PA,Ports,1,38,indireta,True,9.251,13.93,1
2017,PA,Education,1,89,direta,False,5.904,8.891,2
2017,PA,Logistics,14,121,indireta,True,5.232,7.879,4
2017,PA,Logistics,18,121,indireta,True,2.188,3.294,1
2017,PA,Sanitation,14,252,indireta,True,2.158,3.249,3
2017,PA,Energy,1,110,direta,True,1.622,2.442,1
2017,PA,Logistics,14,252,indireta,True,1.028,1.549,2
2017,PA,Telecommunications,1,110,direta,True,0.592,0.892,1
2017,PA,Telecommunications,22,280,indireta,True,1.017,1.532,3
2017,PA,Health,0,83,direta,False,0.441,0.663,1
2017,PA,Telecommunications,18,247,indireta,True,0.4,0.602,1
2017,PA,Sanitation,22,280,indireta,True,0.177,0.267,2
2017,PA,Education,0,21,direta,False,0.151,0.228,1
2017,PA,Telecommunications,14,192,indireta,True,0.102,0.154,1
2017,PA,Logistics,22,280,indireta,True,0.025,0.037,2
2017,PB,Energy,1,69,direta,True,256.09,385.631,1
2017,PB,Telecommunications,1,18,direta,True,11.735,17.671,1
2017,PB,Education,1,89,direta,False,2.665,4.013,1
2017,PB,Telecommunications,14,192,indireta,True,0.993,1.495,1
2017,PB,Sanitation,22,280,indireta,True,0.521,0.784,3
2017,PB,Telecommunications,22,280,indireta,True,0.788,1.187,3
2017,PB,Telecommunications,1,110,direta,True,0.275,0.414,1
2017,PB,Sanitation,14,252,indireta,True,0.17,0.257,2
2017,PB,Sanitation,14,192,indireta,True,0.098,0.148,1
2017,PE,Energy,1,69,direta,True,155.011,233.422,1
2017,PE,Energy,1,8,direta,True,67.806,102.105,1
2017,PE,Telecommunications,1,18,direta,True,29.237,44.026,2
2017,PE,Energy,1,192,direta,True,28.3,42.615,1
2017,PE,Education,1,89,direta,False,27.423,41.295,1
2017,PE,Telecommunications,14,192,indireta,True,8.956,13.486,2
2017,PE,Logistics,14,252,indireta,True,6.236,9.39,2
2017,PE,Sanitation,14,252,indireta,True,2.029,3.056,3
2017,PE,Health,18,84,indireta,False,1.373,2.068,1
2017,PE,Telecommunications,1,110,direta,True,0.68,1.024,1
2017,PE,Telecommunications,22,280,indireta,True,1.058,1.592,3
2017,PE,Sanitation,1,4,direta,True,0.476,0.717,1
2017,PE,Telecommunications,1,192,direta,True,0.466,0.702,1
2017,PE,Sanitation,14,192,indireta,True,0.176,0.265,1
2017,PE,Logistics,22,280,indireta,True,0.273,0.412,3
2017,PE,Logistics,18,121,indireta,True,0.093,0.14,1
2017,PE,Sanitation,22,280,indireta,True,0.086,0.129,1
2017,PE,Energy,1,110,direta,True,0.078,0.117,1
2017,PE,Logistics,1,110,direta,True,0.05,0.075,1
2017,PE,Logistics,14,192,indireta,True,0.048,0.073,1
2017,PI,Energy,1,69,direta,True,1262.652,1901.357,2
2017,PI,Energy,1,69,indireta,True,572.977,862.814,1
2017,PI,Telecommunications,1,18,direta,True,9.241,13.916,1
2017,PI,Logistics,18,121,indireta,True,9.194,13.845,1
2017,PI,Energy,1,110,direta,True,2.912,4.384,2
2017,PI,Telecommunications,14,192,indireta,True,0.787,1.186,1
2017,PI,Education,1,89,direta,False,0.695,1.047,1
2017,PI,Sanitation,14,252,indireta,True,0.407,0.613,2
2017,PI,Telecommunications,22,280,indireta,True,0.459,0.691,2
2017,PI,Telecommunications,1,110,direta,True,0.215,0.324,1
2017,PI,Logistics,22,280,indireta,True,0.047,0.071,2
2017,PI,Sanitation,22,280,indireta,True,0.009,0.013,1
2017,PR,Road transport,1,43,direta,True,130.203,196.066,1
2017,PR,Ports,1,38,direta,True,90.0,135.526,1
2017,PR,Sanitation,1,4,direta,True,75.966,114.392,1
2017,PR,Telecommunications,1,18,direta,True,56.922,85.716,1
2017,PR,Logistics,18,121,indireta,True,92.189,138.822,4
2017,PR,Logistics,18,33,indireta,True,53.621,80.745,2
2017,PR,Sanitation,21,160,direta,True,42.46,63.938,1
2017,PR,Telecommunications,14,192,indireta,True,27.224,40.995,3
2017,PR,Logistics,1,56,direta,True,23.066,34.734,1
2017,PR,Logistics,1,121,indireta,True,20.14,30.328,1
2017,PR,Education,18,84,indireta,False,20.0,30.117,1
2017,PR,Logistics,1,33,indireta,True,16.2,24.395,1
2017,PR,Logistics,1,121,direta,True,14.923,22.472,1
2017,PR,Energy,18,268,indireta,True,14.557,21.921,1
2017,PR,Telecommunications,1,257,direta,True,14.454,21.765,1
2017,PR,Education,18,266,indireta,False,13.143,19.792,1
2017,PR,Energy,18,247,indireta,True,19.536,29.418,3
2017,PR,Logistics,1,161,direta,True,11.59,17.453,1
2017,PR,Logistics,18,245,indireta,True,6.85,10.315,1
2017,PR,Logistics,14,192,indireta,True,10.973,16.524,3
2017,PR,Education,1,89,direta,False,6.579,9.907,2
2017,PR,Sanitation,14,252,indireta,True,4.962,7.472,3
2017,PR,Logistics,18,268,indireta,True,4.099,6.173,1
2017,PR,Logistics,14,252,indireta,True,7.457,11.23,3
2017,PR,Telecommunications,1,110,direta,True,2.895,4.36,1
2017,PR,Logistics,14,121,indireta,True,5.908,8.897,3
2017,PR,Energy,21,160,direta,True,2.584,3.891,1
2017,PR,Sanitation,18,268,indireta,True,2.221,3.345,1
2017,PR,Logistics,18,261,indireta,True,2.568,3.867,2
2017,PR,Logistics,18,246,indireta,True,3.323,5.004,2
2017,PR,Telecommunications,22,280,indireta,True,3.09,4.653,3
2017,PR,Logistics,22,280,indireta,True,2.987,4.498,3
2017,PR,Energy,14,56,indireta,True,1.43,2.153,1
2017,PR,Sanitation,18,247,indireta,True,1.09,1.642,1
2017,PR,Energy,1,110,direta,True,1.007,1.516,1
2017,PR,Health,18,266,indireta,False,0.96,1.446,1
2017,PR,Energy,18,245,indireta,True,0.893,1.345,1
2017,PR,Sanitation,14,192,indireta,True,0.812,1.223,1
2017,PR,Sanitation,22,280,indireta,True,1.525,2.297,3
2017,PR,Health,18,247,indireta,False,1.644,2.476,3
2017,PR,Sanitation,18,264,indireta,True,1.595,2.401,3
2017,PR,Logistics,18,248,indireta,True,0.586,0.883,1
2017,PR,Logistics,18,241,indireta,True,0.549,0.827,1
2017,PR,Energy,14,192,indireta,True,0.986,1.485,2
2017,PR,Education,18,247,indireta,False,0.45,0.678,1
2017,PR,Logistics,18,247,indireta,True,0.433,0.653,1
2017,PR,Energy,18,264,indireta,True,0.354,0.533,2
2017,PR,Telecommunications,18,267,indireta,True,0.125,0.188,1
2017,PR,Logistics,1,110,direta,True,0.101,0.152,1
2017,PR,Rail transport,22,280,indireta,True,0.125,0.188,3
2017,PR,Logistics,18,244,indireta,True,0.008,0.012,1
2017,RJ,Energy,1,8,indireta,True,417.467,628.639,2
2017,RJ,Energy,1,8,direta,True,130.614,196.685,1
2017,RJ,Sanitation,1,4,direta,True,99.695,150.125,1
2017,RJ,Telecommunications,14,192,indireta,True,87.332,131.509,4
2017,RJ,Rail transport,1,20,direta,True,60.635,91.307,1
2017,RJ,Urban mobility,1,118,direta,True,109.358,164.676,3
2017,RJ,Telecommunications,1,18,direta,True,38.463,57.92,1
2017,RJ,Rail transport,1,20,indireta,True,30.578,46.046,1
2017,RJ,Energy,21,160,direta,True,24.0,36.14,1
2017,RJ,Sanitation,18,248,indireta,True,22.817,34.359,1
2017,RJ,Energy,1,158,direta,True,19.653,29.594,1
2017,RJ,Rail transport,18,268,indireta,True,14.088,21.215,1
2017,RJ,Education,1,89,direta,False,15.812,23.81,2
2017,RJ,Sanitation,14,192,indireta,True,9.308,14.016,2
2017,RJ,Logistics,18,248,indireta,True,7.0,10.541,1
2017,RJ,Energy,18,268,indireta,True,5.5,8.283,1
2017,RJ,Energy,1,192,direta,True,5.0,7.529,1
2017,RJ,Sanitation,14,252,indireta,True,4.569,6.881,4
2017,RJ,Telecommunications,22,280,indireta,True,4.142,6.237,3
2017,RJ,Sanitation,18,268,indireta,True,2.1,3.162,1
2017,RJ,Energy,1,192,indireta,True,1.243,1.872,1
2017,RJ,Health,0,0,direta,False,0.864,1.301,1
2017,RJ,Telecommunications,1,110,direta,True,0.859,1.294,1
2017,RJ,Logistics,14,252,indireta,True,2.074,3.123,4
2017,RJ,Energy,1,110,direta,True,0.6,0.904,1
2017,RJ,Sanitation,22,280,indireta,True,0.719,1.082,3
2017,RJ,Health,18,250,indireta,False,0.235,0.354,1
2017,RJ,Logistics,22,280,indireta,True,0.503,0.758,3
2017,RJ,Logistics,1,110,indireta,True,0.186,0.28,1
2017,RJ,Telecommunications,1,285,indireta,True,0.144,0.217,1
2017,RJ,Telecommunications,14,252,indireta,True,0.023,0.034,1
2017,RJ,Energy,22,280,indireta,True,0.011,0.017,1
2017,RN,Energy,1,69,direta,True,590.802,889.655,1
2017,RN,Energy,1,192,direta,True,151.475,228.097,1
2017,RN,Telecommunications,1,18,direta,True,11.785,17.746,1
2017,RN,Energy,1,30,indireta,True,11.203,16.87,1
2017,RN,Energy,1,8,direta,True,8.974,13.513,1
2017,RN,Energy,1,110,direta,True,6.049,9.108,2
2017,RN,Education,1,89,direta,False,5.288,7.963,1
2017,RN,Energy,1,158,direta,True,1.337,2.014,1
2017,RN,Sanitation,14,252,indireta,True,0.447,0.674,2
2017,RN,Telecommunications,22,280,indireta,True,0.334,0.503,2
2017,RN,Telecommunications,1,110,direta,True,0.276,0.416,1
2017,RN,Sanitation,1,4,direta,True,0.123,0.186,1
2017,RN,Logistics,22,280,indireta,True,0.067,0.101,2
2017,RO,Energy,14,192,indireta,True,3.949,5.946,2
2017,RO,Telecommunications,1,18,direta,True,2.63,3.961,1
2017,RO,Telecommunications,22,280,indireta,True,0.617,0.928,2
2017,RO,Energy,1,110,direta,True,0.524,0.789,1
2017,RO,Health,0,83,direta,False,0.441,0.663,1
2017,RO,Logistics,22,280,indireta,True,0.232,0.349,1
2017,RO,Telecommunications,1,110,direta,True,0.059,0.089,1
2017,RO,Sanitation,22,280,indireta,True,0.089,0.134,2
2017,RO,Logistics,18,246,indireta,True,0.038,0.057,1
2017,RO,Health,18,244,indireta,False,0.03,0.045,1
2017,RR,Telecommunications,1,18,direta,True,0.888,1.337,1
2017,RR,Health,0,83,direta,False,0.441,0.663,1
2017,RR,Logistics,14,252,indireta,True,0.1,0.151,1
2017,RR,Telecommunications,1,110,direta,True,0.02,0.03,1
2017,RS,Energy,1,69,direta,True,272.202,409.893,1
2017,RS,Energy,1,69,indireta,True,174.784,263.198,2
2017,RS,Health,1,84,indireta,False,90.769,136.684,1
2017,RS,Logistics,1,33,indireta,True,85.0,127.997,1
2017,RS,Health,1,165,indireta,False,36.968,55.667,1
2017,RS,Logistics,18,121,indireta,True,88.867,133.82,4
2017,RS,Energy,1,35,direta,True,28.165,42.412,1
2017,RS,Sanitation,1,4,direta,True,54.993,82.81,3
2017,RS,Telecommunications,14,192,indireta,True,26.905,40.515,3
2017,RS,Logistics,14,192,indireta,True,26.483,39.88,3
2017,RS,Logistics,18,245,indireta,True,22.299,33.578,3
2017,RS,Telecommunications,1,18,direta,True,20.029,30.161,1
2017,RS,Energy,21,160,direta,True,18.049,27.179,1
2017,RS,Health,18,84,indireta,False,11.03,16.609,1
2017,RS,Logistics,18,247,indireta,True,12.625,19.012,2
2017,RS,Energy,18,247,indireta,True,14.947,22.508,3
2017,RS,Logistics,14,121,indireta,True,14.939,22.497,4
2017,RS,Energy,18,248,indireta,True,6.694,10.079,1
2017,RS,Education,18,266,indireta,False,5.903,8.889,1
2017,RS,Health,1,84,direta,False,5.192,7.819,1
2017,RS,Telecommunications,22,280,indireta,True,6.528,9.83,3
2017,RS,Energy,1,192,indireta,True,4.454,6.707,1
2017,RS,Energy,1,158,indireta,True,4.246,6.393,1
2017,RS,Logistics,18,33,indireta,True,4.063,6.118,1
2017,RS,Energy,14,192,indireta,True,6.7,10.089,2
2017,RS,Education,18,247,indireta,False,3.806,5.732,1
2017,RS,Logistics,18,246,indireta,True,4.664,7.023,2
2017,RS,Logistics,14,252,indireta,True,6.137,9.242,4
2017,RS,Sanitation,14,252,indireta,True,2.878,4.333,2
2017,RS,Energy,18,268,indireta,True,2.358,3.551,1
2017,RS,Energy,1,192,direta,True,1.895,2.854,1
2017,RS,Energy,14,56,indireta,True,1.853,2.79,1
2017,RS,Energy,1,110,direta,True,2.038,3.069,2
2017,RS,Health,18,247,indireta,False,1.658,2.496,1
2017,RS,Sanitation,18,264,indireta,True,1.239,1.866,1
2017,RS,Sanitation,14,192,indireta,True,1.349,2.032,2
2017,RS,Logistics,22,280,indireta,True,1.522,2.291,3
2017,RS,Logistics,18,261,indireta,True,1.097,1.651,3
2017,RS,Education,1,89,direta,False,0.58,0.874,1
2017,RS,Energy,18,245,indireta,True,0.52,0.783,1
2017,RS,Sanitation,18,245,indireta,True,0.495,0.746,1
2017,RS,Telecommunications,18,267,indireta,True,0.447,0.673,1
2017,RS,Telecommunications,1,110,direta,True,0.433,0.651,1
2017,RS,Energy,22,280,indireta,True,0.41,0.618,1
2017,RS,Health,1,294,indireta,False,0.38,0.572,1
2017,RS,Sanitation,18,247,indireta,True,0.318,0.478,1
2017,RS,Sanitation,22,280,indireta,True,0.314,0.472,3
2017,RS,Logistics,14,45,indireta,True,0.176,0.265,1
2017,RS,Sanitation,0,0,direta,True,0.17,0.256,1
2017,RS,Telecommunications,14,252,indireta,True,0.1,0.151,1
2017,SC,Telecommunications,1,18,direta,True,28.124,42.35,1
2017,SC,Energy,18,247,indireta,True,33.9,51.048,4
2017,SC,Telecommunications,14,192,indireta,True,17.936,27.009,3
2017,SC,Logistics,18,247,indireta,True,15.619,23.52,1
2017,SC,Sanitation,18,268,indireta,True,13.2,19.877,1
2017,SC,Sanitation,14,252,indireta,True,12.477,18.789,3
2017,SC,Health,18,266,indireta,False,10.498,15.808,1
2017,SC,Logistics,1,121,direta,True,10.0,15.058,1
2017,SC,Education,1,89,direta,False,7.365,11.09,1
2017,SC,Health,18,247,indireta,False,8.881,13.373,4
2017,SC,Logistics,14,192,indireta,True,4.536,6.83,1
2017,SC,Logistics,18,245,indireta,True,4.619,6.955,2
2017,SC,Health,1,149,indireta,False,4.365,6.573,1
2017,SC,Logistics,18,121,indireta,True,10.797,16.258,4
2017,SC,Telecommunications,22,280,indireta,True,7.263,10.937,3
2017,SC,Logistics,1,33,indireta,True,2.6,3.915,1
2017,SC,Logistics,14,252,indireta,True,5.551,8.358,4
2017,SC,Ports,1,38,direta,True,2.139,3.221,1
2017,SC,Logistics,14,121,indireta,True,3.798,5.719,3
2017,SC,Logistics,22,280,indireta,True,2.544,3.831,3
2017,SC,Logistics,18,33,indireta,True,1.689,2.543,2
2017,SC,Sanitation,18,264,indireta,True,1.303,1.962,1
2017,SC,Energy,14,56,indireta,True,1.632,2.457,3
2017,SC,Energy,14,192,indireta,True,1.076,1.621,1
2017,SC,Telecommunications,18,247,indireta,True,0.788,1.187,1
2017,SC,Logistics,18,246,indireta,True,0.668,1.006,1
2017,SC,Telecommunications,1,110,direta,True,0.658,0.991,1
2017,SC,Sanitation,14,192,indireta,True,0.895,1.348,2
2017,SC,Energy,18,268,indireta,True,0.5,0.753,1
2017,SC,Sanitation,22,280,indireta,True,0.941,1.417,3
2017,SC,Energy,18,264,indireta,True,0.38,0.572,1
2017,SC,Energy,18,245,indireta,True,0.34,0.512,1
2017,SC,Education,18,108,indireta,False,0.264,0.398,1
2017,SC,Energy,14,252,indireta,True,0.137,0.207,1
2017,SC,Sanitation,18,245,indireta,True,0.115,0.173,1
2017,SC,Energy,1,110,direta,True,0.075,0.113,1
2017,SC,Education,18,244,indireta,False,0.05,0.075,1
2017,SC,Health,18,244,indireta,False,0.01,0.015,1
2017,SE,Energy,1,192,indireta,True,14.342,21.597,1
2017,SE,Energy,1,8,indireta,True,13.116,19.75,1
2017,SE,Telecommunications,1,18,direta,True,2.931,4.414,1
2017,SE,Health,1,291,direta,False,1.808,2.722,1
2017,SE,Rail transport,1,20,direta,True,0.978,1.473,1
2017,SE,Rail transport,1,20,indireta,True,0.971,1.463,1
2017,SE,Sanitation,14,252,indireta,True,0.279,0.42,1
2017,SE,Sanitation,22,280,indireta,True,0.236,0.355,1
2017,SE,Telecommunications,22,280,indireta,True,0.239,0.359,2
2017,SE,Logistics,14,252,indireta,True,0.087,0.132,1
2017,SE,Logistics,22,280,indireta,True,0.085,0.128,2
2017,SE,Telecommunications,1,110,direta,True,0.066,0.1,1
2017,SP,Energy,1,69,direta,True,973.203,1465.492,1
2017,SP,Urban mobility,1,41,direta,True,525.0,790.568,1
2017,SP,Urban mobility,1,118,direta,True,480.938,724.218,1
2017,SP,Telecommunications,14,192,indireta,True,282.698,425.699,4
2017,SP,Health,1,124,direta,False,243.354,366.453,1
2017,SP,Sanitation,1,4,direta,True,189.144,284.822,2
2017,SP,Rail transport,14,56,indireta,True,169.024,254.524,1
2017,SP,Energy,1,10,direta,True,152.0,228.888,1
2017,SP,Telecommunications,1,18,direta,True,143.779,216.509,1
2017,SP,Energy,1,8,direta,True,134.827,203.028,1
2017,SP,Ports,1,38,direta,True,86.548,130.327,1
2017,SP,Rail transport,1,20,direta,True,76.045,114.512,1
2017,SP,Rail transport,1,20,indireta,True,75.531,113.738,1
2017,SP,Energy,1,290,direta,True,61.636,92.814,1
2017,SP,Health,1,149,indireta,False,45.913,69.138,1
2017,SP,Education,18,247,indireta,False,35.235,53.059,2
2017,SP,Health,1,291,direta,False,31.612,47.602,1
2017,SP,Logistics,18,121,indireta,True,37.773,56.88,4
2017,SP,Energy,14,192,indireta,True,26.096,39.297,1
2017,SP,Ports,1,38,indireta,True,25.198,37.945,1
2017,SP,Energy,21,160,direta,True,44.0,66.257,2
2017,SP,Logistics,14,192,indireta,True,24.261,36.534,4
2017,SP,Health,1,165,indireta,False,14.436,21.738,1
2017,SP,Health,1,149,direta,False,13.367,20.128,1
2017,SP,Sanitation,14,252,indireta,True,21.309,32.088,4
2017,SP,Logistics,18,247,indireta,True,11.964,18.015,1
2017,SP,Logistics,14,252,indireta,True,17.686,26.632,4
2017,SP,Sanitation,14,192,indireta,True,20.142,30.331,4
2017,SP,Road transport,1,43,direta,True,8.298,12.496,1
2017,SP,Health,1,136,direta,False,8.127,12.238,1
2017,SP,Education,1,1,indireta,False,6.861,10.332,1
2017,SP,Logistics,1,110,direta,True,6.734,10.141,1
2017,SP,Health,18,84,indireta,False,6.377,9.602,1
2017,SP,Logistics,18,33,indireta,True,5.293,7.97,1
2017,SP,Health,18,247,indireta,False,5.382,8.104,2
2017,SP,Logistics,14,121,indireta,True,8.022,12.08,3
2017,SP,Logistics,22,280,indireta,True,7.982,12.019,3
2017,SP,Health,1,84,indireta,False,4.485,6.754,1
2017,SP,Telecommunications,22,280,indireta,True,9.185,13.831,3
2017,SP,Energy,14,252,indireta,True,3.376,5.083,1
2017,SP,Telecommunications,1,110,direta,True,3.346,5.039,1
2017,SP,Energy,1,158,direta,True,3.247,4.889,1
2017,SP,Energy,1,192,direta,True,3.163,4.763,1
2017,SP,Sanitation,18,248,indireta,True,2.879,4.335,1
2017,SP,Energy,1,110,direta,True,2.21,3.327,1
2017,SP,Logistics,18,45,indireta,True,2.08,3.132,1
2017,SP,Energy,1,8,indireta,True,1.658,2.496,1
2017,SP,Sanitation,0,21,direta,True,1.514,2.279,1
2017,SP,Logistics,14,56,indireta,True,1.379,2.077,1
2017,SP,Education,0,21,direta,False,1.363,2.053,1
2017,SP,Sanitation,22,280,indireta,True,2.348,3.536,3
2017,SP,Health,1,110,indireta,False,1.039,1.564,1
2017,SP,Sanitation,0,0,direta,True,0.85,1.28,2
2017,SP,Logistics,18,246,indireta,True,0.729,1.098,1
2017,SP,Telecommunications,14,252,indireta,True,0.158,0.237,1
2017,SP,Health,18,244,indireta,False,0.06,0.09,1
2017,TO,Energy,1,10,indireta,True,94.743,142.668,1
2017,TO,Energy,1,10,direta,True,90.497,136.274,1
2017,TO,Rail transport,14,192,indireta,True,55.065,82.919,1
2017,TO,Energy,1,8,indireta,True,25.858,38.938,1
2017,TO,Energy,1,192,indireta,True,18.234,27.458,1
2017,TO,Logistics,18,121,indireta,True,11.485,17.295,2
2017,TO,Energy,14,192,indireta,True,3.191,4.805,1
2017,TO,Logistics,18,45,indireta,True,2.362,3.557,1
2017,TO,Telecommunications,1,18,direta,True,2.229,3.356,1
2017,TO,Logistics,18,261,indireta,True,1.867,2.811,1
2017,TO,Rail transport,1,20,direta,True,0.978,1.473,1
2017,TO,Rail transport,1,20,indireta,True,0.971,1.463,1
2017,TO,Logistics,14,121,indireta,True,0.523,0.788,2
2017,TO,Health,0,83,direta,False,0.441,0.663,1
2017,TO,Education,1,89,direta,False,0.389,0.585,1
2017,TO,Logistics,14,252,indireta,True,0.322,0.484,1
2017,TO,Telecommunications,22,280,indireta,True,0.462,0.695,2
2017,TO,Sanitation,14,252,indireta,True,0.256,0.385,1
2017,TO,Logistics,14,192,indireta,True,0.175,0.264,1
2017,TO,Education,18,250,indireta,False,0.068,0.102,1
2017,TO,Energy,18,247,indireta,True,0.058,0.088,1
2017,TO,Telecommunications,1,110,direta,True,0.049,0.074,1
2017,TO,Telecommunications,14,192,indireta,True,0.039,0.059,1
2017,TO,Logistics,22,280,indireta,True,0.004,0.006,1
2018,AC,Sanitation,1,4,direta,True,2.468,3.585,1
2018,AC,Health,0,83,direta,False,0.488,0.708,1
2018,AC,Education,1,89,direta,False,0.057,0.083,1
2018,AL,Sanitation,0,0,direta,True,4.184,6.078,1
2018,AL,Telecommunications,22,280,indireta,True,0.109,0.158,2
2018,AM,Sanitation,1,4,direta,True,21.961,31.901,1
2018,AM,Education,1,89,direta,False,3.308,4.806,1
2018,AM,Sanitation,14,252,indireta,True,2.926,4.25,1
2018,AM,Sanitation,1,56,direta,True,2.729,3.964,1
2018,AM,Health,0,0,direta,False,0.48,0.698,1
2018,AM,Telecommunications,22,280,indireta,True,0.078,0.114,2
2018,AM,Logistics,22,280,indireta,True,0.036,0.053,2
2018,AP,Logistics,14,56,indireta,True,1.286,1.868,1
2018,AP,Logistics,14,192,indireta,True,1.029,1.495,1
2018,AP,Energy,1,110,direta,True,1.002,1.456,1
2018,AP,Telecommunications,22,280,indireta,True,0.627,0.91,1
2018,AP,Education,1,89,direta,False,0.301,0.437,1
2018,BA,Energy,1,69,direta,True,2227.368,3235.497,2
2018,BA,Energy,1,163,direta,True,389.192,565.345,1
2018,BA,Energy,1,8,direta,True,262.374,381.127,1
2018,BA,Energy,1,35,direta,True,230.258,334.475,1
2018,BA,Urban mobility,1,168,direta,True,217.895,316.517,1
2018,BA,Energy,21,160,direta,True,133.73,194.258,1
2018,BA,Energy,1,294,direta,True,40.157,58.332,1
2018,BA,Sanitation,1,4,direta,True,28.0,40.673,1
2018,BA,Sanitation,0,0,direta,True,16.038,23.298,1
2018,BA,Education,1,89,direta,False,12.244,17.785,2
2018,BA,Sanitation,14,252,indireta,True,7.969,11.575,3
2018,BA,Energy,1,110,direta,True,5.089,7.393,1
2018,BA,Logistics,18,247,indireta,True,4.868,7.072,1
2018,BA,Logistics,18,121,indireta,True,4.815,6.995,1
2018,BA,Road transport,1,43,direta,True,3.392,4.928,1
2018,BA,Logistics,14,121,indireta,True,3.0,4.358,1
2018,BA,Health,18,247,indireta,False,1.998,2.902,3
2018,BA,Logistics,14,252,indireta,True,2.126,3.088,2
2018,BA,Sanitation,14,192,indireta,True,1.492,2.167,2
2018,BA,Health,0,0,direta,False,0.48,0.698,1
2018,BA,Telecommunications,22,280,indireta,True,0.98,1.424,3
2018,BA,Telecommunications,14,192,indireta,True,0.254,0.369,1
2018,BA,Logistics,22,280,indireta,True,0.407,0.59,3
2018,BA,Rail transport,1,20,indireta,True,0.177,0.257,1
2018,BA,Rail transport,1,20,direta,True,0.099,0.144,1
2018,BA,Sanitation,22,280,indireta,True,0.146,0.212,2
2018,BA,Energy,22,280,indireta,True,0.052,0.075,1
2018,CE,Energy,1,69,direta,True,628.285,912.653,1
2018,CE,Energy,1,35,direta,True,28.895,41.973,1
2018,CE,Ports,1,38,direta,True,15.0,21.789,1
2018,CE,Sanitation,1,4,direta,True,12.575,18.267,2
2018,CE,Sanitation,0,0,direta,True,10.46,15.194,1
2018,CE,Sanitation,18,247,indireta,True,6.85,9.951,1
2018,CE,Energy,1,110,direta,True,3.347,4.862,1
2018,CE,Education,1,89,direta,False,2.245,3.261,1
2018,CE,Sanitation,14,252,indireta,True,4.57,6.639,3
2018,CE,Energy,1,192,direta,True,1.95,2.833,1
2018,CE,Sanitation,14,192,indireta,True,1.53,2.222,1
2018,CE,Telecommunications,22,280,indireta,True,1.2,1.743,3
2018,CE,Telecommunications,14,192,indireta,True,0.798,1.16,1
2018,CE,Telecommunications,1,192,direta,True,0.542,0.787,1
2018,CE,Logistics,22,280,indireta,True,0.507,0.736,3
2018,CE,Telecommunications,1,18,direta,True,0.321,0.466,1
2018,CE,Sanitation,22,280,indireta,True,0.171,0.248,1
2018,CE,Rail transport,22,280,indireta,True,0.042,0.062,1
2018,DF,Airports,1,169,direta,True,300.0,435.783,1
2018,DF,Sanitation,0,0,direta,True,10.152,14.747,1
2018,DF,Rail transport,1,20,indireta,True,5.878,8.538,1
2018,DF,Logistics,14,252,indireta,True,6.006,8.725,2
2018,DF,Rail transport,1,20,direta,True,3.298,4.79,1
2018,DF,Education,1,89,direta,False,0.95,1.379,1
2018,DF,Telecommunications,22,280,indireta,True,0.178,0.258,2
2018,DF,Logistics,22,280,indireta,True,0.094,0.136,1
2018,DF,Sanitation,22,280,indireta,True,0.07,0.102,1
2018,ES,Energy,1,8,direta,True,88.101,127.976,1
2018,ES,Road transport,1,43,direta,True,81.414,118.263,1
2018,ES,Sanitation,1,173,direta,True,23.32,33.875,1
2018,ES,Logistics,18,121,indireta,True,7.598,11.036,1
2018,ES,Logistics,14,252,indireta,True,8.043,11.683,3
2018,ES,Telecommunications,22,280,indireta,True,1.135,1.648,2
2018,ES,Sanitation,14,252,indireta,True,1.039,1.509,3
2018,ES,Energy,1,110,direta,True,0.636,0.924,1
2018,ES,Logistics,14,192,indireta,True,0.56,0.813,1
2018,ES,Sanitation,14,192,indireta,True,0.346,0.502,1
2018,ES,Telecommunications,14,192,indireta,True,0.283,0.411,1
2018,ES,Energy,18,245,indireta,True,0.226,0.328,1
2018,ES,Rail transport,1,20,indireta,True,0.177,0.257,1
2018,ES,Logistics,22,280,indireta,True,0.219,0.319,3
2018,ES,Sanitation,22,280,indireta,True,0.106,0.154,1
2018,ES,Rail transport,1,20,direta,True,0.099,0.144,1
2018,ES,Energy,22,280,indireta,True,0.066,0.097,1
2018,GO,Energy,1,10,direta,True,324.585,471.496,1
2018,GO,Sanitation,1,173,direta,True,7.13,10.357,1
2018,GO,Rail transport,1,20,indireta,True,6.055,8.795,1
2018,GO,Logistics,14,121,indireta,True,5.97,8.672,2
2018,GO,Logistics,18,45,indireta,True,5.303,7.702,1
2018,GO,Logistics,18,121,indireta,True,4.939,7.174,2
2018,GO,Rail transport,1,20,direta,True,3.397,4.934,1
2018,GO,Energy,14,192,indireta,True,1.88,2.731,1
2018,GO,Logistics,18,261,indireta,True,1.539,2.235,1
2018,GO,Telecommunications,22,280,indireta,True,0.903,1.312,2
2018,GO,Logistics,14,192,indireta,True,0.763,1.108,2
2018,GO,Education,1,89,direta,False,0.638,0.927,1
2018,GO,Energy,1,110,direta,True,0.595,0.865,1
2018,GO,Logistics,14,252,indireta,True,1.279,1.858,3
2018,GO,Sanitation,14,192,indireta,True,0.766,1.113,2
2018,GO,Sanitation,14,252,indireta,True,0.497,0.722,3
2018,GO,Telecommunications,14,192,indireta,True,0.221,0.321,2
2018,GO,Logistics,22,280,indireta,True,0.216,0.314,3
2018,GO,Sanitation,22,280,indireta,True,0.02,0.029,1
2018,MA,Energy,1,69,direta,True,634.925,922.298,1
2018,MA,Rail transport,1,20,direta,True,204.587,297.185,1
2018,MA,Energy,1,8,direta,True,38.185,55.467,1
2018,MA,Rail transport,1,170,direta,True,31.895,46.331,1
2018,MA,Rail transport,1,20,indireta,True,8.176,11.877,1
2018,MA,Logistics,18,121,indireta,True,7.015,10.19,2
2018,MA,Education,1,89,direta,False,3.658,5.314,1
2018,MA,Logistics,1,110,direta,True,1.186,1.723,1
2018,MA,Health,0,0,direta,False,0.48,0.698,1
2018,MA,Sanitation,14,252,indireta,True,0.253,0.368,1
2018,MA,Telecommunications,22,280,indireta,True,0.321,0.466,2
2018,MA,Logistics,14,121,indireta,True,0.143,0.208,1
2018,MA,Logistics,22,280,indireta,True,0.041,0.059,1
2018,MA,Energy,22,280,indireta,True,0.029,0.042,1
2018,MG,Energy,1,10,direta,True,793.431,1152.546,1
2018,MG,Energy,1,69,direta,True,376.446,546.83,1
2018,MG,Sanitation,21,160,direta,True,110.884,161.072,1
2018,MG,Health,1,165,indireta,False,64.031,93.012,1
2018,MG,Road transport,1,43,direta,True,46.966,68.223,1
2018,MG,Energy,1,196,direta,True,41.343,60.055,1
2018,MG,Logistics,18,121,indireta,True,55.901,81.202,4
2018,MG,Rail transport,1,170,direta,True,30.489,44.289,1
2018,MG,Sanitation,1,4,direta,True,49.241,71.529,2
2018,MG,Road transport,1,43,indireta,True,21.676,31.487,1
2018,MG,Logistics,14,121,indireta,True,20.336,29.54,4
2018,MG,Sanitation,14,252,indireta,True,16.2,23.533,2
2018,MG,Energy,18,247,indireta,True,18.16,26.379,2
2018,MG,Logistics,18,45,indireta,True,11.193,16.259,1
2018,MG,Logistics,14,252,indireta,True,12.155,17.657,3
2018,MG,Rail transport,1,20,indireta,True,9.458,13.738,1
2018,MG,Education,1,89,direta,False,13.147,19.097,2
2018,MG,Energy,1,163,direta,True,8.375,12.166,1
2018,MG,Energy,14,192,indireta,True,5.962,8.66,1
2018,MG,Energy,18,268,indireta,True,5.888,8.553,1
2018,MG,Sanitation,0,0,direta,True,5.579,8.104,1
2018,MG,Rail transport,1,20,direta,True,5.306,7.707,1
2018,MG,Health,1,149,indireta,False,4.782,6.946,1
2018,MG,Telecommunications,22,280,indireta,True,6.686,9.712,3
2018,MG,Sanitation,18,268,indireta,True,4.14,6.014,1
2018,MG,Health,1,291,direta,False,1.593,2.313,1
2018,MG,Education,0,295,direta,False,1.49,2.164,1
2018,MG,Sanitation,1,11,direta,True,1.4,2.034,1
2018,MG,Education,0,21,direta,False,1.205,1.75,1
2018,MG,Logistics,18,247,indireta,True,1.183,1.719,1
2018,MG,Energy,1,110,direta,True,0.997,1.448,1
2018,MG,Health,1,192,indireta,False,0.777,1.129,1
2018,MG,Health,18,247,indireta,False,2.062,2.995,3
2018,MG,Sanitation,14,192,indireta,True,0.729,1.059,1
2018,MG,Energy,1,158,indireta,True,0.685,0.995,1
2018,MG,Sanitation,22,280,indireta,True,0.963,1.398,3
2018,MG,Energy,18,245,indireta,True,0.588,0.854,2
2018,MG,Logistics,22,280,indireta,True,1.0,1.453,3
2018,MG,Education,18,247,indireta,False,0.254,0.369,1
2018,MG,Telecommunications,14,192,indireta,True,0.24,0.349,1
2018,MG,Logistics,14,192,indireta,True,0.363,0.527,2
2018,MG,Sanitation,18,264,indireta,True,0.195,0.283,1
2018,MG,Logistics,18,267,indireta,True,0.188,0.273,1
2018,MG,Energy,22,280,indireta,True,0.171,0.248,1
2018,MG,Telecommunications,14,252,indireta,True,0.14,0.203,1
2018,MG,Health,1,110,direta,False,0.104,0.151,1
2018,MG,Rail transport,22,280,indireta,True,0.033,0.048,1
2018,MS,Energy,1,69,direta,True,117.0,169.955,1
2018,MS,Logistics,1,121,indireta,True,39.975,58.068,1
2018,MS,Energy,1,35,direta,True,21.452,31.161,1
2018,MS,Logistics,18,121,indireta,True,21.067,30.602,2
2018,MS,Road transport,1,43,direta,True,12.113,17.596,1
2018,MS,Logistics,14,121,indireta,True,11.002,15.981,2
2018,MS,Logistics,1,33,indireta,True,7.907,11.486,1
2018,MS,Logistics,18,33,indireta,True,5.71,8.294,1
2018,MS,Energy,1,293,direta,True,5.684,8.256,1
2018,MS,Energy,1,292,direta,True,5.289,7.683,1
2018,MS,Logistics,1,121,direta,True,4.0,5.81,1
2018,MS,Energy,1,11,direta,True,1.898,2.757,1
2018,MS,Education,18,247,indireta,False,1.5,2.179,1
2018,MS,Energy,1,110,direta,True,1.405,2.041,1
2018,MS,Rail transport,1,20,direta,True,1.021,1.483,1
2018,MS,Sanitation,14,192,indireta,True,1.414,2.054,2
2018,MS,Education,1,89,direta,False,0.654,0.95,1
2018,MS,Health,0,0,direta,False,0.48,0.698,1
2018,MS,Sanitation,14,252,indireta,True,0.669,0.971,2
2018,MS,Logistics,14,252,indireta,True,0.373,0.542,1
2018,MS,Logistics,18,246,indireta,True,0.3,0.436,1
2018,MS,Telecommunications,22,280,indireta,True,0.382,0.555,2
2018,MS,Energy,18,245,indireta,True,0.165,0.24,1
2018,MS,Logistics,18,289,indireta,True,0.111,0.161,1
2018,MS,Logistics,22,280,indireta,True,0.182,0.265,3
2018,MS,Sanitation,22,280,indireta,True,0.116,0.168,2
2018,MT,Energy,1,69,direta,True,1006.893,1462.623,1
2018,MT,Rail transport,1,170,direta,True,190.698,277.01,1
2018,MT,Road transport,1,43,indireta,True,75.0,108.946,1
2018,MT,Energy,1,35,direta,True,30.0,43.578,1
2018,MT,Logistics,18,121,indireta,True,37.419,54.355,3
2018,MT,Energy,1,10,direta,True,16.165,23.481,1
2018,MT,Logistics,14,121,indireta,True,11.258,16.353,3
2018,MT,Energy,14,192,indireta,True,5.207,7.564,1
2018,MT,Energy,18,264,indireta,True,1.742,2.531,1
2018,MT,Logistics,14,192,indireta,True,1.418,2.06,1
2018,MT,Energy,1,110,direta,True,1.056,1.534,1
2018,MT,Sanitation,14,252,indireta,True,1.041,1.512,1
2018,MT,Telecommunications,22,280,indireta,True,1.232,1.79,3
2018,MT,Rail transport,1,20,direta,True,0.742,1.078,1
2018,MT,Logistics,1,110,direta,True,0.454,0.66,1
2018,MT,Education,1,89,direta,False,0.4,0.581,1
2018,MT,Education,18,247,indireta,False,0.304,0.442,1
2018,MT,Logistics,18,289,indireta,True,0.3,0.436,1
2018,MT,Sanitation,22,280,indireta,True,0.237,0.344,3
2018,MT,Telecommunications,14,252,indireta,True,0.128,0.186,1
2018,MT,Sanitation,1,4,direta,True,0.124,0.18,1
2018,MT,Logistics,22,280,indireta,True,0.176,0.256,3
2018,MT,Energy,18,245,indireta,True,0.035,0.051,1
2018,PA,Energy,1,10,direta,True,1190.147,1728.819,1
2018,PA,Energy,1,192,direta,True,13.463,19.557,1
2018,PA,Logistics,14,252,indireta,True,2.989,4.342,2
2018,PA,Logistics,14,121,indireta,True,1.643,2.386,1
2018,PA,Logistics,18,121,indireta,True,0.96,1.395,1
2018,PA,Energy,1,110,direta,True,0.925,1.343,1
2018,PA,Telecommunications,14,192,indireta,True,0.803,1.167,1
2018,PA,Telecommunications,22,280,indireta,True,1.043,1.515,3
2018,PA,Education,1,89,direta,False,0.751,1.091,2
2018,PA,Sanitation,14,252,indireta,True,0.327,0.475,1
2018,PA,Sanitation,22,280,indireta,True,0.167,0.243,1
2018,PA,Logistics,1,110,direta,True,0.037,0.053,1
2018,PA,Logistics,22,280,indireta,True,0.007,0.01,1
2018,PB,Energy,1,69,direta,True,73.67,107.013,1
2018,PB,Sanitation,0,0,direta,True,8.368,12.155,1
2018,PB,Education,1,89,direta,False,1.62,2.353,1
2018,PB,Sanitation,14,252,indireta,True,1.189,1.727,2
2018,PB,Telecommunications,22,280,indireta,True,0.796,1.156,3
2018,PB,Logistics,14,252,indireta,True,0.396,0.575,2
2018,PB,Sanitation,22,280,indireta,True,0.107,0.156,1
2018,PB,Sanitation,14,192,indireta,True,0.095,0.137,1
2018,PE,Energy,1,8,direta,True,126.91,184.351,1
2018,PE,Energy,1,294,direta,True,21.596,31.371,1
2018,PE,Energy,1,69,direta,True,20.447,29.702,1
2018,PE,Education,1,89,direta,False,16.258,23.617,1
2018,PE,Sanitation,0,0,direta,True,8.368,12.155,1
2018,PE,Logistics,14,252,indireta,True,8.464,12.295,2
2018,PE,Energy,1,110,direta,True,4.398,6.388,1
2018,PE,Sanitation,14,252,indireta,True,3.324,4.828,2
2018,PE,Telecommunications,14,192,indireta,True,1.021,1.483,1
2018,PE,Telecommunications,22,280,indireta,True,1.175,1.706,3
2018,PE,Sanitation,14,192,indireta,True,0.562,0.817,1
2018,PE,Logistics,14,192,indireta,True,0.325,0.472,1
2018,PE,Logistics,22,280,indireta,True,0.081,0.117,2
2018,PE,Sanitation,22,280,indireta,True,0.068,0.099,2
2018,PE,Telecommunications,1,192,direta,True,0.039,0.057,1
2018,PE,Energy,18,245,indireta,True,0.025,0.036,1
2018,PE,Telecommunications,1,18,direta,True,0.023,0.034,1
2018,PI,Energy,1,69,direta,True,227.33,330.222,2
2018,PI,Logistics,14,121,indireta,True,10.764,15.635,2
2018,PI,Logistics,18,121,indireta,True,8.036,11.673,2
2018,PI,Sanitation,0,0,direta,True,6.276,9.116,1
2018,PI,Energy,1,110,direta,True,4.678,6.795,1
2018,PI,Telecommunications,22,280,indireta,True,0.465,0.676,2
2018,PI,Sanitation,14,252,indireta,True,0.527,0.765,2
2018,PI,Logistics,14,252,indireta,True,0.175,0.254,1
2018,PR,Energy,1,69,direta,True,628.0,912.239,1
2018,PR,Rail transport,1,170,direta,True,609.301,885.078,1
2018,PR,Road transport,1,43,direta,True,182.438,265.011,2
2018,PR,Energy,21,160,direta,True,66.965,97.274,1
2018,PR,Sanitation,21,160,direta,True,63.074,91.622,1
2018,PR,Sanitation,1,4,direta,True,53.024,77.023,3
2018,PR,Logistics,18,33,indireta,True,44.775,65.041,2
2018,PR,Rail transport,1,20,direta,True,39.767,57.766,1
2018,PR,Energy,18,247,indireta,True,37.207,54.048,3
2018,PR,Logistics,18,121,indireta,True,41.23,59.892,4
2018,PR,Logistics,18,245,indireta,True,21.847,31.735,3
2018,PR,Education,1,89,direta,False,23.756,34.509,2
2018,PR,Health,18,84,indireta,False,10.0,14.526,1
2018,PR,Sanitation,14,252,indireta,True,9.424,13.689,3
2018,PR,Energy,18,245,indireta,True,7.808,11.342,3
2018,PR,Education,18,268,indireta,False,5.905,8.578,1
2018,PR,Logistics,1,33,indireta,True,5.108,7.42,1
2018,PR,Logistics,1,121,direta,True,5.0,7.263,1
2018,PR,Energy,14,192,indireta,True,3.87,5.622,1
2018,PR,Logistics,1,121,indireta,True,2.632,3.824,1
2018,PR,Energy,18,268,indireta,True,2.582,3.751,1
2018,PR,Logistics,14,252,indireta,True,4.141,6.015,3
2018,PR,Telecommunications,22,280,indireta,True,2.894,4.204,3
2018,PR,Logistics,14,121,indireta,True,2.427,3.525,3
2018,PR,Logistics,14,192,indireta,True,1.717,2.494,1
2018,PR,Education,0,21,direta,False,0.967,1.405,1
2018,PR,Logistics,22,280,indireta,True,1.739,2.526,3
2018,PR,Education,18,266,indireta,False,0.962,1.397,1
2018,PR,Sanitation,18,247,indireta,True,0.727,1.056,1
2018,PR,Logistics,1,110,direta,True,0.614,0.893,1
2018,PR,Sanitation,22,280,indireta,True,1.113,1.616,3
2018,PR,Logistics,18,246,indireta,True,0.569,0.827,1
2018,PR,Energy,18,264,indireta,True,0.388,0.563,1
2018,PR,Education,18,247,indireta,False,0.25,0.363,1
2018,PR,Sanitation,14,192,indireta,True,0.336,0.488,2
2018,PR,Telecommunications,14,252,indireta,True,0.165,0.24,1
2018,PR,Rail transport,22,280,indireta,True,0.084,0.122,1
2018,PR,Health,18,247,indireta,False,0.08,0.117,1
2018,PR,Energy,14,196,indireta,True,0.079,0.115,1
2018,PR,Energy,1,110,direta,True,0.07,0.102,1
2018,PR,Telecommunications,18,269,indireta,True,0.058,0.084,1
2018,PR,Logistics,18,289,indireta,True,0.054,0.078,1
2018,PR,Energy,22,280,indireta,True,0.037,0.054,1
2018,PR,Telecommunications,18,267,indireta,True,0.026,0.038,1
2018,RJ,Energy,1,10,direta,True,685.236,995.381,1
2018,RJ,Sanitation,1,4,direta,True,108.989,158.319,1
2018,RJ,Energy,1,8,indireta,True,86.866,126.182,2
2018,RJ,Ports,1,164,indireta,True,44.066,64.011,1
2018,RJ,Urban mobility,1,118,direta,True,54.423,79.055,3
2018,RJ,Energy,1,69,direta,True,31.329,45.509,1
2018,RJ,Health,1,165,direta,False,19.027,27.638,1
2018,RJ,Education,1,89,direta,False,16.243,23.595,1
2018,RJ,Sanitation,14,192,indireta,True,10.581,15.369,3
2018,RJ,Logistics,18,248,indireta,True,7.783,11.305,1
2018,RJ,Rail transport,1,170,direta,True,7.403,10.754,1
2018,RJ,Rail transport,1,196,direta,True,6.21,9.021,1
2018,RJ,Sanitation,18,248,indireta,True,5.62,8.163,1
2018,RJ,Energy,18,268,indireta,True,5.018,7.29,1
2018,RJ,Telecommunications,22,280,indireta,True,3.776,5.485,3
2018,RJ,Health,18,250,indireta,False,2.134,3.1,1
2018,RJ,Sanitation,14,252,indireta,True,1.899,2.758,3
2018,RJ,Energy,1,110,direta,True,1.337,1.943,1
2018,RJ,Logistics,22,280,indireta,True,0.703,1.021,3
2018,RJ,Logistics,14,252,indireta,True,0.269,0.391,1
2018,RJ,Telecommunications,14,192,indireta,True,0.226,0.328,1
2018,RJ,Sanitation,22,280,indireta,True,0.42,0.611,3
2018,RJ,Rail transport,1,20,indireta,True,0.177,0.257,1
2018,RJ,Rail transport,1,20,direta,True,0.099,0.144,1
2018,RJ,Energy,14,192,indireta,True,0.071,0.103,1
2018,RJ,Energy,18,245,indireta,True,0.06,0.087,1
2018,RJ,Health,18,247,indireta,False,0.05,0.073,1
2018,RN,Energy,1,69,direta,True,1247.043,1811.468,1
2018,RN,Energy,1,8,direta,True,42.733,62.074,1
2018,RN,Energy,1,110,direta,True,11.834,17.19,2
2018,RN,Sanitation,0,0,direta,True,6.276,9.116,1
2018,RN,Energy,1,294,direta,True,5.24,7.612,1
2018,RN,Education,1,89,direta,False,3.868,5.618,2
2018,RN,Energy,1,30,direta,True,2.124,3.086,1
2018,RN,Energy,1,35,direta,True,1.695,2.462,1
2018,RN,Education,0,21,direta,False,0.231,0.335,1
2018,RN,Telecommunications,22,280,indireta,True,0.209,0.304,2
2018,RN,Telecommunications,14,192,indireta,True,0.077,0.112,1
2018,RO,Energy,1,110,direta,True,1.714,2.49,1
2018,RO,Logistics,18,289,indireta,True,0.43,0.625,1
2018,RO,Telecommunications,22,280,indireta,True,0.192,0.279,2
2018,RO,Energy,18,245,indireta,True,0.074,0.108,1
2018,RO,Telecommunications,14,192,indireta,True,0.06,0.087,1
2018,RO,Telecommunications,18,244,indireta,True,0.03,0.044,1
2018,RO,Health,18,244,indireta,False,0.03,0.044,1
2018,RO,Sanitation,22,280,indireta,True,0.031,0.044,2
2018,RO,Logistics,22,280,indireta,True,0.006,0.008,1
2018,RR,Telecommunications,22,280,indireta,True,0.069,0.1,1
2018,RS,Energy,1,69,direta,True,798.865,1160.44,1
2018,RS,Energy,1,8,direta,True,530.0,769.883,1
2018,RS,Energy,1,69,indireta,True,88.601,128.703,2
2018,RS,Sanitation,1,173,direta,True,50.0,72.631,1
2018,RS,Logistics,18,121,indireta,True,83.26,120.944,4
2018,RS,Logistics,18,33,indireta,True,42.001,61.01,1
2018,RS,Sanitation,1,4,direta,True,49.352,71.69,2
2018,RS,Logistics,18,245,indireta,True,25.174,36.568,3
2018,RS,Rail transport,1,20,direta,True,21.031,30.55,1
2018,RS,Energy,18,247,indireta,True,19.092,27.733,2
2018,RS,Health,1,84,indireta,False,11.32,16.443,1
2018,RS,Energy,18,245,indireta,True,10.353,15.038,2
2018,RS,Energy,1,35,direta,True,8.709,12.651,1
2018,RS,Education,18,247,indireta,False,6.645,9.653,1
2018,RS,Education,1,89,direta,False,4.312,6.264,1
2018,RS,Telecommunications,22,280,indireta,True,5.835,8.476,3
2018,RS,Logistics,18,261,indireta,True,3.076,4.468,2
2018,RS,Health,1,84,direta,False,2.945,4.278,1
2018,RS,Logistics,14,121,indireta,True,8.39,12.188,4
2018,RS,Sanitation,18,245,indireta,True,2.721,3.953,1
2018,RS,Energy,1,110,direta,True,2.631,3.822,1
2018,RS,Logistics,18,266,indireta,True,2.464,3.579,1
2018,RS,Logistics,14,252,indireta,True,2.886,4.192,3
2018,RS,Telecommunications,14,192,indireta,True,1.64,2.383,2
2018,RS,Sanitation,14,252,indireta,True,1.679,2.438,2
2018,RS,Logistics,18,247,indireta,True,0.938,1.362,2
2018,RS,Sanitation,18,247,indireta,True,0.804,1.168,1
2018,RS,Telecommunications,18,267,indireta,True,0.551,0.801,1
2018,RS,Logistics,22,280,indireta,True,1.063,1.543,3
2018,RS,Logistics,14,192,indireta,True,0.296,0.43,1
2018,RS,Logistics,18,246,indireta,True,0.26,0.378,1
2018,RS,Sanitation,14,192,indireta,True,0.226,0.328,1
2018,RS,Energy,14,252,indireta,True,0.205,0.298,1
2018,RS,Logistics,18,289,indireta,True,0.16,0.232,1
2018,RS,Sanitation,22,280,indireta,True,0.219,0.318,3
2018,RS,Energy,14,196,indireta,True,0.075,0.108,1
2018,RS,Logistics,18,241,indireta,True,0.065,0.094,1
2018,RS,Energy,22,280,indireta,True,0.031,0.045,1
2018,RS,Sanitation,0,0,direta,True,0.024,0.034,1
2018,SC,Energy,1,69,direta,True,66.4,96.453,1
2018,SC,Energy,18,268,indireta,True,44.844,65.141,1
2018,SC,Energy,18,247,indireta,True,40.898,59.408,2
2018,SC,Logistics,1,121,direta,True,17.79,25.842,1
2018,SC,Logistics,18,33,indireta,True,15.178,22.048,2
2018,SC,Logistics,18,245,indireta,True,11.828,17.181,2
2018,SC,Energy,18,245,indireta,True,9.394,13.646,2
2018,SC,Rail transport,1,20,direta,True,9.049,13.145,1
2018,SC,Sanitation,14,252,indireta,True,9.447,13.723,2
2018,SC,Energy,14,192,indireta,True,15.873,23.057,3
2018,SC,Logistics,18,121,indireta,True,12.111,17.593,4
2018,SC,Logistics,14,252,indireta,True,7.448,10.819,4
2018,SC,Telecommunications,22,280,indireta,True,5.393,7.834,3
2018,SC,Health,1,149,indireta,False,2.847,4.135,1
2018,SC,Health,18,266,indireta,False,2.175,3.16,1
2018,SC,Logistics,14,192,indireta,True,1.999,2.904,1
2018,SC,Sanitation,18,264,indireta,True,1.926,2.798,1
2018,SC,Logistics,18,247,indireta,True,1.92,2.788,1
2018,SC,Health,18,247,indireta,False,1.576,2.29,1
2018,SC,Logistics,14,196,indireta,True,1.343,1.95,1
2018,SC,Telecommunications,18,247,indireta,True,1.258,1.827,1
2018,SC,Education,18,247,indireta,False,1.049,1.524,1
2018,SC,Logistics,22,280,indireta,True,1.352,1.964,3
2018,SC,Sanitation,14,192,indireta,True,0.932,1.354,2
2018,SC,Telecommunications,14,192,indireta,True,1.179,1.712,2
2018,SC,Logistics,1,33,indireta,True,0.554,0.804,1
2018,SC,Logistics,1,110,direta,True,0.247,0.359,1
2018,SC,Energy,22,280,indireta,True,0.244,0.355,1
2018,SC,Sanitation,22,280,indireta,True,0.356,0.517,3
2018,SC,Energy,14,56,indireta,True,0.162,0.236,1
2018,SC,Energy,14,196,indireta,True,0.16,0.233,1
2018,SC,Sanitation,18,245,indireta,True,0.039,0.057,1
2018,SC,Health,18,244,indireta,False,0.029,0.042,1
2018,SC,Logistics,18,244,indireta,True,0.02,0.029,1
2018,SC,Education,18,244,indireta,False,0.034,0.049,2
2018,SE,Sanitation,14,252,indireta,True,8.289,12.04,1
2018,SE,Sanitation,0,0,direta,True,4.184,6.078,1
2018,SE,Rail transport,1,20,indireta,True,0.177,0.257,1
2018,SE,Rail transport,1,20,direta,True,0.099,0.144,1
2018,SE,Telecommunications,22,280,indireta,True,0.139,0.202,2
2018,SE,Logistics,22,280,indireta,True,0.084,0.122,1
2018,SE,Health,1,291,direta,False,0.043,0.063,1
2018,SP,Energy,1,8,direta,True,696.608,1011.9,1
2018,SP,Energy,1,69,direta,True,366.777,532.784,1
2018,SP,Energy,1,8,indireta,True,259.817,377.413,1
2018,SP,Road transport,1,43,direta,True,266.533,387.169,2
2018,SP,Sanitation,1,4,direta,True,139.31,202.363,1
2018,SP,Urban mobility,1,41,direta,True,118.301,171.845,1
2018,SP,Urban mobility,1,118,direta,True,90.0,130.735,1
2018,SP,Rail transport,1,170,direta,True,62.107,90.218,1
2018,SP,Health,1,124,direta,False,57.489,83.51,1
2018,SP,Health,1,149,indireta,False,50.0,72.631,1
2018,SP,Health,1,165,indireta,False,44.509,64.654,2
2018,SP,Energy,1,292,direta,True,34.0,49.389,1
2018,SP,Sanitation,14,252,indireta,True,27.275,39.619,4
2018,SP,Health,18,268,indireta,False,19.231,27.936,1
2018,SP,Energy,1,196,direta,True,18.0,26.147,1
2018,SP,Sanitation,1,173,direta,True,15.096,21.928,1
2018,SP,Rail transport,1,20,indireta,True,13.745,19.966,1
2018,SP,Rail transport,1,20,direta,True,11.753,17.072,1
2018,SP,Logistics,18,121,indireta,True,20.598,29.922,4
2018,SP,Logistics,14,121,indireta,True,11.084,16.101,3
2018,SP,Health,18,247,indireta,False,8.459,12.287,1
2018,SP,Energy,14,192,indireta,True,7.478,10.862,1
2018,SP,Ports,1,164,direta,True,5.3,7.699,1
2018,SP,Health,1,291,direta,False,5.0,7.263,1
2018,SP,Education,18,247,indireta,False,6.608,9.598,3
2018,SP,Health,1,149,direta,False,4.548,6.606,1
2018,SP,Logistics,1,33,indireta,True,4.481,6.509,1
2018,SP,Logistics,1,121,indireta,True,4.46,6.478,1
2018,SP,Logistics,14,192,indireta,True,6.981,10.141,4
2018,SP,Telecommunications,22,280,indireta,True,9.103,13.224,3
2018,SP,Logistics,18,247,indireta,True,6.84,9.936,2
2018,SP,Education,0,21,direta,False,3.615,5.252,1
2018,SP,Telecommunications,14,192,indireta,True,4.49,6.523,3
2018,SP,Logistics,14,252,indireta,True,9.385,13.633,4
2018,SP,Sanitation,14,192,indireta,True,4.297,6.242,3
2018,SP,Ports,1,38,direta,True,5.287,7.681,2
2018,SP,Logistics,22,280,indireta,True,6.176,8.971,3
2018,SP,Energy,1,110,direta,True,2.579,3.746,1
2018,SP,Sanitation,22,280,indireta,True,2.584,3.753,3
2018,SP,Sanitation,18,248,indireta,True,1.342,1.95,1
2018,SP,Sanitation,0,0,direta,True,1.214,1.763,1
2018,SP,Rail transport,1,110,direta,True,1.063,1.544,1
2018,SP,Logistics,1,110,direta,True,0.676,0.982,1
2018,SP,Sanitation,0,21,direta,True,0.637,0.925,1
2018,SP,Health,1,110,direta,False,0.328,0.477,1
2018,SP,Rail transport,22,280,indireta,True,0.013,0.019,1
2018,TO,Energy,1,10,direta,True,613.106,890.604,1
2018,TO,Rail transport,1,170,direta,True,31.895,46.331,1
2018,TO,Logistics,18,121,indireta,True,4.426,6.429,2
2018,TO,Logistics,14,121,indireta,True,1.749,2.541,1
2018,TO,Energy,14,192,indireta,True,0.589,0.856,1
2018,TO,Telecommunications,22,280,indireta,True,0.441,0.641,2
2018,TO,Education,1,89,direta,False,0.327,0.475,1
2018,TO,Logistics,14,252,indireta,True,0.235,0.342,1
2018,TO,Rail transport,1,20,indireta,True,0.177,0.257,1
2018,TO,Logistics,22,280,indireta,True,0.112,0.163,1
2018,TO,Rail transport,1,20,direta,True,0.099,0.144,1
2019,AL,Energy,1,8,direta,True,75.0,105.025,1
2019,AL,Sanitation,0,0,direta,True,1.391,1.949,1
2019,AL,Education,18,271,indireta,False,0.842,1.179,2
2019,AL,Sanitation,14,252,indireta,True,0.403,0.565,1
2019,AL,Logistics,18,271,indireta,True,0.3,0.42,1
2019,AL,Energy,1,110,direta,True,0.178,0.25,1
2019,AL,Health,18,271,indireta,False,0.11,0.154,1
2019,AL,Telecommunications,22,280,indireta,True,0.083,0.117,2
2019,AM,Education,1,89,direta,False,1.691,2.368,1
2019,AM,Health,0,0,direta,False,1.428,1.999,1
2019,AM,Logistics,14,252,indireta,True,0.396,0.555,1
2019,AM,Telecommunications,22,280,indireta,True,0.162,0.227,2
2019,AM,Sanitation,14,252,indireta,True,0.073,0.103,1
2019,AM,Logistics,22,280,indireta,True,0.028,0.039,2
2019,AP,Education,1,89,direta,False,1.512,2.118,1
2019,AP,Energy,1,110,direta,True,0.8,1.12,1
2019,AP,Telecommunications,22,280,indireta,True,0.573,0.802,1
2019,AP,Telecommunications,18,271,indireta,True,0.192,0.269,1
2019,BA,Energy,1,163,direta,True,1353.153,1894.867,1
2019,BA,Energy,1,69,direta,True,476.912,667.836,2
2019,BA,Energy,1,8,direta,True,192.645,269.768,1
2019,BA,Energy,1,10,direta,True,149.595,209.484,1
2019,BA,Ports,1,164,direta,True,118.114,165.399,1
2019,BA,Energy,1,35,direta,True,77.626,108.703,1
2019,BA,Sanitation,1,4,direta,True,30.0,42.01,1
2019,BA,Urban mobility,1,168,direta,True,13.18,18.456,1
2019,BA,Energy,1,110,direta,True,10.31,14.437,1
2019,BA,Education,18,247,indireta,False,10.0,14.003,1
2019,BA,Sanitation,0,0,direta,True,5.334,7.469,1
2019,BA,Education,1,89,direta,False,3.914,5.481,1
2019,BA,Logistics,14,121,indireta,True,3.0,4.201,1
2019,BA,Road transport,1,43,direta,True,2.011,2.816,1
2019,BA,Sanitation,14,252,indireta,True,1.815,2.542,2
2019,BA,Health,0,0,direta,False,1.428,1.999,1
2019,BA,Health,18,247,indireta,False,2.086,2.921,3
2019,BA,Logistics,18,121,indireta,True,1.204,1.686,1
2019,BA,Health,18,271,indireta,False,1.16,1.624,2
2019,BA,Logistics,22,280,indireta,True,1.042,1.459,3
2019,BA,Telecommunications,22,280,indireta,True,1.647,2.306,3
2019,BA,Logistics,14,252,indireta,True,0.651,0.912,2
2019,BA,Education,18,271,indireta,False,0.35,0.49,1
2019,BA,Sanitation,14,192,indireta,True,0.3,0.42,1
2019,BA,Logistics,14,192,indireta,True,0.292,0.409,1
2019,BA,Telecommunications,18,271,indireta,True,0.25,0.35,1
2019,BA,Sanitation,22,280,indireta,True,0.219,0.306,2
2019,BA,Sanitation,18,271,indireta,True,0.15,0.21,1
2019,BA,Energy,18,245,indireta,True,0.049,0.069,1
2019,CE,Urban mobility,1,118,direta,True,275.0,385.092,1
2019,CE,Energy,1,69,direta,True,150.525,210.785,1
2019,CE,Energy,1,163,direta,True,44.334,62.082,1
2019,CE,Sanitation,1,173,direta,True,35.789,50.117,1
2019,CE,Ports,1,38,direta,True,35.0,49.012,1
2019,CE,Sanitation,1,4,direta,True,24.157,33.828,2
2019,CE,Energy,1,110,direta,True,4.929,6.902,1
2019,CE,Sanitation,0,0,direta,True,3.479,4.871,1
2019,CE,Sanitation,18,247,indireta,True,1.982,2.776,1
2019,CE,Telecommunications,22,280,indireta,True,1.062,1.488,3
2019,CE,Sanitation,14,252,indireta,True,0.569,0.797,2
2019,CE,Logistics,22,280,indireta,True,0.307,0.43,2
2019,CE,Sanitation,14,192,indireta,True,0.235,0.329,1
2019,CE,Logistics,14,252,indireta,True,0.209,0.292,1
2019,CE,Education,1,89,direta,False,0.17,0.239,1
2019,CE,Sanitation,22,280,indireta,True,0.052,0.073,1
2019,CE,Rail transport,22,280,indireta,True,0.03,0.042,1
2019,DF,Sanitation,14,252,indireta,True,1.631,2.284,2
2019,DF,Logistics,14,192,indireta,True,0.417,0.584,1
2019,DF,Telecommunications,22,280,indireta,True,0.182,0.254,2
2019,DF,Logistics,22,280,indireta,True,0.231,0.323,2
2019,DF,Sanitation,22,280,indireta,True,0.097,0.136,1
2019,DF,Sanitation,14,192,indireta,True,0.129,0.181,2
2019,DF,Education,1,89,direta,False,0.048,0.067,1
2019,DF,Energy,1,110,direta,True,0.039,0.055,1
2019,ES,Road transport,1,43,direta,True,48.259,67.579,1
2019,ES,Sanitation,1,173,direta,True,40.0,56.013,1
2019,ES,Urban mobility,1,41,direta,True,7.364,10.312,1
2019,ES,Logistics,18,121,indireta,True,2.875,4.026,1
2019,ES,Education,1,89,direta,False,2.824,3.955,1
2019,ES,Logistics,14,192,indireta,True,2.433,3.407,2
2019,ES,Energy,18,245,indireta,True,1.023,1.432,1
2019,ES,Logistics,22,280,indireta,True,0.931,1.304,3
2019,ES,Sanitation,14,252,indireta,True,0.754,1.056,1
2019,ES,Logistics,18,271,indireta,True,0.435,0.609,1
2019,ES,Health,18,271,indireta,False,0.65,0.91,2
2019,ES,Telecommunications,22,280,indireta,True,0.608,0.852,2
2019,ES,Energy,1,110,direta,True,0.286,0.4,1
2019,ES,Sanitation,14,192,indireta,True,0.183,0.257,1
2019,ES,Telecommunications,18,271,indireta,True,0.057,0.08,1
2019,ES,Sanitation,18,271,indireta,True,0.055,0.077,1
2019,ES,Sanitation,22,280,indireta,True,0.076,0.106,3
2019,ES,Energy,14,272,indireta,True,0.029,0.04,1
2019,ES,Energy,14,196,indireta,True,0.021,0.03,1
2019,GO,Energy,1,10,direta,True,181.846,254.646,1
2019,GO,Energy,1,181,direta,True,71.521,100.154,1
2019,GO,Health,18,271,indireta,False,3.159,4.424,2
2019,GO,Sanitation,1,173,direta,True,2.276,3.188,1
2019,GO,Energy,1,110,direta,True,2.029,2.841,1
2019,GO,Telecommunications,22,280,indireta,True,0.998,1.397,3
2019,GO,Telecommunications,18,271,indireta,True,0.94,1.316,2
2019,GO,Energy,14,192,indireta,True,0.71,0.995,2
2019,GO,Education,18,271,indireta,False,0.81,1.134,2
2019,GO,Logistics,14,121,indireta,True,0.386,0.541,1
2019,GO,Logistics,14,192,indireta,True,0.365,0.511,1
2019,GO,Education,18,247,indireta,False,0.3,0.42,1
2019,GO,Logistics,18,121,indireta,True,0.298,0.417,1
2019,GO,Sanitation,14,192,indireta,True,0.219,0.307,1
2019,GO,Logistics,22,280,indireta,True,0.183,0.256,3
2019,GO,Sanitation,18,271,indireta,True,0.088,0.123,1
2019,GO,Sanitation,14,252,indireta,True,0.067,0.094,1
2019,GO,Telecommunications,18,247,indireta,True,0.051,0.071,1
2019,GO,Sanitation,22,280,indireta,True,0.05,0.07,1
2019,GO,Energy,22,280,indireta,True,0.027,0.038,1
2019,GO,Energy,14,272,indireta,True,0.025,0.035,1
2019,GO,Rail transport,22,280,indireta,True,0.016,0.023,1
2019,GO,Sanitation,1,4,direta,True,0.006,0.009,1
2019,MA,Energy,1,8,direta,True,403.0,564.335,1
2019,MA,Energy,1,69,direta,True,147.847,207.036,1
2019,MA,Health,0,0,direta,False,1.428,1.999,1
2019,MA,Sanitation,14,252,indireta,True,0.316,0.442,1
2019,MA,Logistics,18,121,indireta,True,0.293,0.41,1
2019,MA,Telecommunications,22,280,indireta,True,0.426,0.597,2
2019,MA,Health,18,271,indireta,False,0.07,0.098,1
2019,MA,Logistics,22,280,indireta,True,0.04,0.057,1
2019,MG,Energy,1,10,direta,True,2518.186,3526.305,1
2019,MG,Energy,1,180,direta,True,414.898,580.997,1
2019,MG,Energy,1,69,direta,True,196.783,275.562,1
2019,MG,Energy,1,181,direta,True,71.521,100.154,1
2019,MG,Sanitation,21,160,direta,True,70.95,99.353,1
2019,MG,Road transport,1,43,direta,True,52.273,73.2,1
2019,MG,Health,1,165,indireta,False,45.0,63.015,1
2019,MG,Rail transport,1,170,direta,True,40.6,56.854,1
2019,MG,Energy,1,163,direta,True,32.0,44.811,1
2019,MG,Energy,1,292,direta,True,27.436,38.42,1
2019,MG,Sanitation,1,4,direta,True,10.112,14.16,1
2019,MG,Road transport,1,43,indireta,True,9.454,13.238,1
2019,MG,Energy,1,196,direta,True,9.165,12.834,1
2019,MG,Energy,14,192,indireta,True,7.217,10.107,3
2019,MG,Logistics,18,121,indireta,True,6.853,9.596,2
2019,MG,Energy,18,247,indireta,True,4.725,6.616,1
2019,MG,Sanitation,14,252,indireta,True,7.323,10.254,4
2019,MG,Energy,14,196,indireta,True,3.808,5.333,1
2019,MG,Health,1,149,indireta,False,3.548,4.969,1
2019,MG,Telecommunications,22,280,indireta,True,4.588,6.424,3
2019,MG,Energy,1,110,direta,True,2.155,3.018,1
2019,MG,Health,18,271,indireta,False,3.367,4.715,2
2019,MG,Sanitation,0,0,direta,True,1.855,2.598,1
2019,MG,Education,18,271,indireta,False,2.241,3.138,2
2019,MG,Logistics,14,252,indireta,True,2.437,3.413,3
2019,MG,Telecommunications,18,271,indireta,True,1.595,2.234,2
2019,MG,Education,0,21,direta,False,1.205,1.687,1
2019,MG,Sanitation,1,11,direta,True,1.178,1.65,1
2019,MG,Sanitation,14,192,indireta,True,2.013,2.819,3
2019,MG,Energy,18,268,indireta,True,1.049,1.468,1
2019,MG,Energy,18,245,indireta,True,1.022,1.431,1
2019,MG,Logistics,18,33,indireta,True,0.996,1.395,1
2019,MG,Logistics,14,192,indireta,True,1.312,1.838,2
2019,MG,Sanitation,22,280,indireta,True,1.137,1.593,3
2019,MG,Logistics,22,280,indireta,True,0.86,1.204,3
2019,MG,Telecommunications,14,192,indireta,True,0.598,0.838,2
2019,MG,Sanitation,18,271,indireta,True,0.345,0.483,1
2019,MG,Energy,14,272,indireta,True,0.311,0.436,1
2019,MG,Logistics,18,267,indireta,True,0.228,0.319,1
2019,MG,Sanitation,18,268,indireta,True,0.203,0.285,1
2019,MG,Logistics,18,289,indireta,True,0.197,0.276,1
2019,MG,Energy,22,280,indireta,True,0.147,0.206,1
2019,MG,Logistics,18,271,indireta,True,0.185,0.259,2
2019,MG,Logistics,14,121,indireta,True,0.102,0.143,1
2019,MG,Logistics,18,245,indireta,True,0.05,0.069,1
2019,MG,Health,18,244,indireta,False,0.04,0.056,2
2019,MS,Logistics,1,121,indireta,True,23.575,33.013,1
2019,MS,Energy,1,8,direta,True,13.215,18.506,1
2019,MS,Logistics,1,121,direta,True,12.0,16.804,1
2019,MS,Energy,1,69,direta,True,6.107,8.552,1
2019,MS,Logistics,1,33,indireta,True,4.467,6.256,1
2019,MS,Logistics,18,33,indireta,True,4.373,6.124,1
2019,MS,Logistics,18,247,indireta,True,2.245,3.144,1
2019,MS,Logistics,18,121,indireta,True,2.679,3.751,2
2019,MS,Energy,14,196,indireta,True,1.703,2.385,1
2019,MS,Logistics,14,192,indireta,True,1.94,2.717,2
2019,MS,Health,0,0,direta,False,1.428,1.999,1
2019,MS,Telecommunications,18,271,indireta,True,0.695,0.973,1
2019,MS,Telecommunications,22,280,indireta,True,0.587,0.822,2
2019,MS,Health,18,247,indireta,False,0.4,0.56,1
2019,MS,Health,18,271,indireta,False,0.5,0.7,2
2019,MS,Telecommunications,14,192,indireta,True,0.24,0.336,1
2019,MS,Energy,14,192,indireta,True,0.196,0.274,1
2019,MS,Logistics,14,252,indireta,True,0.17,0.238,1
2019,MS,Sanitation,22,280,indireta,True,0.063,0.088,2
2019,MS,Logistics,22,280,indireta,True,0.068,0.095,2
2019,MS,Energy,14,272,indireta,True,0.046,0.065,1
2019,MT,Energy,1,69,direta,True,430.337,602.616,1
2019,MT,Rail transport,1,170,direta,True,173.334,242.726,1
2019,MT,Sanitation,1,4,direta,True,119.993,168.031,1
2019,MT,Energy,1,35,direta,True,36.746,51.457,1
2019,MT,Energy,1,110,direta,True,4.821,6.751,1
2019,MT,Health,18,271,indireta,False,3.025,4.236,2
2019,MT,Education,18,271,indireta,False,1.605,2.248,2
2019,MT,Sanitation,14,192,indireta,True,1.087,1.522,1
2019,MT,Logistics,14,252,indireta,True,1.497,2.097,3
2019,MT,Logistics,18,121,indireta,True,1.92,2.689,2
2019,MT,Telecommunications,22,280,indireta,True,1.262,1.768,3
2019,MT,Education,18,247,indireta,False,0.75,1.05,1
2019,MT,Telecommunications,18,271,indireta,True,0.65,0.91,2
2019,MT,Health,18,247,indireta,False,0.541,0.757,1
2019,MT,Sanitation,22,280,indireta,True,0.587,0.822,3
2019,MT,Energy,14,192,indireta,True,0.32,0.448,1
2019,MT,Telecommunications,14,252,indireta,True,0.15,0.21,1
2019,MT,Telecommunications,14,192,indireta,True,0.212,0.297,2
2019,MT,Logistics,22,280,indireta,True,0.144,0.201,2
2019,MT,Energy,18,245,indireta,True,0.033,0.046,1
2019,PA,Energy,1,8,direta,True,751.0,1051.652,1
2019,PA,Energy,1,10,direta,True,269.688,377.654,1
2019,PA,Energy,1,110,direta,True,2.997,4.197,1
2019,PA,Sanitation,14,192,indireta,True,2.744,3.843,1
2019,PA,Logistics,14,252,indireta,True,2.837,3.972,2
2019,PA,Sanitation,14,252,indireta,True,0.93,1.302,2
2019,PA,Logistics,14,192,indireta,True,0.756,1.059,1
2019,PA,Telecommunications,22,280,indireta,True,1.136,1.591,3
2019,PA,Education,1,89,direta,False,0.698,0.977,1
2019,PA,Logistics,18,121,indireta,True,0.24,0.336,1
2019,PA,Health,18,271,indireta,False,0.175,0.245,1
2019,PA,Sanitation,22,280,indireta,True,0.159,0.223,1
2019,PA,Logistics,22,280,indireta,True,0.007,0.01,1
2019,PB,Telecommunications,1,18,direta,True,6.214,8.702,1
2019,PB,Telecommunications,1,200,direta,True,4.979,6.973,1
2019,PB,Telecommunications,14,192,indireta,True,3.0,4.201,1
2019,PB,Sanitation,0,0,direta,True,2.783,3.897,1
2019,PB,Logistics,14,252,indireta,True,0.689,0.965,1
2019,PB,Education,1,89,direta,False,0.426,0.597,1
2019,PB,Sanitation,14,252,indireta,True,0.317,0.444,1
2019,PB,Telecommunications,22,280,indireta,True,0.622,0.871,3
2019,PB,Sanitation,14,192,indireta,True,0.158,0.222,1
2019,PB,Energy,1,110,direta,True,0.108,0.151,1
2019,PB,Sanitation,22,280,indireta,True,0.037,0.051,1
2019,PE,Energy,1,8,direta,True,133.765,187.316,1
2019,PE,Energy,1,110,direta,True,5.657,7.922,1
2019,PE,Education,1,89,direta,False,5.5,7.702,1
2019,PE,Road transport,1,43,direta,True,4.325,6.057,1
2019,PE,Telecommunications,1,18,direta,True,3.496,4.895,1
2019,PE,Telecommunications,1,200,direta,True,2.801,3.922,1
2019,PE,Sanitation,0,0,direta,True,2.783,3.897,1
2019,PE,Sanitation,14,252,indireta,True,0.971,1.36,1
2019,PE,Sanitation,14,192,indireta,True,0.9,1.26,1
2019,PE,Sanitation,18,271,indireta,True,0.804,1.126,1
2019,PE,Logistics,14,252,indireta,True,0.52,0.728,1
2019,PE,Telecommunications,22,280,indireta,True,0.763,1.069,3
2019,PE,Sanitation,1,4,direta,True,0.264,0.37,1
2019,PE,Energy,18,245,indireta,True,0.261,0.366,1
2019,PE,Education,18,271,indireta,False,0.22,0.308,1
2019,PE,Logistics,18,271,indireta,True,0.15,0.21,1
2019,PE,Sanitation,22,280,indireta,True,0.062,0.087,2
2019,PE,Logistics,22,280,indireta,True,0.019,0.027,1
2019,PI,Energy,1,8,direta,True,200.0,280.067,1
2019,PI,Energy,1,69,direta,True,29.895,41.863,2
2019,PI,Energy,1,110,direta,True,8.886,12.443,1
2019,PI,Logistics,14,121,indireta,True,2.661,3.726,1
2019,PI,Sanitation,0,0,direta,True,2.087,2.923,1
2019,PI,Logistics,18,121,indireta,True,1.872,2.621,1
2019,PI,Telecommunications,22,280,indireta,True,0.893,1.251,3
2019,PI,Telecommunications,18,271,indireta,True,0.22,0.308,1
2019,PI,Telecommunications,14,192,indireta,True,0.199,0.279,1
2019,PI,Sanitation,22,280,indireta,True,0.14,0.196,1
2019,PI,Sanitation,14,252,indireta,True,0.119,0.166,1
2019,PR,Energy,1,69,direta,True,229.94,321.993,1
2019,PR,Sanitation,21,160,direta,True,93.953,131.566,1
2019,PR,Sanitation,1,4,direta,True,72.252,101.176,1
2019,PR,Logistics,18,33,indireta,True,47.177,66.064,1
2019,PR,Logistics,1,121,direta,True,43.412,60.791,1
2019,PR,Logistics,1,33,direta,True,33.0,46.211,1
2019,PR,Logistics,18,245,indireta,True,29.567,41.404,3
2019,PR,Energy,1,163,direta,True,15.0,21.005,1
2019,PR,Logistics,18,121,indireta,True,13.505,18.911,1
2019,PR,Energy,14,196,indireta,True,26.146,36.613,4
2019,PR,Energy,18,245,indireta,True,17.718,24.811,2
2019,PR,Logistics,1,33,indireta,True,9.734,13.631,1
2019,PR,Energy,14,192,indireta,True,5.85,8.192,1
2019,PR,Energy,18,247,indireta,True,7.463,10.45,2
2019,PR,Sanitation,18,264,indireta,True,4.101,5.742,2
2019,PR,Logistics,14,192,indireta,True,2.483,3.477,1
2019,PR,Education,1,89,direta,False,2.469,3.457,2
2019,PR,Logistics,14,252,indireta,True,3.134,4.388,3
2019,PR,Health,18,271,indireta,False,3.494,4.893,2
2019,PR,Energy,18,33,indireta,True,1.864,2.611,1
2019,PR,Sanitation,14,252,indireta,True,2.664,3.731,2
2019,PR,Telecommunications,22,280,indireta,True,2.647,3.707,3
2019,PR,Telecommunications,18,271,indireta,True,1.776,2.486,2
2019,PR,Education,18,271,indireta,False,2.159,3.024,2
2019,PR,Sanitation,14,192,indireta,True,1.829,2.561,2
2019,PR,Logistics,22,280,indireta,True,1.509,2.113,3
2019,PR,Logistics,18,271,indireta,True,0.795,1.113,2
2019,PR,Logistics,14,196,indireta,True,0.619,0.867,1
2019,PR,Telecommunications,14,192,indireta,True,0.588,0.823,1
2019,PR,Sanitation,18,271,indireta,True,0.505,0.707,2
2019,PR,Sanitation,22,280,indireta,True,0.664,0.929,3
2019,PR,Education,18,247,indireta,False,0.14,0.196,1
2019,PR,Logistics,1,121,indireta,True,0.139,0.195,1
2019,PR,Sanitation,14,272,indireta,True,0.077,0.107,1
2019,PR,Sanitation,18,245,indireta,True,0.053,0.074,1
2019,PR,Energy,1,110,direta,True,0.052,0.073,1
2019,PR,Rail transport,22,280,indireta,True,0.018,0.026,1
2019,RJ,Energy,1,32,direta,True,1224.804,1715.137,1
2019,RJ,Energy,1,8,direta,True,289.015,404.718,1
2019,RJ,Energy,1,10,direta,True,155.275,217.437,1
2019,RJ,Urban mobility,1,118,direta,True,117.206,164.128,1
2019,RJ,Sanitation,1,4,direta,True,63.922,89.512,1
2019,RJ,Rail transport,1,170,direta,True,40.6,56.854,1
2019,RJ,Education,1,89,direta,False,20.807,29.136,2
2019,RJ,Sanitation,14,192,indireta,True,13.032,18.25,2
2019,RJ,Sanitation,18,248,indireta,True,10.674,14.948,1
2019,RJ,Energy,1,69,direta,True,9.566,13.396,1
2019,RJ,Sanitation,1,173,direta,True,8.948,12.53,1
2019,RJ,Ports,1,164,indireta,True,7.115,9.963,1
2019,RJ,Health,1,296,direta,False,5.708,7.993,1
2019,RJ,Logistics,18,248,indireta,True,5.217,7.306,1
2019,RJ,Health,18,250,indireta,False,2.988,4.184,1
2019,RJ,Telecommunications,22,280,indireta,True,2.989,4.186,3
2019,RJ,Education,18,271,indireta,False,1.636,2.291,2
2019,RJ,Logistics,1,110,direta,True,1.453,2.035,1
2019,RJ,Energy,14,192,indireta,True,2.008,2.812,2
2019,RJ,Sanitation,14,252,indireta,True,1.511,2.116,3
2019,RJ,Sanitation,18,271,indireta,True,0.55,0.77,1
2019,RJ,Telecommunications,14,192,indireta,True,0.491,0.688,1
2019,RJ,Health,18,271,indireta,False,0.776,1.087,2
2019,RJ,Energy,18,268,indireta,True,0.389,0.544,1
2019,RJ,Energy,1,110,direta,True,0.364,0.51,1
2019,RJ,Sanitation,18,268,indireta,True,0.334,0.468,1
2019,RJ,Telecommunications,18,271,indireta,True,0.315,0.441,1
2019,RJ,Logistics,22,280,indireta,True,0.481,0.673,3
2019,RJ,Logistics,14,252,indireta,True,0.166,0.232,1
2019,RJ,Logistics,14,192,indireta,True,0.228,0.319,2
2019,RJ,Energy,14,196,indireta,True,0.114,0.16,1
2019,RJ,Sanitation,22,280,indireta,True,0.174,0.243,3
2019,RN,Energy,1,10,direta,True,450.0,630.151,1
2019,RN,Energy,1,69,direta,True,299.313,419.139,1
2019,RN,Energy,21,160,direta,True,90.507,126.741,1
2019,RN,Energy,1,110,direta,True,8.09,11.329,1
2019,RN,Education,1,89,direta,False,4.63,6.484,1
2019,RN,Sanitation,0,0,direta,True,2.087,2.923,1
2019,RN,Energy,1,30,direta,True,2.077,2.908,1
2019,RN,Sanitation,14,252,indireta,True,1.192,1.67,1
2019,RN,Telecommunications,22,280,indireta,True,0.225,0.315,2
2019,RN,Health,18,271,indireta,False,0.162,0.227,1
2019,RN,Telecommunications,14,192,indireta,True,0.157,0.22,1
2019,RN,Sanitation,1,4,direta,True,0.068,0.096,1
2019,RO,Energy,1,10,direta,True,343.2,480.595,1
2019,RO,Energy,1,110,direta,True,11.507,16.114,1
2019,RO,Energy,14,192,indireta,True,1.343,1.88,1
2019,RO,Energy,14,272,indireta,True,0.285,0.399,1
2019,RO,Health,18,271,indireta,False,0.28,0.392,1
2019,RO,Telecommunications,22,280,indireta,True,0.281,0.393,2
2019,RO,Telecommunications,14,192,indireta,True,0.15,0.21,1
2019,RO,Energy,18,245,indireta,True,0.105,0.147,1
2019,RO,Telecommunications,18,271,indireta,True,0.045,0.063,1
2019,RO,Sanitation,22,280,indireta,True,0.025,0.035,1
2019,RO,Logistics,22,280,indireta,True,0.013,0.018,1
2019,RR,Sanitation,14,192,indireta,True,0.216,0.302,1
2019,RR,Telecommunications,22,280,indireta,True,0.135,0.189,1
2019,RR,Logistics,14,252,indireta,True,0.108,0.151,1
2019,RR,Education,18,271,indireta,False,0.1,0.14,1
2019,RR,Energy,14,272,indireta,True,0.063,0.088,1
2019,RS,Airports,1,169,direta,True,767.0,1074.057,1
2019,RS,Energy,1,69,direta,True,207.896,291.124,1
2019,RS,Energy,1,8,direta,True,154.0,215.652,1
2019,RS,Energy,18,247,indireta,True,64.153,89.835,1
2019,RS,Sanitation,1,173,direta,True,35.445,49.635,1
2019,RS,Energy,18,245,indireta,True,25.448,35.636,3
2019,RS,Energy,21,160,direta,True,15.788,22.108,1
2019,RS,Education,18,268,indireta,False,14.504,20.31,1
2019,RS,Energy,14,192,indireta,True,16.813,23.544,2
2019,RS,Logistics,18,33,indireta,True,11.595,16.236,1
2019,RS,Sanitation,1,4,direta,True,16.829,23.566,2
2019,RS,Energy,14,196,indireta,True,18.887,26.449,3
2019,RS,Logistics,18,121,indireta,True,8.844,12.384,4
2019,RS,Telecommunications,14,192,indireta,True,5.838,8.175,2
2019,RS,Logistics,18,245,indireta,True,8.296,11.617,4
2019,RS,Energy,1,69,indireta,True,3.18,4.454,1
2019,RS,Telecommunications,18,271,indireta,True,3.452,4.834,2
2019,RS,Sanitation,18,245,indireta,True,3.326,4.657,2
2019,RS,Energy,1,110,direta,True,3.014,4.221,2
2019,RS,Telecommunications,18,247,indireta,True,2.834,3.968,1
2019,RS,Telecommunications,22,280,indireta,True,3.427,4.799,3
2019,RS,Health,18,271,indireta,False,2.784,3.899,2
2019,RS,Education,18,271,indireta,False,2.216,3.102,2
2019,RS,Sanitation,18,271,indireta,True,1.779,2.491,2
2019,RS,Energy,14,252,indireta,True,1.349,1.889,1
2019,RS,Logistics,18,270,indireta,True,1.24,1.736,1
2019,RS,Logistics,14,192,indireta,True,0.978,1.37,1
2019,RS,Logistics,18,247,indireta,True,0.97,1.358,1
2019,RS,Logistics,14,252,indireta,True,0.929,1.301,2
2019,RS,Logistics,18,271,indireta,True,0.86,1.204,2
2019,RS,Sanitation,14,252,indireta,True,1.079,1.512,2
2019,RS,Energy,18,264,indireta,True,0.565,0.791,1
2019,RS,Logistics,22,280,indireta,True,0.889,1.245,3
2019,RS,Sanitation,18,264,indireta,True,0.47,0.658,1
2019,RS,Education,0,0,direta,False,0.457,0.64,1
2019,RS,Logistics,14,121,indireta,True,0.29,0.406,1
2019,RS,Sanitation,22,280,indireta,True,0.357,0.501,3
2019,RS,Energy,14,272,indireta,True,0.261,0.365,1
2019,RS,Sanitation,14,192,indireta,True,0.664,0.93,3
2019,RS,Energy,22,280,indireta,True,0.198,0.277,1
2019,RS,Education,1,89,direta,False,0.169,0.236,1
2019,RS,Health,18,244,indireta,False,0.06,0.084,2
2019,SC,Airports,1,169,direta,True,376.613,527.384,1
2019,SC,Energy,18,247,indireta,True,39.461,55.259,2
2019,SC,Energy,1,181,direta,True,35.382,49.546,1
2019,SC,Energy,18,268,indireta,True,30.504,42.716,1
2019,SC,Energy,18,245,indireta,True,32.203,45.095,2
2019,SC,Sanitation,1,173,direta,True,26.15,36.619,1
2019,SC,Energy,14,192,indireta,True,21.155,29.624,3
2019,SC,Logistics,18,245,indireta,True,12.277,17.192,1
2019,SC,Sanitation,14,252,indireta,True,12.225,17.118,2
2019,SC,Logistics,18,33,indireta,True,10.427,14.601,1
2019,SC,Sanitation,1,4,direta,True,7.06,9.887,1
2019,SC,Education,18,247,indireta,False,6.15,8.612,1
2019,SC,Sanitation,14,192,indireta,True,4.627,6.479,1
2019,SC,Logistics,18,247,indireta,True,4.078,5.71,1
2019,SC,Logistics,18,121,indireta,True,3.807,5.331,1
2019,SC,Energy,14,196,indireta,True,6.937,9.714,2
2019,SC,Logistics,14,192,indireta,True,3.602,5.043,3
2019,SC,Education,1,89,direta,False,2.795,3.913,1
2019,SC,Health,18,266,indireta,False,2.222,3.112,1
2019,SC,Telecommunications,22,280,indireta,True,2.613,3.659,3
2019,SC,Logistics,1,33,indireta,True,1.552,2.174,1
2019,SC,Telecommunications,14,192,indireta,True,1.225,1.715,2
2019,SC,Logistics,14,252,indireta,True,1.166,1.633,3
2019,SC,Health,18,247,indireta,False,0.93,1.302,1
2019,SC,Telecommunications,18,271,indireta,True,0.88,1.232,2
2019,SC,Logistics,22,280,indireta,True,0.979,1.371,3
2019,SC,Education,18,271,indireta,False,1.015,1.421,2
2019,SC,Logistics,18,271,indireta,True,0.845,1.183,2
2019,SC,Energy,18,264,indireta,True,0.502,0.703,1
2019,SC,Energy,14,252,indireta,True,0.5,0.7,1
2019,SC,Health,18,271,indireta,False,0.646,0.904,2
2019,SC,Sanitation,18,245,indireta,True,0.337,0.472,1
2019,SC,Sanitation,22,280,indireta,True,0.59,0.827,3
2019,SC,Logistics,14,121,indireta,True,0.26,0.364,1
2019,SC,Sanitation,14,196,indireta,True,0.176,0.246,1
2019,SC,Telecommunications,14,196,indireta,True,0.167,0.234,1
2019,SC,Sanitation,18,271,indireta,True,0.116,0.162,1
2019,SC,Energy,14,272,indireta,True,0.018,0.025,1
2019,SC,Telecommunications,18,244,indireta,True,0.01,0.014,1
2019,SE,Sanitation,0,0,direta,True,1.391,1.949,1
2019,SE,Sanitation,14,252,indireta,True,0.994,1.392,1
2019,SE,Health,18,271,indireta,False,0.18,0.252,1
2019,SE,Telecommunications,22,280,indireta,True,0.198,0.278,2
2019,SE,Energy,1,110,direta,True,0.148,0.207,1
2019,SP,Road transport,1,178,direta,True,438.418,613.932,1
2019,SP,Energy,1,8,direta,True,400.575,560.939,1
2019,SP,Sanitation,1,4,direta,True,260.012,364.104,1
2019,SP,Energy,1,69,direta,True,155.133,217.238,1
2019,SP,Energy,1,10,direta,True,100.0,140.034,1
2019,SP,Ports,1,38,direta,True,78.99,110.612,1
2019,SP,Energy,1,181,direta,True,73.688,103.189,1
2019,SP,Energy,1,211,direta,True,63.618,89.087,1
2019,SP,Rail transport,1,170,direta,True,58.8,82.34,1
2019,SP,Urban mobility,1,168,direta,True,56.563,79.207,1
2019,SP,Sanitation,1,173,direta,True,61.1,85.561,2
2019,SP,Ports,1,38,indireta,True,33.852,47.404,1
2019,SP,Energy,1,163,direta,True,29.049,40.679,1
2019,SP,Health,1,165,indireta,False,38.67,54.152,2
2019,SP,Energy,14,192,indireta,True,25.02,35.036,1
2019,SP,Energy,1,24,direta,True,24.576,34.414,1
2019,SP,Energy,1,196,direta,True,19.793,27.717,2
2019,SP,Education,18,247,indireta,False,15.147,21.211,2
2019,SP,Urban mobility,1,41,direta,True,12.69,17.771,1
2019,SP,Logistics,14,192,indireta,True,12.872,18.025,3
2019,SP,Logistics,18,121,indireta,True,13.446,18.829,3
2019,SP,Sanitation,14,252,indireta,True,13.08,18.317,4
2019,SP,Energy,1,292,direta,True,7.943,11.123,1
2019,SP,Health,1,124,direta,False,6.38,8.934,1
2019,SP,Health,18,271,indireta,False,5.079,7.112,2
2019,SP,Logistics,22,280,indireta,True,6.483,9.078,3
2019,SP,Telecommunications,22,280,indireta,True,9.329,13.064,3
2019,SP,Education,18,271,indireta,False,4.474,6.265,2
2019,SP,Sanitation,14,192,indireta,True,7.003,9.807,3
2019,SP,Energy,1,110,direta,True,3.152,4.413,2
2019,SP,Telecommunications,18,271,indireta,True,2.742,3.84,2
2019,SP,Health,18,247,indireta,False,1.519,2.126,1
2019,SP,Logistics,18,271,indireta,True,1.505,2.108,1
2019,SP,Sanitation,22,280,indireta,True,2.114,2.96,3
2019,SP,Logistics,14,252,indireta,True,1.112,1.557,3
2019,SP,Sanitation,18,271,indireta,True,0.899,1.259,2
2019,SP,Logistics,1,110,direta,True,0.583,0.816,1
2019,SP,Telecommunications,14,192,indireta,True,1.124,1.574,3
2019,SP,Logistics,14,121,indireta,True,0.43,0.602,2
2019,SP,Logistics,1,121,indireta,True,0.284,0.398,1
2019,SP,Logistics,1,33,indireta,True,0.17,0.239,1
2019,SP,Rail transport,22,280,indireta,True,0.018,0.025,1
2019,TO,Energy,1,10,direta,True,138.93,194.549,1
2019,TO,Energy,18,247,indireta,True,12.286,17.204,1
2019,TO,Energy,14,192,indireta,True,7.278,10.191,1
2019,TO,Energy,1,110,direta,True,0.416,0.582,1
2019,TO,Education,18,271,indireta,False,0.25,0.35,1
2019,TO,Telecommunications,22,280,indireta,True,0.281,0.394,2
2019,TO,Telecommunications,14,192,indireta,True,0.123,0.172,1
2019,TO,Logistics,22,280,indireta,True,0.072,0.101,1
2019,TO,Logistics,18,271,indireta,True,0.03,0.042,1
2020,AC,Logistics,14,252,indireta,True,0.235,0.319,1
2020,AC,Health,0,83,direta,False,0.111,0.15,1
2020,AC,Health,18,271,indireta,False,0.1,0.136,1
2020,AL,Energy,1,8,direta,True,125.0,169.595,1
2020,AL,Sanitation,0,0,direta,True,0.425,0.576,1
2020,AL,Health,18,271,indireta,False,0.54,0.733,2
2020,AL,Education,18,271,indireta,False,0.415,0.563,1
2020,AL,Telecommunications,18,271,indireta,True,0.27,0.366,1
2020,AL,Telecommunications,22,280,indireta,True,0.073,0.099,2
2020,AM,Road transport,1,43,direta,True,46.879,63.604,1
2020,AM,Sanitation,1,4,direta,True,16.925,22.964,1
2020,AM,Health,0,0,direta,False,0.967,1.312,1
2020,AM,Sanitation,14,252,indireta,True,0.811,1.1,1
2020,AM,Telecommunications,18,271,indireta,True,0.5,0.678,1
2020,AM,Education,18,271,indireta,False,0.23,0.312,1
2020,AM,Health,0,83,direta,False,0.111,0.15,1
2020,AM,Health,18,271,indireta,False,0.11,0.149,1
2020,AM,Telecommunications,22,280,indireta,True,0.137,0.186,2
2020,AP,Education,1,89,direta,False,0.6,0.814,1
2020,AP,Telecommunications,22,280,indireta,True,0.511,0.693,1
2020,AP,Education,18,271,indireta,False,0.3,0.407,1
2020,AP,Health,0,83,direta,False,0.111,0.15,1
2020,BA,Energy,1,163,direta,True,861.933,1169.438,1
2020,BA,Energy,1,10,direta,True,397.639,539.501,1
2020,BA,Energy,1,180,direta,True,329.026,446.409,1
2020,BA,Energy,1,69,direta,True,316.4,429.279,1
2020,BA,Ports,1,164,direta,True,118.702,161.05,1
2020,BA,Health,1,84,direta,False,100.0,135.676,1
2020,BA,Education,1,89,direta,False,16.651,22.592,2
2020,BA,Energy,1,35,direta,True,11.423,15.499,1
2020,BA,Health,18,271,indireta,False,10.169,13.797,3
2020,BA,Education,18,247,indireta,False,4.35,5.902,1
2020,BA,Health,18,247,indireta,False,3.611,4.899,2
2020,BA,Energy,1,110,direta,True,2.719,3.689,1
2020,BA,Sanitation,14,192,indireta,True,2.042,2.771,1
2020,BA,Sanitation,0,0,direta,True,1.628,2.208,1
2020,BA,Health,0,0,direta,False,1.547,2.099,1
2020,BA,Logistics,14,192,indireta,True,1.25,1.696,1
2020,BA,Sanitation,14,252,indireta,True,1.365,1.852,2
2020,BA,Logistics,14,252,indireta,True,1.083,1.469,1
2020,BA,Education,18,271,indireta,False,1.01,1.37,2
2020,BA,Telecommunications,22,280,indireta,True,0.573,0.777,2
2020,BA,Telecommunications,14,192,indireta,True,0.25,0.339,1
2020,BA,Sanitation,22,280,indireta,True,0.342,0.464,3
2020,BA,Energy,18,245,indireta,True,0.175,0.237,1
2020,BA,Telecommunications,18,271,indireta,True,0.115,0.156,2
2020,BA,Logistics,22,280,indireta,True,0.137,0.185,3
2020,BA,Logistics,18,271,indireta,True,0.055,0.075,1
2020,BA,Sanitation,18,271,indireta,True,0.05,0.068,1
2020,CE,Sanitation,1,173,direta,True,58.955,79.988,1
2020,CE,Energy,1,10,direta,True,30.16,40.92,1
2020,CE,Energy,1,163,direta,True,13.558,18.395,1
2020,CE,Sanitation,1,4,direta,True,9.994,13.56,1
2020,CE,Logistics,18,271,indireta,True,8.1,10.99,1
2020,CE,Energy,1,110,direta,True,1.371,1.86,1
2020,CE,Sanitation,0,0,direta,True,1.061,1.44,1
2020,CE,Health,18,271,indireta,False,1.195,1.621,2
2020,CE,Health,0,0,direta,False,0.967,1.312,1
2020,CE,Telecommunications,22,280,indireta,True,0.945,1.283,2
2020,CE,Sanitation,14,252,indireta,True,0.439,0.595,1
2020,CE,Education,1,89,direta,False,0.433,0.587,1
2020,CE,Telecommunications,14,192,indireta,True,0.395,0.536,1
2020,CE,Sanitation,14,192,indireta,True,0.18,0.244,1
2020,CE,Telecommunications,18,271,indireta,True,0.15,0.204,1
2020,CE,Sanitation,22,280,indireta,True,0.071,0.096,1
2020,CE,Education,18,271,indireta,False,0.06,0.081,1
2020,CE,Logistics,22,280,indireta,True,0.109,0.148,3
2020,DF,Education,18,271,indireta,False,10.69,14.504,2
2020,DF,Sanitation,0,0,direta,True,5.88,7.978,1
2020,DF,Health,18,271,indireta,False,5.17,7.014,3
2020,DF,Education,1,89,direta,False,0.763,1.036,1
2020,DF,Sanitation,14,192,indireta,True,0.615,0.834,1
2020,DF,Telecommunications,18,271,indireta,True,0.9,1.221,2
2020,DF,Energy,18,271,indireta,True,0.5,0.678,1
2020,DF,Logistics,14,252,indireta,True,0.172,0.233,1
2020,DF,Sanitation,18,271,indireta,True,0.1,0.136,1
2020,DF,Telecommunications,22,280,indireta,True,0.057,0.078,2
2020,DF,Logistics,22,280,indireta,True,0.016,0.022,2
2020,ES,Sanitation,1,173,direta,True,57.662,78.233,1
2020,ES,Energy,1,10,direta,True,39.103,53.053,1
2020,ES,Energy,18,247,indireta,True,31.019,42.085,1
2020,ES,Urban mobility,1,41,direta,True,19.068,25.87,1
2020,ES,Airports,1,169,direta,True,13.125,17.807,1
2020,ES,Education,1,89,direta,False,6.861,9.309,1
2020,ES,Logistics,14,252,indireta,True,6.253,8.484,2
2020,ES,Health,18,271,indireta,False,4.324,5.867,3
2020,ES,Health,0,0,direta,False,0.967,1.312,1
2020,ES,Energy,18,245,indireta,True,0.758,1.029,1
2020,ES,Education,18,271,indireta,False,1.368,1.856,3
2020,ES,Sanitation,22,280,indireta,True,0.505,0.686,3
2020,ES,Logistics,22,280,indireta,True,0.365,0.495,2
2020,ES,Sanitation,14,192,indireta,True,0.28,0.38,1
2020,ES,Telecommunications,18,271,indireta,True,0.27,0.366,1
2020,ES,Telecommunications,22,280,indireta,True,0.398,0.539,2
2020,ES,Telecommunications,14,192,indireta,True,0.207,0.281,1
2020,ES,Logistics,18,271,indireta,True,0.17,0.231,2
2020,GO,Energy,1,181,direta,True,81.554,110.649,1
2020,GO,Energy,1,10,direta,True,19.69,26.715,1
2020,GO,Health,18,271,indireta,False,7.105,9.64,2
2020,GO,Education,18,271,indireta,False,3.85,5.224,3
2020,GO,Energy,1,110,direta,True,1.518,2.059,1
2020,GO,Telecommunications,18,271,indireta,True,1.89,2.564,2
2020,GO,Education,18,247,indireta,False,1.075,1.459,1
2020,GO,Logistics,18,271,indireta,True,1.04,1.411,2
2020,GO,Sanitation,18,271,indireta,True,1.51,2.049,2
2020,GO,Health,0,0,direta,False,0.774,1.05,1
2020,GO,Logistics,14,252,indireta,True,0.722,0.98,1
2020,GO,Energy,14,192,indireta,True,0.616,0.835,1
2020,GO,Sanitation,1,173,direta,True,0.5,0.678,1
2020,GO,Education,1,89,direta,False,0.493,0.669,1
2020,GO,Telecommunications,22,280,indireta,True,0.765,1.037,2
2020,GO,Logistics,22,280,indireta,True,0.177,0.24,3
2020,GO,Sanitation,22,280,indireta,True,0.128,0.173,1
2020,GO,Energy,22,280,indireta,True,0.115,0.156,1
2020,GO,Energy,18,245,indireta,True,0.036,0.049,1
2020,GO,Energy,14,272,indireta,True,0.032,0.043,1
2020,GO,Sanitation,14,192,indireta,True,0.029,0.04,1
2020,GO,Rail transport,22,280,indireta,True,0.013,0.018,1
2020,GO,Sanitation,1,110,direta,True,0.001,0.001,1
2020,MA,Energy,1,8,direta,True,240.0,325.623,1
2020,MA,Energy,1,10,direta,True,36.68,49.766,1
2020,MA,Energy,18,271,indireta,True,20.0,27.135,1
2020,MA,Energy,1,110,direta,True,2.6,3.528,1
2020,MA,Health,18,271,indireta,False,1.021,1.385,2
2020,MA,Telecommunications,22,280,indireta,True,0.402,0.546,2
2020,MA,Logistics,14,252,indireta,True,0.207,0.281,1
2020,MA,Sanitation,22,280,indireta,True,0.143,0.193,1
2020,MA,Sanitation,18,271,indireta,True,0.125,0.17,1
2020,MA,Health,0,83,direta,False,0.111,0.15,1
2020,MA,Logistics,18,271,indireta,True,0.1,0.136,1
2020,MA,Education,18,271,indireta,False,0.06,0.081,1
2020,MG,Energy,1,10,direta,True,958.62,1300.619,1
2020,MG,Road transport,1,178,direta,True,119.342,161.918,1
2020,MG,Energy,1,181,direta,True,81.554,110.649,1
2020,MG,Energy,1,180,direta,True,67.002,90.905,1
2020,MG,Energy,18,247,indireta,True,34.585,46.924,1
2020,MG,Sanitation,21,160,direta,True,30.489,41.366,1
2020,MG,Road transport,1,43,direta,True,21.958,29.792,1
2020,MG,Energy,14,196,indireta,True,16.247,22.043,1
2020,MG,Health,18,271,indireta,False,18.112,24.574,3
2020,MG,Road transport,1,43,indireta,True,7.802,10.585,1
2020,MG,Energy,1,163,direta,True,7.752,10.518,1
2020,MG,Energy,1,110,direta,True,7.749,10.514,1
2020,MG,Logistics,14,252,indireta,True,7.757,10.524,2
2020,MG,Energy,1,296,direta,True,7.155,9.708,1
2020,MG,Sanitation,1,4,direta,True,5.812,7.886,1
2020,MG,Education,18,271,indireta,False,11.531,15.645,3
2020,MG,Energy,1,297,direta,True,4.632,6.285,1
2020,MG,Sanitation,1,173,direta,True,4.26,5.78,1
2020,MG,Rail transport,1,170,direta,True,3.391,4.601,1
2020,MG,Sanitation,14,192,indireta,True,3.906,5.3,2
2020,MG,Energy,1,69,direta,True,3.0,4.07,1
2020,MG,Telecommunications,18,271,indireta,True,4.898,6.645,3
2020,MG,Education,0,298,direta,False,2.873,3.898,1
2020,MG,Health,0,0,direta,False,1.934,2.624,1
2020,MG,Logistics,18,271,indireta,True,2.453,3.328,3
2020,MG,Telecommunications,22,280,indireta,True,2.788,3.783,3
2020,MG,Logistics,18,33,indireta,True,1.493,2.025,1
2020,MG,Education,1,89,direta,False,1.487,2.017,1
2020,MG,Logistics,14,192,indireta,True,3.504,4.755,3
2020,MG,Sanitation,14,252,indireta,True,1.246,1.69,2
2020,MG,Logistics,14,33,indireta,True,1.125,1.526,1
2020,MG,Sanitation,18,271,indireta,True,1.7,2.306,3
2020,MG,Energy,14,192,indireta,True,1.0,1.357,1
2020,MG,Education,0,295,direta,False,0.894,1.213,1
2020,MG,Logistics,1,110,direta,True,0.861,1.168,1
2020,MG,Energy,18,245,indireta,True,0.816,1.107,2
2020,MG,Logistics,14,272,indireta,True,0.575,0.78,1
2020,MG,Sanitation,0,0,direta,True,0.566,0.768,1
2020,MG,Sanitation,22,280,indireta,True,0.744,1.01,3
2020,MG,Sanitation,1,110,direta,True,0.445,0.604,1
2020,MG,Logistics,22,280,indireta,True,0.625,0.848,3
2020,MG,Sanitation,18,264,indireta,True,0.3,0.407,1
2020,MG,Telecommunications,14,192,indireta,True,0.1,0.135,2
2020,MG,Energy,14,272,indireta,True,0.034,0.046,1
2020,MG,Energy,22,280,indireta,True,0.022,0.03,2
2020,MS,Energy,1,10,direta,True,295.348,400.717,1
2020,MS,Logistics,1,121,indireta,True,14.983,20.328,1
2020,MS,Energy,1,69,direta,True,7.252,9.839,1
2020,MS,Logistics,1,121,direta,True,6.0,8.141,1
2020,MS,Energy,1,35,direta,True,4.739,6.43,1
2020,MS,Health,18,271,indireta,False,6.78,9.199,3
2020,MS,Logistics,1,33,indireta,True,2.512,3.408,1
2020,MS,Logistics,14,252,indireta,True,1.905,2.585,1
2020,MS,Energy,14,196,indireta,True,1.703,2.311,1
2020,MS,Logistics,18,33,indireta,True,1.463,1.985,1
2020,MS,Education,18,271,indireta,False,2.365,3.209,3
2020,MS,Logistics,14,196,indireta,True,1.16,1.574,1
2020,MS,Education,1,89,direta,False,0.865,1.174,1
2020,MS,Health,0,0,direta,False,0.58,0.787,1
2020,MS,Logistics,18,271,indireta,True,0.56,0.76,1
2020,MS,Telecommunications,22,280,indireta,True,0.506,0.687,2
2020,MS,Sanitation,18,271,indireta,True,0.28,0.38,2
2020,MS,Sanitation,14,192,indireta,True,0.305,0.414,2
2020,MS,Sanitation,14,252,indireta,True,0.127,0.173,1
2020,MS,Logistics,22,280,indireta,True,0.172,0.234,3
2020,MS,Telecommunications,18,271,indireta,True,0.195,0.265,2
2020,MS,Sanitation,22,280,indireta,True,0.037,0.05,2
2020,MS,Energy,14,272,indireta,True,0.018,0.024,1
2020,MT,Rail transport,1,170,direta,True,459.512,623.448,1
2020,MT,Road transport,1,43,indireta,True,48.52,65.83,1
2020,MT,Energy,1,32,direta,True,44.372,60.202,1
2020,MT,Health,18,271,indireta,False,23.452,31.819,3
2020,MT,Sanitation,1,4,direta,True,8.495,11.526,1
2020,MT,Telecommunications,18,271,indireta,True,2.594,3.519,2
2020,MT,Energy,1,110,direta,True,2.401,3.258,1
2020,MT,Education,18,271,indireta,False,2.922,3.964,3
2020,MT,Logistics,18,271,indireta,True,1.91,2.591,2
2020,MT,Sanitation,1,173,direta,True,1.443,1.958,1
2020,MT,Energy,1,69,direta,True,1.161,1.575,1
2020,MT,Health,0,0,direta,False,0.774,1.05,1
2020,MT,Telecommunications,22,280,indireta,True,0.973,1.32,3
2020,MT,Sanitation,14,252,indireta,True,1.06,1.438,3
2020,MT,Education,1,89,direta,False,0.433,0.587,1
2020,MT,Energy,18,264,indireta,True,0.348,0.472,1
2020,MT,Sanitation,18,271,indireta,True,0.525,0.712,2
2020,MT,Telecommunications,14,192,indireta,True,0.212,0.288,1
2020,MT,Logistics,22,280,indireta,True,0.144,0.195,2
2020,MT,Health,0,83,direta,False,0.111,0.15,1
2020,MT,Sanitation,22,280,indireta,True,0.025,0.033,1
2020,PA,Energy,1,10,direta,True,594.185,806.167,1
2020,PA,Energy,1,8,direta,True,440.0,596.975,1
2020,PA,Education,1,89,direta,False,5.038,6.835,2
2020,PA,Sanitation,14,192,indireta,True,2.65,3.595,1
2020,PA,Energy,1,110,direta,True,2.26,3.067,1
2020,PA,Health,18,271,indireta,False,2.826,3.835,3
2020,PA,Health,0,0,direta,False,0.967,1.312,1
2020,PA,Education,18,271,indireta,False,0.75,1.017,2
2020,PA,Telecommunications,22,280,indireta,True,0.93,1.261,3
2020,PA,Logistics,14,252,indireta,True,0.558,0.757,1
2020,PA,Sanitation,14,252,indireta,True,0.49,0.665,1
2020,PA,Telecommunications,18,271,indireta,True,0.865,1.174,2
2020,PA,Health,0,83,direta,False,0.111,0.15,1
2020,PA,Sanitation,22,280,indireta,True,0.067,0.09,1
2020,PA,Logistics,22,280,indireta,True,0.002,0.002,1
2020,PB,Energy,1,163,direta,True,391.47,531.131,1
2020,PB,Energy,1,10,direta,True,259.84,352.541,1
2020,PB,Telecommunications,1,18,direta,True,12.431,16.866,1
2020,PB,Telecommunications,1,200,direta,True,9.975,13.534,1
2020,PB,Sanitation,0,0,direta,True,0.849,1.152,1
2020,PB,Telecommunications,22,280,indireta,True,0.56,0.76,3
2020,PB,Energy,1,110,direta,True,0.198,0.269,1
2020,PB,Education,1,89,direta,False,0.103,0.139,1
2020,PB,Telecommunications,18,271,indireta,True,0.062,0.084,1
2020,PB,Logistics,18,271,indireta,True,0.06,0.081,1
2020,PE,Telecommunications,1,18,direta,True,6.993,9.487,1
2020,PE,Telecommunications,1,200,direta,True,5.611,7.613,1
2020,PE,Energy,1,110,direta,True,4.468,6.062,1
2020,PE,Health,18,271,indireta,False,3.34,4.532,3
2020,PE,Education,1,89,direta,False,2.236,3.034,1
2020,PE,Energy,14,192,indireta,True,2.001,2.715,1
2020,PE,Health,0,0,direta,False,0.967,1.312,1
2020,PE,Sanitation,0,0,direta,True,0.849,1.152,1
2020,PE,Education,18,271,indireta,False,0.68,0.923,3
2020,PE,Energy,18,245,indireta,True,0.428,0.581,2
2020,PE,Telecommunications,22,280,indireta,True,0.392,0.532,3
2020,PE,Logistics,22,280,indireta,True,0.142,0.192,2
2020,PE,Sanitation,22,280,indireta,True,0.068,0.092,1
2020,PE,Sanitation,1,110,direta,True,0.046,0.062,1
2020,PI,Energy,1,8,direta,True,180.0,244.217,1
2020,PI,Energy,1,10,direta,True,157.2,213.283,1
2020,PI,Energy,1,110,direta,True,1.29,1.751,1
2020,PI,Health,0,0,direta,False,0.774,1.05,1
2020,PI,Sanitation,0,0,direta,True,0.637,0.864,1
2020,PI,Sanitation,14,192,indireta,True,0.25,0.339,1
2020,PI,Telecommunications,22,280,indireta,True,0.271,0.367,3
2020,PI,Education,18,271,indireta,False,0.2,0.271,1
2020,PI,Logistics,22,280,indireta,True,0.107,0.145,1
2020,PI,Sanitation,22,280,indireta,True,0.012,0.017,1
2020,PR,Energy,1,10,direta,True,804.3,1091.243,1
2020,PR,Sanitation,1,4,direta,True,62.0,84.119,1
2020,PR,Logistics,1,33,direta,True,61.9,83.984,1
2020,PR,Energy,18,247,indireta,True,63.227,85.783,2
2020,PR,Energy,1,69,direta,True,59.197,80.316,1
2020,PR,Sanitation,21,160,direta,True,50.005,67.845,1
2020,PR,Logistics,18,33,indireta,True,46.008,62.421,1
2020,PR,Sanitation,1,173,direta,True,27.935,37.901,1
2020,PR,Energy,18,245,indireta,True,33.675,45.689,2
2020,PR,Energy,1,196,direta,True,12.598,17.092,1
2020,PR,Energy,14,192,indireta,True,15.101,20.488,2
2020,PR,Health,18,271,indireta,False,17.586,23.86,3
2020,PR,Logistics,14,192,indireta,True,9.185,12.462,2
2020,PR,Education,1,89,direta,False,10.188,13.823,2
2020,PR,Education,18,271,indireta,False,12.57,17.055,3
2020,PR,Energy,1,163,direta,True,7.0,9.497,1
2020,PR,Logistics,14,252,direta,True,5.188,7.039,1
2020,PR,Logistics,18,271,indireta,True,6.759,9.171,3
2020,PR,Energy,14,196,indireta,True,9.353,12.69,4
2020,PR,Telecommunications,18,271,indireta,True,5.295,7.184,3
2020,PR,Education,18,247,indireta,False,4.227,5.734,3
2020,PR,Logistics,14,192,direta,True,2.63,3.568,1
2020,PR,Energy,18,33,indireta,True,2.364,3.207,1
2020,PR,Sanitation,18,271,indireta,True,4.475,6.071,3
2020,PR,Health,0,0,direta,False,1.934,2.624,1
2020,PR,Sanitation,14,192,indireta,True,1.624,2.203,2
2020,PR,Logistics,18,245,indireta,True,1.505,2.042,1
2020,PR,Sanitation,18,264,indireta,True,1.256,1.705,1
2020,PR,Telecommunications,22,280,indireta,True,1.995,2.707,3
2020,PR,Energy,18,264,indireta,True,1.423,1.931,2
2020,PR,Logistics,14,270,indireta,True,0.86,1.166,1
2020,PR,Telecommunications,14,192,indireta,True,0.67,0.909,1
2020,PR,Logistics,22,280,indireta,True,1.165,1.581,3
2020,PR,Sanitation,14,252,indireta,True,0.965,1.309,2
2020,PR,Sanitation,22,280,indireta,True,1.038,1.409,3
2020,PR,Logistics,14,252,indireta,True,0.414,0.561,2
2020,PR,Health,18,247,indireta,False,0.118,0.161,1
2020,PR,Sanitation,18,245,indireta,True,0.061,0.083,1
2020,PR,Rail transport,22,280,indireta,True,0.051,0.069,1
2020,PR,Sanitation,1,110,direta,True,0.044,0.059,1
2020,PR,Energy,1,110,direta,True,0.032,0.044,1
2020,RJ,Energy,1,32,direta,True,1051.924,1427.21,2
2020,RJ,Sanitation,1,4,direta,True,69.418,94.184,1
2020,RJ,Education,1,89,direta,False,22.09,29.97,1
2020,RJ,Urban mobility,1,118,direta,True,26.542,36.011,2
2020,RJ,Sanitation,1,173,direta,True,14.068,19.087,1
2020,RJ,Health,18,271,indireta,False,22.67,30.758,3
2020,RJ,Education,18,271,indireta,False,12.425,16.858,3
2020,RJ,Energy,18,271,indireta,True,7.0,9.497,1
2020,RJ,Energy,1,69,direta,True,4.181,5.672,1
2020,RJ,Sanitation,14,252,indireta,True,4.907,6.657,2
2020,RJ,Rail transport,1,170,direta,True,3.391,4.601,1
2020,RJ,Health,18,250,indireta,False,2.525,3.426,1
2020,RJ,Sanitation,14,192,indireta,True,1.77,2.401,1
2020,RJ,Telecommunications,18,271,indireta,True,2.45,3.324,3
2020,RJ,Logistics,18,271,indireta,True,1.83,2.483,3
2020,RJ,Sanitation,1,110,direta,True,0.931,1.263,1
2020,RJ,Telecommunications,22,280,indireta,True,1.414,1.919,3
2020,RJ,Health,0,0,direta,False,0.774,1.05,1
2020,RJ,Energy,1,110,direta,True,0.637,0.864,1
2020,RJ,Energy,18,245,indireta,True,0.636,0.862,1
2020,RJ,Logistics,1,110,direta,True,0.311,0.422,1
2020,RJ,Energy,14,272,indireta,True,0.228,0.31,1
2020,RJ,Sanitation,18,271,indireta,True,0.2,0.271,1
2020,RJ,Sanitation,22,280,indireta,True,0.261,0.354,3
2020,RJ,Logistics,22,280,indireta,True,0.078,0.106,2
2020,RJ,Energy,14,196,indireta,True,0.025,0.034,1
2020,RN,Energy,1,10,direta,True,207.0,280.85,1
2020,RN,Energy,1,163,direta,True,62.793,85.195,1
2020,RN,Energy,1,69,direta,True,15.474,20.995,1
2020,RN,Education,1,89,direta,False,4.982,6.76,2
2020,RN,Energy,14,192,indireta,True,4.286,5.815,1
2020,RN,Energy,1,110,direta,True,2.592,3.517,1
2020,RN,Sanitation,18,271,indireta,True,0.75,1.018,1
2020,RN,Sanitation,0,0,direta,True,0.637,0.864,1
2020,RN,Health,0,0,direta,False,0.387,0.525,1
2020,RN,Health,18,271,indireta,False,0.55,0.746,3
2020,RN,Education,18,271,indireta,False,0.3,0.407,1
2020,RN,Sanitation,14,252,indireta,True,0.215,0.292,1
2020,RN,Telecommunications,22,280,indireta,True,0.329,0.446,2
2020,RN,Telecommunications,18,271,indireta,True,0.06,0.081,1
2020,RN,Logistics,18,271,indireta,True,0.035,0.047,1
2020,RN,Sanitation,1,110,direta,True,0.012,0.016,1
2020,RO,Energy,1,10,direta,True,97.5,132.284,1
2020,RO,Telecommunications,14,192,indireta,True,2.289,3.106,1
2020,RO,Telecommunications,18,271,indireta,True,1.472,1.998,1
2020,RO,Energy,1,110,direta,True,0.833,1.13,1
2020,RO,Health,0,0,direta,False,0.774,1.05,1
2020,RO,Health,18,271,indireta,False,0.613,0.832,3
2020,RO,Telecommunications,22,280,indireta,True,0.261,0.354,2
2020,RO,Energy,18,245,indireta,True,0.165,0.223,1
2020,RO,Health,0,83,direta,False,0.111,0.15,1
2020,RO,Energy,14,272,indireta,True,0.075,0.102,1
2020,RO,Sanitation,22,280,indireta,True,0.016,0.022,1
2020,RR,Health,0,83,direta,False,0.111,0.15,1
2020,RS,Energy,1,10,direta,True,1480.0,2008.007,1
2020,RS,Energy,1,8,direta,True,527.0,715.013,1
2020,RS,Airports,1,169,direta,True,165.0,223.866,1
2020,RS,Energy,18,247,indireta,True,89.419,121.321,1
2020,RS,Sanitation,1,173,direta,True,38.6,52.371,1
2020,RS,Sanitation,1,4,direta,True,17.813,24.169,2
2020,RS,Energy,18,245,indireta,True,16.998,23.063,3
2020,RS,Logistics,18,245,indireta,True,17.642,23.936,2
2020,RS,Sanitation,18,245,indireta,True,10.497,14.241,2
2020,RS,Telecommunications,18,271,indireta,True,13.324,18.077,3
2020,RS,Energy,18,271,indireta,True,6.7,9.09,2
2020,RS,Education,18,271,indireta,False,13.48,18.29,3
2020,RS,Education,18,268,indireta,False,6.0,8.141,1
2020,RS,Energy,14,196,indireta,True,7.299,9.903,3
2020,RS,Energy,1,69,direta,True,5.161,7.003,1
2020,RS,Health,18,271,indireta,False,8.695,11.797,3
2020,RS,Logistics,18,33,indireta,True,4.756,6.452,1
2020,RS,Energy,18,264,indireta,True,3.596,4.879,1
2020,RS,Energy,1,110,direta,True,3.235,4.39,1
2020,RS,Energy,18,266,indireta,True,3.099,4.204,1
2020,RS,Energy,14,192,indireta,True,2.795,3.792,1
2020,RS,Education,0,0,direta,False,2.286,3.102,1
2020,RS,Education,18,247,indireta,False,2.0,2.714,1
2020,RS,Health,0,0,direta,False,1.934,2.624,1
2020,RS,Logistics,18,121,indireta,True,1.803,2.447,1
2020,RS,Telecommunications,22,280,indireta,True,2.421,3.284,3
2020,RS,Logistics,18,271,indireta,True,3.472,4.711,3
2020,RS,Sanitation,18,271,indireta,True,1.695,2.3,2
2020,RS,Sanitation,14,192,indireta,True,2.689,3.649,3
2020,RS,Sanitation,18,264,indireta,True,1.255,1.703,1
2020,RS,Sanitation,14,252,indireta,True,1.357,1.842,2
2020,RS,Logistics,14,192,indireta,True,1.053,1.429,1
2020,RS,Logistics,14,252,indireta,True,1.526,2.07,3
2020,RS,Logistics,18,270,indireta,True,0.675,0.916,1
2020,RS,Telecommunications,18,247,indireta,True,0.511,0.693,1
2020,RS,Logistics,22,280,indireta,True,0.676,0.918,3
2020,RS,Telecommunications,14,192,indireta,True,0.405,0.549,1
2020,RS,Education,1,89,direta,False,0.28,0.38,1
2020,RS,Sanitation,22,280,indireta,True,0.301,0.408,2
2020,RS,Energy,22,280,indireta,True,0.218,0.296,1
2020,RS,Energy,14,272,indireta,True,0.036,0.05,1
2020,SC,Energy,1,10,direta,True,60.49,82.071,1
2020,SC,Energy,1,181,direta,True,55.285,75.008,1
2020,SC,Energy,18,247,indireta,True,36.649,49.723,2
2020,SC,Road transport,1,178,direta,True,25.178,34.16,1
2020,SC,Energy,18,245,indireta,True,27.17,36.863,2
2020,SC,Sanitation,1,173,direta,True,26.465,35.907,2
2020,SC,Logistics,18,33,indireta,True,12.318,16.713,1
2020,SC,Education,18,271,indireta,False,12.234,16.599,3
2020,SC,Energy,14,192,indireta,True,4.001,5.428,1
2020,SC,Health,18,271,indireta,False,6.102,8.28,3
2020,SC,Logistics,18,245,indireta,True,3.224,4.374,2
2020,SC,Sanitation,14,252,indireta,True,3.01,4.084,2
2020,SC,Education,18,247,indireta,False,2.1,2.849,1
2020,SC,Telecommunications,18,271,indireta,True,3.951,5.361,3
2020,SC,Sanitation,14,192,indireta,True,1.694,2.298,2
2020,SC,Logistics,14,252,indireta,True,1.801,2.443,3
2020,SC,Logistics,18,247,indireta,True,1.223,1.66,1
2020,SC,Telecommunications,22,280,indireta,True,1.463,1.985,3
2020,SC,Logistics,18,271,indireta,True,1.891,2.566,3
2020,SC,Health,0,0,direta,False,0.967,1.312,1
2020,SC,Logistics,22,280,indireta,True,1.157,1.57,3
2020,SC,Sanitation,18,271,indireta,True,0.98,1.33,2
2020,SC,Telecommunications,14,192,indireta,True,0.494,0.67,1
2020,SC,Energy,18,264,indireta,True,0.489,0.663,1
2020,SC,Energy,14,196,indireta,True,0.476,0.646,2
2020,SC,Sanitation,18,264,indireta,True,0.37,0.502,1
2020,SC,Sanitation,18,245,indireta,True,0.354,0.48,2
2020,SC,Education,1,89,direta,False,0.327,0.443,1
2020,SC,Rail transport,22,280,indireta,True,0.202,0.274,1
2020,SC,Energy,22,280,indireta,True,0.098,0.133,1
2020,SC,Sanitation,22,280,indireta,True,0.17,0.231,3
2020,SC,Logistics,18,244,indireta,True,0.02,0.027,1
2020,SE,Energy,1,10,direta,True,257.5,349.366,1
2020,SE,Health,18,271,indireta,False,1.96,2.659,2
2020,SE,Sanitation,14,252,indireta,True,1.323,1.795,1
2020,SE,Education,18,271,indireta,False,0.905,1.228,3
2020,SE,Sanitation,0,0,direta,True,0.425,0.576,1
2020,SE,Health,0,0,direta,False,0.387,0.525,1
2020,SE,Education,0,0,direta,False,0.077,0.105,1
2020,SE,Telecommunications,18,271,indireta,True,0.055,0.075,1
2020,SE,Energy,14,272,indireta,True,0.048,0.065,1
2020,SE,Telecommunications,22,280,indireta,True,0.051,0.069,2
2020,SP,Energy,1,187,direta,True,2653.72,3600.466,1
2020,SP,Rail transport,1,170,direta,True,1003.617,1361.669,1
2020,SP,Energy,1,181,direta,True,911.525,1236.723,2
2020,SP,Energy,1,8,direta,True,723.0,980.939,1
2020,SP,Road transport,1,178,direta,True,362.808,492.244,1
2020,SP,Sanitation,1,4,direta,True,218.797,296.855,1
2020,SP,Urban mobility,1,168,direta,True,103.425,140.323,1
2020,SP,Logistics,21,160,direta,True,90.0,122.109,1
2020,SP,Sanitation,1,173,direta,True,89.174,120.988,2
2020,SP,Logistics,18,271,indireta,True,51.248,69.531,3
2020,SP,Health,18,271,indireta,False,73.242,99.372,3
2020,SP,Health,1,124,direta,False,40.08,54.379,1
2020,SP,Energy,1,163,direta,True,33.874,45.958,1
2020,SP,Health,1,165,indireta,False,34.252,46.472,2
2020,SP,Education,18,271,indireta,False,46.036,62.46,3
2020,SP,Telecommunications,18,271,indireta,True,28.576,38.771,3
2020,SP,Education,18,247,indireta,False,22.428,30.429,2
2020,SP,Sanitation,14,252,indireta,True,24.767,33.603,3
2020,SP,Energy,1,211,direta,True,16.0,21.708,1
2020,SP,Sanitation,21,160,direta,True,12.65,17.163,1
2020,SP,Energy,1,196,direta,True,16.165,21.932,2
2020,SP,Energy,1,10,direta,True,12.022,16.31,1
2020,SP,Energy,14,192,indireta,True,10.237,13.889,1
2020,SP,Road transport,1,43,direta,True,10.0,13.568,1
2020,SP,Energy,14,192,direta,True,9.868,13.389,1
2020,SP,Energy,1,110,direta,True,3.987,5.41,1
2020,SP,Telecommunications,22,280,indireta,True,6.873,9.325,3
2020,SP,Logistics,18,247,indireta,True,3.645,4.946,1
2020,SP,Logistics,22,280,indireta,True,4.96,6.73,3
2020,SP,Sanitation,18,271,indireta,True,4.085,5.543,3
2020,SP,Health,0,0,direta,False,0.967,1.312,1
2020,SP,Logistics,18,121,indireta,True,0.9,1.221,1
2020,SP,Sanitation,14,192,indireta,True,1.284,1.742,3
2020,SP,Telecommunications,14,192,indireta,True,0.844,1.146,1
2020,SP,Sanitation,22,280,indireta,True,1.178,1.598,3
2020,SP,Sanitation,18,264,indireta,True,0.55,0.746,1
2020,SP,Logistics,14,252,indireta,True,0.957,1.298,2
2020,SP,Sanitation,1,110,direta,True,0.349,0.474,1
2020,SP,Health,18,247,indireta,False,0.341,0.463,1
2020,SP,Logistics,14,192,indireta,True,0.258,0.35,2
2020,SP,Sanitation,0,0,direta,True,0.18,0.244,1
2020,SP,Logistics,1,110,direta,True,0.164,0.223,1
2020,SP,Energy,18,245,indireta,True,0.15,0.204,1
2020,TO,Energy,1,10,direta,True,375.655,509.674,1
2020,TO,Energy,18,247,indireta,True,6.613,8.973,1
2020,TO,Energy,14,192,indireta,True,5.56,7.543,1
2020,TO,Energy,1,110,direta,True,0.512,0.694,1
2020,TO,Education,1,89,direta,False,0.433,0.587,1
2020,TO,Logistics,14,252,indireta,True,0.425,0.577,1
2020,TO,Logistics,18,271,indireta,True,0.4,0.543,1
2020,TO,Education,0,0,direta,False,0.395,0.536,1
2020,TO,Health,18,271,indireta,False,0.39,0.529,2
2020,TO,Education,18,271,indireta,False,0.27,0.366,2
2020,TO,Health,0,83,direta,False,0.111,0.15,1
2020,TO,Telecommunications,22,280,indireta,True,0.115,0.156,2
2020,TO,Logistics,22,280,indireta,True,0.01,0.014,1
2021,AC,Energy,1,8,indireta,True,99.146,124.206,1
2021,AC,Health,18,271,indireta,False,1.5,1.879,1
2021,AC,Logistics,14,192,indireta,True,0.033,0.041,1
2021,AL,Energy,1,8,direta,True,213.537,267.511,1
2021,AL,Telecommunications,21,160,direta,True,3.3,4.134,1
2021,AL,Health,18,271,indireta,False,1.21,1.516,3
2021,AL,Logistics,18,271,indireta,True,0.27,0.338,2
2021,AL,Telecommunications,14,192,indireta,True,0.081,0.102,1
2021,AL,Telecommunications,22,280,indireta,True,0.04,0.051,2
2021,AM,Sanitation,1,173,direta,True,37.487,46.962,1
2021,AM,Road transport,1,43,direta,True,9.473,11.867,1
2021,AM,Health,0,0,direta,False,1.773,2.221,1
2021,AM,Logistics,14,252,indireta,True,1.144,1.433,2
2021,AM,Health,18,271,indireta,False,1.51,1.892,3
2021,AM,Telecommunications,18,271,indireta,True,0.39,0.489,1
2021,AM,Telecommunications,22,280,indireta,True,0.419,0.525,2
2021,AM,Logistics,22,280,indireta,True,0.015,0.019,1
2021,BA,Energy,1,8,direta,True,960.0,1202.652,1
2021,BA,Energy,1,180,direta,True,580.974,727.823,1
2021,BA,Energy,1,163,direta,True,368.856,462.089,1
2021,BA,Energy,1,10,direta,True,141.089,176.751,1
2021,BA,Energy,21,160,direta,True,59.5,74.539,1
2021,BA,Health,18,247,indireta,False,5.039,6.313,1
2021,BA,Sanitation,14,252,indireta,True,5.595,7.009,2
2021,BA,Sanitation,14,192,indireta,True,4.723,5.917,2
2021,BA,Health,18,271,indireta,False,5.993,7.508,3
2021,BA,Education,1,89,direta,False,7.211,9.034,2
2021,BA,Health,0,0,direta,False,2.837,3.554,1
2021,BA,Telecommunications,18,271,indireta,True,1.955,2.449,2
2021,BA,Energy,1,110,direta,True,1.444,1.809,1
2021,BA,Education,18,271,indireta,False,1.6,2.004,3
2021,BA,Logistics,18,271,indireta,True,1.22,1.528,1
2021,BA,Sanitation,18,268,indireta,True,0.988,1.238,1
2021,BA,Sanitation,18,271,indireta,True,0.5,0.626,1
2021,BA,Sanitation,22,280,indireta,True,0.35,0.438,2
2021,BA,Telecommunications,22,280,indireta,True,0.348,0.435,2
2021,BA,Logistics,22,280,indireta,True,0.111,0.139,2
2021,CE,Urban mobility,1,118,direta,True,80.0,100.221,1
2021,CE,Health,1,165,direta,False,75.0,93.957,1
2021,CE,Sanitation,1,173,direta,True,35.404,44.352,1
2021,CE,Telecommunications,1,200,direta,True,33.288,41.702,1
2021,CE,Energy,1,10,direta,True,6.292,7.882,1
2021,CE,Telecommunications,21,160,direta,True,3.4,4.259,1
2021,CE,Sanitation,1,4,direta,True,3.0,3.758,1
2021,CE,Logistics,14,192,indireta,True,2.679,3.356,1
2021,CE,Energy,1,110,direta,True,2.678,3.355,2
2021,CE,Health,0,0,direta,False,1.773,2.221,1
2021,CE,Education,1,89,direta,False,1.036,1.298,1
2021,CE,Sanitation,14,192,indireta,True,0.755,0.946,1
2021,CE,Logistics,14,252,indireta,True,0.71,0.889,1
2021,CE,Health,18,271,indireta,False,0.473,0.593,2
2021,CE,Telecommunications,18,271,indireta,True,0.52,0.651,2
2021,CE,Telecommunications,22,280,indireta,True,0.482,0.604,2
2021,CE,Sanitation,22,280,indireta,True,0.113,0.141,1
2021,CE,Education,18,271,indireta,False,0.05,0.063,1
2021,CE,Logistics,22,280,indireta,True,0.02,0.025,2
2021,DF,Health,18,271,indireta,False,4.255,5.331,2
2021,DF,Logistics,1,110,direta,True,3.463,4.339,1
2021,DF,Telecommunications,18,271,indireta,True,0.828,1.037,1
2021,DF,Education,1,89,direta,False,0.667,0.835,1
2021,DF,Education,18,271,indireta,False,0.7,0.877,2
2021,DF,Sanitation,18,271,indireta,True,0.25,0.313,1
2021,DF,Sanitation,14,192,indireta,True,0.24,0.3,1
2021,DF,Logistics,22,280,indireta,True,0.093,0.116,1
2021,DF,Telecommunications,22,280,indireta,True,0.102,0.127,2
2021,ES,Urban mobility,1,41,direta,True,59.085,74.019,1
2021,ES,Urban mobility,1,168,direta,True,15.266,19.125,1
2021,ES,Energy,18,247,indireta,True,9.176,11.495,1
2021,ES,Logistics,14,252,indireta,True,4.92,6.164,1
2021,ES,Logistics,14,192,indireta,True,2.204,2.761,1
2021,ES,Health,0,0,direta,False,1.773,2.221,1
2021,ES,Telecommunications,1,200,direta,True,1.5,1.879,1
2021,ES,Health,18,271,indireta,False,0.61,0.764,1
2021,ES,Telecommunications,18,271,indireta,True,0.3,0.376,1
2021,ES,Sanitation,14,252,indireta,True,0.285,0.357,1
2021,ES,Energy,18,245,indireta,True,0.385,0.482,2
2021,ES,Sanitation,18,271,indireta,True,0.2,0.251,1
2021,ES,Telecommunications,22,280,indireta,True,0.103,0.129,2
2021,ES,Education,18,271,indireta,False,0.065,0.081,1
2021,ES,Sanitation,22,280,indireta,True,0.067,0.084,2
2021,ES,Logistics,22,280,indireta,True,0.038,0.048,1
2021,GO,Energy,1,181,direta,True,34.849,43.657,1
2021,GO,Telecommunications,18,271,indireta,True,10.28,12.878,1
2021,GO,Energy,1,10,direta,True,8.073,10.113,1
2021,GO,Education,18,271,indireta,False,3.71,4.648,2
2021,GO,Health,18,271,indireta,False,2.56,3.207,3
2021,GO,Health,0,0,direta,False,1.419,1.777,1
2021,GO,Energy,1,110,direta,True,1.332,1.668,1
2021,GO,Logistics,18,271,indireta,True,0.958,1.2,1
2021,GO,Logistics,14,252,indireta,True,1.159,1.451,2
2021,GO,Sanitation,14,192,indireta,True,0.729,0.913,1
2021,GO,Sanitation,18,271,indireta,True,0.65,0.814,2
2021,GO,Energy,14,192,indireta,True,0.432,0.542,1
2021,GO,Education,1,89,direta,False,0.378,0.474,1
2021,GO,Telecommunications,22,280,indireta,True,0.639,0.8,2
2021,GO,Sanitation,14,252,indireta,True,0.328,0.41,1
2021,GO,Sanitation,22,280,indireta,True,0.339,0.424,2
2021,GO,Energy,18,245,indireta,True,0.214,0.268,2
2021,GO,Logistics,22,280,indireta,True,0.093,0.117,2
2021,GO,Energy,22,280,indireta,True,0.015,0.019,1
2021,MA,Energy,1,8,direta,True,417.993,523.646,1
2021,MA,Energy,1,110,direta,True,1.904,2.385,1
2021,MA,Energy,1,10,direta,True,1.4,1.754,1
2021,MA,Health,18,271,indireta,False,1.18,1.478,1
2021,MA,Telecommunications,14,192,indireta,True,0.495,0.62,1
2021,MA,Telecommunications,22,280,indireta,True,0.27,0.339,2
2021,MA,Sanitation,22,280,indireta,True,0.018,0.022,1
2021,MG,Energy,1,180,direta,True,1112.428,1393.608,1
2021,MG,Energy,1,10,direta,True,631.238,790.791,1
2021,MG,Health,1,198,direta,False,114.048,142.875,1
2021,MG,Road transport,1,178,direta,True,76.291,95.575,1
2021,MG,Energy,1,8,indireta,True,69.702,87.32,1
2021,MG,Health,1,198,indireta,False,57.0,71.407,1
2021,MG,Road transport,1,43,direta,True,35.9,44.974,1
2021,MG,Energy,1,181,direta,True,34.849,43.657,1
2021,MG,Sanitation,1,173,direta,True,18.03,22.587,1
2021,MG,Health,18,247,indireta,False,15.0,18.791,1
2021,MG,Energy,18,247,indireta,True,14.929,18.702,1
2021,MG,Sanitation,1,4,direta,True,14.302,17.917,1
2021,MG,Energy,1,196,direta,True,12.5,15.66,1
2021,MG,Logistics,14,192,indireta,True,22.726,28.47,2
2021,MG,Health,18,271,indireta,False,6.434,8.06,3
2021,MG,Health,0,0,direta,False,3.547,4.443,1
2021,MG,Logistics,14,252,indireta,True,5.569,6.977,2
2021,MG,Telecommunications,18,271,indireta,True,4.218,5.285,3
2021,MG,Sanitation,14,252,indireta,True,2.664,3.338,1
2021,MG,Sanitation,1,11,direta,True,2.334,2.924,1
2021,MG,Education,18,271,indireta,False,3.215,4.028,3
2021,MG,Logistics,14,33,indireta,True,2.246,2.814,1
2021,MG,Energy,1,110,direta,True,2.104,2.636,1
2021,MG,Logistics,18,271,indireta,True,1.83,2.293,2
2021,MG,Education,1,89,direta,False,1.507,1.888,2
2021,MG,Energy,18,245,indireta,True,1.552,1.945,2
2021,MG,Sanitation,14,192,indireta,True,1.629,2.041,2
2021,MG,Telecommunications,22,280,indireta,True,1.654,2.072,3
2021,MG,Sanitation,18,271,indireta,True,1.34,1.679,2
2021,MG,Energy,18,271,indireta,True,1.0,1.253,1
2021,MG,Telecommunications,1,200,direta,True,0.75,0.94,1
2021,MG,Sanitation,22,280,indireta,True,1.022,1.281,2
2021,MG,Telecommunications,14,252,indireta,True,0.581,0.728,1
2021,MG,Telecommunications,14,192,indireta,True,0.858,1.074,3
2021,MG,Logistics,22,280,indireta,True,0.611,0.766,3
2021,MG,Logistics,14,245,indireta,True,0.04,0.05,1
2021,MG,Rail transport,22,280,indireta,True,0.016,0.02,1
2021,MS,Energy,1,8,direta,True,255.208,319.715,1
2021,MS,Energy,1,10,direta,True,51.622,64.67,1
2021,MS,Logistics,1,121,direta,True,2.596,3.253,1
2021,MS,Health,18,271,indireta,False,1.601,2.006,2
2021,MS,Health,0,0,direta,False,1.064,1.333,1
2021,MS,Telecommunications,18,271,indireta,True,0.975,1.221,2
2021,MS,Education,1,89,direta,False,0.756,0.947,1
2021,MS,Telecommunications,22,280,indireta,True,0.603,0.755,2
2021,MS,Education,18,271,indireta,False,1.214,1.521,3
2021,MS,Sanitation,18,271,indireta,True,0.2,0.251,1
2021,MS,Logistics,18,271,indireta,True,0.185,0.232,1
2021,MS,Logistics,14,252,indireta,True,0.181,0.227,1
2021,MS,Energy,18,247,indireta,True,0.1,0.125,1
2021,MS,Sanitation,14,192,indireta,True,0.095,0.119,1
2021,MS,Logistics,22,280,indireta,True,0.052,0.065,2
2021,MS,Energy,14,232,indireta,True,0.028,0.035,1
2021,MS,Sanitation,22,280,indireta,True,0.026,0.032,1
2021,MS,Energy,22,280,indireta,True,0.024,0.03,1
2021,MT,Energy,1,8,direta,True,310.994,389.602,1
2021,MT,Energy,1,32,direta,True,48.628,60.919,1
2021,MT,Road transport,1,43,indireta,True,9.039,11.324,1
2021,MT,Logistics,18,254,indireta,True,7.0,8.769,1
2021,MT,Sanitation,14,192,indireta,True,5.607,7.024,2
2021,MT,Energy,1,110,direta,True,4.901,6.139,1
2021,MT,Health,18,271,indireta,False,4.791,6.002,3
2021,MT,Health,0,0,direta,False,1.419,1.777,1
2021,MT,Education,18,271,indireta,False,1.405,1.76,2
2021,MT,Logistics,14,192,indireta,True,1.526,1.912,3
2021,MT,Energy,14,192,indireta,True,0.656,0.822,1
2021,MT,Telecommunications,22,280,indireta,True,0.679,0.85,3
2021,MT,Telecommunications,18,271,indireta,True,0.38,0.476,1
2021,MT,Education,1,89,direta,False,0.378,0.474,1
2021,MT,Energy,18,245,indireta,True,0.214,0.269,1
2021,MT,Logistics,14,252,indireta,True,0.17,0.213,1
2021,MT,Sanitation,14,252,indireta,True,0.129,0.162,1
2021,MT,Sanitation,18,271,indireta,True,0.1,0.125,1
2021,MT,Logistics,22,280,indireta,True,0.044,0.056,2
2021,MT,Sanitation,22,280,indireta,True,0.026,0.033,1
2021,PA,Energy,1,10,direta,True,716.531,897.643,1
2021,PA,Energy,1,8,direta,True,685.539,858.817,1
2021,PA,Sanitation,14,252,indireta,True,9.563,11.98,1
2021,PA,Health,18,271,indireta,False,5.891,7.38,3
2021,PA,Logistics,14,252,indireta,True,4.686,5.87,3
2021,PA,Health,0,0,direta,False,1.773,2.221,1
2021,PA,Energy,1,110,direta,True,1.596,1.999,1
2021,PA,Telecommunications,22,280,indireta,True,0.732,0.917,3
2021,PA,Logistics,14,192,indireta,True,0.59,0.739,1
2021,PA,Logistics,22,280,indireta,True,0.552,0.692,1
2021,PA,Education,1,89,direta,False,0.785,0.983,2
2021,PA,Telecommunications,18,271,indireta,True,0.275,0.345,1
2021,PA,Energy,14,232,indireta,True,0.143,0.18,1
2021,PA,Sanitation,22,280,indireta,True,0.042,0.052,1
2021,PB,Energy,1,8,indireta,True,154.97,194.141,1
2021,PB,Energy,1,163,direta,True,152.072,190.51,1
2021,PB,Energy,1,10,direta,True,54.208,67.91,1
2021,PB,Education,0,0,direta,False,0.634,0.795,1
2021,PB,Education,1,89,direta,False,0.455,0.57,1
2021,PB,Telecommunications,18,271,indireta,True,0.355,0.445,1
2021,PB,Health,18,271,indireta,False,0.25,0.313,1
2021,PB,Telecommunications,22,280,indireta,True,0.278,0.349,3
2021,PB,Education,18,271,indireta,False,0.07,0.088,1
2021,PB,Energy,1,110,direta,True,0.066,0.082,1
2021,PE,Energy,1,8,direta,True,424.08,531.272,1
2021,PE,Energy,1,163,direta,True,128.1,160.479,1
2021,PE,Health,0,0,direta,False,1.773,2.221,1
2021,PE,Sanitation,14,192,indireta,True,0.902,1.13,2
2021,PE,Health,18,271,indireta,False,0.408,0.511,1
2021,PE,Telecommunications,18,271,indireta,True,0.3,0.376,1
2021,PE,Sanitation,14,252,indireta,True,0.283,0.355,1
2021,PE,Education,1,89,direta,False,0.116,0.145,1
2021,PE,Telecommunications,22,280,indireta,True,0.264,0.33,3
2021,PE,Sanitation,22,280,indireta,True,0.049,0.061,1
2021,PE,Logistics,22,280,indireta,True,0.025,0.031,1
2021,PI,Energy,1,163,direta,True,408.9,512.255,1
2021,PI,Energy,1,8,direta,True,298.735,374.244,1
2021,PI,Energy,1,10,direta,True,6.0,7.517,1
2021,PI,Energy,1,110,direta,True,1.842,2.308,1
2021,PI,Health,0,0,direta,False,1.419,1.777,1
2021,PI,Logistics,14,252,indireta,True,0.25,0.313,1
2021,PI,Health,18,271,indireta,False,0.206,0.258,2
2021,PI,Telecommunications,18,271,indireta,True,0.031,0.039,1
2021,PI,Telecommunications,22,280,indireta,True,0.027,0.034,1
2021,PI,Sanitation,22,280,indireta,True,0.013,0.017,1
2021,PR,Energy,1,10,direta,True,839.27,1051.406,1
2021,PR,Energy,1,69,direta,True,57.919,72.559,1
2021,PR,Logistics,18,33,indireta,True,43.813,54.888,1
2021,PR,Energy,18,245,indireta,True,56.483,70.76,2
2021,PR,Energy,18,247,indireta,True,36.525,45.757,2
2021,PR,Sanitation,1,4,direta,True,27.5,34.451,1
2021,PR,Logistics,14,252,indireta,True,20.6,25.807,4
2021,PR,Energy,18,268,indireta,True,11.7,14.657,1
2021,PR,Energy,14,192,indireta,True,21.926,27.468,3
2021,PR,Logistics,1,121,direta,True,8.222,10.3,1
2021,PR,Education,1,89,direta,False,8.256,10.342,2
2021,PR,Energy,1,196,direta,True,8.032,10.062,1
2021,PR,Logistics,18,245,indireta,True,6.278,7.865,2
2021,PR,Sanitation,21,160,direta,True,6.003,7.52,1
2021,PR,Logistics,14,252,direta,True,5.191,6.503,1
2021,PR,Logistics,1,33,direta,True,5.1,6.389,1
2021,PR,Health,18,271,indireta,False,6.278,7.865,2
2021,PR,Health,0,0,direta,False,3.547,4.443,1
2021,PR,Energy,1,163,direta,True,3.2,4.009,1
2021,PR,Education,0,0,direta,False,2.51,3.144,1
2021,PR,Logistics,14,192,indireta,True,3.055,3.827,2
2021,PR,Telecommunications,18,271,indireta,True,2.438,3.054,2
2021,PR,Education,18,271,indireta,False,3.698,4.633,3
2021,PR,Sanitation,14,192,indireta,True,2.009,2.516,1
2021,PR,Health,18,247,indireta,False,1.567,1.964,1
2021,PR,Logistics,14,192,direta,True,1.555,1.948,1
2021,PR,Sanitation,18,264,indireta,True,1.547,1.938,1
2021,PR,Energy,18,271,indireta,True,1.5,1.879,1
2021,PR,Sanitation,18,271,indireta,True,1.899,2.379,3
2021,PR,Telecommunications,22,280,indireta,True,2.56,3.207,3
2021,PR,Energy,18,264,indireta,True,2.177,2.727,2
2021,PR,Logistics,18,271,indireta,True,1.768,2.215,3
2021,PR,Sanitation,22,280,indireta,True,1.116,1.398,3
2021,PR,Logistics,1,110,direta,True,0.645,0.808,1
2021,PR,Energy,14,196,indireta,True,0.778,0.974,3
2021,PR,Logistics,18,246,indireta,True,0.28,0.35,1
2021,PR,Education,18,247,indireta,False,0.403,0.504,2
2021,PR,Logistics,22,280,indireta,True,0.429,0.537,3
2021,PR,Sanitation,14,212,indireta,True,0.186,0.233,1
2021,PR,Sanitation,14,252,indireta,True,0.056,0.07,1
2021,PR,Sanitation,18,245,indireta,True,0.036,0.045,1
2021,PR,Rail transport,22,280,indireta,True,0.021,0.026,1
2021,RJ,Energy,1,32,direta,True,879.254,1101.496,2
2021,RJ,Energy,21,199,direta,True,550.0,689.019,1
2021,RJ,Telecommunications,14,192,direta,True,390.0,488.577,1
2021,RJ,Energy,1,10,direta,True,99.0,124.023,1
2021,RJ,Rail transport,14,192,direta,True,61.93,77.584,1
2021,RJ,Sanitation,1,4,direta,True,34.531,43.26,1
2021,RJ,Urban mobility,1,118,direta,True,31.856,39.909,1
2021,RJ,Ports,1,164,direta,True,17.916,22.445,1
2021,RJ,Sanitation,1,173,direta,True,11.154,13.973,1
2021,RJ,Education,1,89,direta,False,9.324,11.681,2
2021,RJ,Telecommunications,1,200,direta,True,5.25,6.577,1
2021,RJ,Education,18,271,indireta,False,4.878,6.111,3
2021,RJ,Sanitation,18,268,indireta,True,4.126,5.169,1
2021,RJ,Health,18,271,indireta,False,5.641,7.067,3
2021,RJ,Sanitation,14,252,indireta,True,2.911,3.647,1
2021,RJ,Health,0,0,direta,False,1.419,1.777,1
2021,RJ,Sanitation,18,248,indireta,True,1.099,1.376,1
2021,RJ,Logistics,18,271,indireta,True,1.104,1.383,2
2021,RJ,Telecommunications,22,280,indireta,True,1.364,1.708,3
2021,RJ,Telecommunications,18,271,indireta,True,1.11,1.391,3
2021,RJ,Telecommunications,14,192,indireta,True,0.637,0.798,2
2021,RJ,Sanitation,18,271,indireta,True,0.3,0.376,1
2021,RJ,Sanitation,14,192,indireta,True,0.268,0.336,1
2021,RJ,Energy,18,245,indireta,True,0.229,0.287,1
2021,RJ,Sanitation,22,280,indireta,True,0.25,0.314,3
2021,RJ,Logistics,22,280,indireta,True,0.121,0.151,2
2021,RJ,Sanitation,1,110,direta,True,0.056,0.071,1
2021,RN,Energy,1,163,direta,True,1172.006,1468.245,2
2021,RN,Energy,1,8,direta,True,127.5,159.727,1
2021,RN,Health,1,165,direta,False,30.0,37.583,1
2021,RN,Energy,21,199,direta,True,21.5,26.934,1
2021,RN,Energy,1,69,direta,True,3.427,4.293,1
2021,RN,Telecommunications,21,160,direta,True,3.3,4.134,1
2021,RN,Health,18,271,indireta,False,1.974,2.473,2
2021,RN,Health,0,0,direta,False,0.709,0.889,1
2021,RN,Telecommunications,18,271,indireta,True,0.66,0.827,1
2021,RN,Education,18,271,indireta,False,0.53,0.664,1
2021,RN,Sanitation,18,271,indireta,True,0.45,0.564,1
2021,RN,Sanitation,14,252,indireta,True,0.359,0.45,1
2021,RN,Energy,1,110,direta,True,0.321,0.402,1
2021,RN,Education,1,89,direta,False,0.303,0.379,1
2021,RN,Energy,18,271,indireta,True,0.25,0.313,1
2021,RN,Telecommunications,22,280,indireta,True,0.141,0.177,2
2021,RN,Logistics,18,271,indireta,True,0.06,0.075,1
2021,RO,Energy,1,8,indireta,True,198.232,248.338,1
2021,RO,Energy,1,10,direta,True,20.0,25.055,1
2021,RO,Energy,1,110,direta,True,2.699,3.381,1
2021,RO,Health,18,271,indireta,False,1.6,2.004,1
2021,RO,Health,0,0,direta,False,1.419,1.777,1
2021,RO,Energy,18,245,indireta,True,0.26,0.326,1
2021,RO,Telecommunications,22,280,indireta,True,0.109,0.137,2
2021,RO,Logistics,14,192,indireta,True,0.051,0.063,1
2021,RO,Education,18,271,indireta,False,0.025,0.031,1
2021,RO,Logistics,22,280,indireta,True,0.025,0.031,1
2021,RO,Sanitation,22,280,indireta,True,0.018,0.023,1
2021,RS,Energy,1,8,direta,True,661.48,828.677,1
2021,RS,Energy,1,10,direta,True,171.25,214.536,1
2021,RS,Airports,1,169,direta,True,88.0,110.243,1
2021,RS,Health,18,268,indireta,False,38.049,47.666,1
2021,RS,Energy,18,245,indireta,True,47.304,59.261,3
2021,RS,Sanitation,1,173,direta,True,27.918,34.975,1
2021,RS,Energy,18,247,indireta,True,22.814,28.581,1
2021,RS,Energy,18,268,indireta,True,13.115,16.429,1
2021,RS,Energy,14,196,indireta,True,21.227,26.593,3
2021,RS,Energy,18,266,indireta,True,11.709,14.669,1
2021,RS,Logistics,18,273,indireta,True,8.159,10.222,1
2021,RS,Sanitation,18,245,indireta,True,8.236,10.318,2
2021,RS,Logistics,18,245,indireta,True,10.348,12.964,3
2021,RS,Health,18,271,indireta,False,6.443,8.071,3
2021,RS,Education,18,268,indireta,False,4.722,5.915,1
2021,RS,Telecommunications,18,271,indireta,True,4.327,5.421,3
2021,RS,Health,0,0,direta,False,3.547,4.443,1
2021,RS,Sanitation,1,4,direta,True,6.451,8.081,2
2021,RS,Education,18,271,indireta,False,4.573,5.729,3
2021,RS,Logistics,18,33,indireta,True,2.922,3.66,1
2021,RS,Logistics,14,273,indireta,True,2.385,2.988,1
2021,RS,Logistics,14,252,indireta,True,2.878,3.606,3
2021,RS,Sanitation,14,252,indireta,True,2.191,2.744,2
2021,RS,Sanitation,18,271,indireta,True,2.098,2.628,3
2021,RS,Logistics,14,192,indireta,True,1.08,1.353,1
2021,RS,Telecommunications,22,280,indireta,True,1.39,1.741,3
2021,RS,Logistics,18,271,indireta,True,1.692,2.119,3
2021,RS,Energy,1,110,direta,True,0.683,0.855,1
2021,RS,Sanitation,14,192,indireta,True,0.639,0.801,1
2021,RS,Energy,18,271,indireta,True,0.5,0.626,1
2021,RS,Logistics,22,280,indireta,True,0.536,0.672,3
2021,RS,Sanitation,18,264,indireta,True,0.189,0.237,1
2021,RS,Energy,22,280,indireta,True,0.111,0.139,1
2021,RS,Sanitation,22,280,indireta,True,0.093,0.117,2
2021,SC,Energy,18,247,indireta,True,90.555,113.444,2
2021,SC,Energy,18,245,indireta,True,63.575,79.645,2
2021,SC,Logistics,18,271,indireta,True,21.415,26.828,3
2021,SC,Energy,14,192,indireta,True,15.395,19.287,1
2021,SC,Energy,1,10,direta,True,11.73,14.695,1
2021,SC,Energy,1,181,direta,True,11.637,14.578,1
2021,SC,Sanitation,1,4,direta,True,6.97,8.731,1
2021,SC,Sanitation,14,252,indireta,True,4.799,6.011,1
2021,SC,Education,18,271,indireta,False,6.853,8.585,2
2021,SC,Logistics,14,192,indireta,True,2.71,3.395,2
2021,SC,Energy,18,271,indireta,True,2.51,3.144,2
2021,SC,Sanitation,1,173,direta,True,2.165,2.712,1
2021,SC,Health,0,0,direta,False,1.773,2.221,1
2021,SC,Health,18,271,indireta,False,2.732,3.422,3
2021,SC,Logistics,14,252,indireta,True,1.29,1.616,1
2021,SC,Sanitation,14,192,indireta,True,1.173,1.469,1
2021,SC,Education,1,89,direta,False,1.089,1.364,1
2021,SC,Logistics,18,275,indireta,True,1.086,1.361,1
2021,SC,Sanitation,18,271,indireta,True,2.057,2.577,2
2021,SC,Telecommunications,18,271,indireta,True,1.209,1.515,3
2021,SC,Energy,14,196,indireta,True,1.098,1.375,2
2021,SC,Telecommunications,22,280,indireta,True,0.551,0.69,2
2021,SC,Sanitation,18,245,indireta,True,0.802,1.005,2
2021,SC,Logistics,22,280,indireta,True,0.395,0.495,3
2021,SC,Rail transport,22,280,indireta,True,0.234,0.293,1
2021,SC,Telecommunications,14,232,indireta,True,0.165,0.207,1
2021,SC,Logistics,18,33,indireta,True,0.163,0.204,1
2021,SC,Logistics,18,289,indireta,True,0.117,0.146,1
2021,SC,Energy,18,268,indireta,True,0.1,0.125,1
2021,SC,Sanitation,22,280,indireta,True,0.112,0.141,3
2021,SC,Energy,14,232,indireta,True,0.023,0.029,1
2021,SE,Energy,1,10,direta,True,135.0,169.123,1
2021,SE,Energy,1,8,direta,True,101.4,127.03,1
2021,SE,Sanitation,0,5,direta,True,4.259,5.336,1
2021,SE,Education,0,0,direta,False,1.223,1.532,1
2021,SE,Health,0,0,direta,False,0.709,0.889,1
2021,SE,Telecommunications,18,271,indireta,True,0.31,0.388,1
2021,SE,Telecommunications,22,280,indireta,True,0.143,0.179,2
2021,SP,Energy,1,8,direta,True,1493.092,1870.49,1
2021,SP,Road transport,1,178,direta,True,740.0,927.044,1
2021,SP,Logistics,21,199,direta,True,440.0,551.216,1
2021,SP,Sanitation,1,4,direta,True,208.976,261.798,1
2021,SP,Energy,1,181,direta,True,232.105,290.772,2
2021,SP,Urban mobility,1,118,direta,True,116.94,146.498,1
2021,SP,Health,1,124,direta,False,105.322,131.944,1
2021,SP,Health,1,198,direta,False,90.0,112.749,1
2021,SP,Sanitation,14,252,indireta,True,43.577,54.592,3
2021,SP,Sanitation,1,173,direta,True,35.318,44.245,1
2021,SP,Urban mobility,1,41,direta,True,25.621,32.097,1
2021,SP,Urban mobility,1,168,direta,True,21.422,26.836,1
2021,SP,Energy,1,211,direta,True,17.469,21.884,1
2021,SP,Education,18,247,indireta,False,17.112,21.438,2
2021,SP,Health,1,165,indireta,False,16.187,20.278,1
2021,SP,Rail transport,14,252,indireta,True,10.909,13.666,1
2021,SP,Health,1,84,direta,False,10.0,12.528,1
2021,SP,Education,18,271,indireta,False,7.259,9.094,3
2021,SP,Logistics,22,280,indireta,True,6.121,7.669,3
2021,SP,Health,18,271,indireta,False,9.819,12.301,3
2021,SP,Energy,1,196,direta,True,4.825,6.045,2
2021,SP,Logistics,14,252,indireta,True,7.267,9.104,3
2021,SP,Logistics,18,247,indireta,True,3.792,4.751,1
2021,SP,Telecommunications,22,280,indireta,True,6.786,8.501,3
2021,SP,Sanitation,14,192,indireta,True,4.768,5.973,3
2021,SP,Logistics,14,192,indireta,True,5.463,6.843,2
2021,SP,Sanitation,18,268,indireta,True,2.62,3.283,1
2021,SP,Health,0,0,direta,False,1.773,2.221,1
2021,SP,Logistics,18,271,indireta,True,1.999,2.504,2
2021,SP,Telecommunications,18,271,indireta,True,3.099,3.883,3
2021,SP,Telecommunications,14,232,indireta,True,1.437,1.801,1
2021,SP,Energy,1,10,direta,True,1.378,1.726,1
2021,SP,Sanitation,18,271,indireta,True,2.015,2.525,3
2021,SP,Logistics,1,110,direta,True,0.725,0.908,1
2021,SP,Sanitation,22,280,indireta,True,0.935,1.171,3
2021,SP,Energy,1,110,direta,True,0.676,0.847,1
2021,SP,Energy,18,245,indireta,True,0.494,0.618,1
2021,SP,Telecommunications,14,192,indireta,True,0.384,0.481,1
2021,SP,Logistics,14,276,indireta,True,0.328,0.411,1
2021,SP,Health,18,247,indireta,False,0.286,0.359,1
2021,SP,Energy,14,272,indireta,True,0.02,0.025,1
2021,TO,Energy,1,10,direta,True,202.128,253.218,1
2021,TO,Energy,1,8,direta,True,168.671,211.305,1
2021,TO,Education,0,0,direta,False,3.119,3.907,1
2021,TO,Sanitation,18,271,indireta,True,0.75,0.94,1
2021,TO,Health,18,271,indireta,False,0.67,0.839,2
2021,TO,Education,1,89,direta,False,0.378,0.474,1
2021,TO,Energy,1,110,direta,True,0.219,0.275,1
2021,TO,Telecommunications,22,280,indireta,True,0.183,0.229,2
2021,TO,Logistics,22,280,indireta,True,0.032,0.041,1
2022,AC,Logistics,21,199,direta,True,59.41,68.106,1
2022,AC,Energy,1,10,direta,True,46.0,52.733,1
2022,AC,Energy,1,204,direta,True,36.204,41.504,1
2022,AC,Health,0,83,direta,False,0.778,0.892,1
2022,AC,Energy,21,203,direta,True,0.653,0.749,1
2022,AC,Telecommunications,1,18,direta,True,0.311,0.357,1
2022,AC,Telecommunications,1,110,direta,True,0.008,0.009,1
2022,AL,Sanitation,21,203,direta,True,550.0,630.509,1
2022,AL,Energy,1,8,direta,True,299.929,343.832,1
2022,AL,Airports,1,169,direta,True,51.677,59.241,1
2022,AL,Energy,1,204,direta,True,36.204,41.504,1
2022,AL,Telecommunications,1,18,direta,True,6.228,7.14,1
2022,AL,Education,1,89,direta,False,2.75,3.152,1
2022,AL,Health,18,271,indireta,False,2.49,2.854,2
2022,AL,Energy,14,252,indireta,True,1.26,1.444,1
2022,AL,Telecommunications,14,192,indireta,True,0.519,0.595,1
2022,AL,Education,18,271,indireta,False,0.4,0.459,2
2022,AL,Telecommunications,1,110,direta,True,0.156,0.179,1
2022,AL,Telecommunications,22,280,indireta,True,0.144,0.165,2
2022,AM,Logistics,21,199,direta,True,214.79,246.231,1
2022,AM,Energy,1,204,direta,True,36.204,41.504,1
2022,AM,Sanitation,1,173,direta,True,32.065,36.758,1
2022,AM,Logistics,14,192,indireta,True,18.5,21.208,1
2022,AM,Telecommunications,1,18,direta,True,2.18,2.499,1
2022,AM,Energy,21,203,direta,True,1.143,1.31,1
2022,AM,Health,0,83,direta,False,0.778,0.892,1
2022,AM,Health,0,0,direta,False,0.655,0.75,1
2022,AM,Education,0,0,direta,False,0.2,0.229,1
2022,AM,Telecommunications,22,280,indireta,True,0.149,0.17,2
2022,AM,Telecommunications,1,110,direta,True,0.055,0.063,1
2022,AP,Energy,1,204,direta,True,36.204,41.504,1
2022,AP,Energy,1,110,direta,True,2.702,3.098,1
2022,AP,Health,0,83,direta,False,0.778,0.892,1
2022,AP,Telecommunications,1,18,direta,True,0.623,0.714,1
2022,AP,Energy,21,203,direta,True,0.49,0.561,1
2022,AP,Education,0,0,direta,False,0.2,0.229,1
2022,AP,Telecommunications,1,110,direta,True,0.016,0.018,1
2022,BA,Energy,1,163,direta,True,931.315,1067.64,1
2022,BA,Energy,1,8,direta,True,636.733,729.938,1
2022,BA,Energy,1,204,direta,True,36.204,41.504,1
2022,BA,Energy,21,203,direta,True,32.85,37.659,1
2022,BA,Telecommunications,1,18,direta,True,16.193,18.563,1
2022,BA,Ports,1,164,direta,True,16.0,18.342,1
2022,BA,Health,18,271,indireta,False,8.537,9.787,3
2022,BA,Education,0,0,direta,False,5.318,6.096,2
2022,BA,Energy,1,110,direta,True,4.409,5.054,1
2022,BA,Energy,1,10,direta,True,4.134,4.739,1
2022,BA,Sanitation,14,252,indireta,True,3.44,3.943,2
2022,BA,Health,18,247,indireta,False,2.688,3.081,2
2022,BA,Logistics,14,252,indireta,True,1.961,2.248,2
2022,BA,Health,0,0,direta,False,1.047,1.201,1
2022,BA,Telecommunications,18,271,indireta,True,2.51,2.877,3
2022,BA,Education,18,271,indireta,False,0.817,0.937,2
2022,BA,Logistics,22,280,indireta,True,0.508,0.582,2
2022,BA,Education,1,89,direta,False,0.421,0.483,1
2022,BA,Telecommunications,1,110,direta,True,0.406,0.466,1
2022,BA,Sanitation,22,280,indireta,True,0.414,0.474,3
2022,BA,Sanitation,14,192,indireta,True,0.159,0.182,1
2022,BA,Telecommunications,22,280,indireta,True,0.17,0.195,2
2022,BA,Sanitation,18,271,indireta,True,0.11,0.126,1
2022,BA,Logistics,18,271,indireta,True,0.1,0.115,1
2022,BA,Rail transport,1,110,direta,True,0.016,0.018,1
2022,CE,Energy,21,203,direta,True,450.0,515.871,1
2022,CE,Energy,1,10,direta,True,190.022,217.837,1
2022,CE,Energy,14,212,indireta,True,120.0,137.566,1
2022,CE,Urban mobility,1,118,direta,True,60.0,68.783,1
2022,CE,Airports,1,169,direta,True,51.677,59.241,1
2022,CE,Energy,1,204,direta,True,36.204,41.504,1
2022,CE,Health,1,165,direta,False,20.0,22.928,1
2022,CE,Telecommunications,1,18,direta,True,17.127,19.634,1
2022,CE,Telecommunications,1,200,direta,True,16.712,19.159,1
2022,CE,Sanitation,1,173,direta,True,15.078,17.286,1
2022,CE,Ports,1,38,direta,True,7.043,8.073,1
2022,CE,Logistics,14,192,indireta,True,4.997,5.728,1
2022,CE,Sanitation,14,252,indireta,True,4.884,5.599,3
2022,CE,Sanitation,1,4,direta,True,2.129,2.441,1
2022,CE,Health,18,271,indireta,False,3.12,3.577,2
2022,CE,Logistics,14,252,indireta,True,1.598,1.832,1
2022,CE,Health,0,0,direta,False,0.655,0.75,1
2022,CE,Sanitation,14,192,indireta,True,0.516,0.592,1
2022,CE,Sanitation,18,271,indireta,True,0.5,0.573,1
2022,CE,Education,1,89,direta,False,0.463,0.531,1
2022,CE,Education,18,271,indireta,False,0.67,0.768,2
2022,CE,Telecommunications,1,110,direta,True,0.43,0.492,1
2022,CE,Telecommunications,22,280,indireta,True,0.531,0.609,2
2022,CE,Logistics,22,280,indireta,True,0.309,0.354,2
2022,CE,Sanitation,22,280,indireta,True,0.054,0.062,1
2022,CE,Energy,1,110,direta,True,0.05,0.057,1
2022,DF,Energy,1,204,direta,True,36.204,41.504,1
2022,DF,Urban mobility,1,205,direta,True,35.0,40.123,1
2022,DF,Telecommunications,1,18,direta,True,5.294,6.069,1
2022,DF,Education,0,21,direta,False,5.0,5.732,1
2022,DF,Sanitation,14,192,indireta,True,2.86,3.279,1
2022,DF,Health,18,271,indireta,False,0.785,0.9,1
2022,DF,Education,1,89,direta,False,0.743,0.852,1
2022,DF,Rail transport,1,110,direta,True,0.535,0.613,1
2022,DF,Logistics,1,110,direta,True,0.478,0.548,1
2022,DF,Education,18,271,indireta,False,0.265,0.304,1
2022,DF,Telecommunications,1,110,direta,True,0.133,0.152,1
2022,DF,Logistics,22,280,indireta,True,0.06,0.068,1
2022,ES,Urban mobility,1,168,direta,True,85.21,97.683,1
2022,ES,Sanitation,1,173,direta,True,75.117,86.113,1
2022,ES,Energy,1,204,direta,True,36.204,41.504,1
2022,ES,Urban mobility,1,41,direta,True,19.594,22.462,1
2022,ES,Logistics,14,252,indireta,True,11.96,13.711,1
2022,ES,Sanitation,14,252,indireta,True,5.993,6.87,3
2022,ES,Telecommunications,14,232,indireta,True,2.35,2.694,1
2022,ES,Health,18,271,indireta,False,1.265,1.45,1
2022,ES,Education,18,271,indireta,False,1.05,1.204,2
2022,ES,Telecommunications,1,18,direta,True,0.934,1.071,1
2022,ES,Health,0,0,direta,False,0.655,0.75,1
2022,ES,Telecommunications,18,271,indireta,True,0.35,0.401,1
2022,ES,Energy,18,245,indireta,True,0.27,0.31,1
2022,ES,Logistics,18,245,indireta,True,0.2,0.229,1
2022,ES,Logistics,22,280,indireta,True,0.158,0.182,2
2022,ES,Telecommunications,22,280,indireta,True,0.064,0.073,1
2022,ES,Sanitation,18,245,indireta,True,0.052,0.059,1
2022,ES,Telecommunications,1,110,direta,True,0.023,0.027,1
2022,ES,Rail transport,1,110,direta,True,0.016,0.018,1
2022,GO,Energy,1,204,direta,True,36.204,41.504,1
2022,GO,Rail transport,1,170,direta,True,30.781,35.287,1
2022,GO,Energy,1,181,direta,True,26.696,30.604,1
2022,GO,Energy,1,196,direta,True,12.171,13.953,1
2022,GO,Logistics,18,271,indireta,True,8.505,9.75,2
2022,GO,Education,18,271,indireta,False,7.619,8.735,3
2022,GO,Telecommunications,1,18,direta,True,5.605,6.426,1
2022,GO,Energy,14,192,indireta,True,2.545,2.918,1
2022,GO,Logistics,14,252,indireta,True,4.144,4.75,2
2022,GO,Health,18,271,indireta,False,2.299,2.636,2
2022,GO,Logistics,14,212,indireta,True,1.67,1.914,1
2022,GO,Sanitation,14,212,indireta,True,1.4,1.605,1
2022,GO,Telecommunications,18,271,indireta,True,1.29,1.479,2
2022,GO,Logistics,14,192,indireta,True,0.76,0.871,1
2022,GO,Rail transport,1,110,direta,True,0.551,0.632,1
2022,GO,Health,0,0,direta,False,0.524,0.6,1
2022,GO,Sanitation,18,271,indireta,True,0.67,0.768,2
2022,GO,Education,1,89,direta,False,0.421,0.483,1
2022,GO,Energy,1,110,direta,True,0.31,0.356,1
2022,GO,Telecommunications,22,280,indireta,True,0.31,0.355,2
2022,GO,Sanitation,14,192,indireta,True,0.188,0.216,1
2022,GO,Sanitation,1,173,direta,True,0.153,0.175,1
2022,GO,Telecommunications,1,110,direta,True,0.141,0.161,1
2022,GO,Logistics,22,280,indireta,True,0.188,0.215,3
2022,GO,Sanitation,22,280,indireta,True,0.087,0.099,2
2022,MA,Energy,1,8,direta,True,545.606,625.472,1
2022,MA,Energy,1,204,direta,True,36.204,41.504,1
2022,MA,Telecommunications,1,18,direta,True,6.851,7.854,1
2022,MA,Health,18,271,indireta,False,1.8,2.063,2
2022,MA,Energy,1,10,direta,True,1.315,1.508,1
2022,MA,Health,0,83,direta,False,0.778,0.892,1
2022,MA,Rail transport,1,110,direta,True,0.744,0.853,1
2022,MA,Telecommunications,1,200,direta,True,0.396,0.454,1
2022,MA,Telecommunications,22,280,indireta,True,0.383,0.439,1
2022,MA,Logistics,14,252,indireta,True,0.34,0.39,1
2022,MA,Sanitation,18,271,indireta,True,0.28,0.321,2
2022,MA,Education,0,0,direta,False,0.2,0.229,1
2022,MA,Telecommunications,1,110,direta,True,0.172,0.197,1
2022,MA,Telecommunications,18,271,indireta,True,0.15,0.172,1
2022,MA,Sanitation,22,280,indireta,True,0.085,0.097,1
2022,MG,Energy,21,160,direta,True,738.31,846.384,1
2022,MG,Energy,1,10,direta,True,434.895,498.555,1
2022,MG,Energy,1,180,direta,True,372.709,427.266,1
2022,MG,Road transport,1,178,direta,True,259.487,297.47,1
2022,MG,Energy,1,163,direta,True,132.05,151.379,1
2022,MG,Road transport,1,43,direta,True,84.0,96.296,1
2022,MG,Health,1,2,direta,False,53.375,61.188,1
2022,MG,Energy,1,204,direta,True,36.204,41.504,1
2022,MG,Energy,1,181,direta,True,26.696,30.604,1
2022,MG,Telecommunications,1,18,direta,True,26.158,29.987,1
2022,MG,Logistics,14,252,indireta,True,29.417,33.723,3
2022,MG,Sanitation,21,160,direta,True,22.546,25.847,1
2022,MG,Road transport,1,43,indireta,True,12.274,14.071,1
2022,MG,Energy,18,247,indireta,True,7.319,8.391,1
2022,MG,Sanitation,14,252,indireta,True,10.06,11.533,3
2022,MG,Sanitation,1,4,direta,True,7.084,8.121,1
2022,MG,Energy,14,192,indireta,True,6.304,7.227,1
2022,MG,Health,1,198,direta,False,6.032,6.915,1
2022,MG,Logistics,14,192,indireta,True,6.444,7.387,2
2022,MG,Telecommunications,18,271,indireta,True,5.0,5.732,2
2022,MG,Education,18,271,indireta,False,4.866,5.578,3
2022,MG,Health,1,198,indireta,False,3.0,3.439,1
2022,MG,Sanitation,1,173,direta,True,2.4,2.751,1
2022,MG,Sanitation,14,192,indireta,True,2.822,3.235,2
2022,MG,Energy,14,252,indireta,True,1.715,1.966,1
2022,MG,Telecommunications,14,192,direta,True,1.7,1.949,1
2022,MG,Telecommunications,14,232,indireta,True,1.492,1.711,1
2022,MG,Telecommunications,22,280,indireta,True,2.365,2.712,3
2022,MG,Health,0,0,direta,False,1.309,1.501,1
2022,MG,Energy,1,297,direta,True,1.158,1.328,1
2022,MG,Health,18,271,indireta,False,1.995,2.287,2
2022,MG,Education,1,89,direta,False,0.948,1.086,1
2022,MG,Rail transport,1,110,direta,True,0.861,0.987,1
2022,MG,Sanitation,18,271,indireta,True,0.8,0.917,1
2022,MG,Telecommunications,14,192,indireta,True,1.314,1.507,2
2022,MG,Sanitation,22,280,indireta,True,0.72,0.825,2
2022,MG,Telecommunications,1,110,direta,True,0.656,0.752,1
2022,MG,Energy,1,110,direta,True,0.62,0.711,1
2022,MG,Logistics,14,33,indireta,True,0.562,0.644,1
2022,MG,Energy,18,245,indireta,True,0.57,0.653,2
2022,MG,Logistics,22,280,indireta,True,0.303,0.348,3
2022,MG,Education,0,0,direta,False,0.2,0.229,1
2022,MG,Logistics,14,212,indireta,True,0.167,0.191,1
2022,MG,Telecommunications,18,262,indireta,True,0.15,0.172,1
2022,MG,Logistics,18,271,indireta,True,0.115,0.132,1
2022,MS,Energy,1,204,direta,True,36.204,41.504,1
2022,MS,Energy,1,163,direta,True,13.596,15.586,1
2022,MS,Road transport,1,43,direta,True,6.198,7.105,1
2022,MS,Energy,14,192,indireta,True,4.774,5.472,1
2022,MS,Energy,18,247,indireta,True,3.7,4.242,1
2022,MS,Logistics,14,252,indireta,True,2.049,2.349,2
2022,MS,Telecommunications,1,18,direta,True,1.868,2.142,1
2022,MS,Telecommunications,18,271,indireta,True,1.653,1.895,3
2022,MS,Education,1,89,direta,False,0.843,0.966,1
2022,MS,Health,18,271,indireta,False,0.7,0.802,2
2022,MS,Health,0,0,direta,False,0.393,0.45,1
2022,MS,Sanitation,18,271,indireta,True,0.35,0.401,2
2022,MS,Telecommunications,22,280,indireta,True,0.365,0.418,2
2022,MS,Education,18,271,indireta,False,0.38,0.436,2
2022,MS,Logistics,18,271,indireta,True,0.15,0.172,1
2022,MS,Logistics,22,280,indireta,True,0.136,0.156,2
2022,MS,Telecommunications,1,110,direta,True,0.047,0.054,1
2022,MS,Sanitation,22,280,indireta,True,0.051,0.058,2
2022,MS,Energy,22,280,indireta,True,0.013,0.015,1
2022,MT,Airports,1,169,direta,True,100.0,114.638,1
2022,MT,Road transport,1,178,direta,True,82.0,94.003,1
2022,MT,Energy,1,204,direta,True,36.204,41.504,1
2022,MT,Education,18,271,indireta,False,27.817,31.889,3
2022,MT,Logistics,14,212,indireta,True,15.0,17.196,1
2022,MT,Health,18,271,indireta,False,9.416,10.794,3
2022,MT,Energy,1,110,direta,True,4.514,5.175,1
2022,MT,Telecommunications,1,18,direta,True,1.557,1.785,1
2022,MT,Logistics,18,271,indireta,True,1.98,2.27,2
2022,MT,Logistics,14,252,indireta,True,1.774,2.033,2
2022,MT,Sanitation,18,247,indireta,True,0.961,1.102,1
2022,MT,Sanitation,14,192,indireta,True,0.918,1.052,1
2022,MT,Logistics,14,192,indireta,True,0.867,0.994,1
2022,MT,Sanitation,14,252,indireta,True,0.944,1.082,2
2022,MT,Health,0,83,direta,False,0.778,0.892,1
2022,MT,Health,0,0,direta,False,0.524,0.6,1
2022,MT,Education,1,89,direta,False,0.421,0.483,1
2022,MT,Telecommunications,18,271,indireta,True,0.38,0.436,1
2022,MT,Health,18,247,indireta,False,0.312,0.358,1
2022,MT,Telecommunications,14,252,indireta,True,0.285,0.327,1
2022,MT,Telecommunications,22,280,indireta,True,0.312,0.358,2
2022,MT,Sanitation,18,271,indireta,True,0.3,0.344,2
2022,MT,Telecommunications,14,192,indireta,True,0.065,0.075,1
2022,MT,Sanitation,22,280,indireta,True,0.051,0.058,1
2022,MT,Telecommunications,1,110,direta,True,0.039,0.045,1
2022,MT,Logistics,22,280,indireta,True,0.028,0.032,1
2022,PA,Energy,1,8,direta,True,745.354,854.459,1
2022,PA,Energy,1,204,direta,True,36.204,41.504,1
2022,PA,Energy,1,10,direta,True,35.054,40.185,1
2022,PA,Telecommunications,1,18,direta,True,12.456,14.28,1
2022,PA,Energy,21,203,direta,True,10.612,12.166,1
2022,PA,Sanitation,14,192,indireta,True,10.605,12.157,1
2022,PA,Health,18,271,indireta,False,4.65,5.331,3
2022,PA,Logistics,14,252,indireta,True,1.743,1.998,1
2022,PA,Energy,1,110,direta,True,1.214,1.392,1
2022,PA,Telecommunications,22,280,indireta,True,0.914,1.048,1
2022,PA,Health,0,83,direta,False,0.778,0.892,1
2022,PA,Health,0,0,direta,False,0.655,0.75,1
2022,PA,Education,18,271,indireta,False,0.62,0.711,2
2022,PA,Telecommunications,1,200,direta,True,0.486,0.557,1
2022,PA,Logistics,14,192,indireta,True,0.48,0.55,1
2022,PA,Sanitation,14,252,indireta,True,0.438,0.502,1
2022,PA,Education,1,89,direta,False,0.421,0.483,1
2022,PA,Telecommunications,1,110,direta,True,0.312,0.358,1
2022,PA,Education,0,0,direta,False,0.2,0.229,1
2022,PA,Energy,14,232,indireta,True,0.093,0.107,2
2022,PA,Logistics,22,280,indireta,True,0.002,0.002,1
2022,PB,Energy,1,163,direta,True,706.874,810.346,1
2022,PB,Airports,1,169,direta,True,103.354,118.483,1
2022,PB,Energy,1,204,direta,True,36.204,41.504,1
2022,PB,Energy,1,10,direta,True,16.556,18.98,1
2022,PB,Telecommunications,1,18,direta,True,6.851,7.854,1
2022,PB,Education,0,0,direta,False,3.132,3.591,1
2022,PB,Energy,1,110,direta,True,1.12,1.284,1
2022,PB,Health,18,271,indireta,False,1.522,1.745,3
2022,PB,Education,18,271,indireta,False,0.748,0.857,3
2022,PB,Sanitation,14,252,indireta,True,0.48,0.55,1
2022,PB,Telecommunications,1,110,direta,True,0.172,0.197,1
2022,PB,Education,1,89,direta,False,0.133,0.153,1
2022,PB,Telecommunications,22,280,indireta,True,0.049,0.056,1
2022,PB,Logistics,22,280,indireta,True,0.045,0.052,1
2022,PE,Energy,1,8,direta,True,286.251,328.152,1
2022,PE,Energy,1,163,direta,True,236.227,270.806,1
2022,PE,Energy,1,181,direta,True,74.174,85.031,1
2022,PE,Airports,1,169,direta,True,51.615,59.17,1
2022,PE,Energy,1,204,direta,True,36.204,41.504,1
2022,PE,Telecommunications,1,18,direta,True,16.816,19.277,1
2022,PE,Ports,1,164,direta,True,16.804,19.264,1
2022,PE,Telecommunications,1,200,direta,True,8.626,9.889,1
2022,PE,Health,18,271,indireta,False,6.4,7.337,2
2022,PE,Education,1,89,direta,False,3.511,4.025,1
2022,PE,Health,0,0,direta,False,0.655,0.75,1
2022,PE,Logistics,14,192,indireta,True,0.595,0.682,1
2022,PE,Energy,1,110,direta,True,0.553,0.634,1
2022,PE,Sanitation,14,252,indireta,True,0.504,0.578,1
2022,PE,Telecommunications,1,110,direta,True,0.422,0.483,1
2022,PE,Logistics,14,252,indireta,True,0.3,0.344,1
2022,PE,Telecommunications,18,271,indireta,True,0.22,0.252,1
2022,PE,Telecommunications,22,280,indireta,True,0.055,0.063,1
2022,PI,Energy,1,163,direta,True,795.572,912.027,1
2022,PI,Energy,1,8,direta,True,363.531,416.744,1
2022,PI,Energy,1,204,direta,True,36.204,41.504,1
2022,PI,Telecommunications,1,200,direta,True,7.237,8.296,1
2022,PI,Energy,1,10,direta,True,5.637,6.462,1
2022,PI,Telecommunications,1,18,direta,True,5.294,6.069,1
2022,PI,Health,18,271,indireta,False,2.125,2.436,2
2022,PI,Logistics,14,252,indireta,True,0.779,0.893,1
2022,PI,Health,0,0,direta,False,0.524,0.6,1
2022,PI,Energy,1,110,direta,True,0.377,0.432,1
2022,PI,Telecommunications,18,271,indireta,True,0.315,0.361,1
2022,PI,Telecommunications,1,110,direta,True,0.133,0.152,1
2022,PI,Telecommunications,22,280,indireta,True,0.091,0.104,2
2022,PI,Sanitation,22,280,indireta,True,0.061,0.07,1
2022,PR,Energy,1,10,direta,True,429.705,492.605,1
2022,PR,Rail transport,21,145,direta,True,86.8,99.506,1
2022,PR,Energy,1,163,direta,True,60.0,68.783,1
2022,PR,Sanitation,1,4,direta,True,56.427,64.687,1
2022,PR,Sanitation,1,173,direta,True,49.728,57.007,1
2022,PR,Telecommunications,1,18,direta,True,41.417,47.48,1
2022,PR,Energy,1,204,direta,True,36.204,41.504,1
2022,PR,Energy,18,247,indireta,True,34.342,39.368,1
2022,PR,Logistics,18,33,indireta,True,23.26,26.665,1
2022,PR,Logistics,18,245,indireta,True,20.261,23.226,2
2022,PR,Energy,1,196,direta,True,16.655,19.093,1
2022,PR,Logistics,14,252,indireta,True,14.61,16.749,2
2022,PR,Energy,14,192,indireta,True,13.44,15.407,2
2022,PR,Energy,14,196,indireta,True,12.652,14.504,3
2022,PR,Logistics,14,192,indireta,True,11.003,12.614,2
2022,PR,Energy,18,245,indireta,True,11.393,13.06,2
2022,PR,Energy,1,69,direta,True,6.532,7.488,1
2022,PR,Logistics,18,271,indireta,True,7.229,8.287,2
2022,PR,Energy,18,268,indireta,True,5.8,6.649,1
2022,PR,Education,18,271,indireta,False,8.905,10.209,3
2022,PR,Telecommunications,1,200,direta,True,4.284,4.911,1
2022,PR,Education,1,89,direta,False,4.238,4.858,2
2022,PR,Education,0,0,direta,False,2.455,2.815,2
2022,PR,Health,18,271,indireta,False,5.319,6.098,3
2022,PR,Sanitation,18,271,indireta,True,2.204,2.527,3
2022,PR,Sanitation,14,252,indireta,True,2.595,2.974,3
2022,PR,Telecommunications,18,271,indireta,True,1.591,1.824,2
2022,PR,Health,0,0,direta,False,1.309,1.501,1
2022,PR,Telecommunications,1,110,direta,True,1.039,1.191,1
2022,PR,Sanitation,14,192,indireta,True,0.83,0.952,1
2022,PR,Energy,18,264,indireta,True,0.594,0.681,1
2022,PR,Telecommunications,22,280,indireta,True,0.901,1.033,3
2022,PR,Logistics,22,280,indireta,True,1.03,1.181,3
2022,PR,Education,18,247,indireta,False,0.5,0.573,1
2022,PR,Sanitation,22,280,indireta,True,0.633,0.726,3
2022,PR,Health,18,247,indireta,False,0.4,0.459,1
2022,PR,Rail transport,22,280,indireta,True,0.053,0.06,1
2022,RJ,Energy,1,32,direta,True,1872.623,2146.736,1
2022,RJ,Energy,1,296,direta,True,797.377,914.097,1
2022,RJ,Rail transport,14,192,direta,True,618.07,708.542,1
2022,RJ,Urban mobility,1,118,direta,True,105.967,121.478,2
2022,RJ,Energy,1,204,direta,True,36.204,41.504,1
2022,RJ,Sanitation,1,4,direta,True,32.738,37.531,1
2022,RJ,Energy,1,10,direta,True,24.5,28.086,1
2022,RJ,Telecommunications,1,18,direta,True,18.373,21.062,1
2022,RJ,Sanitation,1,173,direta,True,14.096,16.16,1
2022,RJ,Energy,14,232,indireta,True,5.988,6.865,1
2022,RJ,Health,18,271,indireta,False,3.765,4.316,2
2022,RJ,Logistics,14,252,indireta,True,3.04,3.485,1
2022,RJ,Rail transport,1,110,direta,True,2.444,2.802,1
2022,RJ,Education,1,89,direta,False,3.272,3.751,2
2022,RJ,Education,1,188,direta,False,0.9,1.032,1
2022,RJ,Sanitation,14,252,indireta,True,1.452,1.665,2
2022,RJ,Sanitation,22,280,indireta,True,0.883,1.013,3
2022,RJ,Sanitation,14,192,indireta,True,0.75,0.86,1
2022,RJ,Telecommunications,22,280,indireta,True,1.181,1.354,3
2022,RJ,Health,0,0,direta,False,0.524,0.6,1
2022,RJ,Telecommunications,1,110,direta,True,0.461,0.528,1
2022,RJ,Logistics,1,110,direta,True,0.311,0.357,1
2022,RJ,Sanitation,1,110,direta,True,0.308,0.353,1
2022,RJ,Logistics,14,212,indireta,True,0.3,0.344,1
2022,RJ,Logistics,14,192,indireta,True,0.206,0.236,1
2022,RJ,Logistics,22,280,indireta,True,0.212,0.242,2
2022,RJ,Education,18,271,indireta,False,0.23,0.264,2
2022,RN,Energy,1,163,direta,True,1560.007,1788.36,2
2022,RN,Energy,1,8,direta,True,125.085,143.395,1
2022,RN,Energy,1,10,direta,True,96.9,111.084,1
2022,RN,Energy,21,203,direta,True,86.0,98.589,1
2022,RN,Energy,1,204,direta,True,36.204,41.504,1
2022,RN,Telecommunications,1,18,direta,True,7.162,8.211,1
2022,RN,Energy,1,110,direta,True,1.015,1.163,1
2022,RN,Health,18,271,indireta,False,0.42,0.481,1
2022,RN,Sanitation,14,192,indireta,True,0.376,0.431,1
2022,RN,Education,18,271,indireta,False,0.3,0.344,1
2022,RN,Telecommunications,18,271,indireta,True,0.28,0.321,1
2022,RN,Health,0,0,direta,False,0.262,0.3,1
2022,RN,Telecommunications,1,110,direta,True,0.18,0.206,1
2022,RN,Logistics,18,271,indireta,True,0.095,0.109,1
2022,RN,Telecommunications,22,280,indireta,True,0.072,0.082,2
2022,RO,Logistics,21,199,direta,True,73.12,83.823,1
2022,RO,Energy,1,204,direta,True,36.204,41.504,1
2022,RO,Energy,1,110,direta,True,0.95,1.089,1
2022,RO,Health,0,83,direta,False,0.778,0.892,1
2022,RO,Telecommunications,1,18,direta,True,0.623,0.714,1
2022,RO,Health,0,0,direta,False,0.524,0.6,1
2022,RO,Energy,21,203,direta,True,0.49,0.561,1
2022,RO,Education,18,271,indireta,False,0.3,0.344,1
2022,RO,Telecommunications,18,271,indireta,True,0.33,0.378,2
2022,RO,Energy,18,245,indireta,True,0.216,0.248,1
2022,RO,Health,18,271,indireta,False,0.23,0.264,2
2022,RO,Sanitation,18,271,indireta,True,0.05,0.057,1
2022,RO,Logistics,22,280,indireta,True,0.038,0.044,1
2022,RO,Telecommunications,1,110,direta,True,0.016,0.018,1
2022,RO,Telecommunications,22,280,indireta,True,0.016,0.018,1
2022,RR,Logistics,21,199,direta,True,109.68,125.735,1
2022,RR,Energy,1,204,direta,True,36.204,41.504,1
2022,RR,Health,0,83,direta,False,0.778,0.892,1
2022,RR,Energy,21,203,direta,True,0.49,0.561,1
2022,RR,Telecommunications,1,18,direta,True,0.311,0.357,1
2022,RR,Telecommunications,1,110,direta,True,0.008,0.009,1
2022,RS,Energy,21,145,direta,True,379.0,434.478,1
2022,RS,Energy,1,8,direta,True,297.139,340.635,1
2022,RS,Road transport,1,178,direta,True,172.0,197.177,1
2022,RS,Energy,18,247,indireta,True,85.494,98.009,2
2022,RS,Energy,1,181,direta,True,72.5,83.113,1
2022,RS,Energy,1,204,direta,True,36.204,41.504,1
2022,RS,Logistics,18,273,indireta,True,23.479,26.916,1
2022,RS,Energy,18,245,indireta,True,27.138,31.111,2
2022,RS,Health,18,268,indireta,False,22.529,25.827,1
2022,RS,Energy,14,196,indireta,True,19.642,22.517,2
2022,RS,Airports,1,169,direta,True,10.0,11.464,1
2022,RS,Telecommunications,1,200,direta,True,8.854,10.15,1
2022,RS,Logistics,14,273,indireta,True,7.407,8.491,1
2022,RS,Telecommunications,1,18,direta,True,6.54,7.497,1
2022,RS,Sanitation,1,173,direta,True,5.7,6.534,1
2022,RS,Sanitation,14,252,indireta,True,5.937,6.806,2
2022,RS,Health,18,271,indireta,False,10.535,12.077,3
2022,RS,Energy,18,266,indireta,True,4.26,4.883,1
2022,RS,Sanitation,1,4,direta,True,5.355,6.139,2
2022,RS,Telecommunications,18,271,indireta,True,7.152,8.199,3
2022,RS,Sanitation,18,245,indireta,True,4.211,4.827,2
2022,RS,Education,18,271,indireta,False,5.893,6.756,3
2022,RS,Logistics,18,245,indireta,True,4.101,4.701,3
2022,RS,Sanitation,18,271,indireta,True,3.738,4.285,3
2022,RS,Logistics,14,252,indireta,True,2.123,2.434,1
2022,RS,Education,18,268,indireta,False,1.523,1.746,1
2022,RS,Logistics,18,271,indireta,True,2.141,2.455,2
2022,RS,Health,0,0,direta,False,1.309,1.501,1
2022,RS,Energy,18,268,indireta,True,1.286,1.474,1
2022,RS,Energy,1,110,direta,True,1.092,1.252,1
2022,RS,Telecommunications,22,280,indireta,True,1.065,1.221,2
2022,RS,Logistics,18,33,indireta,True,0.828,0.949,1
2022,RS,Energy,14,252,indireta,True,0.79,0.906,1
2022,RS,Logistics,14,192,indireta,True,0.58,0.665,1
2022,RS,Health,18,247,indireta,False,0.574,0.658,1
2022,RS,Sanitation,18,264,indireta,True,0.396,0.454,1
2022,RS,Education,0,0,direta,False,0.2,0.229,1
2022,RS,Telecommunications,1,110,direta,True,0.164,0.188,1
2022,RS,Health,18,262,indireta,False,0.15,0.172,1
2022,RS,Logistics,22,280,indireta,True,0.259,0.297,3
2022,RS,Sanitation,14,192,indireta,True,0.12,0.138,1
2022,RS,Sanitation,22,280,indireta,True,0.107,0.123,2
2022,RS,Energy,22,280,indireta,True,0.074,0.084,1
2022,SC,Energy,1,10,direta,True,332.73,381.435,1
2022,SC,Energy,18,247,indireta,True,67.332,77.188,1
2022,SC,Energy,1,181,direta,True,63.735,73.064,1
2022,SC,Energy,1,204,direta,True,36.204,41.504,1
2022,SC,Road transport,1,178,direta,True,29.919,34.298,1
2022,SC,Energy,18,245,indireta,True,31.337,35.924,2
2022,SC,Telecommunications,1,18,direta,True,20.241,23.204,1
2022,SC,Energy,14,192,indireta,True,13.971,16.016,1
2022,SC,Logistics,14,252,indireta,True,10.78,12.358,2
2022,SC,Sanitation,1,173,direta,True,7.994,9.164,1
2022,SC,Health,18,271,indireta,False,9.812,11.248,3
2022,SC,Sanitation,14,252,indireta,True,6.596,7.562,2
2022,SC,Energy,18,274,indireta,True,4.339,4.974,1
2022,SC,Education,18,271,indireta,False,6.885,7.893,2
2022,SC,Logistics,18,271,indireta,True,5.154,5.908,3
2022,SC,Sanitation,14,192,indireta,True,3.394,3.891,2
2022,SC,Sanitation,14,212,indireta,True,2.929,3.358,1
2022,SC,Telecommunications,1,200,direta,True,2.856,3.274,1
2022,SC,Logistics,18,275,indireta,True,2.691,3.084,1
2022,SC,Energy,14,196,indireta,True,2.516,2.885,2
2022,SC,Education,1,89,direta,False,1.688,1.935,1
2022,SC,Logistics,14,212,indireta,True,1.616,1.853,1
2022,SC,Logistics,18,247,indireta,True,1.425,1.634,1
2022,SC,Telecommunications,18,271,indireta,True,1.562,1.791,2
2022,SC,Energy,18,271,indireta,True,0.8,0.917,1
2022,SC,Logistics,14,192,indireta,True,1.321,1.515,2
2022,SC,Health,0,0,direta,False,0.655,0.75,1
2022,SC,Telecommunications,22,280,indireta,True,0.924,1.06,2
2022,SC,Sanitation,18,245,indireta,True,0.637,0.731,2
2022,SC,Telecommunications,1,110,direta,True,0.508,0.582,1
2022,SC,Sanitation,18,271,indireta,True,0.404,0.463,2
2022,SC,Education,0,0,direta,False,0.2,0.229,1
2022,SC,Logistics,22,280,indireta,True,0.177,0.203,3
2022,SC,Sanitation,22,280,indireta,True,0.162,0.186,3
2022,SE,Airports,1,169,direta,True,51.677,59.241,1
2022,SE,Energy,1,204,direta,True,36.204,41.504,1
2022,SE,Sanitation,0,5,direta,True,2.09,2.395,1
2022,SE,Telecommunications,1,18,direta,True,0.934,1.071,1
2022,SE,Education,0,0,direta,False,0.902,1.035,1
2022,SE,Health,18,271,indireta,False,0.282,0.323,1
2022,SE,Health,0,0,direta,False,0.262,0.3,1
2022,SE,Telecommunications,22,280,indireta,True,0.124,0.142,1
2022,SE,Sanitation,14,192,indireta,True,0.084,0.096,1
2022,SE,Education,18,271,indireta,False,0.05,0.057,1
2022,SE,Telecommunications,1,110,direta,True,0.023,0.027,1
2022,SE,Rail transport,1,110,direta,True,0.016,0.018,1
2022,SP,Urban mobility,1,168,direta,True,3596.43,4122.873,2
2022,SP,Energy,1,181,direta,True,1437.093,1647.454,2
2022,SP,Urban mobility,1,118,direta,True,1225.849,1405.288,3
2022,SP,Energy,1,8,direta,True,447.021,512.455,1
2022,SP,Rail transport,21,145,direta,True,347.2,398.023,1
2022,SP,Road transport,1,178,direta,True,283.0,324.425,1
2022,SP,Energy,1,10,direta,True,226.96,260.182,1
2022,SP,Sanitation,1,4,direta,True,205.28,235.329,1
2022,SP,Energy,1,180,direta,True,184.0,210.934,1
2022,SP,Urban mobility,1,41,direta,True,89.146,102.195,1
2022,SP,Telecommunications,1,18,direta,True,82.834,94.959,1
2022,SP,Energy,1,163,direta,True,38.0,43.562,1
2022,SP,Energy,1,204,direta,True,37.183,42.626,1
2022,SP,Energy,14,212,indireta,True,34.0,38.977,1
2022,SP,Health,1,198,direta,False,30.0,34.391,1
2022,SP,Sanitation,1,173,direta,True,27.568,31.604,1
2022,SP,Sanitation,14,212,indireta,True,38.001,43.563,2
2022,SP,Health,1,165,indireta,False,24.488,28.073,1
2022,SP,Health,1,124,direta,False,23.364,26.784,1
2022,SP,Ports,1,38,direta,True,22.813,26.152,1
2022,SP,Rail transport,14,252,indireta,True,19.046,21.834,1
2022,SP,Health,1,84,direta,False,18.427,21.125,1
2022,SP,Education,18,271,indireta,False,20.939,24.005,3
2022,SP,Sanitation,14,192,indireta,True,22.933,26.29,3
2022,SP,Sanitation,14,252,indireta,True,23.674,27.14,4
2022,SP,Sanitation,18,271,indireta,True,11.201,12.84,2
2022,SP,Energy,21,160,direta,True,8.915,10.221,1
2022,SP,Logistics,14,252,indireta,True,8.849,10.144,2
2022,SP,Energy,14,192,direta,True,7.96,9.125,1
2022,SP,Health,18,271,indireta,False,12.037,13.799,3
2022,SP,Logistics,14,192,indireta,True,8.492,9.735,2
2022,SP,Education,18,247,indireta,False,5.2,5.961,1
2022,SP,Logistics,14,212,indireta,True,3.7,4.242,1
2022,SP,Logistics,22,280,indireta,True,4.277,4.903,3
2022,SP,Telecommunications,1,110,direta,True,2.077,2.382,1
2022,SP,Logistics,18,271,indireta,True,3.144,3.604,2
2022,SP,Sanitation,22,280,indireta,True,1.944,2.229,3
2022,SP,Rail transport,1,110,direta,True,1.251,1.434,1
2022,SP,Energy,18,271,indireta,True,1.051,1.205,1
2022,SP,Telecommunications,22,280,indireta,True,2.413,2.766,3
2022,SP,Telecommunications,18,271,indireta,True,1.96,2.247,3
2022,SP,Health,0,0,direta,False,0.655,0.75,1
2022,SP,Education,0,0,direta,False,0.677,0.776,2
2022,SP,Logistics,14,276,indireta,True,0.328,0.376,1
2022,SP,Telecommunications,14,232,indireta,True,0.269,0.309,1
2022,SP,Logistics,18,247,indireta,True,0.06,0.069,1
2022,SP,Health,18,247,indireta,False,0.042,0.048,1
2022,SP,Energy,1,110,direta,True,0.034,0.039,1
2022,TO,Energy,1,10,direta,True,150.151,172.13,1
2022,TO,Energy,1,204,direta,True,36.204,41.504,1
2022,TO,Energy,21,203,direta,True,2.449,2.807,1
2022,TO,Education,18,271,indireta,False,1.0,1.146,1
2022,TO,Health,0,83,direta,False,0.778,0.892,1
2022,TO,Telecommunications,1,18,direta,True,0.623,0.714,1
2022,TO,Health,18,271,indireta,False,1.037,1.189,3
2022,TO,Telecommunications,18,271,indireta,True,0.5,0.573,1
2022,TO,Education,1,89,direta,False,0.421,0.483,1
2022,TO,Telecommunications,1,200,direta,True,0.396,0.454,1
2022,TO,Logistics,14,252,indireta,True,0.34,0.39,1
2022,TO,Energy,1,110,direta,True,0.2,0.229,1
2022,TO,Rail transport,1,110,direta,True,0.016,0.018,1
2022,TO,Telecommunications,1,110,direta,True,0.016,0.018,1
2022,TO,Telecommunications,22,280,indireta,True,0.005,0.005,1
2023,AC,Energy,1,10,direta,True,138.0,151.253,1
2023,AC,Health,18,271,indireta,False,0.6,0.658,1
2023,AC,Education,18,271,indireta,False,0.5,0.548,1
2023,AC,Education,0,209,direta,False,0.388,0.425,1
2023,AC,Education,0,0,direta,False,0.153,0.168,2
2023,AC,Energy,1,196,direta,True,0.068,0.074,1
2023,AC,Energy,1,11,direta,True,0.068,0.074,1
2023,AL,Airports,1,169,direta,True,66.68,73.083,1
2023,AL,Education,1,89,direta,False,3.568,3.911,1
2023,AL,Energy,1,196,direta,True,1.83,2.006,1
2023,AL,Energy,1,180,direta,True,1.83,2.006,1
2023,AL,Education,0,0,direta,False,0.52,0.57,2
2023,AL,Telecommunications,18,271,indireta,True,0.2,0.219,1
2023,AL,Telecommunications,22,280,indireta,True,0.068,0.074,1
2023,AM,Logistics,14,192,indireta,True,8.217,9.007,1
2023,AM,Sanitation,1,173,direta,True,7.038,7.714,1
2023,AM,Logistics,14,212,indireta,True,4.0,4.384,1
2023,AM,Education,1,89,direta,False,0.689,0.756,1
2023,AM,Education,0,209,direta,False,0.423,0.463,1
2023,AM,Education,0,0,direta,False,0.378,0.414,3
2023,AM,Health,0,0,direta,False,0.125,0.137,1
2023,AM,Telecommunications,22,280,indireta,True,0.203,0.223,3
2023,AM,Logistics,22,280,indireta,True,0.038,0.042,1
2023,AP,Sanitation,21,203,direta,True,955.0,1046.711,1
2023,AP,Education,0,0,direta,False,0.983,1.077,4
2023,AP,Education,0,209,direta,False,0.388,0.425,1
2023,BA,Energy,1,163,direta,True,1371.991,1503.747,1
2023,BA,Energy,1,10,direta,True,180.092,197.387,2
2023,BA,Sanitation,1,4,direta,True,59.693,65.426,1
2023,BA,Logistics,1,215,direta,True,13.595,14.901,1
2023,BA,Ports,1,164,direta,True,10.313,11.303,1
2023,BA,Energy,1,110,direta,True,5.463,5.987,1
2023,BA,Logistics,14,252,indireta,True,5.582,6.118,2
2023,BA,Education,0,0,direta,False,3.501,3.838,3
2023,BA,Health,18,271,indireta,False,2.197,2.408,2
2023,BA,Education,18,271,indireta,False,1.337,1.465,2
2023,BA,Sanitation,14,252,indireta,True,0.725,0.794,1
2023,BA,Education,1,89,direta,False,0.72,0.789,1
2023,BA,Telecommunications,14,232,indireta,True,0.734,0.805,2
2023,BA,Telecommunications,18,271,indireta,True,0.835,0.915,2
2023,BA,Sanitation,22,280,indireta,True,0.283,0.311,2
2023,BA,Logistics,18,271,indireta,True,0.21,0.23,1
2023,BA,Health,0,0,direta,False,0.2,0.219,1
2023,BA,Energy,1,11,direta,True,0.189,0.207,1
2023,BA,Energy,1,196,direta,True,0.189,0.207,1
2023,BA,Energy,18,245,indireta,True,0.165,0.181,1
2023,BA,Sanitation,18,271,indireta,True,0.15,0.164,1
2023,BA,Telecommunications,22,280,indireta,True,0.108,0.118,1
2023,BA,Logistics,22,280,indireta,True,0.03,0.033,1
2023,CE,Energy,1,10,direta,True,103.62,113.571,1
2023,CE,Airports,1,169,direta,True,66.68,73.083,1
2023,CE,Energy,1,196,direta,True,4.276,4.686,2
2023,CE,Energy,1,180,direta,True,3.965,4.346,1
2023,CE,Sanitation,14,252,indireta,True,3.789,4.152,2
2023,CE,Telecommunications,14,252,indireta,True,2.989,3.276,1
2023,CE,Logistics,14,252,indireta,True,3.259,3.572,2
2023,CE,Logistics,14,192,indireta,True,3.243,3.554,2
2023,CE,Sanitation,14,192,indireta,True,1.089,1.193,1
2023,CE,Sanitation,18,271,indireta,True,1.255,1.376,2
2023,CE,Education,1,89,direta,False,0.72,0.789,1
2023,CE,Education,18,271,indireta,False,0.7,0.767,1
2023,CE,Health,18,271,indireta,False,1.08,1.184,3
2023,CE,Education,0,0,direta,False,0.63,0.691,2
2023,CE,Energy,1,110,direta,True,0.585,0.642,2
2023,CE,Energy,1,11,direta,True,0.31,0.34,1
2023,CE,Telecommunications,22,280,indireta,True,0.237,0.26,1
2023,CE,Telecommunications,18,271,indireta,True,0.2,0.219,1
2023,CE,Health,0,0,direta,False,0.125,0.137,1
2023,CE,Logistics,22,280,indireta,True,0.202,0.221,2
2023,CE,Sanitation,22,280,indireta,True,0.087,0.095,1
2023,DF,Urban mobility,1,205,direta,True,43.0,47.129,1
2023,DF,Education,0,21,direta,False,5.0,5.48,1
2023,DF,Health,18,271,indireta,False,2.359,2.586,2
2023,DF,Education,18,271,indireta,False,2.663,2.919,3
2023,DF,Education,1,89,direta,False,1.27,1.392,1
2023,DF,Energy,1,196,direta,True,0.61,0.669,1
2023,DF,Energy,1,180,direta,True,0.61,0.669,1
2023,DF,Logistics,18,271,indireta,True,0.555,0.608,1
2023,DF,Telecommunications,18,271,indireta,True,0.5,0.548,1
2023,DF,Telecommunications,22,280,indireta,True,0.185,0.203,1
2023,DF,Education,0,0,direta,False,0.153,0.168,2
2023,DF,Sanitation,14,252,indireta,True,0.103,0.113,1
2023,ES,Airports,1,169,direta,True,105.0,115.083,1
2023,ES,Energy,1,10,direta,True,86.5,94.807,1
2023,ES,Energy,1,8,direta,True,41.498,45.483,1
2023,ES,Sanitation,1,173,direta,True,29.202,32.006,1
2023,ES,Logistics,18,247,indireta,True,25.138,27.552,1
2023,ES,Urban mobility,1,41,direta,True,7.13,7.815,1
2023,ES,Logistics,14,192,indireta,True,6.9,7.563,1
2023,ES,Logistics,14,252,indireta,True,10.332,11.324,3
2023,ES,Urban mobility,1,168,direta,True,4.278,4.689,1
2023,ES,Health,18,271,indireta,False,3.379,3.703,2
2023,ES,Telecommunications,14,232,indireta,True,2.691,2.95,1
2023,ES,Logistics,22,280,indireta,True,1.762,1.931,2
2023,ES,Telecommunications,1,200,direta,True,1.1,1.206,1
2023,ES,Energy,18,245,indireta,True,1.113,1.22,2
2023,ES,Sanitation,18,245,indireta,True,0.467,0.512,1
2023,ES,Sanitation,14,252,indireta,True,0.366,0.401,1
2023,ES,Telecommunications,18,271,indireta,True,0.2,0.219,1
2023,ES,Education,0,0,direta,False,0.277,0.304,2
2023,ES,Logistics,18,271,indireta,True,0.15,0.164,1
2023,ES,Health,0,0,direta,False,0.125,0.137,1
2023,ES,Telecommunications,22,280,indireta,True,0.134,0.147,2
2023,ES,Education,18,271,indireta,False,0.095,0.104,1
2023,ES,Telecommunications,14,192,indireta,True,0.023,0.025,1
2023,GO,Road transport,1,178,direta,True,217.204,238.062,1
2023,GO,Logistics,21,145,direta,True,128.0,140.292,1
2023,GO,Rail transport,1,170,direta,True,36.232,39.712,1
2023,GO,Energy,1,181,direta,True,21.803,23.897,1
2023,GO,Energy,1,180,direta,True,20.409,22.368,2
2023,GO,Energy,1,196,direta,True,30.42,33.341,2
2023,GO,Logistics,14,252,indireta,True,7.915,8.675,2
2023,GO,Logistics,14,192,indireta,True,5.179,5.677,1
2023,GO,Sanitation,14,192,indireta,True,3.211,3.519,1
2023,GO,Health,18,271,indireta,False,4.203,4.607,3
2023,GO,Education,18,271,indireta,False,2.465,2.702,2
2023,GO,Sanitation,14,252,indireta,True,1.5,1.644,1
2023,GO,Telecommunications,18,271,indireta,True,1.7,1.863,2
2023,GO,Sanitation,18,271,indireta,True,1.03,1.129,1
2023,GO,Education,1,89,direta,False,0.72,0.789,1
2023,GO,Energy,1,296,direta,True,0.6,0.658,1
2023,GO,Logistics,18,271,indireta,True,0.325,0.356,2
2023,GO,Education,0,0,direta,False,0.445,0.488,2
2023,GO,Telecommunications,22,280,indireta,True,0.332,0.364,2
2023,GO,Health,0,0,direta,False,0.1,0.109,1
2023,GO,Energy,1,110,direta,True,0.029,0.032,1
2023,GO,Logistics,22,280,indireta,True,0.018,0.02,2
2023,MA,Logistics,21,145,direta,True,192.0,210.438,1
2023,MA,Energy,1,8,direta,True,186.381,204.279,1
2023,MA,Energy,1,196,direta,True,8.67,9.503,2
2023,MA,Energy,1,180,direta,True,8.67,9.503,2
2023,MA,Education,0,0,direta,False,3.391,3.717,3
2023,MA,Telecommunications,1,200,direta,True,2.313,2.535,1
2023,MA,Education,18,271,indireta,False,0.734,0.804,1
2023,MA,Education,0,209,direta,False,0.388,0.425,1
2023,MA,Health,18,271,indireta,False,0.24,0.263,2
2023,MA,Telecommunications,22,280,indireta,True,0.109,0.119,1
2023,MA,Telecommunications,18,271,indireta,True,0.1,0.11,1
2023,MA,Logistics,22,280,indireta,True,0.049,0.054,1
2023,MA,Sanitation,22,280,indireta,True,0.033,0.036,1
2023,MG,Energy,1,180,direta,True,1279.164,1402.005,2
2023,MG,Energy,21,145,direta,True,172.8,189.394,1
2023,MG,Energy,1,10,direta,True,108.904,119.362,1
2023,MG,Road transport,1,178,direta,True,68.916,75.534,1
2023,MG,Energy,1,196,direta,True,53.687,58.842,2
2023,MG,Energy,14,192,direta,True,38.789,42.514,1
2023,MG,Energy,1,181,direta,True,21.803,23.897,1
2023,MG,Logistics,14,252,indireta,True,22.727,24.91,2
2023,MG,Sanitation,14,252,indireta,True,16.968,18.598,2
2023,MG,Health,18,271,indireta,False,25.818,28.297,3
2023,MG,Logistics,14,192,indireta,True,12.252,13.428,3
2023,MG,Sanitation,21,160,direta,True,9.128,10.004,1
2023,MG,Sanitation,1,4,direta,True,7.146,7.832,1
2023,MG,Energy,1,163,direta,True,6.95,7.617,1
2023,MG,Energy,18,247,indireta,True,5.8,6.357,1
2023,MG,Energy,14,192,indireta,True,5.765,6.319,1
2023,MG,Logistics,18,271,indireta,True,6.679,7.32,3
2023,MG,Telecommunications,14,192,direta,True,4.317,4.731,1
2023,MG,Education,18,271,indireta,False,4.018,4.404,3
2023,MG,Education,1,89,direta,False,3.393,3.718,2
2023,MG,Telecommunications,18,271,indireta,True,1.654,1.813,2
2023,MG,Logistics,14,212,indireta,True,1.377,1.509,1
2023,MG,Energy,14,232,direta,True,1.211,1.327,1
2023,MG,Telecommunications,22,280,indireta,True,1.377,1.509,3
2023,MG,Sanitation,14,192,indireta,True,1.085,1.189,2
2023,MG,Energy,1,11,direta,True,0.689,0.755,1
2023,MG,Telecommunications,14,278,indireta,True,0.596,0.654,1
2023,MG,Sanitation,22,280,indireta,True,0.88,0.964,2
2023,MG,Telecommunications,1,200,direta,True,0.55,0.603,1
2023,MG,Education,0,298,direta,False,0.5,0.548,1
2023,MG,Telecommunications,14,192,indireta,True,0.435,0.477,1
2023,MG,Education,0,0,direta,False,0.712,0.781,3
2023,MG,Health,0,0,direta,False,0.25,0.274,1
2023,MG,Logistics,22,280,indireta,True,0.288,0.316,2
2023,MG,Energy,18,245,indireta,True,0.178,0.195,2
2023,MG,Energy,1,110,direta,True,0.034,0.037,1
2023,MS,Energy,1,180,direta,True,160.344,175.742,1
2023,MS,Energy,1,196,direta,True,29.978,32.857,2
2023,MS,Energy,1,10,direta,True,18.28,20.036,1
2023,MS,Logistics,18,271,indireta,True,14.109,15.464,3
2023,MS,Energy,1,163,direta,True,8.392,9.198,1
2023,MS,Logistics,14,252,indireta,True,7.18,7.869,3
2023,MS,Health,18,271,indireta,False,4.853,5.319,3
2023,MS,Education,18,271,indireta,False,2.075,2.274,2
2023,MS,Telecommunications,18,271,indireta,True,2.737,3.0,2
2023,MS,Education,1,89,direta,False,1.44,1.579,1
2023,MS,Energy,14,192,indireta,True,1.28,1.403,1
2023,MS,Telecommunications,22,280,indireta,True,0.453,0.497,2
2023,MS,Logistics,14,192,indireta,True,0.341,0.373,1
2023,MS,Sanitation,18,271,indireta,True,0.55,0.603,2
2023,MS,Education,0,0,direta,False,0.321,0.352,2
2023,MS,Health,0,0,direta,False,0.075,0.082,1
2023,MS,Sanitation,14,252,indireta,True,0.071,0.078,1
2023,MS,Energy,1,11,direta,True,0.068,0.074,1
2023,MS,Sanitation,22,280,indireta,True,0.057,0.063,2
2023,MS,Energy,22,280,indireta,True,0.028,0.031,1
2023,MT,Rail transport,1,170,direta,True,347.309,380.662,1
2023,MT,Airports,1,169,direta,True,204.9,224.577,1
2023,MT,Road transport,1,178,direta,True,85.0,93.163,1
2023,MT,Energy,1,180,direta,True,59.839,65.585,1
2023,MT,Health,18,247,indireta,False,8.0,8.768,1
2023,MT,Health,18,271,indireta,False,16.353,17.923,3
2023,MT,Energy,1,196,direta,True,7.721,8.463,1
2023,MT,Education,18,271,indireta,False,5.418,5.938,2
2023,MT,Energy,1,110,direta,True,2.701,2.96,1
2023,MT,Logistics,14,252,indireta,True,2.115,2.318,1
2023,MT,Energy,1,32,direta,True,2.0,2.192,1
2023,MT,Telecommunications,18,271,indireta,True,3.389,3.714,2
2023,MT,Logistics,18,271,indireta,True,2.82,3.091,2
2023,MT,Sanitation,14,252,indireta,True,0.851,0.933,1
2023,MT,Education,1,89,direta,False,0.72,0.789,1
2023,MT,Sanitation,18,271,indireta,True,0.499,0.547,2
2023,MT,Education,0,209,direta,False,0.388,0.425,1
2023,MT,Sanitation,14,192,indireta,True,0.378,0.414,1
2023,MT,Telecommunications,14,212,indireta,True,0.345,0.378,1
2023,MT,Education,0,0,direta,False,0.445,0.488,2
2023,MT,Telecommunications,22,280,indireta,True,0.348,0.381,3
2023,MT,Health,0,0,direta,False,0.1,0.109,1
2023,MT,Sanitation,22,280,indireta,True,0.051,0.056,1
2023,MT,Logistics,22,280,indireta,True,0.054,0.059,2
2023,PA,Energy,14,192,indireta,True,15.246,16.71,1
2023,PA,Education,0,0,direta,False,6.82,7.475,4
2023,PA,Telecommunications,1,200,direta,True,2.835,3.108,1
2023,PA,Education,1,89,direta,False,2.746,3.01,2
2023,PA,Telecommunications,14,252,indireta,True,0.95,1.041,1
2023,PA,Telecommunications,22,280,indireta,True,0.704,0.772,2
2023,PA,Logistics,22,280,indireta,True,0.527,0.577,1
2023,PA,Energy,1,110,direta,True,0.457,0.5,1
2023,PA,Education,0,209,direta,False,0.388,0.425,1
2023,PA,Education,18,271,indireta,False,0.3,0.329,1
2023,PA,Telecommunications,14,192,indireta,True,0.264,0.289,1
2023,PA,Health,18,271,indireta,False,0.23,0.252,2
2023,PA,Health,0,0,direta,False,0.125,0.137,1
2023,PA,Energy,1,196,direta,True,0.068,0.074,1
2023,PA,Energy,1,11,direta,True,0.068,0.074,1
2023,PB,Airports,1,169,direta,True,133.36,146.167,1
2023,PB,Energy,1,180,direta,True,110.0,120.564,1
2023,PB,Energy,1,163,direta,True,69.28,75.933,1
2023,PB,Road transport,1,178,direta,True,64.0,70.146,1
2023,PB,Ports,1,164,direta,True,50.0,54.802,1
2023,PB,Energy,1,196,direta,True,4.108,4.503,1
2023,PB,Education,18,271,indireta,False,1.235,1.354,2
2023,PB,Sanitation,14,252,indireta,True,0.695,0.761,1
2023,PB,Education,0,0,direta,False,0.656,0.719,2
2023,PB,Health,18,271,indireta,False,0.473,0.518,2
2023,PB,Telecommunications,18,271,indireta,True,0.21,0.23,1
2023,PB,Sanitation,14,192,indireta,True,0.09,0.099,1
2023,PB,Telecommunications,22,280,indireta,True,0.072,0.078,1
2023,PE,Energy,1,180,direta,True,205.0,224.687,1
2023,PE,Logistics,21,145,direta,True,96.0,105.219,1
2023,PE,Energy,1,181,direta,True,73.485,80.542,1
2023,PE,Airports,1,169,direta,True,66.6,72.996,1
2023,PE,Energy,1,299,direta,True,10.5,11.508,1
2023,PE,Energy,1,196,direta,True,4.23,4.636,2
2023,PE,Energy,1,8,direta,True,2.822,3.093,1
2023,PE,Education,0,0,direta,False,2.034,2.229,2
2023,PE,Telecommunications,1,200,direta,True,1.374,1.505,1
2023,PE,Logistics,14,252,indireta,True,1.253,1.373,1
2023,PE,Sanitation,14,252,indireta,True,1.064,1.166,1
2023,PE,Logistics,14,192,indireta,True,0.923,1.011,1
2023,PE,Health,18,271,indireta,False,1.2,1.315,3
2023,PE,Logistics,22,280,indireta,True,0.34,0.372,1
2023,PE,Education,18,271,indireta,False,0.18,0.197,1
2023,PE,Telecommunications,18,271,indireta,True,0.16,0.175,1
2023,PE,Health,0,0,direta,False,0.125,0.137,1
2023,PE,Energy,1,11,direta,True,0.121,0.133,1
2023,PE,Telecommunications,22,280,indireta,True,0.186,0.204,2
2023,PE,Sanitation,18,271,indireta,True,0.05,0.055,1
2023,PE,Energy,18,245,indireta,True,0.04,0.044,1
2023,PI,Energy,1,180,direta,True,441.0,483.35,1
2023,PI,Logistics,21,145,direta,True,320.0,350.73,1
2023,PI,Energy,1,163,direta,True,48.587,53.253,1
2023,PI,Telecommunications,1,200,direta,True,7.318,8.02,1
2023,PI,Education,0,0,direta,False,1.638,1.796,2
2023,PI,Energy,14,192,indireta,True,0.555,0.608,1
2023,PI,Health,18,271,indireta,False,0.5,0.548,1
2023,PI,Health,0,0,direta,False,0.1,0.109,1
2023,PI,Telecommunications,22,280,indireta,True,0.023,0.026,2
2023,PR,Logistics,21,145,direta,True,1600.0,1753.652,1
2023,PR,Energy,1,10,direta,True,294.5,322.782,1
2023,PR,Sanitation,1,173,direta,True,155.954,170.931,1
2023,PR,Energy,1,163,direta,True,115.5,126.592,1
2023,PR,Health,1,165,direta,False,49.0,53.706,1
2023,PR,Road transport,1,178,direta,True,45.0,49.321,1
2023,PR,Energy,1,196,direta,True,43.717,47.915,2
2023,PR,Energy,18,268,indireta,True,37.525,41.129,1
2023,PR,Energy,1,180,direta,True,31.193,34.189,1
2023,PR,Logistics,14,192,indireta,True,22.764,24.95,2
2023,PR,Logistics,14,212,direta,True,20.946,22.957,1
2023,PR,Sanitation,21,160,direta,True,17.387,19.057,1
2023,PR,Sanitation,1,4,direta,True,17.091,18.732,1
2023,PR,Energy,14,192,indireta,True,32.071,35.151,3
2023,PR,Logistics,18,33,indireta,True,11.282,12.366,1
2023,PR,Logistics,14,252,indireta,True,12.661,13.877,2
2023,PR,Energy,18,247,indireta,True,10.268,11.254,1
2023,PR,Health,18,271,indireta,False,16.023,17.562,3
2023,PR,Energy,14,196,indireta,True,6.896,7.559,2
2023,PR,Telecommunications,18,271,indireta,True,6.277,6.88,2
2023,PR,Logistics,18,245,indireta,True,5.033,5.517,2
2023,PR,Logistics,1,121,direta,True,4.652,5.099,1
2023,PR,Education,1,89,direta,False,4.811,5.273,2
2023,PR,Sanitation,14,252,indireta,True,4.166,4.566,2
2023,PR,Education,18,271,indireta,False,5.411,5.931,3
2023,PR,Energy,18,271,indireta,True,3.916,4.292,2
2023,PR,Education,18,247,indireta,False,2.5,2.74,1
2023,PR,Logistics,1,33,indireta,True,2.254,2.471,1
2023,PR,Logistics,18,271,indireta,True,2.387,2.616,2
2023,PR,Energy,18,245,indireta,True,3.369,3.692,2
2023,PR,Logistics,1,121,indireta,True,1.879,2.059,1
2023,PR,Logistics,1,292,direta,True,1.811,1.985,1
2023,PR,Telecommunications,1,200,direta,True,1.716,1.881,1
2023,PR,Energy,1,296,direta,True,1.505,1.649,1
2023,PR,Sanitation,18,271,indireta,True,1.858,2.036,2
2023,PR,Education,0,0,direta,False,0.776,0.851,3
2023,PR,Education,18,262,indireta,False,0.278,0.305,1
2023,PR,Health,0,0,direta,False,0.25,0.274,1
2023,PR,Logistics,22,280,indireta,True,0.537,0.589,3
2023,PR,Sanitation,14,192,indireta,True,0.354,0.388,2
2023,PR,Telecommunications,22,280,indireta,True,0.235,0.258,2
2023,PR,Sanitation,22,280,indireta,True,0.135,0.148,2
2023,PR,Energy,1,11,direta,True,0.068,0.074,1
2023,RJ,Sanitation,21,203,direta,True,6919.762,7584.286,1
2023,RJ,Energy,1,296,direta,True,1100.0,1205.636,1
2023,RJ,Sanitation,1,173,direta,True,815.655,893.985,2
2023,RJ,Energy,1,10,direta,True,665.32,729.213,1
2023,RJ,Energy,1,32,direta,True,169.814,186.121,1
2023,RJ,Energy,21,145,direta,True,43.2,47.349,1
2023,RJ,Sanitation,1,4,direta,True,42.196,46.248,1
2023,RJ,Energy,1,180,direta,True,20.746,22.738,2
2023,RJ,Energy,1,196,direta,True,15.423,16.904,3
2023,RJ,Telecommunications,1,200,direta,True,3.85,4.22,1
2023,RJ,Sanitation,14,252,indireta,True,4.104,4.498,2
2023,RJ,Education,18,271,indireta,False,2.15,2.356,1
2023,RJ,Health,18,271,indireta,False,2.881,3.158,3
2023,RJ,Sanitation,14,192,indireta,True,1.7,1.863,1
2023,RJ,Energy,1,11,direta,True,1.62,1.776,1
2023,RJ,Sanitation,1,110,direta,True,1.229,1.347,1
2023,RJ,Logistics,14,192,indireta,True,0.794,0.871,1
2023,RJ,Logistics,14,212,indireta,True,0.5,0.548,1
2023,RJ,Logistics,14,252,indireta,True,0.4,0.438,1
2023,RJ,Sanitation,18,271,indireta,True,0.4,0.438,1
2023,RJ,Telecommunications,22,280,indireta,True,0.491,0.538,3
2023,RJ,Education,0,0,direta,False,0.277,0.304,2
2023,RJ,Sanitation,22,280,indireta,True,0.392,0.43,3
2023,RJ,Health,0,0,direta,False,0.1,0.109,1
2023,RJ,Logistics,22,280,indireta,True,0.106,0.116,2
2023,RJ,Energy,18,245,indireta,True,0.104,0.114,2
2023,RN,Energy,1,163,direta,True,1719.74,1884.891,1
2023,RN,Energy,1,8,direta,True,98.677,108.153,1
2023,RN,Energy,21,203,direta,True,80.0,87.683,1
2023,RN,Energy,1,10,direta,True,53.38,58.506,1
2023,RN,Health,1,165,direta,False,30.0,32.881,1
2023,RN,Energy,1,196,direta,True,6.853,7.511,1
2023,RN,Energy,1,180,direta,True,2.745,3.009,1
2023,RN,Education,0,0,direta,False,0.463,0.508,2
2023,RN,Health,18,271,indireta,False,0.14,0.153,1
2023,RN,Health,0,0,direta,False,0.05,0.055,1
2023,RO,Sanitation,18,271,indireta,True,10.45,11.454,3
2023,RO,Logistics,18,271,indireta,True,7.0,7.672,1
2023,RO,Energy,1,10,direta,True,3.609,3.956,1
2023,RO,Energy,1,196,direta,True,3.22,3.529,1
2023,RO,Energy,1,180,direta,True,3.22,3.529,1
2023,RO,Telecommunications,18,271,indireta,True,5.213,5.714,3
2023,RO,Education,18,271,indireta,False,1.312,1.438,2
2023,RO,Health,18,271,indireta,False,2.904,3.183,3
2023,RO,Education,0,209,direta,False,0.388,0.425,1
2023,RO,Education,0,0,direta,False,0.153,0.168,2
2023,RO,Health,0,0,direta,False,0.1,0.109,1
2023,RO,Telecommunications,22,280,indireta,True,0.059,0.064,1
2023,RO,Sanitation,22,280,indireta,True,0.003,0.004,1
2023,RR,Energy,14,192,indireta,True,0.653,0.715,1
2023,RR,Education,0,209,direta,False,0.388,0.425,1
2023,RR,Education,0,0,direta,False,0.153,0.168,2
2023,RR,Telecommunications,22,280,indireta,True,0.007,0.008,1
2023,RS,Logistics,21,145,direta,True,1075.0,1178.235,1
2023,RS,Energy,21,145,direta,True,295.851,324.262,1
2023,RS,Energy,1,8,direta,True,200.0,219.207,1
2023,RS,Energy,1,10,direta,True,140.123,153.579,1
2023,RS,Energy,18,247,indireta,True,75.219,82.442,2
2023,RS,Energy,1,181,direta,True,61.5,67.406,1
2023,RS,Road transport,1,178,direta,True,50.0,54.802,1
2023,RS,Health,18,247,indireta,False,40.726,44.637,2
2023,RS,Sanitation,1,173,direta,True,32.348,35.454,1
2023,RS,Energy,18,266,indireta,True,24.071,26.382,1
2023,RS,Sanitation,1,4,direta,True,20.226,22.168,1
2023,RS,Energy,1,196,direta,True,21.374,23.427,3
2023,RS,Energy,14,196,indireta,True,14.479,15.87,2
2023,RS,Health,18,271,indireta,False,16.222,17.779,3
2023,RS,Energy,14,192,indireta,True,7.0,7.672,1
2023,RS,Energy,18,245,indireta,True,6.113,6.7,2
2023,RS,Logistics,18,268,indireta,True,5.539,6.071,1
2023,RS,Education,18,271,indireta,False,6.332,6.94,2
2023,RS,Telecommunications,18,271,indireta,True,5.409,5.928,3
2023,RS,Logistics,18,273,indireta,True,3.933,4.31,1
2023,RS,Logistics,14,252,indireta,True,4.298,4.71,3
2023,RS,Logistics,18,271,indireta,True,4.078,4.47,3
2023,RS,Sanitation,18,271,indireta,True,3.55,3.891,3
2023,RS,Energy,1,180,direta,True,2.135,2.34,1
2023,RS,Energy,1,11,direta,True,1.89,2.072,1
2023,RS,Telecommunications,1,200,direta,True,1.726,1.892,1
2023,RS,Energy,14,264,indireta,True,1.149,1.259,1
2023,RS,Sanitation,14,192,indireta,True,0.93,1.019,1
2023,RS,Sanitation,14,212,indireta,True,0.849,0.93,2
2023,RS,Logistics,18,245,indireta,True,0.486,0.533,1
2023,RS,Sanitation,14,252,indireta,True,0.511,0.56,2
2023,RS,Energy,1,110,direta,True,0.463,0.507,1
2023,RS,Telecommunications,22,280,indireta,True,0.415,0.455,2
2023,RS,Health,0,0,direta,False,0.25,0.274,1
2023,RS,Education,0,0,direta,False,0.487,0.534,3
2023,RS,Sanitation,18,245,indireta,True,0.2,0.219,1
2023,RS,Logistics,22,280,indireta,True,0.213,0.233,3
2023,RS,Telecommunications,14,192,indireta,True,0.11,0.12,1
2023,RS,Sanitation,22,280,indireta,True,0.123,0.135,3
2023,RS,Telecommunications,18,262,indireta,True,0.05,0.055,1
2023,SC,Logistics,21,145,direta,True,725.0,794.624,1
2023,SC,Energy,1,10,direta,True,338.127,370.599,1
2023,SC,Energy,18,268,indireta,True,40.5,44.389,1
2023,SC,Energy,18,247,indireta,True,39.485,43.277,1
2023,SC,Logistics,14,252,indireta,True,25.502,27.951,3
2023,SC,Road transport,1,178,direta,True,18.8,20.605,1
2023,SC,Energy,14,192,indireta,True,14.666,16.074,1
2023,SC,Education,18,247,indireta,False,14.172,15.533,2
2023,SC,Sanitation,1,173,direta,True,7.055,7.732,1
2023,SC,Sanitation,14,252,indireta,True,6.53,7.158,3
2023,SC,Logistics,18,262,indireta,True,5.0,5.48,1
2023,SC,Health,18,271,indireta,False,7.721,8.462,3
2023,SC,Logistics,18,271,indireta,True,4.534,4.969,2
2023,SC,Energy,18,245,indireta,True,5.064,5.55,2
2023,SC,Education,1,89,direta,False,3.073,3.368,1
2023,SC,Sanitation,18,271,indireta,True,3.313,3.632,3
2023,SC,Energy,18,262,indireta,True,2.5,2.74,1
2023,SC,Education,18,271,indireta,False,3.999,4.383,2
2023,SC,Health,18,247,indireta,False,1.736,1.902,1
2023,SC,Telecommunications,14,277,indireta,True,1.2,1.315,1
2023,SC,Telecommunications,1,200,direta,True,1.144,1.254,1
2023,SC,Sanitation,14,192,indireta,True,1.028,1.127,1
2023,SC,Logistics,18,246,indireta,True,0.788,0.864,1
2023,SC,Logistics,18,247,indireta,True,0.788,0.863,1
2023,SC,Telecommunications,18,271,indireta,True,1.485,1.628,3
2023,SC,Sanitation,22,280,indireta,True,0.731,0.801,3
2023,SC,Telecommunications,22,280,indireta,True,0.916,1.004,3
2023,SC,Rail transport,22,280,indireta,True,0.314,0.344,1
2023,SC,Energy,18,271,indireta,True,0.26,0.285,1
2023,SC,Education,0,0,direta,False,0.434,0.476,3
2023,SC,Logistics,22,280,indireta,True,0.196,0.215,2
2023,SC,Sanitation,18,245,indireta,True,0.152,0.167,1
2023,SC,Health,0,0,direta,False,0.125,0.137,1
2023,SC,Health,18,262,indireta,False,0.12,0.132,1
2023,SC,Logistics,18,245,indireta,True,0.099,0.108,1
2023,SC,Education,18,262,indireta,False,0.08,0.088,1
2023,SC,Energy,1,196,direta,True,0.068,0.074,1
2023,SC,Energy,1,11,direta,True,0.068,0.074,1
2023,SC,Telecommunications,18,262,indireta,True,0.05,0.055,1
2023,SC,Energy,22,280,indireta,True,0.024,0.027,1
2023,SE,Airports,1,169,direta,True,66.68,73.083,1
2023,SE,Energy,1,10,direta,True,20.5,22.469,1
2023,SE,Energy,1,196,direta,True,4.108,4.503,1
2023,SE,Education,0,0,direta,False,0.206,0.226,2
2023,SE,Health,0,0,direta,False,0.05,0.055,1
2023,SP,Rail transport,21,145,direta,True,2500.0,2740.082,1
2023,SP,Urban mobility,1,41,direta,True,863.766,946.715,1
2023,SP,Urban mobility,1,168,direta,True,1709.531,1873.702,2
2023,SP,Rail transport,21,203,direta,True,750.0,822.025,1
2023,SP,Logistics,21,145,direta,True,612.0,670.772,1
2023,SP,Energy,1,181,direta,True,622.464,682.241,2
2023,SP,Road transport,1,178,direta,True,390.0,427.453,1
2023,SP,Urban mobility,1,118,direta,True,478.553,524.51,3
2023,SP,Sanitation,1,4,direta,True,190.0,208.246,1
2023,SP,Energy,1,10,direta,True,105.488,115.618,1
2023,SP,Energy,1,196,direta,True,95.048,104.176,4
2023,SP,Energy,1,180,direta,True,52.122,57.127,3
2023,SP,Health,1,84,direta,False,27.335,29.96,1
2023,SP,Logistics,14,252,indireta,True,26.288,28.813,2
2023,SP,Sanitation,1,173,direta,True,22.966,25.171,1
2023,SP,Energy,14,212,indireta,True,12.884,14.121,1
2023,SP,Sanitation,14,252,indireta,True,23.155,25.379,3
2023,SP,Energy,18,271,indireta,True,10.208,11.189,1
2023,SP,Energy,1,11,direta,True,16.465,18.046,2
2023,SP,Health,18,271,indireta,False,15.563,17.058,3
2023,SP,Logistics,18,271,indireta,True,6.6,7.233,2
2023,SP,Education,18,271,indireta,False,9.822,10.765,3
2023,SP,Health,1,296,direta,False,4.0,4.384,1
2023,SP,Logistics,14,212,indireta,True,3.0,3.288,1
2023,SP,Sanitation,18,271,indireta,True,4.198,4.601,2
2023,SP,Energy,14,192,indireta,True,4.178,4.58,3
2023,SP,Logistics,22,280,indireta,True,2.792,3.061,3
2023,SP,Telecommunications,14,232,indireta,True,1.667,1.827,2
2023,SP,Telecommunications,18,271,indireta,True,1.7,1.863,2
2023,SP,Sanitation,14,192,indireta,True,2.119,2.322,2
2023,SP,Education,0,0,direta,False,2.408,2.64,4
2023,SP,Telecommunications,22,280,indireta,True,2.453,2.689,3
2023,SP,Sanitation,22,280,indireta,True,1.049,1.15,3
2023,SP,Logistics,14,192,indireta,True,0.319,0.35,2
2023,SP,Health,0,0,direta,False,0.125,0.137,1
2023,TO,Logistics,21,145,direta,True,64.0,70.146,1
2023,TO,Road transport,1,178,direta,True,54.301,59.516,1
2023,TO,Energy,1,10,direta,True,33.24,36.432,1
2023,TO,Telecommunications,1,200,direta,True,2.313,2.535,1
2023,TO,Education,1,89,direta,False,0.72,0.789,1
2023,TO,Education,0,209,direta,False,0.388,0.425,1
2023,TO,Education,18,271,indireta,False,0.26,0.285,1
2023,TO,Education,0,0,direta,False,0.209,0.229,2
2023,TO,Logistics,22,280,indireta,True,0.061,0.067,1
2024,AC,Energy,1,8,direta,True,62.5,65.635,1
2024,AC,Logistics,21,199,direta,True,18.59,19.523,1
2024,AC,Education,0,0,direta,False,0.069,0.073,2
2024,AC,Energy,1,196,direta,True,0.014,0.015,1
2024,AC,Energy,1,11,direta,True,0.014,0.015,1
2024,AL,Sanitation,21,203,direta,True,370.0,388.562,1
2024,AL,Education,1,89,direta,False,0.789,0.829,1
2024,AL,Sanitation,14,192,indireta,True,0.468,0.491,1
2024,AL,Education,18,271,indireta,False,0.35,0.368,1
2024,AL,Telecommunications,18,271,indireta,True,0.25,0.263,1
2024,AL,Education,0,0,direta,False,0.317,0.333,3
2024,AL,Energy,1,110,direta,True,0.163,0.171,1
2024,AL,Energy,1,180,direta,True,0.06,0.063,1
2024,AL,Energy,1,196,direta,True,0.06,0.063,1
2024,AL,Telecommunications,22,280,indireta,True,0.012,0.012,1
2024,AM,Logistics,21,199,direta,True,67.21,70.582,1
2024,AM,Logistics,14,196,indireta,True,9.5,9.977,1
2024,AM,Logistics,14,192,indireta,True,9.2,9.662,1
2024,AM,Education,0,0,direta,False,1.605,1.686,3
2024,AM,Education,1,89,direta,False,0.739,0.777,1
2024,AM,Telecommunications,22,280,indireta,True,0.347,0.365,3
2024,AM,Rail transport,22,280,indireta,True,0.175,0.183,1
2024,AP,Health,18,271,indireta,False,0.5,0.525,1
2024,AP,Education,0,0,direta,False,0.317,0.333,3
2024,BA,Energy,1,163,direta,True,3225.788,3387.618,1
2024,BA,Energy,1,10,direta,True,724.781,761.141,3
2024,BA,Energy,1,8,direta,True,400.0,420.067,1
2024,BA,Energy,1,180,direta,True,289.609,304.138,1
2024,BA,Sanitation,1,4,direta,True,41.501,43.583,1
2024,BA,Logistics,1,215,direta,True,26.257,27.574,1
2024,BA,Telecommunications,1,200,direta,True,12.415,13.037,1
2024,BA,Telecommunications,1,218,direta,True,9.0,9.452,1
2024,BA,Sanitation,1,173,direta,True,7.5,7.876,1
2024,BA,Health,18,271,indireta,False,5.708,5.994,3
2024,BA,Education,18,271,indireta,False,3.155,3.313,3
2024,BA,Logistics,14,276,indireta,True,1.861,1.955,1
2024,BA,Logistics,14,252,indireta,True,3.212,3.373,2
2024,BA,Energy,1,110,direta,True,1.523,1.6,1
2024,BA,Energy,1,11,direta,True,1.061,1.114,1
2024,BA,Energy,1,196,direta,True,1.061,1.114,1
2024,BA,Telecommunications,18,271,indireta,True,0.99,1.04,2
2024,BA,Sanitation,14,192,indireta,True,0.707,0.742,1
2024,BA,Energy,14,192,indireta,True,0.379,0.398,1
2024,BA,Logistics,18,271,indireta,True,0.238,0.25,1
2024,BA,Sanitation,18,271,indireta,True,0.22,0.231,1
2024,BA,Sanitation,0,0,direta,True,0.136,0.143,1
2024,BA,Sanitation,22,280,indireta,True,0.21,0.22,2
2024,BA,Sanitation,14,252,indireta,True,0.106,0.111,1
2024,BA,Energy,14,245,indireta,True,0.099,0.104,1
2024,BA,Education,0,0,direta,False,0.138,0.145,3
2024,BA,Telecommunications,22,280,indireta,True,0.123,0.129,2
2024,BA,Logistics,22,280,indireta,True,0.061,0.064,2
2024,BA,Energy,18,245,indireta,True,0.021,0.023,1
2024,BA,Rail transport,1,110,direta,True,0.002,0.002,1
2024,CE,Urban mobility,1,118,direta,True,100.0,105.017,1
2024,CE,Telecommunications,14,277,indireta,True,9.387,9.858,1
2024,CE,Energy,1,180,direta,True,9.04,9.494,1
2024,CE,Sanitation,14,252,indireta,True,7.091,7.447,3
2024,CE,Energy,14,192,indireta,True,1.42,1.491,1
2024,CE,Energy,1,110,direta,True,1.423,1.494,2
2024,CE,Education,18,271,indireta,False,1.142,1.199,1
2024,CE,Logistics,14,192,indireta,True,0.69,0.725,1
2024,CE,Health,18,271,indireta,False,0.952,1.0,3
2024,CE,Telecommunications,14,278,indireta,True,0.5,0.525,1
2024,CE,Telecommunications,18,271,indireta,True,0.42,0.441,1
2024,CE,Sanitation,18,271,indireta,True,0.3,0.315,1
2024,CE,Energy,1,196,direta,True,0.197,0.206,2
2024,CE,Telecommunications,22,280,indireta,True,0.104,0.109,1
2024,CE,Energy,1,11,direta,True,0.067,0.07,1
2024,CE,Education,0,0,direta,False,0.069,0.073,2
2024,CE,Sanitation,22,280,indireta,True,0.008,0.009,1
2024,DF,Urban mobility,1,205,direta,True,20.0,21.003,1
2024,DF,Education,0,21,direta,False,9.56,10.04,1
2024,DF,Health,18,271,indireta,False,3.317,3.483,1
2024,DF,Education,18,271,indireta,False,1.205,1.265,2
2024,DF,Telecommunications,18,271,indireta,True,0.6,0.63,1
2024,DF,Logistics,22,280,indireta,True,0.088,0.092,1
2024,DF,Rail transport,1,110,direta,True,0.073,0.077,1
2024,DF,Education,0,0,direta,False,0.069,0.073,2
2024,DF,Energy,1,180,direta,True,0.02,0.021,1
2024,DF,Energy,1,196,direta,True,0.02,0.021,1
2024,ES,Energy,1,10,direta,True,213.825,224.552,2
2024,ES,Airports,1,169,direta,True,150.0,157.525,1
2024,ES,Sanitation,1,173,direta,True,83.72,87.92,1
2024,ES,Energy,1,8,direta,True,67.028,70.391,1
2024,ES,Sanitation,14,276,indireta,True,21.44,22.516,1
2024,ES,Health,18,271,indireta,False,9.018,9.47,3
2024,ES,Sanitation,18,271,indireta,True,5.6,5.881,2
2024,ES,Logistics,14,252,indireta,True,4.942,5.19,2
2024,ES,Sanitation,14,192,indireta,True,2.289,2.404,2
2024,ES,Energy,14,245,indireta,True,2.365,2.484,2
2024,ES,Energy,1,196,direta,True,1.02,1.071,1
2024,ES,Energy,1,11,direta,True,1.02,1.071,1
2024,ES,Energy,18,245,indireta,True,1.489,1.564,2
2024,ES,Telecommunications,18,271,indireta,True,1.27,1.334,3
2024,ES,Sanitation,14,212,indireta,True,0.502,0.528,1
2024,ES,Logistics,18,271,indireta,True,0.75,0.788,2
2024,ES,Logistics,14,226,indireta,True,0.355,0.373,1
2024,ES,Education,18,271,indireta,False,0.477,0.5,2
2024,ES,Education,0,0,direta,False,0.335,0.351,3
2024,ES,Logistics,14,192,indireta,True,0.206,0.216,1
2024,ES,Telecommunications,22,280,indireta,True,0.052,0.055,1
2024,ES,Rail transport,1,110,direta,True,0.002,0.002,1
2024,GO,Road transport,1,178,direta,True,301.532,316.659,1
2024,GO,Energy,1,180,direta,True,28.267,29.686,2
2024,GO,Road transport,1,43,direta,True,22.68,23.818,1
2024,GO,Logistics,14,252,indireta,True,17.86,18.756,2
2024,GO,Energy,1,163,direta,True,15.4,16.173,1
2024,GO,Airports,1,169,direta,True,11.2,11.762,1
2024,GO,Sanitation,14,252,indireta,True,12.215,12.828,2
2024,GO,Energy,1,196,direta,True,17.739,18.629,3
2024,GO,Health,18,271,indireta,False,8.245,8.659,3
2024,GO,Education,18,271,indireta,False,7.735,8.123,3
2024,GO,Sanitation,14,192,indireta,True,3.745,3.933,2
2024,GO,Road transport,1,43,indireta,True,3.518,3.694,1
2024,GO,Energy,1,181,direta,True,2.88,3.024,1
2024,GO,Sanitation,18,271,indireta,True,2.72,2.856,2
2024,GO,Sanitation,14,276,indireta,True,0.76,0.798,1
2024,GO,Logistics,1,110,direta,True,0.747,0.784,1
2024,GO,Telecommunications,18,271,indireta,True,0.77,0.808,2
2024,GO,Logistics,18,271,indireta,True,1.04,1.092,2
2024,GO,Sanitation,14,212,indireta,True,0.448,0.47,1
2024,GO,Energy,1,110,direta,True,0.289,0.304,1
2024,GO,Sanitation,0,0,direta,True,0.136,0.143,1
2024,GO,Rail transport,1,110,direta,True,0.075,0.079,1
2024,GO,Telecommunications,22,280,indireta,True,0.08,0.084,2
2024,GO,Sanitation,22,280,indireta,True,0.037,0.039,1
2024,GO,Education,0,0,direta,False,0.069,0.073,2
2024,GO,Energy,22,280,indireta,True,0.009,0.009,1
2024,MA,Telecommunications,1,218,direta,True,27.343,28.715,1
2024,MA,Airports,1,169,direta,True,16.8,17.643,1
2024,MA,Education,1,89,direta,False,3.121,3.277,1
2024,MA,Sanitation,18,271,indireta,True,1.67,1.754,1
2024,MA,Health,18,271,indireta,False,0.79,0.83,1
2024,MA,Logistics,14,252,indireta,True,0.46,0.483,1
2024,MA,Energy,14,252,indireta,True,0.392,0.412,1
2024,MA,Telecommunications,1,200,direta,True,0.391,0.41,1
2024,MA,Telecommunications,18,271,indireta,True,0.338,0.355,1
2024,MA,Telecommunications,22,280,indireta,True,0.141,0.148,1
2024,MA,Sanitation,22,280,indireta,True,0.116,0.122,1
2024,MA,Rail transport,1,110,direta,True,0.102,0.107,1
2024,MA,Energy,1,196,direta,True,0.09,0.095,1
2024,MA,Energy,1,180,direta,True,0.09,0.095,1
2024,MA,Education,0,0,direta,False,0.138,0.145,3
2024,MA,Logistics,22,280,indireta,True,0.016,0.017,1
2024,MG,Energy,1,180,direta,True,2284.083,2398.67,2
2024,MG,Rail transport,21,145,direta,True,500.0,525.084,1
2024,MG,Road transport,1,178,direta,True,250.0,262.542,1
2024,MG,Energy,1,196,direta,True,230.148,241.693,2
2024,MG,Logistics,21,145,direta,True,186.723,196.09,1
2024,MG,Energy,1,10,direta,True,122.773,128.932,1
2024,MG,Energy,1,8,direta,True,66.645,69.988,1
2024,MG,Logistics,14,252,indireta,True,54.629,57.37,3
2024,MG,Road transport,1,43,direta,True,22.68,23.818,1
2024,MG,Telecommunications,1,218,direta,True,12.226,12.839,2
2024,MG,Energy,18,247,indireta,True,9.607,10.089,1
2024,MG,Logistics,14,276,indireta,True,7.942,8.341,1
2024,MG,Health,1,2,direta,False,7.625,8.008,1
2024,MG,Health,18,271,indireta,False,8.231,8.644,3
2024,MG,Energy,14,192,indireta,True,5.173,5.432,1
2024,MG,Logistics,14,192,indireta,True,4.937,5.185,1
2024,MG,Sanitation,14,252,indireta,True,5.158,5.417,2
2024,MG,Education,18,271,indireta,False,7.269,7.634,3
2024,MG,Telecommunications,14,192,direta,True,3.983,4.183,1
2024,MG,Road transport,1,43,indireta,True,3.518,3.694,1
2024,MG,Logistics,14,226,indireta,True,3.093,3.248,1
2024,MG,Energy,1,181,direta,True,2.88,3.024,1
2024,MG,Telecommunications,14,277,indireta,True,2.523,2.65,1
2024,MG,Health,18,247,indireta,False,2.25,2.363,1
2024,MG,Sanitation,14,192,indireta,True,3.11,3.266,2
2024,MG,Sanitation,14,212,indireta,True,1.5,1.575,1
2024,MG,Sanitation,1,173,direta,True,1.325,1.391,1
2024,MG,Logistics,18,271,indireta,True,1.156,1.214,2
2024,MG,Logistics,1,110,direta,True,0.747,0.784,1
2024,MG,Energy,1,110,direta,True,0.641,0.673,1
2024,MG,Telecommunications,18,271,indireta,True,0.875,0.919,2
2024,MG,Sanitation,22,280,indireta,True,0.966,1.014,2
2024,MG,Sanitation,18,271,indireta,True,0.535,0.562,2
2024,MG,Telecommunications,22,280,indireta,True,0.72,0.756,3
2024,MG,Telecommunications,14,252,indireta,True,0.405,0.425,1
2024,MG,Telecommunications,14,278,indireta,True,0.373,0.391,1
2024,MG,Education,1,89,direta,False,0.407,0.427,2
2024,MG,Sanitation,14,226,indireta,True,0.31,0.326,1
2024,MG,Energy,14,245,indireta,True,0.215,0.226,2
2024,MG,Energy,18,245,indireta,True,0.158,0.166,1
2024,MG,Energy,1,11,direta,True,0.148,0.155,1
2024,MG,Sanitation,0,0,direta,True,0.136,0.143,1
2024,MG,Rail transport,1,110,direta,True,0.118,0.124,1
2024,MG,Logistics,22,280,indireta,True,0.201,0.211,3
2024,MG,Education,0,0,direta,False,0.07,0.074,2
2024,MS,Energy,1,8,direta,True,144.0,151.224,1
2024,MS,Logistics,1,121,direta,True,31.937,33.539,1
2024,MS,Logistics,14,226,indireta,True,20.0,21.003,1
2024,MS,Logistics,1,292,direta,True,9.689,10.175,1
2024,MS,Energy,1,180,direta,True,8.1,8.506,1
2024,MS,Logistics,14,212,indireta,True,6.891,7.237,1
2024,MS,Health,18,271,indireta,False,5.423,5.695,3
2024,MS,Logistics,14,252,indireta,True,2.834,2.976,1
2024,MS,Telecommunications,18,271,indireta,True,2.544,2.672,2
2024,MS,Logistics,18,271,indireta,True,1.987,2.087,3
2024,MS,Education,18,271,indireta,False,1.72,1.806,2
2024,MS,Energy,14,192,indireta,True,0.598,0.628,1
2024,MS,Sanitation,18,271,indireta,True,0.575,0.604,2
2024,MS,Sanitation,0,0,direta,True,0.136,0.143,1
2024,MS,Sanitation,14,252,indireta,True,0.109,0.114,1
2024,MS,Education,0,0,direta,False,0.069,0.073,2
2024,MS,Telecommunications,22,280,indireta,True,0.032,0.034,1
2024,MS,Sanitation,22,280,indireta,True,0.045,0.047,2
2024,MS,Energy,1,11,direta,True,0.014,0.015,1
2024,MS,Energy,1,196,direta,True,0.014,0.015,1
2024,MT,Logistics,21,145,direta,True,375.0,393.813,2
2024,MT,Energy,1,8,direta,True,197.5,207.408,1
2024,MT,Road transport,1,178,direta,True,28.0,29.405,1
2024,MT,Energy,1,10,direta,True,23.916,25.116,1
2024,MT,Energy,1,163,direta,True,18.81,19.754,1
2024,MT,Energy,1,180,direta,True,18.63,19.565,1
2024,MT,Logistics,14,192,indireta,True,14.626,15.36,1
2024,MT,Education,18,271,indireta,False,17.305,18.173,3
2024,MT,Airports,1,169,direta,True,12.3,12.917,1
2024,MT,Health,18,271,indireta,False,10.816,11.359,3
2024,MT,Energy,14,192,indireta,True,5.159,5.418,1
2024,MT,Energy,1,196,direta,True,4.08,4.285,1
2024,MT,Energy,1,110,direta,True,3.636,3.819,1
2024,MT,Logistics,18,271,indireta,True,3.582,3.762,3
2024,MT,Sanitation,18,271,indireta,True,1.5,1.575,1
2024,MT,Telecommunications,18,271,indireta,True,1.12,1.176,2
2024,MT,Telecommunications,22,280,indireta,True,0.602,0.632,3
2024,MT,Energy,14,276,indireta,True,0.423,0.444,1
2024,MT,Logistics,14,252,indireta,True,0.39,0.41,1
2024,MT,Education,0,0,direta,False,0.335,0.351,3
2024,MT,Sanitation,22,280,indireta,True,0.129,0.135,2
2024,MT,Logistics,22,280,indireta,True,0.056,0.058,2
2024,MT,Energy,14,245,indireta,True,0.033,0.035,1
2024,PA,Energy,21,145,direta,True,3800.0,3990.637,1
2024,PA,Energy,1,32,direta,True,947.324,994.849,1
2024,PA,Energy,1,296,direta,True,778.948,818.026,1
2024,PA,Telecommunications,1,218,direta,True,18.002,18.905,1
2024,PA,Education,1,89,direta,False,2.647,2.78,1
2024,PA,Health,18,271,indireta,False,2.67,2.804,2
2024,PA,Energy,1,110,direta,True,1.631,1.712,1
2024,PA,Logistics,14,212,indireta,True,0.911,0.956,1
2024,PA,Telecommunications,18,271,indireta,True,0.95,0.998,2
2024,PA,Logistics,14,252,indireta,True,0.687,0.721,1
2024,PA,Sanitation,14,252,indireta,True,0.53,0.557,1
2024,PA,Education,18,271,indireta,False,0.74,0.777,2
2024,PA,Telecommunications,1,200,direta,True,0.479,0.503,1
2024,PA,Telecommunications,22,280,indireta,True,0.393,0.413,2
2024,PA,Education,0,0,direta,False,0.069,0.073,2
2024,PA,Logistics,22,280,indireta,True,0.023,0.024,1
2024,PA,Sanitation,18,271,indireta,True,0.02,0.021,1
2024,PA,Energy,1,196,direta,True,0.014,0.015,1
2024,PA,Energy,1,11,direta,True,0.014,0.015,1
2024,PB,Energy,1,8,direta,True,107.5,112.893,1
2024,PB,Road transport,1,178,direta,True,18.349,19.269,1
2024,PB,Telecommunications,1,218,direta,True,7.044,7.397,1
2024,PB,Health,18,271,indireta,False,2.55,2.678,2
2024,PB,Education,18,271,indireta,False,1.066,1.12,1
2024,PB,Telecommunications,18,271,indireta,True,0.64,0.672,1
2024,PB,Telecommunications,14,212,indireta,True,0.505,0.53,1
2024,PB,Energy,1,110,direta,True,0.263,0.276,1
2024,PB,Sanitation,18,271,indireta,True,0.16,0.168,1
2024,PB,Sanitation,0,0,direta,True,0.136,0.143,1
2024,PB,Sanitation,22,280,indireta,True,0.114,0.119,1
2024,PB,Telecommunications,22,280,indireta,True,0.207,0.217,3
2024,PB,Education,0,0,direta,False,0.069,0.073,2
2024,PE,Energy,1,181,direta,True,52.342,54.967,1
2024,PE,Airports,1,169,direta,True,8.4,8.821,1
2024,PE,Energy,1,299,direta,True,6.139,6.447,1
2024,PE,Health,18,271,indireta,False,7.81,8.202,3
2024,PE,Energy,1,180,direta,True,4.86,5.104,1
2024,PE,Logistics,14,192,indireta,True,1.351,1.419,1
2024,PE,Sanitation,14,212,indireta,True,1.2,1.26,2
2024,PE,Sanitation,14,252,indireta,True,0.655,0.688,1
2024,PE,Telecommunications,14,192,indireta,True,0.42,0.441,1
2024,PE,Telecommunications,18,271,indireta,True,0.42,0.441,1
2024,PE,Energy,1,110,direta,True,0.196,0.206,1
2024,PE,Sanitation,0,0,direta,True,0.136,0.143,1
2024,PE,Sanitation,22,280,indireta,True,0.096,0.101,1
2024,PE,Telecommunications,22,280,indireta,True,0.083,0.087,1
2024,PE,Logistics,22,280,indireta,True,0.067,0.071,1
2024,PE,Education,0,0,direta,False,0.069,0.073,2
2024,PE,Energy,1,196,direta,True,0.026,0.027,1
2024,PE,Energy,1,11,direta,True,0.026,0.027,1
2024,PI,Energy,1,180,direta,True,88.108,92.528,1
2024,PI,Airports,1,169,direta,True,28.0,29.405,1
2024,PI,Telecommunications,1,200,direta,True,5.006,5.257,1
2024,PI,Logistics,14,252,indireta,True,3.161,3.32,1
2024,PI,Sanitation,1,173,direta,True,1.845,1.938,1
2024,PI,Logistics,14,192,indireta,True,1.622,1.703,1
2024,PI,Health,18,271,indireta,False,1.008,1.059,2
2024,PI,Energy,1,110,direta,True,0.102,0.107,1
2024,PI,Education,0,0,direta,False,0.069,0.073,2
2024,PI,Telecommunications,22,280,indireta,True,0.048,0.05,2
2024,PR,Logistics,21,145,direta,True,447.999,470.474,1
2024,PR,Energy,1,163,direta,True,150.095,157.625,1
2024,PR,Logistics,1,121,direta,True,100.554,105.599,1
2024,PR,Airports,1,169,direta,True,96.0,100.816,1
2024,PR,Sanitation,1,173,direta,True,50.051,52.562,1
2024,PR,Road transport,1,178,direta,True,50.0,52.508,1
2024,PR,Logistics,1,292,direta,True,47.729,50.123,1
2024,PR,Logistics,1,33,direta,True,33.74,35.432,1
2024,PR,Sanitation,14,192,direta,True,32.107,33.718,1
2024,PR,Health,1,165,direta,False,30.0,31.505,1
2024,PR,Energy,1,196,direta,True,27.033,28.389,3
2024,PR,Sanitation,21,160,direta,True,24.19,25.404,1
2024,PR,Energy,18,247,indireta,True,21.5,22.579,1
2024,PR,Energy,18,268,indireta,True,21.417,22.491,1
2024,PR,Energy,14,192,indireta,True,22.74,23.881,2
2024,PR,Sanitation,1,4,direta,True,16.892,17.739,1
2024,PR,Logistics,18,245,indireta,True,16.228,17.042,1
2024,PR,Energy,1,8,direta,True,12.825,13.468,1
2024,PR,Health,18,271,indireta,False,14.897,15.644,3
2024,PR,Logistics,14,192,indireta,True,9.332,9.8,2
2024,PR,Sanitation,14,212,indireta,True,5.15,5.408,1
2024,PR,Energy,1,296,direta,True,4.759,4.998,1
2024,PR,Education,18,271,indireta,False,9.401,9.872,3
2024,PR,Logistics,14,252,indireta,True,4.141,4.348,2
2024,PR,Telecommunications,18,271,indireta,True,7.042,7.395,3
2024,PR,Logistics,1,33,indireta,True,3.25,3.413,1
2024,PR,Logistics,1,121,indireta,True,2.7,2.835,1
2024,PR,Energy,14,245,indireta,True,2.701,2.837,2
2024,PR,Energy,14,252,indireta,True,1.895,1.991,1
2024,PR,Education,1,89,direta,False,3.599,3.779,2
2024,PR,Sanitation,18,271,indireta,True,3.385,3.555,3
2024,PR,Sanitation,22,280,indireta,True,1.901,1.996,3
2024,PR,Telecommunications,14,278,indireta,True,1.444,1.516,1
2024,PR,Logistics,18,271,indireta,True,2.316,2.432,3
2024,PR,Sanitation,14,192,indireta,True,1.257,1.32,2
2024,PR,Energy,18,245,indireta,True,0.825,0.866,2
2024,PR,Logistics,14,289,indireta,True,0.6,0.63,1
2024,PR,Logistics,22,280,indireta,True,0.911,0.956,3
2024,PR,Sanitation,18,264,indireta,True,0.23,0.242,1
2024,PR,Education,0,0,direta,False,0.207,0.217,3
2024,PR,Sanitation,0,0,direta,True,0.136,0.143,1
2024,PR,Sanitation,14,252,indireta,True,0.208,0.218,2
2024,PR,Telecommunications,22,280,indireta,True,0.089,0.094,1
2024,PR,Sanitation,18,245,indireta,True,0.085,0.089,1
2024,PR,Energy,14,232,indireta,True,0.034,0.036,1
2024,PR,Energy,1,11,direta,True,0.014,0.015,1
2024,RJ,Sanitation,1,173,direta,True,1809.157,1899.917,2
2024,RJ,Logistics,21,145,direta,True,1094.2,1149.093,1
2024,RJ,Sanitation,21,203,direta,True,500.0,525.084,1
2024,RJ,Urban mobility,1,205,direta,True,294.659,309.441,1
2024,RJ,Logistics,21,203,direta,True,273.55,287.273,1
2024,RJ,Energy,1,32,direta,True,220.377,231.433,1
2024,RJ,Energy,21,203,direta,True,210.0,220.535,1
2024,RJ,Energy,1,296,direta,True,199.623,209.638,1
2024,RJ,Sanitation,1,4,direta,True,50.812,53.361,1
2024,RJ,Telecommunications,14,278,indireta,True,11.55,12.129,1
2024,RJ,Energy,1,10,direta,True,10.9,11.447,2
2024,RJ,Energy,1,180,direta,True,7.498,7.874,2
2024,RJ,Sanitation,14,192,indireta,True,5.027,5.279,1
2024,RJ,Health,18,271,indireta,False,8.885,9.331,3
2024,RJ,Energy,1,8,direta,True,4.68,4.915,1
2024,RJ,Education,18,271,indireta,False,4.245,4.458,3
2024,RJ,Telecommunications,1,218,direta,True,2.732,2.869,1
2024,RJ,Energy,1,11,direta,True,2.387,2.507,1
2024,RJ,Energy,1,196,direta,True,2.595,2.726,3
2024,RJ,Energy,18,247,indireta,True,2.3,2.415,1
2024,RJ,Education,1,188,direta,False,2.1,2.205,1
2024,RJ,Logistics,18,271,indireta,True,1.085,1.139,2
2024,RJ,Rail transport,1,110,direta,True,0.62,0.651,1
2024,RJ,Sanitation,14,252,indireta,True,0.585,0.614,1
2024,RJ,Sanitation,22,280,indireta,True,0.569,0.597,2
2024,RJ,Logistics,14,192,indireta,True,0.486,0.511,1
2024,RJ,Sanitation,18,271,indireta,True,0.5,0.525,2
2024,RJ,Energy,18,245,indireta,True,0.298,0.313,1
2024,RJ,Telecommunications,14,252,indireta,True,0.295,0.31,1
2024,RJ,Logistics,18,245,indireta,True,0.152,0.159,1
2024,RJ,Sanitation,0,0,direta,True,0.136,0.143,1
2024,RJ,Telecommunications,22,280,indireta,True,0.249,0.261,2
2024,RJ,Education,0,0,direta,False,0.069,0.073,2
2024,RJ,Logistics,22,280,indireta,True,0.023,0.024,1
2024,RJ,Telecommunications,18,271,indireta,True,0.02,0.021,1
2024,RN,Energy,1,163,direta,True,458.648,481.657,1
2024,RN,Energy,21,203,direta,True,300.0,315.05,1
2024,RN,Logistics,21,145,direta,True,185.0,194.281,1
2024,RN,Health,1,165,direta,False,23.654,24.841,1
2024,RN,Telecommunications,1,218,direta,True,19.506,20.485,1
2024,RN,Energy,1,110,direta,True,1.745,1.833,1
2024,RN,Health,18,271,indireta,False,0.75,0.788,2
2024,RN,Telecommunications,18,271,indireta,True,0.325,0.341,1
2024,RN,Energy,1,180,direta,True,0.09,0.095,1
2024,RN,Energy,1,196,direta,True,0.09,0.095,1
2024,RN,Education,0,0,direta,False,0.069,0.073,2
2024,RN,Energy,14,192,indireta,True,0.034,0.035,1
2024,RO,Energy,1,8,direta,True,37.5,39.381,1
2024,RO,Logistics,21,199,direta,True,22.88,24.028,1
2024,RO,Energy,1,110,direta,True,2.24,2.352,1
2024,RO,Health,18,271,indireta,False,3.301,3.467,3
2024,RO,Sanitation,14,252,indireta,True,1.399,1.469,1
2024,RO,Education,18,271,indireta,False,0.995,1.045,2
2024,RO,Telecommunications,18,271,indireta,True,0.368,0.387,2
2024,RO,Logistics,18,271,indireta,True,0.3,0.315,1
2024,RO,Education,0,0,direta,False,0.317,0.333,3
2024,RO,Sanitation,18,271,indireta,True,0.06,0.063,1
2024,RO,Logistics,22,280,indireta,True,0.028,0.03,1
2024,RR,Logistics,21,199,direta,True,34.32,36.042,1
2024,RR,Education,0,0,direta,False,0.317,0.333,3
2024,RR,Sanitation,0,0,direta,True,0.136,0.143,1
2024,RR,Health,18,271,indireta,False,0.12,0.126,1
2024,RS,Energy,18,247,indireta,True,121.136,127.213,2
2024,RS,Road transport,1,178,direta,True,100.0,105.017,1
2024,RS,Energy,1,10,direta,True,58.647,61.589,2
2024,RS,Sanitation,1,173,direta,True,56.433,59.264,1
2024,RS,Logistics,21,145,direta,True,49.0,51.458,1
2024,RS,Energy,1,181,direta,True,47.297,49.67,1
2024,RS,Telecommunications,1,218,direta,True,26.802,28.147,1
2024,RS,Logistics,14,252,indireta,True,14.751,15.491,3
2024,RS,Energy,1,180,direta,True,13.368,14.039,1
2024,RS,Airports,1,169,direta,True,10.5,11.027,1
2024,RS,Sanitation,14,192,indireta,True,10.993,11.544,2
2024,RS,Energy,18,266,indireta,True,9.589,10.07,1
2024,RS,Sanitation,1,4,direta,True,8.7,9.136,1
2024,RS,Sanitation,14,252,indireta,True,7.97,8.37,2
2024,RS,Energy,1,196,direta,True,8.393,8.814,3
2024,RS,Health,18,268,indireta,False,4.422,4.644,1
2024,RS,Health,18,271,indireta,False,8.718,9.156,3
2024,RS,Energy,18,245,indireta,True,4.509,4.735,3
2024,RS,Logistics,18,268,indireta,True,3.161,3.32,1
2024,RS,Logistics,14,212,indireta,True,2.9,3.045,1
2024,RS,Education,18,247,indireta,False,2.5,2.625,1
2024,RS,Energy,18,271,indireta,True,2.44,2.562,1
2024,RS,Telecommunications,18,271,indireta,True,3.673,3.857,3
2024,RS,Education,18,271,indireta,False,3.116,3.273,2
2024,RS,Sanitation,14,212,indireta,True,1.804,1.895,1
2024,RS,Energy,14,192,indireta,True,1.727,1.813,1
2024,RS,Logistics,18,271,indireta,True,3.853,4.046,3
2024,RS,Sanitation,18,271,indireta,True,3.005,3.156,3
2024,RS,Energy,1,11,direta,True,1.425,1.496,1
2024,RS,Telecommunications,1,200,direta,True,1.42,1.491,1
2024,RS,Logistics,14,192,indireta,True,2.346,2.464,2
2024,RS,Energy,14,252,indireta,True,0.71,0.745,2
2024,RS,Sanitation,18,264,indireta,True,0.45,0.473,1
2024,RS,Telecommunications,22,280,indireta,True,0.507,0.532,3
2024,RS,Energy,22,280,indireta,True,0.206,0.216,1
2024,RS,Sanitation,22,280,indireta,True,0.227,0.238,2
2024,RS,Sanitation,14,226,indireta,True,0.2,0.21,1
2024,RS,Logistics,22,280,indireta,True,0.213,0.224,2
2024,RS,Sanitation,18,262,indireta,True,0.155,0.163,1
2024,RS,Energy,14,245,indireta,True,0.138,0.145,1
2024,RS,Sanitation,0,0,direta,True,0.136,0.143,1
2024,RS,Sanitation,18,245,indireta,True,0.155,0.162,2
2024,RS,Education,0,0,direta,False,0.069,0.073,2
2024,SC,Road transport,1,178,direta,True,224.415,235.673,1
2024,SC,Logistics,21,145,direta,True,203.0,213.184,1
2024,SC,Energy,1,10,direta,True,79.178,83.151,1
2024,SC,Energy,18,247,indireta,True,78.312,82.24,1
2024,SC,Airports,1,169,direta,True,43.5,45.682,1
2024,SC,Sanitation,1,173,direta,True,27.25,28.617,1
2024,SC,Energy,18,268,indireta,True,15.0,15.753,1
2024,SC,Energy,1,196,direta,True,14.556,15.286,2
2024,SC,Sanitation,14,252,indireta,True,20.066,21.073,3
2024,SC,Health,18,271,indireta,False,21.626,22.711,3
2024,SC,Telecommunications,1,218,direta,True,11.7,12.287,1
2024,SC,Logistics,18,245,indireta,True,10.0,10.502,1
2024,SC,Telecommunications,14,277,indireta,True,6.901,7.247,1
2024,SC,Sanitation,14,192,indireta,True,8.744,9.183,3
2024,SC,Education,18,271,indireta,False,11.685,12.271,3
2024,SC,Energy,18,245,indireta,True,7.48,7.855,2
2024,SC,Logistics,14,252,indireta,True,7.237,7.6,3
2024,SC,Logistics,18,271,indireta,True,5.485,5.76,3
2024,SC,Telecommunications,18,271,indireta,True,4.299,4.515,3
2024,SC,Logistics,14,276,indireta,True,2.138,2.246,1
2024,SC,Sanitation,18,271,indireta,True,2.682,2.817,3
2024,SC,Sanitation,14,232,indireta,True,1.732,1.819,1
2024,SC,Energy,14,192,indireta,True,1.505,1.581,1
2024,SC,Sanitation,14,212,indireta,True,1.147,1.204,1
2024,SC,Health,18,247,indireta,False,0.764,0.803,1
2024,SC,Sanitation,18,245,indireta,True,0.706,0.741,2
2024,SC,Energy,14,245,indireta,True,0.985,1.034,2
2024,SC,Sanitation,22,280,indireta,True,0.438,0.46,3
2024,SC,Telecommunications,22,280,indireta,True,0.537,0.564,2
2024,SC,Logistics,14,192,indireta,True,0.232,0.243,1
2024,SC,Logistics,22,280,indireta,True,0.2,0.21,1
2024,SC,Sanitation,0,0,direta,True,0.136,0.143,1
2024,SC,Rail transport,22,280,indireta,True,0.119,0.124,1
2024,SC,Logistics,14,212,indireta,True,0.092,0.097,1
2024,SC,Education,0,0,direta,False,0.138,0.145,3
2024,SC,Energy,22,280,indireta,True,0.058,0.061,1
2024,SC,Energy,1,11,direta,True,0.014,0.015,1
2024,SE,Energy,1,8,direta,True,74.5,78.237,1
2024,SE,Energy,14,212,indireta,True,6.0,6.301,1
2024,SE,Education,0,0,direta,False,2.147,2.255,4
2024,SE,Health,18,271,indireta,False,0.91,0.956,2
2024,SE,Telecommunications,18,271,indireta,True,0.4,0.42,1
2024,SE,Logistics,14,252,indireta,True,0.359,0.377,1
2024,SE,Energy,1,110,direta,True,0.099,0.104,1
2024,SE,Rail transport,1,110,direta,True,0.002,0.002,1
2024,SP,Urban mobility,1,168,direta,True,2528.572,2655.425,1
2024,SP,Logistics,21,145,direta,True,905.8,951.242,1
2024,SP,Sanitation,21,160,direta,True,228.199,239.647,1
2024,SP,Logistics,21,203,direta,True,226.45,237.81,1
2024,SP,Energy,1,181,direta,True,199.565,209.576,2
2024,SP,Road transport,1,178,direta,True,150.0,157.525,1
2024,SP,Energy,1,196,direta,True,138.448,145.394,3
2024,SP,Sanitation,1,173,direta,True,128.859,135.324,1
2024,SP,Rail transport,1,170,direta,True,84.282,88.51,1
2024,SP,Energy,1,10,direta,True,85.13,89.4,2
2024,SP,Energy,1,8,direta,True,59.85,62.853,1
2024,SP,Urban mobility,1,41,direta,True,53.796,56.495,1
2024,SP,Sanitation,14,252,indireta,True,52.143,54.759,3
2024,SP,Rail transport,14,252,indireta,True,39.162,41.127,1
2024,SP,Education,1,2,direta,False,36.823,38.67,1
2024,SP,Energy,1,163,direta,True,23.925,25.125,1
2024,SP,Logistics,14,252,indireta,True,23.138,24.299,2
2024,SP,Health,1,84,direta,False,22.366,23.488,1
2024,SP,Energy,1,180,direta,True,17.132,17.991,2
2024,SP,Sanitation,14,192,indireta,True,18.152,19.063,3
2024,SP,Logistics,1,121,direta,True,12.19,12.802,1
2024,SP,Sanitation,14,212,indireta,True,13.382,14.053,3
2024,SP,Energy,1,296,direta,True,6.598,6.929,1
2024,SP,Logistics,14,192,indireta,True,5.933,6.231,2
2024,SP,Education,18,271,indireta,False,7.421,7.793,3
2024,SP,Energy,1,11,direta,True,6.549,6.878,2
2024,SP,Energy,14,192,indireta,True,5.534,5.812,2
2024,SP,Logistics,18,247,indireta,True,4.0,4.201,1
2024,SP,Energy,14,252,indireta,True,3.849,4.042,1
2024,SP,Education,1,296,direta,False,3.642,3.825,1
2024,SP,Energy,18,271,indireta,True,3.5,3.676,1
2024,SP,Health,18,271,indireta,False,6.241,6.554,3
2024,SP,Logistics,14,212,indireta,True,2.7,2.835,1
2024,SP,Logistics,18,271,indireta,True,2.865,3.009,3
2024,SP,Telecommunications,18,271,indireta,True,1.537,1.614,3
2024,SP,Logistics,22,280,indireta,True,2.115,2.221,3
2024,SP,Logistics,14,232,indireta,True,1.247,1.31,2
2024,SP,Sanitation,14,226,indireta,True,1.727,1.814,2
2024,SP,Logistics,14,276,indireta,True,0.924,0.97,1
2024,SP,Telecommunications,22,280,indireta,True,1.351,1.419,3
2024,SP,Energy,14,232,indireta,True,0.747,0.785,1
2024,SP,Sanitation,18,271,indireta,True,0.685,0.719,1
2024,SP,Sanitation,22,280,indireta,True,0.791,0.831,3
2024,SP,Education,0,0,direta,False,0.632,0.664,3
2024,SP,Telecommunications,14,278,indireta,True,0.542,0.569,2
2024,SP,Telecommunications,14,192,indireta,True,0.481,0.506,2
2024,SP,Rail transport,1,110,direta,True,0.171,0.18,1
2024,SP,Sanitation,0,0,direta,True,0.136,0.143,1
2024,TO,Energy,1,8,direta,True,115.5,121.294,1
2024,TO,Road transport,1,178,direta,True,75.383,79.165,1
2024,TO,Airports,1,169,direta,True,5.6,5.881,1
2024,TO,Logistics,14,252,indireta,True,1.867,1.96,1
2024,TO,Health,18,271,indireta,False,0.653,0.686,2
2024,TO,Telecommunications,1,200,direta,True,0.391,0.41,1
2024,TO,Telecommunications,18,271,indireta,True,0.35,0.368,1
2024,TO,Energy,1,110,direta,True,0.227,0.239,1
2024,TO,Education,18,271,indireta,False,0.04,0.042,1
2024,TO,Education,0,0,direta,False,0.069,0.073,2
2024,TO,Telecommunications,22,280,indireta,True,0.013,0.014,1
2024,TO,Rail transport,1,110,direta,True,0.002,0.002,1
2025,AC,Energy,1,8,direta,True,62.5,62.5,1
2025,AC,Telecommunications,0,218,direta,True,2.22,2.22,1
2025,AC,Logistics,14,252,indireta,True,2.065,2.065,1
2025,AC,Health,18,262,indireta,False,0.75,0.75,1
2025,AC,Telecommunications,18,262,indireta,True,0.45,0.45,1
2025,AC,Health,18,271,indireta,False,0.32,0.32,1
2025,AC,Sanitation,0,0,direta,True,0.194,0.194,1
2025,AC,Education,0,0,direta,False,0.189,0.189,2
2025,AC,Energy,1,11,direta,True,0.001,0.001,1
2025,AC,Energy,1,196,direta,True,0.001,0.001,1
2025,AL,Energy,1,8,direta,True,154.0,154.0,1
2025,AL,Telecommunications,14,278,indireta,True,3.767,3.767,1
2025,AL,Health,18,271,indireta,False,3.629,3.629,2
2025,AL,Telecommunications,18,278,indireta,True,0.4,0.4,1
2025,AL,Education,0,0,direta,False,0.437,0.437,3
2025,AL,Education,18,271,indireta,False,0.3,0.3,2
2025,AL,Sanitation,0,0,direta,True,0.194,0.194,1
2025,AL,Telecommunications,22,280,indireta,True,0.084,0.084,1
2025,AM,Sanitation,1,173,direta,True,32.0,32.0,1
2025,AM,Logistics,14,196,indireta,True,30.6,30.6,1
2025,AM,Energy,1,180,direta,True,15.12,15.12,1
2025,AM,Telecommunications,0,218,direta,True,13.639,13.639,1
2025,AM,Health,0,83,direta,False,7.232,7.232,1
2025,AM,Logistics,14,212,indireta,True,7.173,7.173,1
2025,AM,Energy,1,196,direta,True,3.6,3.6,1
2025,AM,Health,18,271,indireta,False,1.579,1.579,2
2025,AM,Education,18,271,indireta,False,1.0,1.0,1
2025,AM,Telecommunications,22,280,indireta,True,0.605,0.605,2
2025,AM,Education,1,89,direta,False,0.607,0.607,2
2025,AM,Telecommunications,14,192,indireta,True,0.475,0.475,1
2025,AM,Logistics,14,252,indireta,True,0.396,0.396,1
2025,AM,Sanitation,0,0,direta,True,0.324,0.324,1
2025,AM,Sanitation,18,271,indireta,True,0.55,0.55,2
2025,AM,Education,0,0,direta,False,0.287,0.287,3
2025,AP,Energy,1,8,direta,True,217.0,217.0,1
2025,AP,Telecommunications,18,271,indireta,True,20.0,20.0,1
2025,AP,Telecommunications,0,218,direta,True,4.142,4.142,1
2025,AP,Telecommunications,1,218,direta,True,3.0,3.0,1
2025,AP,Education,0,0,direta,False,2.437,2.437,3
2025,AP,Telecommunications,18,278,indireta,True,2.0,2.0,1
2025,AP,Education,0,83,direta,False,0.787,0.787,1
2025,AP,Health,18,271,indireta,False,0.6,0.6,1
2025,AP,Sanitation,14,252,indireta,True,0.544,0.544,1
2025,AP,Sanitation,0,0,direta,True,0.259,0.259,1
2025,BA,Energy,1,163,direta,True,1232.564,1232.564,1
2025,BA,Energy,1,8,direta,True,394.0,394.0,1
2025,BA,Energy,1,180,direta,True,134.157,134.157,2
2025,BA,Logistics,1,215,direta,True,92.263,92.263,1
2025,BA,Energy,1,196,direta,True,57.626,57.626,2
2025,BA,Energy,1,10,direta,True,47.564,47.564,2
2025,BA,Telecommunications,1,218,direta,True,11.479,11.479,2
2025,BA,Sanitation,14,192,indireta,True,9.163,9.163,4
2025,BA,Telecommunications,18,278,indireta,True,10.681,10.681,2
2025,BA,Health,18,271,indireta,False,6.11,6.11,3
2025,BA,Sanitation,14,226,indireta,True,3.12,3.12,2
2025,BA,Telecommunications,1,200,direta,True,2.585,2.585,1
2025,BA,Sanitation,1,173,direta,True,2.2,2.2,1
2025,BA,Education,18,271,indireta,False,3.11,3.11,3
2025,BA,Telecommunications,0,218,direta,True,1.593,1.593,1
2025,BA,Telecommunications,14,278,indireta,True,1.175,1.175,1
2025,BA,Sanitation,14,252,indireta,True,1.17,1.17,1
2025,BA,Telecommunications,18,271,indireta,True,0.9,0.9,1
2025,BA,Telecommunications,18,262,indireta,True,0.457,0.457,1
2025,BA,Education,0,0,direta,False,0.544,0.544,3
2025,BA,Sanitation,0,0,direta,True,0.569,0.569,2
2025,BA,Logistics,22,280,indireta,True,0.294,0.294,1
2025,BA,Sanitation,18,271,indireta,True,0.25,0.25,1
2025,BA,Telecommunications,22,280,indireta,True,0.101,0.101,1
2025,BA,Logistics,18,245,indireta,True,0.085,0.085,1
2025,BA,Telecommunications,14,212,indireta,True,0.074,0.074,2
2025,BA,Energy,1,11,direta,True,0.002,0.002,1
2025,CE,Urban mobility,1,118,direta,True,100.0,100.0,1
2025,CE,Telecommunications,1,218,direta,True,67.607,67.607,1
2025,CE,Telecommunications,1,200,direta,True,59.13,59.13,1
2025,CE,Energy,1,196,direta,True,50.424,50.424,2
2025,CE,Energy,1,180,direta,True,47.789,47.789,1
2025,CE,Telecommunications,18,278,indireta,True,11.454,11.454,1
2025,CE,Telecommunications,14,277,indireta,True,5.005,5.005,1
2025,CE,Energy,1,10,direta,True,4.554,4.554,1
2025,CE,Health,18,271,indireta,False,2.738,2.738,3
2025,CE,Education,18,271,indireta,False,1.38,1.38,1
2025,CE,Telecommunications,18,271,indireta,True,1.14,1.14,1
2025,CE,Telecommunications,14,278,indireta,True,0.526,0.526,1
2025,CE,Logistics,14,252,indireta,True,0.505,0.505,1
2025,CE,Telecommunications,18,262,indireta,True,0.5,0.5,1
2025,CE,Energy,1,110,direta,True,0.463,0.463,1
2025,CE,Logistics,18,271,indireta,True,0.35,0.35,1
2025,CE,Sanitation,14,192,indireta,True,0.324,0.324,1
2025,CE,Logistics,18,262,indireta,True,0.283,0.283,1
2025,CE,Telecommunications,14,192,indireta,True,0.279,0.279,1
2025,CE,Sanitation,0,0,direta,True,0.259,0.259,1
2025,CE,Education,0,0,direta,False,0.189,0.189,2
2025,CE,Telecommunications,22,280,indireta,True,0.124,0.124,1
2025,CE,Health,18,262,indireta,False,0.07,0.07,1
2025,CE,Logistics,22,280,indireta,True,0.07,0.07,2
2025,CE,Sanitation,22,280,indireta,True,0.013,0.013,1
2025,CE,Energy,1,11,direta,True,0.003,0.003,1
2025,DF,Health,18,271,indireta,False,18.579,18.579,2
2025,DF,Urban mobility,1,205,direta,True,5.0,5.0,1
2025,DF,Education,18,271,indireta,False,3.0,3.0,2
2025,DF,Telecommunications,18,278,indireta,True,1.698,1.698,2
2025,DF,Logistics,18,271,indireta,True,0.37,0.37,1
2025,DF,Logistics,14,252,indireta,True,0.33,0.33,1
2025,DF,Sanitation,0,0,direta,True,0.324,0.324,1
2025,DF,Sanitation,14,252,indireta,True,0.272,0.272,1
2025,DF,Telecommunications,18,271,indireta,True,0.225,0.225,1
2025,DF,Education,0,0,direta,False,0.189,0.189,2
2025,DF,Logistics,22,280,indireta,True,0.049,0.049,1
2025,ES,Airports,1,169,direta,True,151.875,151.875,1
2025,ES,Urban mobility,1,168,direta,True,45.006,45.006,1
2025,ES,Sanitation,1,173,direta,True,42.098,42.098,1
2025,ES,Energy,1,10,direta,True,10.585,10.585,1
2025,ES,Energy,1,8,direta,True,5.074,5.074,1
2025,ES,Telecommunications,18,278,indireta,True,5.5,5.5,2
2025,ES,Health,18,271,indireta,False,6.952,6.952,2
2025,ES,Telecommunications,1,218,direta,True,3.306,3.306,1
2025,ES,Sanitation,14,192,indireta,True,3.0,3.0,1
2025,ES,Education,18,271,indireta,False,4.251,4.251,3
2025,ES,Energy,14,245,indireta,True,2.557,2.557,2
2025,ES,Sanitation,14,252,indireta,True,1.16,1.16,1
2025,ES,Logistics,18,271,indireta,True,0.82,0.82,1
2025,ES,Logistics,14,252,indireta,True,1.48,1.48,2
2025,ES,Sanitation,18,271,indireta,True,0.75,0.75,1
2025,ES,Logistics,14,192,indireta,True,0.436,0.436,1
2025,ES,Telecommunications,18,271,indireta,True,0.397,0.397,2
2025,ES,Education,0,0,direta,False,0.454,0.454,3
2025,ES,Sanitation,0,0,direta,True,0.194,0.194,1
2025,ES,Telecommunications,14,192,indireta,True,0.104,0.104,1
2025,ES,Telecommunications,14,252,indireta,True,0.087,0.087,1
2025,ES,Telecommunications,22,280,indireta,True,0.103,0.103,2
2025,ES,Logistics,22,280,indireta,True,0.073,0.073,1
2025,ES,Sanitation,14,212,indireta,True,0.041,0.041,1
2025,GO,Energy,1,8,direta,True,910.0,910.0,1
2025,GO,Energy,1,196,direta,True,324.645,324.645,2
2025,GO,Road transport,1,178,direta,True,177.265,177.265,1
2025,GO,Logistics,21,145,direta,True,112.5,112.5,1
2025,GO,Energy,17,192,direta,True,102.375,102.375,1
2025,GO,Energy,1,180,direta,True,115.025,115.025,2
2025,GO,Energy,1,181,direta,True,25.41,25.41,1
2025,GO,Logistics,14,212,indireta,True,18.3,18.3,1
2025,GO,Telecommunications,18,278,indireta,True,7.366,7.366,1
2025,GO,Airports,1,169,direta,True,6.72,6.72,1
2025,GO,Sanitation,14,252,indireta,True,2.984,2.984,1
2025,GO,Health,18,271,indireta,False,4.741,4.741,3
2025,GO,Telecommunications,18,271,indireta,True,3.273,3.273,3
2025,GO,Logistics,18,271,indireta,True,2.312,2.312,1
2025,GO,Sanitation,14,192,indireta,True,1.5,1.5,1
2025,GO,Education,18,271,indireta,False,1.919,1.919,2
2025,GO,Sanitation,18,271,indireta,True,1.018,1.018,1
2025,GO,Road transport,1,43,indireta,True,0.875,0.875,1
2025,GO,Logistics,14,192,indireta,True,0.763,0.763,1
2025,GO,Logistics,14,226,indireta,True,0.432,0.432,1
2025,GO,Logistics,14,252,indireta,True,0.39,0.39,1
2025,GO,Sanitation,22,280,indireta,True,0.417,0.417,2
2025,GO,Education,0,0,direta,False,0.285,0.285,2
2025,GO,Energy,22,280,indireta,True,0.206,0.206,1
2025,GO,Sanitation,0,0,direta,True,0.375,0.375,2
2025,GO,Telecommunications,22,280,indireta,True,0.215,0.215,2
2025,GO,Telecommunications,14,252,indireta,True,0.251,0.251,2
2025,MA,Energy,1,8,direta,True,420.0,420.0,1
2025,MA,Telecommunications,1,218,direta,True,12.895,12.895,1
2025,MA,Airports,1,169,direta,True,10.08,10.08,1
2025,MA,Energy,1,180,direta,True,9.45,9.45,1
2025,MA,Telecommunications,14,278,indireta,True,8.452,8.452,1
2025,MA,Health,18,271,indireta,False,7.229,7.229,3
2025,MA,Telecommunications,14,277,indireta,True,4.635,4.635,1
2025,MA,Telecommunications,18,278,indireta,True,7.922,7.922,2
2025,MA,Energy,1,196,direta,True,2.25,2.25,1
2025,MA,Telecommunications,0,218,direta,True,1.593,1.593,1
2025,MA,Sanitation,14,212,indireta,True,1.498,1.498,1
2025,MA,Telecommunications,14,192,indireta,True,0.599,0.599,1
2025,MA,Education,18,271,indireta,False,0.58,0.58,2
2025,MA,Sanitation,0,0,direta,True,0.194,0.194,1
2025,MA,Telecommunications,18,271,indireta,True,0.15,0.15,1
2025,MA,Education,0,0,direta,False,0.42,0.42,4
2025,MA,Logistics,18,271,indireta,True,0.12,0.12,1
2025,MA,Sanitation,22,280,indireta,True,0.21,0.21,2
2025,MA,Health,18,262,indireta,False,0.05,0.05,1
2025,MG,Logistics,21,145,direta,True,934.55,934.55,1
2025,MG,Energy,1,180,direta,True,775.688,775.688,2
2025,MG,Energy,1,196,direta,True,582.776,582.776,3
2025,MG,Road transport,1,178,direta,True,172.498,172.498,1
2025,MG,Energy,14,192,direta,True,71.844,71.844,1
2025,MG,Energy,1,8,direta,True,66.645,66.645,1
2025,MG,Telecommunications,1,218,direta,True,50.946,50.946,2
2025,MG,Sanitation,1,196,direta,True,48.525,48.525,1
2025,MG,Telecommunications,18,278,indireta,True,47.965,47.965,2
2025,MG,Logistics,14,212,indireta,True,42.9,42.9,2
2025,MG,Logistics,14,192,indireta,True,40.67,40.67,2
2025,MG,Energy,17,192,direta,True,33.7,33.7,1
2025,MG,Energy,1,181,direta,True,25.41,25.41,1
2025,MG,Education,18,268,indireta,False,20.0,20.0,1
2025,MG,Logistics,1,121,direta,True,18.5,18.5,1
2025,MG,Airports,1,169,direta,True,17.0,17.0,1
2025,MG,Sanitation,1,173,direta,True,13.446,13.446,1
2025,MG,Logistics,14,252,indireta,True,28.916,28.916,4
2025,MG,Energy,18,196,indireta,True,13.086,13.086,1
2025,MG,Sanitation,18,268,indireta,True,12.134,12.134,1
2025,MG,Logistics,1,292,direta,True,7.308,7.308,1
2025,MG,Energy,18,247,indireta,True,7.145,7.145,1
2025,MG,Sanitation,14,252,indireta,True,6.765,6.765,1
2025,MG,Sanitation,14,212,indireta,True,5.799,5.799,1
2025,MG,Logistics,14,226,indireta,True,10.615,10.615,2
2025,MG,Health,18,247,indireta,False,5.1,5.1,1
2025,MG,Energy,1,10,direta,True,4.915,4.915,1
2025,MG,Health,18,271,indireta,False,5.86,5.86,3
2025,MG,Telecommunications,14,277,indireta,True,3.198,3.198,1
2025,MG,Sanitation,1,4,direta,True,2.463,2.463,1
2025,MG,Telecommunications,18,271,indireta,True,2.84,2.84,3
2025,MG,Energy,1,226,direta,True,2.1,2.1,1
2025,MG,Health,18,262,indireta,False,1.848,1.848,1
2025,MG,Education,18,262,indireta,False,1.845,1.845,1
2025,MG,Sanitation,14,192,indireta,True,2.286,2.286,3
2025,MG,Telecommunications,18,262,indireta,True,1.475,1.475,2
2025,MG,Telecommunications,14,278,indireta,True,1.654,1.654,2
2025,MG,Energy,14,192,indireta,True,0.95,0.95,1
2025,MG,Energy,14,252,indireta,True,0.91,0.91,1
2025,MG,Road transport,1,43,indireta,True,0.875,0.875,1
2025,MG,Logistics,18,271,indireta,True,0.725,0.725,1
2025,MG,Sanitation,22,280,indireta,True,0.912,0.912,2
2025,MG,Education,18,271,indireta,False,0.983,0.983,2
2025,MG,Sanitation,18,264,indireta,True,0.5,0.5,1
2025,MG,Sanitation,14,226,indireta,True,0.39,0.39,1
2025,MG,Sanitation,0,0,direta,True,0.569,0.569,2
2025,MG,Education,0,0,direta,False,0.319,0.319,2
2025,MG,Sanitation,18,271,indireta,True,0.25,0.25,2
2025,MG,Energy,14,245,indireta,True,0.146,0.146,2
2025,MG,Telecommunications,22,280,indireta,True,0.17,0.17,2
2025,MG,Telecommunications,14,276,indireta,True,0.046,0.046,1
2025,MG,Logistics,22,280,indireta,True,0.023,0.023,2
2025,MG,Energy,1,11,direta,True,0.006,0.006,1
2025,MS,Energy,17,232,direta,True,1138.815,1138.815,1
2025,MS,Logistics,21,145,direta,True,843.6,843.6,2
2025,MS,Logistics,1,292,direta,True,82.911,82.911,1
2025,MS,Energy,1,10,direta,True,76.375,76.375,1
2025,MS,Energy,17,276,direta,True,59.604,59.604,1
2025,MS,Logistics,1,121,direta,True,44.642,44.642,1
2025,MS,Energy,1,180,direta,True,41.18,41.18,2
2025,MS,Sanitation,1,173,direta,True,24.259,24.259,1
2025,MS,Rail transport,1,170,direta,True,20.0,20.0,1
2025,MS,Airports,1,169,direta,True,14.0,14.0,1
2025,MS,Energy,1,196,direta,True,15.061,15.061,3
2025,MS,Telecommunications,1,218,direta,True,4.96,4.96,1
2025,MS,Telecommunications,18,278,indireta,True,5.2,5.2,2
2025,MS,Energy,17,192,direta,True,4.475,4.475,1
2025,MS,Sanitation,14,252,indireta,True,2.742,2.742,1
2025,MS,Health,18,271,indireta,False,3.494,3.494,2
2025,MS,Education,18,271,indireta,False,1.845,1.845,2
2025,MS,Sanitation,18,271,indireta,True,1.71,1.71,1
2025,MS,Logistics,18,271,indireta,True,0.449,0.449,2
2025,MS,Education,0,0,direta,False,0.285,0.285,2
2025,MS,Sanitation,0,0,direta,True,0.375,0.375,2
2025,MS,Energy,18,271,indireta,True,0.15,0.15,1
2025,MS,Sanitation,14,192,indireta,True,0.128,0.128,1
2025,MS,Telecommunications,18,271,indireta,True,0.134,0.134,2
2025,MS,Sanitation,22,280,indireta,True,0.079,0.079,1
2025,MS,Telecommunications,22,280,indireta,True,0.076,0.076,1
2025,MS,Logistics,22,280,indireta,True,0.052,0.052,2
2025,MS,Energy,1,11,direta,True,0.001,0.001,1
2025,MT,Logistics,21,145,direta,True,1502.999,1502.999,1
2025,MT,Rail transport,21,145,direta,True,750.0,750.0,1
2025,MT,Energy,1,8,direta,True,197.5,197.5,1
2025,MT,Road transport,1,178,direta,True,167.0,167.0,1
2025,MT,Energy,1,196,direta,True,141.997,141.997,2
2025,MT,Energy,1,180,direta,True,82.69,82.69,2
2025,MT,Energy,17,192,direta,True,65.7,65.7,1
2025,MT,Rail transport,1,226,direta,True,15.097,15.097,1
2025,MT,Energy,1,10,direta,True,4.972,4.972,1
2025,MT,Health,18,271,indireta,False,4.632,4.632,3
2025,MT,Telecommunications,18,278,indireta,True,3.282,3.282,1
2025,MT,Energy,1,163,direta,True,2.644,2.644,1
2025,MT,Logistics,18,271,indireta,True,1.19,1.19,1
2025,MT,Telecommunications,18,271,indireta,True,1.093,1.093,1
2025,MT,Telecommunications,14,212,indireta,True,1.081,1.081,1
2025,MT,Education,18,271,indireta,False,1.695,1.695,2
2025,MT,Sanitation,18,271,indireta,True,0.795,0.795,2
2025,MT,Logistics,14,252,indireta,True,0.463,0.463,2
2025,MT,Energy,14,192,indireta,True,0.339,0.339,1
2025,MT,Education,0,0,direta,False,0.551,0.551,3
2025,MT,Sanitation,0,0,direta,True,0.194,0.194,1
2025,MT,Energy,14,245,indireta,True,0.16,0.16,1
2025,MT,Sanitation,14,252,indireta,True,0.13,0.13,1
2025,MT,Telecommunications,14,252,indireta,True,0.098,0.098,1
2025,MT,Sanitation,22,280,indireta,True,0.135,0.135,2
2025,MT,Telecommunications,22,280,indireta,True,0.064,0.064,2
2025,PA,Logistics,21,145,direta,True,636.0,636.0,1
2025,PA,Airports,1,169,direta,True,15.0,15.0,1
2025,PA,Telecommunications,18,278,indireta,True,15.9,15.9,2
2025,PA,Telecommunications,1,218,direta,True,12.895,12.895,1
2025,PA,Education,0,0,direta,False,6.586,6.586,3
2025,PA,Telecommunications,0,218,direta,True,4.142,4.142,1
2025,PA,Logistics,14,226,indireta,True,2.2,2.2,1
2025,PA,Health,18,271,indireta,False,2.04,2.04,2
2025,PA,Education,1,89,direta,False,1.758,1.758,1
2025,PA,Sanitation,18,262,indireta,True,1.5,1.5,1
2025,PA,Telecommunications,14,192,indireta,True,0.711,0.711,2
2025,PA,Health,18,262,indireta,False,0.303,0.303,1
2025,PA,Telecommunications,22,280,indireta,True,0.369,0.369,2
2025,PA,Telecommunications,18,271,indireta,True,0.211,0.211,1
2025,PA,Sanitation,0,0,direta,True,0.194,0.194,1
2025,PA,Logistics,18,271,indireta,True,0.04,0.04,1
2025,PA,Logistics,22,280,indireta,True,0.001,0.001,1
2025,PA,Energy,1,11,direta,True,0.001,0.001,1
2025,PA,Energy,1,196,direta,True,0.001,0.001,1
2025,PB,Energy,1,8,direta,True,107.5,107.5,1
2025,PB,Road transport,1,178,direta,True,17.651,17.651,1
2025,PB,Telecommunications,1,218,direta,True,20.788,20.788,2
2025,PB,Telecommunications,18,278,indireta,True,9.751,9.751,2
2025,PB,Health,18,271,indireta,False,1.952,1.952,1
2025,PB,Telecommunications,0,218,direta,True,1.641,1.641,1
2025,PB,Sanitation,14,252,indireta,True,0.562,0.562,1
2025,PB,Education,18,271,indireta,False,0.3,0.3,1
2025,PB,Sanitation,0,0,direta,True,0.375,0.375,2
2025,PB,Education,0,0,direta,False,0.189,0.189,2
2025,PB,Telecommunications,14,277,indireta,True,0.119,0.119,1
2025,PB,Logistics,18,271,indireta,True,0.1,0.1,1
2025,PB,Telecommunications,22,280,indireta,True,0.083,0.083,2
2025,PE,Energy,1,180,direta,True,21.689,21.689,1
2025,PE,Energy,1,196,direta,True,17.288,17.288,2
2025,PE,Telecommunications,18,278,indireta,True,11.74,11.74,1
2025,PE,Airports,1,169,direta,True,5.04,5.04,1
2025,PE,Energy,1,299,direta,True,4.236,4.236,1
2025,PE,Education,1,89,direta,False,3.503,3.503,1
2025,PE,Logistics,18,271,indireta,True,3.06,3.06,1
2025,PE,Telecommunications,14,278,indireta,True,2.997,2.997,1
2025,PE,Sanitation,14,192,indireta,True,2.108,2.108,1
2025,PE,Health,18,271,indireta,False,2.054,2.054,3
2025,PE,Sanitation,18,271,indireta,True,1.0,1.0,1
2025,PE,Logistics,14,212,indireta,True,0.962,0.962,1
2025,PE,Logistics,14,252,indireta,True,0.57,0.57,1
2025,PE,Telecommunications,1,218,direta,True,0.529,0.529,1
2025,PE,Education,18,271,indireta,False,0.316,0.316,1
2025,PE,Telecommunications,14,252,indireta,True,0.268,0.268,1
2025,PE,Education,0,0,direta,False,0.317,0.317,2
2025,PE,Telecommunications,18,271,indireta,True,0.22,0.22,1
2025,PE,Telecommunications,14,212,indireta,True,0.215,0.215,1
2025,PE,Sanitation,0,0,direta,True,0.375,0.375,2
2025,PE,Telecommunications,22,280,indireta,True,0.062,0.062,2
2025,PE,Logistics,22,280,indireta,True,0.003,0.003,1
2025,PE,Energy,1,11,direta,True,0.001,0.001,1
2025,PI,Energy,1,8,direta,True,720.0,720.0,1
2025,PI,Energy,1,180,direta,True,168.164,168.164,1
2025,PI,Energy,1,196,direta,True,17.88,17.88,1
2025,PI,Airports,1,169,direta,True,16.8,16.8,1
2025,PI,Energy,17,192,direta,True,11.175,11.175,1
2025,PI,Telecommunications,18,278,indireta,True,10.799,10.799,2
2025,PI,Logistics,14,192,indireta,True,5.782,5.782,1
2025,PI,Telecommunications,1,218,direta,True,4.464,4.464,1
2025,PI,Telecommunications,14,278,indireta,True,3.0,3.0,1
2025,PI,Logistics,14,252,indireta,True,1.722,1.722,1
2025,PI,Telecommunications,18,271,indireta,True,1.559,1.559,3
2025,PI,Health,18,271,indireta,False,0.835,0.835,2
2025,PI,Education,18,271,indireta,False,0.357,0.357,2
2025,PI,Telecommunications,14,252,indireta,True,0.263,0.263,1
2025,PI,Education,0,0,direta,False,0.285,0.285,2
2025,PI,Sanitation,0,0,direta,True,0.194,0.194,1
2025,PI,Logistics,22,280,indireta,True,0.079,0.079,1
2025,PI,Telecommunications,22,280,indireta,True,0.02,0.02,1
2025,PR,Logistics,21,145,direta,True,450.0,450.0,1
2025,PR,Ports,1,164,direta,True,397.775,397.775,1
2025,PR,Logistics,1,121,direta,True,152.308,152.308,1
2025,PR,Sanitation,1,173,direta,True,66.667,66.667,1
2025,PR,Energy,1,163,direta,True,91.88,91.88,2
2025,PR,Sanitation,14,192,direta,True,56.868,56.868,1
2025,PR,Road transport,1,178,direta,True,50.0,50.0,1
2025,PR,Telecommunications,18,278,indireta,True,40.593,40.593,2
2025,PR,Energy,1,10,direta,True,33.0,33.0,1
2025,PR,Energy,1,196,direta,True,53.245,53.245,4
2025,PR,Logistics,1,292,direta,True,27.393,27.393,1
2025,PR,Logistics,18,245,indireta,True,13.765,13.765,1
2025,PR,Airports,1,169,direta,True,13.018,13.018,1
2025,PR,Telecommunications,1,218,direta,True,13.842,13.842,2
2025,PR,Energy,1,8,direta,True,12.825,12.825,1
2025,PR,Energy,1,33,indireta,True,10.324,10.324,1
2025,PR,Energy,18,196,indireta,True,10.171,10.171,1
2025,PR,Energy,1,180,direta,True,6.93,6.93,1
2025,PR,Sanitation,14,252,indireta,True,7.386,7.386,2
2025,PR,Energy,14,192,indireta,True,9.436,9.436,2
2025,PR,Energy,1,33,direta,True,5.152,5.152,1
2025,PR,Sanitation,14,212,indireta,True,5.0,5.0,1
2025,PR,Logistics,18,33,indireta,True,4.807,4.807,1
2025,PR,Health,18,271,indireta,False,7.143,7.143,3
2025,PR,Telecommunications,18,271,indireta,True,7.027,7.027,3
2025,PR,Health,18,268,indireta,False,3.75,3.75,1
2025,PR,Energy,1,296,direta,True,3.577,3.577,1
2025,PR,Telecommunications,14,278,indireta,True,4.963,4.963,2
2025,PR,Logistics,1,33,direta,True,2.861,2.861,1
2025,PR,Sanitation,14,226,indireta,True,3.245,3.245,2
2025,PR,Logistics,18,271,indireta,True,2.867,2.867,3
2025,PR,Energy,1,32,direta,True,2.445,2.445,1
2025,PR,Energy,14,245,indireta,True,3.633,3.633,2
2025,PR,Energy,1,226,direta,True,2.1,2.1,1
2025,PR,Logistics,1,33,indireta,True,1.996,1.996,1
2025,PR,Education,18,271,indireta,False,3.764,3.764,2
2025,PR,Energy,18,247,indireta,True,1.675,1.675,1
2025,PR,Logistics,1,121,indireta,True,1.671,1.671,1
2025,PR,Sanitation,22,280,indireta,True,0.855,0.855,3
2025,PR,Logistics,14,252,indireta,True,1.072,1.072,2
2025,PR,Sanitation,18,271,indireta,True,0.589,0.589,1
2025,PR,Telecommunications,14,277,indireta,True,0.476,0.476,1
2025,PR,Sanitation,14,192,indireta,True,0.812,0.812,2
2025,PR,Telecommunications,14,192,indireta,True,0.421,0.421,1
2025,PR,Logistics,14,226,indireta,True,0.389,0.389,1
2025,PR,Education,1,89,direta,False,0.375,0.375,1
2025,PR,Energy,18,245,indireta,True,0.374,0.374,1
2025,PR,Logistics,14,192,indireta,True,0.34,0.34,1
2025,PR,Sanitation,0,0,direta,True,0.504,0.504,2
2025,PR,Logistics,22,280,indireta,True,0.355,0.355,3
2025,PR,Education,0,0,direta,False,0.416,0.416,3
2025,PR,Telecommunications,22,280,indireta,True,0.063,0.063,2
2025,PR,Logistics,14,212,indireta,True,0.048,0.048,1
2025,PR,Energy,1,11,direta,True,0.001,0.001,1
2025,RJ,Logistics,21,145,direta,True,1326.013,1326.013,1
2025,RJ,Rail transport,17,192,direta,True,227.363,227.363,1
2025,RJ,Road transport,1,178,direta,True,205.162,205.162,1
2025,RJ,Sanitation,21,145,direta,True,155.0,155.0,1
2025,RJ,Urban mobility,1,205,direta,True,154.362,154.362,1
2025,RJ,Energy,1,10,direta,True,93.0,93.0,1
2025,RJ,Sanitation,1,173,direta,True,74.828,74.828,1
2025,RJ,Sanitation,1,196,direta,True,66.5,66.5,1
2025,RJ,Sanitation,1,236,direta,True,31.0,31.0,1
2025,RJ,Energy,1,180,direta,True,26.92,26.92,1
2025,RJ,Telecommunications,18,278,indireta,True,25.95,25.95,2
2025,RJ,Energy,1,196,direta,True,22.015,22.015,2
2025,RJ,Sanitation,1,4,direta,True,15.789,15.789,1
2025,RJ,Energy,1,32,direta,True,10.0,10.0,1
2025,RJ,Energy,18,247,indireta,True,9.245,9.245,1
2025,RJ,Telecommunications,1,218,direta,True,7.665,7.665,1
2025,RJ,Energy,1,8,direta,True,4.68,4.68,1
2025,RJ,Telecommunications,14,278,indireta,True,3.25,3.25,1
2025,RJ,Health,18,271,indireta,False,5.17,5.17,3
2025,RJ,Logistics,18,271,indireta,True,1.52,1.52,1
2025,RJ,Education,18,271,indireta,False,2.085,2.085,2
2025,RJ,Telecommunications,14,277,indireta,True,1.037,1.037,1
2025,RJ,Health,18,262,indireta,False,0.94,0.94,2
2025,RJ,Sanitation,18,271,indireta,True,0.75,0.75,1
2025,RJ,Telecommunications,18,271,indireta,True,0.65,0.65,1
2025,RJ,Logistics,14,192,indireta,True,0.469,0.469,1
2025,RJ,Logistics,18,262,indireta,True,0.455,0.455,1
2025,RJ,Sanitation,22,280,indireta,True,0.448,0.448,1
2025,RJ,Telecommunications,22,280,indireta,True,0.716,0.716,3
2025,RJ,Sanitation,14,192,indireta,True,0.291,0.291,1
2025,RJ,Sanitation,0,0,direta,True,0.375,0.375,2
2025,RJ,Education,0,0,direta,False,0.189,0.189,2
2025,RJ,Energy,1,11,direta,True,0.015,0.015,1
2025,RJ,Logistics,22,280,indireta,True,0.007,0.007,1
2025,RN,Energy,1,163,direta,True,655.174,655.174,2
2025,RN,Energy,1,196,direta,True,855.086,855.086,2
2025,RN,Energy,1,180,direta,True,101.314,101.314,1
2025,RN,Telecommunications,1,218,direta,True,42.186,42.186,2
2025,RN,Telecommunications,18,278,indireta,True,4.469,4.469,2
2025,RN,Energy,1,10,direta,True,2.346,2.346,1
2025,RN,Sanitation,14,212,indireta,True,1.638,1.638,1
2025,RN,Education,1,89,direta,False,0.577,0.577,2
2025,RN,Sanitation,18,271,indireta,True,0.35,0.35,1
2025,RN,Health,18,271,indireta,False,0.355,0.355,2
2025,RN,Sanitation,0,0,direta,True,0.194,0.194,1
2025,RN,Education,0,0,direta,False,0.189,0.189,2
2025,RN,Education,18,271,indireta,False,0.045,0.045,1
2025,RO,Energy,1,8,direta,True,37.5,37.5,1
2025,RO,Sanitation,18,271,indireta,True,18.61,18.61,2
2025,RO,Telecommunications,18,278,indireta,True,7.0,7.0,1
2025,RO,Health,18,271,indireta,False,2.28,2.28,2
2025,RO,Sanitation,14,192,indireta,True,1.275,1.275,1
2025,RO,Telecommunications,18,271,indireta,True,0.78,0.78,1
2025,RO,Logistics,14,252,indireta,True,0.731,0.731,1
2025,RO,Education,0,0,direta,False,0.437,0.437,3
2025,RO,Sanitation,0,0,direta,True,0.194,0.194,1
2025,RO,Telecommunications,14,252,indireta,True,0.089,0.089,1
2025,RO,Education,18,271,indireta,False,0.108,0.108,2
2025,RO,Logistics,18,271,indireta,True,0.04,0.04,1
2025,RR,Education,0,0,direta,False,0.437,0.437,3
2025,RR,Sanitation,0,0,direta,True,0.375,0.375,2
2025,RR,Health,18,271,indireta,False,0.05,0.05,1
2025,RS,Sanitation,21,203,direta,True,1795.0,1795.0,1
2025,RS,Energy,1,8,direta,True,452.0,452.0,1
2025,RS,Road transport,1,178,direta,True,402.024,402.024,1
2025,RS,Sanitation,1,236,direta,True,220.0,220.0,1
2025,RS,Telecommunications,1,218,direta,True,157.215,157.215,2
2025,RS,Telecommunications,18,278,indireta,True,81.284,81.284,3
2025,RS,Sanitation,1,173,direta,True,32.653,32.653,1
2025,RS,Energy,18,247,indireta,True,25.88,25.88,1
2025,RS,Energy,1,180,direta,True,25.83,25.83,1
2025,RS,Energy,1,196,direta,True,37.956,37.956,3
2025,RS,Energy,14,192,indireta,True,10.295,10.295,1
2025,RS,Energy,18,271,indireta,True,9.1,9.1,1
2025,RS,Logistics,18,245,indireta,True,6.297,6.297,2
2025,RS,Logistics,14,252,indireta,True,7.047,7.047,2
2025,RS,Telecommunications,14,278,indireta,True,5.198,5.198,2
2025,RS,Sanitation,14,212,indireta,True,5.41,5.41,2
2025,RS,Sanitation,1,4,direta,True,2.757,2.757,1
2025,RS,Sanitation,14,192,indireta,True,2.551,2.551,1
2025,RS,Education,18,271,indireta,False,3.531,3.531,3
2025,RS,Health,18,271,indireta,False,2.748,2.748,2
2025,RS,Logistics,18,271,indireta,True,4.192,4.192,3
2025,RS,Sanitation,14,252,indireta,True,2.87,2.87,2
2025,RS,Energy,14,245,indireta,True,2.257,2.257,2
2025,RS,Energy,14,212,indireta,True,1.5,1.5,1
2025,RS,Energy,18,245,indireta,True,1.608,1.608,2
2025,RS,Airports,1,169,direta,True,1.424,1.424,1
2025,RS,Energy,14,196,indireta,True,1.3,1.3,1
2025,RS,Telecommunications,18,271,indireta,True,0.874,0.874,2
2025,RS,Telecommunications,14,277,indireta,True,0.75,0.75,1
2025,RS,Sanitation,18,271,indireta,True,0.805,0.805,3
2025,RS,Sanitation,0,0,direta,True,0.375,0.375,2
2025,RS,Telecommunications,14,212,indireta,True,0.184,0.184,1
2025,RS,Telecommunications,14,252,indireta,True,0.182,0.182,1
2025,RS,Sanitation,18,245,indireta,True,0.199,0.199,2
2025,RS,Logistics,14,192,indireta,True,0.144,0.144,1
2025,RS,Education,0,0,direta,False,0.189,0.189,2
2025,RS,Logistics,14,212,indireta,True,0.13,0.13,1
2025,RS,Sanitation,18,264,indireta,True,0.125,0.125,1
2025,RS,Logistics,22,280,indireta,True,0.124,0.124,1
2025,RS,Sanitation,22,280,indireta,True,0.104,0.104,1
2025,RS,Telecommunications,22,280,indireta,True,0.099,0.099,2
2025,RS,Energy,1,11,direta,True,0.018,0.018,1
2025,SC,Road transport,1,178,direta,True,384.495,384.495,1
2025,SC,Sanitation,14,212,indireta,True,42.664,42.664,3
2025,SC,Energy,1,10,direta,True,33.0,33.0,1
2025,SC,Telecommunications,18,278,indireta,True,32.01,32.01,2
2025,SC,Energy,14,245,indireta,True,20.711,20.711,2
2025,SC,Energy,1,180,direta,True,24.25,24.25,2
2025,SC,Energy,18,268,indireta,True,14.5,14.5,1
2025,SC,Logistics,18,245,indireta,True,10.75,10.75,2
2025,SC,Logistics,14,226,indireta,True,9.14,9.14,2
2025,SC,Logistics,14,212,indireta,True,12.728,12.728,2
2025,SC,Energy,18,247,indireta,True,11.281,11.281,2
2025,SC,Education,18,247,indireta,False,7.43,7.43,1
2025,SC,Logistics,14,252,indireta,True,8.24,8.24,2
2025,SC,Health,18,271,indireta,False,10.995,10.995,3
2025,SC,Airports,1,169,direta,True,5.899,5.899,1
2025,SC,Energy,17,196,direta,True,5.896,5.896,1
2025,SC,Sanitation,18,196,indireta,True,5.552,5.552,1
2025,SC,Energy,1,163,direta,True,5.11,5.11,1
2025,SC,Sanitation,14,252,indireta,True,8.227,8.227,3
2025,SC,Education,18,271,indireta,False,7.225,7.225,3
2025,SC,Telecommunications,18,271,indireta,True,4.178,4.178,3
2025,SC,Sanitation,18,271,indireta,True,2.459,2.459,3
2025,SC,Energy,17,300,direta,True,1.888,1.888,1
2025,SC,Energy,14,192,indireta,True,1.83,1.83,1
2025,SC,Sanitation,14,192,indireta,True,2.54,2.54,2
2025,SC,Logistics,18,271,indireta,True,2.456,2.456,3
2025,SC,Energy,1,196,direta,True,1.651,1.651,2
2025,SC,Sanitation,14,226,indireta,True,2.49,2.49,2
2025,SC,Energy,18,196,indireta,True,1.012,1.012,1
2025,SC,Telecommunications,14,278,indireta,True,1.169,1.169,2
2025,SC,Telecommunications,14,212,indireta,True,0.953,0.953,1
2025,SC,Sanitation,18,245,indireta,True,1.234,1.234,2
2025,SC,Telecommunications,14,192,indireta,True,0.756,0.756,2
2025,SC,Energy,17,212,direta,True,0.616,0.616,1
2025,SC,Logistics,14,192,indireta,True,0.904,0.904,2
2025,SC,Telecommunications,22,280,indireta,True,0.414,0.414,3
2025,SC,Energy,14,196,indireta,True,0.35,0.35,1
2025,SC,Rail transport,22,280,indireta,True,0.305,0.305,1
2025,SC,Telecommunications,14,277,indireta,True,0.226,0.226,1
2025,SC,Energy,22,280,indireta,True,0.219,0.219,1
2025,SC,Sanitation,0,0,direta,True,0.375,0.375,2
2025,SC,Education,0,0,direta,False,0.319,0.319,3
2025,SC,Logistics,22,280,indireta,True,0.16,0.16,1
2025,SC,Telecommunications,1,218,direta,True,0.15,0.15,1
2025,SC,Energy,18,245,indireta,True,0.069,0.069,2
2025,SC,Energy,1,11,direta,True,0.001,0.001,1
2025,SE,Energy,1,8,direta,True,74.5,74.5,1
2025,SE,Sanitation,14,226,indireta,True,5.43,5.43,1
2025,SE,Telecommunications,1,218,direta,True,3.472,3.472,1
2025,SE,Telecommunications,18,278,indireta,True,4.878,4.878,2
2025,SE,Education,0,0,direta,False,0.995,0.995,4
2025,SE,Telecommunications,18,271,indireta,True,0.4,0.4,1
2025,SE,Health,18,271,indireta,False,0.3,0.3,1
2025,SE,Education,18,271,indireta,False,0.3,0.3,1
2025,SE,Sanitation,0,0,direta,True,0.194,0.194,1
2025,SE,Telecommunications,22,280,indireta,True,0.101,0.101,1
2025,SP,Logistics,21,145,direta,True,3938.338,3938.338,1
2025,SP,Urban mobility,1,168,direta,True,1419.706,1419.706,2
2025,SP,Road transport,1,178,direta,True,1987.934,1987.934,2
2025,SP,Energy,1,196,direta,True,580.482,580.482,3
2025,SP,Energy,1,226,direta,True,485.8,485.8,1
2025,SP,Energy,1,180,direta,True,377.74,377.74,2
2025,SP,Energy,17,192,direta,True,272.575,272.575,1
2025,SP,Energy,17,196,direta,True,178.297,178.297,1
2025,SP,Logistics,21,203,direta,True,151.0,151.0,1
2025,SP,Sanitation,21,203,direta,True,150.0,150.0,1
2025,SP,Logistics,1,215,direta,True,138.734,138.734,1
2025,SP,Sanitation,1,173,direta,True,138.791,138.791,2
2025,SP,Energy,1,10,direta,True,82.1,82.1,1
2025,SP,Energy,1,8,direta,True,59.85,59.85,1
2025,SP,Urban mobility,1,118,direta,True,59.573,59.573,1
2025,SP,Airports,1,169,direta,True,54.0,54.0,1
2025,SP,Sanitation,14,212,indireta,True,73.169,73.169,2
2025,SP,Telecommunications,18,278,indireta,True,58.297,58.297,3
2025,SP,Rail transport,1,226,direta,True,38.821,38.821,1
2025,SP,Sanitation,14,252,indireta,True,62.918,62.918,4
2025,SP,Sanitation,1,236,direta,True,30.0,30.0,1
2025,SP,Energy,1,181,direta,True,26.18,26.18,1
2025,SP,Sanitation,1,196,direta,True,20.0,20.0,1
2025,SP,Health,1,84,direta,False,18.919,18.919,1
2025,SP,Rail transport,14,252,indireta,True,14.87,14.87,1
2025,SP,Telecommunications,1,200,direta,True,14.215,14.215,1
2025,SP,Ports,1,38,direta,True,13.833,13.833,1
2025,SP,Telecommunications,1,218,direta,True,13.0,13.0,1
2025,SP,Urban mobility,1,41,direta,True,11.981,11.981,1
2025,SP,Education,1,296,direta,False,8.0,8.0,1
2025,SP,Sanitation,14,192,indireta,True,16.239,16.239,4
2025,SP,Sanitation,14,226,indireta,True,9.153,9.153,2
2025,SP,Education,18,271,indireta,False,10.373,10.373,3
2025,SP,Logistics,14,212,indireta,True,9.605,9.605,3
2025,SP,Energy,14,212,indireta,True,5.5,5.5,1
2025,SP,Health,18,271,indireta,False,4.757,4.757,3
2025,SP,Logistics,18,247,indireta,True,3.899,3.899,1
2025,SP,Logistics,18,271,indireta,True,3.663,3.663,1
2025,SP,Logistics,14,252,indireta,True,5.721,5.721,3
2025,SP,Logistics,14,192,indireta,True,2.95,2.95,1
2025,SP,Logistics,22,280,indireta,True,3.425,3.425,3
2025,SP,Energy,1,163,direta,True,2.775,2.775,1
2025,SP,Education,1,2,direta,False,2.642,2.642,1
2025,SP,Energy,18,196,indireta,True,2.286,2.286,1
2025,SP,Logistics,14,276,indireta,True,3.062,3.062,2
2025,SP,Telecommunications,14,277,indireta,True,2.881,2.881,2
2025,SP,Telecommunications,14,278,indireta,True,1.597,1.597,1
2025,SP,Telecommunications,18,271,indireta,True,1.47,1.47,1
2025,SP,Education,0,0,direta,False,2.334,2.334,4
2025,SP,Energy,1,296,direta,True,0.931,0.931,1
2025,SP,Logistics,1,110,direta,True,0.614,0.614,1
2025,SP,Telecommunications,22,280,indireta,True,0.962,0.962,2
2025,SP,Sanitation,18,271,indireta,True,0.56,0.56,1
2025,SP,Sanitation,0,0,direta,True,0.634,0.634,2
2025,SP,Energy,14,252,indireta,True,0.399,0.399,1
2025,SP,Logistics,14,226,indireta,True,0.35,0.35,1
2025,SP,Telecommunications,14,252,indireta,True,0.464,0.464,2
2025,SP,Sanitation,22,280,indireta,True,0.374,0.374,2
2025,SP,Energy,14,245,indireta,True,0.083,0.083,1
2025,SP,Energy,1,11,direta,True,0.078,0.078,1
2025,TO,Energy,1,8,direta,True,115.5,115.5,1
2025,TO,Road transport,1,178,direta,True,44.316,44.316,1
2025,TO,Telecommunications,18,278,indireta,True,7.0,7.0,1
2025,TO,Airports,1,169,direta,True,3.36,3.36,1
2025,TO,Telecommunications,14,278,indireta,True,2.5,2.5,1
2025,TO,Health,18,271,indireta,False,0.513,0.513,2
2025,TO,Sanitation,0,0,direta,True,0.259,0.259,1
2025,TO,Education,0,0,direta,False,0.221,0.221,2
2025,TO,Telecommunications,22,280,indireta,True,0.105,0.105,1
2025,TO,Logistics,14,192,indireta,True,0.066,0.066,1
2026,AC,Energy,21,145,direta,True,220.0,212.14,1
2026,AC,Telecommunications,0,218,direta,True,0.401,0.387,1
2026,AC,Education,0,0,direta,False,0.147,0.142,2
2026,AL,Telecommunications,14,252,indireta,True,3.837,3.7,1
2026,AL,Health,18,271,indireta,False,0.55,0.53,1
2026,AL,Education,18,271,indireta,False,0.11,0.106,1
2026,AL,Education,0,0,direta,False,0.147,0.142,2
2026,AM,Logistics,14,196,indireta,True,49.196,47.438,1
2026,AM,Energy,1,180,direta,True,26.013,25.083,1
2026,AM,Energy,1,196,direta,True,3.348,3.228,1
2026,AM,Telecommunications,0,218,direta,True,1.085,1.046,1
2026,AM,Education,0,0,direta,False,1.121,1.081,3
2026,AM,Health,18,271,indireta,False,0.05,0.048,1
2026,AM,Telecommunications,22,280,indireta,True,0.02,0.019,1
2026,AP,Telecommunications,1,218,direta,True,4.387,4.23,1
2026,AP,Telecommunications,0,218,direta,True,0.705,0.68,1
2026,AP,Education,0,0,direta,False,0.847,0.817,3
2026,BA,Energy,1,196,direta,True,531.683,512.688,1
2026,BA,Energy,1,163,direta,True,155.0,149.462,1
2026,BA,Energy,1,180,direta,True,38.706,37.323,2
2026,BA,Telecommunications,1,218,direta,True,10.05,9.691,1
2026,BA,Sanitation,14,192,indireta,True,3.379,3.258,1
2026,BA,Health,18,271,indireta,False,4.534,4.372,3
2026,BA,Sanitation,14,226,indireta,True,2.384,2.299,2
2026,BA,Telecommunications,14,192,indireta,True,0.421,0.406,1
2026,BA,Education,0,0,direta,False,0.473,0.456,2
2026,BA,Sanitation,14,252,indireta,True,0.34,0.328,1
2026,BA,Logistics,14,252,indireta,True,0.275,0.266,1
2026,BA,Education,18,271,indireta,False,0.3,0.289,2
2026,BA,Sanitation,18,271,indireta,True,0.135,0.13,1
2026,BA,Telecommunications,22,280,indireta,True,0.049,0.047,1
2026,CE,Energy,1,196,direta,True,29.828,28.763,1
2026,CE,Energy,1,180,direta,True,28.244,27.235,1
2026,CE,Energy,1,10,direta,True,13.926,13.428,1
2026,CE,Telecommunications,18,271,indireta,True,1.12,1.08,1
2026,CE,Health,18,271,indireta,False,0.57,0.55,1
2026,CE,Education,18,271,indireta,False,0.3,0.289,1
2026,CE,Sanitation,18,271,indireta,True,0.25,0.241,1
2026,CE,Education,0,0,direta,False,0.147,0.142,2
2026,CE,Sanitation,22,280,indireta,True,0.011,0.01,1
2026,DF,Education,0,21,direta,False,32.368,31.212,1
2026,DF,Sanitation,0,0,direta,True,3.439,3.316,1
2026,DF,Health,18,271,indireta,False,1.535,1.48,1
2026,DF,Education,18,271,indireta,False,0.3,0.289,1
2026,DF,Sanitation,18,271,indireta,True,0.1,0.096,1
2026,DF,Education,0,0,direta,False,0.147,0.142,2
2026,ES,Logistics,1,181,direta,True,264.074,254.639,1
2026,ES,Health,18,271,indireta,False,5.12,4.937,3
2026,ES,Telecommunications,1,218,direta,True,3.169,3.056,1
2026,ES,Sanitation,14,252,indireta,True,0.661,0.637,2
2026,ES,Education,18,271,indireta,False,0.893,0.861,3
2026,ES,Energy,14,245,indireta,True,0.508,0.49,1
2026,ES,Sanitation,18,271,indireta,True,0.258,0.249,1
2026,ES,Logistics,14,252,indireta,True,0.21,0.202,1
2026,ES,Logistics,14,192,indireta,True,0.111,0.107,1
2026,ES,Education,0,0,direta,False,0.147,0.142,2
2026,ES,Telecommunications,22,280,indireta,True,0.04,0.039,2
2026,GO,Energy,1,196,direta,True,25.04,24.145,1
2026,GO,Energy,1,180,direta,True,4.413,4.255,1
2026,GO,Health,18,271,indireta,False,2.435,2.348,3
2026,GO,Sanitation,14,276,indireta,True,0.595,0.574,1
2026,GO,Sanitation,18,271,indireta,True,0.45,0.434,1
2026,GO,Education,18,271,indireta,False,0.701,0.676,2
2026,GO,Telecommunications,18,271,indireta,True,0.55,0.53,2
2026,GO,Telecommunications,14,252,indireta,True,0.273,0.263,1
2026,GO,Education,0,0,direta,False,0.27,0.26,2
2026,GO,Sanitation,22,280,indireta,True,0.042,0.041,1
2026,MA,Education,1,89,direta,False,2.366,2.281,1
2026,MA,Telecommunications,14,278,indireta,True,1.962,1.892,1
2026,MA,Health,18,271,indireta,False,1.705,1.644,3
2026,MA,Telecommunications,14,277,indireta,True,0.587,0.566,1
2026,MA,Sanitation,18,271,indireta,True,0.6,0.579,2
2026,MA,Telecommunications,14,252,indireta,True,0.395,0.381,1
2026,MA,Telecommunications,18,271,indireta,True,0.15,0.145,1
2026,MA,Sanitation,14,252,indireta,True,0.14,0.135,1
2026,MA,Education,18,271,indireta,False,0.1,0.096,1
2026,MA,Education,0,0,direta,False,0.147,0.142,2
2026,MA,Telecommunications,22,280,indireta,True,0.018,0.018,1
2026,MG,Energy,1,196,direta,True,280.839,270.806,2
2026,MG,Energy,1,180,direta,True,121.19,116.86,2
2026,MG,Logistics,21,145,direta,True,81.0,78.106,1
2026,MG,Energy,14,192,direta,True,25.156,24.257,1
2026,MG,Telecommunications,1,218,direta,True,19.695,18.992,1
2026,MG,Energy,18,196,indireta,True,9.181,8.853,1
2026,MG,Road transport,1,178,direta,True,9.0,8.678,1
2026,MG,Logistics,1,121,direta,True,6.5,6.268,1
2026,MG,Education,1,89,direta,False,4.632,4.466,1
2026,MG,Logistics,14,226,indireta,True,4.231,4.079,1
2026,MG,Health,18,247,indireta,False,3.15,3.037,1
2026,MG,Logistics,1,292,direta,True,2.568,2.476,1
2026,MG,Health,18,271,indireta,False,3.541,3.414,3
2026,MG,Telecommunications,18,278,indireta,True,1.343,1.295,1
2026,MG,Sanitation,14,252,indireta,True,1.267,1.222,2
2026,MG,Telecommunications,18,271,indireta,True,1.03,0.993,2
2026,MG,Logistics,18,271,indireta,True,0.71,0.685,2
2026,MG,Health,18,262,indireta,False,0.835,0.805,2
2026,MG,Logistics,14,252,indireta,True,0.38,0.366,1
2026,MG,Education,18,271,indireta,False,0.35,0.337,2
2026,MG,Education,0,0,direta,False,0.312,0.301,2
2026,MG,Logistics,14,192,indireta,True,0.224,0.216,1
2026,MG,Sanitation,22,280,indireta,True,0.199,0.192,2
2026,MG,Sanitation,18,271,indireta,True,0.08,0.077,1
2026,MG,Logistics,22,280,indireta,True,0.063,0.061,1
2026,MS,Energy,1,8,direta,True,144.0,138.855,1
2026,MS,Logistics,1,292,direta,True,53.038,51.143,1
2026,MS,Energy,1,180,direta,True,43.424,41.873,1
2026,MS,Sanitation,1,173,direta,True,17.301,16.683,1
2026,MS,Energy,1,196,direta,True,5.589,5.389,1
2026,MS,Logistics,1,121,direta,True,3.444,3.321,1
2026,MS,Health,18,271,indireta,False,1.205,1.162,2
2026,MS,Logistics,18,271,indireta,True,0.4,0.386,1
2026,MS,Education,0,0,direta,False,0.27,0.26,2
2026,MS,Telecommunications,18,271,indireta,True,0.14,0.135,1
2026,MS,Sanitation,18,271,indireta,True,0.1,0.096,1
2026,MS,Telecommunications,22,280,indireta,True,0.027,0.026,1
2026,MS,Sanitation,22,280,indireta,True,0.017,0.016,1
2026,MS,Energy,22,280,indireta,True,0.013,0.013,1
2026,MT,Energy,21,145,direta,True,370.0,356.781,1
2026,MT,Energy,18,271,indireta,True,14.0,13.5,1
2026,MT,Health,18,271,indireta,False,2.007,1.935,2
2026,MT,Sanitation,14,192,indireta,True,0.78,0.752,1
2026,MT,Education,18,271,indireta,False,0.678,0.654,3
2026,MT,Telecommunications,18,271,indireta,True,0.4,0.386,1
2026,MT,Energy,1,110,direta,True,0.226,0.218,1
2026,MT,Education,0,0,direta,False,0.27,0.26,2
2026,MT,Sanitation,18,271,indireta,True,0.056,0.054,1
2026,PA,Education,0,0,direta,False,5.579,5.379,3
2026,PA,Logistics,18,271,indireta,True,3.0,2.893,1
2026,PA,Health,18,271,indireta,False,1.685,1.625,3
2026,PA,Telecommunications,0,218,direta,True,0.705,0.68,1
2026,PA,Health,18,262,indireta,False,0.5,0.482,1
2026,PA,Telecommunications,18,271,indireta,True,0.8,0.771,2
2026,PA,Energy,1,110,direta,True,0.339,0.327,1
2026,PA,Education,18,271,indireta,False,0.12,0.116,1
2026,PA,Telecommunications,22,280,indireta,True,0.143,0.138,2
2026,PB,Sanitation,1,223,direta,True,20.0,19.285,1
2026,PB,Education,18,271,indireta,False,1.316,1.269,2
2026,PB,Telecommunications,14,252,indireta,True,0.738,0.712,1
2026,PB,Logistics,14,226,indireta,True,0.6,0.579,1
2026,PB,Health,18,271,indireta,False,0.3,0.289,1
2026,PB,Telecommunications,18,271,indireta,True,0.265,0.256,1
2026,PB,Education,0,0,direta,False,0.147,0.142,2
2026,PB,Telecommunications,22,280,indireta,True,0.035,0.033,1
2026,PE,Energy,1,196,direta,True,9.505,9.165,1
2026,PE,Energy,1,180,direta,True,4.073,3.928,1
2026,PE,Education,1,89,direta,False,2.704,2.607,1
2026,PE,Logistics,14,212,indireta,True,2.0,1.929,1
2026,PE,Health,18,271,indireta,False,1.44,1.389,2
2026,PE,Education,0,0,direta,False,0.31,0.299,2
2026,PE,Education,18,271,indireta,False,0.15,0.145,1
2026,PE,Sanitation,18,271,indireta,True,0.11,0.106,1
2026,PE,Telecommunications,22,280,indireta,True,0.026,0.025,1
2026,PI,Health,18,271,indireta,False,0.71,0.685,2
2026,PI,Education,0,0,direta,False,0.27,0.26,2
2026,PI,Education,18,271,indireta,False,0.165,0.159,1
2026,PI,Telecommunications,18,271,indireta,True,0.11,0.106,1
2026,PR,Sanitation,14,192,direta,True,42.041,40.539,1
2026,PR,Logistics,1,121,direta,True,41.961,40.462,1
2026,PR,Sanitation,1,173,direta,True,37.789,36.439,1
2026,PR,Energy,1,163,direta,True,5.8,5.593,1
2026,PR,Energy,14,192,indireta,True,5.0,4.821,1
2026,PR,Energy,18,247,indireta,True,4.293,4.14,1
2026,PR,Logistics,18,33,indireta,True,3.864,3.726,1
2026,PR,Energy,1,196,direta,True,3.364,3.244,1
2026,PR,Energy,18,196,indireta,True,3.35,3.23,1
2026,PR,Logistics,1,292,direta,True,3.297,3.179,1
2026,PR,Telecommunications,14,278,indireta,True,2.748,2.65,2
2026,PR,Education,1,89,direta,False,2.301,2.219,1
2026,PR,Health,18,271,indireta,False,1.947,1.877,2
2026,PR,Logistics,18,271,indireta,True,1.913,1.845,3
2026,PR,Education,18,271,indireta,False,1.395,1.345,2
2026,PR,Sanitation,18,271,indireta,True,0.762,0.735,2
2026,PR,Energy,14,245,indireta,True,0.763,0.736,2
2026,PR,Sanitation,14,252,indireta,True,0.51,0.492,1
2026,PR,Energy,1,296,direta,True,0.398,0.383,1
2026,PR,Education,0,0,direta,False,0.188,0.181,2
2026,PR,Sanitation,22,280,indireta,True,0.017,0.017,1
2026,PR,Telecommunications,22,280,indireta,True,0.009,0.009,1
2026,RJ,Sanitation,1,173,direta,True,1003.47,967.62,1
2026,RJ,Logistics,21,145,direta,True,459.0,442.602,1
2026,RJ,Energy,21,145,direta,True,375.0,361.603,1
2026,RJ,Energy,1,196,direta,True,66.344,63.974,1
2026,RJ,Road transport,1,178,direta,True,51.0,49.178,1
2026,RJ,Urban mobility,1,205,direta,True,8.5,8.196,1
2026,RJ,Telecommunications,17,192,direta,True,5.0,4.821,1
2026,RJ,Sanitation,1,4,direta,True,4.099,3.953,1
2026,RJ,Health,18,271,indireta,False,1.91,1.842,1
2026,RJ,Education,18,271,indireta,False,1.33,1.282,1
2026,RJ,Sanitation,18,271,indireta,True,1.54,1.485,2
2026,RJ,Telecommunications,22,280,indireta,True,0.344,0.332,1
2026,RJ,Logistics,14,192,indireta,True,0.21,0.202,1
2026,RJ,Logistics,18,271,indireta,True,0.1,0.096,1
2026,RJ,Energy,18,247,indireta,True,0.099,0.095,1
2026,RJ,Education,0,0,direta,False,0.147,0.142,2
2026,RJ,Energy,14,245,indireta,True,0.062,0.06,1
2026,RJ,Logistics,22,280,indireta,True,0.027,0.026,1
2026,RN,Energy,1,196,direta,True,257.359,248.164,1
2026,RN,Energy,1,180,direta,True,104.535,100.801,1
2026,RN,Energy,1,10,direta,True,7.174,6.918,1
2026,RN,Health,18,271,indireta,False,0.85,0.82,2
2026,RN,Education,0,0,direta,False,0.147,0.142,2
2026,RO,Energy,1,180,direta,True,3.147,3.034,1
2026,RO,Telecommunications,18,278,indireta,True,2.0,1.929,1
2026,RO,Health,18,271,indireta,False,0.525,0.506,2
2026,RO,Energy,1,196,direta,True,0.405,0.391,1
2026,RO,Sanitation,14,192,indireta,True,0.25,0.241,1
2026,RO,Telecommunications,18,271,indireta,True,0.187,0.18,1
2026,RO,Sanitation,14,252,indireta,True,0.131,0.126,1
2026,RO,Education,0,0,direta,False,0.147,0.142,2
2026,RR,Education,0,0,direta,False,0.147,0.142,2
2026,RS,Logistics,1,215,direta,True,103.735,100.029,1
2026,RS,Energy,18,247,indireta,True,25.483,24.573,1
2026,RS,Energy,1,180,direta,True,25.174,24.274,1
2026,RS,Energy,18,271,indireta,True,15.0,14.464,1
2026,RS,Logistics,14,226,indireta,True,8.279,7.984,1
2026,RS,Telecommunications,1,218,direta,True,8.0,7.714,1
2026,RS,Logistics,18,245,indireta,True,5.145,4.961,1
2026,RS,Energy,1,196,direta,True,3.24,3.124,1
2026,RS,Sanitation,14,192,indireta,True,2.07,1.996,1
2026,RS,Health,18,271,indireta,False,3.014,2.907,3
2026,RS,Logistics,14,252,indireta,True,1.315,1.268,1
2026,RS,Sanitation,14,212,indireta,True,1.3,1.254,1
2026,RS,Education,18,271,indireta,False,2.353,2.269,3
2026,RS,Telecommunications,18,271,indireta,True,1.0,0.964,2
2026,RS,Logistics,18,271,indireta,True,0.752,0.725,2
2026,RS,Sanitation,14,252,indireta,True,0.458,0.442,1
2026,RS,Sanitation,18,271,indireta,True,0.66,0.636,2
2026,RS,Energy,14,245,indireta,True,0.493,0.476,2
2026,RS,Telecommunications,14,278,indireta,True,0.33,0.318,1
2026,RS,Telecommunications,18,278,indireta,True,0.32,0.309,1
2026,RS,Logistics,14,212,indireta,True,0.094,0.091,1
2026,RS,Telecommunications,14,212,indireta,True,0.084,0.081,1
2026,RS,Education,0,0,direta,False,0.147,0.142,2
2026,RS,Telecommunications,22,280,indireta,True,0.03,0.029,1
2026,RS,Energy,18,245,indireta,True,0.029,0.028,1
2026,SC,Energy,14,245,indireta,True,6.247,6.024,2
2026,SC,Logistics,18,271,indireta,True,3.292,3.174,3
2026,SC,Sanitation,18,196,indireta,True,2.144,2.067,1
2026,SC,Telecommunications,18,278,indireta,True,1.5,1.446,1
2026,SC,Education,18,271,indireta,False,1.411,1.36,2
2026,SC,Health,18,271,indireta,False,1.424,1.373,2
2026,SC,Telecommunications,18,271,indireta,True,0.474,0.457,2
2026,SC,Telecommunications,14,277,indireta,True,0.322,0.311,1
2026,SC,Sanitation,18,271,indireta,True,0.318,0.307,2
2026,SC,Energy,18,196,indireta,True,0.264,0.254,1
2026,SC,Logistics,14,252,indireta,True,0.212,0.204,1
2026,SC,Sanitation,14,192,indireta,True,0.19,0.183,1
2026,SC,Energy,18,245,indireta,True,0.155,0.149,1
2026,SC,Energy,22,280,indireta,True,0.14,0.135,1
2026,SC,Energy,1,180,direta,True,0.131,0.127,1
2026,SC,Education,0,0,direta,False,0.188,0.181,2
2026,SC,Telecommunications,22,280,indireta,True,0.073,0.071,2
2026,SC,Sanitation,18,245,indireta,True,0.066,0.064,1
2026,SC,Logistics,22,280,indireta,True,0.021,0.02,1
2026,SE,Sanitation,14,226,indireta,True,0.685,0.661,1
2026,SE,Education,18,271,indireta,False,0.5,0.482,1
2026,SE,Education,0,0,direta,False,0.147,0.142,2
2026,SP,Energy,1,180,direta,True,110.156,106.22,1
2026,SP,Urban mobility,1,41,direta,True,102.0,98.356,1
2026,SP,Energy,1,196,direta,True,104.318,100.591,2
2026,SP,Urban mobility,1,168,direta,True,43.337,41.789,1
2026,SP,Sanitation,14,252,indireta,True,13.238,12.765,2
2026,SP,Sanitation,14,226,indireta,True,11.026,10.632,2
2026,SP,Energy,18,196,indireta,True,8.916,8.597,1
2026,SP,Logistics,14,252,indireta,True,9.403,9.067,2
2026,SP,Energy,1,11,direta,True,7.887,7.605,1
2026,SP,Health,18,271,indireta,False,8.573,8.267,2
2026,SP,Education,18,271,indireta,False,6.064,5.848,3
2026,SP,Sanitation,14,192,indireta,True,4.005,3.862,2
2026,SP,Telecommunications,1,218,direta,True,2.952,2.847,1
2026,SP,Logistics,18,271,indireta,True,2.25,2.17,2
2026,SP,Telecommunications,18,271,indireta,True,2.037,1.964,2
2026,SP,Health,1,84,direta,False,1.38,1.331,1
2026,SP,Sanitation,18,271,indireta,True,1.1,1.061,1
2026,SP,Sanitation,14,196,indireta,True,1.0,0.964,1
2026,SP,Education,1,2,direta,False,1.0,0.964,1
2026,SP,Telecommunications,14,252,indireta,True,0.735,0.709,1
2026,SP,Education,0,0,direta,False,1.726,1.665,4
2026,SP,Telecommunications,14,212,indireta,True,0.5,0.482,1
2026,SP,Education,1,296,direta,False,0.498,0.48,1
2026,SP,Sanitation,14,212,indireta,True,0.32,0.309,1
2026,SP,Logistics,22,280,indireta,True,0.123,0.119,1
2026,SP,Sanitation,22,280,indireta,True,0.054,0.052,1
2026,SP,Telecommunications,22,280,indireta,True,0.007,0.006,1
2026,TO,Energy,21,145,direta,True,460.0,443.566,1
2026,TO,Energy,1,180,direta,True,3.986,3.843,1
2026,TO,Health,18,271,indireta,False,1.304,1.257,3
2026,TO,Energy,1,196,direta,True,0.513,0.495,1
2026,TO,Education,18,271,indireta,False,0.26,0.251,1
2026,TO,Education,0,0,direta,False,0.188,0.181,2
