Nível Territorial (Código),Nível Territorial,Unidade de Medida (Código),Unidade de Medida,Valor,Brasil (Código),Brasil,Variável (Código),Variável,Mês (Código),Mês,Grandes categorias econômicas (Código),Grandes categorias econômicas
1,Brasil,30,Número-índice,63.86541,1,Brasil,12607,PIMPF - Número-índice com ajuste sazonal (2022=100),200201,janeiro 2002,129278,1 Bens de capital
1,Brasil,30,Número-índice,,1,Brasil,12607,PIMPF - Número-índice com ajuste sazonal (2022=100),200201,janeiro 2002,129280,"110 Bens de capital, exceto equipamentos de transporte industrial"
1,Brasil,30,Número-índice,,1,Brasil,12607,PIMPF - Número-índice com ajuste sazonal (2022=100),200201,janeiro 2002,129282,120 Equipamentos de transporte industrial
1,Brasil,30,Número-índice,66.82891,1,Brasil,12607,PIMPF - Número-índice com ajuste sazonal (2022=100),200202,fevereiro 2002,129278,1 Bens de capital
1,Brasil,30,Número-índice,,1,Brasil,12607,PIMPF - Número-índice com ajuste sazonal (2022=100),200202,fevereiro 2002,129280,"110 Bens de capital, exceto equipamentos de transporte industrial"
1,Brasil,30,Número-índice,,1,Brasil,12607,PIMPF - Número-índice com ajuste sazonal (2022=100),200202,fevereiro 2002,129282,120 Equipamentos de transporte industrial
1,Brasil,30,Número-índice,66.00264,1,Brasil,12607,PIMPF - Número-índice com ajuste sazonal (2022=100),200203,março 2002,129278,1 Bens de capital
1,Brasil,30,Número-índice,,1,Brasil,12607,PIMPF - Número-índice com ajuste sazonal (2022=100),200203,março 2002,129280,"110 Bens de capital, exceto equipamentos de transporte industrial"
1,Brasil,30,Número-índice,,1,Brasil,12607,PIMPF - Número-índice com ajuste sazonal (2022=100),200203,março 2002,129282,120 Equipamentos de transporte industrial
1,Brasil,30,Número-índice,66.13223,1,Brasil,12607,PIMPF - Número-índice com ajuste sazonal (2022=100),200204,abril 2002,129278,1 Bens de capital
1,Brasil,30,Número-índice,,1,Brasil,12607,PIMPF - Número-índice com ajuste sazonal (2022=100),200204,abril 2002,129280,"110 Bens de capital, exceto equipamentos de transporte industrial"
1,Brasil,30,Número-índice,,1,Brasil,12607,PIMPF - Número-índice com ajuste sazonal (2022=100),200204,abril 2002,129282,120 Equipamentos de transporte industrial
1,Brasil,30,Número-índice,64.09458,1,Brasil,12607,PIMPF - Número-índice com ajuste sazonal (2022=100),200205,maio 2002,129278,1 Bens de capital
1,Brasil,30,Número-índice,,1,Brasil,12607,PIMPF - Número-índice com ajuste sazonal (2022=100),200205,maio 2002,129280,"110 Bens de capital, exceto equipamentos de transporte industrial"
1,Brasil,30,Número-índice,,1,Brasil,12607,PIMPF - Número-índice com ajuste sazonal (2022=100),200205,maio 2002,129282,120 Equipamentos de transporte industrial
1,Brasil,30,Número-índice,64.84424,1,Brasil,12607,PIMPF - Número-índice com ajuste sazonal (2022=100),200206,junho 2002,129278,1 Bens de capital
1,Brasil,30,Número-índice,,1,Brasil,12607,PIMPF - Número-índice com ajuste sazonal (2022=100),200206,junho 2002,129280,"110 Bens de capital, exceto equipamentos de transporte industrial"
1,Brasil,30,Número-índice,,1,Brasil,12607,PIMPF - Número-índice com ajuste sazonal (2022=100),200206,junho 2002,129282,120 Equipamentos de transporte industrial
1,Brasil,30,Número-índice,65.25871,1,Brasil,12607,PIMPF - Número-índice com ajuste sazonal (2022=100),200207,julho 2002,129278,1 Bens de capital
1,Brasil,30,Número-índice,,1,Brasil,12607,PIMPF - Número-índice com ajuste sazonal (2022=100),200207,julho 2002,129280,"110 Bens de capital, exceto equipamentos de transporte industrial"
1,Brasil,30,Número-índice,,1,Brasil,12607,PIMPF - Número-índice com ajuste sazonal (2022=100),200207,julho 2002,129282,120 Equipamentos de transporte industrial
1,Brasil,30,Número-índice,60.50702,1,Brasil,12607,PIMPF - Número-índice com ajuste sazonal (2022=100),200208,agosto 2002,129278,1 Bens de capital
1,Brasil,30,Número-índice,,1,Brasil,12607,PIMPF - Número-índice com ajuste sazonal (2022=100),200208,agosto 2002,129280,"110 Bens de capital, exceto equipamentos de transporte industrial"
1,Brasil,30,Número-índice,,1,Brasil,12607,PIMPF - Número-índice com ajuste sazonal (2022=100),200208,agosto 2002,129282,120 Equipamentos de transporte industrial
1,Brasil,30,Número-índice,64.32085,1,Brasil,12607,PIMPF - Número-índice com ajuste sazonal (2022=100),200209,setembro 2002,129278,1 Bens de capital
1,Brasil,30,Número-índice,,1,Brasil,12607,PIMPF - Número-índice com ajuste sazonal (2022=100),200209,setembro 2002,129280,"110 Bens de capital, exceto equipamentos de transporte industrial"
1,Brasil,30,Número-índice,,1,Brasil,12607,PIMPF - Número-índice com ajuste sazonal (2022=100),200209,setembro 2002,129282,120 Equipamentos de transporte industrial
1,Brasil,30,Número-índice,61.70854,1,Brasil,12607,PIMPF - Número-índice com ajuste sazonal (2022=100),200210,outubro 2002,129278,1 Bens de capital
1,Brasil,30,Número-índice,,1,Brasil,12607,PIMPF - Número-índice com ajuste sazonal (2022=100),200210,outubro 2002,129280,"110 Bens de capital, exceto equipamentos de transporte industrial"
1,Brasil,30,Número-índice,,1,Brasil,12607,PIMPF - Número-índice com ajuste sazonal (2022=100),200210,outubro 2002,129282,120 Equipamentos de transporte industrial
1,Brasil,30,Número-índice,63.14214,1,Brasil,12607,PIMPF - Número-índice com ajuste sazonal (2022=100),200211,novembro 2002,129278,1 Bens de capital
1,Brasil,30,Número-índice,,1,Brasil,12607,PIMPF - Número-índice com ajuste sazonal (2022=100),200211,novembro 2002,129280,"110 Bens de capital, exceto equipamentos de transporte industrial"
1,Brasil,30,Número-índice,,1,Brasil,12607,PIMPF - Número-índice com ajuste sazonal (2022=100),200211,novembro 2002,129282,120 Equipamentos de transporte industrial
1,Brasil,30,Número-índice,63.49196,1,Brasil,12607,PIMPF - Número-índice com ajuste sazonal (2022=100),200212,dezembro 2002,129278,1 Bens de capital
1,Brasil,30,Número-índice,,1,Brasil,12607,PIMPF - Número-índice com ajuste sazonal (2022=100),200212,dezembro 2002,129280,"110 Bens de capital, exceto equipamentos de transporte industrial"
1,Brasil,30,Número-índice,,1,Brasil,12607,PIMPF - Número-índice com ajuste sazonal (2022=100),200212,dezembro 2002,129282,120 Equipamentos de transporte industrial
1,Brasil,30,Número-índice,63.87104,1,Brasil,12607,PIMPF - Número-índice com ajuste sazonal (2022=100),200301,janeiro 2003,129278,1 Bens de capital
1,Brasil,30,Número-índice,,1,Brasil,12607,PIMPF - Número-índice com ajuste sazonal (2022=100),200301,janeiro 2003,129280,"110 Bens de capital, exceto equipamentos de transporte industrial"
1,Brasil,30,Número-índice,,1,Brasil,12607,PIMPF - Número-índice com ajuste sazonal (2022=100),200301,janeiro 2003,129282,120 Equipamentos de transporte industrial
1,Brasil,30,Número-índice,63.23223,1,Brasil,12607,PIMPF - Número-índice com ajuste sazonal (2022=100),200302,fevereiro 2003,129278,1 Bens de capital
1,Brasil,30,Número-índice,,1,Brasil,12607,PIMPF - Número-índice com ajuste sazonal (2022=100),200302,fevereiro 2003,129280,"110 Bens de capital, exceto equipamentos de transporte industrial"
1,Brasil,30,Número-índice,,1,Brasil,12607,PIMPF - Número-índice com ajuste sazonal (2022=100),200302,fevereiro 2003,129282,120 Equipamentos de transporte industrial
1,Brasil,30,Número-índice,63.7193,1,Brasil,12607,PIMPF - Número-índice com ajuste sazonal (2022=100),200303,março 2003,129278,1 Bens de capital
1,Brasil,30,Número-índice,,1,Brasil,12607,PIMPF - Número-índice com ajuste sazonal (2022=100),200303,março 2003,129280,"110 Bens de capital, exceto equipamentos de transporte industrial"
1,Brasil,30,Número-índice,,1,Brasil,12607,PIMPF - Número-índice com ajuste sazonal (2022=100),200303,março 2003,129282,120 Equipamentos de transporte industrial
1,Brasil,30,Número-índice,62.70862,1,Brasil,12607,PIMPF - Número-índice com ajuste sazonal (2022=100),200304,abril 2003,129278,1 Bens de capital
1,Brasil,30,Número-índice,,1,Brasil,12607,PIMPF - Número-índice com ajuste sazonal (2022=100),200304,abril 2003,129280,"110 Bens de capital, exceto equipamentos de transporte industrial"
1,Brasil,30,Número-índice,,1,Brasil,12607,PIMPF - Número-índice com ajuste sazonal (2022=100),200304,abril 2003,129282,120 Equipamentos de transporte industrial
1,Brasil,30,Número-índice,59.95797,1,Brasil,12607,PIMPF - Número-índice com ajuste sazonal (2022=100),200305,maio 2003,129278,1 Bens de capital
1,Brasil,30,Número-índice,,1,Brasil,12607,PIMPF - Número-índice com ajuste sazonal (2022=100),200305,maio 2003,129280,"110 Bens de capital, exceto equipamentos de transporte industrial"
1,Brasil,30,Número-índice,,1,Brasil,12607,PIMPF - Número-índice com ajuste sazonal (2022=100),200305,maio 2003,129282,120 Equipamentos de transporte industrial
1,Brasil,30,Número-índice,62.86494,1,Brasil,12607,PIMPF - Número-índice com ajuste sazonal (2022=100),200306,junho 2003,129278,1 Bens de capital
1,Brasil,30,Número-índice,,1,Brasil,12607,PIMPF - Número-índice com ajuste sazonal (2022=100),200306,junho 2003,129280,"110 Bens de capital, exceto equipamentos de transporte industrial"
1,Brasil,30,Número-índice,,1,Brasil,12607,PIMPF - Número-índice com ajuste sazonal (2022=100),200306,junho 2003,129282,120 Equipamentos de transporte industrial
1,Brasil,30,Número-índice,62.12015,1,Brasil,12607,PIMPF - Número-índice com ajuste sazonal (2022=100),200307,julho 2003,129278,1 Bens de capital
1,Brasil,30,Número-índice,,1,Brasil,12607,PIMPF - Número-índice com ajuste sazonal (2022=100),200307,julho 2003,129280,"110 Bens de capital, exceto equipamentos de transporte industrial"
1,Brasil,30,Número-índice,,1,Brasil,12607,PIMPF - Número-índice com ajuste sazonal (2022=100),200307,julho 2003,129282,120 Equipamentos de transporte industrial
1,Brasil,30,Número-índice,64.16763,1,Brasil,12607,PIMPF - Número-índice com ajuste sazonal (2022=100),200308,agosto 2003,129278,1 Bens de capital
1,Brasil,30,Número-índice,,1,Brasil,12607,PIMPF - Número-índice com ajuste sazonal (2022=100),200308,agosto 2003,129280,"110 Bens de capital, exceto equipamentos de transporte industrial"
1,Brasil,30,Número-índice,,1,Brasil,12607,PIMPF - Número-índice com ajuste sazonal (2022=100),200308,agosto 2003,129282,120 Equipamentos de transporte industrial
1,Brasil,30,Número-índice,67.45778,1,Brasil,12607,PIMPF - Número-índice com ajuste sazonal (2022=100),200309,setembro 2003,129278,1 Bens de capital
1,Brasil,30,Número-índice,,1,Brasil,12607,PIMPF - Número-índice com ajuste sazonal (2022=100),200309,setembro 2003,129280,"110 Bens de capital, exceto equipamentos de transporte industrial"
1,Brasil,30,Número-índice,,1,Brasil,12607,PIMPF - Número-índice com ajuste sazonal (2022=100),200309,setembro 2003,129282,120 Equipamentos de transporte industrial
1,Brasil,30,Número-índice,71.05463,1,Brasil,12607,PIMPF - Número-índice com ajuste sazonal (2022=100),200310,outubro 2003,129278,1 Bens de capital
1,Brasil,30,Número-índice,,1,Brasil,12607,PIMPF - Número-índice com ajuste sazonal (2022=100),200310,outubro 2003,129280,"110 Bens de capital, exceto equipamentos de transporte industrial"
1,Brasil,30,Número-índice,,1,Brasil,12607,PIMPF - Número-índice com ajuste sazonal (2022=100),200310,outubro 2003,129282,120 Equipamentos de transporte industrial
1,Brasil,30,Número-índice,78.99624,1,Brasil,12607,PIMPF - Número-índice com ajuste sazonal (2022=100),200311,novembro 2003,129278,1 Bens de capital
1,Brasil,30,Número-índice,,1,Brasil,12607,PIMPF - Número-índice com ajuste sazonal (2022=100),200311,novembro 2003,129280,"110 Bens de capital, exceto equipamentos de transporte industrial"
1,Brasil,30,Número-índice,,1,Brasil,12607,PIMPF - Número-índice com ajuste sazonal (2022=100),200311,novembro 2003,129282,120 Equipamentos de transporte industrial
1,Brasil,30,Número-índice,69.13692,1,Brasil,12607,PIMPF - Número-índice com ajuste sazonal (2022=100),200312,dezembro 2003,129278,1 Bens de capital
1,Brasil,30,Número-índice,,1,Brasil,12607,PIMPF - Número-índice com ajuste sazonal (2022=100),200312,dezembro 2003,129280,"110 Bens de capital, exceto equipamentos de transporte industrial"
1,Brasil,30,Número-índice,,1,Brasil,12607,PIMPF - Número-índice com ajuste sazonal (2022=100),200312,dezembro 2003,129282,120 Equipamentos de transporte industrial
1,Brasil,30,Número-índice,73.61462,1,Brasil,12607,PIMPF - Número-índice com ajuste sazonal (2022=100),200401,janeiro 2004,129278,1 Bens de capital
1,Brasil,30,Número-índice,,1,Brasil,12607,PIMPF - Número-índice com ajuste sazonal (2022=100),200401,janeiro 2004,129280,"110 Bens de capital, exceto equipamentos de transporte industrial"
1,Brasil,30,Número-índice,,1,Brasil,12607,PIMPF - Número-índice com ajuste sazonal (2022=100),200401,janeiro 2004,129282,120 Equipamentos de transporte industrial
1,Brasil,30,Número-índice,74.03223,1,Brasil,12607,PIMPF - Número-índice com ajuste sazonal (2022=100),200402,fevereiro 2004,129278,1 Bens de capital
1,Brasil,30,Número-índice,,1,Brasil,12607,PIMPF - Número-índice com ajuste sazonal (2022=100),200402,fevereiro 2004,129280,"110 Bens de capital, exceto equipamentos de transporte industrial"
1,Brasil,30,Número-índice,,1,Brasil,12607,PIMPF - Número-índice com ajuste sazonal (2022=100),200402,fevereiro 2004,129282,120 Equipamentos de transporte industrial
1,Brasil,30,Número-índice,75.3362,1,Brasil,12607,PIMPF - Número-índice com ajuste sazonal (2022=100),200403,março 2004,129278,1 Bens de capital
1,Brasil,30,Número-índice,,1,Brasil,12607,PIMPF - Número-índice com ajuste sazonal (2022=100),200403,março 2004,129280,"110 Bens de capital, exceto equipamentos de transporte industrial"
1,Brasil,30,Número-índice,,1,Brasil,12607,PIMPF - Número-índice com ajuste sazonal (2022=100),200403,março 2004,129282,120 Equipamentos de transporte industrial
1,Brasil,30,Número-índice,78.64718,1,Brasil,12607,PIMPF - Número-índice com ajuste sazonal (2022=100),200404,abril 2004,129278,1 Bens de capital
1,Brasil,30,Número-índice,,1,Brasil,12607,PIMPF - Número-índice com ajuste sazonal (2022=100),200404,abril 2004,129280,"110 Bens de capital, exceto equipamentos de transporte industrial"
1,Brasil,30,Número-índice,,1,Brasil,12607,PIMPF - Número-índice com ajuste sazonal (2022=100),200404,abril 2004,129282,120 Equipamentos de transporte industrial
1,Brasil,30,Número-índice,81.54513,1,Brasil,12607,PIMPF - Número-índice com ajuste sazonal (2022=100),200405,maio 2004,129278,1 Bens de capital
1,Brasil,30,Número-índice,,1,Brasil,12607,PIMPF - Número-índice com ajuste sazonal (2022=100),200405,maio 2004,129280,"110 Bens de capital, exceto equipamentos de transporte industrial"
1,Brasil,30,Número-índice,,1,Brasil,12607,PIMPF - Número-índice com ajuste sazonal (2022=100),200405,maio 2004,129282,120 Equipamentos de transporte industrial
1,Brasil,30,Número-índice,80.26851,1,Brasil,12607,PIMPF - Número-índice com ajuste sazonal (2022=100),200406,junho 2004,129278,1 Bens de capital
1,Brasil,30,Número-índice,,1,Brasil,12607,PIMPF - Número-índice com ajuste sazonal (2022=100),200406,junho 2004,129280,"110 Bens de capital, exceto equipamentos de transporte industrial"
1,Brasil,30,Número-índice,,1,Brasil,12607,PIMPF - Número-índice com ajuste sazonal (2022=100),200406,junho 2004,129282,120 Equipamentos de transporte industrial
1,Brasil,30,Número-índice,81.83976,1,Brasil,12607,PIMPF - Número-índice com ajuste sazonal (2022=100),200407,julho 2004,129278,1 Bens de capital
1,Brasil,30,Número-índice,,1,Brasil,12607,PIMPF - Número-índice com ajuste sazonal (2022=100),200407,julho 2004,129280,"110 Bens de capital, exceto equipamentos de transporte industrial"
1,Brasil,30,Número-índice,,1,Brasil,12607,PIMPF - Número-índice com ajuste sazonal (2022=100),200407,julho 2004,129282,120 Equipamentos de transporte industrial
1,Brasil,30,Número-índice,81.96114,1,Brasil,12607,PIMPF - Número-índice com ajuste sazonal (2022=100),200408,agosto 2004,129278,1 Bens de capital
1,Brasil,30,Número-índice,,1,Brasil,12607,PIMPF - Número-índice com ajuste sazonal (2022=100),200408,agosto 2004,129280,"110 Bens de capital, exceto equipamentos de transporte industrial"
1,Brasil,30,Número-índice,,1,Brasil,12607,PIMPF - Número-índice com ajuste sazonal (2022=100),200408,agosto 2004,129282,120 Equipamentos de transporte industrial
1,Brasil,30,Número-índice,79.22989,1,Brasil,12607,PIMPF - Número-índice com ajuste sazonal (2022=100),200409,setembro 2004,129278,1 Bens de capital
1,Brasil,30,Número-índice,,1,Brasil,12607,PIMPF - Número-índice com ajuste sazonal (2022=100),200409,setembro 2004,129280,"110 Bens de capital, exceto equipamentos de transporte industrial"
1,Brasil,30,Número-índice,,1,Brasil,12607,PIMPF - Número-índice com ajuste sazonal (2022=100),200409,setembro 2004,129282,120 Equipamentos de transporte industrial
1,Brasil,30,Número-índice,80.73872,1,Brasil,12607,PIMPF - Número-índice com ajuste sazonal (2022=100),200410,outubro 2004,129278,1 Bens de capital
1,Brasil,30,Número-índice,,1,Brasil,12607,PIMPF - Número-índice com ajuste sazonal (2022=100),200410,outubro 2004,129280,"110 Bens de capital, exceto equipamentos de transporte industrial"
1,Brasil,30,Número-índice,,1,Brasil,12607,PIMPF - Número-índice com ajuste sazonal (2022=100),200410,outubro 2004,129282,120 Equipamentos de transporte industrial
1,Brasil,30,Número-índice,79.57386,1,Brasil,12607,PIMPF - Número-índice com ajuste sazonal (2022=100),200411,novembro 2004,129278,1 Bens de capital
1,Brasil,30,Número-índice,,1,Brasil,12607,PIMPF - Número-índice com ajuste sazonal (2022=100),200411,novembro 2004,129280,"110 Bens de capital, exceto equipamentos de transporte industrial"
1,Brasil,30,Número-índice,,1,Brasil,12607,PIMPF - Número-índice com ajuste sazonal (2022=100),200411,novembro 2004,129282,120 Equipamentos de transporte industrial
1,Brasil,30,Número-índice,79.01507,1,Brasil,12607,PIMPF - Número-índice com ajuste sazonal (2022=100),200412,dezembro 2004,129278,1 Bens de capital
1,Brasil,30,Número-índice,,1,Brasil,12607,PIMPF - Número-índice com ajuste sazonal (2022=100),200412,dezembro 2004,129280,"110 Bens de capital, exceto equipamentos de transporte industrial"
1,Brasil,30,Número-índice,,1,Brasil,12607,PIMPF - Número-índice com ajuste sazonal (2022=100),200412,dezembro 2004,129282,120 Equipamentos de transporte industrial
1,Brasil,30,Número-índice,82.52734,1,Brasil,12607,PIMPF - Número-índice com ajuste sazonal (2022=100),200501,janeiro 2005,129278,1 Bens de capital
1,Brasil,30,Número-índice,,1,Brasil,12607,PIMPF - Número-índice com ajuste sazonal (2022=100),200501,janeiro 2005,129280,"110 Bens de capital, exceto equipamentos de transporte industrial"
1,Brasil,30,Número-índice,,1,Brasil,12607,PIMPF - Número-índice com ajuste sazonal (2022=100),200501,janeiro 2005,129282,120 Equipamentos de transporte industrial
1,Brasil,30,Número-índice,78.80767,1,Brasil,12607,PIMPF - Número-índice com ajuste sazonal (2022=100),200502,fevereiro 2005,129278,1 Bens de capital
1,Brasil,30,Número-índice,,1,Brasil,12607,PIMPF - Número-índice com ajuste sazonal (2022=100),200502,fevereiro 2005,129280,"110 Bens de capital, exceto equipamentos de transporte industrial"
1,Brasil,30,Número-índice,,1,Brasil,12607,PIMPF - Número-índice com ajuste sazonal (2022=100),200502,fevereiro 2005,129282,120 Equipamentos de transporte industrial
1,Brasil,30,Número-índice,80.82202,1,Brasil,12607,PIMPF - Número-índice com ajuste sazonal (2022=100),200503,março 2005,129278,1 Bens de capital
1,Brasil,30,Número-índice,,1,Brasil,12607,PIMPF - Número-índice com ajuste sazonal (2022=100),200503,março 2005,129280,"110 Bens de capital, exceto equipamentos de transporte industrial"
1,Brasil,30,Número-índice,,1,Brasil,12607,PIMPF - Número-índice com ajuste sazonal (2022=100),200503,março 2005,129282,120 Equipamentos de transporte industrial
1,Brasil,30,Número-índice,79.61091,1,Brasil,12607,PIMPF - Número-índice com ajuste sazonal (2022=100),200504,abril 2005,129278,1 Bens de capital
1,Brasil,30,Número-índice,,1,Brasil,12607,PIMPF - Número-índice com ajuste sazonal (2022=100),200504,abril 2005,129280,"110 Bens de capital, exceto equipamentos de transporte industrial"
1,Brasil,30,Número-índice,,1,Brasil,12607,PIMPF - Número-índice com ajuste sazonal (2022=100),200504,abril 2005,129282,120 Equipamentos de transporte industrial
1,Brasil,30,Número-índice,87.60769,1,Brasil,12607,PIMPF - Número-índice com ajuste sazonal (2022=100),200505,maio 2005,129278,1 Bens de capital
1,Brasil,30,Número-índice,,1,Brasil,12607,PIMPF - Número-índice com ajuste sazonal (2022=100),200505,maio 2005,129280,"110 Bens de capital, exceto equipamentos de transporte industrial"
1,Brasil,30,Número-índice,,1,Brasil,12607,PIMPF - Número-índice com ajuste sazonal (2022=100),200505,maio 2005,129282,120 Equipamentos de transporte industrial
1,Brasil,30,Número-índice,83.02866,1,Brasil,12607,PIMPF - Número-índice com ajuste sazonal (2022=100),200506,junho 2005,129278,1 Bens de capital
1,Brasil,30,Número-índice,,1,Brasil,12607,PIMPF - Número-índice com ajuste sazonal (2022=100),200506,junho 2005,129280,"110 Bens de capital, exceto equipamentos de transporte industrial"
1,Brasil,30,Número-índice,,1,Brasil,12607,PIMPF - Número-índice com ajuste sazonal (2022=100),200506,junho 2005,129282,120 Equipamentos de transporte industrial
1,Brasil,30,Número-índice,81.13927,1,Brasil,12607,PIMPF - Número-índice com ajuste sazonal (2022=100),200507,julho 2005,129278,1 Bens de capital
1,Brasil,30,Número-índice,,1,Brasil,12607,PIMPF - Número-índice com ajuste sazonal (2022=100),200507,julho 2005,129280,"110 Bens de capital, exceto equipamentos de transporte industrial"
1,Brasil,30,Número-índice,,1,Brasil,12607,PIMPF - Número-índice com ajuste sazonal (2022=100),200507,julho 2005,129282,120 Equipamentos de transporte industrial
1,Brasil,30,Número-índice,80.87354,1,Brasil,12607,PIMPF - Número-índice com ajuste sazonal (2022=100),200508,agosto 2005,129278,1 Bens de capital
1,Brasil,30,Número-índice,,1,Brasil,12607,PIMPF - Número-índice com ajuste sazonal (2022=100),200508,agosto 2005,129280,"110 Bens de capital, exceto equipamentos de transporte industrial"
1,Brasil,30,Número-índice,,1,Brasil,12607,PIMPF - Número-índice com ajuste sazonal (2022=100),200508,agosto 2005,129282,120 Equipamentos de transporte industrial
1,Brasil,30,Número-índice,83.63477,1,Brasil,12607,PIMPF - Número-índice com ajuste sazonal (2022=100),200509,setembro 2005,129278,1 Bens de capital
1,Brasil,30,Número-índice,,1,Brasil,12607,PIMPF - Número-índice com ajuste sazonal (2022=100),200509,setembro 2005,129280,"110 Bens de capital, exceto equipamentos de transporte industrial"
1,Brasil,30,Número-índice,,1,Brasil,12607,PIMPF - Número-índice com ajuste sazonal (2022=100),200509,setembro 2005,129282,120 Equipamentos de transporte industrial
1,Brasil,30,Número-índice,81.32938,1,Brasil,12607,PIMPF - Número-índice com ajuste sazonal (2022=100),200510,outubro 2005,129278,1 Bens de capital
1,Brasil,30,Número-índice,,1,Brasil,12607,PIMPF - Número-índice com ajuste sazonal (2022=100),200510,outubro 2005,129280,"110 Bens de capital, exceto equipamentos de transporte industrial"
1,Brasil,30,Número-índice,,1,Brasil,12607,PIMPF - Número-índice com ajuste sazonal (2022=100),200510,outubro 2005,129282,120 Equipamentos de transporte industrial
1,Brasil,30,Número-índice,82.15778,1,Brasil,12607,PIMPF - Número-índice com ajuste sazonal (2022=100),200511,novembro 2005,129278,1 Bens de capital
1,Brasil,30,Número-índice,,1,Brasil,12607,PIMPF - Número-índice com ajuste sazonal (2022=100),200511,novembro 2005,129280,"110 Bens de capital, exceto equipamentos de transporte industrial"
1,Brasil,30,Número-índice,,1,Brasil,12607,PIMPF - Número-índice com ajuste sazonal (2022=100),200511,novembro 2005,129282,120 Equipamentos de transporte industrial
1,Brasil,30,Número-índice,84.22746,1,Brasil,12607,PIMPF - Número-índice com ajuste sazonal (2022=100),200512,dezembro 2005,129278,1 Bens de capital
1,Brasil,30,Número-índice,,1,Brasil,12607,PIMPF - Número-índice com ajuste sazonal (2022=100),200512,dezembro 2005,129280,"110 Bens de capital, exceto equipamentos de transporte industrial"
1,Brasil,30,Número-índice,,1,Brasil,12607,PIMPF - Número-índice com ajuste sazonal (2022=100),200512,dezembro 2005,129282,120 Equipamentos de transporte industrial
1,Brasil,30,Número-índice,83.63053,1,Brasil,12607,PIMPF - Número-índice com ajuste sazonal (2022=100),200601,janeiro 2006,129278,1 Bens de capital
1,Brasil,30,Número-índice,,1,Brasil,12607,PIMPF - Número-índice com ajuste sazonal (2022=100),200601,janeiro 2006,129280,"110 Bens de capital, exceto equipamentos de transporte industrial"
1,Brasil,30,Número-índice,,1,Brasil,12607,PIMPF - Número-índice com ajuste sazonal (2022=100),200601,janeiro 2006,129282,120 Equipamentos de transporte industrial
1,Brasil,30,Número-índice,85.39711,1,Brasil,12607,PIMPF - Número-índice com ajuste sazonal (2022=100),200602,fevereiro 2006,129278,1 Bens de capital
1,Brasil,30,Número-índice,,1,Brasil,12607,PIMPF - Número-índice com ajuste sazonal (2022=100),200602,fevereiro 2006,129280,"110 Bens de capital, exceto equipamentos de transporte industrial"
1,Brasil,30,Número-índice,,1,Brasil,12607,PIMPF - Número-índice com ajuste sazonal (2022=100),200602,fevereiro 2006,129282,120 Equipamentos de transporte industrial
1,Brasil,30,Número-índice,83.27001,1,Brasil,12607,PIMPF - Número-índice com ajuste sazonal (2022=100),200603,março 2006,129278,1 Bens de capital
1,Brasil,30,Número-índice,,1,Brasil,12607,PIMPF - Número-índice com ajuste sazonal (2022=100),200603,março 2006,129280,"110 Bens de capital, exceto equipamentos de transporte industrial"
1,Brasil,30,Número-índice,,1,Brasil,12607,PIMPF - Número-índice com ajuste sazonal (2022=100),200603,março 2006,129282,120 Equipamentos de transporte industrial
1,Brasil,30,Número-índice,85.97001,1,Brasil,12607,PIMPF - Número-índice com ajuste sazonal (2022=100),200604,abril 2006,129278,1 Bens de capital
1,Brasil,30,Número-índice,,1,Brasil,12607,PIMPF - Número-índice com ajuste sazonal (2022=100),200604,abril 2006,129280,"110 Bens de capital, exceto equipamentos de transporte industrial"
1,Brasil,30,Número-índice,,1,Brasil,12607,PIMPF - Número-índice com ajuste sazonal (2022=100),200604,abril 2006,129282,120 Equipamentos de transporte industrial
1,Brasil,30,Número-índice,84.85938,1,Brasil,12607,PIMPF - Número-índice com ajuste sazonal (2022=100),200605,maio 2006,129278,1 Bens de capital
1,Brasil,30,Número-índice,,1,Brasil,12607,PIMPF - Número-índice com ajuste sazonal (2022=100),200605,maio 2006,129280,"110 Bens de capital, exceto equipamentos de transporte industrial"
1,Brasil,30,Número-índice,,1,Brasil,12607,PIMPF - Número-índice com ajuste sazonal (2022=100),200605,maio 2006,129282,120 Equipamentos de transporte industrial
1,Brasil,30,Número-índice,84.9055,1,Brasil,12607,PIMPF - Número-índice com ajuste sazonal (2022=100),200606,junho 2006,129278,1 Bens de capital
1,Brasil,30,Número-índice,,1,Brasil,12607,PIMPF - Número-índice com ajuste sazonal (2022=100),200606,junho 2006,129280,"110 Bens de capital, exceto equipamentos de transporte industrial"
1,Brasil,30,Número-índice,,1,Brasil,12607,PIMPF - Número-índice com ajuste sazonal (2022=100),200606,junho 2006,129282,120 Equipamentos de transporte industrial
1,Brasil,30,Número-índice,88.12929,1,Brasil,12607,PIMPF - Número-índice com ajuste sazonal (2022=100),200607,julho 2006,129278,1 Bens de capital
1,Brasil,30,Número-índice,,1,Brasil,12607,PIMPF - Número-índice com ajuste sazonal (2022=100),200607,julho 2006,129280,"110 Bens de capital, exceto equipamentos de transporte industrial"
1,Brasil,30,Número-índice,,1,Brasil,12607,PIMPF - Número-índice com ajuste sazonal (2022=100),200607,julho 2006,129282,120 Equipamentos de transporte industrial
1,Brasil,30,Número-índice,86.22323,1,Brasil,12607,PIMPF - Número-índice com ajuste sazonal (2022=100),200608,agosto 2006,129278,1 Bens de capital
1,Brasil,30,Número-índice,,1,Brasil,12607,PIMPF - Número-índice com ajuste sazonal (2022=100),200608,agosto 2006,129280,"110 Bens de capital, exceto equipamentos de transporte industrial"
1,Brasil,30,Número-índice,,1,Brasil,12607,PIMPF - Número-índice com ajuste sazonal (2022=100),200608,agosto 2006,129282,120 Equipamentos de transporte industrial
1,Brasil,30,Número-índice,85.32767,1,Brasil,12607,PIMPF - Número-índice com ajuste sazonal (2022=100),200609,setembro 2006,129278,1 Bens de capital
1,Brasil,30,Número-índice,,1,Brasil,12607,PIMPF - Número-índice com ajuste sazonal (2022=100),200609,setembro 2006,129280,"110 Bens de capital, exceto equipamentos de transporte industrial"
1,Brasil,30,Número-índice,,1,Brasil,12607,PIMPF - Número-índice com ajuste sazonal (2022=100),200609,setembro 2006,129282,120 Equipamentos de transporte industrial
1,Brasil,30,Número-índice,86.01521,1,Brasil,12607,PIMPF - Número-índice com ajuste sazonal (2022=100),200610,outubro 2006,129278,1 Bens de capital
1,Brasil,30,Número-índice,,1,Brasil,12607,PIMPF - Número-índice com ajuste sazonal (2022=100),200610,outubro 2006,129280,"110 Bens de capital, exceto equipamentos de transporte industrial"
1,Brasil,30,Número-índice,,1,Brasil,12607,PIMPF - Número-índice com ajuste sazonal (2022=100),200610,outubro 2006,129282,120 Equipamentos de transporte industrial
1,Brasil,30,Número-índice,89.10882,1,Brasil,12607,PIMPF - Número-índice com ajuste sazonal (2022=100),200611,novembro 2006,129278,1 Bens de capital
1,Brasil,30,Número-índice,,1,Brasil,12607,PIMPF - Número-índice com ajuste sazonal (2022=100),200611,novembro 2006,129280,"110 Bens de capital, exceto equipamentos de transporte industrial"
1,Brasil,30,Número-índice,,1,Brasil,12607,PIMPF - Número-índice com ajuste sazonal (2022=100),200611,novembro 2006,129282,120 Equipamentos de transporte industrial
1,Brasil,30,Número-índice,93.53793,1,Brasil,12607,PIMPF - Número-índice com ajuste sazonal (2022=100),200612,dezembro 2006,129278,1 Bens de capital
1,Brasil,30,Número-índice,,1,Brasil,12607,PIMPF - Número-índice com ajuste sazonal (2022=100),200612,dezembro 2006,129280,"110 Bens de capital, exceto equipamentos de transporte industrial"
1,Brasil,30,Número-índice,,1,Brasil,12607,PIMPF - Número-índice com ajuste sazonal (2022=100),200612,dezembro 2006,129282,120 Equipamentos de transporte industrial
1,Brasil,30,Número-índice,94.97014,1,Brasil,12607,PIMPF - Número-índice com ajuste sazonal (2022=100),200701,janeiro 2007,129278,1 Bens de capital
1,Brasil,30,Número-índice,,1,Brasil,12607,PIMPF - Número-índice com ajuste sazonal (2022=100),200701,janeiro 2007,129280,"110 Bens de capital, exceto equipamentos de transporte industrial"
1,Brasil,30,Número-índice,,1,Brasil,12607,PIMPF - Número-índice com ajuste sazonal (2022=100),200701,janeiro 2007,129282,120 Equipamentos de transporte industrial
1,Brasil,30,Número-índice,95.56774,1,Brasil,12607,PIMPF - Número-índice com ajuste sazonal (2022=100),200702,fevereiro 2007,129278,1 Bens de capital
1,Brasil,30,Número-índice,,1,Brasil,12607,PIMPF - Número-índice com ajuste sazonal (2022=100),200702,fevereiro 2007,129280,"110 Bens de capital, exceto equipamentos de transporte industrial"
1,Brasil,30,Número-índice,,1,Brasil,12607,PIMPF - Número-índice com ajuste sazonal (2022=100),200702,fevereiro 2007,129282,120 Equipamentos de transporte industrial
1,Brasil,30,Número-índice,95.89823,1,Brasil,12607,PIMPF - Número-índice com ajuste sazonal (2022=100),200703,março 2007,129278,1 Bens de capital
1,Brasil,30,Número-índice,,1,Brasil,12607,PIMPF - Número-índice com ajuste sazonal (2022=100),200703,março 2007,129280,"110 Bens de capital, exceto equipamentos de transporte industrial"
1,Brasil,30,Número-índice,,1,Brasil,12607,PIMPF - Número-índice com ajuste sazonal (2022=100),200703,março 2007,129282,120 Equipamentos de transporte industrial
1,Brasil,30,Número-índice,98.17703,1,Brasil,12607,PIMPF - Número-índice com ajuste sazonal (2022=100),200704,abril 2007,129278,1 Bens de capital
1,Brasil,30,Número-índice,,1,Brasil,12607,PIMPF - Número-índice com ajuste sazonal (2022=100),200704,abril 2007,129280,"110 Bens de capital, exceto equipamentos de transporte industrial"
1,Brasil,30,Número-índice,,1,Brasil,12607,PIMPF - Número-índice com ajuste sazonal (2022=100),200704,abril 2007,129282,120 Equipamentos de transporte industrial
1,Brasil,30,Número-índice,101.41189,1,Brasil,12607,PIMPF - Número-índice com ajuste sazonal (2022=100),200705,maio 2007,129278,1 Bens de capital
1,Brasil,30,Número-índice,,1,Brasil,12607,PIMPF - Número-índice com ajuste sazonal (2022=100),200705,maio 2007,129280,"110 Bens de capital, exceto equipamentos de transporte industrial"
1,Brasil,30,Número-índice,,1,Brasil,12607,PIMPF - Número-índice com ajuste sazonal (2022=100),200705,maio 2007,129282,120 Equipamentos de transporte industrial
1,Brasil,30,Número-índice,101.63795,1,Brasil,12607,PIMPF - Número-índice com ajuste sazonal (2022=100),200706,junho 2007,129278,1 Bens de capital
1,Brasil,30,Número-índice,,1,Brasil,12607,PIMPF - Número-índice com ajuste sazonal (2022=100),200706,junho 2007,129280,"110 Bens de capital, exceto equipamentos de transporte industrial"
1,Brasil,30,Número-índice,,1,Brasil,12607,PIMPF - Número-índice com ajuste sazonal (2022=100),200706,junho 2007,129282,120 Equipamentos de transporte industrial
1,Brasil,30,Número-índice,102.50927,1,Brasil,12607,PIMPF - Número-índice com ajuste sazonal (2022=100),200707,julho 2007,129278,1 Bens de capital
1,Brasil,30,Número-índice,,1,Brasil,12607,PIMPF - Número-índice com ajuste sazonal (2022=100),200707,julho 2007,129280,"110 Bens de capital, exceto equipamentos de transporte industrial"
1,Brasil,30,Número-índice,,1,Brasil,12607,PIMPF - Número-índice com ajuste sazonal (2022=100),200707,julho 2007,129282,120 Equipamentos de transporte industrial
1,Brasil,30,Número-índice,106.90354,1,Brasil,12607,PIMPF - Número-índice com ajuste sazonal (2022=100),200708,agosto 2007,129278,1 Bens de capital
1,Brasil,30,Número-índice,,1,Brasil,12607,PIMPF - Número-índice com ajuste sazonal (2022=100),200708,agosto 2007,129280,"110 Bens de capital, exceto equipamentos de transporte industrial"
1,Brasil,30,Número-índice,,1,Brasil,12607,PIMPF - Número-índice com ajuste sazonal (2022=100),200708,agosto 2007,129282,120 Equipamentos de transporte industrial
1,Brasil,30,Número-índice,107.01926,1,Brasil,12607,PIMPF - Número-índice com ajuste sazonal (2022=100),200709,setembro 2007,129278,1 Bens de capital
1,Brasil,30,Número-índice,,1,Brasil,12607,PIMPF - Número-índice com ajuste sazonal (2022=100),200709,setembro 2007,129280,"110 Bens de capital, exceto equipamentos de transporte industrial"
1,Brasil,30,Número-índice,,1,Brasil,12607,PIMPF - Número-índice com ajuste sazonal (2022=100),200709,setembro 2007,129282,120 Equipamentos de transporte industrial
1,Brasil,30,Número-índice,108.51368,1,Brasil,12607,PIMPF - Número-índice com ajuste sazonal (2022=100),200710,outubro 2007,129278,1 Bens de capital
1,Brasil,30,Número-índice,,1,Brasil,12607,PIMPF - Número-índice com ajuste sazonal (2022=100),200710,outubro 2007,129280,"110 Bens de capital, exceto equipamentos de transporte industrial"
1,Brasil,30,Número-índice,,1,Brasil,12607,PIMPF - Número-índice com ajuste sazonal (2022=100),200710,outubro 2007,129282,120 Equipamentos de transporte industrial
1,Brasil,30,Número-índice,110.33671,1,Brasil,12607,PIMPF - Número-índice com ajuste sazonal (2022=100),200711,novembro 2007,129278,1 Bens de capital
1,Brasil,30,Número-índice,,1,Brasil,12607,PIMPF - Número-índice com ajuste sazonal (2022=100),200711,novembro 2007,129280,"110 Bens de capital, exceto equipamentos de transporte industrial"
1,Brasil,30,Número-índice,,1,Brasil,12607,PIMPF - Número-índice com ajuste sazonal (2022=100),200711,novembro 2007,129282,120 Equipamentos de transporte industrial
1,Brasil,30,Número-índice,109.48517,1,Brasil,12607,PIMPF - Número-índice com ajuste sazonal (2022=100),200712,dezembro 2007,129278,1 Bens de capital
1,Brasil,30,Número-índice,,1,Brasil,12607,PIMPF - Número-índice com ajuste sazonal (2022=100),200712,dezembro 2007,129280,"110 Bens de capital, exceto equipamentos de transporte industrial"
1,Brasil,30,Número-índice,,1,Brasil,12607,PIMPF - Número-índice com ajuste sazonal (2022=100),200712,dezembro 2007,129282,120 Equipamentos de transporte industrial
1,Brasil,30,Número-índice,109.9569,1,Brasil,12607,PIMPF - Número-índice com ajuste sazonal (2022=100),200801,janeiro 2008,129278,1 Bens de capital
1,Brasil,30,Número-índice,,1,Brasil,12607,PIMPF - Número-índice com ajuste sazonal (2022=100),200801,janeiro 2008,129280,"110 Bens de capital, exceto equipamentos de transporte industrial"
1,Brasil,30,Número-índice,,1,Brasil,12607,PIMPF - Número-índice com ajuste sazonal (2022=100),200801,janeiro 2008,129282,120 Equipamentos de transporte industrial
1,Brasil,30,Número-índice,111.79772,1,Brasil,12607,PIMPF - Número-índice com ajuste sazonal (2022=100),200802,fevereiro 2008,129278,1 Bens de capital
1,Brasil,30,Número-índice,,1,Brasil,12607,PIMPF - Número-índice com ajuste sazonal (2022=100),200802,fevereiro 2008,129280,"110 Bens de capital, exceto equipamentos de transporte industrial"
1,Brasil,30,Número-índice,,1,Brasil,12607,PIMPF - Número-índice com ajuste sazonal (2022=100),200802,fevereiro 2008,129282,120 Equipamentos de transporte industrial
1,Brasil,30,Número-índice,116.65504,1,Brasil,12607,PIMPF - Número-índice com ajuste sazonal (2022=100),200803,março 2008,129278,1 Bens de capital
1,Brasil,30,Número-índice,,1,Brasil,12607,PIMPF - Número-índice com ajuste sazonal (2022=100),200803,março 2008,129280,"110 Bens de capital, exceto equipamentos de transporte industrial"
1,Brasil,30,Número-índice,,1,Brasil,12607,PIMPF - Número-índice com ajuste sazonal (2022=100),200803,março 2008,129282,120 Equipamentos de transporte industrial
1,Brasil,30,Número-índice,118.68107,1,Brasil,12607,PIMPF - Número-índice com ajuste sazonal (2022=100),200804,abril 2008,129278,1 Bens de capital
1,Brasil,30,Número-índice,,1,Brasil,12607,PIMPF - Número-índice com ajuste sazonal (2022=100),200804,abril 2008,129280,"110 Bens de capital, exceto equipamentos de transporte industrial"
1,Brasil,30,Número-índice,,1,Brasil,12607,PIMPF - Número-índice com ajuste sazonal (2022=100),200804,abril 2008,129282,120 Equipamentos de transporte industrial
1,Brasil,30,Número-índice,116.6085,1,Brasil,12607,PIMPF - Número-índice com ajuste sazonal (2022=100),200805,maio 2008,129278,1 Bens de capital
1,Brasil,30,Número-índice,,1,Brasil,12607,PIMPF - Número-índice com ajuste sazonal (2022=100),200805,maio 2008,129280,"110 Bens de capital, exceto equipamentos de transporte industrial"
1,Brasil,30,Número-índice,,1,Brasil,12607,PIMPF - Número-índice com ajuste sazonal (2022=100),200805,maio 2008,129282,120 Equipamentos de transporte industrial
1,Brasil,30,Número-índice,122.36914,1,Brasil,12607,PIMPF - Número-índice com ajuste sazonal (2022=100),200806,junho 2008,129278,1 Bens de capital
1,Brasil,30,Número-índice,,1,Brasil,12607,PIMPF - Número-índice com ajuste sazonal (2022=100),200806,junho 2008,129280,"110 Bens de capital, exceto equipamentos de transporte industrial"
1,Brasil,30,Número-índice,,1,Brasil,12607,PIMPF - Número-índice com ajuste sazonal (2022=100),200806,junho 2008,129282,120 Equipamentos de transporte industrial
1,Brasil,30,Número-índice,125.08187,1,Brasil,12607,PIMPF - Número-índice com ajuste sazonal (2022=100),200807,julho 2008,129278,1 Bens de capital
1,Brasil,30,Número-índice,,1,Brasil,12607,PIMPF - Número-índice com ajuste sazonal (2022=100),200807,julho 2008,129280,"110 Bens de capital, exceto equipamentos de transporte industrial"
1,Brasil,30,Número-índice,,1,Brasil,12607,PIMPF - Número-índice com ajuste sazonal (2022=100),200807,julho 2008,129282,120 Equipamentos de transporte industrial
1,Brasil,30,Número-índice,125.45161,1,Brasil,12607,PIMPF - Número-índice com ajuste sazonal (2022=100),200808,agosto 2008,129278,1 Bens de capital
1,Brasil,30,Número-índice,,1,Brasil,12607,PIMPF - Número-índice com ajuste sazonal (2022=100),200808,agosto 2008,129280,"110 Bens de capital, exceto equipamentos de transporte industrial"
1,Brasil,30,Número-índice,,1,Brasil,12607,PIMPF - Número-índice com ajuste sazonal (2022=100),200808,agosto 2008,129282,120 Equipamentos de transporte industrial
1,Brasil,30,Número-índice,131.22231,1,Brasil,12607,PIMPF - Número-índice com ajuste sazonal (2022=100),200809,setembro 2008,129278,1 Bens de capital
1,Brasil,30,Número-índice,,1,Brasil,12607,PIMPF - Número-índice com ajuste sazonal (2022=100),200809,setembro 2008,129280,"110 Bens de capital, exceto equipamentos de transporte industrial"
1,Brasil,30,Número-índice,,1,Brasil,12607,PIMPF - Número-índice com ajuste sazonal (2022=100),200809,setembro 2008,129282,120 Equipamentos de transporte industrial
1,Brasil,30,Número-índice,131.18359,1,Brasil,12607,PIMPF - Número-índice com ajuste sazonal (2022=100),200810,outubro 2008,129278,1 Bens de capital
1,Brasil,30,Número-índice,,1,Brasil,12607,PIMPF - Número-índice com ajuste sazonal (2022=100),200810,outubro 2008,129280,"110 Bens de capital, exceto equipamentos de transporte industrial"
1,Brasil,30,Número-índice,,1,Brasil,12607,PIMPF - Número-índice com ajuste sazonal (2022=100),200810,outubro 2008,129282,120 Equipamentos de transporte industrial
1,Brasil,30,Número-índice,123.3568,1,Brasil,12607,PIMPF - Número-índice com ajuste sazonal (2022=100),200811,novembro 2008,129278,1 Bens de capital
1,Brasil,30,Número-índice,,1,Brasil,12607,PIMPF - Número-índice com ajuste sazonal (2022=100),200811,novembro 2008,129280,"110 Bens de capital, exceto equipamentos de transporte industrial"
1,Brasil,30,Número-índice,,1,Brasil,12607,PIMPF - Número-índice com ajuste sazonal (2022=100),200811,novembro 2008,129282,120 Equipamentos de transporte industrial
1,Brasil,30,Número-índice,93.37825,1,Brasil,12607,PIMPF - Número-índice com ajuste sazonal (2022=100),200812,dezembro 2008,129278,1 Bens de capital
1,Brasil,30,Número-índice,,1,Brasil,12607,PIMPF - Número-índice com ajuste sazonal (2022=100),200812,dezembro 2008,129280,"110 Bens de capital, exceto equipamentos de transporte industrial"
1,Brasil,30,Número-índice,,1,Brasil,12607,PIMPF - Número-índice com ajuste sazonal (2022=100),200812,dezembro 2008,129282,120 Equipamentos de transporte industrial
1,Brasil,30,Número-índice,100.73626,1,Brasil,12607,PIMPF - Número-índice com ajuste sazonal (2022=100),200901,janeiro 2009,129278,1 Bens de capital
1,Brasil,30,Número-índice,,1,Brasil,12607,PIMPF - Número-índice com ajuste sazonal (2022=100),200901,janeiro 2009,129280,"110 Bens de capital, exceto equipamentos de transporte industrial"
1,Brasil,30,Número-índice,,1,Brasil,12607,PIMPF - Número-índice com ajuste sazonal (2022=100),200901,janeiro 2009,129282,120 Equipamentos de transporte industrial
1,Brasil,30,Número-índice,92.98507,1,Brasil,12607,PIMPF - Número-índice com ajuste sazonal (2022=100),200902,fevereiro 2009,129278,1 Bens de capital
1,Brasil,30,Número-índice,,1,Brasil,12607,PIMPF - Número-índice com ajuste sazonal (2022=100),200902,fevereiro 2009,129280,"110 Bens de capital, exceto equipamentos de transporte industrial"
1,Brasil,30,Número-índice,,1,Brasil,12607,PIMPF - Número-índice com ajuste sazonal (2022=100),200902,fevereiro 2009,129282,120 Equipamentos de transporte industrial
1,Brasil,30,Número-índice,86.11377,1,Brasil,12607,PIMPF - Número-índice com ajuste sazonal (2022=100),200903,março 2009,129278,1 Bens de capital
1,Brasil,30,Número-índice,,1,Brasil,12607,PIMPF - Número-índice com ajuste sazonal (2022=100),200903,março 2009,129280,"110 Bens de capital, exceto equipamentos de transporte industrial"
1,Brasil,30,Número-índice,,1,Brasil,12607,PIMPF - Número-índice com ajuste sazonal (2022=100),200903,março 2009,129282,120 Equipamentos de transporte industrial
1,Brasil,30,Número-índice,90.97176,1,Brasil,12607,PIMPF - Número-índice com ajuste sazonal (2022=100),200904,abril 2009,129278,1 Bens de capital
1,Brasil,30,Número-índice,,1,Brasil,12607,PIMPF - Número-índice com ajuste sazonal (2022=100),200904,abril 2009,129280,"110 Bens de capital, exceto equipamentos de transporte industrial"
1,Brasil,30,Número-índice,,1,Brasil,12607,PIMPF - Número-índice com ajuste sazonal (2022=100),200904,abril 2009,129282,120 Equipamentos de transporte industrial
1,Brasil,30,Número-índice,91.35482,1,Brasil,12607,PIMPF - Número-índice com ajuste sazonal (2022=100),200905,maio 2009,129278,1 Bens de capital
1,Brasil,30,Número-índice,,1,Brasil,12607,PIMPF - Número-índice com ajuste sazonal (2022=100),200905,maio 2009,129280,"110 Bens de capital, exceto equipamentos de transporte industrial"
1,Brasil,30,Número-índice,,1,Brasil,12607,PIMPF - Número-índice com ajuste sazonal (2022=100),200905,maio 2009,129282,120 Equipamentos de transporte industrial
1,Brasil,30,Número-índice,95.27454,1,Brasil,12607,PIMPF - Número-índice com ajuste sazonal (2022=100),200906,junho 2009,129278,1 Bens de capital
1,Brasil,30,Número-índice,,1,Brasil,12607,PIMPF - Número-índice com ajuste sazonal (2022=100),200906,junho 2009,129280,"110 Bens de capital, exceto equipamentos de transporte industrial"
1,Brasil,30,Número-índice,,1,Brasil,12607,PIMPF - Número-índice com ajuste sazonal (2022=100),200906,junho 2009,129282,120 Equipamentos de transporte industrial
1,Brasil,30,Número-índice,95.9939,1,Brasil,12607,PIMPF - Número-índice com ajuste sazonal (2022=100),200907,julho 2009,129278,1 Bens de capital
1,Brasil,30,Número-índice,,1,Brasil,12607,PIMPF - Número-índice com ajuste sazonal (2022=100),200907,julho 2009,129280,"110 Bens de capital, exceto equipamentos de transporte industrial"
1,Brasil,30,Número-índice,,1,Brasil,12607,PIMPF - Número-índice com ajuste sazonal (2022=100),200907,julho 2009,129282,120 Equipamentos de transporte industrial
1,Brasil,30,Número-índice,95.99876,1,Brasil,12607,PIMPF - Número-índice com ajuste sazonal (2022=100),200908,agosto 2009,129278,1 Bens de capital
1,Brasil,30,Número-índice,,1,Brasil,12607,PIMPF - Número-índice com ajuste sazonal (2022=100),200908,agosto 2009,129280,"110 Bens de capital, exceto equipamentos de transporte industrial"
1,Brasil,30,Número-índice,,1,Brasil,12607,PIMPF - Número-índice com ajuste sazonal (2022=100),200908,agosto 2009,129282,120 Equipamentos de transporte industrial
1,Brasil,30,Número-índice,103.57521,1,Brasil,12607,PIMPF - Número-índice com ajuste sazonal (2022=100),200909,setembro 2009,129278,1 Bens de capital
1,Brasil,30,Número-índice,,1,Brasil,12607,PIMPF - Número-índice com ajuste sazonal (2022=100),200909,setembro 2009,129280,"110 Bens de capital, exceto equipamentos de transporte industrial"
1,Brasil,30,Número-índice,,1,Brasil,12607,PIMPF - Número-índice com ajuste sazonal (2022=100),200909,setembro 2009,129282,120 Equipamentos de transporte industrial
1,Brasil,30,Número-índice,109.44607,1,Brasil,12607,PIMPF - Número-índice com ajuste sazonal (2022=100),200910,outubro 2009,129278,1 Bens de capital
1,Brasil,30,Número-índice,,1,Brasil,12607,PIMPF - Número-índice com ajuste sazonal (2022=100),200910,outubro 2009,129280,"110 Bens de capital, exceto equipamentos de transporte industrial"
1,Brasil,30,Número-índice,,1,Brasil,12607,PIMPF - Número-índice com ajuste sazonal (2022=100),200910,outubro 2009,129282,120 Equipamentos de transporte industrial
1,Brasil,30,Número-índice,118.69672,1,Brasil,12607,PIMPF - Número-índice com ajuste sazonal (2022=100),200911,novembro 2009,129278,1 Bens de capital
1,Brasil,30,Número-índice,,1,Brasil,12607,PIMPF - Número-índice com ajuste sazonal (2022=100),200911,novembro 2009,129280,"110 Bens de capital, exceto equipamentos de transporte industrial"
1,Brasil,30,Número-índice,,1,Brasil,12607,PIMPF - Número-índice com ajuste sazonal (2022=100),200911,novembro 2009,129282,120 Equipamentos de transporte industrial
1,Brasil,30,Número-índice,115.08716,1,Brasil,12607,PIMPF - Número-índice com ajuste sazonal (2022=100),200912,dezembro 2009,129278,1 Bens de capital
1,Brasil,30,Número-índice,,1,Brasil,12607,PIMPF - Número-índice com ajuste sazonal (2022=100),200912,dezembro 2009,129280,"110 Bens de capital, exceto equipamentos de transporte industrial"
1,Brasil,30,Número-índice,,1,Brasil,12607,PIMPF - Número-índice com ajuste sazonal (2022=100),200912,dezembro 2009,129282,120 Equipamentos de transporte industrial
1,Brasil,30,Número-índice,115.6023,1,Brasil,12607,PIMPF - Número-índice com ajuste sazonal (2022=100),201001,janeiro 2010,129278,1 Bens de capital
1,Brasil,30,Número-índice,,1,Brasil,12607,PIMPF - Número-índice com ajuste sazonal (2022=100),201001,janeiro 2010,129280,"110 Bens de capital, exceto equipamentos de transporte industrial"
1,Brasil,30,Número-índice,,1,Brasil,12607,PIMPF - Número-índice com ajuste sazonal (2022=100),201001,janeiro 2010,129282,120 Equipamentos de transporte industrial
1,Brasil,30,Número-índice,111.86669,1,Brasil,12607,PIMPF - Número-índice com ajuste sazonal (2022=100),201002,fevereiro 2010,129278,1 Bens de capital
1,Brasil,30,Número-índice,,1,Brasil,12607,PIMPF - Número-índice com ajuste sazonal (2022=100),201002,fevereiro 2010,129280,"110 Bens de capital, exceto equipamentos de transporte industrial"
1,Brasil,30,Número-índice,,1,Brasil,12607,PIMPF - Número-índice com ajuste sazonal (2022=100),201002,fevereiro 2010,129282,120 Equipamentos de transporte industrial
1,Brasil,30,Número-índice,118.27135,1,Brasil,12607,PIMPF - Número-índice com ajuste sazonal (2022=100),201003,março 2010,129278,1 Bens de capital
1,Brasil,30,Número-índice,,1,Brasil,12607,PIMPF - Número-índice com ajuste sazonal (2022=100),201003,março 2010,129280,"110 Bens de capital, exceto equipamentos de transporte industrial"
1,Brasil,30,Número-índice,,1,Brasil,12607,PIMPF - Número-índice com ajuste sazonal (2022=100),201003,março 2010,129282,120 Equipamentos de transporte industrial
1,Brasil,30,Número-índice,121.95699,1,Brasil,12607,PIMPF - Número-índice com ajuste sazonal (2022=100),201004,abril 2010,129278,1 Bens de capital
1,Brasil,30,Número-índice,,1,Brasil,12607,PIMPF - Número-índice com ajuste sazonal (2022=100),201004,abril 2010,129280,"110 Bens de capital, exceto equipamentos de transporte industrial"
1,Brasil,30,Número-índice,,1,Brasil,12607,PIMPF - Número-índice com ajuste sazonal (2022=100),201004,abril 2010,129282,120 Equipamentos de transporte industrial
1,Brasil,30,Número-índice,123.7147,1,Brasil,12607,PIMPF - Número-índice com ajuste sazonal (2022=100),201005,maio 2010,129278,1 Bens de capital
1,Brasil,30,Número-índice,,1,Brasil,12607,PIMPF - Número-índice com ajuste sazonal (2022=100),201005,maio 2010,129280,"110 Bens de capital, exceto equipamentos de transporte industrial"
1,Brasil,30,Número-índice,,1,Brasil,12607,PIMPF - Número-índice com ajuste sazonal (2022=100),201005,maio 2010,129282,120 Equipamentos de transporte industrial
1,Brasil,30,Número-índice,120.51556,1,Brasil,12607,PIMPF - Número-índice com ajuste sazonal (2022=100),201006,junho 2010,129278,1 Bens de capital
1,Brasil,30,Número-índice,,1,Brasil,12607,PIMPF - Número-índice com ajuste sazonal (2022=100),201006,junho 2010,129280,"110 Bens de capital, exceto equipamentos de transporte industrial"
1,Brasil,30,Número-índice,,1,Brasil,12607,PIMPF - Número-índice com ajuste sazonal (2022=100),201006,junho 2010,129282,120 Equipamentos de transporte industrial
1,Brasil,30,Número-índice,120.61451,1,Brasil,12607,PIMPF - Número-índice com ajuste sazonal (2022=100),201007,julho 2010,129278,1 Bens de capital
1,Brasil,30,Número-índice,,1,Brasil,12607,PIMPF - Número-índice com ajuste sazonal (2022=100),201007,julho 2010,129280,"110 Bens de capital, exceto equipamentos de transporte industrial"
1,Brasil,30,Número-índice,,1,Brasil,12607,PIMPF - Número-índice com ajuste sazonal (2022=100),201007,julho 2010,129282,120 Equipamentos de transporte industrial
1,Brasil,30,Número-índice,121.59871,1,Brasil,12607,PIMPF - Número-índice com ajuste sazonal (2022=100),201008,agosto 2010,129278,1 Bens de capital
1,Brasil,30,Número-índice,,1,Brasil,12607,PIMPF - Número-índice com ajuste sazonal (2022=100),201008,agosto 2010,129280,"110 Bens de capital, exceto equipamentos de transporte industrial"
1,Brasil,30,Número-índice,,1,Brasil,12607,PIMPF - Número-índice com ajuste sazonal (2022=100),201008,agosto 2010,129282,120 Equipamentos de transporte industrial
1,Brasil,30,Número-índice,123.09725,1,Brasil,12607,PIMPF - Número-índice com ajuste sazonal (2022=100),201009,setembro 2010,129278,1 Bens de capital
1,Brasil,30,Número-índice,,1,Brasil,12607,PIMPF - Número-índice com ajuste sazonal (2022=100),201009,setembro 2010,129280,"110 Bens de capital, exceto equipamentos de transporte industrial"
1,Brasil,30,Número-índice,,1,Brasil,12607,PIMPF - Número-índice com ajuste sazonal (2022=100),201009,setembro 2010,129282,120 Equipamentos de transporte industrial
1,Brasil,30,Número-índice,121.2478,1,Brasil,12607,PIMPF - Número-índice com ajuste sazonal (2022=100),201010,outubro 2010,129278,1 Bens de capital
1,Brasil,30,Número-índice,,1,Brasil,12607,PIMPF - Número-índice com ajuste sazonal (2022=100),201010,outubro 2010,129280,"110 Bens de capital, exceto equipamentos de transporte industrial"
1,Brasil,30,Número-índice,,1,Brasil,12607,PIMPF - Número-índice com ajuste sazonal (2022=100),201010,outubro 2010,129282,120 Equipamentos de transporte industrial
1,Brasil,30,Número-índice,128.82814,1,Brasil,12607,PIMPF - Número-índice com ajuste sazonal (2022=100),201011,novembro 2010,129278,1 Bens de capital
1,Brasil,30,Número-índice,,1,Brasil,12607,PIMPF - Número-índice com ajuste sazonal (2022=100),201011,novembro 2010,129280,"110 Bens de capital, exceto equipamentos de transporte industrial"
1,Brasil,30,Número-índice,,1,Brasil,12607,PIMPF - Número-índice com ajuste sazonal (2022=100),201011,novembro 2010,129282,120 Equipamentos de transporte industrial
1,Brasil,30,Número-índice,123.94099,1,Brasil,12607,PIMPF - Número-índice com ajuste sazonal (2022=100),201012,dezembro 2010,129278,1 Bens de capital
1,Brasil,30,Número-índice,,1,Brasil,12607,PIMPF - Número-índice com ajuste sazonal (2022=100),201012,dezembro 2010,129280,"110 Bens de capital, exceto equipamentos de transporte industrial"
1,Brasil,30,Número-índice,,1,Brasil,12607,PIMPF - Número-índice com ajuste sazonal (2022=100),201012,dezembro 2010,129282,120 Equipamentos de transporte industrial
1,Brasil,30,Número-índice,123.28741,1,Brasil,12607,PIMPF - Número-índice com ajuste sazonal (2022=100),201101,janeiro 2011,129278,1 Bens de capital
1,Brasil,30,Número-índice,,1,Brasil,12607,PIMPF - Número-índice com ajuste sazonal (2022=100),201101,janeiro 2011,129280,"110 Bens de capital, exceto equipamentos de transporte industrial"
1,Brasil,30,Número-índice,,1,Brasil,12607,PIMPF - Número-índice com ajuste sazonal (2022=100),201101,janeiro 2011,129282,120 Equipamentos de transporte industrial
1,Brasil,30,Número-índice,123.25355,1,Brasil,12607,PIMPF - Número-índice com ajuste sazonal (2022=100),201102,fevereiro 2011,129278,1 Bens de capital
1,Brasil,30,Número-índice,,1,Brasil,12607,PIMPF - Número-índice com ajuste sazonal (2022=100),201102,fevereiro 2011,129280,"110 Bens de capital, exceto equipamentos de transporte industrial"
1,Brasil,30,Número-índice,,1,Brasil,12607,PIMPF - Número-índice com ajuste sazonal (2022=100),201102,fevereiro 2011,129282,120 Equipamentos de transporte industrial
1,Brasil,30,Número-índice,126.16663,1,Brasil,12607,PIMPF - Número-índice com ajuste sazonal (2022=100),201103,março 2011,129278,1 Bens de capital
1,Brasil,30,Número-índice,,1,Brasil,12607,PIMPF - Número-índice com ajuste sazonal (2022=100),201103,março 2011,129280,"110 Bens de capital, exceto equipamentos de transporte industrial"
1,Brasil,30,Número-índice,,1,Brasil,12607,PIMPF - Número-índice com ajuste sazonal (2022=100),201103,março 2011,129282,120 Equipamentos de transporte industrial
1,Brasil,30,Número-índice,123.33966,1,Brasil,12607,PIMPF - Número-índice com ajuste sazonal (2022=100),201104,abril 2011,129278,1 Bens de capital
1,Brasil,30,Número-índice,,1,Brasil,12607,PIMPF - Número-índice com ajuste sazonal (2022=100),201104,abril 2011,129280,"110 Bens de capital, exceto equipamentos de transporte industrial"
1,Brasil,30,Número-índice,,1,Brasil,12607,PIMPF - Número-índice com ajuste sazonal (2022=100),201104,abril 2011,129282,120 Equipamentos de transporte industrial
1,Brasil,30,Número-índice,130.65756,1,Brasil,12607,PIMPF - Número-índice com ajuste sazonal (2022=100),201105,maio 2011,129278,1 Bens de capital
1,Brasil,30,Número-índice,,1,Brasil,12607,PIMPF - Número-índice com ajuste sazonal (2022=100),201105,maio 2011,129280,"110 Bens de capital, exceto equipamentos de transporte industrial"
1,Brasil,30,Número-índice,,1,Brasil,12607,PIMPF - Número-índice com ajuste sazonal (2022=100),201105,maio 2011,129282,120 Equipamentos de transporte industrial
1,Brasil,30,Número-índice,130.15811,1,Brasil,12607,PIMPF - Número-índice com ajuste sazonal (2022=100),201106,junho 2011,129278,1 Bens de capital
1,Brasil,30,Número-índice,,1,Brasil,12607,PIMPF - Número-índice com ajuste sazonal (2022=100),201106,junho 2011,129280,"110 Bens de capital, exceto equipamentos de transporte industrial"
1,Brasil,30,Número-índice,,1,Brasil,12607,PIMPF - Número-índice com ajuste sazonal (2022=100),201106,junho 2011,129282,120 Equipamentos de transporte industrial
1,Brasil,30,Número-índice,130.16007,1,Brasil,12607,PIMPF - Número-índice com ajuste sazonal (2022=100),201107,julho 2011,129278,1 Bens de capital
1,Brasil,30,Número-índice,,1,Brasil,12607,PIMPF - Número-índice com ajuste sazonal (2022=100),201107,julho 2011,129280,"110 Bens de capital, exceto equipamentos de transporte industrial"
1,Brasil,30,Número-índice,,1,Brasil,12607,PIMPF - Número-índice com ajuste sazonal (2022=100),201107,julho 2011,129282,120 Equipamentos de transporte industrial
1,Brasil,30,Número-índice,132.6531,1,Brasil,12607,PIMPF - Número-índice com ajuste sazonal (2022=100),201108,agosto 2011,129278,1 Bens de capital
1,Brasil,30,Número-índice,,1,Brasil,12607,PIMPF - Número-índice com ajuste sazonal (2022=100),201108,agosto 2011,129280,"110 Bens de capital, exceto equipamentos de transporte industrial"
1,Brasil,30,Número-índice,,1,Brasil,12607,PIMPF - Número-índice com ajuste sazonal (2022=100),201108,agosto 2011,129282,120 Equipamentos de transporte industrial
1,Brasil,30,Número-índice,125.51001,1,Brasil,12607,PIMPF - Número-índice com ajuste sazonal (2022=100),201109,setembro 2011,129278,1 Bens de capital
1,Brasil,30,Número-índice,,1,Brasil,12607,PIMPF - Número-índice com ajuste sazonal (2022=100),201109,setembro 2011,129280,"110 Bens de capital, exceto equipamentos de transporte industrial"
1,Brasil,30,Número-índice,,1,Brasil,12607,PIMPF - Número-índice com ajuste sazonal (2022=100),201109,setembro 2011,129282,120 Equipamentos de transporte industrial
1,Brasil,30,Número-índice,123.39547,1,Brasil,12607,PIMPF - Número-índice com ajuste sazonal (2022=100),201110,outubro 2011,129278,1 Bens de capital
1,Brasil,30,Número-índice,,1,Brasil,12607,PIMPF - Número-índice com ajuste sazonal (2022=100),201110,outubro 2011,129280,"110 Bens de capital, exceto equipamentos de transporte industrial"
1,Brasil,30,Número-índice,,1,Brasil,12607,PIMPF - Número-índice com ajuste sazonal (2022=100),201110,outubro 2011,129282,120 Equipamentos de transporte industrial
1,Brasil,30,Número-índice,126.83457,1,Brasil,12607,PIMPF - Número-índice com ajuste sazonal (2022=100),201111,novembro 2011,129278,1 Bens de capital
1,Brasil,30,Número-índice,,1,Brasil,12607,PIMPF - Número-índice com ajuste sazonal (2022=100),201111,novembro 2011,129280,"110 Bens de capital, exceto equipamentos de transporte industrial"
1,Brasil,30,Número-índice,,1,Brasil,12607,PIMPF - Número-índice com ajuste sazonal (2022=100),201111,novembro 2011,129282,120 Equipamentos de transporte industrial
1,Brasil,30,Número-índice,129.7523,1,Brasil,12607,PIMPF - Número-índice com ajuste sazonal (2022=100),201112,dezembro 2011,129278,1 Bens de capital
1,Brasil,30,Número-índice,,1,Brasil,12607,PIMPF - Número-índice com ajuste sazonal (2022=100),201112,dezembro 2011,129280,"110 Bens de capital, exceto equipamentos de transporte industrial"
1,Brasil,30,Número-índice,,1,Brasil,12607,PIMPF - Número-índice com ajuste sazonal (2022=100),201112,dezembro 2011,129282,120 Equipamentos de transporte industrial
1,Brasil,30,Número-índice,102.41729,1,Brasil,12607,PIMPF - Número-índice com ajuste sazonal (2022=100),201201,janeiro 2012,129278,1 Bens de capital
1,Brasil,30,Número-índice,,1,Brasil,12607,PIMPF - Número-índice com ajuste sazonal (2022=100),201201,janeiro 2012,129280,"110 Bens de capital, exceto equipamentos de transporte industrial"
1,Brasil,30,Número-índice,,1,Brasil,12607,PIMPF - Número-índice com ajuste sazonal (2022=100),201201,janeiro 2012,129282,120 Equipamentos de transporte industrial
1,Brasil,30,Número-índice,112.37679,1,Brasil,12607,PIMPF - Número-índice com ajuste sazonal (2022=100),201202,fevereiro 2012,129278,1 Bens de capital
1,Brasil,30,Número-índice,,1,Brasil,12607,PIMPF - Número-índice com ajuste sazonal (2022=100),201202,fevereiro 2012,129280,"110 Bens de capital, exceto equipamentos de transporte industrial"
1,Brasil,30,Número-índice,,1,Brasil,12607,PIMPF - Número-índice com ajuste sazonal (2022=100),201202,fevereiro 2012,129282,120 Equipamentos de transporte industrial
1,Brasil,30,Número-índice,115.94288,1,Brasil,12607,PIMPF - Número-índice com ajuste sazonal (2022=100),201203,março 2012,129278,1 Bens de capital
1,Brasil,30,Número-índice,,1,Brasil,12607,PIMPF - Número-índice com ajuste sazonal (2022=100),201203,março 2012,129280,"110 Bens de capital, exceto equipamentos de transporte industrial"
1,Brasil,30,Número-índice,,1,Brasil,12607,PIMPF - Número-índice com ajuste sazonal (2022=100),201203,março 2012,129282,120 Equipamentos de transporte industrial
1,Brasil,30,Número-índice,116.48529,1,Brasil,12607,PIMPF - Número-índice com ajuste sazonal (2022=100),201204,abril 2012,129278,1 Bens de capital
1,Brasil,30,Número-índice,,1,Brasil,12607,PIMPF - Número-índice com ajuste sazonal (2022=100),201204,abril 2012,129280,"110 Bens de capital, exceto equipamentos de transporte industrial"
1,Brasil,30,Número-índice,,1,Brasil,12607,PIMPF - Número-índice com ajuste sazonal (2022=100),201204,abril 2012,129282,120 Equipamentos de transporte industrial
1,Brasil,30,Número-índice,114.60921,1,Brasil,12607,PIMPF - Número-índice com ajuste sazonal (2022=100),201205,maio 2012,129278,1 Bens de capital
1,Brasil,30,Número-índice,,1,Brasil,12607,PIMPF - Número-índice com ajuste sazonal (2022=100),201205,maio 2012,129280,"110 Bens de capital, exceto equipamentos de transporte industrial"
1,Brasil,30,Número-índice,,1,Brasil,12607,PIMPF - Número-índice com ajuste sazonal (2022=100),201205,maio 2012,129282,120 Equipamentos de transporte industrial
1,Brasil,30,Número-índice,112.58196,1,Brasil,12607,PIMPF - Número-índice com ajuste sazonal (2022=100),201206,junho 2012,129278,1 Bens de capital
1,Brasil,30,Número-índice,,1,Brasil,12607,PIMPF - Número-índice com ajuste sazonal (2022=100),201206,junho 2012,129280,"110 Bens de capital, exceto equipamentos de transporte industrial"
1,Brasil,30,Número-índice,,1,Brasil,12607,PIMPF - Número-índice com ajuste sazonal (2022=100),201206,junho 2012,129282,120 Equipamentos de transporte industrial
1,Brasil,30,Número-índice,115.97536,1,Brasil,12607,PIMPF - Número-índice com ajuste sazonal (2022=100),201207,julho 2012,129278,1 Bens de capital
1,Brasil,30,Número-índice,,1,Brasil,12607,PIMPF - Número-índice com ajuste sazonal (2022=100),201207,julho 2012,129280,"110 Bens de capital, exceto equipamentos de transporte industrial"
1,Brasil,30,Número-índice,,1,Brasil,12607,PIMPF - Número-índice com ajuste sazonal (2022=100),201207,julho 2012,129282,120 Equipamentos de transporte industrial
1,Brasil,30,Número-índice,115.66101,1,Brasil,12607,PIMPF - Número-índice com ajuste sazonal (2022=100),201208,agosto 2012,129278,1 Bens de capital
1,Brasil,30,Número-índice,,1,Brasil,12607,PIMPF - Número-índice com ajuste sazonal (2022=100),201208,agosto 2012,129280,"110 Bens de capital, exceto equipamentos de transporte industrial"
1,Brasil,30,Número-índice,,1,Brasil,12607,PIMPF - Número-índice com ajuste sazonal (2022=100),201208,agosto 2012,129282,120 Equipamentos de transporte industrial
1,Brasil,30,Número-índice,110.27699,1,Brasil,12607,PIMPF - Número-índice com ajuste sazonal (2022=100),201209,setembro 2012,129278,1 Bens de capital
1,Brasil,30,Número-índice,,1,Brasil,12607,PIMPF - Número-índice com ajuste sazonal (2022=100),201209,setembro 2012,129280,"110 Bens de capital, exceto equipamentos de transporte industrial"
1,Brasil,30,Número-índice,,1,Brasil,12607,PIMPF - Número-índice com ajuste sazonal (2022=100),201209,setembro 2012,129282,120 Equipamentos de transporte industrial
1,Brasil,30,Número-índice,112.77036,1,Brasil,12607,PIMPF - Número-índice com ajuste sazonal (2022=100),201210,outubro 2012,129278,1 Bens de capital
1,Brasil,30,Número-índice,,1,Brasil,12607,PIMPF - Número-índice com ajuste sazonal (2022=100),201210,outubro 2012,129280,"110 Bens de capital, exceto equipamentos de transporte industrial"
1,Brasil,30,Número-índice,,1,Brasil,12607,PIMPF - Número-índice com ajuste sazonal (2022=100),201210,outubro 2012,129282,120 Equipamentos de transporte industrial
1,Brasil,30,Número-índice,109.46363,1,Brasil,12607,PIMPF - Número-índice com ajuste sazonal (2022=100),201211,novembro 2012,129278,1 Bens de capital
1,Brasil,30,Número-índice,,1,Brasil,12607,PIMPF - Número-índice com ajuste sazonal (2022=100),201211,novembro 2012,129280,"110 Bens de capital, exceto equipamentos de transporte industrial"
1,Brasil,30,Número-índice,,1,Brasil,12607,PIMPF - Número-índice com ajuste sazonal (2022=100),201211,novembro 2012,129282,120 Equipamentos de transporte industrial
1,Brasil,30,Número-índice,111.61656,1,Brasil,12607,PIMPF - Número-índice com ajuste sazonal (2022=100),201212,dezembro 2012,129278,1 Bens de capital
1,Brasil,30,Número-índice,,1,Brasil,12607,PIMPF - Número-índice com ajuste sazonal (2022=100),201212,dezembro 2012,129280,"110 Bens de capital, exceto equipamentos de transporte industrial"
1,Brasil,30,Número-índice,,1,Brasil,12607,PIMPF - Número-índice com ajuste sazonal (2022=100),201212,dezembro 2012,129282,120 Equipamentos de transporte industrial
1,Brasil,30,Número-índice,120.4063,1,Brasil,12607,PIMPF - Número-índice com ajuste sazonal (2022=100),201301,janeiro 2013,129278,1 Bens de capital
1,Brasil,30,Número-índice,,1,Brasil,12607,PIMPF - Número-índice com ajuste sazonal (2022=100),201301,janeiro 2013,129280,"110 Bens de capital, exceto equipamentos de transporte industrial"
1,Brasil,30,Número-índice,,1,Brasil,12607,PIMPF - Número-índice com ajuste sazonal (2022=100),201301,janeiro 2013,129282,120 Equipamentos de transporte industrial
1,Brasil,30,Número-índice,122.73034,1,Brasil,12607,PIMPF - Número-índice com ajuste sazonal (2022=100),201302,fevereiro 2013,129278,1 Bens de capital
1,Brasil,30,Número-índice,,1,Brasil,12607,PIMPF - Número-índice com ajuste sazonal (2022=100),201302,fevereiro 2013,129280,"110 Bens de capital, exceto equipamentos de transporte industrial"
1,Brasil,30,Número-índice,,1,Brasil,12607,PIMPF - Número-índice com ajuste sazonal (2022=100),201302,fevereiro 2013,129282,120 Equipamentos de transporte industrial
1,Brasil,30,Número-índice,125.02142,1,Brasil,12607,PIMPF - Número-índice com ajuste sazonal (2022=100),201303,março 2013,129278,1 Bens de capital
1,Brasil,30,Número-índice,,1,Brasil,12607,PIMPF - Número-índice com ajuste sazonal (2022=100),201303,março 2013,129280,"110 Bens de capital, exceto equipamentos de transporte industrial"
1,Brasil,30,Número-índice,,1,Brasil,12607,PIMPF - Número-índice com ajuste sazonal (2022=100),201303,março 2013,129282,120 Equipamentos de transporte industrial
1,Brasil,30,Número-índice,133.3222,1,Brasil,12607,PIMPF - Número-índice com ajuste sazonal (2022=100),201304,abril 2013,129278,1 Bens de capital
1,Brasil,30,Número-índice,,1,Brasil,12607,PIMPF - Número-índice com ajuste sazonal (2022=100),201304,abril 2013,129280,"110 Bens de capital, exceto equipamentos de transporte industrial"
1,Brasil,30,Número-índice,,1,Brasil,12607,PIMPF - Número-índice com ajuste sazonal (2022=100),201304,abril 2013,129282,120 Equipamentos de transporte industrial
1,Brasil,30,Número-índice,126.94808,1,Brasil,12607,PIMPF - Número-índice com ajuste sazonal (2022=100),201305,maio 2013,129278,1 Bens de capital
1,Brasil,30,Número-índice,,1,Brasil,12607,PIMPF - Número-índice com ajuste sazonal (2022=100),201305,maio 2013,129280,"110 Bens de capital, exceto equipamentos de transporte industrial"
1,Brasil,30,Número-índice,,1,Brasil,12607,PIMPF - Número-índice com ajuste sazonal (2022=100),201305,maio 2013,129282,120 Equipamentos de transporte industrial
1,Brasil,30,Número-índice,131.01593,1,Brasil,12607,PIMPF - Número-índice com ajuste sazonal (2022=100),201306,junho 2013,129278,1 Bens de capital
1,Brasil,30,Número-índice,,1,Brasil,12607,PIMPF - Número-índice com ajuste sazonal (2022=100),201306,junho 2013,129280,"110 Bens de capital, exceto equipamentos de transporte industrial"
1,Brasil,30,Número-índice,,1,Brasil,12607,PIMPF - Número-índice com ajuste sazonal (2022=100),201306,junho 2013,129282,120 Equipamentos de transporte industrial
1,Brasil,30,Número-índice,128.43442,1,Brasil,12607,PIMPF - Número-índice com ajuste sazonal (2022=100),201307,julho 2013,129278,1 Bens de capital
1,Brasil,30,Número-índice,,1,Brasil,12607,PIMPF - Número-índice com ajuste sazonal (2022=100),201307,julho 2013,129280,"110 Bens de capital, exceto equipamentos de transporte industrial"
1,Brasil,30,Número-índice,,1,Brasil,12607,PIMPF - Número-índice com ajuste sazonal (2022=100),201307,julho 2013,129282,120 Equipamentos de transporte industrial
1,Brasil,30,Número-índice,130.58595,1,Brasil,12607,PIMPF - Número-índice com ajuste sazonal (2022=100),201308,agosto 2013,129278,1 Bens de capital
1,Brasil,30,Número-índice,,1,Brasil,12607,PIMPF - Número-índice com ajuste sazonal (2022=100),201308,agosto 2013,129280,"110 Bens de capital, exceto equipamentos de transporte industrial"
1,Brasil,30,Número-índice,,1,Brasil,12607,PIMPF - Número-índice com ajuste sazonal (2022=100),201308,agosto 2013,129282,120 Equipamentos de transporte industrial
1,Brasil,30,Número-índice,134.23269,1,Brasil,12607,PIMPF - Número-índice com ajuste sazonal (2022=100),201309,setembro 2013,129278,1 Bens de capital
1,Brasil,30,Número-índice,,1,Brasil,12607,PIMPF - Número-índice com ajuste sazonal (2022=100),201309,setembro 2013,129280,"110 Bens de capital, exceto equipamentos de transporte industrial"
1,Brasil,30,Número-índice,,1,Brasil,12607,PIMPF - Número-índice com ajuste sazonal (2022=100),201309,setembro 2013,129282,120 Equipamentos de transporte industrial
1,Brasil,30,Número-índice,132.36583,1,Brasil,12607,PIMPF - Número-índice com ajuste sazonal (2022=100),201310,outubro 2013,129278,1 Bens de capital
1,Brasil,30,Número-índice,,1,Brasil,12607,PIMPF - Número-índice com ajuste sazonal (2022=100),201310,outubro 2013,129280,"110 Bens de capital, exceto equipamentos de transporte industrial"
1,Brasil,30,Número-índice,,1,Brasil,12607,PIMPF - Número-índice com ajuste sazonal (2022=100),201310,outubro 2013,129282,120 Equipamentos de transporte industrial
1,Brasil,30,Número-índice,125.97953,1,Brasil,12607,PIMPF - Número-índice com ajuste sazonal (2022=100),201311,novembro 2013,129278,1 Bens de capital
1,Brasil,30,Número-índice,,1,Brasil,12607,PIMPF - Número-índice com ajuste sazonal (2022=100),201311,novembro 2013,129280,"110 Bens de capital, exceto equipamentos de transporte industrial"
1,Brasil,30,Número-índice,,1,Brasil,12607,PIMPF - Número-índice com ajuste sazonal (2022=100),201311,novembro 2013,129282,120 Equipamentos de transporte industrial
1,Brasil,30,Número-índice,105.21388,1,Brasil,12607,PIMPF - Número-índice com ajuste sazonal (2022=100),201312,dezembro 2013,129278,1 Bens de capital
1,Brasil,30,Número-índice,,1,Brasil,12607,PIMPF - Número-índice com ajuste sazonal (2022=100),201312,dezembro 2013,129280,"110 Bens de capital, exceto equipamentos de transporte industrial"
1,Brasil,30,Número-índice,,1,Brasil,12607,PIMPF - Número-índice com ajuste sazonal (2022=100),201312,dezembro 2013,129282,120 Equipamentos de transporte industrial
1,Brasil,30,Número-índice,122.10187,1,Brasil,12607,PIMPF - Número-índice com ajuste sazonal (2022=100),201401,janeiro 2014,129278,1 Bens de capital
1,Brasil,30,Número-índice,,1,Brasil,12607,PIMPF - Número-índice com ajuste sazonal (2022=100),201401,janeiro 2014,129280,"110 Bens de capital, exceto equipamentos de transporte industrial"
1,Brasil,30,Número-índice,,1,Brasil,12607,PIMPF - Número-índice com ajuste sazonal (2022=100),201401,janeiro 2014,129282,120 Equipamentos de transporte industrial
1,Brasil,30,Número-índice,125.48616,1,Brasil,12607,PIMPF - Número-índice com ajuste sazonal (2022=100),201402,fevereiro 2014,129278,1 Bens de capital
1,Brasil,30,Número-índice,,1,Brasil,12607,PIMPF - Número-índice com ajuste sazonal (2022=100),201402,fevereiro 2014,129280,"110 Bens de capital, exceto equipamentos de transporte industrial"
1,Brasil,30,Número-índice,,1,Brasil,12607,PIMPF - Número-índice com ajuste sazonal (2022=100),201402,fevereiro 2014,129282,120 Equipamentos de transporte industrial
1,Brasil,30,Número-índice,120.06153,1,Brasil,12607,PIMPF - Número-índice com ajuste sazonal (2022=100),201403,março 2014,129278,1 Bens de capital
1,Brasil,30,Número-índice,,1,Brasil,12607,PIMPF - Número-índice com ajuste sazonal (2022=100),201403,março 2014,129280,"110 Bens de capital, exceto equipamentos de transporte industrial"
1,Brasil,30,Número-índice,,1,Brasil,12607,PIMPF - Número-índice com ajuste sazonal (2022=100),201403,março 2014,129282,120 Equipamentos de transporte industrial
1,Brasil,30,Número-índice,119.01983,1,Brasil,12607,PIMPF - Número-índice com ajuste sazonal (2022=100),201404,abril 2014,129278,1 Bens de capital
1,Brasil,30,Número-índice,,1,Brasil,12607,PIMPF - Número-índice com ajuste sazonal (2022=100),201404,abril 2014,129280,"110 Bens de capital, exceto equipamentos de transporte industrial"
1,Brasil,30,Número-índice,,1,Brasil,12607,PIMPF - Número-índice com ajuste sazonal (2022=100),201404,abril 2014,129282,120 Equipamentos de transporte industrial
1,Brasil,30,Número-índice,115.7685,1,Brasil,12607,PIMPF - Número-índice com ajuste sazonal (2022=100),201405,maio 2014,129278,1 Bens de capital
1,Brasil,30,Número-índice,,1,Brasil,12607,PIMPF - Número-índice com ajuste sazonal (2022=100),201405,maio 2014,129280,"110 Bens de capital, exceto equipamentos de transporte industrial"
1,Brasil,30,Número-índice,,1,Brasil,12607,PIMPF - Número-índice com ajuste sazonal (2022=100),201405,maio 2014,129282,120 Equipamentos de transporte industrial
1,Brasil,30,Número-índice,104.62345,1,Brasil,12607,PIMPF - Número-índice com ajuste sazonal (2022=100),201406,junho 2014,129278,1 Bens de capital
1,Brasil,30,Número-índice,,1,Brasil,12607,PIMPF - Número-índice com ajuste sazonal (2022=100),201406,junho 2014,129280,"110 Bens de capital, exceto equipamentos de transporte industrial"
1,Brasil,30,Número-índice,,1,Brasil,12607,PIMPF - Número-índice com ajuste sazonal (2022=100),201406,junho 2014,129282,120 Equipamentos de transporte industrial
1,Brasil,30,Número-índice,115.01767,1,Brasil,12607,PIMPF - Número-índice com ajuste sazonal (2022=100),201407,julho 2014,129278,1 Bens de capital
1,Brasil,30,Número-índice,,1,Brasil,12607,PIMPF - Número-índice com ajuste sazonal (2022=100),201407,julho 2014,129280,"110 Bens de capital, exceto equipamentos de transporte industrial"
1,Brasil,30,Número-índice,,1,Brasil,12607,PIMPF - Número-índice com ajuste sazonal (2022=100),201407,julho 2014,129282,120 Equipamentos de transporte industrial
1,Brasil,30,Número-índice,114.38521,1,Brasil,12607,PIMPF - Número-índice com ajuste sazonal (2022=100),201408,agosto 2014,129278,1 Bens de capital
1,Brasil,30,Número-índice,,1,Brasil,12607,PIMPF - Número-índice com ajuste sazonal (2022=100),201408,agosto 2014,129280,"110 Bens de capital, exceto equipamentos de transporte industrial"
1,Brasil,30,Número-índice,,1,Brasil,12607,PIMPF - Número-índice com ajuste sazonal (2022=100),201408,agosto 2014,129282,120 Equipamentos de transporte industrial
1,Brasil,30,Número-índice,116.25948,1,Brasil,12607,PIMPF - Número-índice com ajuste sazonal (2022=100),201409,setembro 2014,129278,1 Bens de capital
1,Brasil,30,Número-índice,,1,Brasil,12607,PIMPF - Número-índice com ajuste sazonal (2022=100),201409,setembro 2014,129280,"110 Bens de capital, exceto equipamentos de transporte industrial"
1,Brasil,30,Número-índice,,1,Brasil,12607,PIMPF - Número-índice com ajuste sazonal (2022=100),201409,setembro 2014,129282,120 Equipamentos de transporte industrial
1,Brasil,30,Número-índice,115.66603,1,Brasil,12607,PIMPF - Número-índice com ajuste sazonal (2022=100),201410,outubro 2014,129278,1 Bens de capital
1,Brasil,30,Número-índice,,1,Brasil,12607,PIMPF - Número-índice com ajuste sazonal (2022=100),201410,outubro 2014,129280,"110 Bens de capital, exceto equipamentos de transporte industrial"
1,Brasil,30,Número-índice,,1,Brasil,12607,PIMPF - Número-índice com ajuste sazonal (2022=100),201410,outubro 2014,129282,120 Equipamentos de transporte industrial
1,Brasil,30,Número-índice,114.74362,1,Brasil,12607,PIMPF - Número-índice com ajuste sazonal (2022=100),201411,novembro 2014,129278,1 Bens de capital
1,Brasil,30,Número-índice,,1,Brasil,12607,PIMPF - Número-índice com ajuste sazonal (2022=100),201411,novembro 2014,129280,"110 Bens de capital, exceto equipamentos de transporte industrial"
1,Brasil,30,Número-índice,,1,Brasil,12607,PIMPF - Número-índice com ajuste sazonal (2022=100),201411,novembro 2014,129282,120 Equipamentos de transporte industrial
1,Brasil,30,Número-índice,91.79303,1,Brasil,12607,PIMPF - Número-índice com ajuste sazonal (2022=100),201412,dezembro 2014,129278,1 Bens de capital
1,Brasil,30,Número-índice,,1,Brasil,12607,PIMPF - Número-índice com ajuste sazonal (2022=100),201412,dezembro 2014,129280,"110 Bens de capital, exceto equipamentos de transporte industrial"
1,Brasil,30,Número-índice,,1,Brasil,12607,PIMPF - Número-índice com ajuste sazonal (2022=100),201412,dezembro 2014,129282,120 Equipamentos de transporte industrial
1,Brasil,30,Número-índice,106.21425,1,Brasil,12607,PIMPF - Número-índice com ajuste sazonal (2022=100),201501,janeiro 2015,129278,1 Bens de capital
1,Brasil,30,Número-índice,,1,Brasil,12607,PIMPF - Número-índice com ajuste sazonal (2022=100),201501,janeiro 2015,129280,"110 Bens de capital, exceto equipamentos de transporte industrial"
1,Brasil,30,Número-índice,,1,Brasil,12607,PIMPF - Número-índice com ajuste sazonal (2022=100),201501,janeiro 2015,129282,120 Equipamentos de transporte industrial
1,Brasil,30,Número-índice,101.41871,1,Brasil,12607,PIMPF - Número-índice com ajuste sazonal (2022=100),201502,fevereiro 2015,129278,1 Bens de capital
1,Brasil,30,Número-índice,,1,Brasil,12607,PIMPF - Número-índice com ajuste sazonal (2022=100),201502,fevereiro 2015,129280,"110 Bens de capital, exceto equipamentos de transporte industrial"
1,Brasil,30,Número-índice,,1,Brasil,12607,PIMPF - Número-índice com ajuste sazonal (2022=100),201502,fevereiro 2015,129282,120 Equipamentos de transporte industrial
1,Brasil,30,Número-índice,97.26215,1,Brasil,12607,PIMPF - Número-índice com ajuste sazonal (2022=100),201503,março 2015,129278,1 Bens de capital
1,Brasil,30,Número-índice,,1,Brasil,12607,PIMPF - Número-índice com ajuste sazonal (2022=100),201503,março 2015,129280,"110 Bens de capital, exceto equipamentos de transporte industrial"
1,Brasil,30,Número-índice,,1,Brasil,12607,PIMPF - Número-índice com ajuste sazonal (2022=100),201503,março 2015,129282,120 Equipamentos de transporte industrial
1,Brasil,30,Número-índice,92.59153,1,Brasil,12607,PIMPF - Número-índice com ajuste sazonal (2022=100),201504,abril 2015,129278,1 Bens de capital
1,Brasil,30,Número-índice,,1,Brasil,12607,PIMPF - Número-índice com ajuste sazonal (2022=100),201504,abril 2015,129280,"110 Bens de capital, exceto equipamentos de transporte industrial"
1,Brasil,30,Número-índice,,1,Brasil,12607,PIMPF - Número-índice com ajuste sazonal (2022=100),201504,abril 2015,129282,120 Equipamentos de transporte industrial
1,Brasil,30,Número-índice,88.57985,1,Brasil,12607,PIMPF - Número-índice com ajuste sazonal (2022=100),201505,maio 2015,129278,1 Bens de capital
1,Brasil,30,Número-índice,,1,Brasil,12607,PIMPF - Número-índice com ajuste sazonal (2022=100),201505,maio 2015,129280,"110 Bens de capital, exceto equipamentos de transporte industrial"
1,Brasil,30,Número-índice,,1,Brasil,12607,PIMPF - Número-índice com ajuste sazonal (2022=100),201505,maio 2015,129282,120 Equipamentos de transporte industrial
1,Brasil,30,Número-índice,83.94166,1,Brasil,12607,PIMPF - Número-índice com ajuste sazonal (2022=100),201506,junho 2015,129278,1 Bens de capital
1,Brasil,30,Número-índice,,1,Brasil,12607,PIMPF - Número-índice com ajuste sazonal (2022=100),201506,junho 2015,129280,"110 Bens de capital, exceto equipamentos de transporte industrial"
1,Brasil,30,Número-índice,,1,Brasil,12607,PIMPF - Número-índice com ajuste sazonal (2022=100),201506,junho 2015,129282,120 Equipamentos de transporte industrial
1,Brasil,30,Número-índice,82.56892,1,Brasil,12607,PIMPF - Número-índice com ajuste sazonal (2022=100),201507,julho 2015,129278,1 Bens de capital
1,Brasil,30,Número-índice,,1,Brasil,12607,PIMPF - Número-índice com ajuste sazonal (2022=100),201507,julho 2015,129280,"110 Bens de capital, exceto equipamentos de transporte industrial"
1,Brasil,30,Número-índice,,1,Brasil,12607,PIMPF - Número-índice com ajuste sazonal (2022=100),201507,julho 2015,129282,120 Equipamentos de transporte industrial
1,Brasil,30,Número-índice,76.638,1,Brasil,12607,PIMPF - Número-índice com ajuste sazonal (2022=100),201508,agosto 2015,129278,1 Bens de capital
1,Brasil,30,Número-índice,,1,Brasil,12607,PIMPF - Número-índice com ajuste sazonal (2022=100),201508,agosto 2015,129280,"110 Bens de capital, exceto equipamentos de transporte industrial"
1,Brasil,30,Número-índice,,1,Brasil,12607,PIMPF - Número-índice com ajuste sazonal (2022=100),201508,agosto 2015,129282,120 Equipamentos de transporte industrial
1,Brasil,30,Número-índice,78.42629,1,Brasil,12607,PIMPF - Número-índice com ajuste sazonal (2022=100),201509,setembro 2015,129278,1 Bens de capital
1,Brasil,30,Número-índice,,1,Brasil,12607,PIMPF - Número-índice com ajuste sazonal (2022=100),201509,setembro 2015,129280,"110 Bens de capital, exceto equipamentos de transporte industrial"
1,Brasil,30,Número-índice,,1,Brasil,12607,PIMPF - Número-índice com ajuste sazonal (2022=100),201509,setembro 2015,129282,120 Equipamentos de transporte industrial
1,Brasil,30,Número-índice,76.33879,1,Brasil,12607,PIMPF - Número-índice com ajuste sazonal (2022=100),201510,outubro 2015,129278,1 Bens de capital
1,Brasil,30,Número-índice,,1,Brasil,12607,PIMPF - Número-índice com ajuste sazonal (2022=100),201510,outubro 2015,129280,"110 Bens de capital, exceto equipamentos de transporte industrial"
1,Brasil,30,Número-índice,,1,Brasil,12607,PIMPF - Número-índice com ajuste sazonal (2022=100),201510,outubro 2015,129282,120 Equipamentos de transporte industrial
1,Brasil,30,Número-índice,77.85244,1,Brasil,12607,PIMPF - Número-índice com ajuste sazonal (2022=100),201511,novembro 2015,129278,1 Bens de capital
1,Brasil,30,Número-índice,,1,Brasil,12607,PIMPF - Número-índice com ajuste sazonal (2022=100),201511,novembro 2015,129280,"110 Bens de capital, exceto equipamentos de transporte industrial"
1,Brasil,30,Número-índice,,1,Brasil,12607,PIMPF - Número-índice com ajuste sazonal (2022=100),201511,novembro 2015,129282,120 Equipamentos de transporte industrial
1,Brasil,30,Número-índice,64.32992,1,Brasil,12607,PIMPF - Número-índice com ajuste sazonal (2022=100),201512,dezembro 2015,129278,1 Bens de capital
1,Brasil,30,Número-índice,,1,Brasil,12607,PIMPF - Número-índice com ajuste sazonal (2022=100),201512,dezembro 2015,129280,"110 Bens de capital, exceto equipamentos de transporte industrial"
1,Brasil,30,Número-índice,,1,Brasil,12607,PIMPF - Número-índice com ajuste sazonal (2022=100),201512,dezembro 2015,129282,120 Equipamentos de transporte industrial
1,Brasil,30,Número-índice,76.41318,1,Brasil,12607,PIMPF - Número-índice com ajuste sazonal (2022=100),201601,janeiro 2016,129278,1 Bens de capital
1,Brasil,30,Número-índice,,1,Brasil,12607,PIMPF - Número-índice com ajuste sazonal (2022=100),201601,janeiro 2016,129280,"110 Bens de capital, exceto equipamentos de transporte industrial"
1,Brasil,30,Número-índice,,1,Brasil,12607,PIMPF - Número-índice com ajuste sazonal (2022=100),201601,janeiro 2016,129282,120 Equipamentos de transporte industrial
1,Brasil,30,Número-índice,74.31703,1,Brasil,12607,PIMPF - Número-índice com ajuste sazonal (2022=100),201602,fevereiro 2016,129278,1 Bens de capital
1,Brasil,30,Número-índice,,1,Brasil,12607,PIMPF - Número-índice com ajuste sazonal (2022=100),201602,fevereiro 2016,129280,"110 Bens de capital, exceto equipamentos de transporte industrial"
1,Brasil,30,Número-índice,,1,Brasil,12607,PIMPF - Número-índice com ajuste sazonal (2022=100),201602,fevereiro 2016,129282,120 Equipamentos de transporte industrial
1,Brasil,30,Número-índice,76.17397,1,Brasil,12607,PIMPF - Número-índice com ajuste sazonal (2022=100),201603,março 2016,129278,1 Bens de capital
1,Brasil,30,Número-índice,,1,Brasil,12607,PIMPF - Número-índice com ajuste sazonal (2022=100),201603,março 2016,129280,"110 Bens de capital, exceto equipamentos de transporte industrial"
1,Brasil,30,Número-índice,,1,Brasil,12607,PIMPF - Número-índice com ajuste sazonal (2022=100),201603,março 2016,129282,120 Equipamentos de transporte industrial
1,Brasil,30,Número-índice,76.55901,1,Brasil,12607,PIMPF - Número-índice com ajuste sazonal (2022=100),201604,abril 2016,129278,1 Bens de capital
1,Brasil,30,Número-índice,,1,Brasil,12607,PIMPF - Número-índice com ajuste sazonal (2022=100),201604,abril 2016,129280,"110 Bens de capital, exceto equipamentos de transporte industrial"
1,Brasil,30,Número-índice,,1,Brasil,12607,PIMPF - Número-índice com ajuste sazonal (2022=100),201604,abril 2016,129282,120 Equipamentos de transporte industrial
1,Brasil,30,Número-índice,82.00826,1,Brasil,12607,PIMPF - Número-índice com ajuste sazonal (2022=100),201605,maio 2016,129278,1 Bens de capital
1,Brasil,30,Número-índice,,1,Brasil,12607,PIMPF - Número-índice com ajuste sazonal (2022=100),201605,maio 2016,129280,"110 Bens de capital, exceto equipamentos de transporte industrial"
1,Brasil,30,Número-índice,,1,Brasil,12607,PIMPF - Número-índice com ajuste sazonal (2022=100),201605,maio 2016,129282,120 Equipamentos de transporte industrial
1,Brasil,30,Número-índice,77.65123,1,Brasil,12607,PIMPF - Número-índice com ajuste sazonal (2022=100),201606,junho 2016,129278,1 Bens de capital
1,Brasil,30,Número-índice,,1,Brasil,12607,PIMPF - Número-índice com ajuste sazonal (2022=100),201606,junho 2016,129280,"110 Bens de capital, exceto equipamentos de transporte industrial"
1,Brasil,30,Número-índice,,1,Brasil,12607,PIMPF - Número-índice com ajuste sazonal (2022=100),201606,junho 2016,129282,120 Equipamentos de transporte industrial
1,Brasil,30,Número-índice,77.64705,1,Brasil,12607,PIMPF - Número-índice com ajuste sazonal (2022=100),201607,julho 2016,129278,1 Bens de capital
1,Brasil,30,Número-índice,,1,Brasil,12607,PIMPF - Número-índice com ajuste sazonal (2022=100),201607,julho 2016,129280,"110 Bens de capital, exceto equipamentos de transporte industrial"
1,Brasil,30,Número-índice,,1,Brasil,12607,PIMPF - Número-índice com ajuste sazonal (2022=100),201607,julho 2016,129282,120 Equipamentos de transporte industrial
1,Brasil,30,Número-índice,76.16955,1,Brasil,12607,PIMPF - Número-índice com ajuste sazonal (2022=100),201608,agosto 2016,129278,1 Bens de capital
1,Brasil,30,Número-índice,,1,Brasil,12607,PIMPF - Número-índice com ajuste sazonal (2022=100),201608,agosto 2016,129280,"110 Bens de capital, exceto equipamentos de transporte industrial"
1,Brasil,30,Número-índice,,1,Brasil,12607,PIMPF - Número-índice com ajuste sazonal (2022=100),201608,agosto 2016,129282,120 Equipamentos de transporte industrial
1,Brasil,30,Número-índice,75.14509,1,Brasil,12607,PIMPF - Número-índice com ajuste sazonal (2022=100),201609,setembro 2016,129278,1 Bens de capital
1,Brasil,30,Número-índice,,1,Brasil,12607,PIMPF - Número-índice com ajuste sazonal (2022=100),201609,setembro 2016,129280,"110 Bens de capital, exceto equipamentos de transporte industrial"
1,Brasil,30,Número-índice,,1,Brasil,12607,PIMPF - Número-índice com ajuste sazonal (2022=100),201609,setembro 2016,129282,120 Equipamentos de transporte industrial
1,Brasil,30,Número-índice,73.04408,1,Brasil,12607,PIMPF - Número-índice com ajuste sazonal (2022=100),201610,outubro 2016,129278,1 Bens de capital
1,Brasil,30,Número-índice,,1,Brasil,12607,PIMPF - Número-índice com ajuste sazonal (2022=100),201610,outubro 2016,129280,"110 Bens de capital, exceto equipamentos de transporte industrial"
1,Brasil,30,Número-índice,,1,Brasil,12607,PIMPF - Número-índice com ajuste sazonal (2022=100),201610,outubro 2016,129282,120 Equipamentos de transporte industrial
1,Brasil,30,Número-índice,76.71947,1,Brasil,12607,PIMPF - Número-índice com ajuste sazonal (2022=100),201611,novembro 2016,129278,1 Bens de capital
1,Brasil,30,Número-índice,,1,Brasil,12607,PIMPF - Número-índice com ajuste sazonal (2022=100),201611,novembro 2016,129280,"110 Bens de capital, exceto equipamentos de transporte industrial"
1,Brasil,30,Número-índice,,1,Brasil,12607,PIMPF - Número-índice com ajuste sazonal (2022=100),201611,novembro 2016,129282,120 Equipamentos de transporte industrial
1,Brasil,30,Número-índice,76.60416,1,Brasil,12607,PIMPF - Número-índice com ajuste sazonal (2022=100),201612,dezembro 2016,129278,1 Bens de capital
1,Brasil,30,Número-índice,,1,Brasil,12607,PIMPF - Número-índice com ajuste sazonal (2022=100),201612,dezembro 2016,129280,"110 Bens de capital, exceto equipamentos de transporte industrial"
1,Brasil,30,Número-índice,,1,Brasil,12607,PIMPF - Número-índice com ajuste sazonal (2022=100),201612,dezembro 2016,129282,120 Equipamentos de transporte industrial
1,Brasil,30,Número-índice,78.27722,1,Brasil,12607,PIMPF - Número-índice com ajuste sazonal (2022=100),201701,janeiro 2017,129278,1 Bens de capital
1,Brasil,30,Número-índice,,1,Brasil,12607,PIMPF - Número-índice com ajuste sazonal (2022=100),201701,janeiro 2017,129280,"110 Bens de capital, exceto equipamentos de transporte industrial"
1,Brasil,30,Número-índice,,1,Brasil,12607,PIMPF - Número-índice com ajuste sazonal (2022=100),201701,janeiro 2017,129282,120 Equipamentos de transporte industrial
1,Brasil,30,Número-índice,82.68224,1,Brasil,12607,PIMPF - Número-índice com ajuste sazonal (2022=100),201702,fevereiro 2017,129278,1 Bens de capital
1,Brasil,30,Número-índice,,1,Brasil,12607,PIMPF - Número-índice com ajuste sazonal (2022=100),201702,fevereiro 2017,129280,"110 Bens de capital, exceto equipamentos de transporte industrial"
1,Brasil,30,Número-índice,,1,Brasil,12607,PIMPF - Número-índice com ajuste sazonal (2022=100),201702,fevereiro 2017,129282,120 Equipamentos de transporte industrial
1,Brasil,30,Número-índice,77.03404,1,Brasil,12607,PIMPF - Número-índice com ajuste sazonal (2022=100),201703,março 2017,129278,1 Bens de capital
1,Brasil,30,Número-índice,,1,Brasil,12607,PIMPF - Número-índice com ajuste sazonal (2022=100),201703,março 2017,129280,"110 Bens de capital, exceto equipamentos de transporte industrial"
1,Brasil,30,Número-índice,,1,Brasil,12607,PIMPF - Número-índice com ajuste sazonal (2022=100),201703,março 2017,129282,120 Equipamentos de transporte industrial
1,Brasil,30,Número-índice,79.73796,1,Brasil,12607,PIMPF - Número-índice com ajuste sazonal (2022=100),201704,abril 2017,129278,1 Bens de capital
1,Brasil,30,Número-índice,,1,Brasil,12607,PIMPF - Número-índice com ajuste sazonal (2022=100),201704,abril 2017,129280,"110 Bens de capital, exceto equipamentos de transporte industrial"
1,Brasil,30,Número-índice,,1,Brasil,12607,PIMPF - Número-índice com ajuste sazonal (2022=100),201704,abril 2017,129282,120 Equipamentos de transporte industrial
1,Brasil,30,Número-índice,80.06151,1,Brasil,12607,PIMPF - Número-índice com ajuste sazonal (2022=100),201705,maio 2017,129278,1 Bens de capital
1,Brasil,30,Número-índice,,1,Brasil,12607,PIMPF - Número-índice com ajuste sazonal (2022=100),201705,maio 2017,129280,"110 Bens de capital, exceto equipamentos de transporte industrial"
1,Brasil,30,Número-índice,,1,Brasil,12607,PIMPF - Número-índice com ajuste sazonal (2022=100),201705,maio 2017,129282,120 Equipamentos de transporte industrial
1,Brasil,30,Número-índice,82.4389,1,Brasil,12607,PIMPF - Número-índice com ajuste sazonal (2022=100),201706,junho 2017,129278,1 Bens de capital
1,Brasil,30,Número-índice,,1,Brasil,12607,PIMPF - Número-índice com ajuste sazonal (2022=100),201706,junho 2017,129280,"110 Bens de capital, exceto equipamentos de transporte industrial"
1,Brasil,30,Número-índice,,1,Brasil,12607,PIMPF - Número-índice com ajuste sazonal (2022=100),201706,junho 2017,129282,120 Equipamentos de transporte industrial
1,Brasil,30,Número-índice,83.01609,1,Brasil,12607,PIMPF - Número-índice com ajuste sazonal (2022=100),201707,julho 2017,129278,1 Bens de capital
1,Brasil,30,Número-índice,,1,Brasil,12607,PIMPF - Número-índice com ajuste sazonal (2022=100),201707,julho 2017,129280,"110 Bens de capital, exceto equipamentos de transporte industrial"
1,Brasil,30,Número-índice,,1,Brasil,12607,PIMPF - Número-índice com ajuste sazonal (2022=100),201707,julho 2017,129282,120 Equipamentos de transporte industrial
1,Brasil,30,Número-índice,82.76484,1,Brasil,12607,PIMPF - Número-índice com ajuste sazonal (2022=100),201708,agosto 2017,129278,1 Bens de capital
1,Brasil,30,Número-índice,,1,Brasil,12607,PIMPF - Número-índice com ajuste sazonal (2022=100),201708,agosto 2017,129280,"110 Bens de capital, exceto equipamentos de transporte industrial"
1,Brasil,30,Número-índice,,1,Brasil,12607,PIMPF - Número-índice com ajuste sazonal (2022=100),201708,agosto 2017,129282,120 Equipamentos de transporte industrial
1,Brasil,30,Número-índice,82.64989,1,Brasil,12607,PIMPF - Número-índice com ajuste sazonal (2022=100),201709,setembro 2017,129278,1 Bens de capital
1,Brasil,30,Número-índice,,1,Brasil,12607,PIMPF - Número-índice com ajuste sazonal (2022=100),201709,setembro 2017,129280,"110 Bens de capital, exceto equipamentos de transporte industrial"
1,Brasil,30,Número-índice,,1,Brasil,12607,PIMPF - Número-índice com ajuste sazonal (2022=100),201709,setembro 2017,129282,120 Equipamentos de transporte industrial
1,Brasil,30,Número-índice,82.79159,1,Brasil,12607,PIMPF - Número-índice com ajuste sazonal (2022=100),201710,outubro 2017,129278,1 Bens de capital
1,Brasil,30,Número-índice,,1,Brasil,12607,PIMPF - Número-índice com ajuste sazonal (2022=100),201710,outubro 2017,129280,"110 Bens de capital, exceto equipamentos de transporte industrial"
1,Brasil,30,Número-índice,,1,Brasil,12607,PIMPF - Número-índice com ajuste sazonal (2022=100),201710,outubro 2017,129282,120 Equipamentos de transporte industrial
1,Brasil,30,Número-índice,83.48543,1,Brasil,12607,PIMPF - Número-índice com ajuste sazonal (2022=100),201711,novembro 2017,129278,1 Bens de capital
1,Brasil,30,Número-índice,,1,Brasil,12607,PIMPF - Número-índice com ajuste sazonal (2022=100),201711,novembro 2017,129280,"110 Bens de capital, exceto equipamentos de transporte industrial"
1,Brasil,30,Número-índice,,1,Brasil,12607,PIMPF - Número-índice com ajuste sazonal (2022=100),201711,novembro 2017,129282,120 Equipamentos de transporte industrial
1,Brasil,30,Número-índice,87.28637,1,Brasil,12607,PIMPF - Número-índice com ajuste sazonal (2022=100),201712,dezembro 2017,129278,1 Bens de capital
1,Brasil,30,Número-índice,,1,Brasil,12607,PIMPF - Número-índice com ajuste sazonal (2022=100),201712,dezembro 2017,129280,"110 Bens de capital, exceto equipamentos de transporte industrial"
1,Brasil,30,Número-índice,,1,Brasil,12607,PIMPF - Número-índice com ajuste sazonal (2022=100),201712,dezembro 2017,129282,120 Equipamentos de transporte industrial
1,Brasil,30,Número-índice,87.31642,1,Brasil,12607,PIMPF - Número-índice com ajuste sazonal (2022=100),201801,janeiro 2018,129278,1 Bens de capital
1,Brasil,30,Número-índice,,1,Brasil,12607,PIMPF - Número-índice com ajuste sazonal (2022=100),201801,janeiro 2018,129280,"110 Bens de capital, exceto equipamentos de transporte industrial"
1,Brasil,30,Número-índice,,1,Brasil,12607,PIMPF - Número-índice com ajuste sazonal (2022=100),201801,janeiro 2018,129282,120 Equipamentos de transporte industrial
1,Brasil,30,Número-índice,88.16351,1,Brasil,12607,PIMPF - Número-índice com ajuste sazonal (2022=100),201802,fevereiro 2018,129278,1 Bens de capital
1,Brasil,30,Número-índice,,1,Brasil,12607,PIMPF - Número-índice com ajuste sazonal (2022=100),201802,fevereiro 2018,129280,"110 Bens de capital, exceto equipamentos de transporte industrial"
1,Brasil,30,Número-índice,,1,Brasil,12607,PIMPF - Número-índice com ajuste sazonal (2022=100),201802,fevereiro 2018,129282,120 Equipamentos de transporte industrial
1,Brasil,30,Número-índice,91.59141,1,Brasil,12607,PIMPF - Número-índice com ajuste sazonal (2022=100),201803,março 2018,129278,1 Bens de capital
1,Brasil,30,Número-índice,,1,Brasil,12607,PIMPF - Número-índice com ajuste sazonal (2022=100),201803,março 2018,129280,"110 Bens de capital, exceto equipamentos de transporte industrial"
1,Brasil,30,Número-índice,,1,Brasil,12607,PIMPF - Número-índice com ajuste sazonal (2022=100),201803,março 2018,129282,120 Equipamentos de transporte industrial
1,Brasil,30,Número-índice,90.81808,1,Brasil,12607,PIMPF - Número-índice com ajuste sazonal (2022=100),201804,abril 2018,129278,1 Bens de capital
1,Brasil,30,Número-índice,,1,Brasil,12607,PIMPF - Número-índice com ajuste sazonal (2022=100),201804,abril 2018,129280,"110 Bens de capital, exceto equipamentos de transporte industrial"
1,Brasil,30,Número-índice,,1,Brasil,12607,PIMPF - Número-índice com ajuste sazonal (2022=100),201804,abril 2018,129282,120 Equipamentos de transporte industrial
1,Brasil,30,Número-índice,73.30816,1,Brasil,12607,PIMPF - Número-índice com ajuste sazonal (2022=100),201805,maio 2018,129278,1 Bens de capital
1,Brasil,30,Número-índice,,1,Brasil,12607,PIMPF - Número-índice com ajuste sazonal (2022=100),201805,maio 2018,129280,"110 Bens de capital, exceto equipamentos de transporte industrial"
1,Brasil,30,Número-índice,,1,Brasil,12607,PIMPF - Número-índice com ajuste sazonal (2022=100),201805,maio 2018,129282,120 Equipamentos de transporte industrial
1,Brasil,30,Número-índice,91.62319,1,Brasil,12607,PIMPF - Número-índice com ajuste sazonal (2022=100),201806,junho 2018,129278,1 Bens de capital
1,Brasil,30,Número-índice,,1,Brasil,12607,PIMPF - Número-índice com ajuste sazonal (2022=100),201806,junho 2018,129280,"110 Bens de capital, exceto equipamentos de transporte industrial"
1,Brasil,30,Número-índice,,1,Brasil,12607,PIMPF - Número-índice com ajuste sazonal (2022=100),201806,junho 2018,129282,120 Equipamentos de transporte industrial
1,Brasil,30,Número-índice,86.18141,1,Brasil,12607,PIMPF - Número-índice com ajuste sazonal (2022=100),201807,julho 2018,129278,1 Bens de capital
1,Brasil,30,Número-índice,,1,Brasil,12607,PIMPF - Número-índice com ajuste sazonal (2022=100),201807,julho 2018,129280,"110 Bens de capital, exceto equipamentos de transporte industrial"
1,Brasil,30,Número-índice,,1,Brasil,12607,PIMPF - Número-índice com ajuste sazonal (2022=100),201807,julho 2018,129282,120 Equipamentos de transporte industrial
1,Brasil,30,Número-índice,91.87204,1,Brasil,12607,PIMPF - Número-índice com ajuste sazonal (2022=100),201808,agosto 2018,129278,1 Bens de capital
1,Brasil,30,Número-índice,,1,Brasil,12607,PIMPF - Número-índice com ajuste sazonal (2022=100),201808,agosto 2018,129280,"110 Bens de capital, exceto equipamentos de transporte industrial"
1,Brasil,30,Número-índice,,1,Brasil,12607,PIMPF - Número-índice com ajuste sazonal (2022=100),201808,agosto 2018,129282,120 Equipamentos de transporte industrial
1,Brasil,30,Número-índice,88.97097,1,Brasil,12607,PIMPF - Número-índice com ajuste sazonal (2022=100),201809,setembro 2018,129278,1 Bens de capital
1,Brasil,30,Número-índice,,1,Brasil,12607,PIMPF - Número-índice com ajuste sazonal (2022=100),201809,setembro 2018,129280,"110 Bens de capital, exceto equipamentos de transporte industrial"
1,Brasil,30,Número-índice,,1,Brasil,12607,PIMPF - Número-índice com ajuste sazonal (2022=100),201809,setembro 2018,129282,120 Equipamentos de transporte industrial
1,Brasil,30,Número-índice,89.34683,1,Brasil,12607,PIMPF - Número-índice com ajuste sazonal (2022=100),201810,outubro 2018,129278,1 Bens de capital
1,Brasil,30,Número-índice,,1,Brasil,12607,PIMPF - Número-índice com ajuste sazonal (2022=100),201810,outubro 2018,129280,"110 Bens de capital, exceto equipamentos de transporte industrial"
1,Brasil,30,Número-índice,,1,Brasil,12607,PIMPF - Número-índice com ajuste sazonal (2022=100),201810,outubro 2018,129282,120 Equipamentos de transporte industrial
1,Brasil,30,Número-índice,85.99574,1,Brasil,12607,PIMPF - Número-índice com ajuste sazonal (2022=100),201811,novembro 2018,129278,1 Bens de capital
1,Brasil,30,Número-índice,,1,Brasil,12607,PIMPF - Número-índice com ajuste sazonal (2022=100),201811,novembro 2018,129280,"110 Bens de capital, exceto equipamentos de transporte industrial"
1,Brasil,30,Número-índice,,1,Brasil,12607,PIMPF - Número-índice com ajuste sazonal (2022=100),201811,novembro 2018,129282,120 Equipamentos de transporte industrial
1,Brasil,30,Número-índice,84.01726,1,Brasil,12607,PIMPF - Número-índice com ajuste sazonal (2022=100),201812,dezembro 2018,129278,1 Bens de capital
1,Brasil,30,Número-índice,,1,Brasil,12607,PIMPF - Número-índice com ajuste sazonal (2022=100),201812,dezembro 2018,129280,"110 Bens de capital, exceto equipamentos de transporte industrial"
1,Brasil,30,Número-índice,,1,Brasil,12607,PIMPF - Número-índice com ajuste sazonal (2022=100),201812,dezembro 2018,129282,120 Equipamentos de transporte industrial
1,Brasil,30,Número-índice,81.13484,1,Brasil,12607,PIMPF - Número-índice com ajuste sazonal (2022=100),201901,janeiro 2019,129278,1 Bens de capital
1,Brasil,30,Número-índice,,1,Brasil,12607,PIMPF - Número-índice com ajuste sazonal (2022=100),201901,janeiro 2019,129280,"110 Bens de capital, exceto equipamentos de transporte industrial"
1,Brasil,30,Número-índice,,1,Brasil,12607,PIMPF - Número-índice com ajuste sazonal (2022=100),201901,janeiro 2019,129282,120 Equipamentos de transporte industrial
1,Brasil,30,Número-índice,85.87325,1,Brasil,12607,PIMPF - Número-índice com ajuste sazonal (2022=100),201902,fevereiro 2019,129278,1 Bens de capital
1,Brasil,30,Número-índice,,1,Brasil,12607,PIMPF - Número-índice com ajuste sazonal (2022=100),201902,fevereiro 2019,129280,"110 Bens de capital, exceto equipamentos de transporte industrial"
1,Brasil,30,Número-índice,,1,Brasil,12607,PIMPF - Número-índice com ajuste sazonal (2022=100),201902,fevereiro 2019,129282,120 Equipamentos de transporte industrial
1,Brasil,30,Número-índice,87.24154,1,Brasil,12607,PIMPF - Número-índice com ajuste sazonal (2022=100),201903,março 2019,129278,1 Bens de capital
1,Brasil,30,Número-índice,,1,Brasil,12607,PIMPF - Número-índice com ajuste sazonal (2022=100),201903,março 2019,129280,"110 Bens de capital, exceto equipamentos de transporte industrial"
1,Brasil,30,Número-índice,,1,Brasil,12607,PIMPF - Número-índice com ajuste sazonal (2022=100),201903,março 2019,129282,120 Equipamentos de transporte industrial
1,Brasil,30,Número-índice,92.52527,1,Brasil,12607,PIMPF - Número-índice com ajuste sazonal (2022=100),201904,abril 2019,129278,1 Bens de capital
1,Brasil,30,Número-índice,,1,Brasil,12607,PIMPF - Número-índice com ajuste sazonal (2022=100),201904,abril 2019,129280,"110 Bens de capital, exceto equipamentos de transporte industrial"
1,Brasil,30,Número-índice,,1,Brasil,12607,PIMPF - Número-índice com ajuste sazonal (2022=100),201904,abril 2019,129282,120 Equipamentos de transporte industrial
1,Brasil,30,Número-índice,90.478,1,Brasil,12607,PIMPF - Número-índice com ajuste sazonal (2022=100),201905,maio 2019,129278,1 Bens de capital
1,Brasil,30,Número-índice,,1,Brasil,12607,PIMPF - Número-índice com ajuste sazonal (2022=100),201905,maio 2019,129280,"110 Bens de capital, exceto equipamentos de transporte industrial"
1,Brasil,30,Número-índice,,1,Brasil,12607,PIMPF - Número-índice com ajuste sazonal (2022=100),201905,maio 2019,129282,120 Equipamentos de transporte industrial
1,Brasil,30,Número-índice,89.7225,1,Brasil,12607,PIMPF - Número-índice com ajuste sazonal (2022=100),201906,junho 2019,129278,1 Bens de capital
1,Brasil,30,Número-índice,,1,Brasil,12607,PIMPF - Número-índice com ajuste sazonal (2022=100),201906,junho 2019,129280,"110 Bens de capital, exceto equipamentos de transporte industrial"
1,Brasil,30,Número-índice,,1,Brasil,12607,PIMPF - Número-índice com ajuste sazonal (2022=100),201906,junho 2019,129282,120 Equipamentos de transporte industrial
1,Brasil,30,Número-índice,88.67086,1,Brasil,12607,PIMPF - Número-índice com ajuste sazonal (2022=100),201907,julho 2019,129278,1 Bens de capital
1,Brasil,30,Número-índice,,1,Brasil,12607,PIMPF - Número-índice com ajuste sazonal (2022=100),201907,julho 2019,129280,"110 Bens de capital, exceto equipamentos de transporte industrial"
1,Brasil,30,Número-índice,,1,Brasil,12607,PIMPF - Número-índice com ajuste sazonal (2022=100),201907,julho 2019,129282,120 Equipamentos de transporte industrial
1,Brasil,30,Número-índice,88.60095,1,Brasil,12607,PIMPF - Número-índice com ajuste sazonal (2022=100),201908,agosto 2019,129278,1 Bens de capital
1,Brasil,30,Número-índice,,1,Brasil,12607,PIMPF - Número-índice com ajuste sazonal (2022=100),201908,agosto 2019,129280,"110 Bens de capital, exceto equipamentos de transporte industrial"
1,Brasil,30,Número-índice,,1,Brasil,12607,PIMPF - Número-índice com ajuste sazonal (2022=100),201908,agosto 2019,129282,120 Equipamentos de transporte industrial
1,Brasil,30,Número-índice,88.72324,1,Brasil,12607,PIMPF - Número-índice com ajuste sazonal (2022=100),201909,setembro 2019,129278,1 Bens de capital
1,Brasil,30,Número-índice,,1,Brasil,12607,PIMPF - Número-índice com ajuste sazonal (2022=100),201909,setembro 2019,129280,"110 Bens de capital, exceto equipamentos de transporte industrial"
1,Brasil,30,Número-índice,,1,Brasil,12607,PIMPF - Número-índice com ajuste sazonal (2022=100),201909,setembro 2019,129282,120 Equipamentos de transporte industrial
1,Brasil,30,Número-índice,86.17977,1,Brasil,12607,PIMPF - Número-índice com ajuste sazonal (2022=100),201910,outubro 2019,129278,1 Bens de capital
1,Brasil,30,Número-índice,,1,Brasil,12607,PIMPF - Número-índice com ajuste sazonal (2022=100),201910,outubro 2019,129280,"110 Bens de capital, exceto equipamentos de transporte industrial"
1,Brasil,30,Número-índice,,1,Brasil,12607,PIMPF - Número-índice com ajuste sazonal (2022=100),201910,outubro 2019,129282,120 Equipamentos de transporte industrial
1,Brasil,30,Número-índice,85.23522,1,Brasil,12607,PIMPF - Número-índice com ajuste sazonal (2022=100),201911,novembro 2019,129278,1 Bens de capital
1,Brasil,30,Número-índice,,1,Brasil,12607,PIMPF - Número-índice com ajuste sazonal (2022=100),201911,novembro 2019,129280,"110 Bens de capital, exceto equipamentos de transporte industrial"
1,Brasil,30,Número-índice,,1,Brasil,12607,PIMPF - Número-índice com ajuste sazonal (2022=100),201911,novembro 2019,129282,120 Equipamentos de transporte industrial
1,Brasil,30,Número-índice,77.05942,1,Brasil,12607,PIMPF - Número-índice com ajuste sazonal (2022=100),201912,dezembro 2019,129278,1 Bens de capital
1,Brasil,30,Número-índice,,1,Brasil,12607,PIMPF - Número-índice com ajuste sazonal (2022=100),201912,dezembro 2019,129280,"110 Bens de capital, exceto equipamentos de transporte industrial"
1,Brasil,30,Número-índice,,1,Brasil,12607,PIMPF - Número-índice com ajuste sazonal (2022=100),201912,dezembro 2019,129282,120 Equipamentos de transporte industrial
1,Brasil,30,Número-índice,85.38496,1,Brasil,12607,PIMPF - Número-índice com ajuste sazonal (2022=100),202001,janeiro 2020,129278,1 Bens de capital
1,Brasil,30,Número-índice,,1,Brasil,12607,PIMPF - Número-índice com ajuste sazonal (2022=100),202001,janeiro 2020,129280,"110 Bens de capital, exceto equipamentos de transporte industrial"
1,Brasil,30,Número-índice,,1,Brasil,12607,PIMPF - Número-índice com ajuste sazonal (2022=100),202001,janeiro 2020,129282,120 Equipamentos de transporte industrial
1,Brasil,30,Número-índice,85.07003,1,Brasil,12607,PIMPF - Número-índice com ajuste sazonal (2022=100),202002,fevereiro 2020,129278,1 Bens de capital
1,Brasil,30,Número-índice,,1,Brasil,12607,PIMPF - Número-índice com ajuste sazonal (2022=100),202002,fevereiro 2020,129280,"110 Bens de capital, exceto equipamentos de transporte industrial"
1,Brasil,30,Número-índice,,1,Brasil,12607,PIMPF - Número-índice com ajuste sazonal (2022=100),202002,fevereiro 2020,129282,120 Equipamentos de transporte industrial
1,Brasil,30,Número-índice,73.59017,1,Brasil,12607,PIMPF - Número-índice com ajuste sazonal (2022=100),202003,março 2020,129278,1 Bens de capital
1,Brasil,30,Número-índice,,1,Brasil,12607,PIMPF - Número-índice com ajuste sazonal (2022=100),202003,março 2020,129280,"110 Bens de capital, exceto equipamentos de transporte industrial"
1,Brasil,30,Número-índice,,1,Brasil,12607,PIMPF - Número-índice com ajuste sazonal (2022=100),202003,março 2020,129282,120 Equipamentos de transporte industrial
1,Brasil,30,Número-índice,46.52,1,Brasil,12607,PIMPF - Número-índice com ajuste sazonal (2022=100),202004,abril 2020,129278,1 Bens de capital
1,Brasil,30,Número-índice,,1,Brasil,12607,PIMPF - Número-índice com ajuste sazonal (2022=100),202004,abril 2020,129280,"110 Bens de capital, exceto equipamentos de transporte industrial"
1,Brasil,30,Número-índice,,1,Brasil,12607,PIMPF - Número-índice com ajuste sazonal (2022=100),202004,abril 2020,129282,120 Equipamentos de transporte industrial
1,Brasil,30,Número-índice,57.42823,1,Brasil,12607,PIMPF - Número-índice com ajuste sazonal (2022=100),202005,maio 2020,129278,1 Bens de capital
1,Brasil,30,Número-índice,,1,Brasil,12607,PIMPF - Número-índice com ajuste sazonal (2022=100),202005,maio 2020,129280,"110 Bens de capital, exceto equipamentos de transporte industrial"
1,Brasil,30,Número-índice,,1,Brasil,12607,PIMPF - Número-índice com ajuste sazonal (2022=100),202005,maio 2020,129282,120 Equipamentos de transporte industrial
1,Brasil,30,Número-índice,65.54421,1,Brasil,12607,PIMPF - Número-índice com ajuste sazonal (2022=100),202006,junho 2020,129278,1 Bens de capital
1,Brasil,30,Número-índice,,1,Brasil,12607,PIMPF - Número-índice com ajuste sazonal (2022=100),202006,junho 2020,129280,"110 Bens de capital, exceto equipamentos de transporte industrial"
1,Brasil,30,Número-índice,,1,Brasil,12607,PIMPF - Número-índice com ajuste sazonal (2022=100),202006,junho 2020,129282,120 Equipamentos de transporte industrial
1,Brasil,30,Número-índice,73.67487,1,Brasil,12607,PIMPF - Número-índice com ajuste sazonal (2022=100),202007,julho 2020,129278,1 Bens de capital
1,Brasil,30,Número-índice,,1,Brasil,12607,PIMPF - Número-índice com ajuste sazonal (2022=100),202007,julho 2020,129280,"110 Bens de capital, exceto equipamentos de transporte industrial"
1,Brasil,30,Número-índice,,1,Brasil,12607,PIMPF - Número-índice com ajuste sazonal (2022=100),202007,julho 2020,129282,120 Equipamentos de transporte industrial
1,Brasil,30,Número-índice,77.64069,1,Brasil,12607,PIMPF - Número-índice com ajuste sazonal (2022=100),202008,agosto 2020,129278,1 Bens de capital
1,Brasil,30,Número-índice,,1,Brasil,12607,PIMPF - Número-índice com ajuste sazonal (2022=100),202008,agosto 2020,129280,"110 Bens de capital, exceto equipamentos de transporte industrial"
1,Brasil,30,Número-índice,,1,Brasil,12607,PIMPF - Número-índice com ajuste sazonal (2022=100),202008,agosto 2020,129282,120 Equipamentos de transporte industrial
1,Brasil,30,Número-índice,85.99332,1,Brasil,12607,PIMPF - Número-índice com ajuste sazonal (2022=100),202009,setembro 2020,129278,1 Bens de capital
1,Brasil,30,Número-índice,,1,Brasil,12607,PIMPF - Número-índice com ajuste sazonal (2022=100),202009,setembro 2020,129280,"110 Bens de capital, exceto equipamentos de transporte industrial"
1,Brasil,30,Número-índice,,1,Brasil,12607,PIMPF - Número-índice com ajuste sazonal (2022=100),202009,setembro 2020,129282,120 Equipamentos de transporte industrial
1,Brasil,30,Número-índice,90.71246,1,Brasil,12607,PIMPF - Número-índice com ajuste sazonal (2022=100),202010,outubro 2020,129278,1 Bens de capital
1,Brasil,30,Número-índice,,1,Brasil,12607,PIMPF - Número-índice com ajuste sazonal (2022=100),202010,outubro 2020,129280,"110 Bens de capital, exceto equipamentos de transporte industrial"
1,Brasil,30,Número-índice,,1,Brasil,12607,PIMPF - Número-índice com ajuste sazonal (2022=100),202010,outubro 2020,129282,120 Equipamentos de transporte industrial
1,Brasil,30,Número-índice,97.62355,1,Brasil,12607,PIMPF - Número-índice com ajuste sazonal (2022=100),202011,novembro 2020,129278,1 Bens de capital
1,Brasil,30,Número-índice,,1,Brasil,12607,PIMPF - Número-índice com ajuste sazonal (2022=100),202011,novembro 2020,129280,"110 Bens de capital, exceto equipamentos de transporte industrial"
1,Brasil,30,Número-índice,,1,Brasil,12607,PIMPF - Número-índice com ajuste sazonal (2022=100),202011,novembro 2020,129282,120 Equipamentos de transporte industrial
1,Brasil,30,Número-índice,97.38571,1,Brasil,12607,PIMPF - Número-índice com ajuste sazonal (2022=100),202012,dezembro 2020,129278,1 Bens de capital
1,Brasil,30,Número-índice,,1,Brasil,12607,PIMPF - Número-índice com ajuste sazonal (2022=100),202012,dezembro 2020,129280,"110 Bens de capital, exceto equipamentos de transporte industrial"
1,Brasil,30,Número-índice,,1,Brasil,12607,PIMPF - Número-índice com ajuste sazonal (2022=100),202012,dezembro 2020,129282,120 Equipamentos de transporte industrial
1,Brasil,30,Número-índice,103.27768,1,Brasil,12607,PIMPF - Número-índice com ajuste sazonal (2022=100),202101,janeiro 2021,129278,1 Bens de capital
1,Brasil,30,Número-índice,,1,Brasil,12607,PIMPF - Número-índice com ajuste sazonal (2022=100),202101,janeiro 2021,129280,"110 Bens de capital, exceto equipamentos de transporte industrial"
1,Brasil,30,Número-índice,,1,Brasil,12607,PIMPF - Número-índice com ajuste sazonal (2022=100),202101,janeiro 2021,129282,120 Equipamentos de transporte industrial
1,Brasil,30,Número-índice,100.57132,1,Brasil,12607,PIMPF - Número-índice com ajuste sazonal (2022=100),202102,fevereiro 2021,129278,1 Bens de capital
1,Brasil,30,Número-índice,,1,Brasil,12607,PIMPF - Número-índice com ajuste sazonal (2022=100),202102,fevereiro 2021,129280,"110 Bens de capital, exceto equipamentos de transporte industrial"
1,Brasil,30,Número-índice,,1,Brasil,12607,PIMPF - Número-índice com ajuste sazonal (2022=100),202102,fevereiro 2021,129282,120 Equipamentos de transporte industrial
1,Brasil,30,Número-índice,94.7654,1,Brasil,12607,PIMPF - Número-índice com ajuste sazonal (2022=100),202103,março 2021,129278,1 Bens de capital
1,Brasil,30,Número-índice,,1,Brasil,12607,PIMPF - Número-índice com ajuste sazonal (2022=100),202103,março 2021,129280,"110 Bens de capital, exceto equipamentos de transporte industrial"
1,Brasil,30,Número-índice,,1,Brasil,12607,PIMPF - Número-índice com ajuste sazonal (2022=100),202103,março 2021,129282,120 Equipamentos de transporte industrial
1,Brasil,30,Número-índice,98.80849,1,Brasil,12607,PIMPF - Número-índice com ajuste sazonal (2022=100),202104,abril 2021,129278,1 Bens de capital
1,Brasil,30,Número-índice,,1,Brasil,12607,PIMPF - Número-índice com ajuste sazonal (2022=100),202104,abril 2021,129280,"110 Bens de capital, exceto equipamentos de transporte industrial"
1,Brasil,30,Número-índice,,1,Brasil,12607,PIMPF - Número-índice com ajuste sazonal (2022=100),202104,abril 2021,129282,120 Equipamentos de transporte industrial
1,Brasil,30,Número-índice,99.73911,1,Brasil,12607,PIMPF - Número-índice com ajuste sazonal (2022=100),202105,maio 2021,129278,1 Bens de capital
1,Brasil,30,Número-índice,,1,Brasil,12607,PIMPF - Número-índice com ajuste sazonal (2022=100),202105,maio 2021,129280,"110 Bens de capital, exceto equipamentos de transporte industrial"
1,Brasil,30,Número-índice,,1,Brasil,12607,PIMPF - Número-índice com ajuste sazonal (2022=100),202105,maio 2021,129282,120 Equipamentos de transporte industrial
1,Brasil,30,Número-índice,100.75553,1,Brasil,12607,PIMPF - Número-índice com ajuste sazonal (2022=100),202106,junho 2021,129278,1 Bens de capital
1,Brasil,30,Número-índice,,1,Brasil,12607,PIMPF - Número-índice com ajuste sazonal (2022=100),202106,junho 2021,129280,"110 Bens de capital, exceto equipamentos de transporte industrial"
1,Brasil,30,Número-índice,,1,Brasil,12607,PIMPF - Número-índice com ajuste sazonal (2022=100),202106,junho 2021,129282,120 Equipamentos de transporte industrial
1,Brasil,30,Número-índice,103.96022,1,Brasil,12607,PIMPF - Número-índice com ajuste sazonal (2022=100),202107,julho 2021,129278,1 Bens de capital
1,Brasil,30,Número-índice,,1,Brasil,12607,PIMPF - Número-índice com ajuste sazonal (2022=100),202107,julho 2021,129280,"110 Bens de capital, exceto equipamentos de transporte industrial"
1,Brasil,30,Número-índice,,1,Brasil,12607,PIMPF - Número-índice com ajuste sazonal (2022=100),202107,julho 2021,129282,120 Equipamentos de transporte industrial
1,Brasil,30,Número-índice,100.51887,1,Brasil,12607,PIMPF - Número-índice com ajuste sazonal (2022=100),202108,agosto 2021,129278,1 Bens de capital
1,Brasil,30,Número-índice,,1,Brasil,12607,PIMPF - Número-índice com ajuste sazonal (2022=100),202108,agosto 2021,129280,"110 Bens de capital, exceto equipamentos de transporte industrial"
1,Brasil,30,Número-índice,,1,Brasil,12607,PIMPF - Número-índice com ajuste sazonal (2022=100),202108,agosto 2021,129282,120 Equipamentos de transporte industrial
1,Brasil,30,Número-índice,99.34527,1,Brasil,12607,PIMPF - Número-índice com ajuste sazonal (2022=100),202109,setembro 2021,129278,1 Bens de capital
1,Brasil,30,Número-índice,,1,Brasil,12607,PIMPF - Número-índice com ajuste sazonal (2022=100),202109,setembro 2021,129280,"110 Bens de capital, exceto equipamentos de transporte industrial"
1,Brasil,30,Número-índice,,1,Brasil,12607,PIMPF - Número-índice com ajuste sazonal (2022=100),202109,setembro 2021,129282,120 Equipamentos de transporte industrial
1,Brasil,30,Número-índice,102.25768,1,Brasil,12607,PIMPF - Número-índice com ajuste sazonal (2022=100),202110,outubro 2021,129278,1 Bens de capital
1,Brasil,30,Número-índice,,1,Brasil,12607,PIMPF - Número-índice com ajuste sazonal (2022=100),202110,outubro 2021,129280,"110 Bens de capital, exceto equipamentos de transporte industrial"
1,Brasil,30,Número-índice,,1,Brasil,12607,PIMPF - Número-índice com ajuste sazonal (2022=100),202110,outubro 2021,129282,120 Equipamentos de transporte industrial
1,Brasil,30,Número-índice,98.4543,1,Brasil,12607,PIMPF - Número-índice com ajuste sazonal (2022=100),202111,novembro 2021,129278,1 Bens de capital
1,Brasil,30,Número-índice,,1,Brasil,12607,PIMPF - Número-índice com ajuste sazonal (2022=100),202111,novembro 2021,129280,"110 Bens de capital, exceto equipamentos de transporte industrial"
1,Brasil,30,Número-índice,,1,Brasil,12607,PIMPF - Número-índice com ajuste sazonal (2022=100),202111,novembro 2021,129282,120 Equipamentos de transporte industrial
1,Brasil,30,Número-índice,101.81141,1,Brasil,12607,PIMPF - Número-índice com ajuste sazonal (2022=100),202112,dezembro 2021,129278,1 Bens de capital
1,Brasil,30,Número-índice,,1,Brasil,12607,PIMPF - Número-índice com ajuste sazonal (2022=100),202112,dezembro 2021,129280,"110 Bens de capital, exceto equipamentos de transporte industrial"
1,Brasil,30,Número-índice,,1,Brasil,12607,PIMPF - Número-índice com ajuste sazonal (2022=100),202112,dezembro 2021,129282,120 Equipamentos de transporte industrial
1,Brasil,30,Número-índice,99.49287,1,Brasil,12607,PIMPF - Número-índice com ajuste sazonal (2022=100),202201,janeiro 2022,129278,1 Bens de capital
1,Brasil,30,Número-índice,,1,Brasil,12607,PIMPF - Número-índice com ajuste sazonal (2022=100),202201,janeiro 2022,129280,"110 Bens de capital, exceto equipamentos de transporte industrial"
1,Brasil,30,Número-índice,,1,Brasil,12607,PIMPF - Número-índice com ajuste sazonal (2022=100),202201,janeiro 2022,129282,120 Equipamentos de transporte industrial
1,Brasil,30,Número-índice,101.92962,1,Brasil,12607,PIMPF - Número-índice com ajuste sazonal (2022=100),202202,fevereiro 2022,129278,1 Bens de capital
1,Brasil,30,Número-índice,,1,Brasil,12607,PIMPF - Número-índice com ajuste sazonal (2022=100),202202,fevereiro 2022,129280,"110 Bens de capital, exceto equipamentos de transporte industrial"
1,Brasil,30,Número-índice,,1,Brasil,12607,PIMPF - Número-índice com ajuste sazonal (2022=100),202202,fevereiro 2022,129282,120 Equipamentos de transporte industrial
1,Brasil,30,Número-índice,100.15959,1,Brasil,12607,PIMPF - Número-índice com ajuste sazonal (2022=100),202203,março 2022,129278,1 Bens de capital
1,Brasil,30,Número-índice,,1,Brasil,12607,PIMPF - Número-índice com ajuste sazonal (2022=100),202203,março 2022,129280,"110 Bens de capital, exceto equipamentos de transporte industrial"
1,Brasil,30,Número-índice,,1,Brasil,12607,PIMPF - Número-índice com ajuste sazonal (2022=100),202203,março 2022,129282,120 Equipamentos de transporte industrial
1,Brasil,30,Número-índice,101.06944,1,Brasil,12607,PIMPF - Número-índice com ajuste sazonal (2022=100),202204,abril 2022,129278,1 Bens de capital
1,Brasil,30,Número-índice,,1,Brasil,12607,PIMPF - Número-índice com ajuste sazonal (2022=100),202204,abril 2022,129280,"110 Bens de capital, exceto equipamentos de transporte industrial"
1,Brasil,30,Número-índice,,1,Brasil,12607,PIMPF - Número-índice com ajuste sazonal (2022=100),202204,abril 2022,129282,120 Equipamentos de transporte industrial
1,Brasil,30,Número-índice,103.76663,1,Brasil,12607,PIMPF - Número-índice com ajuste sazonal (2022=100),202205,maio 2022,129278,1 Bens de capital
1,Brasil,30,Número-índice,,1,Brasil,12607,PIMPF - Número-índice com ajuste sazonal (2022=100),202205,maio 2022,129280,"110 Bens de capital, exceto equipamentos de transporte industrial"
1,Brasil,30,Número-índice,,1,Brasil,12607,PIMPF - Número-índice com ajuste sazonal (2022=100),202205,maio 2022,129282,120 Equipamentos de transporte industrial
1,Brasil,30,Número-índice,100.19908,1,Brasil,12607,PIMPF - Número-índice com ajuste sazonal (2022=100),202206,junho 2022,129278,1 Bens de capital
1,Brasil,30,Número-índice,,1,Brasil,12607,PIMPF - Número-índice com ajuste sazonal (2022=100),202206,junho 2022,129280,"110 Bens de capital, exceto equipamentos de transporte industrial"
1,Brasil,30,Número-índice,,1,Brasil,12607,PIMPF - Número-índice com ajuste sazonal (2022=100),202206,junho 2022,129282,120 Equipamentos de transporte industrial
1,Brasil,30,Número-índice,100.63314,1,Brasil,12607,PIMPF - Número-índice com ajuste sazonal (2022=100),202207,julho 2022,129278,1 Bens de capital
1,Brasil,30,Número-índice,,1,Brasil,12607,PIMPF - Número-índice com ajuste sazonal (2022=100),202207,julho 2022,129280,"110 Bens de capital, exceto equipamentos de transporte industrial"
1,Brasil,30,Número-índice,,1,Brasil,12607,PIMPF - Número-índice com ajuste sazonal (2022=100),202207,julho 2022,129282,120 Equipamentos de transporte industrial
1,Brasil,30,Número-índice,102.61019,1,Brasil,12607,PIMPF - Número-índice com ajuste sazonal (2022=100),202208,agosto 2022,129278,1 Bens de capital
1,Brasil,30,Número-índice,,1,Brasil,12607,PIMPF - Número-índice com ajuste sazonal (2022=100),202208,agosto 2022,129280,"110 Bens de capital, exceto equipamentos de transporte industrial"
1,Brasil,30,Número-índice,,1,Brasil,12607,PIMPF - Número-índice com ajuste sazonal (2022=100),202208,agosto 2022,129282,120 Equipamentos de transporte industrial
1,Brasil,30,Número-índice,97.68938,1,Brasil,12607,PIMPF - Número-índice com ajuste sazonal (2022=100),202209,setembro 2022,129278,1 Bens de capital
1,Brasil,30,Número-índice,,1,Brasil,12607,PIMPF - Número-índice com ajuste sazonal (2022=100),202209,setembro 2022,129280,"110 Bens de capital, exceto equipamentos de transporte industrial"
1,Brasil,30,Número-índice,,1,Brasil,12607,PIMPF - Número-índice com ajuste sazonal (2022=100),202209,setembro 2022,129282,120 Equipamentos de transporte industrial
1,Brasil,30,Número-índice,97.73281,1,Brasil,12607,PIMPF - Número-índice com ajuste sazonal (2022=100),202210,outubro 2022,129278,1 Bens de capital
1,Brasil,30,Número-índice,,1,Brasil,12607,PIMPF - Número-índice com ajuste sazonal (2022=100),202210,outubro 2022,129280,"110 Bens de capital, exceto equipamentos de transporte industrial"
1,Brasil,30,Número-índice,,1,Brasil,12607,PIMPF - Número-índice com ajuste sazonal (2022=100),202210,outubro 2022,129282,120 Equipamentos de transporte industrial
1,Brasil,30,Número-índice,98.82919,1,Brasil,12607,PIMPF - Número-índice com ajuste sazonal (2022=100),202211,novembro 2022,129278,1 Bens de capital
1,Brasil,30,Número-índice,,1,Brasil,12607,PIMPF - Número-índice com ajuste sazonal (2022=100),202211,novembro 2022,129280,"110 Bens de capital, exceto equipamentos de transporte industrial"
1,Brasil,30,Número-índice,,1,Brasil,12607,PIMPF - Número-índice com ajuste sazonal (2022=100),202211,novembro 2022,129282,120 Equipamentos de transporte industrial
1,Brasil,30,Número-índice,98.80575,1,Brasil,12607,PIMPF - Número-índice com ajuste sazonal (2022=100),202212,dezembro 2022,129278,1 Bens de capital
1,Brasil,30,Número-índice,,1,Brasil,12607,PIMPF - Número-índice com ajuste sazonal (2022=100),202212,dezembro 2022,129280,"110 Bens de capital, exceto equipamentos de transporte industrial"
1,Brasil,30,Número-índice,,1,Brasil,12607,PIMPF - Número-índice com ajuste sazonal (2022=100),202212,dezembro 2022,129282,120 Equipamentos de transporte industrial
1,Brasil,30,Número-índice,92.45702,1,Brasil,12607,PIMPF - Número-índice com ajuste sazonal (2022=100),202301,janeiro 2023,129278,1 Bens de capital
1,Brasil,30,Número-índice,,1,Brasil,12607,PIMPF - Número-índice com ajuste sazonal (2022=100),202301,janeiro 2023,129280,"110 Bens de capital, exceto equipamentos de transporte industrial"
1,Brasil,30,Número-índice,,1,Brasil,12607,PIMPF - Número-índice com ajuste sazonal (2022=100),202301,janeiro 2023,129282,120 Equipamentos de transporte industrial
1,Brasil,30,Número-índice,91.95762,1,Brasil,12607,PIMPF - Número-índice com ajuste sazonal (2022=100),202302,fevereiro 2023,129278,1 Bens de capital
1,Brasil,30,Número-índice,,1,Brasil,12607,PIMPF - Número-índice com ajuste sazonal (2022=100),202302,fevereiro 2023,129280,"110 Bens de capital, exceto equipamentos de transporte industrial"
1,Brasil,30,Número-índice,,1,Brasil,12607,PIMPF - Número-índice com ajuste sazonal (2022=100),202302,fevereiro 2023,129282,120 Equipamentos de transporte industrial
1,Brasil,30,Número-índice,97.32211,1,Brasil,12607,PIMPF - Número-índice com ajuste sazonal (2022=100),202303,março 2023,129278,1 Bens de capital
1,Brasil,30,Número-índice,,1,Brasil,12607,PIMPF - Número-índice com ajuste sazonal (2022=100),202303,março 2023,129280,"110 Bens de capital, exceto equipamentos de transporte industrial"
1,Brasil,30,Número-índice,,1,Brasil,12607,PIMPF - Número-índice com ajuste sazonal (2022=100),202303,março 2023,129282,120 Equipamentos de transporte industrial
1,Brasil,30,Número-índice,88.29266,1,Brasil,12607,PIMPF - Número-índice com ajuste sazonal (2022=100),202304,abril 2023,129278,1 Bens de capital
1,Brasil,30,Número-índice,,1,Brasil,12607,PIMPF - Número-índice com ajuste sazonal (2022=100),202304,abril 2023,129280,"110 Bens de capital, exceto equipamentos de transporte industrial"
1,Brasil,30,Número-índice,,1,Brasil,12607,PIMPF - Número-índice com ajuste sazonal (2022=100),202304,abril 2023,129282,120 Equipamentos de transporte industrial
1,Brasil,30,Número-índice,89.28025,1,Brasil,12607,PIMPF - Número-índice com ajuste sazonal (2022=100),202305,maio 2023,129278,1 Bens de capital
1,Brasil,30,Número-índice,,1,Brasil,12607,PIMPF - Número-índice com ajuste sazonal (2022=100),202305,maio 2023,129280,"110 Bens de capital, exceto equipamentos de transporte industrial"
1,Brasil,30,Número-índice,,1,Brasil,12607,PIMPF - Número-índice com ajuste sazonal (2022=100),202305,maio 2023,129282,120 Equipamentos de transporte industrial
1,Brasil,30,Número-índice,88.37991,1,Brasil,12607,PIMPF - Número-índice com ajuste sazonal (2022=100),202306,junho 2023,129278,1 Bens de capital
1,Brasil,30,Número-índice,,1,Brasil,12607,PIMPF - Número-índice com ajuste sazonal (2022=100),202306,junho 2023,129280,"110 Bens de capital, exceto equipamentos de transporte industrial"
1,Brasil,30,Número-índice,,1,Brasil,12607,PIMPF - Número-índice com ajuste sazonal (2022=100),202306,junho 2023,129282,120 Equipamentos de transporte industrial
1,Brasil,30,Número-índice,85.64589,1,Brasil,12607,PIMPF - Número-índice com ajuste sazonal (2022=100),202307,julho 2023,129278,1 Bens de capital
1,Brasil,30,Número-índice,,1,Brasil,12607,PIMPF - Número-índice com ajuste sazonal (2022=100),202307,julho 2023,129280,"110 Bens de capital, exceto equipamentos de transporte industrial"
1,Brasil,30,Número-índice,,1,Brasil,12607,PIMPF - Número-índice com ajuste sazonal (2022=100),202307,julho 2023,129282,120 Equipamentos de transporte industrial
1,Brasil,30,Número-índice,87.56958,1,Brasil,12607,PIMPF - Número-índice com ajuste sazonal (2022=100),202308,agosto 2023,129278,1 Bens de capital
1,Brasil,30,Número-índice,,1,Brasil,12607,PIMPF - Número-índice com ajuste sazonal (2022=100),202308,agosto 2023,129280,"110 Bens de capital, exceto equipamentos de transporte industrial"
1,Brasil,30,Número-índice,,1,Brasil,12607,PIMPF - Número-índice com ajuste sazonal (2022=100),202308,agosto 2023,129282,120 Equipamentos de transporte industrial
1,Brasil,30,Número-índice,86.33185,1,Brasil,12607,PIMPF - Número-índice com ajuste sazonal (2022=100),202309,setembro 2023,129278,1 Bens de capital
1,Brasil,30,Número-índice,,1,Brasil,12607,PIMPF - Número-índice com ajuste sazonal (2022=100),202309,setembro 2023,129280,"110 Bens de capital, exceto equipamentos de transporte industrial"
1,Brasil,30,Número-índice,,1,Brasil,12607,PIMPF - Número-índice com ajuste sazonal (2022=100),202309,setembro 2023,129282,120 Equipamentos de transporte industrial
1,Brasil,30,Número-índice,84.71643,1,Brasil,12607,PIMPF - Número-índice com ajuste sazonal (2022=100),202310,outubro 2023,129278,1 Bens de capital
1,Brasil,30,Número-índice,,1,Brasil,12607,PIMPF - Número-índice com ajuste sazonal (2022=100),202310,outubro 2023,129280,"110 Bens de capital, exceto equipamentos de transporte industrial"
1,Brasil,30,Número-índice,,1,Brasil,12607,PIMPF - Número-índice com ajuste sazonal (2022=100),202310,outubro 2023,129282,120 Equipamentos de transporte industrial
1,Brasil,30,Número-índice,83.94816,1,Brasil,12607,PIMPF - Número-índice com ajuste sazonal (2022=100),202311,novembro 2023,129278,1 Bens de capital
1,Brasil,30,Número-índice,,1,Brasil,12607,PIMPF - Número-índice com ajuste sazonal (2022=100),202311,novembro 2023,129280,"110 Bens de capital, exceto equipamentos de transporte industrial"
1,Brasil,30,Número-índice,,1,Brasil,12607,PIMPF - Número-índice com ajuste sazonal (2022=100),202311,novembro 2023,129282,120 Equipamentos de transporte industrial
1,Brasil,30,Número-índice,87.62731,1,Brasil,12607,PIMPF - Número-índice com ajuste sazonal (2022=100),202312,dezembro 2023,129278,1 Bens de capital
1,Brasil,30,Número-índice,,1,Brasil,12607,PIMPF - Número-índice com ajuste sazonal (2022=100),202312,dezembro 2023,129280,"110 Bens de capital, exceto equipamentos de transporte industrial"
1,Brasil,30,Número-índice,,1,Brasil,12607,PIMPF - Número-índice com ajuste sazonal (2022=100),202312,dezembro 2023,129282,120 Equipamentos de transporte industrial
1,Brasil,30,Número-índice,91.77657,1,Brasil,12607,PIMPF - Número-índice com ajuste sazonal (2022=100),202401,janeiro 2024,129278,1 Bens de capital
1,Brasil,30,Número-índice,,1,Brasil,12607,PIMPF - Número-índice com ajuste sazonal (2022=100),202401,janeiro 2024,129280,"110 Bens de capital, exceto equipamentos de transporte industrial"
1,Brasil,30,Número-índice,,1,Brasil,12607,PIMPF - Número-índice com ajuste sazonal (2022=100),202401,janeiro 2024,129282,120 Equipamentos de transporte industrial
1,Brasil,30,Número-índice,91.57683,1,Brasil,12607,PIMPF - Número-índice com ajuste sazonal (2022=100),202402,fevereiro 2024,129278,1 Bens de capital
1,Brasil,30,Número-índice,,1,Brasil,12607,PIMPF - Número-índice com ajuste sazonal (2022=100),202402,fevereiro 2024,129280,"110 Bens de capital, exceto equipamentos de transporte industrial"
1,Brasil,30,Número-índice,,1,Brasil,12607,PIMPF - Número-índice com ajuste sazonal (2022=100),202402,fevereiro 2024,129282,120 Equipamentos de transporte industrial
1,Brasil,30,Número-índice,95.14827,1,Brasil,12607,PIMPF - Número-índice com ajuste sazonal (2022=100),202403,março 2024,129278,1 Bens de capital
1,Brasil,30,Número-índice,,1,Brasil,12607,PIMPF - Número-índice com ajuste sazonal (2022=100),202403,março 2024,129280,"110 Bens de capital, exceto equipamentos de transporte industrial"
1,Brasil,30,Número-índice,,1,Brasil,12607,PIMPF - Número-índice com ajuste sazonal (2022=100),202403,março 2024,129282,120 Equipamentos de transporte industrial
1,Brasil,30,Número-índice,97.57721,1,Brasil,12607,PIMPF - Número-índice com ajuste sazonal (2022=100),202404,abril 2024,129278,1 Bens de capital
1,Brasil,30,Número-índice,,1,Brasil,12607,PIMPF - Número-índice com ajuste sazonal (2022=100),202404,abril 2024,129280,"110 Bens de capital, exceto equipamentos de transporte industrial"
1,Brasil,30,Número-índice,,1,Brasil,12607,PIMPF - Número-índice com ajuste sazonal (2022=100),202404,abril 2024,129282,120 Equipamentos de transporte industrial
1,Brasil,30,Número-índice,94.84756,1,Brasil,12607,PIMPF - Número-índice com ajuste sazonal (2022=100),202405,maio 2024,129278,1 Bens de capital
1,Brasil,30,Número-índice,,1,Brasil,12607,PIMPF - Número-índice com ajuste sazonal (2022=100),202405,maio 2024,129280,"110 Bens de capital, exceto equipamentos de transporte industrial"
1,Brasil,30,Número-índice,,1,Brasil,12607,PIMPF - Número-índice com ajuste sazonal (2022=100),202405,maio 2024,129282,120 Equipamentos de transporte industrial
1,Brasil,30,Número-índice,99.82323,1,Brasil,12607,PIMPF - Número-índice com ajuste sazonal (2022=100),202406,junho 2024,129278,1 Bens de capital
1,Brasil,30,Número-índice,,1,Brasil,12607,PIMPF - Número-índice com ajuste sazonal (2022=100),202406,junho 2024,129280,"110 Bens de capital, exceto equipamentos de transporte industrial"
1,Brasil,30,Número-índice,,1,Brasil,12607,PIMPF - Número-índice com ajuste sazonal (2022=100),202406,junho 2024,129282,120 Equipamentos de transporte industrial
1,Brasil,30,Número-índice,96.05657,1,Brasil,12607,PIMPF - Número-índice com ajuste sazonal (2022=100),202407,julho 2024,129278,1 Bens de capital
1,Brasil,30,Número-índice,,1,Brasil,12607,PIMPF - Número-índice com ajuste sazonal (2022=100),202407,julho 2024,129280,"110 Bens de capital, exceto equipamentos de transporte industrial"
1,Brasil,30,Número-índice,,1,Brasil,12607,PIMPF - Número-índice com ajuste sazonal (2022=100),202407,julho 2024,129282,120 Equipamentos de transporte industrial
1,Brasil,30,Número-índice,95.18679,1,Brasil,12607,PIMPF - Número-índice com ajuste sazonal (2022=100),202408,agosto 2024,129278,1 Bens de capital
1,Brasil,30,Número-índice,,1,Brasil,12607,PIMPF - Número-índice com ajuste sazonal (2022=100),202408,agosto 2024,129280,"110 Bens de capital, exceto equipamentos de transporte industrial"
1,Brasil,30,Número-índice,,1,Brasil,12607,PIMPF - Número-índice com ajuste sazonal (2022=100),202408,agosto 2024,129282,120 Equipamentos de transporte industrial
1,Brasil,30,Número-índice,99.33985,1,Brasil,12607,PIMPF - Número-índice com ajuste sazonal (2022=100),202409,setembro 2024,129278,1 Bens de capital
1,Brasil,30,Número-índice,,1,Brasil,12607,PIMPF - Número-índice com ajuste sazonal (2022=100),202409,setembro 2024,129280,"110 Bens de capital, exceto equipamentos de transporte industrial"
1,Brasil,30,Número-índice,,1,Brasil,12607,PIMPF - Número-índice com ajuste sazonal (2022=100),202409,setembro 2024,129282,120 Equipamentos de transporte industrial
1,Brasil,30,Número-índice,96.75332,1,Brasil,12607,PIMPF - Número-índice com ajuste sazonal (2022=100),202410,outubro 2024,129278,1 Bens de capital
1,Brasil,30,Número-índice,,1,Brasil,12607,PIMPF - Número-índice com ajuste sazonal (2022=100),202410,outubro 2024,129280,"110 Bens de capital, exceto equipamentos de transporte industrial"
1,Brasil,30,Número-índice,,1,Brasil,12607,PIMPF - Número-índice com ajuste sazonal (2022=100),202410,outubro 2024,129282,120 Equipamentos de transporte industrial
1,Brasil,30,Número-índice,97.28021,1,Brasil,12607,PIMPF - Número-índice com ajuste sazonal (2022=100),202411,novembro 2024,129278,1 Bens de capital
1,Brasil,30,Número-índice,,1,Brasil,12607,PIMPF - Número-índice com ajuste sazonal (2022=100),202411,novembro 2024,129280,"110 Bens de capital, exceto equipamentos de transporte industrial"
1,Brasil,30,Número-índice,,1,Brasil,12607,PIMPF - Número-índice com ajuste sazonal (2022=100),202411,novembro 2024,129282,120 Equipamentos de transporte industrial
1,Brasil,30,Número-índice,95.10475,1,Brasil,12607,PIMPF - Número-índice com ajuste sazonal (2022=100),202412,dezembro 2024,129278,1 Bens de capital
1,Brasil,30,Número-índice,,1,Brasil,12607,PIMPF - Número-índice com ajuste sazonal (2022=100),202412,dezembro 2024,129280,"110 Bens de capital, exceto equipamentos de transporte industrial"
1,Brasil,30,Número-índice,,1,Brasil,12607,PIMPF - Número-índice com ajuste sazonal (2022=100),202412,dezembro 2024,129282,120 Equipamentos de transporte industrial
1,Brasil,30,Número-índice,97.54221,1,Brasil,12607,PIMPF - Número-índice com ajuste sazonal (2022=100),202501,janeiro 2025,129278,1 Bens de capital
1,Brasil,30,Número-índice,,1,Brasil,12607,PIMPF - Número-índice com ajuste sazonal (2022=100),202501,janeiro 2025,129280,"110 Bens de capital, exceto equipamentos de transporte industrial"
1,Brasil,30,Número-índice,,1,Brasil,12607,PIMPF - Número-índice com ajuste sazonal (2022=100),202501,janeiro 2025,129282,120 Equipamentos de transporte industrial
1,Brasil,30,Número-índice,97.35146,1,Brasil,12607,PIMPF - Número-índice com ajuste sazonal (2022=100),202502,fevereiro 2025,129278,1 Bens de capital
1,Brasil,30,Número-índice,,1,Brasil,12607,PIMPF - Número-índice com ajuste sazonal (2022=100),202502,fevereiro 2025,129280,"110 Bens de capital, exceto equipamentos de transporte industrial"
1,Brasil,30,Número-índice,,1,Brasil,12607,PIMPF - Número-índice com ajuste sazonal (2022=100),202502,fevereiro 2025,129282,120 Equipamentos de transporte industrial
1,Brasil,30,Número-índice,96.03389,1,Brasil,12607,PIMPF - Número-índice com ajuste sazonal (2022=100),202503,março 2025,129278,1 Bens de capital
1,Brasil,30,Número-índice,,1,Brasil,12607,PIMPF - Número-índice com ajuste sazonal (2022=100),202503,março 2025,129280,"110 Bens de capital, exceto equipamentos de transporte industrial"
1,Brasil,30,Número-índice,,1,Brasil,12607,PIMPF - Número-índice com ajuste sazonal (2022=100),202503,março 2025,129282,120 Equipamentos de transporte industrial
1,Brasil,30,Número-índice,96.71129,1,Brasil,12607,PIMPF - Número-índice com ajuste sazonal (2022=100),202504,abril 2025,129278,1 Bens de capital
1,Brasil,30,Número-índice,,1,Brasil,12607,PIMPF - Número-índice com ajuste sazonal (2022=100),202504,abril 2025,129280,"110 Bens de capital, exceto equipamentos de transporte industrial"
1,Brasil,30,Número-índice,,1,Brasil,12607,PIMPF - Número-índice com ajuste sazonal (2022=100),202504,abril 2025,129282,120 Equipamentos de transporte industrial
1,Brasil,30,Número-índice,94.97586,1,Brasil,12607,PIMPF - Número-índice com ajuste sazonal (2022=100),202505,maio 2025,129278,1 Bens de capital
1,Brasil,30,Número-índice,,1,Brasil,12607,PIMPF - Número-índice com ajuste sazonal (2022=100),202505,maio 2025,129280,"110 Bens de capital, exceto equipamentos de transporte industrial"
1,Brasil,30,Número-índice,,1,Brasil,12607,PIMPF - Número-índice com ajuste sazonal (2022=100),202505,maio 2025,129282,120 Equipamentos de transporte industrial
1,Brasil,30,Número-índice,96.15181,1,Brasil,12607,PIMPF - Número-índice com ajuste sazonal (2022=100),202506,junho 2025,129278,1 Bens de capital
1,Brasil,30,Número-índice,,1,Brasil,12607,PIMPF - Número-índice com ajuste sazonal (2022=100),202506,junho 2025,129280,"110 Bens de capital, exceto equipamentos de transporte industrial"
1,Brasil,30,Número-índice,,1,Brasil,12607,PIMPF - Número-índice com ajuste sazonal (2022=100),202506,junho 2025,129282,120 Equipamentos de transporte industrial
1,Brasil,30,Número-índice,94.65283,1,Brasil,12607,PIMPF - Número-índice com ajuste sazonal (2022=100),202507,julho 2025,129278,1 Bens de capital
1,Brasil,30,Número-índice,,1,Brasil,12607,PIMPF - Número-índice com ajuste sazonal (2022=100),202507,julho 2025,129280,"110 Bens de capital, exceto equipamentos de transporte industrial"
1,Brasil,30,Número-índice,,1,Brasil,12607,PIMPF - Número-índice com ajuste sazonal (2022=100),202507,julho 2025,129282,120 Equipamentos de transporte industrial
1,Brasil,30,Número-índice,93.71419,1,Brasil,12607,PIMPF - Número-índice com ajuste sazonal (2022=100),202508,agosto 2025,129278,1 Bens de capital
1,Brasil,30,Número-índice,,1,Brasil,12607,PIMPF - Número-índice com ajuste sazonal (2022=100),202508,agosto 2025,129280,"110 Bens de capital, exceto equipamentos de transporte industrial"
1,Brasil,30,Número-índice,,1,Brasil,12607,PIMPF - Número-índice com ajuste sazonal (2022=100),202508,agosto 2025,129282,120 Equipamentos de transporte industrial
1,Brasil,30,Número-índice,93.81561,1,Brasil,12607,PIMPF - Número-índice com ajuste sazonal (2022=100),202509,setembro 2025,129278,1 Bens de capital
1,Brasil,30,Número-índice,,1,Brasil,12607,PIMPF - Número-índice com ajuste sazonal (2022=100),202509,setembro 2025,129280,"110 Bens de capital, exceto equipamentos de transporte industrial"
1,Brasil,30,Número-índice,,1,Brasil,12607,PIMPF - Número-índice com ajuste sazonal (2022=100),202509,setembro 2025,129282,120 Equipamentos de transporte industrial
1,Brasil,30,Número-índice,94.54826,1,Brasil,12607,PIMPF - Número-índice com ajuste sazonal (2022=100),202510,outubro 2025,129278,1 Bens de capital
1,Brasil,30,Número-índice,,1,Brasil,12607,PIMPF - Número-índice com ajuste sazonal (2022=100),202510,outubro 2025,129280,"110 Bens de capital, exceto equipamentos de transporte industrial"
1,Brasil,30,Número-índice,,1,Brasil,12607,PIMPF - Número-índice com ajuste sazonal (2022=100),202510,outubro 2025,129282,120 Equipamentos de transporte industrial
1,Brasil,30,Número-índice,94.42286,1,Brasil,12607,PIMPF - Número-índice com ajuste sazonal (2022=100),202511,novembro 2025,129278,1 Bens de capital
1,Brasil,30,Número-índice,,1,Brasil,12607,PIMPF - Número-índice com ajuste sazonal (2022=100),202511,novembro 2025,129280,"110 Bens de capital, exceto equipamentos de transporte industrial"
1,Brasil,30,Número-índice,,1,Brasil,12607,PIMPF - Número-índice com ajuste sazonal (2022=100),202511,novembro 2025,129282,120 Equipamentos de transporte industrial
1,Brasil,30,Número-índice,86.46442,1,Brasil,12607,PIMPF - Número-índice com ajuste sazonal (2022=100),202512,dezembro 2025,129278,1 Bens de capital
1,Brasil,30,Número-índice,,1,Brasil,12607,PIMPF - Número-índice com ajuste sazonal (2022=100),202512,dezembro 2025,129280,"110 Bens de capital, exceto equipamentos de transporte industrial"
1,Brasil,30,Número-índice,,1,Brasil,12607,PIMPF - Número-índice com ajuste sazonal (2022=100),202512,dezembro 2025,129282,120 Equipamentos de transporte industrial
1,Brasil,30,Número-índice,88.91666,1,Brasil,12607,PIMPF - Número-índice com ajuste sazonal (2022=100),202601,janeiro 2026,129278,1 Bens de capital
1,Brasil,30,Número-índice,,1,Brasil,12607,PIMPF - Número-índice com ajuste sazonal (2022=100),202601,janeiro 2026,129280,"110 Bens de capital, exceto equipamentos de transporte industrial"
1,Brasil,30,Número-índice,,1,Brasil,12607,PIMPF - Número-índice com ajuste sazonal (2022=100),202601,janeiro 2026,129282,120 Equipamentos de transporte industrial
1,Brasil,30,Número-índice,91.43109,1,Brasil,12607,PIMPF - Número-índice com ajuste sazonal (2022=100),202602,fevereiro 2026,129278,1 Bens de capital
1,Brasil,30,Número-índice,,1,Brasil,12607,PIMPF - Número-índice com ajuste sazonal (2022=100),202602,fevereiro 2026,129280,"110 Bens de capital, exceto equipamentos de transporte industrial"
1,Brasil,30,Número-índice,,1,Brasil,12607,PIMPF - Número-índice com ajuste sazonal (2022=100),202602,fevereiro 2026,129282,120 Equipamentos de transporte industrial
1,Brasil,30,Número-índice,92.00976,1,Brasil,12607,PIMPF - Número-índice com ajuste sazonal (2022=100),202603,março 2026,129278,1 Bens de capital
1,Brasil,30,Número-índice,,1,Brasil,12607,PIMPF - Número-índice com ajuste sazonal (2022=100),202603,março 2026,129280,"110 Bens de capital, exceto equipamentos de transporte industrial"
1,Brasil,30,Número-índice,,1,Brasil,12607,PIMPF - Número-índice com ajuste sazonal (2022=100),202603,março 2026,129282,120 Equipamentos de transporte industrial
1,Brasil,30,Número-índice,91.90004,1,Brasil,12607,PIMPF - Número-índice com ajuste sazonal (2022=100),202604,abril 2026,129278,1 Bens de capital
1,Brasil,30,Número-índice,,1,Brasil,12607,PIMPF - Número-índice com ajuste sazonal (2022=100),202604,abril 2026,129280,"110 Bens de capital, exceto equipamentos de transporte industrial"
1,Brasil,30,Número-índice,,1,Brasil,12607,PIMPF - Número-índice com ajuste sazonal (2022=100),202604,abril 2026,129282,120 Equipamentos de transporte industrial
1,Brasil,30,Número-índice,91.8004,1,Brasil,12607,PIMPF - Número-índice com ajuste sazonal (2022=100),202605,maio 2026,129278,1 Bens de capital
1,Brasil,30,Número-índice,,1,Brasil,12607,PIMPF - Número-índice com ajuste sazonal (2022=100),202605,maio 2026,129280,"110 Bens de capital, exceto equipamentos de transporte industrial"
1,Brasil,30,Número-índice,,1,Brasil,12607,PIMPF - Número-índice com ajuste sazonal (2022=100),202605,maio 2026,129282,120 Equipamentos de transporte industrial
1,Brasil,30,Número-índice,90.83517,1,Brasil,12607,PIMPF - Número-índice com ajuste sazonal (2022=100),202606,junho 2026,129278,1 Bens de capital
1,Brasil,30,Número-índice,,1,Brasil,12607,PIMPF - Número-índice com ajuste sazonal (2022=100),202606,junho 2026,129280,"110 Bens de capital, exceto equipamentos de transporte industrial"
1,Brasil,30,Número-índice,,1,Brasil,12607,PIMPF - Número-índice com ajuste sazonal (2022=100),202606,junho 2026,129282,120 Equipamentos de transporte industrial
1,Brasil,30,Número-índice,92.97172,1,Brasil,12607,PIMPF - Número-índice com ajuste sazonal (2022=100),202607,julho 2026,129278,1 Bens de capital
1,Brasil,30,Número-índice,,1,Brasil,12607,PIMPF - Número-índice com ajuste sazonal (2022=100),202607,julho 2026,129280,"110 Bens de capital, exceto equipamentos de transporte industrial"
1,Brasil,30,Número-índice,,1,Brasil,12607,PIMPF - Número-índice com ajuste sazonal (2022=100),202607,julho 2026,129282,120 Equipamentos de transporte industrial
