Nível Territorial (Código),Nível Territorial,Unidade de Medida (Código),Unidade de Medida,Valor,Brasil (Código),Brasil,Variável (Código),Variável,Mês (Código),Mês,Grandes categorias econômicas (Código),Grandes categorias econômicas
1,Brasil,30,Número-índice,58.19209,1,Brasil,12606,PIMPF - Número-índice (2022=100),200201,janeiro 2002,129278,1 Bens de capital
1,Brasil,30,Número-índice,80.13356,1,Brasil,12606,PIMPF - Número-índice (2022=100),200201,janeiro 2002,129280,"110 Bens de capital, exceto equipamentos de transporte industrial"
1,Brasil,30,Número-índice,37.58228,1,Brasil,12606,PIMPF - Número-índice (2022=100),200201,janeiro 2002,129282,120 Equipamentos de transporte industrial
1,Brasil,30,Número-índice,56.75125,1,Brasil,12606,PIMPF - Número-índice (2022=100),200202,fevereiro 2002,129278,1 Bens de capital
1,Brasil,30,Número-índice,77.88439,1,Brasil,12606,PIMPF - Número-índice (2022=100),200202,fevereiro 2002,129280,"110 Bens de capital, exceto equipamentos de transporte industrial"
1,Brasil,30,Número-índice,36.89645,1,Brasil,12606,PIMPF - Número-índice (2022=100),200202,fevereiro 2002,129282,120 Equipamentos de transporte industrial
1,Brasil,30,Número-índice,64.68231,1,Brasil,12606,PIMPF - Número-índice (2022=100),200203,março 2002,129278,1 Bens de capital
1,Brasil,30,Número-índice,85.99155,1,Brasil,12606,PIMPF - Número-índice (2022=100),200203,março 2002,129280,"110 Bens de capital, exceto equipamentos de transporte industrial"
1,Brasil,30,Número-índice,44.61694,1,Brasil,12606,PIMPF - Número-índice (2022=100),200203,março 2002,129282,120 Equipamentos de transporte industrial
1,Brasil,30,Número-índice,68.89823,1,Brasil,12606,PIMPF - Número-índice (2022=100),200204,abril 2002,129278,1 Bens de capital
1,Brasil,30,Número-índice,88.94196,1,Brasil,12606,PIMPF - Número-índice (2022=100),200204,abril 2002,129280,"110 Bens de capital, exceto equipamentos de transporte industrial"
1,Brasil,30,Número-índice,49.97578,1,Brasil,12606,PIMPF - Número-índice (2022=100),200204,abril 2002,129282,120 Equipamentos de transporte industrial
1,Brasil,30,Número-índice,66.66389,1,Brasil,12606,PIMPF - Número-índice (2022=100),200205,maio 2002,129278,1 Bens de capital
1,Brasil,30,Número-índice,89.99302,1,Brasil,12606,PIMPF - Número-índice (2022=100),200205,maio 2002,129280,"110 Bens de capital, exceto equipamentos de transporte industrial"
1,Brasil,30,Número-índice,44.72166,1,Brasil,12606,PIMPF - Número-índice (2022=100),200205,maio 2002,129282,120 Equipamentos de transporte industrial
1,Brasil,30,Número-índice,61.71547,1,Brasil,12606,PIMPF - Número-índice (2022=100),200206,junho 2002,129278,1 Bens de capital
1,Brasil,30,Número-índice,83.14718,1,Brasil,12606,PIMPF - Número-índice (2022=100),200206,junho 2002,129280,"110 Bens de capital, exceto equipamentos de transporte industrial"
1,Brasil,30,Número-índice,41.55499,1,Brasil,12606,PIMPF - Número-índice (2022=100),200206,junho 2002,129282,120 Equipamentos de transporte industrial
1,Brasil,30,Número-índice,67.96085,1,Brasil,12606,PIMPF - Número-índice (2022=100),200207,julho 2002,129278,1 Bens de capital
1,Brasil,30,Número-índice,93.50391,1,Brasil,12606,PIMPF - Número-índice (2022=100),200207,julho 2002,129280,"110 Bens de capital, exceto equipamentos de transporte industrial"
1,Brasil,30,Número-índice,43.96671,1,Brasil,12606,PIMPF - Número-índice (2022=100),200207,julho 2002,129282,120 Equipamentos de transporte industrial
1,Brasil,30,Número-índice,64.58088,1,Brasil,12606,PIMPF - Número-índice (2022=100),200208,agosto 2002,129278,1 Bens de capital
1,Brasil,30,Número-índice,86.08965,1,Brasil,12606,PIMPF - Número-índice (2022=100),200208,agosto 2002,129280,"110 Bens de capital, exceto equipamentos de transporte industrial"
1,Brasil,30,Número-índice,44.33192,1,Brasil,12606,PIMPF - Número-índice (2022=100),200208,agosto 2002,129282,120 Equipamentos de transporte industrial
1,Brasil,30,Número-índice,64.59495,1,Brasil,12606,PIMPF - Número-índice (2022=100),200209,setembro 2002,129278,1 Bens de capital
1,Brasil,30,Número-índice,86.27091,1,Brasil,12606,PIMPF - Número-índice (2022=100),200209,setembro 2002,129280,"110 Bens de capital, exceto equipamentos de transporte industrial"
1,Brasil,30,Número-índice,44.19154,1,Brasil,12606,PIMPF - Número-índice (2022=100),200209,setembro 2002,129282,120 Equipamentos de transporte industrial
1,Brasil,30,Número-índice,70.96734,1,Brasil,12606,PIMPF - Número-índice (2022=100),200210,outubro 2002,129278,1 Bens de capital
1,Brasil,30,Número-índice,95.40697,1,Brasil,12606,PIMPF - Número-índice (2022=100),200210,outubro 2002,129280,"110 Bens de capital, exceto equipamentos de transporte industrial"
1,Brasil,30,Número-índice,47.97378,1,Brasil,12606,PIMPF - Número-índice (2022=100),200210,outubro 2002,129282,120 Equipamentos de transporte industrial
1,Brasil,30,Número-índice,66.79613,1,Brasil,12606,PIMPF - Número-índice (2022=100),200211,novembro 2002,129278,1 Bens de capital
1,Brasil,30,Número-índice,87.69341,1,Brasil,12606,PIMPF - Número-índice (2022=100),200211,novembro 2002,129280,"110 Bens de capital, exceto equipamentos de transporte industrial"
1,Brasil,30,Número-índice,47.09834,1,Brasil,12606,PIMPF - Número-índice (2022=100),200211,novembro 2002,129282,120 Equipamentos de transporte industrial
1,Brasil,30,Número-índice,58.60638,1,Brasil,12606,PIMPF - Número-índice (2022=100),200212,dezembro 2002,129278,1 Bens de capital
1,Brasil,30,Número-índice,81.98652,1,Brasil,12606,PIMPF - Número-índice (2022=100),200212,dezembro 2002,129280,"110 Bens de capital, exceto equipamentos de transporte industrial"
1,Brasil,30,Número-índice,36.66578,1,Brasil,12606,PIMPF - Número-índice (2022=100),200212,dezembro 2002,129282,120 Equipamentos de transporte industrial
1,Brasil,30,Número-índice,57.36889,1,Brasil,12606,PIMPF - Número-índice (2022=100),200301,janeiro 2003,129278,1 Bens de capital
1,Brasil,30,Número-índice,70.59505,1,Brasil,12606,PIMPF - Número-índice (2022=100),200301,janeiro 2003,129280,"110 Bens de capital, exceto equipamentos de transporte industrial"
1,Brasil,30,Número-índice,44.81061,1,Brasil,12606,PIMPF - Número-índice (2022=100),200301,janeiro 2003,129282,120 Equipamentos de transporte industrial
1,Brasil,30,Número-índice,60.20825,1,Brasil,12606,PIMPF - Número-índice (2022=100),200302,fevereiro 2003,129278,1 Bens de capital
1,Brasil,30,Número-índice,74.8249,1,Brasil,12606,PIMPF - Número-índice (2022=100),200302,fevereiro 2003,129280,"110 Bens de capital, exceto equipamentos de transporte industrial"
1,Brasil,30,Número-índice,46.34901,1,Brasil,12606,PIMPF - Número-índice (2022=100),200302,fevereiro 2003,129282,120 Equipamentos de transporte industrial
1,Brasil,30,Número-índice,59.28463,1,Brasil,12606,PIMPF - Número-índice (2022=100),200303,março 2003,129278,1 Bens de capital
1,Brasil,30,Número-índice,75.13551,1,Brasil,12606,PIMPF - Número-índice (2022=100),200303,março 2003,129280,"110 Bens de capital, exceto equipamentos de transporte industrial"
1,Brasil,30,Número-índice,44.29145,1,Brasil,12606,PIMPF - Número-índice (2022=100),200303,março 2003,129282,120 Equipamentos de transporte industrial
1,Brasil,30,Número-índice,60.75162,1,Brasil,12606,PIMPF - Número-índice (2022=100),200304,abril 2003,129278,1 Bens de capital
1,Brasil,30,Número-índice,79.30138,1,Brasil,12606,PIMPF - Número-índice (2022=100),200304,abril 2003,129280,"110 Bens de capital, exceto equipamentos de transporte industrial"
1,Brasil,30,Número-índice,43.25777,1,Brasil,12606,PIMPF - Número-índice (2022=100),200304,abril 2003,129282,120 Equipamentos de transporte industrial
1,Brasil,30,Número-índice,62.88912,1,Brasil,12606,PIMPF - Número-índice (2022=100),200305,maio 2003,129278,1 Bens de capital
1,Brasil,30,Número-índice,81.57449,1,Brasil,12606,PIMPF - Número-índice (2022=100),200305,maio 2003,129280,"110 Bens de capital, exceto equipamentos de transporte industrial"
1,Brasil,30,Número-índice,45.25715,1,Brasil,12606,PIMPF - Número-índice (2022=100),200305,maio 2003,129282,120 Equipamentos de transporte industrial
1,Brasil,30,Número-índice,59.84164,1,Brasil,12606,PIMPF - Número-índice (2022=100),200306,junho 2003,129278,1 Bens de capital
1,Brasil,30,Número-índice,77.3092,1,Brasil,12606,PIMPF - Número-índice (2022=100),200306,junho 2003,129280,"110 Bens de capital, exceto equipamentos de transporte industrial"
1,Brasil,30,Número-índice,43.35246,1,Brasil,12606,PIMPF - Número-índice (2022=100),200306,junho 2003,129282,120 Equipamentos de transporte industrial
1,Brasil,30,Número-índice,65.77214,1,Brasil,12606,PIMPF - Número-índice (2022=100),200307,julho 2003,129278,1 Bens de capital
1,Brasil,30,Número-índice,84.93096,1,Brasil,12606,PIMPF - Número-índice (2022=100),200307,julho 2003,129280,"110 Bens de capital, exceto equipamentos de transporte industrial"
1,Brasil,30,Número-índice,47.68561,1,Brasil,12606,PIMPF - Número-índice (2022=100),200307,julho 2003,129282,120 Equipamentos de transporte industrial
1,Brasil,30,Número-índice,65.24417,1,Brasil,12606,PIMPF - Número-índice (2022=100),200308,agosto 2003,129278,1 Bens de capital
1,Brasil,30,Número-índice,84.35048,1,Brasil,12606,PIMPF - Número-índice (2022=100),200308,agosto 2003,129280,"110 Bens de capital, exceto equipamentos de transporte industrial"
1,Brasil,30,Número-índice,47.20931,1,Brasil,12606,PIMPF - Número-índice (2022=100),200308,agosto 2003,129282,120 Equipamentos de transporte industrial
1,Brasil,30,Número-índice,71.20448,1,Brasil,12606,PIMPF - Número-índice (2022=100),200309,setembro 2003,129278,1 Bens de capital
1,Brasil,30,Número-índice,93.43819,1,Brasil,12606,PIMPF - Número-índice (2022=100),200309,setembro 2003,129280,"110 Bens de capital, exceto equipamentos de transporte industrial"
1,Brasil,30,Número-índice,50.24615,1,Brasil,12606,PIMPF - Número-índice (2022=100),200309,setembro 2003,129282,120 Equipamentos de transporte industrial
1,Brasil,30,Número-índice,79.29971,1,Brasil,12606,PIMPF - Número-índice (2022=100),200310,outubro 2003,129278,1 Bens de capital
1,Brasil,30,Número-índice,107.93383,1,Brasil,12606,PIMPF - Número-índice (2022=100),200310,outubro 2003,129280,"110 Bens de capital, exceto equipamentos de transporte industrial"
1,Brasil,30,Número-índice,52.38312,1,Brasil,12606,PIMPF - Número-índice (2022=100),200310,outubro 2003,129282,120 Equipamentos de transporte industrial
1,Brasil,30,Número-índice,79.67665,1,Brasil,12606,PIMPF - Número-índice (2022=100),200311,novembro 2003,129278,1 Bens de capital
1,Brasil,30,Número-índice,110.49035,1,Brasil,12606,PIMPF - Número-índice (2022=100),200311,novembro 2003,129280,"110 Bens de capital, exceto equipamentos de transporte industrial"
1,Brasil,30,Número-índice,50.74545,1,Brasil,12606,PIMPF - Número-índice (2022=100),200311,novembro 2003,129282,120 Equipamentos de transporte industrial
1,Brasil,30,Número-índice,67.1533,1,Brasil,12606,PIMPF - Número-índice (2022=100),200312,dezembro 2003,129278,1 Bens de capital
1,Brasil,30,Número-índice,95.51291,1,Brasil,12606,PIMPF - Número-índice (2022=100),200312,dezembro 2003,129280,"110 Bens de capital, exceto equipamentos de transporte industrial"
1,Brasil,30,Número-índice,40.56362,1,Brasil,12606,PIMPF - Número-índice (2022=100),200312,dezembro 2003,129282,120 Equipamentos de transporte industrial
1,Brasil,30,Número-índice,65.64871,1,Brasil,12606,PIMPF - Número-índice (2022=100),200401,janeiro 2004,129278,1 Bens de capital
1,Brasil,30,Número-índice,85.23193,1,Brasil,12606,PIMPF - Número-índice (2022=100),200401,janeiro 2004,129280,"110 Bens de capital, exceto equipamentos de transporte industrial"
1,Brasil,30,Número-índice,47.17108,1,Brasil,12606,PIMPF - Número-índice (2022=100),200401,janeiro 2004,129282,120 Equipamentos de transporte industrial
1,Brasil,30,Número-índice,65.72891,1,Brasil,12606,PIMPF - Número-índice (2022=100),200402,fevereiro 2004,129278,1 Bens de capital
1,Brasil,30,Número-índice,83.82022,1,Brasil,12606,PIMPF - Número-índice (2022=100),200402,fevereiro 2004,129280,"110 Bens de capital, exceto equipamentos de transporte industrial"
1,Brasil,30,Número-índice,48.62824,1,Brasil,12606,PIMPF - Número-índice (2022=100),200402,fevereiro 2004,129282,120 Equipamentos de transporte industrial
1,Brasil,30,Número-índice,82.95766,1,Brasil,12606,PIMPF - Número-índice (2022=100),200403,março 2004,129278,1 Bens de capital
1,Brasil,30,Número-índice,104.6356,1,Brasil,12606,PIMPF - Número-índice (2022=100),200403,março 2004,129280,"110 Bens de capital, exceto equipamentos de transporte industrial"
1,Brasil,30,Número-índice,62.44135,1,Brasil,12606,PIMPF - Número-índice (2022=100),200403,março 2004,129282,120 Equipamentos de transporte industrial
1,Brasil,30,Número-índice,76.27416,1,Brasil,12606,PIMPF - Número-índice (2022=100),200404,abril 2004,129278,1 Bens de capital
1,Brasil,30,Número-índice,94.90047,1,Brasil,12606,PIMPF - Número-índice (2022=100),200404,abril 2004,129280,"110 Bens de capital, exceto equipamentos de transporte industrial"
1,Brasil,30,Número-índice,58.61576,1,Brasil,12606,PIMPF - Número-índice (2022=100),200404,abril 2004,129282,120 Equipamentos de transporte industrial
1,Brasil,30,Número-índice,81.42104,1,Brasil,12606,PIMPF - Número-índice (2022=100),200405,maio 2004,129278,1 Bens de capital
1,Brasil,30,Número-índice,102.51181,1,Brasil,12606,PIMPF - Número-índice (2022=100),200405,maio 2004,129280,"110 Bens de capital, exceto equipamentos de transporte industrial"
1,Brasil,30,Número-índice,61.45615,1,Brasil,12606,PIMPF - Número-índice (2022=100),200405,maio 2004,129282,120 Equipamentos de transporte industrial
1,Brasil,30,Número-índice,80.95217,1,Brasil,12606,PIMPF - Número-índice (2022=100),200406,junho 2004,129278,1 Bens de capital
1,Brasil,30,Número-índice,102.46798,1,Brasil,12606,PIMPF - Número-índice (2022=100),200406,junho 2004,129280,"110 Bens de capital, exceto equipamentos de transporte industrial"
1,Brasil,30,Número-índice,60.59769,1,Brasil,12606,PIMPF - Número-índice (2022=100),200406,junho 2004,129282,120 Equipamentos de transporte industrial
1,Brasil,30,Número-índice,83.28056,1,Brasil,12606,PIMPF - Número-índice (2022=100),200407,julho 2004,129278,1 Bens de capital
1,Brasil,30,Número-índice,105.32284,1,Brasil,12606,PIMPF - Número-índice (2022=100),200407,julho 2004,129280,"110 Bens de capital, exceto equipamentos de transporte industrial"
1,Brasil,30,Número-índice,62.42592,1,Brasil,12606,PIMPF - Número-índice (2022=100),200407,julho 2004,129282,120 Equipamentos de transporte industrial
1,Brasil,30,Número-índice,85.86741,1,Brasil,12606,PIMPF - Número-índice (2022=100),200408,agosto 2004,129278,1 Bens de capital
1,Brasil,30,Número-índice,109.83962,1,Brasil,12606,PIMPF - Número-índice (2022=100),200408,agosto 2004,129280,"110 Bens de capital, exceto equipamentos de transporte industrial"
1,Brasil,30,Número-índice,63.21529,1,Brasil,12606,PIMPF - Número-índice (2022=100),200408,agosto 2004,129282,120 Equipamentos de transporte industrial
1,Brasil,30,Número-índice,82.85695,1,Brasil,12606,PIMPF - Número-índice (2022=100),200409,setembro 2004,129278,1 Bens de capital
1,Brasil,30,Número-índice,102.53668,1,Brasil,12606,PIMPF - Número-índice (2022=100),200409,setembro 2004,129280,"110 Bens de capital, exceto equipamentos de transporte industrial"
1,Brasil,30,Número-índice,64.18614,1,Brasil,12606,PIMPF - Número-índice (2022=100),200409,setembro 2004,129282,120 Equipamentos de transporte industrial
1,Brasil,30,Número-índice,84.19532,1,Brasil,12606,PIMPF - Número-índice (2022=100),200410,outubro 2004,129278,1 Bens de capital
1,Brasil,30,Número-índice,106.214,1,Brasil,12606,PIMPF - Número-índice (2022=100),200410,outubro 2004,129280,"110 Bens de capital, exceto equipamentos de transporte industrial"
1,Brasil,30,Número-índice,63.35695,1,Brasil,12606,PIMPF - Número-índice (2022=100),200410,outubro 2004,129282,120 Equipamentos de transporte industrial
1,Brasil,30,Número-índice,85.03302,1,Brasil,12606,PIMPF - Número-índice (2022=100),200411,novembro 2004,129278,1 Bens de capital
1,Brasil,30,Número-índice,105.73997,1,Brasil,12606,PIMPF - Número-índice (2022=100),200411,novembro 2004,129280,"110 Bens de capital, exceto equipamentos de transporte industrial"
1,Brasil,30,Número-índice,65.40065,1,Brasil,12606,PIMPF - Número-índice (2022=100),200411,novembro 2004,129282,120 Equipamentos de transporte industrial
1,Brasil,30,Número-índice,77.11653,1,Brasil,12606,PIMPF - Número-índice (2022=100),200412,dezembro 2004,129278,1 Bens de capital
1,Brasil,30,Número-índice,99.33499,1,Brasil,12606,PIMPF - Número-índice (2022=100),200412,dezembro 2004,129280,"110 Bens de capital, exceto equipamentos de transporte industrial"
1,Brasil,30,Número-índice,56.13651,1,Brasil,12606,PIMPF - Número-índice (2022=100),200412,dezembro 2004,129282,120 Equipamentos de transporte industrial
1,Brasil,30,Número-índice,70.88082,1,Brasil,12606,PIMPF - Número-índice (2022=100),200501,janeiro 2005,129278,1 Bens de capital
1,Brasil,30,Número-índice,86.85706,1,Brasil,12606,PIMPF - Número-índice (2022=100),200501,janeiro 2005,129280,"110 Bens de capital, exceto equipamentos de transporte industrial"
1,Brasil,30,Número-índice,55.70175,1,Brasil,12606,PIMPF - Número-índice (2022=100),200501,janeiro 2005,129282,120 Equipamentos de transporte industrial
1,Brasil,30,Número-índice,67.57748,1,Brasil,12606,PIMPF - Número-índice (2022=100),200502,fevereiro 2005,129278,1 Bens de capital
1,Brasil,30,Número-índice,82.96643,1,Brasil,12606,PIMPF - Número-índice (2022=100),200502,fevereiro 2005,129280,"110 Bens de capital, exceto equipamentos de transporte industrial"
1,Brasil,30,Número-índice,52.96063,1,Brasil,12606,PIMPF - Número-índice (2022=100),200502,fevereiro 2005,129282,120 Equipamentos de transporte industrial
1,Brasil,30,Número-índice,84.21947,1,Brasil,12606,PIMPF - Número-índice (2022=100),200503,março 2005,129278,1 Bens de capital
1,Brasil,30,Número-índice,100.93793,1,Brasil,12606,PIMPF - Número-índice (2022=100),200503,março 2005,129280,"110 Bens de capital, exceto equipamentos de transporte industrial"
1,Brasil,30,Número-índice,68.27446,1,Brasil,12606,PIMPF - Número-índice (2022=100),200503,março 2005,129282,120 Equipamentos de transporte industrial
1,Brasil,30,Número-índice,79.4434,1,Brasil,12606,PIMPF - Número-índice (2022=100),200504,abril 2005,129278,1 Bens de capital
1,Brasil,30,Número-índice,96.69184,1,Brasil,12606,PIMPF - Número-índice (2022=100),200504,abril 2005,129280,"110 Bens de capital, exceto equipamentos de transporte industrial"
1,Brasil,30,Número-índice,63.03796,1,Brasil,12606,PIMPF - Número-índice (2022=100),200504,abril 2005,129282,120 Equipamentos de transporte industrial
1,Brasil,30,Número-índice,85.25705,1,Brasil,12606,PIMPF - Número-índice (2022=100),200505,maio 2005,129278,1 Bens de capital
1,Brasil,30,Número-índice,104.59446,1,Brasil,12606,PIMPF - Número-índice (2022=100),200505,maio 2005,129280,"110 Bens de capital, exceto equipamentos de transporte industrial"
1,Brasil,30,Número-índice,66.88777,1,Brasil,12606,PIMPF - Número-índice (2022=100),200505,maio 2005,129282,120 Equipamentos de transporte industrial
1,Brasil,30,Número-índice,88.328,1,Brasil,12606,PIMPF - Número-índice (2022=100),200506,junho 2005,129278,1 Bens de capital
1,Brasil,30,Número-índice,108.3936,1,Brasil,12606,PIMPF - Número-índice (2022=100),200506,junho 2005,129280,"110 Bens de capital, exceto equipamentos de transporte industrial"
1,Brasil,30,Número-índice,69.26782,1,Brasil,12606,PIMPF - Número-índice (2022=100),200506,junho 2005,129282,120 Equipamentos de transporte industrial
1,Brasil,30,Número-índice,79.63135,1,Brasil,12606,PIMPF - Número-índice (2022=100),200507,julho 2005,129278,1 Bens de capital
1,Brasil,30,Número-índice,102.08445,1,Brasil,12606,PIMPF - Número-índice (2022=100),200507,julho 2005,129280,"110 Bens de capital, exceto equipamentos de transporte industrial"
1,Brasil,30,Número-índice,58.41949,1,Brasil,12606,PIMPF - Número-índice (2022=100),200507,julho 2005,129282,120 Equipamentos de transporte industrial
1,Brasil,30,Número-índice,88.09945,1,Brasil,12606,PIMPF - Número-índice (2022=100),200508,agosto 2005,129278,1 Bens de capital
1,Brasil,30,Número-índice,110.06069,1,Brasil,12606,PIMPF - Número-índice (2022=100),200508,agosto 2005,129280,"110 Bens de capital, exceto equipamentos de transporte industrial"
1,Brasil,30,Número-índice,67.29047,1,Brasil,12606,PIMPF - Número-índice (2022=100),200508,agosto 2005,129282,120 Equipamentos de transporte industrial
1,Brasil,30,Número-índice,87.35496,1,Brasil,12606,PIMPF - Número-índice (2022=100),200509,setembro 2005,129278,1 Bens de capital
1,Brasil,30,Número-índice,109.30917,1,Brasil,12606,PIMPF - Número-índice (2022=100),200509,setembro 2005,129280,"110 Bens de capital, exceto equipamentos de transporte industrial"
1,Brasil,30,Número-índice,66.55699,1,Brasil,12606,PIMPF - Número-índice (2022=100),200509,setembro 2005,129282,120 Equipamentos de transporte industrial
1,Brasil,30,Número-índice,84.88363,1,Brasil,12606,PIMPF - Número-índice (2022=100),200510,outubro 2005,129278,1 Bens de capital
1,Brasil,30,Número-índice,106.59265,1,Brasil,12606,PIMPF - Número-índice (2022=100),200510,outubro 2005,129280,"110 Bens de capital, exceto equipamentos de transporte industrial"
1,Brasil,30,Número-índice,64.32698,1,Brasil,12606,PIMPF - Número-índice (2022=100),200510,outubro 2005,129282,120 Equipamentos de transporte industrial
1,Brasil,30,Número-índice,87.41262,1,Brasil,12606,PIMPF - Número-índice (2022=100),200511,novembro 2005,129278,1 Bens de capital
1,Brasil,30,Número-índice,111.54933,1,Brasil,12606,PIMPF - Número-índice (2022=100),200511,novembro 2005,129280,"110 Bens de capital, exceto equipamentos de transporte industrial"
1,Brasil,30,Número-índice,64.59927,1,Brasil,12606,PIMPF - Número-índice (2022=100),200511,novembro 2005,129282,120 Equipamentos de transporte industrial
1,Brasil,30,Número-índice,80.79365,1,Brasil,12606,PIMPF - Número-índice (2022=100),200512,dezembro 2005,129278,1 Bens de capital
1,Brasil,30,Número-índice,108.32909,1,Brasil,12606,PIMPF - Número-índice (2022=100),200512,dezembro 2005,129280,"110 Bens de capital, exceto equipamentos de transporte industrial"
1,Brasil,30,Número-índice,54.88239,1,Brasil,12606,PIMPF - Número-índice (2022=100),200512,dezembro 2005,129282,120 Equipamentos de transporte industrial
1,Brasil,30,Número-índice,73.93613,1,Brasil,12606,PIMPF - Número-índice (2022=100),200601,janeiro 2006,129278,1 Bens de capital
1,Brasil,30,Número-índice,100.15145,1,Brasil,12606,PIMPF - Número-índice (2022=100),200601,janeiro 2006,129280,"110 Bens de capital, exceto equipamentos de transporte industrial"
1,Brasil,30,Número-índice,49.28517,1,Brasil,12606,PIMPF - Número-índice (2022=100),200601,janeiro 2006,129282,120 Equipamentos de transporte industrial
1,Brasil,30,Número-índice,73.94494,1,Brasil,12606,PIMPF - Número-índice (2022=100),200602,fevereiro 2006,129278,1 Bens de capital
1,Brasil,30,Número-índice,95.12013,1,Brasil,12606,PIMPF - Número-índice (2022=100),200602,fevereiro 2006,129280,"110 Bens de capital, exceto equipamentos de transporte industrial"
1,Brasil,30,Número-índice,53.94733,1,Brasil,12606,PIMPF - Número-índice (2022=100),200602,fevereiro 2006,129282,120 Equipamentos de transporte industrial
1,Brasil,30,Número-índice,90.6327,1,Brasil,12606,PIMPF - Número-índice (2022=100),200603,março 2006,129278,1 Bens de capital
1,Brasil,30,Número-índice,117.0594,1,Brasil,12606,PIMPF - Número-índice (2022=100),200603,março 2006,129280,"110 Bens de capital, exceto equipamentos de transporte industrial"
1,Brasil,30,Número-índice,65.68561,1,Brasil,12606,PIMPF - Número-índice (2022=100),200603,março 2006,129282,120 Equipamentos de transporte industrial
1,Brasil,30,Número-índice,78.00114,1,Brasil,12606,PIMPF - Número-índice (2022=100),200604,abril 2006,129278,1 Bens de capital
1,Brasil,30,Número-índice,100.73228,1,Brasil,12606,PIMPF - Número-índice (2022=100),200604,abril 2006,129280,"110 Bens de capital, exceto equipamentos de transporte industrial"
1,Brasil,30,Número-índice,56.54244,1,Brasil,12606,PIMPF - Número-índice (2022=100),200604,abril 2006,129282,120 Equipamentos de transporte industrial
1,Brasil,30,Número-índice,89.93534,1,Brasil,12606,PIMPF - Número-índice (2022=100),200605,maio 2006,129278,1 Bens de capital
1,Brasil,30,Número-índice,112.91135,1,Brasil,12606,PIMPF - Número-índice (2022=100),200605,maio 2006,129280,"110 Bens de capital, exceto equipamentos de transporte industrial"
1,Brasil,30,Número-índice,68.17836,1,Brasil,12606,PIMPF - Número-índice (2022=100),200605,maio 2006,129282,120 Equipamentos de transporte industrial
1,Brasil,30,Número-índice,85.41611,1,Brasil,12606,PIMPF - Número-índice (2022=100),200606,junho 2006,129278,1 Bens de capital
1,Brasil,30,Número-índice,111.40904,1,Brasil,12606,PIMPF - Número-índice (2022=100),200606,junho 2006,129280,"110 Bens de capital, exceto equipamentos de transporte industrial"
1,Brasil,30,Número-índice,60.90104,1,Brasil,12606,PIMPF - Número-índice (2022=100),200606,junho 2006,129282,120 Equipamentos de transporte industrial
1,Brasil,30,Número-índice,86.71058,1,Brasil,12606,PIMPF - Número-índice (2022=100),200607,julho 2006,129278,1 Bens de capital
1,Brasil,30,Número-índice,113.02781,1,Brasil,12606,PIMPF - Número-índice (2022=100),200607,julho 2006,129280,"110 Bens de capital, exceto equipamentos de transporte industrial"
1,Brasil,30,Número-índice,61.88829,1,Brasil,12606,PIMPF - Número-índice (2022=100),200607,julho 2006,129282,120 Equipamentos de transporte industrial
1,Brasil,30,Número-índice,94.60773,1,Brasil,12606,PIMPF - Número-índice (2022=100),200608,agosto 2006,129278,1 Bens de capital
1,Brasil,30,Número-índice,120.45496,1,Brasil,12606,PIMPF - Número-índice (2022=100),200608,agosto 2006,129280,"110 Bens de capital, exceto equipamentos de transporte industrial"
1,Brasil,30,Número-índice,70.17159,1,Brasil,12606,PIMPF - Número-índice (2022=100),200608,agosto 2006,129282,120 Equipamentos de transporte industrial
1,Brasil,30,Número-índice,87.06239,1,Brasil,12606,PIMPF - Número-índice (2022=100),200609,setembro 2006,129278,1 Bens de capital
1,Brasil,30,Número-índice,116.69013,1,Brasil,12606,PIMPF - Número-índice (2022=100),200609,setembro 2006,129280,"110 Bens de capital, exceto equipamentos de transporte industrial"
1,Brasil,30,Número-índice,59.18147,1,Brasil,12606,PIMPF - Número-índice (2022=100),200609,setembro 2006,129282,120 Equipamentos de transporte industrial
1,Brasil,30,Número-índice,92.45308,1,Brasil,12606,PIMPF - Número-índice (2022=100),200610,outubro 2006,129278,1 Bens de capital
1,Brasil,30,Número-índice,124.94649,1,Brasil,12606,PIMPF - Número-índice (2022=100),200610,outubro 2006,129280,"110 Bens de capital, exceto equipamentos de transporte industrial"
1,Brasil,30,Número-índice,61.89378,1,Brasil,12606,PIMPF - Número-índice (2022=100),200610,outubro 2006,129282,120 Equipamentos de transporte industrial
1,Brasil,30,Número-índice,94.12789,1,Brasil,12606,PIMPF - Número-índice (2022=100),200611,novembro 2006,129278,1 Bens de capital
1,Brasil,30,Número-índice,126.54105,1,Brasil,12606,PIMPF - Número-índice (2022=100),200611,novembro 2006,129280,"110 Bens de capital, exceto equipamentos de transporte industrial"
1,Brasil,30,Número-índice,63.63254,1,Brasil,12606,PIMPF - Número-índice (2022=100),200611,novembro 2006,129282,120 Equipamentos de transporte industrial
1,Brasil,30,Número-índice,86.56097,1,Brasil,12606,PIMPF - Número-índice (2022=100),200612,dezembro 2006,129278,1 Bens de capital
1,Brasil,30,Número-índice,118.70189,1,Brasil,12606,PIMPF - Número-índice (2022=100),200612,dezembro 2006,129280,"110 Bens de capital, exceto equipamentos de transporte industrial"
1,Brasil,30,Número-índice,56.36275,1,Brasil,12606,PIMPF - Número-índice (2022=100),200612,dezembro 2006,129282,120 Equipamentos de transporte industrial
1,Brasil,30,Número-índice,87.06634,1,Brasil,12606,PIMPF - Número-índice (2022=100),200701,janeiro 2007,129278,1 Bens de capital
1,Brasil,30,Número-índice,119.65757,1,Brasil,12606,PIMPF - Número-índice (2022=100),200701,janeiro 2007,129280,"110 Bens de capital, exceto equipamentos de transporte industrial"
1,Brasil,30,Número-índice,56.44931,1,Brasil,12606,PIMPF - Número-índice (2022=100),200701,janeiro 2007,129282,120 Equipamentos de transporte industrial
1,Brasil,30,Número-índice,84.21131,1,Brasil,12606,PIMPF - Número-índice (2022=100),200702,fevereiro 2007,129278,1 Bens de capital
1,Brasil,30,Número-índice,112.10259,1,Brasil,12606,PIMPF - Número-índice (2022=100),200702,fevereiro 2007,129280,"110 Bens de capital, exceto equipamentos de transporte industrial"
1,Brasil,30,Número-índice,57.95085,1,Brasil,12606,PIMPF - Número-índice (2022=100),200702,fevereiro 2007,129282,120 Equipamentos de transporte industrial
1,Brasil,30,Número-índice,102.16151,1,Brasil,12606,PIMPF - Número-índice (2022=100),200703,março 2007,129278,1 Bens de capital
1,Brasil,30,Número-índice,132.32848,1,Brasil,12606,PIMPF - Número-índice (2022=100),200703,março 2007,129280,"110 Bens de capital, exceto equipamentos de transporte industrial"
1,Brasil,30,Número-índice,73.69142,1,Brasil,12606,PIMPF - Número-índice (2022=100),200703,março 2007,129282,120 Equipamentos de transporte industrial
1,Brasil,30,Número-índice,91.41984,1,Brasil,12606,PIMPF - Número-índice (2022=100),200704,abril 2007,129278,1 Bens de capital
1,Brasil,30,Número-índice,119.75032,1,Brasil,12606,PIMPF - Número-índice (2022=100),200704,abril 2007,129280,"110 Bens de capital, exceto equipamentos de transporte industrial"
1,Brasil,30,Número-índice,64.71028,1,Brasil,12606,PIMPF - Número-índice (2022=100),200704,abril 2007,129282,120 Equipamentos de transporte industrial
1,Brasil,30,Número-índice,107.13764,1,Brasil,12606,PIMPF - Número-índice (2022=100),200705,maio 2007,129278,1 Bens de capital
1,Brasil,30,Número-índice,137.06652,1,Brasil,12606,PIMPF - Número-índice (2022=100),200705,maio 2007,129280,"110 Bens de capital, exceto equipamentos de transporte industrial"
1,Brasil,30,Número-índice,78.85727,1,Brasil,12606,PIMPF - Número-índice (2022=100),200705,maio 2007,129282,120 Equipamentos de transporte industrial
1,Brasil,30,Número-índice,99.68385,1,Brasil,12606,PIMPF - Número-índice (2022=100),200706,junho 2007,129278,1 Bens de capital
1,Brasil,30,Número-índice,129.06248,1,Brasil,12606,PIMPF - Número-índice (2022=100),200706,junho 2007,129280,"110 Bens de capital, exceto equipamentos de transporte industrial"
1,Brasil,30,Número-índice,71.95659,1,Brasil,12606,PIMPF - Número-índice (2022=100),200706,junho 2007,129282,120 Equipamentos de transporte industrial
1,Brasil,30,Número-índice,103.65057,1,Brasil,12606,PIMPF - Número-índice (2022=100),200707,julho 2007,129278,1 Bens de capital
1,Brasil,30,Número-índice,132.05969,1,Brasil,12606,PIMPF - Número-índice (2022=100),200707,julho 2007,129280,"110 Bens de capital, exceto equipamentos de transporte industrial"
1,Brasil,30,Número-índice,76.79443,1,Brasil,12606,PIMPF - Número-índice (2022=100),200707,julho 2007,129282,120 Equipamentos de transporte industrial
1,Brasil,30,Número-índice,114.78051,1,Brasil,12606,PIMPF - Número-índice (2022=100),200708,agosto 2007,129278,1 Bens de capital
1,Brasil,30,Número-índice,141.0702,1,Brasil,12606,PIMPF - Número-índice (2022=100),200708,agosto 2007,129280,"110 Bens de capital, exceto equipamentos de transporte industrial"
1,Brasil,30,Número-índice,89.81385,1,Brasil,12606,PIMPF - Número-índice (2022=100),200708,agosto 2007,129282,120 Equipamentos de transporte industrial
1,Brasil,30,Número-índice,106.14369,1,Brasil,12606,PIMPF - Número-índice (2022=100),200709,setembro 2007,129278,1 Bens de capital
1,Brasil,30,Número-índice,136.00925,1,Brasil,12606,PIMPF - Número-índice (2022=100),200709,setembro 2007,129280,"110 Bens de capital, exceto equipamentos de transporte industrial"
1,Brasil,30,Número-índice,77.92778,1,Brasil,12606,PIMPF - Número-índice (2022=100),200709,setembro 2007,129282,120 Equipamentos de transporte industrial
1,Brasil,30,Número-índice,117.84211,1,Brasil,12606,PIMPF - Número-índice (2022=100),200710,outubro 2007,129278,1 Bens de capital
1,Brasil,30,Número-índice,158.9257,1,Brasil,12606,PIMPF - Número-índice (2022=100),200710,outubro 2007,129280,"110 Bens de capital, exceto equipamentos de transporte industrial"
1,Brasil,30,Número-índice,79.19821,1,Brasil,12606,PIMPF - Número-índice (2022=100),200710,outubro 2007,129282,120 Equipamentos de transporte industrial
1,Brasil,30,Número-índice,115.5897,1,Brasil,12606,PIMPF - Número-índice (2022=100),200711,novembro 2007,129278,1 Bens de capital
1,Brasil,30,Número-índice,158.08482,1,Brasil,12606,PIMPF - Número-índice (2022=100),200711,novembro 2007,129280,"110 Bens de capital, exceto equipamentos de transporte industrial"
1,Brasil,30,Número-índice,75.65621,1,Brasil,12606,PIMPF - Número-índice (2022=100),200711,novembro 2007,129282,120 Equipamentos de transporte industrial
1,Brasil,30,Número-índice,101.98464,1,Brasil,12606,PIMPF - Número-índice (2022=100),200712,dezembro 2007,129278,1 Bens de capital
1,Brasil,30,Número-índice,147.39284,1,Brasil,12606,PIMPF - Número-índice (2022=100),200712,dezembro 2007,129280,"110 Bens de capital, exceto equipamentos de transporte industrial"
1,Brasil,30,Número-índice,59.44388,1,Brasil,12606,PIMPF - Número-índice (2022=100),200712,dezembro 2007,129282,120 Equipamentos de transporte industrial
1,Brasil,30,Número-índice,102.0101,1,Brasil,12606,PIMPF - Número-índice (2022=100),200801,janeiro 2008,129278,1 Bens de capital
1,Brasil,30,Número-índice,130.15619,1,Brasil,12606,PIMPF - Número-índice (2022=100),200801,janeiro 2008,129280,"110 Bens de capital, exceto equipamentos de transporte industrial"
1,Brasil,30,Número-índice,75.406720000000007,1,Brasil,12606,PIMPF - Número-índice (2022=100),200801,janeiro 2008,129282,120 Equipamentos de transporte industrial
1,Brasil,30,Número-índice,105.95633,1,Brasil,12606,PIMPF - Número-índice (2022=100),200802,fevereiro 2008,129278,1 Bens de capital
1,Brasil,30,Número-índice,134.45198,1,Brasil,12606,PIMPF - Número-índice (2022=100),200802,fevereiro 2008,129280,"110 Bens de capital, exceto equipamentos de transporte industrial"
1,Brasil,30,Número-índice,79.00636,1,Brasil,12606,PIMPF - Número-índice (2022=100),200802,fevereiro 2008,129282,120 Equipamentos de transporte industrial
1,Brasil,30,Número-índice,115.73514,1,Brasil,12606,PIMPF - Número-índice (2022=100),200803,março 2008,129278,1 Bens de capital
1,Brasil,30,Número-índice,144.16267,1,Brasil,12606,PIMPF - Número-índice (2022=100),200803,março 2008,129280,"110 Bens de capital, exceto equipamentos de transporte industrial"
1,Brasil,30,Número-índice,88.78892,1,Brasil,12606,PIMPF - Número-índice (2022=100),200803,março 2008,129282,120 Equipamentos de transporte industrial
1,Brasil,30,Número-índice,119.58675,1,Brasil,12606,PIMPF - Número-índice (2022=100),200804,abril 2008,129278,1 Bens de capital
1,Brasil,30,Número-índice,145.74343,1,Brasil,12606,PIMPF - Número-índice (2022=100),200804,abril 2008,129280,"110 Bens de capital, exceto equipamentos de transporte industrial"
1,Brasil,30,Número-índice,94.71383,1,Brasil,12606,PIMPF - Número-índice (2022=100),200804,abril 2008,129282,120 Equipamentos de transporte industrial
1,Brasil,30,Número-índice,115.33454,1,Brasil,12606,PIMPF - Número-índice (2022=100),200805,maio 2008,129278,1 Bens de capital
1,Brasil,30,Número-índice,140.47241,1,Brasil,12606,PIMPF - Número-índice (2022=100),200805,maio 2008,129280,"110 Bens de capital, exceto equipamentos de transporte industrial"
1,Brasil,30,Número-índice,91.42796,1,Brasil,12606,PIMPF - Número-índice (2022=100),200805,maio 2008,129282,120 Equipamentos de transporte industrial
1,Brasil,30,Número-índice,123.8559,1,Brasil,12606,PIMPF - Número-índice (2022=100),200806,junho 2008,129278,1 Bens de capital
1,Brasil,30,Número-índice,151.6953,1,Brasil,12606,PIMPF - Número-índice (2022=100),200806,junho 2008,129280,"110 Bens de capital, exceto equipamentos de transporte industrial"
1,Brasil,30,Número-índice,97.40354,1,Brasil,12606,PIMPF - Número-índice (2022=100),200806,junho 2008,129282,120 Equipamentos de transporte industrial
1,Brasil,30,Número-índice,129.41619,1,Brasil,12606,PIMPF - Número-índice (2022=100),200807,julho 2008,129278,1 Bens de capital
1,Brasil,30,Número-índice,157.48154,1,Brasil,12606,PIMPF - Número-índice (2022=100),200807,julho 2008,129280,"110 Bens de capital, exceto equipamentos de transporte industrial"
1,Brasil,30,Número-índice,102.7216,1,Brasil,12606,PIMPF - Número-índice (2022=100),200807,julho 2008,129282,120 Equipamentos de transporte industrial
1,Brasil,30,Número-índice,128.92016,1,Brasil,12606,PIMPF - Número-índice (2022=100),200808,agosto 2008,129278,1 Bens de capital
1,Brasil,30,Número-índice,148.24385,1,Brasil,12606,PIMPF - Número-índice (2022=100),200808,agosto 2008,129280,"110 Bens de capital, exceto equipamentos de transporte industrial"
1,Brasil,30,Número-índice,110.29944,1,Brasil,12606,PIMPF - Número-índice (2022=100),200808,agosto 2008,129282,120 Equipamentos de transporte industrial
1,Brasil,30,Número-índice,135.02457,1,Brasil,12606,PIMPF - Número-índice (2022=100),200809,setembro 2008,129278,1 Bens de capital
1,Brasil,30,Número-índice,158.80043,1,Brasil,12606,PIMPF - Número-índice (2022=100),200809,setembro 2008,129280,"110 Bens de capital, exceto equipamentos de transporte industrial"
1,Brasil,30,Número-índice,112.2564,1,Brasil,12606,PIMPF - Número-índice (2022=100),200809,setembro 2008,129282,120 Equipamentos de transporte industrial
1,Brasil,30,Número-índice,140.5514,1,Brasil,12606,PIMPF - Número-índice (2022=100),200810,outubro 2008,129278,1 Bens de capital
1,Brasil,30,Número-índice,162.937,1,Brasil,12606,PIMPF - Número-índice (2022=100),200810,outubro 2008,129280,"110 Bens de capital, exceto equipamentos de transporte industrial"
1,Brasil,30,Número-índice,119.03338,1,Brasil,12606,PIMPF - Número-índice (2022=100),200810,outubro 2008,129282,120 Equipamentos de transporte industrial
1,Brasil,30,Número-índice,123.87505,1,Brasil,12606,PIMPF - Número-índice (2022=100),200811,novembro 2008,129278,1 Bens de capital
1,Brasil,30,Número-índice,138.33886,1,Brasil,12606,PIMPF - Número-índice (2022=100),200811,novembro 2008,129280,"110 Bens de capital, exceto equipamentos de transporte industrial"
1,Brasil,30,Número-índice,109.77182,1,Brasil,12606,PIMPF - Número-índice (2022=100),200811,novembro 2008,129282,120 Equipamentos de transporte industrial
1,Brasil,30,Número-índice,90.26096,1,Brasil,12606,PIMPF - Número-índice (2022=100),200812,dezembro 2008,129278,1 Bens de capital
1,Brasil,30,Número-índice,104.50005,1,Brasil,12606,PIMPF - Número-índice (2022=100),200812,dezembro 2008,129280,"110 Bens de capital, exceto equipamentos de transporte industrial"
1,Brasil,30,Número-índice,76.56852,1,Brasil,12606,PIMPF - Número-índice (2022=100),200812,dezembro 2008,129282,120 Equipamentos de transporte industrial
1,Brasil,30,Número-índice,89.6003,1,Brasil,12606,PIMPF - Número-índice (2022=100),200901,janeiro 2009,129278,1 Bens de capital
1,Brasil,30,Número-índice,89.9232,1,Brasil,12606,PIMPF - Número-índice (2022=100),200901,janeiro 2009,129280,"110 Bens de capital, exceto equipamentos de transporte industrial"
1,Brasil,30,Número-índice,88.76023,1,Brasil,12606,PIMPF - Número-índice (2022=100),200901,janeiro 2009,129282,120 Equipamentos de transporte industrial
1,Brasil,30,Número-índice,82.65895,1,Brasil,12606,PIMPF - Número-índice (2022=100),200902,fevereiro 2009,129278,1 Bens de capital
1,Brasil,30,Número-índice,83.15196,1,Brasil,12606,PIMPF - Número-índice (2022=100),200902,fevereiro 2009,129280,"110 Bens de capital, exceto equipamentos de transporte industrial"
1,Brasil,30,Número-índice,81.7038,1,Brasil,12606,PIMPF - Número-índice (2022=100),200902,fevereiro 2009,129282,120 Equipamentos de transporte industrial
1,Brasil,30,Número-índice,93.36512,1,Brasil,12606,PIMPF - Número-índice (2022=100),200903,março 2009,129278,1 Bens de capital
1,Brasil,30,Número-índice,97.61072,1,Brasil,12606,PIMPF - Número-índice (2022=100),200903,março 2009,129280,"110 Bens de capital, exceto equipamentos de transporte industrial"
1,Brasil,30,Número-índice,88.88057,1,Brasil,12606,PIMPF - Número-índice (2022=100),200903,março 2009,129282,120 Equipamentos de transporte industrial
1,Brasil,30,Número-índice,86.85498,1,Brasil,12606,PIMPF - Número-índice (2022=100),200904,abril 2009,129278,1 Bens de capital
1,Brasil,30,Número-índice,89.74789,1,Brasil,12606,PIMPF - Número-índice (2022=100),200904,abril 2009,129280,"110 Bens de capital, exceto equipamentos de transporte industrial"
1,Brasil,30,Número-índice,83.6587,1,Brasil,12606,PIMPF - Número-índice (2022=100),200904,abril 2009,129282,120 Equipamentos de transporte industrial
1,Brasil,30,Número-índice,91.82611,1,Brasil,12606,PIMPF - Número-índice (2022=100),200905,maio 2009,129278,1 Bens de capital
1,Brasil,30,Número-índice,97.13927,1,Brasil,12606,PIMPF - Número-índice (2022=100),200905,maio 2009,129280,"110 Bens de capital, exceto equipamentos de transporte industrial"
1,Brasil,30,Número-índice,86.36521,1,Brasil,12606,PIMPF - Número-índice (2022=100),200905,maio 2009,129282,120 Equipamentos de transporte industrial
1,Brasil,30,Número-índice,94.95649,1,Brasil,12606,PIMPF - Número-índice (2022=100),200906,junho 2009,129278,1 Bens de capital
1,Brasil,30,Número-índice,103.20692,1,Brasil,12606,PIMPF - Número-índice (2022=100),200906,junho 2009,129280,"110 Bens de capital, exceto equipamentos de transporte industrial"
1,Brasil,30,Número-índice,86.76479,1,Brasil,12606,PIMPF - Número-índice (2022=100),200906,junho 2009,129282,120 Equipamentos de transporte industrial
1,Brasil,30,Número-índice,99.56831,1,Brasil,12606,PIMPF - Número-índice (2022=100),200907,julho 2009,129278,1 Bens de capital
1,Brasil,30,Número-índice,111.54624,1,Brasil,12606,PIMPF - Número-índice (2022=100),200907,julho 2009,129280,"110 Bens de capital, exceto equipamentos de transporte industrial"
1,Brasil,30,Número-índice,87.90724,1,Brasil,12606,PIMPF - Número-índice (2022=100),200907,julho 2009,129282,120 Equipamentos de transporte industrial
1,Brasil,30,Número-índice,100.00815,1,Brasil,12606,PIMPF - Número-índice (2022=100),200908,agosto 2009,129278,1 Bens de capital
1,Brasil,30,Número-índice,111.35959,1,Brasil,12606,PIMPF - Número-índice (2022=100),200908,agosto 2009,129280,"110 Bens de capital, exceto equipamentos de transporte industrial"
1,Brasil,30,Número-índice,88.92284,1,Brasil,12606,PIMPF - Número-índice (2022=100),200908,agosto 2009,129282,120 Equipamentos de transporte industrial
1,Brasil,30,Número-índice,106.7055,1,Brasil,12606,PIMPF - Número-índice (2022=100),200909,setembro 2009,129278,1 Bens de capital
1,Brasil,30,Número-índice,119.71025,1,Brasil,12606,PIMPF - Número-índice (2022=100),200909,setembro 2009,129280,"110 Bens de capital, exceto equipamentos de transporte industrial"
1,Brasil,30,Número-índice,94.05323,1,Brasil,12606,PIMPF - Número-índice (2022=100),200909,setembro 2009,129282,120 Equipamentos de transporte industrial
1,Brasil,30,Número-índice,117.25518,1,Brasil,12606,PIMPF - Número-índice (2022=100),200910,outubro 2009,129278,1 Bens de capital
1,Brasil,30,Número-índice,129.43966,1,Brasil,12606,PIMPF - Número-índice (2022=100),200910,outubro 2009,129280,"110 Bens de capital, exceto equipamentos de transporte industrial"
1,Brasil,30,Número-índice,105.29643,1,Brasil,12606,PIMPF - Número-índice (2022=100),200910,outubro 2009,129282,120 Equipamentos de transporte industrial
1,Brasil,30,Número-índice,120.37486,1,Brasil,12606,PIMPF - Número-índice (2022=100),200911,novembro 2009,129278,1 Bens de capital
1,Brasil,30,Número-índice,136.87587,1,Brasil,12606,PIMPF - Número-índice (2022=100),200911,novembro 2009,129280,"110 Bens de capital, exceto equipamentos de transporte industrial"
1,Brasil,30,Número-índice,104.41191,1,Brasil,12606,PIMPF - Número-índice (2022=100),200911,novembro 2009,129282,120 Equipamentos de transporte industrial
1,Brasil,30,Número-índice,111.59731,1,Brasil,12606,PIMPF - Número-índice (2022=100),200912,dezembro 2009,129278,1 Bens de capital
1,Brasil,30,Número-índice,129.37368,1,Brasil,12606,PIMPF - Número-índice (2022=100),200912,dezembro 2009,129280,"110 Bens de capital, exceto equipamentos de transporte industrial"
1,Brasil,30,Número-índice,94.50997,1,Brasil,12606,PIMPF - Número-índice (2022=100),200912,dezembro 2009,129282,120 Equipamentos de transporte industrial
1,Brasil,30,Número-índice,100.85119,1,Brasil,12606,PIMPF - Número-índice (2022=100),201001,janeiro 2010,129278,1 Bens de capital
1,Brasil,30,Número-índice,110.09484,1,Brasil,12606,PIMPF - Número-índice (2022=100),201001,janeiro 2010,129280,"110 Bens de capital, exceto equipamentos de transporte industrial"
1,Brasil,30,Número-índice,91.70683,1,Brasil,12606,PIMPF - Número-índice (2022=100),201001,janeiro 2010,129282,120 Equipamentos de transporte industrial
1,Brasil,30,Número-índice,102.65056,1,Brasil,12606,PIMPF - Número-índice (2022=100),201002,fevereiro 2010,129278,1 Bens de capital
1,Brasil,30,Número-índice,111.56758,1,Brasil,12606,PIMPF - Número-índice (2022=100),201002,fevereiro 2010,129280,"110 Bens de capital, exceto equipamentos de transporte industrial"
1,Brasil,30,Número-índice,93.79687,1,Brasil,12606,PIMPF - Número-índice (2022=100),201002,fevereiro 2010,129282,120 Equipamentos de transporte industrial
1,Brasil,30,Número-índice,129.42121,1,Brasil,12606,PIMPF - Número-índice (2022=100),201003,março 2010,129278,1 Bens de capital
1,Brasil,30,Número-índice,141.47718,1,Brasil,12606,PIMPF - Número-índice (2022=100),201003,março 2010,129280,"110 Bens de capital, exceto equipamentos de transporte industrial"
1,Brasil,30,Número-índice,117.50751,1,Brasil,12606,PIMPF - Número-índice (2022=100),201003,março 2010,129282,120 Equipamentos de transporte industrial
1,Brasil,30,Número-índice,117.78302,1,Brasil,12606,PIMPF - Número-índice (2022=100),201004,abril 2010,129278,1 Bens de capital
1,Brasil,30,Número-índice,124.87912,1,Brasil,12606,PIMPF - Número-índice (2022=100),201004,abril 2010,129280,"110 Bens de capital, exceto equipamentos de transporte industrial"
1,Brasil,30,Número-índice,110.51899,1,Brasil,12606,PIMPF - Número-índice (2022=100),201004,abril 2010,129282,120 Equipamentos de transporte industrial
1,Brasil,30,Número-índice,124.18815,1,Brasil,12606,PIMPF - Número-índice (2022=100),201005,maio 2010,129278,1 Bens de capital
1,Brasil,30,Número-índice,134.40268,1,Brasil,12606,PIMPF - Número-índice (2022=100),201005,maio 2010,129280,"110 Bens de capital, exceto equipamentos de transporte industrial"
1,Brasil,30,Número-índice,114.00624,1,Brasil,12606,PIMPF - Número-índice (2022=100),201005,maio 2010,129282,120 Equipamentos de transporte industrial
1,Brasil,30,Número-índice,119.96295,1,Brasil,12606,PIMPF - Número-índice (2022=100),201006,junho 2010,129278,1 Bens de capital
1,Brasil,30,Número-índice,127.79926,1,Brasil,12606,PIMPF - Número-índice (2022=100),201006,junho 2010,129280,"110 Bens de capital, exceto equipamentos de transporte industrial"
1,Brasil,30,Número-índice,112.00234,1,Brasil,12606,PIMPF - Número-índice (2022=100),201006,junho 2010,129282,120 Equipamentos de transporte industrial
1,Brasil,30,Número-índice,122.5267,1,Brasil,12606,PIMPF - Número-índice (2022=100),201007,julho 2010,129278,1 Bens de capital
1,Brasil,30,Número-índice,127.24089,1,Brasil,12606,PIMPF - Número-índice (2022=100),201007,julho 2010,129280,"110 Bens de capital, exceto equipamentos de transporte industrial"
1,Brasil,30,Número-índice,117.43314,1,Brasil,12606,PIMPF - Número-índice (2022=100),201007,julho 2010,129282,120 Equipamentos de transporte industrial
1,Brasil,30,Número-índice,128.36599,1,Brasil,12606,PIMPF - Número-índice (2022=100),201008,agosto 2010,129278,1 Bens de capital
1,Brasil,30,Número-índice,131.37814,1,Brasil,12606,PIMPF - Número-índice (2022=100),201008,agosto 2010,129280,"110 Bens de capital, exceto equipamentos de transporte industrial"
1,Brasil,30,Número-índice,124.80853,1,Brasil,12606,PIMPF - Número-índice (2022=100),201008,agosto 2010,129282,120 Equipamentos de transporte industrial
1,Brasil,30,Número-índice,125.57206,1,Brasil,12606,PIMPF - Número-índice (2022=100),201009,setembro 2010,129278,1 Bens de capital
1,Brasil,30,Número-índice,131.79297,1,Brasil,12606,PIMPF - Número-índice (2022=100),201009,setembro 2010,129280,"110 Bens de capital, exceto equipamentos de transporte industrial"
1,Brasil,30,Número-índice,119.06895,1,Brasil,12606,PIMPF - Número-índice (2022=100),201009,setembro 2010,129282,120 Equipamentos de transporte industrial
1,Brasil,30,Número-índice,125.80445,1,Brasil,12606,PIMPF - Número-índice (2022=100),201010,outubro 2010,129278,1 Bens de capital
1,Brasil,30,Número-índice,130.87981,1,Brasil,12606,PIMPF - Número-índice (2022=100),201010,outubro 2010,129280,"110 Bens de capital, exceto equipamentos de transporte industrial"
1,Brasil,30,Número-índice,120.35759,1,Brasil,12606,PIMPF - Número-índice (2022=100),201010,outubro 2010,129282,120 Equipamentos de transporte industrial
1,Brasil,30,Número-índice,133.20042,1,Brasil,12606,PIMPF - Número-índice (2022=100),201011,novembro 2010,129278,1 Bens de capital
1,Brasil,30,Número-índice,139.70048,1,Brasil,12606,PIMPF - Número-índice (2022=100),201011,novembro 2010,129280,"110 Bens de capital, exceto equipamentos de transporte industrial"
1,Brasil,30,Número-índice,126.39346,1,Brasil,12606,PIMPF - Número-índice (2022=100),201011,novembro 2010,129282,120 Equipamentos de transporte industrial
1,Brasil,30,Número-índice,118.59697,1,Brasil,12606,PIMPF - Número-índice (2022=100),201012,dezembro 2010,129278,1 Bens de capital
1,Brasil,30,Número-índice,126.36724,1,Brasil,12606,PIMPF - Número-índice (2022=100),201012,dezembro 2010,129280,"110 Bens de capital, exceto equipamentos de transporte industrial"
1,Brasil,30,Número-índice,110.70559,1,Brasil,12606,PIMPF - Número-índice (2022=100),201012,dezembro 2010,129282,120 Equipamentos de transporte industrial
1,Brasil,30,Número-índice,108.26206,1,Brasil,12606,PIMPF - Número-índice (2022=100),201101,janeiro 2011,129278,1 Bens de capital
1,Brasil,30,Número-índice,115.41444,1,Brasil,12606,PIMPF - Número-índice (2022=100),201101,janeiro 2011,129280,"110 Bens de capital, exceto equipamentos de transporte industrial"
1,Brasil,30,Número-índice,101.00367,1,Brasil,12606,PIMPF - Número-índice (2022=100),201101,janeiro 2011,129282,120 Equipamentos de transporte industrial
1,Brasil,30,Número-índice,122.81262,1,Brasil,12606,PIMPF - Número-índice (2022=100),201102,fevereiro 2011,129278,1 Bens de capital
1,Brasil,30,Número-índice,121.8966,1,Brasil,12606,PIMPF - Número-índice (2022=100),201102,fevereiro 2011,129280,"110 Bens de capital, exceto equipamentos de transporte industrial"
1,Brasil,30,Número-índice,122.91552,1,Brasil,12606,PIMPF - Número-índice (2022=100),201102,fevereiro 2011,129282,120 Equipamentos de transporte industrial
1,Brasil,30,Número-índice,131.6209,1,Brasil,12606,PIMPF - Número-índice (2022=100),201103,março 2011,129278,1 Bens de capital
1,Brasil,30,Número-índice,139.41096,1,Brasil,12606,PIMPF - Número-índice (2022=100),201103,março 2011,129280,"110 Bens de capital, exceto equipamentos de transporte industrial"
1,Brasil,30,Número-índice,123.63247,1,Brasil,12606,PIMPF - Número-índice (2022=100),201103,março 2011,129282,120 Equipamentos de transporte industrial
1,Brasil,30,Número-índice,117.42328,1,Brasil,12606,PIMPF - Número-índice (2022=100),201104,abril 2011,129278,1 Bens de capital
1,Brasil,30,Número-índice,115.46317,1,Brasil,12606,PIMPF - Número-índice (2022=100),201104,abril 2011,129280,"110 Bens de capital, exceto equipamentos de transporte industrial"
1,Brasil,30,Número-índice,118.52275,1,Brasil,12606,PIMPF - Número-índice (2022=100),201104,abril 2011,129282,120 Equipamentos de transporte industrial
1,Brasil,30,Número-índice,133.264,1,Brasil,12606,PIMPF - Número-índice (2022=100),201105,maio 2011,129278,1 Bens de capital
1,Brasil,30,Número-índice,132.68274,1,Brasil,12606,PIMPF - Número-índice (2022=100),201105,maio 2011,129280,"110 Bens de capital, exceto equipamentos de transporte industrial"
1,Brasil,30,Número-índice,132.99459,1,Brasil,12606,PIMPF - Número-índice (2022=100),201105,maio 2011,129282,120 Equipamentos de transporte industrial
1,Brasil,30,Número-índice,128.95318,1,Brasil,12606,PIMPF - Número-índice (2022=100),201106,junho 2011,129278,1 Bens de capital
1,Brasil,30,Número-índice,126.88915,1,Brasil,12606,PIMPF - Número-índice (2022=100),201106,junho 2011,129280,"110 Bens de capital, exceto equipamentos de transporte industrial"
1,Brasil,30,Número-índice,130.07885,1,Brasil,12606,PIMPF - Número-índice (2022=100),201106,junho 2011,129282,120 Equipamentos de transporte industrial
1,Brasil,30,Número-índice,128.60932,1,Brasil,12606,PIMPF - Número-índice (2022=100),201107,julho 2011,129278,1 Bens de capital
1,Brasil,30,Número-índice,125.95052,1,Brasil,12606,PIMPF - Número-índice (2022=100),201107,julho 2011,129280,"110 Bens de capital, exceto equipamentos de transporte industrial"
1,Brasil,30,Número-índice,130.28619,1,Brasil,12606,PIMPF - Número-índice (2022=100),201107,julho 2011,129282,120 Equipamentos de transporte industrial
1,Brasil,30,Número-índice,142.0957,1,Brasil,12606,PIMPF - Número-índice (2022=100),201108,agosto 2011,129278,1 Bens de capital
1,Brasil,30,Número-índice,135.47782,1,Brasil,12606,PIMPF - Número-índice (2022=100),201108,agosto 2011,129280,"110 Bens de capital, exceto equipamentos de transporte industrial"
1,Brasil,30,Número-índice,147.34628,1,Brasil,12606,PIMPF - Número-índice (2022=100),201108,agosto 2011,129282,120 Equipamentos de transporte industrial
1,Brasil,30,Número-índice,127.93782,1,Brasil,12606,PIMPF - Número-índice (2022=100),201109,setembro 2011,129278,1 Bens de capital
1,Brasil,30,Número-índice,130.21814,1,Brasil,12606,PIMPF - Número-índice (2022=100),201109,setembro 2011,129280,"110 Bens de capital, exceto equipamentos de transporte industrial"
1,Brasil,30,Número-índice,125.05864,1,Brasil,12606,PIMPF - Número-índice (2022=100),201109,setembro 2011,129282,120 Equipamentos de transporte industrial
1,Brasil,30,Número-índice,127.94867,1,Brasil,12606,PIMPF - Número-índice (2022=100),201110,outubro 2011,129278,1 Bens de capital
1,Brasil,30,Número-índice,127.22691,1,Brasil,12606,PIMPF - Número-índice (2022=100),201110,outubro 2011,129280,"110 Bens de capital, exceto equipamentos de transporte industrial"
1,Brasil,30,Número-índice,127.84114,1,Brasil,12606,PIMPF - Número-índice (2022=100),201110,outubro 2011,129282,120 Equipamentos de transporte industrial
1,Brasil,30,Número-índice,130.65512,1,Brasil,12606,PIMPF - Número-índice (2022=100),201111,novembro 2011,129278,1 Bens de capital
1,Brasil,30,Número-índice,128.98913,1,Brasil,12606,PIMPF - Número-índice (2022=100),201111,novembro 2011,129280,"110 Bens de capital, exceto equipamentos de transporte industrial"
1,Brasil,30,Número-índice,131.40299,1,Brasil,12606,PIMPF - Número-índice (2022=100),201111,novembro 2011,129282,120 Equipamentos de transporte industrial
1,Brasil,30,Número-índice,122.00438,1,Brasil,12606,PIMPF - Número-índice (2022=100),201112,dezembro 2011,129278,1 Bens de capital
1,Brasil,30,Número-índice,118.66694,1,Brasil,12606,PIMPF - Número-índice (2022=100),201112,dezembro 2011,129280,"110 Bens de capital, exceto equipamentos de transporte industrial"
1,Brasil,30,Número-índice,124.34776,1,Brasil,12606,PIMPF - Número-índice (2022=100),201112,dezembro 2011,129282,120 Equipamentos de transporte industrial
1,Brasil,30,Número-índice,89.89763,1,Brasil,12606,PIMPF - Número-índice (2022=100),201201,janeiro 2012,129278,1 Bens de capital
1,Brasil,30,Número-índice,106.82248,1,Brasil,12606,PIMPF - Número-índice (2022=100),201201,janeiro 2012,129280,"110 Bens de capital, exceto equipamentos de transporte industrial"
1,Brasil,30,Número-índice,60.70384,1,Brasil,12606,PIMPF - Número-índice (2022=100),201201,janeiro 2012,129282,120 Equipamentos de transporte industrial
1,Brasil,30,Número-índice,110.76614,1,Brasil,12606,PIMPF - Número-índice (2022=100),201202,fevereiro 2012,129278,1 Bens de capital
1,Brasil,30,Número-índice,113.60036,1,Brasil,12606,PIMPF - Número-índice (2022=100),201202,fevereiro 2012,129280,"110 Bens de capital, exceto equipamentos de transporte industrial"
1,Brasil,30,Número-índice,105.89321,1,Brasil,12606,PIMPF - Número-índice (2022=100),201202,fevereiro 2012,129282,120 Equipamentos de transporte industrial
1,Brasil,30,Número-índice,126.94811,1,Brasil,12606,PIMPF - Número-índice (2022=100),201203,março 2012,129278,1 Bens de capital
1,Brasil,30,Número-índice,124.42139,1,Brasil,12606,PIMPF - Número-índice (2022=100),201203,março 2012,129280,"110 Bens de capital, exceto equipamentos de transporte industrial"
1,Brasil,30,Número-índice,131.32969,1,Brasil,12606,PIMPF - Número-índice (2022=100),201203,março 2012,129282,120 Equipamentos de transporte industrial
1,Brasil,30,Número-índice,109.75035,1,Brasil,12606,PIMPF - Número-índice (2022=100),201204,abril 2012,129278,1 Bens de capital
1,Brasil,30,Número-índice,111.21216,1,Brasil,12606,PIMPF - Número-índice (2022=100),201204,abril 2012,129280,"110 Bens de capital, exceto equipamentos de transporte industrial"
1,Brasil,30,Número-índice,107.24573,1,Brasil,12606,PIMPF - Número-índice (2022=100),201204,abril 2012,129282,120 Equipamentos de transporte industrial
1,Brasil,30,Número-índice,120.11109,1,Brasil,12606,PIMPF - Número-índice (2022=100),201205,maio 2012,129278,1 Bens de capital
1,Brasil,30,Número-índice,123.89714,1,Brasil,12606,PIMPF - Número-índice (2022=100),201205,maio 2012,129280,"110 Bens de capital, exceto equipamentos de transporte industrial"
1,Brasil,30,Número-índice,113.59706,1,Brasil,12606,PIMPF - Número-índice (2022=100),201205,maio 2012,129282,120 Equipamentos de transporte industrial
1,Brasil,30,Número-índice,109.00233,1,Brasil,12606,PIMPF - Número-índice (2022=100),201206,junho 2012,129278,1 Bens de capital
1,Brasil,30,Número-índice,115.8931,1,Brasil,12606,PIMPF - Número-índice (2022=100),201206,junho 2012,129280,"110 Bens de capital, exceto equipamentos de transporte industrial"
1,Brasil,30,Número-índice,97.12839,1,Brasil,12606,PIMPF - Número-índice (2022=100),201206,junho 2012,129282,120 Equipamentos de transporte industrial
1,Brasil,30,Número-índice,116.54827,1,Brasil,12606,PIMPF - Número-índice (2022=100),201207,julho 2012,129278,1 Bens de capital
1,Brasil,30,Número-índice,114.90274,1,Brasil,12606,PIMPF - Número-índice (2022=100),201207,julho 2012,129280,"110 Bens de capital, exceto equipamentos de transporte industrial"
1,Brasil,30,Número-índice,119.40738,1,Brasil,12606,PIMPF - Número-índice (2022=100),201207,julho 2012,129282,120 Equipamentos de transporte industrial
1,Brasil,30,Número-índice,124.67419,1,Brasil,12606,PIMPF - Número-índice (2022=100),201208,agosto 2012,129278,1 Bens de capital
1,Brasil,30,Número-índice,122.08229,1,Brasil,12606,PIMPF - Número-índice (2022=100),201208,agosto 2012,129280,"110 Bens de capital, exceto equipamentos de transporte industrial"
1,Brasil,30,Número-índice,129.16789,1,Brasil,12606,PIMPF - Número-índice (2022=100),201208,agosto 2012,129282,120 Equipamentos de transporte industrial
1,Brasil,30,Número-índice,108.20735,1,Brasil,12606,PIMPF - Número-índice (2022=100),201209,setembro 2012,129278,1 Bens de capital
1,Brasil,30,Número-índice,106.18677,1,Brasil,12606,PIMPF - Número-índice (2022=100),201209,setembro 2012,129280,"110 Bens de capital, exceto equipamentos de transporte industrial"
1,Brasil,30,Número-índice,111.71233,1,Brasil,12606,PIMPF - Número-índice (2022=100),201209,setembro 2012,129282,120 Equipamentos de transporte industrial
1,Brasil,30,Número-índice,122.57947,1,Brasil,12606,PIMPF - Número-índice (2022=100),201210,outubro 2012,129278,1 Bens de capital
1,Brasil,30,Número-índice,118.55372,1,Brasil,12606,PIMPF - Número-índice (2022=100),201210,outubro 2012,129280,"110 Bens de capital, exceto equipamentos de transporte industrial"
1,Brasil,30,Número-índice,129.54734,1,Brasil,12606,PIMPF - Número-índice (2022=100),201210,outubro 2012,129282,120 Equipamentos de transporte industrial
1,Brasil,30,Número-índice,112.82847,1,Brasil,12606,PIMPF - Número-índice (2022=100),201211,novembro 2012,129278,1 Bens de capital
1,Brasil,30,Número-índice,108.80707,1,Brasil,12606,PIMPF - Número-índice (2022=100),201211,novembro 2012,129280,"110 Bens de capital, exceto equipamentos de transporte industrial"
1,Brasil,30,Número-índice,119.78722,1,Brasil,12606,PIMPF - Número-índice (2022=100),201211,novembro 2012,129282,120 Equipamentos de transporte industrial
1,Brasil,30,Número-índice,100.08573,1,Brasil,12606,PIMPF - Número-índice (2022=100),201212,dezembro 2012,129278,1 Bens de capital
1,Brasil,30,Número-índice,95.48406,1,Brasil,12606,PIMPF - Número-índice (2022=100),201212,dezembro 2012,129280,"110 Bens de capital, exceto equipamentos de transporte industrial"
1,Brasil,30,Número-índice,108.04377,1,Brasil,12606,PIMPF - Número-índice (2022=100),201212,dezembro 2012,129282,120 Equipamentos de transporte industrial
1,Brasil,30,Número-índice,111.21864,1,Brasil,12606,PIMPF - Número-índice (2022=100),201301,janeiro 2013,129278,1 Bens de capital
1,Brasil,30,Número-índice,102.70597,1,Brasil,12606,PIMPF - Número-índice (2022=100),201301,janeiro 2013,129280,"110 Bens de capital, exceto equipamentos de transporte industrial"
1,Brasil,30,Número-índice,125.92808,1,Brasil,12606,PIMPF - Número-índice (2022=100),201301,janeiro 2013,129282,120 Equipamentos de transporte industrial
1,Brasil,30,Número-índice,116.49317,1,Brasil,12606,PIMPF - Número-índice (2022=100),201302,fevereiro 2013,129278,1 Bens de capital
1,Brasil,30,Número-índice,110.72706,1,Brasil,12606,PIMPF - Número-índice (2022=100),201302,fevereiro 2013,129280,"110 Bens de capital, exceto equipamentos de transporte industrial"
1,Brasil,30,Número-índice,126.46352,1,Brasil,12606,PIMPF - Número-índice (2022=100),201302,fevereiro 2013,129282,120 Equipamentos de transporte industrial
1,Brasil,30,Número-índice,128.07507,1,Brasil,12606,PIMPF - Número-índice (2022=100),201303,março 2013,129278,1 Bens de capital
1,Brasil,30,Número-índice,117.78826,1,Brasil,12606,PIMPF - Número-índice (2022=100),201303,março 2013,129280,"110 Bens de capital, exceto equipamentos de transporte industrial"
1,Brasil,30,Número-índice,145.84909,1,Brasil,12606,PIMPF - Número-índice (2022=100),201303,março 2013,129282,120 Equipamentos de transporte industrial
1,Brasil,30,Número-índice,135.25233,1,Brasil,12606,PIMPF - Número-índice (2022=100),201304,abril 2013,129278,1 Bens de capital
1,Brasil,30,Número-índice,122.55515,1,Brasil,12606,PIMPF - Número-índice (2022=100),201304,abril 2013,129280,"110 Bens de capital, exceto equipamentos de transporte industrial"
1,Brasil,30,Número-índice,157.1873,1,Brasil,12606,PIMPF - Número-índice (2022=100),201304,abril 2013,129282,120 Equipamentos de transporte industrial
1,Brasil,30,Número-índice,129.40937,1,Brasil,12606,PIMPF - Número-índice (2022=100),201305,maio 2013,129278,1 Bens de capital
1,Brasil,30,Número-índice,118.90525,1,Brasil,12606,PIMPF - Número-índice (2022=100),201305,maio 2013,129280,"110 Bens de capital, exceto equipamentos de transporte industrial"
1,Brasil,30,Número-índice,147.55865,1,Brasil,12606,PIMPF - Número-índice (2022=100),201305,maio 2013,129282,120 Equipamentos de transporte industrial
1,Brasil,30,Número-índice,126.23972,1,Brasil,12606,PIMPF - Número-índice (2022=100),201306,junho 2013,129278,1 Bens de capital
1,Brasil,30,Número-índice,116.41947,1,Brasil,12606,PIMPF - Número-índice (2022=100),201306,junho 2013,129280,"110 Bens de capital, exceto equipamentos de transporte industrial"
1,Brasil,30,Número-índice,143.20826,1,Brasil,12606,PIMPF - Número-índice (2022=100),201306,junho 2013,129282,120 Equipamentos de transporte industrial
1,Brasil,30,Número-índice,131.73947,1,Brasil,12606,PIMPF - Número-índice (2022=100),201307,julho 2013,129278,1 Bens de capital
1,Brasil,30,Número-índice,124.39146,1,Brasil,12606,PIMPF - Número-índice (2022=100),201307,julho 2013,129280,"110 Bens de capital, exceto equipamentos de transporte industrial"
1,Brasil,30,Número-índice,144.44235,1,Brasil,12606,PIMPF - Número-índice (2022=100),201307,julho 2013,129282,120 Equipamentos de transporte industrial
1,Brasil,30,Número-índice,137.51851,1,Brasil,12606,PIMPF - Número-índice (2022=100),201308,agosto 2013,129278,1 Bens de capital
1,Brasil,30,Número-índice,126.37697,1,Brasil,12606,PIMPF - Número-índice (2022=100),201308,agosto 2013,129280,"110 Bens de capital, exceto equipamentos de transporte industrial"
1,Brasil,30,Número-índice,156.76916,1,Brasil,12606,PIMPF - Número-índice (2022=100),201308,agosto 2013,129282,120 Equipamentos de transporte industrial
1,Brasil,30,Número-índice,134.28039,1,Brasil,12606,PIMPF - Número-índice (2022=100),201309,setembro 2013,129278,1 Bens de capital
1,Brasil,30,Número-índice,123.30952,1,Brasil,12606,PIMPF - Número-índice (2022=100),201309,setembro 2013,129280,"110 Bens de capital, exceto equipamentos de transporte industrial"
1,Brasil,30,Número-índice,153.23598,1,Brasil,12606,PIMPF - Número-índice (2022=100),201309,setembro 2013,129282,120 Equipamentos de transporte industrial
1,Brasil,30,Número-índice,143.16861,1,Brasil,12606,PIMPF - Número-índice (2022=100),201310,outubro 2013,129278,1 Bens de capital
1,Brasil,30,Número-índice,132.86811,1,Brasil,12606,PIMPF - Número-índice (2022=100),201310,outubro 2013,129280,"110 Bens de capital, exceto equipamentos de transporte industrial"
1,Brasil,30,Número-índice,160.96875,1,Brasil,12606,PIMPF - Número-índice (2022=100),201310,outubro 2013,129282,120 Equipamentos de transporte industrial
1,Brasil,30,Número-índice,127.26833,1,Brasil,12606,PIMPF - Número-índice (2022=100),201311,novembro 2013,129278,1 Bens de capital
1,Brasil,30,Número-índice,121.04671,1,Brasil,12606,PIMPF - Número-índice (2022=100),201311,novembro 2013,129280,"110 Bens de capital, exceto equipamentos de transporte industrial"
1,Brasil,30,Número-índice,138.02658,1,Brasil,12606,PIMPF - Número-índice (2022=100),201311,novembro 2013,129282,120 Equipamentos de transporte industrial
1,Brasil,30,Número-índice,95.74063,1,Brasil,12606,PIMPF - Número-índice (2022=100),201312,dezembro 2013,129278,1 Bens de capital
1,Brasil,30,Número-índice,98.23159,1,Brasil,12606,PIMPF - Número-índice (2022=100),201312,dezembro 2013,129280,"110 Bens de capital, exceto equipamentos de transporte industrial"
1,Brasil,30,Número-índice,91.45762,1,Brasil,12606,PIMPF - Número-índice (2022=100),201312,dezembro 2013,129282,120 Equipamentos de transporte industrial
1,Brasil,30,Número-índice,112.31219,1,Brasil,12606,PIMPF - Número-índice (2022=100),201401,janeiro 2014,129278,1 Bens de capital
1,Brasil,30,Número-índice,107.43227,1,Brasil,12606,PIMPF - Número-índice (2022=100),201401,janeiro 2014,129280,"110 Bens de capital, exceto equipamentos de transporte industrial"
1,Brasil,30,Número-índice,120.75246,1,Brasil,12606,PIMPF - Número-índice (2022=100),201401,janeiro 2014,129282,120 Equipamentos de transporte industrial
1,Brasil,30,Número-índice,126.49823,1,Brasil,12606,PIMPF - Número-índice (2022=100),201402,fevereiro 2014,129278,1 Bens de capital
1,Brasil,30,Número-índice,118.63951,1,Brasil,12606,PIMPF - Número-índice (2022=100),201402,fevereiro 2014,129280,"110 Bens de capital, exceto equipamentos de transporte industrial"
1,Brasil,30,Número-índice,140.08162,1,Brasil,12606,PIMPF - Número-índice (2022=100),201402,fevereiro 2014,129282,120 Equipamentos de transporte industrial
1,Brasil,30,Número-índice,119.63269,1,Brasil,12606,PIMPF - Número-índice (2022=100),201403,março 2014,129278,1 Bens de capital
1,Brasil,30,Número-índice,116.76015,1,Brasil,12606,PIMPF - Número-índice (2022=100),201403,março 2014,129280,"110 Bens de capital, exceto equipamentos de transporte industrial"
1,Brasil,30,Número-índice,124.60986,1,Brasil,12606,PIMPF - Número-índice (2022=100),201403,março 2014,129282,120 Equipamentos de transporte industrial
1,Brasil,30,Número-índice,116.6054,1,Brasil,12606,PIMPF - Número-índice (2022=100),201404,abril 2014,129278,1 Bens de capital
1,Brasil,30,Número-índice,113.06148,1,Brasil,12606,PIMPF - Número-índice (2022=100),201404,abril 2014,129280,"110 Bens de capital, exceto equipamentos de transporte industrial"
1,Brasil,30,Número-índice,122.74073,1,Brasil,12606,PIMPF - Número-índice (2022=100),201404,abril 2014,129282,120 Equipamentos de transporte industrial
1,Brasil,30,Número-índice,117.96993,1,Brasil,12606,PIMPF - Número-índice (2022=100),201405,maio 2014,129278,1 Bens de capital
1,Brasil,30,Número-índice,117.62266,1,Brasil,12606,PIMPF - Número-índice (2022=100),201405,maio 2014,129280,"110 Bens de capital, exceto equipamentos de transporte industrial"
1,Brasil,30,Número-índice,118.58878,1,Brasil,12606,PIMPF - Número-índice (2022=100),201405,maio 2014,129282,120 Equipamentos de transporte industrial
1,Brasil,30,Número-índice,100.19569,1,Brasil,12606,PIMPF - Número-índice (2022=100),201406,junho 2014,129278,1 Bens de capital
1,Brasil,30,Número-índice,101.95576,1,Brasil,12606,PIMPF - Número-índice (2022=100),201406,junho 2014,129280,"110 Bens de capital, exceto equipamentos de transporte industrial"
1,Brasil,30,Número-índice,97.17476,1,Brasil,12606,PIMPF - Número-índice (2022=100),201406,junho 2014,129282,120 Equipamentos de transporte industrial
1,Brasil,30,Número-índice,119.31627,1,Brasil,12606,PIMPF - Número-índice (2022=100),201407,julho 2014,129278,1 Bens de capital
1,Brasil,30,Número-índice,117.13057,1,Brasil,12606,PIMPF - Número-índice (2022=100),201407,julho 2014,129280,"110 Bens de capital, exceto equipamentos de transporte industrial"
1,Brasil,30,Número-índice,123.10805,1,Brasil,12606,PIMPF - Número-índice (2022=100),201407,julho 2014,129282,120 Equipamentos de transporte industrial
1,Brasil,30,Número-índice,117.23897,1,Brasil,12606,PIMPF - Número-índice (2022=100),201408,agosto 2014,129278,1 Bens de capital
1,Brasil,30,Número-índice,112.89743,1,Brasil,12606,PIMPF - Número-índice (2022=100),201408,agosto 2014,129280,"110 Bens de capital, exceto equipamentos de transporte industrial"
1,Brasil,30,Número-índice,124.75092,1,Brasil,12606,PIMPF - Número-índice (2022=100),201408,agosto 2014,129282,120 Equipamentos de transporte industrial
1,Brasil,30,Número-índice,120.56923,1,Brasil,12606,PIMPF - Número-índice (2022=100),201409,setembro 2014,129278,1 Bens de capital
1,Brasil,30,Número-índice,116.95464,1,Brasil,12606,PIMPF - Número-índice (2022=100),201409,setembro 2014,129280,"110 Bens de capital, exceto equipamentos de transporte industrial"
1,Brasil,30,Número-índice,126.82718,1,Brasil,12606,PIMPF - Número-índice (2022=100),201409,setembro 2014,129282,120 Equipamentos de transporte industrial
1,Brasil,30,Número-índice,125.83589,1,Brasil,12606,PIMPF - Número-índice (2022=100),201410,outubro 2014,129278,1 Bens de capital
1,Brasil,30,Número-índice,123.64291,1,Brasil,12606,PIMPF - Número-índice (2022=100),201410,outubro 2014,129280,"110 Bens de capital, exceto equipamentos de transporte industrial"
1,Brasil,30,Número-índice,129.64131,1,Brasil,12606,PIMPF - Número-índice (2022=100),201410,outubro 2014,129282,120 Equipamentos de transporte industrial
1,Brasil,30,Número-índice,113.58364,1,Brasil,12606,PIMPF - Número-índice (2022=100),201411,novembro 2014,129278,1 Bens de capital
1,Brasil,30,Número-índice,110.11296,1,Brasil,12606,PIMPF - Número-índice (2022=100),201411,novembro 2014,129280,"110 Bens de capital, exceto equipamentos de transporte industrial"
1,Brasil,30,Número-índice,119.59208,1,Brasil,12606,PIMPF - Número-índice (2022=100),201411,novembro 2014,129282,120 Equipamentos de transporte industrial
1,Brasil,30,Número-índice,84.99815,1,Brasil,12606,PIMPF - Número-índice (2022=100),201412,dezembro 2014,129278,1 Bens de capital
1,Brasil,30,Número-índice,89.91206,1,Brasil,12606,PIMPF - Número-índice (2022=100),201412,dezembro 2014,129280,"110 Bens de capital, exceto equipamentos de transporte industrial"
1,Brasil,30,Número-índice,76.53184,1,Brasil,12606,PIMPF - Número-índice (2022=100),201412,dezembro 2014,129282,120 Equipamentos de transporte industrial
1,Brasil,30,Número-índice,94.87917,1,Brasil,12606,PIMPF - Número-índice (2022=100),201501,janeiro 2015,129278,1 Bens de capital
1,Brasil,30,Número-índice,95.89689,1,Brasil,12606,PIMPF - Número-índice (2022=100),201501,janeiro 2015,129280,"110 Bens de capital, exceto equipamentos de transporte industrial"
1,Brasil,30,Número-índice,93.1385,1,Brasil,12606,PIMPF - Número-índice (2022=100),201501,janeiro 2015,129282,120 Equipamentos de transporte industrial
1,Brasil,30,Número-índice,94.35333,1,Brasil,12606,PIMPF - Número-índice (2022=100),201502,fevereiro 2015,129278,1 Bens de capital
1,Brasil,30,Número-índice,96.13548,1,Brasil,12606,PIMPF - Número-índice (2022=100),201502,fevereiro 2015,129280,"110 Bens de capital, exceto equipamentos de transporte industrial"
1,Brasil,30,Número-índice,91.29335,1,Brasil,12606,PIMPF - Número-índice (2022=100),201502,fevereiro 2015,129282,120 Equipamentos de transporte industrial
1,Brasil,30,Número-índice,105.57445,1,Brasil,12606,PIMPF - Número-índice (2022=100),201503,março 2015,129278,1 Bens de capital
1,Brasil,30,Número-índice,108.7989,1,Brasil,12606,PIMPF - Número-índice (2022=100),201503,março 2015,129280,"110 Bens de capital, exceto equipamentos de transporte industrial"
1,Brasil,30,Número-índice,100.02722,1,Brasil,12606,PIMPF - Número-índice (2022=100),201503,março 2015,129282,120 Equipamentos de transporte industrial
1,Brasil,30,Número-índice,90.20506,1,Brasil,12606,PIMPF - Número-índice (2022=100),201504,abril 2015,129278,1 Bens de capital
1,Brasil,30,Número-índice,93.64359,1,Brasil,12606,PIMPF - Número-índice (2022=100),201504,abril 2015,129280,"110 Bens de capital, exceto equipamentos de transporte industrial"
1,Brasil,30,Número-índice,84.28582,1,Brasil,12606,PIMPF - Número-índice (2022=100),201504,abril 2015,129282,120 Equipamentos de transporte industrial
1,Brasil,30,Número-índice,87.68937,1,Brasil,12606,PIMPF - Número-índice (2022=100),201505,maio 2015,129278,1 Bens de capital
1,Brasil,30,Número-índice,92.64187,1,Brasil,12606,PIMPF - Número-índice (2022=100),201505,maio 2015,129280,"110 Bens de capital, exceto equipamentos de transporte industrial"
1,Brasil,30,Número-índice,79.15692,1,Brasil,12606,PIMPF - Número-índice (2022=100),201505,maio 2015,129282,120 Equipamentos de transporte industrial
1,Brasil,30,Número-índice,83.65291,1,Brasil,12606,PIMPF - Número-índice (2022=100),201506,junho 2015,129278,1 Bens de capital
1,Brasil,30,Número-índice,87.86019,1,Brasil,12606,PIMPF - Número-índice (2022=100),201506,junho 2015,129280,"110 Bens de capital, exceto equipamentos de transporte industrial"
1,Brasil,30,Número-índice,76.4059,1,Brasil,12606,PIMPF - Número-índice (2022=100),201506,junho 2015,129282,120 Equipamentos de transporte industrial
1,Brasil,30,Número-índice,86.4271,1,Brasil,12606,PIMPF - Número-índice (2022=100),201507,julho 2015,129278,1 Bens de capital
1,Brasil,30,Número-índice,90.44721,1,Brasil,12606,PIMPF - Número-índice (2022=100),201507,julho 2015,129280,"110 Bens de capital, exceto equipamentos de transporte industrial"
1,Brasil,30,Número-índice,79.50355,1,Brasil,12606,PIMPF - Número-índice (2022=100),201507,julho 2015,129282,120 Equipamentos de transporte industrial
1,Brasil,30,Número-índice,79.06784,1,Brasil,12606,PIMPF - Número-índice (2022=100),201508,agosto 2015,129278,1 Bens de capital
1,Brasil,30,Número-índice,83.13948,1,Brasil,12606,PIMPF - Número-índice (2022=100),201508,agosto 2015,129280,"110 Bens de capital, exceto equipamentos de transporte industrial"
1,Brasil,30,Número-índice,72.05414,1,Brasil,12606,PIMPF - Número-índice (2022=100),201508,agosto 2015,129282,120 Equipamentos de transporte industrial
1,Brasil,30,Número-índice,83.1968,1,Brasil,12606,PIMPF - Número-índice (2022=100),201509,setembro 2015,129278,1 Bens de capital
1,Brasil,30,Número-índice,87.72229,1,Brasil,12606,PIMPF - Número-índice (2022=100),201509,setembro 2015,129280,"110 Bens de capital, exceto equipamentos de transporte industrial"
1,Brasil,30,Número-índice,75.40052,1,Brasil,12606,PIMPF - Número-índice (2022=100),201509,setembro 2015,129282,120 Equipamentos de transporte industrial
1,Brasil,30,Número-índice,84.9279,1,Brasil,12606,PIMPF - Número-índice (2022=100),201510,outubro 2015,129278,1 Bens de capital
1,Brasil,30,Número-índice,88.30598,1,Brasil,12606,PIMPF - Número-índice (2022=100),201510,outubro 2015,129280,"110 Bens de capital, exceto equipamentos de transporte industrial"
1,Brasil,30,Número-índice,79.11209,1,Brasil,12606,PIMPF - Número-índice (2022=100),201510,outubro 2015,129282,120 Equipamentos de transporte industrial
1,Brasil,30,Número-índice,78.64873,1,Brasil,12606,PIMPF - Número-índice (2022=100),201511,novembro 2015,129278,1 Bens de capital
1,Brasil,30,Número-índice,81.70083,1,Brasil,12606,PIMPF - Número-índice (2022=100),201511,novembro 2015,129280,"110 Bens de capital, exceto equipamentos de transporte industrial"
1,Brasil,30,Número-índice,73.39448,1,Brasil,12606,PIMPF - Número-índice (2022=100),201511,novembro 2015,129282,120 Equipamentos de transporte industrial
1,Brasil,30,Número-índice,58.15859,1,Brasil,12606,PIMPF - Número-índice (2022=100),201512,dezembro 2015,129278,1 Bens de capital
1,Brasil,30,Número-índice,62.4973,1,Brasil,12606,PIMPF - Número-índice (2022=100),201512,dezembro 2015,129280,"110 Bens de capital, exceto equipamentos de transporte industrial"
1,Brasil,30,Número-índice,50.68053,1,Brasil,12606,PIMPF - Número-índice (2022=100),201512,dezembro 2015,129282,120 Equipamentos de transporte industrial
1,Brasil,30,Número-índice,61.58042,1,Brasil,12606,PIMPF - Número-índice (2022=100),201601,janeiro 2016,129278,1 Bens de capital
1,Brasil,30,Número-índice,64.88051,1,Brasil,12606,PIMPF - Número-índice (2022=100),201601,janeiro 2016,129280,"110 Bens de capital, exceto equipamentos de transporte industrial"
1,Brasil,30,Número-índice,55.8925,1,Brasil,12606,PIMPF - Número-índice (2022=100),201601,janeiro 2016,129282,120 Equipamentos de transporte industrial
1,Brasil,30,Número-índice,71.41893,1,Brasil,12606,PIMPF - Número-índice (2022=100),201602,fevereiro 2016,129278,1 Bens de capital
1,Brasil,30,Número-índice,72.99289,1,Brasil,12606,PIMPF - Número-índice (2022=100),201602,fevereiro 2016,129280,"110 Bens de capital, exceto equipamentos de transporte industrial"
1,Brasil,30,Número-índice,68.70611,1,Brasil,12606,PIMPF - Número-índice (2022=100),201602,fevereiro 2016,129282,120 Equipamentos de transporte industrial
1,Brasil,30,Número-índice,81.98753,1,Brasil,12606,PIMPF - Número-índice (2022=100),201603,março 2016,129278,1 Bens de capital
1,Brasil,30,Número-índice,83.34366,1,Brasil,12606,PIMPF - Número-índice (2022=100),201603,março 2016,129280,"110 Bens de capital, exceto equipamentos de transporte industrial"
1,Brasil,30,Número-índice,79.65014,1,Brasil,12606,PIMPF - Número-índice (2022=100),201603,março 2016,129282,120 Equipamentos de transporte industrial
1,Brasil,30,Número-índice,76.68227,1,Brasil,12606,PIMPF - Número-índice (2022=100),201604,abril 2016,129278,1 Bens de capital
1,Brasil,30,Número-índice,78.83432,1,Brasil,12606,PIMPF - Número-índice (2022=100),201604,abril 2016,129280,"110 Bens de capital, exceto equipamentos de transporte industrial"
1,Brasil,30,Número-índice,72.97307,1,Brasil,12606,PIMPF - Número-índice (2022=100),201604,abril 2016,129282,120 Equipamentos de transporte industrial
1,Brasil,30,Número-índice,79.3897,1,Brasil,12606,PIMPF - Número-índice (2022=100),201605,maio 2016,129278,1 Bens de capital
1,Brasil,30,Número-índice,84.06956,1,Brasil,12606,PIMPF - Número-índice (2022=100),201605,maio 2016,129280,"110 Bens de capital, exceto equipamentos de transporte industrial"
1,Brasil,30,Número-índice,71.32363,1,Brasil,12606,PIMPF - Número-índice (2022=100),201605,maio 2016,129282,120 Equipamentos de transporte industrial
1,Brasil,30,Número-índice,82.8291,1,Brasil,12606,PIMPF - Número-índice (2022=100),201606,junho 2016,129278,1 Bens de capital
1,Brasil,30,Número-índice,84.79472,1,Brasil,12606,PIMPF - Número-índice (2022=100),201606,junho 2016,129280,"110 Bens de capital, exceto equipamentos de transporte industrial"
1,Brasil,30,Número-índice,79.44123,1,Brasil,12606,PIMPF - Número-índice (2022=100),201606,junho 2016,129282,120 Equipamentos de transporte industrial
1,Brasil,30,Número-índice,77.22785,1,Brasil,12606,PIMPF - Número-índice (2022=100),201607,julho 2016,129278,1 Bens de capital
1,Brasil,30,Número-índice,82.04558,1,Brasil,12606,PIMPF - Número-índice (2022=100),201607,julho 2016,129280,"110 Bens de capital, exceto equipamentos de transporte industrial"
1,Brasil,30,Número-índice,68.92416,1,Brasil,12606,PIMPF - Número-índice (2022=100),201607,julho 2016,129282,120 Equipamentos de transporte industrial
1,Brasil,30,Número-índice,83.77144,1,Brasil,12606,PIMPF - Número-índice (2022=100),201608,agosto 2016,129278,1 Bens de capital
1,Brasil,30,Número-índice,89.32674,1,Brasil,12606,PIMPF - Número-índice (2022=100),201608,agosto 2016,129280,"110 Bens de capital, exceto equipamentos de transporte industrial"
1,Brasil,30,Número-índice,74.19649,1,Brasil,12606,PIMPF - Número-índice (2022=100),201608,agosto 2016,129282,120 Equipamentos de transporte industrial
1,Brasil,30,Número-índice,79.85231,1,Brasil,12606,PIMPF - Número-índice (2022=100),201609,setembro 2016,129278,1 Bens de capital
1,Brasil,30,Número-índice,84.46115,1,Brasil,12606,PIMPF - Número-índice (2022=100),201609,setembro 2016,129280,"110 Bens de capital, exceto equipamentos de transporte industrial"
1,Brasil,30,Número-índice,71.90867,1,Brasil,12606,PIMPF - Número-índice (2022=100),201609,setembro 2016,129282,120 Equipamentos de transporte industrial
1,Brasil,30,Número-índice,77.92981,1,Brasil,12606,PIMPF - Número-índice (2022=100),201610,outubro 2016,129278,1 Bens de capital
1,Brasil,30,Número-índice,84.24164,1,Brasil,12606,PIMPF - Número-índice (2022=100),201610,outubro 2016,129280,"110 Bens de capital, exceto equipamentos de transporte industrial"
1,Brasil,30,Número-índice,67.05094,1,Brasil,12606,PIMPF - Número-índice (2022=100),201610,outubro 2016,129282,120 Equipamentos de transporte industrial
1,Brasil,30,Número-índice,81.11319,1,Brasil,12606,PIMPF - Número-índice (2022=100),201611,novembro 2016,129278,1 Bens de capital
1,Brasil,30,Número-índice,83.82695,1,Brasil,12606,PIMPF - Número-índice (2022=100),201611,novembro 2016,129280,"110 Bens de capital, exceto equipamentos de transporte industrial"
1,Brasil,30,Número-índice,76.43585,1,Brasil,12606,PIMPF - Número-índice (2022=100),201611,novembro 2016,129282,120 Equipamentos de transporte industrial
1,Brasil,30,Número-índice,67.9712,1,Brasil,12606,PIMPF - Número-índice (2022=100),201612,dezembro 2016,129278,1 Bens de capital
1,Brasil,30,Número-índice,73.91062,1,Brasil,12606,PIMPF - Número-índice (2022=100),201612,dezembro 2016,129280,"110 Bens de capital, exceto equipamentos de transporte industrial"
1,Brasil,30,Número-índice,57.73422,1,Brasil,12606,PIMPF - Número-índice (2022=100),201612,dezembro 2016,129282,120 Equipamentos de transporte industrial
1,Brasil,30,Número-índice,65.50241,1,Brasil,12606,PIMPF - Número-índice (2022=100),201701,janeiro 2017,129278,1 Bens de capital
1,Brasil,30,Número-índice,69.87294,1,Brasil,12606,PIMPF - Número-índice (2022=100),201701,janeiro 2017,129280,"110 Bens de capital, exceto equipamentos de transporte industrial"
1,Brasil,30,Número-índice,57.9695,1,Brasil,12606,PIMPF - Número-índice (2022=100),201701,janeiro 2017,129282,120 Equipamentos de transporte industrial
1,Brasil,30,Número-índice,74.0506,1,Brasil,12606,PIMPF - Número-índice (2022=100),201702,fevereiro 2017,129278,1 Bens de capital
1,Brasil,30,Número-índice,79.30686,1,Brasil,12606,PIMPF - Número-índice (2022=100),201702,fevereiro 2017,129280,"110 Bens de capital, exceto equipamentos de transporte industrial"
1,Brasil,30,Número-índice,64.99109,1,Brasil,12606,PIMPF - Número-índice (2022=100),201702,fevereiro 2017,129282,120 Equipamentos de transporte industrial
1,Brasil,30,Número-índice,85.75481,1,Brasil,12606,PIMPF - Número-índice (2022=100),201703,março 2017,129278,1 Bens de capital
1,Brasil,30,Número-índice,91.38946,1,Brasil,12606,PIMPF - Número-índice (2022=100),201703,março 2017,129280,"110 Bens de capital, exceto equipamentos de transporte industrial"
1,Brasil,30,Número-índice,76.0431,1,Brasil,12606,PIMPF - Número-índice (2022=100),201703,março 2017,129282,120 Equipamentos de transporte industrial
1,Brasil,30,Número-índice,72.41124,1,Brasil,12606,PIMPF - Número-índice (2022=100),201704,abril 2017,129278,1 Bens de capital
1,Brasil,30,Número-índice,77.51098,1,Brasil,12606,PIMPF - Número-índice (2022=100),201704,abril 2017,129280,"110 Bens de capital, exceto equipamentos de transporte industrial"
1,Brasil,30,Número-índice,63.6215,1,Brasil,12606,PIMPF - Número-índice (2022=100),201704,abril 2017,129282,120 Equipamentos de transporte industrial
1,Brasil,30,Número-índice,85.68384,1,Brasil,12606,PIMPF - Número-índice (2022=100),201705,maio 2017,129278,1 Bens de capital
1,Brasil,30,Número-índice,88.22794,1,Brasil,12606,PIMPF - Número-índice (2022=100),201705,maio 2017,129280,"110 Bens de capital, exceto equipamentos de transporte industrial"
1,Brasil,30,Número-índice,81.29891,1,Brasil,12606,PIMPF - Número-índice (2022=100),201705,maio 2017,129282,120 Equipamentos de transporte industrial
1,Brasil,30,Número-índice,83.41128,1,Brasil,12606,PIMPF - Número-índice (2022=100),201706,junho 2017,129278,1 Bens de capital
1,Brasil,30,Número-índice,87.52111,1,Brasil,12606,PIMPF - Número-índice (2022=100),201706,junho 2017,129280,"110 Bens de capital, exceto equipamentos de transporte industrial"
1,Brasil,30,Número-índice,76.3277,1,Brasil,12606,PIMPF - Número-índice (2022=100),201706,junho 2017,129282,120 Equipamentos de transporte industrial
1,Brasil,30,Número-índice,83.10443,1,Brasil,12606,PIMPF - Número-índice (2022=100),201707,julho 2017,129278,1 Bens de capital
1,Brasil,30,Número-índice,87.94804,1,Brasil,12606,PIMPF - Número-índice (2022=100),201707,julho 2017,129280,"110 Bens de capital, exceto equipamentos de transporte industrial"
1,Brasil,30,Número-índice,74.75612,1,Brasil,12606,PIMPF - Número-índice (2022=100),201707,julho 2017,129282,120 Equipamentos de transporte industrial
1,Brasil,30,Número-índice,91.57535,1,Brasil,12606,PIMPF - Número-índice (2022=100),201708,agosto 2017,129278,1 Bens de capital
1,Brasil,30,Número-índice,92.96487,1,Brasil,12606,PIMPF - Número-índice (2022=100),201708,agosto 2017,129280,"110 Bens de capital, exceto equipamentos de transporte industrial"
1,Brasil,30,Número-índice,89.18042,1,Brasil,12606,PIMPF - Número-índice (2022=100),201708,agosto 2017,129282,120 Equipamentos de transporte industrial
1,Brasil,30,Número-índice,84.97242,1,Brasil,12606,PIMPF - Número-índice (2022=100),201709,setembro 2017,129278,1 Bens de capital
1,Brasil,30,Número-índice,88.27651,1,Brasil,12606,PIMPF - Número-índice (2022=100),201709,setembro 2017,129280,"110 Bens de capital, exceto equipamentos de transporte industrial"
1,Brasil,30,Número-índice,79.27759,1,Brasil,12606,PIMPF - Número-índice (2022=100),201709,setembro 2017,129282,120 Equipamentos de transporte industrial
1,Brasil,30,Número-índice,89.84512,1,Brasil,12606,PIMPF - Número-índice (2022=100),201710,outubro 2017,129278,1 Bens de capital
1,Brasil,30,Número-índice,92.10529,1,Brasil,12606,PIMPF - Número-índice (2022=100),201710,outubro 2017,129280,"110 Bens de capital, exceto equipamentos de transporte industrial"
1,Brasil,30,Número-índice,85.94956,1,Brasil,12606,PIMPF - Número-índice (2022=100),201710,outubro 2017,129282,120 Equipamentos de transporte industrial
1,Brasil,30,Número-índice,87.6753,1,Brasil,12606,PIMPF - Número-índice (2022=100),201711,novembro 2017,129278,1 Bens de capital
1,Brasil,30,Número-índice,89.15131,1,Brasil,12606,PIMPF - Número-índice (2022=100),201711,novembro 2017,129280,"110 Bens de capital, exceto equipamentos de transporte industrial"
1,Brasil,30,Número-índice,85.1313,1,Brasil,12606,PIMPF - Número-índice (2022=100),201711,novembro 2017,129282,120 Equipamentos de transporte industrial
1,Brasil,30,Número-índice,74.89535,1,Brasil,12606,PIMPF - Número-índice (2022=100),201712,dezembro 2017,129278,1 Bens de capital
1,Brasil,30,Número-índice,78.44306,1,Brasil,12606,PIMPF - Número-índice (2022=100),201712,dezembro 2017,129280,"110 Bens de capital, exceto equipamentos de transporte industrial"
1,Brasil,30,Número-índice,68.78062,1,Brasil,12606,PIMPF - Número-índice (2022=100),201712,dezembro 2017,129282,120 Equipamentos de transporte industrial
1,Brasil,30,Número-índice,77.07871,1,Brasil,12606,PIMPF - Número-índice (2022=100),201801,janeiro 2018,129278,1 Bens de capital
1,Brasil,30,Número-índice,78.45606,1,Brasil,12606,PIMPF - Número-índice (2022=100),201801,janeiro 2018,129280,"110 Bens de capital, exceto equipamentos de transporte industrial"
1,Brasil,30,Número-índice,74.70475,1,Brasil,12606,PIMPF - Número-índice (2022=100),201801,janeiro 2018,129282,120 Equipamentos de transporte industrial
1,Brasil,30,Número-índice,79.40817,1,Brasil,12606,PIMPF - Número-índice (2022=100),201802,fevereiro 2018,129278,1 Bens de capital
1,Brasil,30,Número-índice,82.47879,1,Brasil,12606,PIMPF - Número-índice (2022=100),201802,fevereiro 2018,129280,"110 Bens de capital, exceto equipamentos de transporte industrial"
1,Brasil,30,Número-índice,74.11576,1,Brasil,12606,PIMPF - Número-índice (2022=100),201802,fevereiro 2018,129282,120 Equipamentos de transporte industrial
1,Brasil,30,Número-índice,93.37499,1,Brasil,12606,PIMPF - Número-índice (2022=100),201803,março 2018,129278,1 Bens de capital
1,Brasil,30,Número-índice,94.18916,1,Brasil,12606,PIMPF - Número-índice (2022=100),201803,março 2018,129280,"110 Bens de capital, exceto equipamentos de transporte industrial"
1,Brasil,30,Número-índice,91.97173,1,Brasil,12606,PIMPF - Número-índice (2022=100),201803,março 2018,129282,120 Equipamentos de transporte industrial
1,Brasil,30,Número-índice,89.2836,1,Brasil,12606,PIMPF - Número-índice (2022=100),201804,abril 2018,129278,1 Bens de capital
1,Brasil,30,Número-índice,88.9915,1,Brasil,12606,PIMPF - Número-índice (2022=100),201804,abril 2018,129280,"110 Bens de capital, exceto equipamentos de transporte industrial"
1,Brasil,30,Número-índice,89.78706,1,Brasil,12606,PIMPF - Número-índice (2022=100),201804,abril 2018,129282,120 Equipamentos de transporte industrial
1,Brasil,30,Número-índice,80.20115,1,Brasil,12606,PIMPF - Número-índice (2022=100),201805,maio 2018,129278,1 Bens de capital
1,Brasil,30,Número-índice,85.82039,1,Brasil,12606,PIMPF - Número-índice (2022=100),201805,maio 2018,129280,"110 Bens de capital, exceto equipamentos de transporte industrial"
1,Brasil,30,Número-índice,70.516,1,Brasil,12606,PIMPF - Número-índice (2022=100),201805,maio 2018,129282,120 Equipamentos de transporte industrial
1,Brasil,30,Número-índice,90.77268,1,Brasil,12606,PIMPF - Número-índice (2022=100),201806,junho 2018,129278,1 Bens de capital
1,Brasil,30,Número-índice,89.96353,1,Brasil,12606,PIMPF - Número-índice (2022=100),201806,junho 2018,129280,"110 Bens de capital, exceto equipamentos de transporte industrial"
1,Brasil,30,Número-índice,92.16731,1,Brasil,12606,PIMPF - Número-índice (2022=100),201806,junho 2018,129282,120 Equipamentos de transporte industrial
1,Brasil,30,Número-índice,89.20811,1,Brasil,12606,PIMPF - Número-índice (2022=100),201807,julho 2018,129278,1 Bens de capital
1,Brasil,30,Número-índice,92.98637,1,Brasil,12606,PIMPF - Número-índice (2022=100),201807,julho 2018,129280,"110 Bens de capital, exceto equipamentos de transporte industrial"
1,Brasil,30,Número-índice,82.69604,1,Brasil,12606,PIMPF - Número-índice (2022=100),201807,julho 2018,129282,120 Equipamentos de transporte industrial
1,Brasil,30,Número-índice,100.28034,1,Brasil,12606,PIMPF - Número-índice (2022=100),201808,agosto 2018,129278,1 Bens de capital
1,Brasil,30,Número-índice,100.89469,1,Brasil,12606,PIMPF - Número-índice (2022=100),201808,agosto 2018,129280,"110 Bens de capital, exceto equipamentos de transporte industrial"
1,Brasil,30,Número-índice,99.22149,1,Brasil,12606,PIMPF - Número-índice (2022=100),201808,agosto 2018,129282,120 Equipamentos de transporte industrial
1,Brasil,30,Número-índice,88.53023,1,Brasil,12606,PIMPF - Número-índice (2022=100),201809,setembro 2018,129278,1 Bens de capital
1,Brasil,30,Número-índice,86.48655,1,Brasil,12606,PIMPF - Número-índice (2022=100),201809,setembro 2018,129280,"110 Bens de capital, exceto equipamentos de transporte industrial"
1,Brasil,30,Número-índice,92.05264,1,Brasil,12606,PIMPF - Número-índice (2022=100),201809,setembro 2018,129282,120 Equipamentos de transporte industrial
1,Brasil,30,Número-índice,99.08346,1,Brasil,12606,PIMPF - Número-índice (2022=100),201810,outubro 2018,129278,1 Bens de capital
1,Brasil,30,Número-índice,97.67597,1,Brasil,12606,PIMPF - Número-índice (2022=100),201810,outubro 2018,129280,"110 Bens de capital, exceto equipamentos de transporte industrial"
1,Brasil,30,Número-índice,101.50936,1,Brasil,12606,PIMPF - Número-índice (2022=100),201810,outubro 2018,129282,120 Equipamentos de transporte industrial
1,Brasil,30,Número-índice,89.92733,1,Brasil,12606,PIMPF - Número-índice (2022=100),201811,novembro 2018,129278,1 Bens de capital
1,Brasil,30,Número-índice,89.88364,1,Brasil,12606,PIMPF - Número-índice (2022=100),201811,novembro 2018,129280,"110 Bens de capital, exceto equipamentos de transporte industrial"
1,Brasil,30,Número-índice,90.00265,1,Brasil,12606,PIMPF - Número-índice (2022=100),201811,novembro 2018,129282,120 Equipamentos de transporte industrial
1,Brasil,30,Número-índice,71.32633,1,Brasil,12606,PIMPF - Número-índice (2022=100),201812,dezembro 2018,129278,1 Bens de capital
1,Brasil,30,Número-índice,74.45786,1,Brasil,12606,PIMPF - Número-índice (2022=100),201812,dezembro 2018,129280,"110 Bens de capital, exceto equipamentos de transporte industrial"
1,Brasil,30,Número-índice,65.92892,1,Brasil,12606,PIMPF - Número-índice (2022=100),201812,dezembro 2018,129282,120 Equipamentos de transporte industrial
1,Brasil,30,Número-índice,71.38601,1,Brasil,12606,PIMPF - Número-índice (2022=100),201901,janeiro 2019,129278,1 Bens de capital
1,Brasil,30,Número-índice,74.82563,1,Brasil,12606,PIMPF - Número-índice (2022=100),201901,janeiro 2019,129280,"110 Bens de capital, exceto equipamentos de transporte industrial"
1,Brasil,30,Número-índice,65.45758,1,Brasil,12606,PIMPF - Número-índice (2022=100),201901,janeiro 2019,129282,120 Equipamentos de transporte industrial
1,Brasil,30,Número-índice,84.8081,1,Brasil,12606,PIMPF - Número-índice (2022=100),201902,fevereiro 2019,129278,1 Bens de capital
1,Brasil,30,Número-índice,85.59653,1,Brasil,12606,PIMPF - Número-índice (2022=100),201902,fevereiro 2019,129280,"110 Bens de capital, exceto equipamentos de transporte industrial"
1,Brasil,30,Número-índice,83.44919,1,Brasil,12606,PIMPF - Número-índice (2022=100),201902,fevereiro 2019,129282,120 Equipamentos de transporte industrial
1,Brasil,30,Número-índice,82.50454,1,Brasil,12606,PIMPF - Número-índice (2022=100),201903,março 2019,129278,1 Bens de capital
1,Brasil,30,Número-índice,86.76513,1,Brasil,12606,PIMPF - Número-índice (2022=100),201903,março 2019,129280,"110 Bens de capital, exceto equipamentos de transporte industrial"
1,Brasil,30,Número-índice,75.16111,1,Brasil,12606,PIMPF - Número-índice (2022=100),201903,março 2019,129282,120 Equipamentos de transporte industrial
1,Brasil,30,Número-índice,89.25705,1,Brasil,12606,PIMPF - Número-índice (2022=100),201904,abril 2019,129278,1 Bens de capital
1,Brasil,30,Número-índice,90.85298,1,Brasil,12606,PIMPF - Número-índice (2022=100),201904,abril 2019,129280,"110 Bens de capital, exceto equipamentos de transporte industrial"
1,Brasil,30,Número-índice,86.50636,1,Brasil,12606,PIMPF - Número-índice (2022=100),201904,abril 2019,129282,120 Equipamentos de transporte industrial
1,Brasil,30,Número-índice,96.97939,1,Brasil,12606,PIMPF - Número-índice (2022=100),201905,maio 2019,129278,1 Bens de capital
1,Brasil,30,Número-índice,96.95365,1,Brasil,12606,PIMPF - Número-índice (2022=100),201905,maio 2019,129280,"110 Bens de capital, exceto equipamentos de transporte industrial"
1,Brasil,30,Número-índice,97.02376,1,Brasil,12606,PIMPF - Número-índice (2022=100),201905,maio 2019,129282,120 Equipamentos de transporte industrial
1,Brasil,30,Número-índice,86.20697,1,Brasil,12606,PIMPF - Número-índice (2022=100),201906,junho 2019,129278,1 Bens de capital
1,Brasil,30,Número-índice,87.32072,1,Brasil,12606,PIMPF - Número-índice (2022=100),201906,junho 2019,129280,"110 Bens de capital, exceto equipamentos de transporte industrial"
1,Brasil,30,Número-índice,84.28737,1,Brasil,12606,PIMPF - Número-índice (2022=100),201906,junho 2019,129282,120 Equipamentos de transporte industrial
1,Brasil,30,Número-índice,94.59409,1,Brasil,12606,PIMPF - Número-índice (2022=100),201907,julho 2019,129278,1 Bens de capital
1,Brasil,30,Número-índice,95.86731,1,Brasil,12606,PIMPF - Número-índice (2022=100),201907,julho 2019,129280,"110 Bens de capital, exceto equipamentos de transporte industrial"
1,Brasil,30,Número-índice,92.39962,1,Brasil,12606,PIMPF - Número-índice (2022=100),201907,julho 2019,129282,120 Equipamentos de transporte industrial
1,Brasil,30,Número-índice,95.99375,1,Brasil,12606,PIMPF - Número-índice (2022=100),201908,agosto 2019,129278,1 Bens de capital
1,Brasil,30,Número-índice,96.79171,1,Brasil,12606,PIMPF - Número-índice (2022=100),201908,agosto 2019,129280,"110 Bens de capital, exceto equipamentos de transporte industrial"
1,Brasil,30,Número-índice,94.61843,1,Brasil,12606,PIMPF - Número-índice (2022=100),201908,agosto 2019,129282,120 Equipamentos de transporte industrial
1,Brasil,30,Número-índice,89.56284,1,Brasil,12606,PIMPF - Número-índice (2022=100),201909,setembro 2019,129278,1 Bens de capital
1,Brasil,30,Número-índice,90.33996,1,Brasil,12606,PIMPF - Número-índice (2022=100),201909,setembro 2019,129280,"110 Bens de capital, exceto equipamentos de transporte industrial"
1,Brasil,30,Número-índice,88.22342,1,Brasil,12606,PIMPF - Número-índice (2022=100),201909,setembro 2019,129282,120 Equipamentos de transporte industrial
1,Brasil,30,Número-índice,96.82656,1,Brasil,12606,PIMPF - Número-índice (2022=100),201910,outubro 2019,129278,1 Bens de capital
1,Brasil,30,Número-índice,97.35704,1,Brasil,12606,PIMPF - Número-índice (2022=100),201910,outubro 2019,129280,"110 Bens de capital, exceto equipamentos de transporte industrial"
1,Brasil,30,Número-índice,95.91224,1,Brasil,12606,PIMPF - Número-índice (2022=100),201910,outubro 2019,129282,120 Equipamentos de transporte industrial
1,Brasil,30,Número-índice,86.95036,1,Brasil,12606,PIMPF - Número-índice (2022=100),201911,novembro 2019,129278,1 Bens de capital
1,Brasil,30,Número-índice,89.04067,1,Brasil,12606,PIMPF - Número-índice (2022=100),201911,novembro 2019,129280,"110 Bens de capital, exceto equipamentos de transporte industrial"
1,Brasil,30,Número-índice,83.34757,1,Brasil,12606,PIMPF - Número-índice (2022=100),201911,novembro 2019,129282,120 Equipamentos de transporte industrial
1,Brasil,30,Número-índice,66.78781,1,Brasil,12606,PIMPF - Número-índice (2022=100),201912,dezembro 2019,129278,1 Bens de capital
1,Brasil,30,Número-índice,71.6638,1,Brasil,12606,PIMPF - Número-índice (2022=100),201912,dezembro 2019,129280,"110 Bens de capital, exceto equipamentos de transporte industrial"
1,Brasil,30,Número-índice,58.38371,1,Brasil,12606,PIMPF - Número-índice (2022=100),201912,dezembro 2019,129282,120 Equipamentos de transporte industrial
1,Brasil,30,Número-índice,74.34977,1,Brasil,12606,PIMPF - Número-índice (2022=100),202001,janeiro 2020,129278,1 Bens de capital
1,Brasil,30,Número-índice,79.81766,1,Brasil,12606,PIMPF - Número-índice (2022=100),202001,janeiro 2020,129280,"110 Bens de capital, exceto equipamentos de transporte industrial"
1,Brasil,30,Número-índice,64.92549,1,Brasil,12606,PIMPF - Número-índice (2022=100),202001,janeiro 2020,129282,120 Equipamentos de transporte industrial
1,Brasil,30,Número-índice,80.59755,1,Brasil,12606,PIMPF - Número-índice (2022=100),202002,fevereiro 2020,129278,1 Bens de capital
1,Brasil,30,Número-índice,83.18946,1,Brasil,12606,PIMPF - Número-índice (2022=100),202002,fevereiro 2020,129280,"110 Bens de capital, exceto equipamentos de transporte industrial"
1,Brasil,30,Número-índice,76.13023,1,Brasil,12606,PIMPF - Número-índice (2022=100),202002,fevereiro 2020,129282,120 Equipamentos de transporte industrial
1,Brasil,30,Número-índice,78.26291,1,Brasil,12606,PIMPF - Número-índice (2022=100),202003,março 2020,129278,1 Bens de capital
1,Brasil,30,Número-índice,84.37869,1,Brasil,12606,PIMPF - Número-índice (2022=100),202003,março 2020,129280,"110 Bens de capital, exceto equipamentos de transporte industrial"
1,Brasil,30,Número-índice,67.72196,1,Brasil,12606,PIMPF - Número-índice (2022=100),202003,março 2020,129282,120 Equipamentos de transporte industrial
1,Brasil,30,Número-índice,42.50091,1,Brasil,12606,PIMPF - Número-índice (2022=100),202004,abril 2020,129278,1 Bens de capital
1,Brasil,30,Número-índice,59.53774,1,Brasil,12606,PIMPF - Número-índice (2022=100),202004,abril 2020,129280,"110 Bens de capital, exceto equipamentos de transporte industrial"
1,Brasil,30,Número-índice,13.13677,1,Brasil,12606,PIMPF - Número-índice (2022=100),202004,abril 2020,129282,120 Equipamentos de transporte industrial
1,Brasil,30,Número-índice,59.49143,1,Brasil,12606,PIMPF - Número-índice (2022=100),202005,maio 2020,129278,1 Bens de capital
1,Brasil,30,Número-índice,70.60883,1,Brasil,12606,PIMPF - Número-índice (2022=100),202005,maio 2020,129280,"110 Bens de capital, exceto equipamentos de transporte industrial"
1,Brasil,30,Número-índice,40.32983,1,Brasil,12606,PIMPF - Número-índice (2022=100),202005,maio 2020,129282,120 Equipamentos de transporte industrial
1,Brasil,30,Número-índice,66.94934,1,Brasil,12606,PIMPF - Número-índice (2022=100),202006,junho 2020,129278,1 Bens de capital
1,Brasil,30,Número-índice,74.67148,1,Brasil,12606,PIMPF - Número-índice (2022=100),202006,junho 2020,129280,"110 Bens de capital, exceto equipamentos de transporte industrial"
1,Brasil,30,Número-índice,53.63971,1,Brasil,12606,PIMPF - Número-índice (2022=100),202006,junho 2020,129282,120 Equipamentos de transporte industrial
1,Brasil,30,Número-índice,79.68513,1,Brasil,12606,PIMPF - Número-índice (2022=100),202007,julho 2020,129278,1 Bens de capital
1,Brasil,30,Número-índice,88.60974,1,Brasil,12606,PIMPF - Número-índice (2022=100),202007,julho 2020,129280,"110 Bens de capital, exceto equipamentos de transporte industrial"
1,Brasil,30,Número-índice,64.30295,1,Brasil,12606,PIMPF - Número-índice (2022=100),202007,julho 2020,129282,120 Equipamentos de transporte industrial
1,Brasil,30,Número-índice,82.1016,1,Brasil,12606,PIMPF - Número-índice (2022=100),202008,agosto 2020,129278,1 Bens de capital
1,Brasil,30,Número-índice,90.73975,1,Brasil,12606,PIMPF - Número-índice (2022=100),202008,agosto 2020,129280,"110 Bens de capital, exceto equipamentos de transporte industrial"
1,Brasil,30,Número-índice,67.21316,1,Brasil,12606,PIMPF - Número-índice (2022=100),202008,agosto 2020,129282,120 Equipamentos de transporte industrial
1,Brasil,30,Número-índice,90.23319,1,Brasil,12606,PIMPF - Número-índice (2022=100),202009,setembro 2020,129278,1 Bens de capital
1,Brasil,30,Número-índice,95.05266,1,Brasil,12606,PIMPF - Número-índice (2022=100),202009,setembro 2020,129280,"110 Bens de capital, exceto equipamentos de transporte industrial"
1,Brasil,30,Número-índice,81.92652,1,Brasil,12606,PIMPF - Número-índice (2022=100),202009,setembro 2020,129282,120 Equipamentos de transporte industrial
1,Brasil,30,Número-índice,98.94022,1,Brasil,12606,PIMPF - Número-índice (2022=100),202010,outubro 2020,129278,1 Bens de capital
1,Brasil,30,Número-índice,103.43638,1,Brasil,12606,PIMPF - Número-índice (2022=100),202010,outubro 2020,129280,"110 Bens de capital, exceto equipamentos de transporte industrial"
1,Brasil,30,Número-índice,91.19078,1,Brasil,12606,PIMPF - Número-índice (2022=100),202010,outubro 2020,129282,120 Equipamentos de transporte industrial
1,Brasil,30,Número-índice,97.93171,1,Brasil,12606,PIMPF - Número-índice (2022=100),202011,novembro 2020,129278,1 Bens de capital
1,Brasil,30,Número-índice,101.56065,1,Brasil,12606,PIMPF - Número-índice (2022=100),202011,novembro 2020,129280,"110 Bens de capital, exceto equipamentos de transporte industrial"
1,Brasil,30,Número-índice,91.67698,1,Brasil,12606,PIMPF - Número-índice (2022=100),202011,novembro 2020,129282,120 Equipamentos de transporte industrial
1,Brasil,30,Número-índice,90.58072,1,Brasil,12606,PIMPF - Número-índice (2022=100),202012,dezembro 2020,129278,1 Bens de capital
1,Brasil,30,Número-índice,95.17775,1,Brasil,12606,PIMPF - Número-índice (2022=100),202012,dezembro 2020,129280,"110 Bens de capital, exceto equipamentos de transporte industrial"
1,Brasil,30,Número-índice,82.65743,1,Brasil,12606,PIMPF - Número-índice (2022=100),202012,dezembro 2020,129282,120 Equipamentos de transporte industrial
1,Brasil,30,Número-índice,87.06634,1,Brasil,12606,PIMPF - Número-índice (2022=100),202101,janeiro 2021,129278,1 Bens de capital
1,Brasil,30,Número-índice,91.32318,1,Brasil,12606,PIMPF - Número-índice (2022=100),202101,janeiro 2021,129280,"110 Bens de capital, exceto equipamentos de transporte industrial"
1,Brasil,30,Número-índice,79.72938,1,Brasil,12606,PIMPF - Número-índice (2022=100),202101,janeiro 2021,129282,120 Equipamentos de transporte industrial
1,Brasil,30,Número-índice,92.78964,1,Brasil,12606,PIMPF - Número-índice (2022=100),202102,fevereiro 2021,129278,1 Bens de capital
1,Brasil,30,Número-índice,97.18964,1,Brasil,12606,PIMPF - Número-índice (2022=100),202102,fevereiro 2021,129280,"110 Bens de capital, exceto equipamentos de transporte industrial"
1,Brasil,30,Número-índice,85.20593,1,Brasil,12606,PIMPF - Número-índice (2022=100),202102,fevereiro 2021,129282,120 Equipamentos de transporte industrial
1,Brasil,30,Número-índice,102.06769,1,Brasil,12606,PIMPF - Número-índice (2022=100),202103,março 2021,129278,1 Bens de capital
1,Brasil,30,Número-índice,105.99857,1,Brasil,12606,PIMPF - Número-índice (2022=100),202103,março 2021,129280,"110 Bens de capital, exceto equipamentos de transporte industrial"
1,Brasil,30,Número-índice,95.29257,1,Brasil,12606,PIMPF - Número-índice (2022=100),202103,março 2021,129282,120 Equipamentos de transporte industrial
1,Brasil,30,Número-índice,94.57685,1,Brasil,12606,PIMPF - Número-índice (2022=100),202104,abril 2021,129278,1 Bens de capital
1,Brasil,30,Número-índice,97.04822,1,Brasil,12606,PIMPF - Número-índice (2022=100),202104,abril 2021,129280,"110 Bens de capital, exceto equipamentos de transporte industrial"
1,Brasil,30,Número-índice,90.3173,1,Brasil,12606,PIMPF - Número-índice (2022=100),202104,abril 2021,129282,120 Equipamentos de transporte industrial
1,Brasil,30,Número-índice,101.96278,1,Brasil,12606,PIMPF - Número-índice (2022=100),202105,maio 2021,129278,1 Bens de capital
1,Brasil,30,Número-índice,100.22786,1,Brasil,12606,PIMPF - Número-índice (2022=100),202105,maio 2021,129280,"110 Bens de capital, exceto equipamentos de transporte industrial"
1,Brasil,30,Número-índice,104.95304,1,Brasil,12606,PIMPF - Número-índice (2022=100),202105,maio 2021,129282,120 Equipamentos de transporte industrial
1,Brasil,30,Número-índice,102.25444,1,Brasil,12606,PIMPF - Número-índice (2022=100),202106,junho 2021,129278,1 Bens de capital
1,Brasil,30,Número-índice,100.58953,1,Brasil,12606,PIMPF - Número-índice (2022=100),202106,junho 2021,129280,"110 Bens de capital, exceto equipamentos de transporte industrial"
1,Brasil,30,Número-índice,105.12403,1,Brasil,12606,PIMPF - Número-índice (2022=100),202106,junho 2021,129282,120 Equipamentos de transporte industrial
1,Brasil,30,Número-índice,108.47845,1,Brasil,12606,PIMPF - Número-índice (2022=100),202107,julho 2021,129278,1 Bens de capital
1,Brasil,30,Número-índice,104.24959,1,Brasil,12606,PIMPF - Número-índice (2022=100),202107,julho 2021,129280,"110 Bens de capital, exceto equipamentos de transporte industrial"
1,Brasil,30,Número-índice,115.76719,1,Brasil,12606,PIMPF - Número-índice (2022=100),202107,julho 2021,129282,120 Equipamentos de transporte industrial
1,Brasil,30,Número-índice,107.61592,1,Brasil,12606,PIMPF - Número-índice (2022=100),202108,agosto 2021,129278,1 Bens de capital
1,Brasil,30,Número-índice,106.46368,1,Brasil,12606,PIMPF - Número-índice (2022=100),202108,agosto 2021,129280,"110 Bens de capital, exceto equipamentos de transporte industrial"
1,Brasil,30,Número-índice,109.6019,1,Brasil,12606,PIMPF - Número-índice (2022=100),202108,agosto 2021,129282,120 Equipamentos de transporte industrial
1,Brasil,30,Número-índice,103.46613,1,Brasil,12606,PIMPF - Número-índice (2022=100),202109,setembro 2021,129278,1 Bens de capital
1,Brasil,30,Número-índice,107.50965,1,Brasil,12606,PIMPF - Número-índice (2022=100),202109,setembro 2021,129280,"110 Bens de capital, exceto equipamentos de transporte industrial"
1,Brasil,30,Número-índice,96.49684,1,Brasil,12606,PIMPF - Número-índice (2022=100),202109,setembro 2021,129282,120 Equipamentos de transporte industrial
1,Brasil,30,Número-índice,106.81263,1,Brasil,12606,PIMPF - Número-índice (2022=100),202110,outubro 2021,129278,1 Bens de capital
1,Brasil,30,Número-índice,107.60902,1,Brasil,12606,PIMPF - Número-índice (2022=100),202110,outubro 2021,129280,"110 Bens de capital, exceto equipamentos de transporte industrial"
1,Brasil,30,Número-índice,105.44002,1,Brasil,12606,PIMPF - Número-índice (2022=100),202110,outubro 2021,129282,120 Equipamentos de transporte industrial
1,Brasil,30,Número-índice,102.12547000000001,1,Brasil,12606,PIMPF - Número-índice (2022=100),202111,novembro 2021,129278,1 Bens de capital
1,Brasil,30,Número-índice,105.26328,1,Brasil,12606,PIMPF - Número-índice (2022=100),202111,novembro 2021,129280,"110 Bens de capital, exceto equipamentos de transporte industrial"
1,Brasil,30,Número-índice,96.71725,1,Brasil,12606,PIMPF - Número-índice (2022=100),202111,novembro 2021,129282,120 Equipamentos de transporte industrial
1,Brasil,30,Número-índice,94.01758,1,Brasil,12606,PIMPF - Número-índice (2022=100),202112,dezembro 2021,129278,1 Bens de capital
1,Brasil,30,Número-índice,95.30677,1,Brasil,12606,PIMPF - Número-índice (2022=100),202112,dezembro 2021,129280,"110 Bens de capital, exceto equipamentos de transporte industrial"
1,Brasil,30,Número-índice,91.7956,1,Brasil,12606,PIMPF - Número-índice (2022=100),202112,dezembro 2021,129282,120 Equipamentos de transporte industrial
1,Brasil,30,Número-índice,82.86437,1,Brasil,12606,PIMPF - Número-índice (2022=100),202201,janeiro 2022,129278,1 Bens de capital
1,Brasil,30,Número-índice,88.52949,1,Brasil,12606,PIMPF - Número-índice (2022=100),202201,janeiro 2022,129280,"110 Bens de capital, exceto equipamentos de transporte industrial"
1,Brasil,30,Número-índice,65.45092,1,Brasil,12606,PIMPF - Número-índice (2022=100),202201,janeiro 2022,129282,120 Equipamentos de transporte industrial
1,Brasil,30,Número-índice,96.192,1,Brasil,12606,PIMPF - Número-índice (2022=100),202202,fevereiro 2022,129278,1 Bens de capital
1,Brasil,30,Número-índice,98.32105,1,Brasil,12606,PIMPF - Número-índice (2022=100),202202,fevereiro 2022,129280,"110 Bens de capital, exceto equipamentos de transporte industrial"
1,Brasil,30,Número-índice,89.64773,1,Brasil,12606,PIMPF - Número-índice (2022=100),202202,fevereiro 2022,129282,120 Equipamentos de transporte industrial
1,Brasil,30,Número-índice,106.5401,1,Brasil,12606,PIMPF - Número-índice (2022=100),202203,março 2022,129278,1 Bens de capital
1,Brasil,30,Número-índice,107.4999,1,Brasil,12606,PIMPF - Número-índice (2022=100),202203,março 2022,129280,"110 Bens de capital, exceto equipamentos de transporte industrial"
1,Brasil,30,Número-índice,103.58988,1,Brasil,12606,PIMPF - Número-índice (2022=100),202203,março 2022,129282,120 Equipamentos de transporte industrial
1,Brasil,30,Número-índice,94.82392,1,Brasil,12606,PIMPF - Número-índice (2022=100),202204,abril 2022,129278,1 Bens de capital
1,Brasil,30,Número-índice,96.11314,1,Brasil,12606,PIMPF - Número-índice (2022=100),202204,abril 2022,129280,"110 Bens de capital, exceto equipamentos de transporte industrial"
1,Brasil,30,Número-índice,90.86113,1,Brasil,12606,PIMPF - Número-índice (2022=100),202204,abril 2022,129282,120 Equipamentos de transporte industrial
1,Brasil,30,Número-índice,108.36024,1,Brasil,12606,PIMPF - Número-índice (2022=100),202205,maio 2022,129278,1 Bens de capital
1,Brasil,30,Número-índice,108.37809,1,Brasil,12606,PIMPF - Número-índice (2022=100),202205,maio 2022,129280,"110 Bens de capital, exceto equipamentos de transporte industrial"
1,Brasil,30,Número-índice,108.30537,1,Brasil,12606,PIMPF - Número-índice (2022=100),202205,maio 2022,129282,120 Equipamentos de transporte industrial
1,Brasil,30,Número-índice,101.93518,1,Brasil,12606,PIMPF - Número-índice (2022=100),202206,junho 2022,129278,1 Bens de capital
1,Brasil,30,Número-índice,102.58699,1,Brasil,12606,PIMPF - Número-índice (2022=100),202206,junho 2022,129280,"110 Bens de capital, exceto equipamentos de transporte industrial"
1,Brasil,30,Número-índice,99.93164,1,Brasil,12606,PIMPF - Número-índice (2022=100),202206,junho 2022,129282,120 Equipamentos de transporte industrial
1,Brasil,30,Número-índice,101.87361,1,Brasil,12606,PIMPF - Número-índice (2022=100),202207,julho 2022,129278,1 Bens de capital
1,Brasil,30,Número-índice,101.72746,1,Brasil,12606,PIMPF - Número-índice (2022=100),202207,julho 2022,129280,"110 Bens de capital, exceto equipamentos de transporte industrial"
1,Brasil,30,Número-índice,102.32284,1,Brasil,12606,PIMPF - Número-índice (2022=100),202207,julho 2022,129282,120 Equipamentos de transporte industrial
1,Brasil,30,Número-índice,112.41287,1,Brasil,12606,PIMPF - Número-índice (2022=100),202208,agosto 2022,129278,1 Bens de capital
1,Brasil,30,Número-índice,107.67509,1,Brasil,12606,PIMPF - Número-índice (2022=100),202208,agosto 2022,129280,"110 Bens de capital, exceto equipamentos de transporte industrial"
1,Brasil,30,Número-índice,126.97589,1,Brasil,12606,PIMPF - Número-índice (2022=100),202208,agosto 2022,129282,120 Equipamentos de transporte industrial
1,Brasil,30,Número-índice,102.08302,1,Brasil,12606,PIMPF - Número-índice (2022=100),202209,setembro 2022,129278,1 Bens de capital
1,Brasil,30,Número-índice,101.26166,1,Brasil,12606,PIMPF - Número-índice (2022=100),202209,setembro 2022,129280,"110 Bens de capital, exceto equipamentos de transporte industrial"
1,Brasil,30,Número-índice,104.60773,1,Brasil,12606,PIMPF - Número-índice (2022=100),202209,setembro 2022,129282,120 Equipamentos de transporte industrial
1,Brasil,30,Número-índice,101.81743,1,Brasil,12606,PIMPF - Número-índice (2022=100),202210,outubro 2022,129278,1 Bens de capital
1,Brasil,30,Número-índice,101.35763,1,Brasil,12606,PIMPF - Número-índice (2022=100),202210,outubro 2022,129280,"110 Bens de capital, exceto equipamentos de transporte industrial"
1,Brasil,30,Número-índice,103.23077,1,Brasil,12606,PIMPF - Número-índice (2022=100),202210,outubro 2022,129282,120 Equipamentos de transporte industrial
1,Brasil,30,Número-índice,102.06666,1,Brasil,12606,PIMPF - Número-índice (2022=100),202211,novembro 2022,129278,1 Bens de capital
1,Brasil,30,Número-índice,100.43973,1,Brasil,12606,PIMPF - Número-índice (2022=100),202211,novembro 2022,129280,"110 Bens de capital, exceto equipamentos de transporte industrial"
1,Brasil,30,Número-índice,107.06752,1,Brasil,12606,PIMPF - Número-índice (2022=100),202211,novembro 2022,129282,120 Equipamentos de transporte industrial
1,Brasil,30,Número-índice,89.03058,1,Brasil,12606,PIMPF - Número-índice (2022=100),202212,dezembro 2022,129278,1 Bens de capital
1,Brasil,30,Número-índice,86.10974,1,Brasil,12606,PIMPF - Número-índice (2022=100),202212,dezembro 2022,129280,"110 Bens de capital, exceto equipamentos de transporte industrial"
1,Brasil,30,Número-índice,98.00867,1,Brasil,12606,PIMPF - Número-índice (2022=100),202212,dezembro 2022,129282,120 Equipamentos de transporte industrial
1,Brasil,30,Número-índice,77.73274,1,Brasil,12606,PIMPF - Número-índice (2022=100),202301,janeiro 2023,129278,1 Bens de capital
1,Brasil,30,Número-índice,80.61406,1,Brasil,12606,PIMPF - Número-índice (2022=100),202301,janeiro 2023,129280,"110 Bens de capital, exceto equipamentos de transporte industrial"
1,Brasil,30,Número-índice,68.87611,1,Brasil,12606,PIMPF - Número-índice (2022=100),202301,janeiro 2023,129282,120 Equipamentos de transporte industrial
1,Brasil,30,Número-índice,84.47484,1,Brasil,12606,PIMPF - Número-índice (2022=100),202302,fevereiro 2023,129278,1 Bens de capital
1,Brasil,30,Número-índice,83.68666,1,Brasil,12606,PIMPF - Número-índice (2022=100),202302,fevereiro 2023,129280,"110 Bens de capital, exceto equipamentos de transporte industrial"
1,Brasil,30,Número-índice,86.89757,1,Brasil,12606,PIMPF - Número-índice (2022=100),202302,fevereiro 2023,129282,120 Equipamentos de transporte industrial
1,Brasil,30,Número-índice,105.22096,1,Brasil,12606,PIMPF - Número-índice (2022=100),202303,março 2023,129278,1 Bens de capital
1,Brasil,30,Número-índice,103.87932,1,Brasil,12606,PIMPF - Número-índice (2022=100),202303,março 2023,129280,"110 Bens de capital, exceto equipamentos de transporte industrial"
1,Brasil,30,Número-índice,109.3449,1,Brasil,12606,PIMPF - Número-índice (2022=100),202303,março 2023,129282,120 Equipamentos de transporte industrial
1,Brasil,30,Número-índice,80.08849,1,Brasil,12606,PIMPF - Número-índice (2022=100),202304,abril 2023,129278,1 Bens de capital
1,Brasil,30,Número-índice,80.91446,1,Brasil,12606,PIMPF - Número-índice (2022=100),202304,abril 2023,129280,"110 Bens de capital, exceto equipamentos de transporte industrial"
1,Brasil,30,Número-índice,77.54964,1,Brasil,12606,PIMPF - Número-índice (2022=100),202304,abril 2023,129282,120 Equipamentos de transporte industrial
1,Brasil,30,Número-índice,96.43526,1,Brasil,12606,PIMPF - Número-índice (2022=100),202305,maio 2023,129278,1 Bens de capital
1,Brasil,30,Número-índice,97.55244,1,Brasil,12606,PIMPF - Número-índice (2022=100),202305,maio 2023,129280,"110 Bens de capital, exceto equipamentos de transporte industrial"
1,Brasil,30,Número-índice,93.00128,1,Brasil,12606,PIMPF - Número-índice (2022=100),202305,maio 2023,129282,120 Equipamentos de transporte industrial
1,Brasil,30,Número-índice,90.57923,1,Brasil,12606,PIMPF - Número-índice (2022=100),202306,junho 2023,129278,1 Bens de capital
1,Brasil,30,Número-índice,91.78863,1,Brasil,12606,PIMPF - Número-índice (2022=100),202306,junho 2023,129280,"110 Bens de capital, exceto equipamentos de transporte industrial"
1,Brasil,30,Número-índice,86.86179,1,Brasil,12606,PIMPF - Número-índice (2022=100),202306,junho 2023,129282,120 Equipamentos de transporte industrial
1,Brasil,30,Número-índice,86.62691,1,Brasil,12606,PIMPF - Número-índice (2022=100),202307,julho 2023,129278,1 Bens de capital
1,Brasil,30,Número-índice,88.32606,1,Brasil,12606,PIMPF - Número-índice (2022=100),202307,julho 2023,129280,"110 Bens de capital, exceto equipamentos de transporte industrial"
1,Brasil,30,Número-índice,81.40405,1,Brasil,12606,PIMPF - Número-índice (2022=100),202307,julho 2023,129282,120 Equipamentos de transporte industrial
1,Brasil,30,Número-índice,98.12099,1,Brasil,12606,PIMPF - Número-índice (2022=100),202308,agosto 2023,129278,1 Bens de capital
1,Brasil,30,Número-índice,98.41984,1,Brasil,12606,PIMPF - Número-índice (2022=100),202308,agosto 2023,129280,"110 Bens de capital, exceto equipamentos de transporte industrial"
1,Brasil,30,Número-índice,97.20238,1,Brasil,12606,PIMPF - Número-índice (2022=100),202308,agosto 2023,129282,120 Equipamentos de transporte industrial
1,Brasil,30,Número-índice,88.82251,1,Brasil,12606,PIMPF - Número-índice (2022=100),202309,setembro 2023,129278,1 Bens de capital
1,Brasil,30,Número-índice,88.74344,1,Brasil,12606,PIMPF - Número-índice (2022=100),202309,setembro 2023,129280,"110 Bens de capital, exceto equipamentos de transporte industrial"
1,Brasil,30,Número-índice,89.06558,1,Brasil,12606,PIMPF - Número-índice (2022=100),202309,setembro 2023,129282,120 Equipamentos de transporte industrial
1,Brasil,30,Número-índice,90.88357,1,Brasil,12606,PIMPF - Número-índice (2022=100),202310,outubro 2023,129278,1 Bens de capital
1,Brasil,30,Número-índice,89.68225,1,Brasil,12606,PIMPF - Número-índice (2022=100),202310,outubro 2023,129280,"110 Bens de capital, exceto equipamentos de transporte industrial"
1,Brasil,30,Número-índice,94.5762,1,Brasil,12606,PIMPF - Número-índice (2022=100),202310,outubro 2023,129282,120 Equipamentos de transporte industrial
1,Brasil,30,Número-índice,86.78671,1,Brasil,12606,PIMPF - Número-índice (2022=100),202311,novembro 2023,129278,1 Bens de capital
1,Brasil,30,Número-índice,84.84564,1,Brasil,12606,PIMPF - Número-índice (2022=100),202311,novembro 2023,129280,"110 Bens de capital, exceto equipamentos de transporte industrial"
1,Brasil,30,Número-índice,92.75319,1,Brasil,12606,PIMPF - Número-índice (2022=100),202311,novembro 2023,129282,120 Equipamentos de transporte industrial
1,Brasil,30,Número-índice,73.7918,1,Brasil,12606,PIMPF - Número-índice (2022=100),202312,dezembro 2023,129278,1 Bens de capital
1,Brasil,30,Número-índice,72.4646,1,Brasil,12606,PIMPF - Número-índice (2022=100),202312,dezembro 2023,129280,"110 Bens de capital, exceto equipamentos de transporte industrial"
1,Brasil,30,Número-índice,77.87137,1,Brasil,12606,PIMPF - Número-índice (2022=100),202312,dezembro 2023,129282,120 Equipamentos de transporte industrial
1,Brasil,30,Número-índice,79.10366,1,Brasil,12606,PIMPF - Número-índice (2022=100),202401,janeiro 2024,129278,1 Bens de capital
1,Brasil,30,Número-índice,80.94084,1,Brasil,12606,PIMPF - Número-índice (2022=100),202401,janeiro 2024,129280,"110 Bens de capital, exceto equipamentos de transporte industrial"
1,Brasil,30,Número-índice,73.45653,1,Brasil,12606,PIMPF - Número-índice (2022=100),202401,janeiro 2024,129282,120 Equipamentos de transporte industrial
1,Brasil,30,Número-índice,89.85518,1,Brasil,12606,PIMPF - Número-índice (2022=100),202402,fevereiro 2024,129278,1 Bens de capital
1,Brasil,30,Número-índice,87.20407,1,Brasil,12606,PIMPF - Número-índice (2022=100),202402,fevereiro 2024,129280,"110 Bens de capital, exceto equipamentos de transporte industrial"
1,Brasil,30,Número-índice,98.00417,1,Brasil,12606,PIMPF - Número-índice (2022=100),202402,fevereiro 2024,129282,120 Equipamentos de transporte industrial
1,Brasil,30,Número-índice,94.09283,1,Brasil,12606,PIMPF - Número-índice (2022=100),202403,março 2024,129278,1 Bens de capital
1,Brasil,30,Número-índice,90.77312,1,Brasil,12606,PIMPF - Número-índice (2022=100),202403,março 2024,129280,"110 Bens de capital, exceto equipamentos de transporte industrial"
1,Brasil,30,Número-índice,104.29697,1,Brasil,12606,PIMPF - Número-índice (2022=100),202403,março 2024,129282,120 Equipamentos de transporte industrial
1,Brasil,30,Número-índice,99.85726,1,Brasil,12606,PIMPF - Número-índice (2022=100),202404,abril 2024,129278,1 Bens de capital
1,Brasil,30,Número-índice,92.89268,1,Brasil,12606,PIMPF - Número-índice (2022=100),202404,abril 2024,129280,"110 Bens de capital, exceto equipamentos de transporte industrial"
1,Brasil,30,Número-índice,121.265,1,Brasil,12606,PIMPF - Número-índice (2022=100),202404,abril 2024,129282,120 Equipamentos de transporte industrial
1,Brasil,30,Número-índice,100.19073,1,Brasil,12606,PIMPF - Número-índice (2022=100),202405,maio 2024,129278,1 Bens de capital
1,Brasil,30,Número-índice,91.70292,1,Brasil,12606,PIMPF - Número-índice (2022=100),202405,maio 2024,129280,"110 Bens de capital, exceto equipamentos de transporte industrial"
1,Brasil,30,Número-índice,126.28057,1,Brasil,12606,PIMPF - Número-índice (2022=100),202405,maio 2024,129282,120 Equipamentos de transporte industrial
1,Brasil,30,Número-índice,99.21515,1,Brasil,12606,PIMPF - Número-índice (2022=100),202406,junho 2024,129278,1 Bens de capital
1,Brasil,30,Número-índice,98.23133,1,Brasil,12606,PIMPF - Número-índice (2022=100),202406,junho 2024,129280,"110 Bens de capital, exceto equipamentos de transporte industrial"
1,Brasil,30,Número-índice,102.23923,1,Brasil,12606,PIMPF - Número-índice (2022=100),202406,junho 2024,129282,120 Equipamentos de transporte industrial
1,Brasil,30,Número-índice,101.8761,1,Brasil,12606,PIMPF - Número-índice (2022=100),202407,julho 2024,129278,1 Bens de capital
1,Brasil,30,Número-índice,99.41926,1,Brasil,12606,PIMPF - Número-índice (2022=100),202407,julho 2024,129280,"110 Bens de capital, exceto equipamentos de transporte industrial"
1,Brasil,30,Número-índice,109.42794,1,Brasil,12606,PIMPF - Número-índice (2022=100),202407,julho 2024,129282,120 Equipamentos de transporte industrial
1,Brasil,30,Número-índice,103.31711,1,Brasil,12606,PIMPF - Número-índice (2022=100),202408,agosto 2024,129278,1 Bens de capital
1,Brasil,30,Número-índice,99.66607,1,Brasil,12606,PIMPF - Número-índice (2022=100),202408,agosto 2024,129280,"110 Bens de capital, exceto equipamentos de transporte industrial"
1,Brasil,30,Número-índice,114.53967,1,Brasil,12606,PIMPF - Número-índice (2022=100),202408,agosto 2024,129282,120 Equipamentos de transporte industrial
1,Brasil,30,Número-índice,101.04091,1,Brasil,12606,PIMPF - Número-índice (2022=100),202409,setembro 2024,129278,1 Bens de capital
1,Brasil,30,Número-índice,95.31063,1,Brasil,12606,PIMPF - Número-índice (2022=100),202409,setembro 2024,129280,"110 Bens de capital, exceto equipamentos de transporte industrial"
1,Brasil,30,Número-índice,118.65466,1,Brasil,12606,PIMPF - Número-índice (2022=100),202409,setembro 2024,129282,120 Equipamentos de transporte industrial
1,Brasil,30,Número-índice,106.03687,1,Brasil,12606,PIMPF - Número-índice (2022=100),202410,outubro 2024,129278,1 Bens de capital
1,Brasil,30,Número-índice,101.66023,1,Brasil,12606,PIMPF - Número-índice (2022=100),202410,outubro 2024,129280,"110 Bens de capital, exceto equipamentos de transporte industrial"
1,Brasil,30,Número-índice,119.48979,1,Brasil,12606,PIMPF - Número-índice (2022=100),202410,outubro 2024,129282,120 Equipamentos de transporte industrial
1,Brasil,30,Número-índice,97.72731,1,Brasil,12606,PIMPF - Número-índice (2022=100),202411,novembro 2024,129278,1 Bens de capital
1,Brasil,30,Número-índice,94.90096,1,Brasil,12606,PIMPF - Número-índice (2022=100),202411,novembro 2024,129280,"110 Bens de capital, exceto equipamentos de transporte industrial"
1,Brasil,30,Número-índice,106.41493,1,Brasil,12606,PIMPF - Número-índice (2022=100),202411,novembro 2024,129282,120 Equipamentos de transporte industrial
1,Brasil,30,Número-índice,82.71546,1,Brasil,12606,PIMPF - Número-índice (2022=100),202412,dezembro 2024,129278,1 Bens de capital
1,Brasil,30,Número-índice,77.8821,1,Brasil,12606,PIMPF - Número-índice (2022=100),202412,dezembro 2024,129280,"110 Bens de capital, exceto equipamentos de transporte industrial"
1,Brasil,30,Número-índice,97.57224,1,Brasil,12606,PIMPF - Número-índice (2022=100),202412,dezembro 2024,129282,120 Equipamentos de transporte industrial
1,Brasil,30,Número-índice,84.45417,1,Brasil,12606,PIMPF - Número-índice (2022=100),202501,janeiro 2025,129278,1 Bens de capital
1,Brasil,30,Número-índice,85.43422,1,Brasil,12606,PIMPF - Número-índice (2022=100),202501,janeiro 2025,129280,"110 Bens de capital, exceto equipamentos de transporte industrial"
1,Brasil,30,Número-índice,81.44167,1,Brasil,12606,PIMPF - Número-índice (2022=100),202501,janeiro 2025,129282,120 Equipamentos de transporte industrial
1,Brasil,30,Número-índice,97.18407,1,Brasil,12606,PIMPF - Número-índice (2022=100),202502,fevereiro 2025,129278,1 Bens de capital
1,Brasil,30,Número-índice,94.56648,1,Brasil,12606,PIMPF - Número-índice (2022=100),202502,fevereiro 2025,129280,"110 Bens de capital, exceto equipamentos de transporte industrial"
1,Brasil,30,Número-índice,105.23004,1,Brasil,12606,PIMPF - Número-índice (2022=100),202502,fevereiro 2025,129282,120 Equipamentos de transporte industrial
1,Brasil,30,Número-índice,92.60799,1,Brasil,12606,PIMPF - Número-índice (2022=100),202503,março 2025,129278,1 Bens de capital
1,Brasil,30,Número-índice,93.25528,1,Brasil,12606,PIMPF - Número-índice (2022=100),202503,março 2025,129280,"110 Bens de capital, exceto equipamentos de transporte industrial"
1,Brasil,30,Número-índice,90.61834,1,Brasil,12606,PIMPF - Número-índice (2022=100),202503,março 2025,129282,120 Equipamentos de transporte industrial
1,Brasil,30,Número-índice,95.1549,1,Brasil,12606,PIMPF - Número-índice (2022=100),202504,abril 2025,129278,1 Bens de capital
1,Brasil,30,Número-índice,94.4542,1,Brasil,12606,PIMPF - Número-índice (2022=100),202504,abril 2025,129280,"110 Bens de capital, exceto equipamentos de transporte industrial"
1,Brasil,30,Número-índice,97.30873,1,Brasil,12606,PIMPF - Número-índice (2022=100),202504,abril 2025,129282,120 Equipamentos de transporte industrial
1,Brasil,30,Número-índice,100.26024,1,Brasil,12606,PIMPF - Número-índice (2022=100),202505,maio 2025,129278,1 Bens de capital
1,Brasil,30,Número-índice,98.95682,1,Brasil,12606,PIMPF - Número-índice (2022=100),202505,maio 2025,129280,"110 Bens de capital, exceto equipamentos de transporte industrial"
1,Brasil,30,Número-índice,104.26669,1,Brasil,12606,PIMPF - Número-índice (2022=100),202505,maio 2025,129282,120 Equipamentos de transporte industrial
1,Brasil,30,Número-índice,95.61786,1,Brasil,12606,PIMPF - Número-índice (2022=100),202506,junho 2025,129278,1 Bens de capital
1,Brasil,30,Número-índice,95.15347,1,Brasil,12606,PIMPF - Número-índice (2022=100),202506,junho 2025,129280,"110 Bens de capital, exceto equipamentos de transporte industrial"
1,Brasil,30,Número-índice,97.04529,1,Brasil,12606,PIMPF - Número-índice (2022=100),202506,junho 2025,129282,120 Equipamentos de transporte industrial
1,Brasil,30,Número-índice,101.1051,1,Brasil,12606,PIMPF - Número-índice (2022=100),202507,julho 2025,129278,1 Bens de capital
1,Brasil,30,Número-índice,101.22106,1,Brasil,12606,PIMPF - Número-índice (2022=100),202507,julho 2025,129280,"110 Bens de capital, exceto equipamentos de transporte industrial"
1,Brasil,30,Número-índice,100.74865,1,Brasil,12606,PIMPF - Número-índice (2022=100),202507,julho 2025,129282,120 Equipamentos de transporte industrial
1,Brasil,30,Número-índice,98.25373,1,Brasil,12606,PIMPF - Número-índice (2022=100),202508,agosto 2025,129278,1 Bens de capital
1,Brasil,30,Número-índice,99.11595,1,Brasil,12606,PIMPF - Número-índice (2022=100),202508,agosto 2025,129280,"110 Bens de capital, exceto equipamentos de transporte industrial"
1,Brasil,30,Número-índice,95.60344,1,Brasil,12606,PIMPF - Número-índice (2022=100),202508,agosto 2025,129282,120 Equipamentos de transporte industrial
1,Brasil,30,Número-índice,99.36541,1,Brasil,12606,PIMPF - Número-índice (2022=100),202509,setembro 2025,129278,1 Bens de capital
1,Brasil,30,Número-índice,98.50399,1,Brasil,12606,PIMPF - Número-índice (2022=100),202509,setembro 2025,129280,"110 Bens de capital, exceto equipamentos de transporte industrial"
1,Brasil,30,Número-índice,102.01325,1,Brasil,12606,PIMPF - Número-índice (2022=100),202509,setembro 2025,129282,120 Equipamentos de transporte industrial
1,Brasil,30,Número-índice,102.92587,1,Brasil,12606,PIMPF - Número-índice (2022=100),202510,outubro 2025,129278,1 Bens de capital
1,Brasil,30,Número-índice,103.57281,1,Brasil,12606,PIMPF - Número-índice (2022=100),202510,outubro 2025,129280,"110 Bens de capital, exceto equipamentos de transporte industrial"
1,Brasil,30,Número-índice,100.93728,1,Brasil,12606,PIMPF - Número-índice (2022=100),202510,outubro 2025,129282,120 Equipamentos de transporte industrial
1,Brasil,30,Número-índice,92.30464,1,Brasil,12606,PIMPF - Número-índice (2022=100),202511,novembro 2025,129278,1 Bens de capital
1,Brasil,30,Número-índice,93.5066,1,Brasil,12606,PIMPF - Número-índice (2022=100),202511,novembro 2025,129280,"110 Bens de capital, exceto equipamentos de transporte industrial"
1,Brasil,30,Número-índice,88.61007,1,Brasil,12606,PIMPF - Número-índice (2022=100),202511,novembro 2025,129282,120 Equipamentos de transporte industrial
1,Brasil,30,Número-índice,75.9532,1,Brasil,12606,PIMPF - Número-índice (2022=100),202512,dezembro 2025,129278,1 Bens de capital
1,Brasil,30,Número-índice,77.37819,1,Brasil,12606,PIMPF - Número-índice (2022=100),202512,dezembro 2025,129280,"110 Bens de capital, exceto equipamentos de transporte industrial"
1,Brasil,30,Número-índice,71.57307,1,Brasil,12606,PIMPF - Número-índice (2022=100),202512,dezembro 2025,129282,120 Equipamentos de transporte industrial
1,Brasil,30,Número-índice,74.29866,1,Brasil,12606,PIMPF - Número-índice (2022=100),202601,janeiro 2026,129278,1 Bens de capital
1,Brasil,30,Número-índice,74.7888,1,Brasil,12606,PIMPF - Número-índice (2022=100),202601,janeiro 2026,129280,"110 Bens de capital, exceto equipamentos de transporte industrial"
1,Brasil,30,Número-índice,72.79207,1,Brasil,12606,PIMPF - Número-índice (2022=100),202601,janeiro 2026,129282,120 Equipamentos de transporte industrial
1,Brasil,30,Número-índice,83.86617,1,Brasil,12606,PIMPF - Número-índice (2022=100),202602,fevereiro 2026,129278,1 Bens de capital
1,Brasil,30,Número-índice,82.04904,1,Brasil,12606,PIMPF - Número-índice (2022=100),202602,fevereiro 2026,129280,"110 Bens de capital, exceto equipamentos de transporte industrial"
1,Brasil,30,Número-índice,89.45167,1,Brasil,12606,PIMPF - Número-índice (2022=100),202602,fevereiro 2026,129282,120 Equipamentos de transporte industrial
1,Brasil,30,Número-índice,98.56484,1,Brasil,12606,PIMPF - Número-índice (2022=100),202603,março 2026,129278,1 Bens de capital
1,Brasil,30,Número-índice,95.37551,1,Brasil,12606,PIMPF - Número-índice (2022=100),202603,março 2026,129280,"110 Bens de capital, exceto equipamentos de transporte industrial"
1,Brasil,30,Número-índice,108.36821,1,Brasil,12606,PIMPF - Número-índice (2022=100),202603,março 2026,129282,120 Equipamentos de transporte industrial
1,Brasil,30,Número-índice,90.51457,1,Brasil,12606,PIMPF - Número-índice (2022=100),202604,abril 2026,129278,1 Bens de capital
1,Brasil,30,Número-índice,87.90718,1,Brasil,12606,PIMPF - Número-índice (2022=100),202604,abril 2026,129280,"110 Bens de capital, exceto equipamentos de transporte industrial"
1,Brasil,30,Número-índice,98.52916,1,Brasil,12606,PIMPF - Número-índice (2022=100),202604,abril 2026,129282,120 Equipamentos de transporte industrial
1,Brasil,30,Número-índice,93.60294,1,Brasil,12606,PIMPF - Número-índice (2022=100),202605,maio 2026,129278,1 Bens de capital
1,Brasil,30,Número-índice,89.70894,1,Brasil,12606,PIMPF - Número-índice (2022=100),202605,maio 2026,129280,"110 Bens de capital, exceto equipamentos de transporte industrial"
1,Brasil,30,Número-índice,105.57234,1,Brasil,12606,PIMPF - Número-índice (2022=100),202605,maio 2026,129282,120 Equipamentos de transporte industrial
1,Brasil,30,Número-índice,93.8892,1,Brasil,12606,PIMPF - Número-índice (2022=100),202606,junho 2026,129278,1 Bens de capital
1,Brasil,30,Número-índice,90.98529,1,Brasil,12606,PIMPF - Número-índice (2022=100),202606,junho 2026,129280,"110 Bens de capital, exceto equipamentos de transporte industrial"
1,Brasil,30,Número-índice,102.81527,1,Brasil,12606,PIMPF - Número-índice (2022=100),202606,junho 2026,129282,120 Equipamentos de transporte industrial
1,Brasil,30,Número-índice,98.70538,1,Brasil,12606,PIMPF - Número-índice (2022=100),202607,julho 2026,129278,1 Bens de capital
1,Brasil,30,Número-índice,96.63617,1,Brasil,12606,PIMPF - Número-índice (2022=100),202607,julho 2026,129280,"110 Bens de capital, exceto equipamentos de transporte industrial"
1,Brasil,30,Número-índice,105.06571,1,Brasil,12606,PIMPF - Número-índice (2022=100),202607,julho 2026,129282,120 Equipamentos de transporte industrial
