0,1,2,3,4,5
2001,1,00,0,0.002,0.0084
2001,1,00,1,0.0012,0.005
2001,1,01,0,0.015,0.0627
2001,1,02,0,0.0546,0.228
2001,1,03,0,0.0063,0.0263
2001,1,04,0,0.0208,0.0869
2001,1,04,1,0.001,0.0042
2001,1,05,0,0.1739,0.7263
2001,1,05,1,0.0013,0.0054
2001,1,06,0,0.0356,0.1487
2001,1,06,1,0.0143,0.0597
2001,1,07,0,0.0007,0.0029
2001,1,08,0,0.0001,0.0004
2001,1,08,1,0.0066,0.0276
2001,1,09,0,0.0017,0.0071
2001,1,10,0,0.0598,0.2498
2001,1,10,1,0.1681,0.7021
2001,1,11,0,0.0068,0.0284
2001,1,11,1,0.0043,0.018
2001,1,12,0,0.0481,0.2009
2001,1,12,1,0.011,0.0459
2001,1,13,0,0.002,0.0084
2001,1,13,1,0.0064,0.0267
2001,1,14,0,0.0017,0.0071
2001,1,14,1,0.0401,0.1675
2001,1,15,0,0.0,0.0
2001,1,15,1,0.0012,0.005
2001,1,16,0,0.0007,0.0029
2001,1,16,1,0.0014,0.0058
2001,1,16,2,0.0,0.0
2001,1,17,0,0.0,0.0
2001,1,17,1,0.0012,0.005
2001,1,18,0,0.0623,0.2602
2001,1,18,1,0.0528,0.2205
2001,1,19,0,0.0263,0.1098
2001,1,19,1,0.0016,0.0067
2001,1,20,0,0.0245,0.1023
2001,1,20,1,0.0942,0.3934
2001,1,21,0,0.0045,0.0188
2001,1,21,1,0.0418,0.1746
2001,1,22,0,0.0013,0.0054
2001,1,22,1,0.0001,0.0004
2001,1,23,0,0.0016,0.0067
2001,1,23,1,0.0108,0.0451
2001,1,24,0,0.0055,0.023
2001,1,25,0,0.0116,0.0484
2001,1,26,0,0.2113,0.8825
2001,1,26,1,0.06,0.2506
2001,1,27,0,0.0014,0.0058
2001,1,27,1,0.0331,0.1382
2001,1,28,0,0.0,0.0
2001,1,28,1,0.015,0.0627
2001,2,00,0,0.0003,0.0013
2001,2,00,1,0.0592,0.2473
2001,2,01,0,0.0088,0.0368
2001,2,02,0,0.0511,0.2134
2001,2,02,1,0.0,0.0
2001,2,03,0,0.0065,0.0271
2001,2,04,0,0.0107,0.0447
2001,2,04,1,0.0064,0.0267
2001,2,05,0,0.2159,0.9017
2001,2,05,1,0.0054,0.0226
2001,2,06,0,0.0415,0.1733
2001,2,06,1,0.0344,0.1437
2001,2,07,0,0.0014,0.0058
2001,2,08,0,0.0006,0.0025
2001,2,08,1,0.0066,0.0276
2001,2,09,0,0.0018,0.0075
2001,2,10,0,0.0737,0.3078
2001,2,10,1,0.1793,0.7489
2001,2,11,0,0.0027,0.0113
2001,2,11,1,0.0087,0.0363
2001,2,12,0,0.0431,0.18
2001,2,12,1,0.0049,0.0205
2001,2,13,0,0.001,0.0042
2001,2,13,1,0.0036,0.015
2001,2,14,0,0.0023,0.0096
2001,2,14,1,0.0976,0.4076
2001,2,15,0,0.0,0.0
2001,2,15,1,0.0352,0.147
2001,2,16,0,0.002,0.0084
2001,2,16,1,0.0209,0.0873
2001,2,17,0,0.0,0.0
2001,2,17,1,0.0168,0.0702
2001,2,18,0,0.0517,0.2159
2001,2,18,1,0.0806,0.3366
2001,2,19,0,0.0106,0.0443
2001,2,19,1,0.0033,0.0138
2001,2,20,0,0.0297,0.124
2001,2,20,1,0.0504,0.2105
2001,2,21,0,0.0108,0.0451
2001,2,21,1,0.0043,0.018
2001,2,22,0,0.0018,0.0075
2001,2,22,1,0.0077,0.0322
2001,2,23,0,0.0009,0.0038
2001,2,23,1,0.0245,0.1023
2001,2,24,0,0.0078,0.0326
2001,2,25,0,0.0135,0.0564
2001,2,25,1,0.0001,0.0004
2001,2,26,0,0.5485,2.2909
2001,2,26,1,0.217,0.9063
2001,2,27,0,0.0004,0.0017
2001,2,27,1,0.0425,0.1775
2001,2,28,0,0.0,0.0
2001,2,28,1,0.0,0.0
2001,3,00,0,0.0002,0.0008
2001,3,00,1,0.0191,0.0798
2001,3,01,0,0.0043,0.018
2001,3,02,0,0.0397,0.1658
2001,3,03,0,0.0071,0.0297
2001,3,04,0,0.0178,0.0743
2001,3,04,1,0.001,0.0042
2001,3,05,0,0.3649,1.5241
2001,3,05,1,0.0078,0.0326
2001,3,06,0,0.0253,0.1057
2001,3,06,1,0.1054,0.4402
2001,3,07,0,0.0021,0.0088
2001,3,08,0,0.0,0.0
2001,3,08,1,0.0098,0.0409
2001,3,09,0,0.0002,0.0008
2001,3,10,0,0.0852,0.3559
2001,3,10,1,0.2087,0.8717
2001,3,11,0,0.0037,0.0155
2001,3,11,1,0.0152,0.0635
2001,3,12,0,0.0295,0.1232
2001,3,12,1,0.0718,0.2999
2001,3,13,0,0.001,0.0042
2001,3,13,1,0.0019,0.0079
2001,3,14,0,0.0027,0.0113
2001,3,14,1,0.0244,0.1019
2001,3,15,0,0.0,0.0
2001,3,15,1,0.017,0.071
2001,3,16,0,0.0003,0.0013
2001,3,16,1,0.0206,0.086
2001,3,17,0,0.0,0.0
2001,3,17,1,0.0131,0.0547
2001,3,18,0,0.0275,0.1149
2001,3,18,1,0.1478,0.6173
2001,3,19,0,0.0099,0.0413
2001,3,19,1,0.0056,0.0234
2001,3,20,0,0.0308,0.1286
2001,3,20,1,0.0638,0.2665
2001,3,21,0,0.0052,0.0217
2001,3,21,1,0.0054,0.0226
2001,3,22,0,0.0037,0.0155
2001,3,22,1,0.0072,0.0301
2001,3,23,0,0.0003,0.0013
2001,3,23,1,0.0225,0.094
2001,3,24,0,0.0109,0.0455
2001,3,25,0,0.0067,0.028
2001,3,25,1,0.0003,0.0013
2001,3,25,2,0.0,0.0
2001,3,26,0,0.4801,2.0052
2001,3,26,1,0.1453,0.6069
2001,3,27,0,0.0009,0.0038
2001,3,27,1,0.0103,0.043
2001,3,28,1,0.0028,0.0117
2001,4,00,0,0.0001,0.0004
2001,4,00,1,0.1136,0.4745
2001,4,01,0,0.0077,0.0322
2001,4,01,1,0.0047,0.0196
2001,4,02,0,0.0411,0.1717
2001,4,02,1,0.0,0.0
2001,4,03,0,0.0131,0.0547
2001,4,04,0,0.0385,0.1608
2001,4,04,1,0.0114,0.0476
2001,4,05,0,0.8666,3.6195
2001,4,05,1,0.0176,0.0735
2001,4,06,0,0.0403,0.1683
2001,4,06,1,0.2705,1.1298
2001,4,07,0,0.0067,0.028
2001,4,07,1,0.0,0.0
2001,4,08,0,0.0,0.0
2001,4,08,1,0.038,0.1587
2001,4,09,0,0.0012,0.005
2001,4,09,1,0.0,0.0
2001,4,10,0,0.2085,0.8708
2001,4,10,1,0.2523,1.0538
2001,4,11,0,0.0092,0.0384
2001,4,11,1,0.0132,0.0551
2001,4,12,0,0.1998,0.8345
2001,4,12,1,0.4227,1.7655
2001,4,13,0,0.0017,0.0071
2001,4,13,1,0.0155,0.0647
2001,4,14,0,0.0021,0.0088
2001,4,14,1,0.0887,0.3705
2001,4,15,0,0.0,0.0
2001,4,15,1,0.1769,0.7389
2001,4,16,0,0.0006,0.0025
2001,4,16,1,0.2252,0.9406
2001,4,16,2,0.0,0.0
2001,4,17,0,0.0,0.0
2001,4,17,1,0.1604,0.6699
2001,4,18,0,0.0251,0.1048
2001,4,18,1,0.2472,1.0325
2001,4,18,2,0.0,0.0
2001,4,19,0,0.0304,0.127
2001,4,19,1,0.0885,0.3696
2001,4,20,0,0.0518,0.2164
2001,4,20,1,0.1024,0.4277
2001,4,20,2,0.0006,0.0025
2001,4,21,0,0.012,0.0501
2001,4,21,1,0.0233,0.0973
2001,4,22,0,0.0102,0.0426
2001,4,22,1,0.0331,0.1382
2001,4,23,0,0.0023,0.0096
2001,4,23,1,0.0209,0.0873
2001,4,24,0,0.0072,0.0301
2001,4,24,1,0.0096,0.0401
2001,4,25,0,0.0134,0.056
2001,4,25,1,0.0042,0.0175
2001,4,25,2,0.0096,0.0401
2001,4,26,0,0.5751,2.402
2001,4,26,1,0.1887,0.7881
2001,4,27,0,0.0033,0.0138
2001,4,27,1,0.0092,0.0384
2001,4,28,0,0.0389,0.1625
2001,4,28,1,0.0,0.0
2002,1,00,0,0.0,0.0
2002,1,00,1,0.0,0.0
2002,1,01,0,0.0081,0.0312
2002,1,02,0,0.0613,0.2361
2002,1,03,0,0.0084,0.0324
2002,1,03,1,0.0,0.0
2002,1,04,0,0.0613,0.2361
2002,1,04,1,0.0072,0.0277
2002,1,05,0,0.1596,0.6147
2002,1,05,1,0.0068,0.0262
2002,1,06,0,0.0294,0.1132
2002,1,06,1,0.0432,0.1664
2002,1,07,0,0.0048,0.0185
2002,1,08,0,0.0002,0.0008
2002,1,08,1,0.0026,0.01
2002,1,09,0,0.0004,0.0015
2002,1,10,0,0.0675,0.26
2002,1,10,1,0.3338,1.2856
2002,1,11,0,0.0174,0.067
2002,1,11,1,0.006,0.0231
2002,1,12,0,0.0494,0.1903
2002,1,12,1,0.0732,0.2819
2002,1,13,0,0.0021,0.0081
2002,1,13,1,0.0041,0.0158
2002,1,14,0,0.0018,0.0069
2002,1,14,1,0.0298,0.1148
2002,1,15,0,0.0,0.0
2002,1,15,1,0.0019,0.0073
2002,1,16,0,0.0002,0.0008
2002,1,16,1,0.0,0.0
2002,1,17,0,0.0,0.0
2002,1,17,1,0.0,0.0
2002,1,18,0,0.064,0.2465
2002,1,18,1,0.1432,0.5515
2002,1,19,0,0.0074,0.0285
2002,1,19,1,0.0047,0.0181
2002,1,20,0,0.0382,0.1471
2002,1,20,1,0.0579,0.223
2002,1,21,0,0.0249,0.0959
2002,1,21,1,0.0068,0.0262
2002,1,22,0,0.0039,0.015
2002,1,22,1,0.0011,0.0042
2002,1,23,0,0.0003,0.0012
2002,1,23,1,0.0005,0.0019
2002,1,24,0,0.005,0.0193
2002,1,25,0,0.0145,0.0558
2002,1,25,1,0.0,0.0
2002,1,26,0,0.3185,1.2266
2002,1,26,1,0.1128,0.4344
2002,1,27,0,0.0008,0.0031
2002,1,27,1,0.0198,0.0763
2002,1,28,0,0.0,0.0
2002,1,28,1,0.0,0.0
2002,2,00,1,0.0,0.0
2002,2,01,0,0.0151,0.0582
2002,2,01,1,0.0,0.0
2002,2,02,0,0.0634,0.2442
2002,2,03,0,0.0104,0.0401
2002,2,04,0,0.0222,0.0855
2002,2,04,1,0.0035,0.0135
2002,2,05,0,0.2728,1.0506
2002,2,05,1,0.0093,0.0358
2002,2,06,0,0.0656,0.2526
2002,2,06,1,0.0646,0.2488
2002,2,07,0,0.0044,0.0169
2002,2,08,0,0.0,0.0
2002,2,08,1,0.0213,0.082
2002,2,09,0,0.0002,0.0008
2002,2,09,1,0.0058,0.0223
2002,2,10,0,0.0651,0.2507
2002,2,10,1,0.6596,2.5403
2002,2,11,0,0.0022,0.0085
2002,2,11,1,0.0201,0.0774
2002,2,12,0,0.0537,0.2068
2002,2,12,1,0.0377,0.1452
2002,2,13,0,0.0009,0.0035
2002,2,13,1,0.0009,0.0035
2002,2,14,0,0.0104,0.0401
2002,2,14,1,0.0175,0.0674
2002,2,15,0,0.0,0.0
2002,2,15,1,0.0468,0.1802
2002,2,16,0,0.0001,0.0004
2002,2,16,1,0.0093,0.0358
2002,2,17,0,0.0,0.0
2002,2,17,1,0.0081,0.0312
2002,2,18,0,0.0165,0.0635
2002,2,18,1,0.0659,0.2538
2002,2,19,0,0.0137,0.0528
2002,2,19,1,0.0054,0.0208
2002,2,20,0,0.0347,0.1336
2002,2,20,1,0.0772,0.2973
2002,2,21,0,0.0176,0.0678
2002,2,21,1,0.0336,0.1294
2002,2,22,0,0.0037,0.0142
2002,2,22,1,0.0283,0.109
2002,2,23,0,0.0006,0.0023
2002,2,23,1,0.0172,0.0662
2002,2,24,0,0.0089,0.0343
2002,2,25,0,0.0075,0.0289
2002,2,25,1,0.0,0.0
2002,2,26,0,0.2602,1.0021
2002,2,26,1,0.0853,0.3285
2002,2,27,0,0.0001,0.0004
2002,2,27,1,0.0286,0.1101
2002,2,28,0,0.0,0.0
2002,2,28,1,0.0028,0.0108
2002,3,00,0,0.0,0.0
2002,3,01,0,0.0094,0.0362
2002,3,01,1,0.002,0.0077
2002,3,02,0,0.0599,0.2307
2002,3,03,0,0.0063,0.0243
2002,3,04,0,0.0229,0.0882
2002,3,04,1,0.0624,0.2403
2002,3,05,0,0.2525,0.9724
2002,3,05,1,0.0506,0.1949
2002,3,06,0,0.0173,0.0666
2002,3,06,1,0.0796,0.3066
2002,3,07,0,0.0027,0.0104
2002,3,08,0,0.0,0.0
2002,3,08,1,0.0288,0.1109
2002,3,09,0,0.0006,0.0023
2002,3,09,1,0.0002,0.0008
2002,3,10,0,0.0358,0.1379
2002,3,10,1,0.2592,0.9982
2002,3,11,0,0.0011,0.0042
2002,3,11,1,0.0077,0.0297
2002,3,12,0,0.0788,0.3035
2002,3,12,1,0.1105,0.4256
2002,3,13,0,0.0012,0.0046
2002,3,13,1,0.0062,0.0239
2002,3,14,0,0.0018,0.0069
2002,3,14,1,0.0274,0.1055
2002,3,15,0,0.0,0.0
2002,3,15,1,0.178,0.6855
2002,3,16,0,0.0,0.0
2002,3,16,1,0.0482,0.1856
2002,3,17,1,0.051,0.1964
2002,3,18,0,0.0486,0.1872
2002,3,18,1,0.2183,0.8407
2002,3,19,0,0.0032,0.0123
2002,3,19,1,0.0019,0.0073
2002,3,20,0,0.0315,0.1213
2002,3,20,1,0.1561,0.6012
2002,3,21,0,0.0501,0.1929
2002,3,21,1,0.0218,0.084
2002,3,22,0,0.0056,0.0216
2002,3,22,1,0.0144,0.0555
2002,3,23,0,0.0006,0.0023
2002,3,23,1,0.0561,0.2161
2002,3,24,0,0.0128,0.0493
2002,3,24,1,0.005,0.0193
2002,3,25,0,0.0186,0.0716
2002,3,25,1,0.0001,0.0004
2002,3,26,0,0.3501,1.3483
2002,3,26,1,0.2228,0.8581
2002,3,27,0,0.0002,0.0008
2002,3,27,1,0.0466,0.1795
2002,3,28,0,0.0,0.0
2002,3,28,1,0.0136,0.0524
2002,4,00,0,0.0,0.0
2002,4,00,1,0.0,0.0
2002,4,01,0,0.0138,0.0531
2002,4,01,1,0.0032,0.0123
2002,4,02,0,0.1164,0.4483
2002,4,02,1,0.0,0.0
2002,4,03,0,0.0072,0.0277
2002,4,03,1,0.0,0.0
2002,4,04,0,0.0623,0.2399
2002,4,04,1,0.0666,0.2565
2002,4,05,0,1.4015,5.3976
2002,4,05,1,0.0178,0.0686
2002,4,06,0,0.0748,0.2881
2002,4,06,1,0.1808,0.6963
2002,4,07,0,0.0102,0.0393
2002,4,07,1,0.0,0.0
2002,4,08,0,0.0001,0.0004
2002,4,08,1,0.0248,0.0955
2002,4,09,0,0.0027,0.0104
2002,4,09,1,0.001,0.0039
2002,4,10,0,0.0786,0.3027
2002,4,10,1,0.4503,1.7342
2002,4,11,0,0.0101,0.0389
2002,4,11,1,0.0176,0.0678
2002,4,12,0,0.2996,1.1538
2002,4,12,1,0.1159,0.4464
2002,4,13,0,0.0018,0.0069
2002,4,13,1,0.0109,0.042
2002,4,14,0,0.0055,0.0212
2002,4,14,1,0.0542,0.2087
2002,4,15,0,0.0,0.0
2002,4,15,1,0.235,0.905
2002,4,16,0,0.0,0.0
2002,4,16,1,0.11,0.4236
2002,4,17,1,0.1067,0.4109
2002,4,18,0,0.0934,0.3597
2002,4,18,1,0.2224,0.8565
2002,4,19,0,0.0253,0.0974
2002,4,19,1,0.0202,0.0778
2002,4,20,0,0.0709,0.2731
2002,4,20,1,0.206,0.7934
2002,4,21,0,0.0142,0.0547
2002,4,21,1,0.0317,0.1221
2002,4,22,0,0.0062,0.0239
2002,4,22,1,0.0322,0.124
2002,4,23,0,0.002,0.0077
2002,4,23,1,0.1024,0.3944
2002,4,24,0,0.0127,0.0489
2002,4,24,1,0.0017,0.0065
2002,4,25,0,0.0299,0.1152
2002,4,25,1,0.0007,0.0027
2002,4,26,0,0.6628,2.5526
2002,4,26,1,0.3572,1.3757
2002,4,27,0,0.0043,0.0166
2002,4,27,1,0.1162,0.4475
2002,4,28,0,0.0009,0.0035
2002,4,28,1,0.0716,0.2758
2003,1,01,0,0.0155,0.052
2003,1,01,1,0.0,0.0
2003,1,02,0,0.0851,0.2857
2003,1,02,1,0.0,0.0
2003,1,03,0,0.0084,0.0282
2003,1,03,1,0.0,0.0
2003,1,04,0,0.0248,0.0833
2003,1,04,1,0.0026,0.0087
2003,1,05,0,0.1239,0.416
2003,1,05,1,0.0008,0.0027
2003,1,06,0,0.0128,0.043
2003,1,06,1,0.0,0.0
2003,1,07,0,0.0003,0.001
2003,1,08,0,0.0003,0.001
2003,1,08,1,0.0,0.0
2003,1,09,0,0.0048,0.0161
2003,1,09,1,0.0,0.0
2003,1,10,0,0.0545,0.183
2003,1,10,1,0.0592,0.1988
2003,1,11,0,0.0016,0.0054
2003,1,11,1,0.003,0.0101
2003,1,12,0,0.0583,0.1957
2003,1,12,1,0.0107,0.0359
2003,1,13,0,0.0004,0.0013
2003,1,13,1,0.0007,0.0024
2003,1,14,0,0.0014,0.0047
2003,1,14,1,0.0064,0.0215
2003,1,15,0,0.0,0.0
2003,1,15,1,0.0086,0.0289
2003,1,16,0,0.0,0.0
2003,1,16,1,0.0004,0.0013
2003,1,17,0,0.0,0.0
2003,1,17,1,0.0005,0.0017
2003,1,18,0,0.0054,0.0181
2003,1,18,1,0.001,0.0034
2003,1,19,0,0.0065,0.0218
2003,1,19,1,0.0025,0.0084
2003,1,20,0,0.0193,0.0648
2003,1,20,1,0.0001,0.0003
2003,1,21,0,0.0058,0.0195
2003,1,21,1,0.0004,0.0013
2003,1,22,0,0.0038,0.0128
2003,1,22,1,0.0,0.0
2003,1,23,0,0.0,0.0
2003,1,23,1,0.0091,0.0306
2003,1,24,0,0.0043,0.0144
2003,1,24,1,0.0,0.0
2003,1,25,0,0.0086,0.0289
2003,1,25,1,0.0,0.0
2003,1,26,0,0.1083,0.3636
2003,1,26,1,0.0093,0.0312
2003,1,27,0,0.0006,0.002
2003,1,27,1,0.0012,0.004
2003,1,28,0,0.0041,0.0138
2003,1,28,1,0.0,0.0
2003,2,00,0,0.0,0.0
2003,2,01,0,0.01,0.0336
2003,2,01,1,0.0005,0.0017
2003,2,02,0,0.057,0.1914
2003,2,03,0,0.0072,0.0242
2003,2,03,1,0.0,0.0
2003,2,04,0,0.016,0.0537
2003,2,04,1,0.0006,0.002
2003,2,05,0,0.172,0.5774
2003,2,05,1,0.0036,0.0121
2003,2,06,0,0.0105,0.0353
2003,2,06,1,0.0339,0.1138
2003,2,07,0,0.0009,0.003
2003,2,08,0,0.0001,0.0003
2003,2,08,1,0.0001,0.0003
2003,2,09,0,0.0035,0.0118
2003,2,09,1,0.0,0.0
2003,2,10,0,0.0274,0.092
2003,2,10,1,0.1876,0.6298
2003,2,11,0,0.0001,0.0003
2003,2,11,1,0.0003,0.001
2003,2,12,0,0.041,0.1376
2003,2,12,1,0.0159,0.0534
2003,2,13,0,0.0003,0.001
2003,2,13,1,0.0012,0.004
2003,2,14,0,0.0075,0.0252
2003,2,14,1,0.0172,0.0577
2003,2,15,0,0.0,0.0
2003,2,15,1,0.023,0.0772
2003,2,16,0,0.0,0.0
2003,2,16,1,0.0002,0.0007
2003,2,17,0,0.0,0.0
2003,2,17,1,0.0005,0.0017
2003,2,18,0,0.0087,0.0292
2003,2,18,1,0.0071,0.0238
2003,2,19,0,0.0066,0.0222
2003,2,19,1,0.0054,0.0181
2003,2,20,0,0.0068,0.0228
2003,2,20,1,0.0043,0.0144
2003,2,21,0,0.0106,0.0356
2003,2,21,1,0.0114,0.0383
2003,2,22,0,0.0062,0.0208
2003,2,22,1,0.0078,0.0262
2003,2,23,0,0.0002,0.0007
2003,2,23,1,0.0,0.0
2003,2,24,0,0.0018,0.006
2003,2,25,0,0.0192,0.0645
2003,2,26,0,0.1436,0.4821
2003,2,26,1,0.0443,0.1487
2003,2,27,0,0.0003,0.001
2003,2,27,1,0.0005,0.0017
2003,2,28,0,0.0119,0.04
2003,3,01,0,0.0088,0.0295
2003,3,01,1,0.0013,0.0044
2003,3,02,0,0.0477,0.1601
2003,3,03,0,0.0062,0.0208
2003,3,03,1,0.0,0.0
2003,3,04,0,0.0073,0.0245
2003,3,04,1,0.0035,0.0118
2003,3,05,0,0.1604,0.5385
2003,3,05,1,0.0023,0.0077
2003,3,06,0,0.0101,0.0339
2003,3,06,1,0.0259,0.087
2003,3,07,0,0.0015,0.005
2003,3,08,0,0.0,0.0
2003,3,08,1,0.0056,0.0188
2003,3,09,0,0.0008,0.0027
2003,3,10,0,0.0317,0.1064
2003,3,10,1,0.0945,0.3173
2003,3,11,0,0.0,0.0
2003,3,11,1,0.0077,0.0259
2003,3,12,0,0.0257,0.0863
2003,3,12,1,0.0455,0.1528
2003,3,13,0,0.0002,0.0007
2003,3,13,1,0.0015,0.005
2003,3,14,0,0.0009,0.003
2003,3,14,1,0.0094,0.0316
2003,3,15,0,0.0,0.0
2003,3,15,1,0.0516,0.1732
2003,3,16,0,0.0,0.0
2003,3,16,1,0.0101,0.0339
2003,3,17,0,0.0,0.0
2003,3,17,1,0.0047,0.0158
2003,3,18,0,0.0261,0.0876
2003,3,18,1,0.0194,0.0651
2003,3,19,0,0.0067,0.0225
2003,3,19,1,0.0065,0.0218
2003,3,20,0,0.0124,0.0416
2003,3,20,1,0.0559,0.1877
2003,3,21,0,0.0106,0.0356
2003,3,21,1,0.005,0.0168
2003,3,22,0,0.0035,0.0118
2003,3,22,1,0.0179,0.0601
2003,3,23,0,0.0003,0.001
2003,3,23,1,0.0048,0.0161
2003,3,24,0,0.0027,0.0091
2003,3,25,0,0.0198,0.0665
2003,3,25,1,0.0001,0.0003
2003,3,26,0,0.2133,0.7161
2003,3,26,1,0.0567,0.1904
2003,3,27,0,0.0001,0.0003
2003,3,27,1,0.0055,0.0185
2003,3,28,0,0.0041,0.0138
2003,4,01,0,0.0198,0.0665
2003,4,01,1,0.0018,0.006
2003,4,02,0,0.0933,0.3132
2003,4,02,1,0.0001,0.0003
2003,4,03,0,0.0071,0.0238
2003,4,03,1,0.0005,0.0017
2003,4,04,0,0.0257,0.0863
2003,4,04,1,0.0408,0.137
2003,4,05,0,0.488,1.6383
2003,4,05,1,0.0207,0.0695
2003,4,06,0,0.0322,0.1081
2003,4,06,1,0.1231,0.4133
2003,4,07,0,0.0062,0.0208
2003,4,07,1,0.0,0.0
2003,4,08,0,0.0,0.0
2003,4,08,1,0.0181,0.0608
2003,4,09,0,0.0042,0.0141
2003,4,09,1,0.0,0.0
2003,4,10,0,0.0603,0.2024
2003,4,10,1,0.2111,0.7087
2003,4,11,0,0.0008,0.0027
2003,4,11,1,0.0124,0.0416
2003,4,12,0,0.0566,0.19
2003,4,12,1,0.2162,0.7258
2003,4,13,0,0.0015,0.005
2003,4,13,1,0.0091,0.0306
2003,4,14,0,0.0044,0.0148
2003,4,14,1,0.0722,0.2424
2003,4,15,0,0.0,0.0
2003,4,15,1,0.1228,0.4123
2003,4,16,0,0.0,0.0
2003,4,16,1,0.0223,0.0749
2003,4,17,0,0.0,0.0
2003,4,17,1,0.0147,0.0494
2003,4,18,0,0.0294,0.0987
2003,4,18,1,0.1133,0.3804
2003,4,19,0,0.0364,0.1222
2003,4,19,1,0.0182,0.0611
2003,4,20,0,0.0242,0.0812
2003,4,20,1,0.0493,0.1655
2003,4,21,0,0.0186,0.0624
2003,4,21,1,0.0171,0.0574
2003,4,22,0,0.0084,0.0282
2003,4,22,1,0.0171,0.0574
2003,4,23,0,0.0003,0.001
2003,4,23,1,0.0231,0.0776
2003,4,24,0,0.0063,0.0212
2003,4,25,0,0.0114,0.0383
2003,4,25,1,0.0001,0.0003
2003,4,26,0,0.3545,1.1902
2003,4,26,1,0.1006,0.3377
2003,4,27,0,0.0001,0.0003
2003,4,27,1,0.0546,0.1833
2003,4,28,0,0.0041,0.0138
2004,1,01,0,0.0177,0.0557
2004,1,01,1,0.0,0.0
2004,1,02,0,0.0944,0.2973
2004,1,02,1,0.0,0.0
2004,1,03,0,0.0091,0.0287
2004,1,03,1,0.0,0.0
2004,1,04,0,0.0145,0.0457
2004,1,04,1,0.0053,0.0167
2004,1,05,0,0.1388,0.4371
2004,1,05,1,0.0013,0.0041
2004,1,06,0,0.0198,0.0624
2004,1,06,1,0.0114,0.0359
2004,1,07,0,0.0024,0.0076
2004,1,08,0,0.0,0.0
2004,1,08,1,0.002,0.0063
2004,1,09,0,0.0061,0.0192
2004,1,10,0,0.0786,0.2475
2004,1,10,1,0.1606,0.5058
2004,1,11,0,0.0021,0.0066
2004,1,11,1,0.0,0.0
2004,1,12,0,0.0491,0.1546
2004,1,12,1,0.0181,0.057
2004,1,13,0,0.0015,0.0047
2004,1,13,1,0.0003,0.0009
2004,1,14,0,0.0009,0.0028
2004,1,14,1,0.0081,0.0255
2004,1,15,0,0.0002,0.0006
2004,1,15,1,0.035,0.1102
2004,1,16,0,0.0,0.0
2004,1,16,1,0.0052,0.0164
2004,1,17,0,0.0,0.0
2004,1,17,1,0.006,0.0189
2004,1,18,0,0.0101,0.0318
2004,1,18,1,0.0056,0.0176
2004,1,19,0,0.0126,0.0397
2004,1,19,1,0.0048,0.0151
2004,1,20,0,0.0088,0.0277
2004,1,20,1,0.0127,0.04
2004,1,21,0,0.0164,0.0517
2004,1,21,1,0.0021,0.0066
2004,1,22,0,0.0014,0.0044
2004,1,22,1,0.0,0.0
2004,1,23,0,0.001,0.0031
2004,1,23,1,0.0028,0.0088
2004,1,24,0,0.0029,0.0091
2004,1,24,1,0.0,0.0
2004,1,25,0,0.0034,0.0107
2004,1,25,1,0.0,0.0
2004,1,26,0,0.1382,0.4353
2004,1,26,1,0.0391,0.1231
2004,1,27,0,0.0,0.0
2004,1,27,1,0.0126,0.0397
2004,1,28,0,0.005,0.0157
2004,1,28,1,0.0,0.0
2004,2,01,0,0.0088,0.0277
2004,2,01,1,0.0,0.0
2004,2,02,0,0.0597,0.188
2004,2,02,1,0.0,0.0
2004,2,03,0,0.007,0.022
2004,2,04,0,0.0181,0.057
2004,2,04,1,0.0096,0.0302
2004,2,05,0,0.1403,0.4419
2004,2,05,1,0.0156,0.0491
2004,2,06,0,0.0222,0.0699
2004,2,06,1,0.1485,0.4677
2004,2,07,0,0.0036,0.0113
2004,2,08,0,0.0008,0.0025
2004,2,08,1,0.0076,0.0239
2004,2,09,0,0.0105,0.0331
2004,2,10,0,0.0805,0.2535
2004,2,10,1,0.2994,0.9429
2004,2,11,0,0.0012,0.0038
2004,2,11,1,0.0024,0.0076
2004,2,12,0,0.04,0.126
2004,2,12,1,0.0287,0.0904
2004,2,13,0,0.0011,0.0035
2004,2,13,1,0.008,0.0252
2004,2,14,0,0.001,0.0031
2004,2,14,1,0.0292,0.092
2004,2,15,0,0.0521,0.1641
2004,2,15,1,0.0669,0.2107
2004,2,16,0,0.0,0.0
2004,2,16,1,0.0216,0.068
2004,2,17,0,0.0,0.0
2004,2,17,1,0.0073,0.023
2004,2,18,0,0.0109,0.0343
2004,2,18,1,0.0454,0.143
2004,2,19,0,0.0266,0.0838
2004,2,19,1,0.0123,0.0387
2004,2,20,0,0.0184,0.058
2004,2,20,1,0.0521,0.1641
2004,2,21,0,0.0142,0.0447
2004,2,21,1,0.0067,0.0211
2004,2,22,0,0.004,0.0126
2004,2,22,1,0.0,0.0
2004,2,23,0,0.0015,0.0047
2004,2,23,1,0.0245,0.0772
2004,2,24,0,0.0077,0.0243
2004,2,25,0,0.0018,0.0057
2004,2,25,1,0.0,0.0
2004,2,26,0,0.261,0.822
2004,2,26,1,0.1261,0.3971
2004,2,27,0,0.0,0.0
2004,2,27,1,0.0489,0.154
2004,2,28,0,0.0057,0.018
2004,3,01,0,0.0161,0.0507
2004,3,01,1,0.0163,0.0513
2004,3,02,0,0.1699,0.5351
2004,3,03,0,0.0085,0.0268
2004,3,04,0,0.0184,0.058
2004,3,04,1,0.0173,0.0545
2004,3,05,0,0.2904,0.9146
2004,3,05,1,0.0067,0.0211
2004,3,06,0,0.0274,0.0863
2004,3,06,1,0.0286,0.0901
2004,3,07,0,0.0033,0.0104
2004,3,08,0,0.0005,0.0016
2004,3,08,1,0.032,0.1008
2004,3,09,0,0.0027,0.0085
2004,3,09,1,0.0176,0.0554
2004,3,10,0,0.0824,0.2595
2004,3,10,1,0.152,0.4787
2004,3,11,0,0.0004,0.0013
2004,3,11,1,0.0053,0.0167
2004,3,12,0,0.0337,0.1061
2004,3,12,1,0.0577,0.1817
2004,3,13,0,0.0013,0.0041
2004,3,13,1,0.003,0.0094
2004,3,14,0,0.0016,0.005
2004,3,14,1,0.0276,0.0869
2004,3,15,0,0.0505,0.159
2004,3,15,1,0.0812,0.2557
2004,3,16,0,0.0,0.0
2004,3,16,1,0.0431,0.1357
2004,3,17,0,0.0,0.0
2004,3,17,1,0.0024,0.0076
2004,3,18,0,0.0117,0.0368
2004,3,18,1,0.0641,0.2019
2004,3,19,0,0.0228,0.0718
2004,3,19,1,0.0377,0.1187
2004,3,20,0,0.0334,0.1052
2004,3,20,1,0.0306,0.0964
2004,3,21,0,0.031,0.0976
2004,3,21,1,0.0144,0.0454
2004,3,22,0,0.0041,0.0129
2004,3,22,1,0.0027,0.0085
2004,3,23,0,0.0,0.0
2004,3,23,1,0.0417,0.1313
2004,3,24,0,0.0052,0.0164
2004,3,25,0,0.0039,0.0123
2004,3,25,1,0.0004,0.0013
2004,3,26,0,0.4119,1.2973
2004,3,26,1,0.1121,0.3531
2004,3,27,0,0.0004,0.0013
2004,3,27,1,0.0208,0.0655
2004,3,28,0,0.0052,0.0164
2004,3,28,1,0.0,0.0
2004,4,01,0,0.0145,0.0457
2004,4,02,0,0.0921,0.2901
2004,4,03,0,0.0105,0.0331
2004,4,04,0,0.0666,0.2098
2004,4,04,1,0.0457,0.1439
2004,4,05,0,0.6599,2.0783
2004,4,05,1,0.0223,0.0702
2004,4,06,0,0.0694,0.2186
2004,4,06,1,0.1398,0.4403
2004,4,07,0,0.0193,0.0608
2004,4,08,0,0.0043,0.0135
2004,4,08,1,0.0614,0.1934
2004,4,09,0,0.0058,0.0183
2004,4,09,1,0.0025,0.0079
2004,4,10,0,0.1166,0.3672
2004,4,10,1,0.2888,0.9096
2004,4,11,0,0.0021,0.0066
2004,4,11,1,0.0116,0.0365
2004,4,12,0,0.0679,0.2138
2004,4,12,1,0.1294,0.4075
2004,4,13,0,0.0043,0.0135
2004,4,13,1,0.0051,0.0161
2004,4,14,0,0.0063,0.0198
2004,4,14,1,0.099,0.3118
2004,4,15,0,0.0573,0.1805
2004,4,15,1,0.2174,0.6847
2004,4,16,0,0.0,0.0
2004,4,16,1,0.1041,0.3279
2004,4,17,0,0.0002,0.0006
2004,4,17,1,0.0113,0.0356
2004,4,18,0,0.0242,0.0762
2004,4,18,1,0.134,0.422
2004,4,19,0,0.1429,0.4501
2004,4,19,1,0.0124,0.0391
2004,4,20,0,0.0573,0.1805
2004,4,20,1,0.1136,0.3578
2004,4,21,0,0.036,0.1134
2004,4,21,1,0.0409,0.1288
2004,4,22,0,0.0141,0.0444
2004,4,22,1,0.0546,0.172
2004,4,23,0,0.0016,0.005
2004,4,23,1,0.0592,0.1864
2004,4,24,0,0.0055,0.0173
2004,4,24,1,0.0011,0.0035
2004,4,25,0,0.0225,0.0709
2004,4,25,1,0.0048,0.0151
2004,4,26,0,0.8586,2.7041
2004,4,26,1,0.301,0.948
2004,4,27,0,0.0005,0.0016
2004,4,27,1,0.0559,0.1761
2004,4,28,0,0.0155,0.0488
2004,4,28,1,0.0,0.0
2005,1,01,0,0.0197,0.0581
2005,1,01,1,0.0,0.0
2005,1,02,0,0.1328,0.3914
2005,1,02,1,0.0,0.0
2005,1,03,0,0.0146,0.043
2005,1,03,1,0.0,0.0
2005,1,04,0,0.031,0.0914
2005,1,04,1,0.001,0.0029
2005,1,05,0,0.2567,0.7565
2005,1,05,1,0.002,0.0059
2005,1,06,0,0.026,0.0766
2005,1,06,1,0.0011,0.0032
2005,1,07,0,0.0032,0.0094
2005,1,08,0,0.0015,0.0044
2005,1,08,1,0.0002,0.0006
2005,1,09,0,0.0109,0.0321
2005,1,09,1,0.0013,0.0038
2005,1,10,0,0.0672,0.198
2005,1,10,1,0.1098,0.3236
2005,1,11,0,0.0052,0.0153
2005,1,11,1,0.0005,0.0015
2005,1,12,0,0.0756,0.2228
2005,1,12,1,0.0015,0.0044
2005,1,13,0,0.0021,0.0062
2005,1,13,1,0.003,0.0088
2005,1,14,0,0.0081,0.0239
2005,1,14,1,0.0004,0.0012
2005,1,15,0,0.0074,0.0218
2005,1,15,1,0.0144,0.0424
2005,1,16,0,0.0,0.0
2005,1,16,1,0.0039,0.0115
2005,1,17,0,0.0003,0.0009
2005,1,17,1,0.0005,0.0015
2005,1,18,0,0.0167,0.0492
2005,1,18,1,0.0063,0.0186
2005,1,19,0,0.0219,0.0645
2005,1,19,1,0.0002,0.0006
2005,1,20,0,0.022,0.0648
2005,1,20,1,0.0031,0.0091
2005,1,21,0,0.0137,0.0404
2005,1,21,1,0.0071,0.0209
2005,1,22,0,0.0033,0.0097
2005,1,22,1,0.0,0.0
2005,1,23,0,0.0001,0.0003
2005,1,23,1,0.0004,0.0012
2005,1,24,0,0.0051,0.015
2005,1,24,1,0.004,0.0118
2005,1,25,0,0.0016,0.0047
2005,1,25,1,0.0,0.0
2005,1,26,0,0.0638,0.188
2005,1,26,1,0.0372,0.1096
2005,1,27,0,0.0049,0.0144
2005,1,27,1,0.0014,0.0041
2005,1,28,0,0.0134,0.0395
2005,2,01,0,0.0216,0.0637
2005,2,01,1,0.0099,0.0292
2005,2,02,0,0.1803,0.5313
2005,2,02,1,0.0,0.0
2005,2,03,0,0.0178,0.0525
2005,2,04,0,0.0223,0.0657
2005,2,04,1,0.0066,0.0195
2005,2,05,0,0.1575,0.4642
2005,2,05,1,0.0056,0.0165
2005,2,06,0,0.0713,0.2101
2005,2,06,1,0.0154,0.0454
2005,2,07,0,0.0037,0.0109
2005,2,08,0,0.0015,0.0044
2005,2,08,1,0.0247,0.0728
2005,2,09,0,0.0031,0.0091
2005,2,10,0,0.0595,0.1753
2005,2,10,1,0.1893,0.5579
2005,2,11,0,0.0008,0.0024
2005,2,11,1,0.0033,0.0097
2005,2,12,0,0.0592,0.1745
2005,2,12,1,0.0066,0.0195
2005,2,13,0,0.0028,0.0083
2005,2,13,1,0.008,0.0236
2005,2,14,0,0.0159,0.0469
2005,2,14,1,0.0019,0.0056
2005,2,15,0,0.0708,0.2086
2005,2,15,1,0.0795,0.2343
2005,2,16,0,0.0,0.0
2005,2,16,1,0.0204,0.0601
2005,2,17,0,0.0009,0.0027
2005,2,17,1,0.0089,0.0262
2005,2,18,0,0.0272,0.0802
2005,2,18,1,0.0254,0.0749
2005,2,19,0,0.0307,0.0905
2005,2,19,1,0.003,0.0088
2005,2,20,0,0.042,0.1238
2005,2,20,1,0.0131,0.0386
2005,2,21,0,0.0374,0.1102
2005,2,21,1,0.0212,0.0625
2005,2,22,0,0.0071,0.0209
2005,2,22,1,0.0001,0.0003
2005,2,23,0,0.0001,0.0003
2005,2,23,1,0.0155,0.0457
2005,2,24,0,0.0052,0.0153
2005,2,24,1,0.0,0.0
2005,2,25,0,0.0028,0.0083
2005,2,25,1,0.0,0.0
2005,2,26,0,0.4133,1.218
2005,2,26,1,0.0455,0.1341
2005,2,27,0,0.0019,0.0056
2005,2,27,1,0.0093,0.0274
2005,2,28,0,0.0106,0.0312
2005,3,01,0,0.0109,0.0321
2005,3,01,1,0.002,0.0059
2005,3,02,0,0.1265,0.3728
2005,3,02,1,0.0,0.0
2005,3,03,0,0.0159,0.0469
2005,3,04,0,0.0476,0.1403
2005,3,04,1,0.0023,0.0068
2005,3,05,0,0.1688,0.4975
2005,3,05,1,0.0156,0.046
2005,3,06,0,0.0517,0.1524
2005,3,06,1,0.0169,0.0498
2005,3,07,0,0.0052,0.0153
2005,3,08,0,0.0005,0.0015
2005,3,08,1,0.007,0.0206
2005,3,09,0,0.0076,0.0224
2005,3,09,1,0.0,0.0
2005,3,10,0,0.102,0.3006
2005,3,10,1,0.158,0.4656
2005,3,11,0,0.0006,0.0018
2005,3,11,1,0.0035,0.0103
2005,3,12,0,0.0653,0.1924
2005,3,12,1,0.0389,0.1146
2005,3,13,0,0.0024,0.0071
2005,3,13,1,0.0142,0.0418
2005,3,14,0,0.0127,0.0374
2005,3,14,1,0.013,0.0383
2005,3,15,0,0.029,0.0855
2005,3,15,1,0.0636,0.1874
2005,3,16,0,0.0,0.0
2005,3,16,1,0.0102,0.0301
2005,3,17,0,0.0003,0.0009
2005,3,17,1,0.0047,0.0139
2005,3,18,0,0.0335,0.0987
2005,3,18,1,0.0604,0.178
2005,3,19,0,0.0284,0.0837
2005,3,19,1,0.0105,0.0309
2005,3,20,0,0.0251,0.074
2005,3,20,1,0.0375,0.1105
2005,3,21,0,0.0365,0.1076
2005,3,21,1,0.0503,0.1482
2005,3,22,0,0.013,0.0383
2005,3,22,1,0.0137,0.0404
2005,3,23,0,0.0003,0.0009
2005,3,23,1,0.0339,0.0999
2005,3,24,0,0.0024,0.0071
2005,3,24,1,0.0,0.0
2005,3,25,0,0.0022,0.0065
2005,3,25,1,0.0006,0.0018
2005,3,26,0,0.6301,1.8569
2005,3,26,1,0.1041,0.3068
2005,3,27,0,0.0026,0.0077
2005,3,27,1,0.0058,0.0171
2005,3,28,0,0.0095,0.028
2005,4,01,0,0.008,0.0236
2005,4,01,1,0.0044,0.013
2005,4,02,0,0.1396,0.4114
2005,4,02,1,0.0,0.0
2005,4,03,0,0.018,0.053
2005,4,04,0,0.1822,0.5369
2005,4,04,1,0.0111,0.0327
2005,4,05,0,0.7474,2.2026
2005,4,05,1,0.1123,0.3309
2005,4,06,0,0.1545,0.4553
2005,4,06,1,0.0896,0.2641
2005,4,07,0,0.0518,0.1527
2005,4,08,0,0.0044,0.013
2005,4,08,1,0.0703,0.2072
2005,4,09,0,0.0068,0.02
2005,4,09,1,0.0004,0.0012
2005,4,10,0,0.1039,0.3062
2005,4,10,1,0.2476,0.7297
2005,4,11,0,0.0033,0.0097
2005,4,11,1,0.0175,0.0516
2005,4,12,0,0.0854,0.2517
2005,4,12,1,0.1725,0.5084
2005,4,13,0,0.0042,0.0124
2005,4,13,1,0.0267,0.0787
2005,4,14,0,0.0134,0.0395
2005,4,14,1,0.0546,0.1609
2005,4,15,0,0.032,0.0943
2005,4,15,1,0.1959,0.5773
2005,4,16,0,0.0,0.0
2005,4,16,1,0.0517,0.1524
2005,4,17,0,0.0005,0.0015
2005,4,17,1,0.0328,0.0967
2005,4,18,0,0.0741,0.2184
2005,4,18,1,0.2227,0.6563
2005,4,19,0,0.1195,0.3522
2005,4,19,1,0.0784,0.231
2005,4,20,0,0.0458,0.135
2005,4,20,1,0.1157,0.341
2005,4,21,0,0.094,0.277
2005,4,21,1,0.1028,0.303
2005,4,22,0,0.0163,0.048
2005,4,22,1,0.0294,0.0866
2005,4,23,0,0.0033,0.0097
2005,4,23,1,0.0765,0.2254
2005,4,24,0,0.0048,0.0141
2005,4,24,1,0.0039,0.0115
2005,4,25,0,0.0063,0.0186
2005,4,25,1,0.0029,0.0085
2005,4,26,0,1.4398,4.2431
2005,4,26,1,0.249,0.7338
2005,4,27,0,0.0022,0.0065
2005,4,27,1,0.0616,0.1815
2005,4,28,0,0.0086,0.0253
2006,1,01,0,0.0055,0.0156
2006,1,02,0,0.1529,0.4325
2006,1,03,0,0.0299,0.0846
2006,1,04,0,0.05,0.1414
2006,1,04,1,0.0138,0.039
2006,1,05,0,0.1257,0.3556
2006,1,05,1,0.0358,0.1013
2006,1,06,0,0.0461,0.1304
2006,1,06,1,0.0251,0.071
2006,1,07,0,0.001,0.0028
2006,1,08,0,0.0028,0.0079
2006,1,08,1,0.0036,0.0102
2006,1,09,0,0.0157,0.0444
2006,1,09,1,0.0021,0.0059
2006,1,10,0,0.0861,0.2435
2006,1,10,1,0.199,0.5629
2006,1,11,0,0.0009,0.0025
2006,1,11,1,0.0039,0.011
2006,1,12,0,0.1878,0.5312
2006,1,12,1,0.046,0.1301
2006,1,13,0,0.0032,0.0091
2006,1,13,1,0.0075,0.0212
2006,1,14,0,0.0079,0.0223
2006,1,14,1,0.0056,0.0158
2006,1,15,0,0.06,0.1697
2006,1,15,1,0.0261,0.0738
2006,1,16,1,0.0002,0.0006
2006,1,17,1,0.0,0.0
2006,1,18,0,0.0232,0.0656
2006,1,18,1,0.05,0.1414
2006,1,19,0,0.0454,0.1284
2006,1,19,1,0.0098,0.0277
2006,1,20,0,0.0224,0.0634
2006,1,20,1,0.0329,0.0931
2006,1,21,0,0.0117,0.0331
2006,1,21,1,0.0212,0.06
2006,1,22,0,0.0031,0.0088
2006,1,22,1,0.0015,0.0042
2006,1,23,0,0.0009,0.0025
2006,1,23,1,0.016,0.0453
2006,1,24,0,0.0011,0.0031
2006,1,24,1,0.0021,0.0059
2006,1,25,0,0.0012,0.0034
2006,1,26,0,0.5425,1.5345
2006,1,26,1,0.14,0.396
2006,1,27,0,0.0006,0.0017
2006,1,27,1,0.0095,0.0269
2006,1,28,0,0.0103,0.0291
2006,2,01,0,0.0106,0.03
2006,2,01,1,0.003,0.0085
2006,2,02,0,0.1723,0.4874
2006,2,03,0,0.025,0.0707
2006,2,04,0,0.0478,0.1352
2006,2,04,1,0.044,0.1245
2006,2,05,0,0.2889,0.8172
2006,2,05,1,0.0479,0.1355
2006,2,06,0,0.0298,0.0843
2006,2,06,1,0.0366,0.1035
2006,2,07,0,0.0042,0.0119
2006,2,08,0,0.0002,0.0006
2006,2,08,1,0.036,0.1018
2006,2,09,0,0.0194,0.0549
2006,2,09,1,0.0067,0.019
2006,2,10,0,0.1233,0.3488
2006,2,10,1,0.3693,1.0446
2006,2,11,0,0.0021,0.0059
2006,2,11,1,0.0094,0.0266
2006,2,12,0,0.1404,0.3971
2006,2,12,1,0.1083,0.3063
2006,2,13,0,0.0022,0.0062
2006,2,13,1,0.0123,0.0348
2006,2,14,0,0.0096,0.0272
2006,2,14,1,0.0146,0.0413
2006,2,15,0,0.0723,0.2045
2006,2,15,1,0.1366,0.3864
2006,2,16,0,0.0,0.0
2006,2,16,1,0.0076,0.0215
2006,2,17,0,0.0,0.0
2006,2,17,1,0.0065,0.0184
2006,2,18,0,0.0256,0.0724
2006,2,18,1,0.0971,0.2747
2006,2,19,0,0.0633,0.1791
2006,2,19,1,0.0118,0.0334
2006,2,20,0,0.0201,0.0569
2006,2,20,1,0.0983,0.2781
2006,2,21,0,0.0267,0.0755
2006,2,21,1,0.0772,0.2184
2006,2,22,0,0.0038,0.0107
2006,2,22,1,0.0121,0.0342
2006,2,23,0,0.0006,0.0017
2006,2,23,1,0.0777,0.2198
2006,2,24,0,0.002,0.0057
2006,2,24,1,0.0112,0.0317
2006,2,25,0,0.0008,0.0023
2006,2,25,1,0.0,0.0
2006,2,26,0,0.5584,1.5795
2006,2,26,1,0.1247,0.3527
2006,2,27,0,0.0012,0.0034
2006,2,27,1,0.0865,0.2447
2006,2,28,0,0.0124,0.0351
2006,3,01,0,0.0122,0.0345
2006,3,01,1,0.0,0.0
2006,3,02,0,0.1213,0.3431
2006,3,03,0,0.0128,0.0362
2006,3,04,0,0.0504,0.1426
2006,3,04,1,0.0236,0.0668
2006,3,05,0,0.4278,1.2101
2006,3,05,1,0.0077,0.0218
2006,3,06,0,0.0727,0.2056
2006,3,06,1,0.0231,0.0653
2006,3,07,0,0.004,0.0113
2006,3,08,0,0.0,0.0
2006,3,08,1,0.0194,0.0549
2006,3,09,0,0.0021,0.0059
2006,3,09,1,0.0054,0.0153
2006,3,10,0,0.0698,0.1974
2006,3,10,1,0.2189,0.6192
2006,3,11,0,0.002,0.0057
2006,3,11,1,0.0047,0.0133
2006,3,12,0,0.0833,0.2356
2006,3,12,1,0.0725,0.2051
2006,3,13,0,0.0031,0.0088
2006,3,13,1,0.0043,0.0122
2006,3,14,0,0.0117,0.0331
2006,3,14,1,0.0769,0.2175
2006,3,15,0,0.0609,0.1723
2006,3,15,1,0.1428,0.4039
2006,3,16,0,0.0,0.0
2006,3,16,1,0.0199,0.0563
2006,3,17,0,0.0001,0.0003
2006,3,17,1,0.0048,0.0136
2006,3,18,0,0.0245,0.0693
2006,3,18,1,0.0963,0.2724
2006,3,19,0,0.0974,0.2755
2006,3,19,1,0.0203,0.0574
2006,3,20,0,0.0208,0.0588
2006,3,20,1,0.0247,0.0699
2006,3,21,0,0.0453,0.1281
2006,3,21,1,0.0138,0.039
2006,3,22,0,0.0043,0.0122
2006,3,22,1,0.001,0.0028
2006,3,23,0,0.0006,0.0017
2006,3,23,1,0.1882,0.5324
2006,3,24,0,0.0037,0.0105
2006,3,24,1,-0.0001,-0.0003
2006,3,25,0,0.0031,0.0088
2006,3,25,1,0.0,0.0
2006,3,26,0,1.0899,3.083
2006,3,26,1,0.1455,0.4116
2006,3,27,0,0.0051,0.0144
2006,3,27,1,0.0334,0.0945
2006,3,28,0,0.0098,0.0277
2006,4,01,0,0.0185,0.0523
2006,4,01,1,0.0,0.0
2006,4,02,0,0.1051,0.2973
2006,4,03,0,0.0241,0.0682
2006,4,04,0,0.0841,0.2379
2006,4,04,1,0.048,0.1358
2006,4,05,0,0.9677,2.7373
2006,4,05,1,0.0271,0.0767
2006,4,06,0,0.0372,0.1052
2006,4,06,1,0.082,0.2319
2006,4,07,0,0.0155,0.0438
2006,4,08,0,0.0015,0.0042
2006,4,08,1,0.0557,0.1576
2006,4,09,0,0.0206,0.0583
2006,4,09,1,0.0073,0.0206
2006,4,10,0,0.1712,0.4843
2006,4,10,1,0.348,0.9844
2006,4,11,0,0.0031,0.0088
2006,4,11,1,0.0118,0.0334
2006,4,12,0,0.1215,0.3437
2006,4,12,1,0.1192,0.3372
2006,4,13,0,0.0056,0.0158
2006,4,13,1,0.0167,0.0472
2006,4,14,0,0.03,0.0849
2006,4,14,1,0.0667,0.1887
2006,4,15,0,0.0845,0.239
2006,4,15,1,0.481,1.3606
2006,4,16,0,0.0,0.0
2006,4,16,1,0.1067,0.3018
2006,4,17,0,0.0001,0.0003
2006,4,17,1,0.0271,0.0767
2006,4,18,0,0.0365,0.1032
2006,4,18,1,0.2014,0.5697
2006,4,19,0,0.1768,0.5001
2006,4,19,1,0.2061,0.583
2006,4,20,0,0.0483,0.1366
2006,4,20,1,0.1209,0.342
2006,4,21,0,0.092,0.2602
2006,4,21,1,0.1053,0.2979
2006,4,22,0,0.0114,0.0322
2006,4,22,1,0.0433,0.1225
2006,4,23,0,0.0018,0.0051
2006,4,23,1,0.4169,1.1793
2006,4,24,0,0.0056,0.0158
2006,4,24,1,0.0029,0.0082
2006,4,25,0,0.0046,0.013
2006,4,25,1,0.0022,0.0062
2006,4,26,0,1.6126,4.5615
2006,4,26,1,0.3863,1.0927
2006,4,27,0,0.0163,0.0461
2006,4,27,1,0.104,0.2942
2006,4,28,0,0.0106,0.03
2007,1,01,0,0.0167,0.0456
2007,1,01,1,0.0,0.0
2007,1,02,0,0.1428,0.3897
2007,1,02,1,0.0,0.0
2007,1,03,0,0.0366,0.0999
2007,1,04,0,0.1729,0.4719
2007,1,04,1,0.0074,0.0202
2007,1,05,0,0.1659,0.4528
2007,1,05,1,0.0243,0.0663
2007,1,06,0,0.0411,0.1122
2007,1,06,1,0.03,0.0819
2007,1,07,0,0.001,0.0027
2007,1,07,1,0.0,0.0
2007,1,08,0,0.0002,0.0005
2007,1,08,1,0.001,0.0027
2007,1,09,0,0.0247,0.0674
2007,1,10,0,0.1622,0.4427
2007,1,10,1,0.2644,0.7216
2007,1,11,0,0.0021,0.0057
2007,1,11,1,0.005,0.0136
2007,1,12,0,0.1789,0.4883
2007,1,12,1,0.0697,0.1902
2007,1,13,0,0.0049,0.0134
2007,1,13,1,0.0098,0.0267
2007,1,14,0,0.0123,0.0336
2007,1,14,1,0.0271,0.074
2007,1,15,0,0.0532,0.1452
2007,1,15,1,0.0468,0.1277
2007,1,16,0,0.0,0.0
2007,1,16,1,0.031,0.0846
2007,1,17,0,0.0,0.0
2007,1,17,1,0.0001,0.0003
2007,1,18,0,0.0287,0.0783
2007,1,18,1,0.0073,0.0199
2007,1,19,0,0.0703,0.1919
2007,1,19,1,0.0389,0.1062
2007,1,20,0,0.0324,0.0884
2007,1,20,1,0.0217,0.0592
2007,1,21,0,0.0246,0.0671
2007,1,21,1,0.0236,0.0644
2007,1,22,0,0.0066,0.018
2007,1,22,1,0.0029,0.0079
2007,1,23,0,0.0004,0.0011
2007,1,23,1,0.0369,0.1007
2007,1,24,0,0.0028,0.0076
2007,1,24,1,0.0002,0.0005
2007,1,25,0,0.0047,0.0128
2007,1,25,1,0.0,0.0
2007,1,26,0,0.66,1.8013
2007,1,26,1,0.0773,0.211
2007,1,27,0,0.0203,0.0554
2007,1,27,1,0.0645,0.176
2007,1,28,0,0.0106,0.0289
2007,2,01,0,0.0172,0.0469
2007,2,02,0,0.1343,0.3665
2007,2,02,1,0.0,0.0
2007,2,03,0,0.0339,0.0925
2007,2,04,0,0.1077,0.2939
2007,2,04,1,0.0079,0.0216
2007,2,05,0,0.3444,0.94
2007,2,05,1,0.0389,0.1062
2007,2,06,0,0.1479,0.4037
2007,2,06,1,0.107,0.292
2007,2,07,0,0.009,0.0246
2007,2,07,1,0.0,0.0
2007,2,08,0,0.0002,0.0005
2007,2,08,1,0.0081,0.0221
2007,2,09,0,0.0427,0.1165
2007,2,10,0,0.1146,0.3128
2007,2,10,1,0.2139,0.5838
2007,2,11,0,0.0026,0.0071
2007,2,11,1,0.004,0.0109
2007,2,12,0,0.1842,0.5027
2007,2,12,1,0.063,0.1719
2007,2,13,0,0.0044,0.012
2007,2,13,1,0.0165,0.045
2007,2,14,0,0.0126,0.0344
2007,2,14,1,0.0209,0.057
2007,2,15,0,0.0984,0.2686
2007,2,15,1,0.0716,0.1954
2007,2,16,0,0.0,0.0
2007,2,16,1,0.0428,0.1168
2007,2,17,0,0.0,0.0
2007,2,17,1,0.0024,0.0066
2007,2,18,0,0.0136,0.0371
2007,2,18,1,0.054,0.1474
2007,2,19,0,0.0761,0.2077
2007,2,19,1,0.1291,0.3523
2007,2,20,0,0.0309,0.0843
2007,2,20,1,0.0797,0.2175
2007,2,21,0,0.0388,0.1059
2007,2,21,1,0.0282,0.077
2007,2,22,0,0.0036,0.0098
2007,2,22,1,0.0035,0.0096
2007,2,23,0,0.0014,0.0038
2007,2,23,1,0.0706,0.1927
2007,2,24,0,0.0033,0.009
2007,2,24,1,0.004,0.0109
2007,2,25,0,0.001,0.0027
2007,2,26,0,1.0955,2.9899
2007,2,26,1,0.0669,0.1826
2007,2,27,0,0.0506,0.1381
2007,2,27,1,0.1002,0.2735
2007,2,28,0,0.0084,0.0229
2007,3,00,0,0.0,0.0
2007,3,00,1,0.0,0.0
2007,3,01,0,0.0148,0.0404
2007,3,01,1,0.0,0.0
2007,3,02,0,0.1288,0.3515
2007,3,02,1,0.0,0.0
2007,3,03,0,0.0259,0.0707
2007,3,04,0,0.0598,0.1632
2007,3,04,1,0.0067,0.0183
2007,3,05,0,0.3557,0.9708
2007,3,05,1,0.0427,0.1165
2007,3,06,0,0.2235,0.61
2007,3,06,1,0.0773,0.211
2007,3,07,0,0.0052,0.0142
2007,3,08,0,0.001,0.0027
2007,3,08,1,0.0086,0.0235
2007,3,09,0,0.0154,0.042
2007,3,10,0,0.1226,0.3346
2007,3,10,1,0.3155,0.8611
2007,3,11,0,0.0007,0.0019
2007,3,11,1,0.0164,0.0448
2007,3,12,0,0.1866,0.5093
2007,3,12,1,0.1264,0.345
2007,3,13,0,0.0033,0.009
2007,3,13,1,0.0352,0.0961
2007,3,14,0,0.0169,0.0461
2007,3,14,1,0.0105,0.0287
2007,3,15,0,0.0864,0.2358
2007,3,15,1,0.198,0.5404
2007,3,16,0,0.0001,0.0003
2007,3,16,1,0.0574,0.1567
2007,3,17,0,0.0,0.0
2007,3,17,1,0.0075,0.0205
2007,3,18,0,0.0143,0.039
2007,3,18,1,0.1205,0.3289
2007,3,19,0,0.072,0.1965
2007,3,19,1,0.07,0.191
2007,3,20,0,0.0233,0.0636
2007,3,20,1,0.1132,0.309
2007,3,21,0,0.0517,0.1411
2007,3,21,1,0.0343,0.0936
2007,3,22,0,0.0034,0.0093
2007,3,22,1,0.0041,0.0112
2007,3,23,0,0.0004,0.0011
2007,3,23,1,0.1798,0.4907
2007,3,24,0,0.0019,0.0052
2007,3,25,0,0.0021,0.0057
2007,3,25,1,0.0,0.0
2007,3,26,0,1.4312,3.9061
2007,3,26,1,0.167,0.4558
2007,3,27,0,0.0226,0.0617
2007,3,27,1,0.0476,0.1299
2007,3,28,0,0.0054,0.0147
2007,4,00,0,0.0,0.0
2007,4,00,1,0.0,0.0
2007,4,01,0,0.0162,0.0442
2007,4,01,1,0.0,0.0
2007,4,02,0,0.125,0.3412
2007,4,03,0,0.0243,0.0663
2007,4,04,0,0.08,0.2183
2007,4,04,1,0.0199,0.0543
2007,4,05,0,0.9325,2.545
2007,4,05,1,0.0845,0.2306
2007,4,06,0,0.1131,0.3087
2007,4,06,1,0.2368,0.6463
2007,4,07,0,0.0127,0.0347
2007,4,08,0,0.0003,0.0008
2007,4,08,1,0.0907,0.2475
2007,4,09,0,0.0145,0.0396
2007,4,09,1,0.0007,0.0019
2007,4,10,0,0.0728,0.1987
2007,4,10,1,0.1925,0.5254
2007,4,11,0,0.0019,0.0052
2007,4,11,1,0.0172,0.0469
2007,4,12,0,0.3721,1.0156
2007,4,12,1,0.1629,0.4446
2007,4,13,0,0.0031,0.0085
2007,4,13,1,0.0127,0.0347
2007,4,14,0,0.017,0.0464
2007,4,14,1,0.1348,0.3679
2007,4,15,0,0.0418,0.1141
2007,4,15,1,0.6042,1.649
2007,4,16,0,0.0003,0.0008
2007,4,16,1,0.3298,0.9001
2007,4,17,0,0.0008,0.0022
2007,4,17,1,0.0339,0.0925
2007,4,18,0,0.0418,0.1141
2007,4,18,1,0.3487,0.9517
2007,4,19,0,0.1663,0.4539
2007,4,19,1,0.2055,0.5609
2007,4,20,0,0.0621,0.1695
2007,4,20,1,0.134,0.3657
2007,4,21,0,0.0963,0.2628
2007,4,21,1,0.1627,0.4441
2007,4,22,0,0.0089,0.0243
2007,4,22,1,0.1656,0.452
2007,4,23,0,0.0013,0.0035
2007,4,23,1,0.5137,1.402
2007,4,24,0,0.005,0.0136
2007,4,24,1,0.0059,0.0161
2007,4,25,0,0.0032,0.0087
2007,4,25,1,0.0053,0.0145
2007,4,26,0,1.895,5.172
2007,4,26,1,0.5044,1.3766
2007,4,27,0,0.014,0.0382
2007,4,27,1,0.183,0.4995
2007,4,28,0,0.0074,0.0202
2007,4,28,1,0.0,0.0
2008,1,01,0,0.0093,0.024
2008,1,02,0,0.1754,0.453
2008,1,02,1,0.0,0.0
2008,1,03,0,0.0339,0.0876
2008,1,03,1,0.0,0.0
2008,1,04,0,0.0613,0.1583
2008,1,04,1,0.0033,0.0085
2008,1,05,0,0.2789,0.7203
2008,1,05,1,0.005,0.0129
2008,1,06,0,0.0416,0.1074
2008,1,06,1,0.0615,0.1588
2008,1,07,0,0.0006,0.0015
2008,1,08,0,0.001,0.0026
2008,1,08,1,0.0073,0.0189
2008,1,09,0,0.0144,0.0372
2008,1,10,0,0.1184,0.3058
2008,1,10,1,0.1478,0.3817
2008,1,11,0,0.0022,0.0057
2008,1,11,1,0.0024,0.0062
2008,1,12,0,0.3039,0.7849
2008,1,12,1,0.1362,0.3518
2008,1,13,0,0.0099,0.0256
2008,1,13,1,0.0232,0.0599
2008,1,14,0,0.0073,0.0189
2008,1,14,1,0.007,0.0181
2008,1,15,0,0.1604,0.4143
2008,1,15,1,0.2877,0.743
2008,1,16,0,0.001,0.0026
2008,1,16,1,0.0097,0.0251
2008,1,17,0,0.0005,0.0013
2008,1,17,1,0.0228,0.0589
2008,1,18,0,0.0559,0.1444
2008,1,18,1,0.1675,0.4326
2008,1,19,0,0.0536,0.1384
2008,1,19,1,0.0267,0.069
2008,1,20,0,0.0559,0.1444
2008,1,20,1,0.0473,0.1222
2008,1,21,0,0.0241,0.0622
2008,1,21,1,0.079,0.204
2008,1,22,0,0.0065,0.0168
2008,1,22,1,0.0049,0.0127
2008,1,23,0,0.0016,0.0041
2008,1,23,1,0.0055,0.0142
2008,1,24,0,0.0025,0.0065
2008,1,24,1,0.0,0.0
2008,1,25,0,0.0011,0.0028
2008,1,25,1,0.0,0.0
2008,1,26,0,0.8716,2.251
2008,1,26,1,0.094,0.2428
2008,1,27,0,0.0008,0.0021
2008,1,27,1,0.0103,0.0266
2008,1,28,0,0.0042,0.0108
2008,1,28,1,0.0,0.0
2008,2,01,0,0.0167,0.0431
2008,2,02,0,0.208,0.5372
2008,2,02,1,0.0,0.0
2008,2,03,0,0.0443,0.1144
2008,2,04,0,0.0644,0.1663
2008,2,04,1,0.0348,0.0899
2008,2,05,0,0.3773,0.9744
2008,2,05,1,0.0044,0.0114
2008,2,06,0,0.0598,0.1544
2008,2,06,1,0.0373,0.0963
2008,2,07,0,0.0034,0.0088
2008,2,08,0,0.0008,0.0021
2008,2,08,1,0.0403,0.1041
2008,2,09,0,0.019,0.0491
2008,2,10,0,0.1215,0.3138
2008,2,10,1,0.2548,0.6581
2008,2,11,0,0.0037,0.0096
2008,2,11,1,0.0016,0.0041
2008,2,12,0,0.2867,0.7404
2008,2,12,1,0.4314,1.1141
2008,2,13,0,0.0053,0.0137
2008,2,13,1,0.0289,0.0746
2008,2,14,0,0.012,0.031
2008,2,14,1,0.0111,0.0287
2008,2,15,0,0.028,0.0723
2008,2,15,1,0.5213,1.3463
2008,2,16,0,0.0002,0.0005
2008,2,16,1,0.0668,0.1725
2008,2,17,0,0.0,0.0
2008,2,17,1,0.5497,1.4197
2008,2,18,0,0.0714,0.1844
2008,2,18,1,0.1167,0.3014
2008,2,19,0,0.0762,0.1968
2008,2,19,1,0.066,0.1705
2008,2,20,0,0.0605,0.1562
2008,2,20,1,0.2682,0.6927
2008,2,21,0,0.0357,0.0922
2008,2,21,1,0.0941,0.243
2008,2,22,0,0.0062,0.016
2008,2,22,1,0.0012,0.0031
2008,2,23,0,0.0007,0.0018
2008,2,23,1,0.2998,0.7743
2008,2,24,0,0.013,0.0336
2008,2,24,1,0.0,0.0
2008,2,25,0,0.0045,0.0116
2008,2,26,0,1.0428,2.6932
2008,2,26,1,0.4627,1.195
2008,2,27,0,0.0054,0.0139
2008,2,27,1,0.0613,0.1583
2008,2,28,0,0.0065,0.0168
2008,2,28,1,0.0,0.0
2008,3,01,0,0.0285,0.0736
2008,3,02,0,0.2204,0.5692
2008,3,03,0,0.0319,0.0824
2008,3,03,1,0.0,0.0
2008,3,04,0,0.058,0.1498
2008,3,04,1,0.0264,0.0682
2008,3,05,0,0.8019,2.071
2008,3,05,1,0.0524,0.1353
2008,3,06,0,0.0696,0.1798
2008,3,06,1,0.184,0.4752
2008,3,07,0,0.0091,0.0235
2008,3,08,0,0.0014,0.0036
2008,3,08,1,0.0135,0.0349
2008,3,09,0,0.0244,0.063
2008,3,10,0,0.0882,0.2278
2008,3,10,1,0.1103,0.2849
2008,3,11,0,0.0017,0.0044
2008,3,11,1,0.0101,0.0261
2008,3,12,0,0.2429,0.6273
2008,3,12,1,0.4077,1.0529
2008,3,13,0,0.0037,0.0096
2008,3,13,1,0.013,0.0336
2008,3,14,0,0.0041,0.0106
2008,3,14,1,0.0065,0.0168
2008,3,15,0,0.034,0.0878
2008,3,15,1,1.2254,3.1647
2008,3,16,0,0.0014,0.0036
2008,3,16,1,0.1634,0.422
2008,3,17,0,0.0007,0.0018
2008,3,17,1,0.7102,1.8342
2008,3,18,0,0.1133,0.2926
2008,3,18,1,0.167,0.4313
2008,3,19,0,0.071,0.1834
2008,3,19,1,0.0937,0.242
2008,3,20,0,0.069,0.1782
2008,3,20,1,0.1107,0.2859
2008,3,21,0,0.0198,0.0511
2008,3,21,1,0.059,0.1524
2008,3,22,0,0.0069,0.0178
2008,3,22,1,0.0076,0.0196
2008,3,23,0,0.0016,0.0041
2008,3,23,1,0.3076,0.7944
2008,3,24,0,0.0322,0.0832
2008,3,25,0,0.0033,0.0085
2008,3,25,1,0.0001,0.0003
2008,3,26,0,1.538,3.9721
2008,3,26,1,0.4214,1.0883
2008,3,27,0,0.0008,0.0021
2008,3,27,1,0.0677,0.1748
2008,3,28,0,0.009,0.0232
2008,4,01,0,0.0254,0.0656
2008,4,02,0,0.1965,0.5075
2008,4,03,0,0.0261,0.0674
2008,4,03,1,0.0,0.0
2008,4,04,0,0.054,0.1395
2008,4,04,1,0.0532,0.1374
2008,4,05,0,1.6654,4.3011
2008,4,05,1,0.0942,0.2433
2008,4,06,0,0.1244,0.3213
2008,4,06,1,0.5077,1.3112
2008,4,07,0,0.0292,0.0754
2008,4,08,0,0.0025,0.0065
2008,4,08,1,0.0612,0.1581
2008,4,09,0,0.0179,0.0462
2008,4,10,0,0.1581,0.4083
2008,4,10,1,0.2966,0.766
2008,4,11,0,0.0056,0.0145
2008,4,11,1,0.0142,0.0367
2008,4,12,0,0.3153,0.8143
2008,4,12,1,0.1342,0.3466
2008,4,13,0,0.0048,0.0124
2008,4,13,1,0.0163,0.0421
2008,4,14,0,0.0094,0.0243
2008,4,14,1,0.0829,0.2141
2008,4,15,0,0.0506,0.1307
2008,4,15,1,0.5325,1.3752
2008,4,16,0,0.0004,0.001
2008,4,16,1,0.2871,0.7415
2008,4,17,0,0.0011,0.0028
2008,4,17,1,0.2238,0.578
2008,4,18,0,0.1967,0.508
2008,4,18,1,0.2687,0.694
2008,4,19,0,0.2017,0.5209
2008,4,19,1,0.2139,0.5524
2008,4,20,0,0.1976,0.5103
2008,4,20,1,0.1507,0.3892
2008,4,21,0,0.0478,0.1234
2008,4,21,1,0.0979,0.2528
2008,4,22,0,0.0132,0.0341
2008,4,22,1,0.0102,0.0263
2008,4,23,0,0.0011,0.0028
2008,4,23,1,0.2465,0.6366
2008,4,24,0,0.0987,0.2549
2008,4,24,1,0.0012,0.0031
2008,4,25,0,0.0073,0.0189
2008,4,25,1,0.0004,0.001
2008,4,26,0,1.9473,5.0291
2008,4,26,1,0.3458,0.8931
2008,4,27,0,0.0009,0.0023
2008,4,27,1,0.0578,0.1493
2008,4,28,0,0.0191,0.0493
2009,1,01,0,0.0183,0.0451
2009,1,01,1,0.0,0.0
2009,1,02,0,0.1682,0.4142
2009,1,02,1,0.0,0.0
2009,1,03,0,0.0399,0.0982
2009,1,03,1,0.0003,0.0007
2009,1,04,0,0.0527,0.1298
2009,1,04,1,0.0069,0.017
2009,1,05,0,0.4717,1.1615
2009,1,05,1,0.0173,0.0426
2009,1,06,0,0.0339,0.0835
2009,1,06,1,0.0275,0.0677
2009,1,07,0,0.0073,0.018
2009,1,08,0,0.0055,0.0135
2009,1,08,1,0.0388,0.0955
2009,1,09,0,0.0228,0.0561
2009,1,10,0,0.1333,0.3282
2009,1,10,1,0.1947,0.4794
2009,1,11,0,0.0064,0.0158
2009,1,11,1,0.0031,0.0076
2009,1,12,0,0.3622,0.8918
2009,1,12,1,0.0363,0.0894
2009,1,13,0,0.0084,0.0207
2009,1,13,1,0.0113,0.0278
2009,1,14,0,0.013,0.032
2009,1,14,1,0.0226,0.0556
2009,1,15,0,0.0188,0.0463
2009,1,15,1,0.2051,0.505
2009,1,16,0,0.0018,0.0044
2009,1,16,1,0.0698,0.1719
2009,1,17,0,0.0,0.0
2009,1,17,1,0.1595,0.3927
2009,1,18,0,0.0942,0.2319
2009,1,18,1,0.0778,0.1916
2009,1,19,0,0.0793,0.1953
2009,1,19,1,0.08,0.197
2009,1,20,0,0.1118,0.2753
2009,1,20,1,0.019,0.0468
2009,1,21,0,0.0163,0.0401
2009,1,21,1,0.0149,0.0367
2009,1,22,0,0.0136,0.0335
2009,1,22,1,0.0047,0.0116
2009,1,23,0,0.001,0.0025
2009,1,23,1,0.0427,0.1051
2009,1,24,0,0.0005,0.0012
2009,1,24,1,0.0,0.0
2009,1,25,0,0.0034,0.0084
2009,1,25,1,0.0,0.0
2009,1,26,0,0.9183,2.2611
2009,1,26,1,0.1861,0.4582
2009,1,27,0,0.0019,0.0047
2009,1,27,1,0.0389,0.0958
2009,1,28,0,0.0134,0.033
2009,1,28,1,0.0,0.0
2009,2,01,0,0.0174,0.0428
2009,2,02,0,0.1688,0.4156
2009,2,02,1,0.0,0.0
2009,2,03,0,0.0607,0.1495
2009,2,04,0,0.1049,0.2583
2009,2,04,1,0.0246,0.0606
2009,2,05,0,0.6494,1.599
2009,2,05,1,0.0165,0.0406
2009,2,06,0,0.1249,0.3075
2009,2,06,1,0.6482,1.596
2009,2,07,0,0.0029,0.0071
2009,2,08,0,0.0004,0.001
2009,2,08,1,0.0408,0.1005
2009,2,09,0,0.0458,0.1128
2009,2,10,0,0.1425,0.3509
2009,2,10,1,0.3056,0.7525
2009,2,11,0,0.0028,0.0069
2009,2,11,1,0.0019,0.0047
2009,2,12,0,0.4638,1.142
2009,2,12,1,0.2111,0.5198
2009,2,13,0,0.0083,0.0204
2009,2,13,1,0.0153,0.0377
2009,2,14,0,0.0144,0.0355
2009,2,14,1,0.0688,0.1694
2009,2,15,0,0.1676,0.4127
2009,2,15,1,0.4184,1.0302
2009,2,16,0,0.0016,0.0039
2009,2,16,1,0.0872,0.2147
2009,2,17,0,0.0007,0.0017
2009,2,17,1,0.3253,0.801
2009,2,18,0,0.2313,0.5695
2009,2,18,1,0.0835,0.2056
2009,2,19,0,0.1151,0.2834
2009,2,19,1,0.1073,0.2642
2009,2,20,0,0.1599,0.3937
2009,2,20,1,0.0711,0.1751
2009,2,21,0,0.0675,0.1662
2009,2,21,1,0.0525,0.1293
2009,2,22,0,0.0118,0.0291
2009,2,22,1,0.0059,0.0145
2009,2,23,0,0.0013,0.0032
2009,2,23,1,0.1522,0.3748
2009,2,24,0,0.0011,0.0027
2009,2,24,1,0.001,0.0025
2009,2,25,0,0.0108,0.0266
2009,2,25,1,0.0008,0.002
2009,2,26,0,1.6792,4.1346
2009,2,26,1,0.3907,0.962
2009,2,27,0,0.0025,0.0062
2009,2,27,1,0.0334,0.0822
2009,2,28,0,0.0059,0.0145
2009,3,01,0,0.0117,0.0288
2009,3,01,1,0.0,0.0
2009,3,02,0,0.1622,0.3994
2009,3,03,0,0.044,0.1083
2009,3,04,0,0.0749,0.1844
2009,3,04,1,0.0208,0.0512
2009,3,05,0,0.6765,1.6657
2009,3,05,1,0.0603,0.1485
2009,3,06,0,0.101,0.2487
2009,3,06,1,0.1923,0.4735
2009,3,07,0,0.0114,0.0281
2009,3,08,0,0.0005,0.0012
2009,3,08,1,0.0038,0.0094
2009,3,09,0,0.0258,0.0635
2009,3,10,0,0.1454,0.358
2009,3,10,1,0.284,0.6993
2009,3,11,0,0.0033,0.0081
2009,3,11,1,0.0022,0.0054
2009,3,12,0,0.4763,1.1728
2009,3,12,1,0.2729,0.672
2009,3,13,0,0.0086,0.0212
2009,3,13,1,0.0138,0.034
2009,3,14,0,0.0091,0.0224
2009,3,14,1,0.0172,0.0424
2009,3,15,0,0.1593,0.3922
2009,3,15,1,0.8278,2.0383
2009,3,16,0,0.0038,0.0094
2009,3,16,1,0.1798,0.4427
2009,3,17,0,0.0004,0.001
2009,3,17,1,0.5226,1.2868
2009,3,18,0,0.3429,0.8443
2009,3,18,1,0.1753,0.4316
2009,3,19,0,0.1128,0.2777
2009,3,19,1,0.1871,0.4607
2009,3,20,0,0.1638,0.4033
2009,3,20,1,0.2058,0.5067
2009,3,21,0,0.0587,0.1445
2009,3,21,1,0.0875,0.2154
2009,3,22,0,0.0144,0.0355
2009,3,22,1,0.0044,0.0108
2009,3,23,0,0.0019,0.0047
2009,3,23,1,0.0785,0.1933
2009,3,24,0,0.0017,0.0042
2009,3,24,1,0.0003,0.0007
2009,3,25,0,0.0029,0.0071
2009,3,25,1,0.0002,0.0005
2009,3,26,0,2.022,4.9787
2009,3,26,1,0.4974,1.2247
2009,3,27,0,0.0058,0.0143
2009,3,27,1,0.0342,0.0842
2009,3,28,0,0.0154,0.0379
2009,4,01,0,0.0166,0.0409
2009,4,02,0,0.1821,0.4484
2009,4,02,1,0.0,0.0
2009,4,03,0,0.0516,0.1271
2009,4,03,1,0.0,0.0
2009,4,04,0,0.0817,0.2012
2009,4,04,1,0.0239,0.0588
2009,4,05,0,2.0711,5.0996
2009,4,05,1,0.0489,0.1204
2009,4,06,0,0.1159,0.2854
2009,4,06,1,0.1701,0.4188
2009,4,07,0,0.0216,0.0532
2009,4,08,0,0.0013,0.0032
2009,4,08,1,0.0659,0.1623
2009,4,09,0,0.0374,0.0921
2009,4,10,0,0.1343,0.3307
2009,4,10,1,0.3325,0.8187
2009,4,11,0,0.0036,0.0089
2009,4,11,1,0.0094,0.0231
2009,4,12,0,0.5868,1.4449
2009,4,12,1,0.5249,1.2924
2009,4,13,0,0.0098,0.0241
2009,4,13,1,0.0108,0.0266
2009,4,14,0,0.0047,0.0116
2009,4,14,1,0.0958,0.2359
2009,4,15,0,0.1051,0.2588
2009,4,15,1,0.6173,1.52
2009,4,16,0,0.001,0.0025
2009,4,16,1,0.1613,0.3972
2009,4,17,0,0.0,0.0
2009,4,17,1,0.6127,1.5086
2009,4,18,0,0.634,1.5611
2009,4,18,1,0.2991,0.7365
2009,4,19,0,0.1581,0.3893
2009,4,19,1,0.1767,0.4351
2009,4,20,0,0.2457,0.605
2009,4,20,1,0.213,0.5245
2009,4,21,0,0.103,0.2536
2009,4,21,1,0.1034,0.2546
2009,4,22,0,0.0124,0.0305
2009,4,22,1,0.0109,0.0268
2009,4,23,0,0.0017,0.0042
2009,4,23,1,0.2009,0.4947
2009,4,24,0,0.0006,0.0015
2009,4,24,1,0.0,0.0
2009,4,25,0,0.0005,0.0012
2009,4,25,1,0.0014,0.0034
2009,4,26,0,3.5769,8.8073
2009,4,26,1,0.6847,1.6859
2009,4,27,0,0.0016,0.0039
2009,4,27,1,0.0784,0.193
2009,4,28,0,0.0249,0.0613
2010,1,01,0,0.013,0.0305
2010,1,01,1,0.0,0.0
2010,1,02,0,0.1514,0.3549
2010,1,03,0,0.0327,0.0767
2010,1,03,1,0.0,0.0
2010,1,04,0,0.0901,0.2112
2010,1,04,1,0.0153,0.0359
2010,1,05,0,1.6475,3.862
2010,1,05,1,0.0187,0.0438
2010,1,06,0,0.0404,0.0947
2010,1,06,1,0.1852,0.4341
2010,1,07,0,0.0105,0.0246
2010,1,08,0,0.001,0.0023
2010,1,08,1,0.0499,0.117
2010,1,09,0,0.0721,0.169
2010,1,10,0,0.1929,0.4522
2010,1,10,1,0.2372,0.556
2010,1,11,0,0.0097,0.0227
2010,1,11,1,0.0059,0.0138
2010,1,12,0,0.5959,1.3969
2010,1,12,1,0.3754,0.88
2010,1,13,0,0.0135,0.0316
2010,1,13,1,0.0142,0.0333
2010,1,14,0,0.0044,0.0103
2010,1,14,1,0.0364,0.0853
2010,1,15,0,0.0752,0.1763
2010,1,15,1,0.718,1.6831
2010,1,16,0,0.0001,0.0002
2010,1,16,1,0.0739,0.1732
2010,1,17,0,0.0,0.0
2010,1,17,1,0.4535,1.0631
2010,1,18,0,0.2862,0.6709
2010,1,18,1,0.1909,0.4475
2010,1,19,0,0.0799,0.1873
2010,1,19,1,0.096,0.225
2010,1,20,0,0.1544,0.3619
2010,1,20,1,0.0035,0.0082
2010,1,21,0,0.0727,0.1704
2010,1,21,1,0.0378,0.0886
2010,1,22,0,0.0142,0.0333
2010,1,22,1,0.0031,0.0073
2010,1,23,0,0.0011,0.0026
2010,1,23,1,0.1236,0.2897
2010,1,24,0,0.0015,0.0035
2010,1,24,1,0.0004,0.0009
2010,1,25,0,0.0038,0.0089
2010,1,25,1,0.0004,0.0009
2010,1,26,0,1.8049,4.2309
2010,1,26,1,0.4836,1.1336
2010,1,27,0,0.0063,0.0148
2010,1,27,1,0.0288,0.0675
2010,1,28,0,0.0117,0.0274
2010,2,01,0,0.0243,0.057
2010,2,02,0,0.2297,0.5384
2010,2,03,0,0.0442,0.1036
2010,2,03,1,0.0003,0.0007
2010,2,04,0,0.1977,0.4634
2010,2,04,1,0.0134,0.0314
2010,2,05,0,0.9178,2.1515
2010,2,05,1,0.0578,0.1355
2010,2,06,0,0.0466,0.1092
2010,2,06,1,0.4174,0.9784
2010,2,07,0,0.0059,0.0138
2010,2,08,0,0.003,0.007
2010,2,08,1,0.0204,0.0478
2010,2,09,0,0.0968,0.2269
2010,2,10,0,0.3144,0.737
2010,2,10,1,0.4514,1.0581
2010,2,11,0,0.006,0.0141
2010,2,11,1,0.0042,0.0098
2010,2,12,0,0.7917,1.8559
2010,2,12,1,0.5568,1.3052
2010,2,13,0,0.0112,0.0263
2010,2,13,1,0.0232,0.0544
2010,2,14,0,0.0078,0.0183
2010,2,14,1,0.0849,0.199
2010,2,15,0,0.161,0.3774
2010,2,15,1,0.442,1.0361
2010,2,16,0,0.0,0.0
2010,2,16,1,0.058,0.136
2010,2,17,0,0.0,0.0
2010,2,17,1,0.4557,1.0682
2010,2,18,0,0.3588,0.8411
2010,2,18,1,0.1355,0.3176
2010,2,19,0,0.1286,0.3015
2010,2,19,1,0.1194,0.2799
2010,2,20,0,0.1877,0.44
2010,2,20,1,0.0696,0.1632
2010,2,21,0,0.0532,0.1247
2010,2,21,1,0.1451,0.3401
2010,2,22,0,0.0096,0.0225
2010,2,22,1,0.0022,0.0052
2010,2,23,0,0.0015,0.0035
2010,2,23,1,0.2508,0.5879
2010,2,24,0,0.0058,0.0136
2010,2,24,1,0.0018,0.0042
2010,2,25,0,0.0034,0.008
2010,2,25,1,0.0,0.0
2010,2,26,0,3.1403,7.3613
2010,2,26,1,0.3223,0.7555
2010,2,27,0,0.0081,0.019
2010,2,27,1,0.1125,0.2637
2010,2,28,0,0.0331,0.0776
2010,3,01,0,0.0295,0.0692
2010,3,02,0,0.3614,0.8472
2010,3,03,0,0.0454,0.1064
2010,3,03,1,0.0,0.0
2010,3,04,0,0.0732,0.1716
2010,3,04,1,0.013,0.0305
2010,3,05,0,1.0621,2.4897
2010,3,05,1,0.0393,0.0921
2010,3,06,0,0.0819,0.192
2010,3,06,1,0.9006,2.1111
2010,3,07,0,0.0075,0.0176
2010,3,08,0,0.0,0.0
2010,3,08,1,0.0936,0.2194
2010,3,09,0,0.1088,0.255
2010,3,10,0,0.3066,0.7187
2010,3,10,1,0.3568,0.8364
2010,3,11,0,0.0036,0.0084
2010,3,11,1,0.0031,0.0073
2010,3,12,0,0.8674,2.0333
2010,3,12,1,0.7621,1.7865
2010,3,13,0,0.0133,0.0312
2010,3,13,1,0.0111,0.026
2010,3,14,0,0.0057,0.0134
2010,3,14,1,0.0299,0.0701
2010,3,15,0,0.3202,0.7506
2010,3,15,1,0.46,1.0783
2010,3,16,0,0.0,0.0
2010,3,16,1,0.0619,0.1451
2010,3,17,0,0.0,0.0
2010,3,17,1,0.5123,1.2009
2010,3,18,0,0.4246,0.9953
2010,3,18,1,0.2164,0.5073
2010,3,19,0,0.1214,0.2846
2010,3,19,1,0.0841,0.1971
2010,3,20,0,0.1699,0.3983
2010,3,20,1,0.1224,0.2869
2010,3,21,0,0.0524,0.1228
2010,3,21,1,0.0893,0.2093
2010,3,22,0,0.015,0.0352
2010,3,22,1,0.0056,0.0131
2010,3,23,0,0.0016,0.0038
2010,3,23,1,0.1141,0.2675
2010,3,24,0,0.0033,0.0077
2010,3,24,1,0.0035,0.0082
2010,3,25,0,0.0057,0.0134
2010,3,25,1,0.0002,0.0005
2010,3,26,0,2.7533,6.4541
2010,3,26,1,0.3247,0.7611
2010,3,27,0,0.0017,0.004
2010,3,27,1,0.0739,0.1732
2010,3,28,0,0.0312,0.0731
2010,4,01,0,0.037,0.0867
2010,4,02,0,0.2207,0.5174
2010,4,03,0,0.0381,0.0893
2010,4,03,1,0.0,0.0
2010,4,04,0,0.1115,0.2614
2010,4,04,1,0.0058,0.0136
2010,4,05,0,3.1603,7.4082
2010,4,05,1,0.0657,0.154
2010,4,06,0,0.1132,0.2654
2010,4,06,1,0.3747,0.8784
2010,4,07,0,0.016,0.0375
2010,4,08,0,0.0011,0.0026
2010,4,08,1,0.0637,0.1493
2010,4,09,0,0.0722,0.1692
2010,4,10,0,0.1429,0.335
2010,4,10,1,0.329,0.7712
2010,4,11,0,0.0031,0.0073
2010,4,11,1,0.0034,0.008
2010,4,12,0,0.8807,2.0645
2010,4,12,1,0.877,2.0558
2010,4,13,0,0.0147,0.0345
2010,4,13,1,0.0117,0.0274
2010,4,14,0,0.007,0.0164
2010,4,14,1,0.037,0.0867
2010,4,15,0,0.1345,0.3153
2010,4,15,1,0.3577,0.8385
2010,4,16,0,0.0009,0.0021
2010,4,16,1,0.0441,0.1034
2010,4,17,0,0.0008,0.0019
2010,4,17,1,0.1994,0.4674
2010,4,18,0,0.4954,1.1613
2010,4,18,1,0.3106,0.7281
2010,4,19,0,0.1511,0.3542
2010,4,19,1,0.2235,0.5239
2010,4,20,0,0.2296,0.5382
2010,4,20,1,0.1551,0.3636
2010,4,21,0,0.054,0.1266
2010,4,21,1,0.0916,0.2147
2010,4,22,0,0.0137,0.0321
2010,4,22,1,0.0157,0.0368
2010,4,23,0,0.0006,0.0014
2010,4,23,1,0.2171,0.5089
2010,4,24,0,0.0196,0.0459
2010,4,24,1,-0.0011,-0.0026
2010,4,25,0,0.004,0.0094
2010,4,25,1,0.0,0.0
2010,4,26,0,4.2619,9.9905
2010,4,26,1,0.8156,1.9119
2010,4,27,0,0.0019,0.0045
2010,4,27,1,0.0552,0.1294
2010,4,28,0,0.0262,0.0614
2011,1,01,0,0.0357,0.0785
2011,1,02,0,0.1745,0.3836
2011,1,03,0,0.0403,0.0886
2011,1,04,0,0.1073,0.2359
2011,1,04,1,0.0004,0.0009
2011,1,05,0,1.0142,2.2295
2011,1,05,1,0.0142,0.0312
2011,1,06,0,0.0374,0.0822
2011,1,06,1,0.152,0.3341
2011,1,07,0,0.0022,0.0048
2011,1,08,0,0.0003,0.0007
2011,1,08,1,0.0258,0.0567
2011,1,09,0,0.0323,0.071
2011,1,10,0,0.1568,0.3447
2011,1,10,1,0.3779,0.8307
2011,1,11,0,0.0027,0.0059
2011,1,11,1,0.0048,0.0106
2011,1,12,0,0.8545,1.8784
2011,1,12,1,0.5397,1.1864
2011,1,13,0,0.0107,0.0235
2011,1,13,1,0.0026,0.0057
2011,1,14,0,0.0167,0.0367
2011,1,14,1,0.0342,0.0752
2011,1,15,0,0.1237,0.2719
2011,1,15,1,0.2113,0.4645
2011,1,16,0,0.0002,0.0004
2011,1,16,1,0.0411,0.0903
2011,1,17,0,0.0,0.0
2011,1,17,1,0.254,0.5584
2011,1,18,0,0.1996,0.4388
2011,1,18,1,0.1252,0.2752
2011,1,19,0,0.1057,0.2324
2011,1,19,1,0.0579,0.1273
2011,1,20,0,0.1427,0.3137
2011,1,20,1,0.0167,0.0367
2011,1,21,0,0.0368,0.0809
2011,1,21,1,0.0074,0.0163
2011,1,22,0,0.0219,0.0481
2011,1,22,1,0.0001,0.0002
2011,1,23,0,0.0,0.0
2011,1,23,1,0.0296,0.0651
2011,1,24,0,0.0081,0.0178
2011,1,24,1,0.0,0.0
2011,1,25,0,0.0042,0.0092
2011,1,25,1,0.0,0.0
2011,1,26,0,2.9583,6.5031
2011,1,26,1,0.2008,0.4414
2011,1,27,0,0.0018,0.004
2011,1,27,1,0.0144,0.0317
2011,1,28,0,0.0238,0.0523
2011,2,01,0,0.0388,0.0853
2011,2,02,0,0.2523,0.5546
2011,2,03,0,0.0491,0.1079
2011,2,04,0,0.1414,0.3108
2011,2,04,1,0.0206,0.0453
2011,2,05,0,1.2847,2.8241
2011,2,05,1,0.0244,0.0536
2011,2,06,0,0.1047,0.2302
2011,2,06,1,0.1279,0.2812
2011,2,07,0,0.0028,0.0062
2011,2,08,0,0.0002,0.0004
2011,2,08,1,0.0297,0.0653
2011,2,09,0,0.064,0.1407
2011,2,10,0,0.1201,0.264
2011,2,10,1,0.4299,0.945
2011,2,11,0,0.0027,0.0059
2011,2,11,1,0.0076,0.0167
2011,2,12,0,0.793,1.7432
2011,2,12,1,0.4032,0.8863
2011,2,13,0,0.0212,0.0466
2011,2,13,1,0.0139,0.0306
2011,2,14,0,0.0175,0.0385
2011,2,14,1,0.0258,0.0567
2011,2,15,0,0.1263,0.2776
2011,2,15,1,0.4637,1.0193
2011,2,16,0,0.0061,0.0134
2011,2,16,1,0.0692,0.1521
2011,2,17,0,0.0012,0.0026
2011,2,17,1,0.3103,0.6821
2011,2,18,0,0.2024,0.4449
2011,2,18,1,0.3366,0.7399
2011,2,19,0,0.1207,0.2653
2011,2,19,1,0.1164,0.2559
2011,2,20,0,0.144,0.3165
2011,2,20,1,0.1734,0.3812
2011,2,21,0,0.0703,0.1545
2011,2,21,1,0.0714,0.157
2011,2,22,0,0.0184,0.0404
2011,2,22,1,0.0028,0.0062
2011,2,23,0,0.0001,0.0002
2011,2,23,1,0.1863,0.4095
2011,2,24,0,0.0025,0.0055
2011,2,24,1,0.0,0.0
2011,2,25,0,0.0024,0.0053
2011,2,25,1,0.0,0.0
2011,2,26,0,2.6715,5.8726
2011,2,26,1,0.3873,0.8514
2011,2,27,0,0.0097,0.0213
2011,2,27,1,0.0274,0.0602
2011,2,28,0,0.041,0.0901
2011,3,01,0,0.0358,0.0787
2011,3,02,0,0.187,0.4111
2011,3,03,0,0.0347,0.0763
2011,3,03,1,0.0,0.0
2011,3,04,0,0.1694,0.3724
2011,3,04,1,0.0112,0.0246
2011,3,05,0,1.407,3.093
2011,3,05,1,0.0299,0.0657
2011,3,06,0,0.1097,0.2411
2011,3,06,1,0.1306,0.2871
2011,3,07,0,0.0057,0.0125
2011,3,08,0,0.0001,0.0002
2011,3,08,1,0.0668,0.1468
2011,3,09,0,0.052,0.1143
2011,3,10,0,0.1082,0.2379
2011,3,10,1,0.4155,0.9134
2011,3,11,0,0.0029,0.0064
2011,3,11,1,0.0049,0.0108
2011,3,12,0,0.8309,1.8265
2011,3,12,1,0.7609,1.6727
2011,3,13,0,0.0131,0.0288
2011,3,13,1,0.0083,0.0182
2011,3,14,0,0.0103,0.0226
2011,3,14,1,0.0027,0.0059
2011,3,15,0,0.0934,0.2053
2011,3,15,1,0.4449,0.978
2011,3,16,0,0.0,0.0
2011,3,16,1,0.0698,0.1534
2011,3,17,0,0.0018,0.004
2011,3,17,1,0.2626,0.5773
2011,3,18,0,0.2877,0.6324
2011,3,18,1,0.0155,0.0341
2011,3,19,0,0.0962,0.2115
2011,3,19,1,0.1735,0.3814
2011,3,20,0,0.1143,0.2513
2011,3,20,1,0.2519,0.5537
2011,3,21,0,0.0624,0.1372
2011,3,21,1,0.1607,0.3533
2011,3,22,0,0.0138,0.0303
2011,3,22,1,0.0027,0.0059
2011,3,23,0,0.0,0.0
2011,3,23,1,0.105,0.2308
2011,3,24,0,0.0079,0.0174
2011,3,24,1,0.0033,0.0073
2011,3,25,0,0.0026,0.0057
2011,3,25,1,0.0001,0.0002
2011,3,26,0,2.7273,5.9953
2011,3,26,1,0.1778,0.3909
2011,3,27,0,0.0008,0.0018
2011,3,27,1,0.0307,0.0675
2011,3,28,0,0.0363,0.0798
2011,4,01,0,0.0272,0.0598
2011,4,02,0,0.2926,0.6432
2011,4,03,0,0.0302,0.0664
2011,4,03,1,0.0,0.0
2011,4,04,0,0.1609,0.3537
2011,4,04,1,0.0119,0.0262
2011,4,05,0,2.7255,5.9914
2011,4,05,1,0.0412,0.0906
2011,4,06,0,0.093,0.2044
2011,4,06,1,0.3243,0.7129
2011,4,07,0,0.0192,0.0422
2011,4,08,0,0.0011,0.0024
2011,4,08,1,0.2648,0.5821
2011,4,09,0,0.0273,0.06
2011,4,10,0,0.1416,0.3113
2011,4,10,1,0.6364,1.399
2011,4,11,0,0.0039,0.0086
2011,4,11,1,0.0063,0.0138
2011,4,12,0,0.8296,1.8237
2011,4,12,1,0.9746,2.1424
2011,4,13,0,0.0141,0.031
2011,4,13,1,0.0172,0.0378
2011,4,14,0,0.011,0.0242
2011,4,14,1,0.0781,0.1717
2011,4,15,0,0.2879,0.6329
2011,4,15,1,0.5426,1.1928
2011,4,16,0,0.0,0.0
2011,4,16,1,0.1064,0.2339
2011,4,17,0,0.0007,0.0015
2011,4,17,1,0.3409,0.7494
2011,4,18,0,0.3745,0.8232
2011,4,18,1,0.1649,0.3625
2011,4,19,0,0.204,0.4484
2011,4,19,1,0.0425,0.0934
2011,4,20,0,0.1305,0.2869
2011,4,20,1,0.4095,0.9002
2011,4,21,0,0.0764,0.1679
2011,4,21,1,0.0927,0.2038
2011,4,22,0,0.0245,0.0539
2011,4,22,1,0.0176,0.0387
2011,4,23,0,0.0014,0.0031
2011,4,23,1,0.2451,0.5388
2011,4,24,0,0.0128,0.0281
2011,4,24,1,0.0031,0.0068
2011,4,25,0,0.0021,0.0046
2011,4,26,0,3.3717,7.4119
2011,4,26,1,1.1904,2.6168
2011,4,27,0,0.0292,0.0642
2011,4,27,1,0.1633,0.359
2011,4,28,0,0.0631,0.1387
2012,1,01,0,0.0171,0.0357
2012,1,01,1,0.0,0.0
2012,1,02,0,0.2627,0.5479
2012,1,02,1,0.0,0.0
2012,1,03,0,0.0456,0.0951
2012,1,03,1,0.0001,0.0002
2012,1,04,0,0.094,0.196
2012,1,04,1,0.005,0.0104
2012,1,05,0,1.1692,2.4384
2012,1,05,1,0.0379,0.079
2012,1,06,0,0.037,0.0772
2012,1,06,1,0.1479,0.3085
2012,1,07,0,0.0081,0.0169
2012,1,08,0,0.0007,0.0015
2012,1,08,1,0.0841,0.1754
2012,1,09,0,0.0239,0.0498
2012,1,10,0,0.067,0.1397
2012,1,10,1,0.5736,1.1963
2012,1,11,0,0.0032,0.0067
2012,1,11,1,0.0039,0.0081
2012,1,12,0,0.9869,2.0582
2012,1,12,1,0.5191,1.0826
2012,1,13,0,0.0073,0.0152
2012,1,13,1,0.0056,0.0117
2012,1,14,0,0.0097,0.0202
2012,1,14,1,0.0188,0.0392
2012,1,15,0,0.0971,0.2025
2012,1,15,1,0.1792,0.3737
2012,1,16,0,0.0,0.0
2012,1,16,1,0.0748,0.156
2012,1,17,0,0.0002,0.0004
2012,1,17,1,0.2207,0.4603
2012,1,18,0,0.2425,0.5057
2012,1,18,1,0.2522,0.526
2012,1,19,0,0.0871,0.1817
2012,1,19,1,0.0414,0.0863
2012,1,20,0,0.1098,0.229
2012,1,20,1,0.0283,0.059
2012,1,21,0,0.0231,0.0482
2012,1,21,1,0.03,0.0626
2012,1,22,0,0.0198,0.0413
2012,1,22,1,0.0066,0.0138
2012,1,23,0,0.0037,0.0077
2012,1,23,1,0.1201,0.2505
2012,1,24,0,0.004,0.0083
2012,1,24,1,0.0013,0.0027
2012,1,25,0,0.0049,0.0102
2012,1,25,1,0.0,0.0
2012,1,26,0,1.3149,2.7423
2012,1,26,1,0.2566,0.5352
2012,1,27,0,0.0035,0.0073
2012,1,27,1,0.0409,0.0853
2012,1,28,0,0.055,0.1147
2012,2,01,0,0.0278,0.058
2012,2,02,0,0.2446,0.5101
2012,2,03,0,0.0566,0.118
2012,2,04,0,0.1223,0.2551
2012,2,04,1,0.0051,0.0106
2012,2,05,0,1.335,2.7842
2012,2,05,1,0.0438,0.0913
2012,2,05,2,0.0,0.0
2012,2,06,0,0.0662,0.1381
2012,2,06,1,0.0974,0.2031
2012,2,07,0,0.0142,0.0296
2012,2,08,0,0.001,0.0021
2012,2,08,1,0.1621,0.3381
2012,2,09,0,0.0219,0.0457
2012,2,10,0,0.1314,0.274
2012,2,10,1,1.0174,2.1219
2012,2,11,0,0.0032,0.0067
2012,2,11,1,0.0051,0.0106
2012,2,12,0,0.9722,2.0276
2012,2,12,1,2.0692,4.3154
2012,2,13,0,0.0109,0.0227
2012,2,13,1,0.0189,0.0394
2012,2,14,0,0.0106,0.0221
2012,2,14,1,0.0734,0.1531
2012,2,14,2,0.0,0.0
2012,2,15,0,0.1141,0.238
2012,2,15,1,0.3942,0.8221
2012,2,16,0,0.0,0.0
2012,2,16,1,0.1174,0.2448
2012,2,17,0,0.0002,0.0004
2012,2,17,1,0.303,0.6319
2012,2,18,0,0.3159,0.6588
2012,2,18,1,0.0806,0.1681
2012,2,18,2,0.0,0.0
2012,2,19,0,0.1357,0.283
2012,2,19,1,0.2404,0.5014
2012,2,20,0,0.0975,0.2033
2012,2,20,1,0.2064,0.4305
2012,2,21,0,0.1264,0.2636
2012,2,21,1,0.1389,0.2897
2012,2,22,0,0.0173,0.0361
2012,2,22,1,0.019,0.0396
2012,2,23,0,0.0075,0.0156
2012,2,23,1,0.283,0.5902
2012,2,24,0,0.0151,0.0315
2012,2,24,1,0.0032,0.0067
2012,2,25,0,0.0064,0.0133
2012,2,25,1,0.0,0.0
2012,2,26,0,2.0033,4.178
2012,2,26,1,0.3466,0.7229
2012,2,26,2,0.0,0.0
2012,2,27,0,0.0079,0.0165
2012,2,27,1,0.0479,0.0999
2012,2,28,0,0.0213,0.0444
2012,3,01,0,0.0286,0.0596
2012,3,02,0,0.2423,0.5053
2012,3,03,0,0.0598,0.1247
2012,3,03,1,0.0,0.0
2012,3,04,0,0.0786,0.1639
2012,3,04,1,0.0086,0.0179
2012,3,05,0,1.9133,3.9903
2012,3,05,1,0.029,0.0605
2012,3,05,2,0.0,0.0
2012,3,06,0,0.1071,0.2234
2012,3,06,1,0.0972,0.2027
2012,3,07,0,0.0088,0.0184
2012,3,08,0,0.0038,0.0079
2012,3,08,1,0.0905,0.1887
2012,3,09,0,0.0243,0.0507
2012,3,10,0,0.1464,0.3053
2012,3,10,1,0.4807,1.0025
2012,3,10,2,0.0,0.0
2012,3,11,0,0.0015,0.0031
2012,3,11,1,0.0031,0.0065
2012,3,12,0,0.8093,1.6878
2012,3,12,1,1.6571,3.456
2012,3,13,0,0.0067,0.014
2012,3,13,1,0.0357,0.0745
2012,3,14,0,0.0074,0.0154
2012,3,14,1,0.0173,0.0361
2012,3,14,2,0.0014,0.0029
2012,3,15,0,0.0908,0.1894
2012,3,15,1,0.515,1.0741
2012,3,16,0,0.0,0.0
2012,3,16,1,0.1126,0.2348
2012,3,17,0,0.0,0.0
2012,3,17,1,0.3345,0.6976
2012,3,18,0,0.3017,0.6292
2012,3,18,1,0.5509,1.1489
2012,3,18,2,0.0,0.0
2012,3,19,0,0.0858,0.1789
2012,3,19,1,0.0814,0.1698
2012,3,20,0,0.1002,0.209
2012,3,20,1,0.0909,0.1896
2012,3,21,0,0.133,0.2774
2012,3,21,1,0.0525,0.1095
2012,3,22,0,0.014,0.0292
2012,3,22,1,0.0011,0.0023
2012,3,23,0,0.0009,0.0019
2012,3,23,1,0.2095,0.4369
2012,3,24,0,0.0128,0.0267
2012,3,24,1,0.0023,0.0048
2012,3,25,0,0.0021,0.0044
2012,3,25,1,0.0,0.0
2012,3,26,0,2.3121,4.822
2012,3,26,1,0.1631,0.3402
2012,3,26,2,0.7911,1.6499
2012,3,27,0,0.0011,0.0023
2012,3,27,1,0.0654,0.1364
2012,3,28,0,0.0589,0.1228
2012,4,01,0,0.024,0.0501
2012,4,01,1,0.0,0.0
2012,4,02,0,0.1855,0.3869
2012,4,02,1,0.0,0.0
2012,4,03,0,0.0425,0.0886
2012,4,03,1,0.0003,0.0006
2012,4,04,0,0.1457,0.3039
2012,4,04,1,0.0122,0.0254
2012,4,05,0,3.1748,6.6212
2012,4,05,1,0.0286,0.0596
2012,4,05,2,0.0064,0.0133
2012,4,06,0,0.1031,0.215
2012,4,06,1,0.4368,0.911
2012,4,07,0,0.0141,0.0294
2012,4,08,0,0.0154,0.0321
2012,4,08,1,0.2176,0.4538
2012,4,09,0,0.0407,0.0849
2012,4,10,0,0.2547,0.5312
2012,4,10,1,0.9091,1.896
2012,4,10,2,0.0,0.0
2012,4,11,0,0.0027,0.0056
2012,4,11,1,0.0068,0.0142
2012,4,11,2,0.0005,0.001
2012,4,12,0,0.9604,2.003
2012,4,12,1,1.716,3.5788
2012,4,13,0,0.0157,0.0327
2012,4,13,1,0.0477,0.0995
2012,4,14,0,0.0114,0.0238
2012,4,14,1,0.0076,0.0159
2012,4,14,2,0.0023,0.0048
2012,4,15,0,0.0944,0.1969
2012,4,15,1,0.7429,1.5494
2012,4,16,0,0.0,0.0
2012,4,16,1,0.115,0.2398
2012,4,17,0,0.001,0.0021
2012,4,17,1,0.703,1.4662
2012,4,18,0,0.3775,0.7873
2012,4,18,1,0.2019,0.4211
2012,4,18,2,0.0,0.0
2012,4,19,0,0.1718,0.3583
2012,4,19,1,0.1191,0.2484
2012,4,19,2,0.0,0.0
2012,4,20,0,0.1464,0.3053
2012,4,20,1,0.2031,0.4236
2012,4,21,0,0.0321,0.0669
2012,4,21,1,0.0911,0.19
2012,4,22,0,0.0324,0.0676
2012,4,22,1,0.0261,0.0544
2012,4,22,2,0.0,0.0
2012,4,23,0,0.0069,0.0144
2012,4,23,1,0.3496,0.7291
2012,4,23,2,0.0,0.0
2012,4,24,0,0.0046,0.0096
2012,4,24,1,0.0012,0.0025
2012,4,25,0,0.0099,0.0206
2012,4,25,1,0.0,0.0
2012,4,26,0,3.0234,6.3055
2012,4,26,1,0.4626,0.9648
2012,4,26,2,0.4813,1.0038
2012,4,27,0,0.0158,0.033
2012,4,27,1,0.1528,0.3187
2012,4,28,0,0.0772,0.161
2013,1,01,0,0.0177,0.0348
2013,1,02,0,0.199,0.3908
2013,1,02,1,0.0,0.0
2013,1,03,0,0.0431,0.0846
2013,1,04,0,0.0796,0.1563
2013,1,04,1,0.3372,0.6622
2013,1,05,0,1.4089,2.7667
2013,1,05,1,0.0076,0.0149
2013,1,05,2,0.004,0.0079
2013,1,06,0,0.1057,0.2076
2013,1,06,1,0.0454,0.0892
2013,1,07,0,0.0042,0.0082
2013,1,08,0,0.0147,0.0289
2013,1,08,1,0.157,0.3083
2013,1,09,0,0.0339,0.0666
2013,1,10,0,0.2249,0.4416
2013,1,10,1,0.378,0.7423
2013,1,10,2,0.0,0.0
2013,1,11,0,0.0145,0.0285
2013,1,11,1,0.0029,0.0057
2013,1,12,0,0.987,1.9382
2013,1,12,1,0.3915,0.7688
2013,1,13,0,0.0095,0.0187
2013,1,13,1,0.0517,0.1015
2013,1,14,0,0.0126,0.0247
2013,1,14,1,0.0049,0.0096
2013,1,14,2,0.0029,0.0057
2013,1,15,0,0.1501,0.2948
2013,1,15,1,0.3333,0.6545
2013,1,16,1,0.0514,0.1009
2013,1,17,0,0.0002,0.0004
2013,1,17,1,0.2357,0.4629
2013,1,18,0,0.2721,0.5343
2013,1,18,1,0.0749,0.1471
2013,1,18,2,0.0003,0.0006
2013,1,19,0,0.09,0.1767
2013,1,19,1,0.0885,0.1738
2013,1,19,2,0.0003,0.0006
2013,1,20,0,0.1293,0.2539
2013,1,20,1,0.1109,0.2178
2013,1,21,0,0.0661,0.1298
2013,1,21,1,0.0296,0.0581
2013,1,22,0,0.0199,0.0391
2013,1,22,1,0.0012,0.0024
2013,1,22,2,0.0,0.0
2013,1,23,0,0.0033,0.0065
2013,1,23,1,0.0676,0.1327
2013,1,24,0,0.009,0.0177
2013,1,24,1,0.0143,0.0281
2013,1,25,0,0.0055,0.0108
2013,1,25,1,0.0002,0.0004
2013,1,26,0,1.4985,2.9426
2013,1,26,1,0.035,0.0687
2013,1,26,2,0.0649,0.1274
2013,1,27,0,0.0169,0.0332
2013,1,27,1,0.0793,0.1557
2013,1,28,0,0.0436,0.0856
2013,2,01,0,0.0245,0.0481
2013,2,01,1,0.0,0.0
2013,2,02,0,0.2349,0.4613
2013,2,02,1,0.0,0.0
2013,2,03,0,0.0669,0.1314
2013,2,04,0,0.2002,0.3931
2013,2,04,1,0.3298,0.6476
2013,2,05,0,1.9525,3.8342
2013,2,05,1,0.0335,0.0658
2013,2,05,2,0.0046,0.009
2013,2,06,0,0.1732,0.3401
2013,2,06,1,0.1685,0.3309
2013,2,07,0,0.01,0.0196
2013,2,08,0,0.0077,0.0151
2013,2,08,1,0.1227,0.2409
2013,2,09,0,0.0347,0.0681
2013,2,10,0,0.2291,0.4499
2013,2,10,1,0.7427,1.4585
2013,2,10,2,0.0025,0.0049
2013,2,11,0,0.0017,0.0033
2013,2,11,1,0.0016,0.0031
2013,2,12,0,1.0865,2.1336
2013,2,12,1,0.8807,1.7295
2013,2,13,0,0.0077,0.0151
2013,2,13,1,0.0675,0.1326
2013,2,14,0,0.018,0.0353
2013,2,14,1,0.0103,0.0202
2013,2,14,2,0.0028,0.0055
2013,2,15,0,0.1054,0.207
2013,2,15,1,0.3859,0.7578
2013,2,16,0,0.0,0.0
2013,2,16,1,0.0872,0.1712
2013,2,17,0,0.0051,0.01
2013,2,17,1,0.546,1.0722
2013,2,18,0,0.3862,0.7584
2013,2,18,1,1.0357,2.0338
2013,2,18,2,0.0013,0.0026
2013,2,19,0,0.1396,0.2741
2013,2,19,1,0.106,0.2082
2013,2,20,0,0.1167,0.2292
2013,2,20,1,0.0671,0.1318
2013,2,21,0,0.3149,0.6184
2013,2,21,1,0.0422,0.0829
2013,2,22,0,0.022,0.0432
2013,2,22,1,0.0091,0.0179
2013,2,22,2,0.0015,0.0029
2013,2,23,0,0.005,0.0098
2013,2,23,1,0.1179,0.2315
2013,2,24,0,0.015,0.0295
2013,2,24,1,0.0013,0.0026
2013,2,25,0,0.0126,0.0247
2013,2,25,1,0.0,0.0
2013,2,25,2,0.0003,0.0006
2013,2,26,0,2.11,4.1435
2013,2,26,1,0.0197,0.0387
2013,2,26,2,0.2967,0.5826
2013,2,27,0,0.0099,0.0194
2013,2,27,1,0.0428,0.084
2013,2,28,0,0.0486,0.0954
2013,3,01,0,0.0285,0.056
2013,3,02,0,0.1674,0.3287
2013,3,03,0,0.0605,0.1188
2013,3,04,0,0.247,0.485
2013,3,04,1,0.0341,0.067
2013,3,05,0,2.1185,4.1602
2013,3,05,1,0.008,0.0157
2013,3,05,2,0.0335,0.0658
2013,3,06,0,0.2528,0.4964
2013,3,06,1,0.0794,0.1559
2013,3,07,0,0.0061,0.012
2013,3,08,0,0.0042,0.0082
2013,3,08,1,0.047,0.0923
2013,3,09,0,0.0391,0.0768
2013,3,10,0,0.2592,0.509
2013,3,10,1,1.1824,2.3219
2013,3,10,2,0.0059,0.0116
2013,3,11,0,0.0012,0.0024
2013,3,11,1,0.0034,0.0067
2013,3,12,0,1.0813,2.1234
2013,3,12,1,0.512,1.0054
2013,3,12,2,0.001,0.002
2013,3,13,0,0.0133,0.0261
2013,3,13,1,0.0625,0.1227
2013,3,14,0,0.0245,0.0481
2013,3,14,1,0.0104,0.0204
2013,3,14,2,0.0,0.0
2013,3,15,0,0.1346,0.2643
2013,3,15,1,0.2125,0.4173
2013,3,16,0,0.0,0.0
2013,3,16,1,0.0431,0.0846
2013,3,17,0,0.0176,0.0346
2013,3,17,1,0.3615,0.7099
2013,3,18,0,0.427,0.8385
2013,3,18,1,0.3512,0.6897
2013,3,18,2,0.0002,0.0004
2013,3,19,0,0.1113,0.2186
2013,3,19,1,0.1236,0.2427
2013,3,19,2,0.0008,0.0016
2013,3,20,0,0.1262,0.2478
2013,3,20,1,0.145,0.2847
2013,3,21,0,0.5705,1.1203
2013,3,21,1,0.0931,0.1828
2013,3,22,0,0.018,0.0353
2013,3,22,1,0.0023,0.0045
2013,3,23,0,0.0037,0.0073
2013,3,23,1,0.1172,0.2301
2013,3,24,0,0.0094,0.0185
2013,3,24,1,0.0001,0.0002
2013,3,25,0,0.0093,0.0183
2013,3,25,1,0.0,0.0
2013,3,25,2,0.0,0.0
2013,3,26,0,2.7982,5.4949
2013,3,26,1,0.0165,0.0324
2013,3,26,2,0.0035,0.0069
2013,3,27,0,0.0134,0.0263
2013,3,27,1,0.0735,0.1443
2013,3,28,0,0.0839,0.1648
2013,4,01,0,0.0208,0.0408
2013,4,02,0,0.1791,0.3517
2013,4,03,0,0.0404,0.0793
2013,4,04,0,0.3778,0.7419
2013,4,04,1,0.0026,0.0051
2013,4,05,0,2.5071,4.9233
2013,4,05,1,0.0062,0.0122
2013,4,05,2,0.0725,0.1424
2013,4,06,0,0.2619,0.5143
2013,4,06,1,0.3686,0.7238
2013,4,07,0,0.0076,0.0149
2013,4,08,0,0.009,0.0177
2013,4,08,1,0.0776,0.1524
2013,4,09,0,0.0316,0.0621
2013,4,10,0,0.2349,0.4613
2013,4,10,1,0.7787,1.5292
2013,4,10,2,0.0,0.0
2013,4,11,0,0.0026,0.0051
2013,4,11,1,0.0044,0.0086
2013,4,12,0,1.0201,2.0032
2013,4,12,1,0.8056,1.582
2013,4,13,0,0.0187,0.0367
2013,4,13,1,0.0568,0.1115
2013,4,14,0,0.0291,0.0571
2013,4,14,1,0.0049,0.0096
2013,4,14,2,0.0026,0.0051
2013,4,15,0,0.0652,0.128
2013,4,15,1,0.4075,0.8002
2013,4,16,0,0.0,0.0
2013,4,16,1,0.0336,0.066
2013,4,17,0,0.0214,0.042
2013,4,17,1,0.4614,0.9061
2013,4,18,0,0.5716,1.1225
2013,4,18,1,0.1833,0.36
2013,4,18,2,0.0011,0.0022
2013,4,19,0,0.1494,0.2934
2013,4,19,1,0.0856,0.1681
2013,4,19,2,0.0,0.0
2013,4,20,0,0.121,0.2376
2013,4,20,1,0.059,0.1159
2013,4,21,0,0.4899,0.962
2013,4,21,1,0.0871,0.171
2013,4,22,0,0.0171,0.0336
2013,4,22,1,0.0366,0.0719
2013,4,22,2,0.013,0.0255
2013,4,23,0,0.0061,0.012
2013,4,23,1,0.144,0.2828
2013,4,24,0,0.0161,0.0316
2013,4,24,1,0.0007,0.0014
2013,4,25,0,0.0204,0.0401
2013,4,25,1,0.011,0.0216
2013,4,25,2,0.0005,0.001
2013,4,26,0,4.2776,8.4
2013,4,26,1,0.0179,0.0352
2013,4,26,2,0.2176,0.4273
2013,4,27,0,0.0223,0.0438
2013,4,27,1,0.1164,0.2286
2013,4,28,0,0.0633,0.1243
2014,1,01,0,0.0335,0.0619
2014,1,02,0,0.1841,0.34
2014,1,03,0,0.0466,0.0861
2014,1,04,0,0.4358,0.8049
2014,1,04,1,0.0027,0.005
2014,1,05,0,2.3886,4.4114
2014,1,05,1,0.0009,0.0017
2014,1,05,2,0.0,0.0
2014,1,06,0,0.1432,0.2645
2014,1,06,1,0.058,0.1071
2014,1,07,0,0.0025,0.0046
2014,1,08,0,0.006,0.0111
2014,1,08,1,0.1901,0.3511
2014,1,09,0,0.0232,0.0428
2014,1,10,0,0.2049,0.3784
2014,1,10,1,0.9316,1.7205
2014,1,10,2,0.0004,0.0007
2014,1,11,0,0.0031,0.0057
2014,1,11,1,0.0053,0.0098
2014,1,12,0,0.9188,1.6969
2014,1,12,1,1.1236,2.0751
2014,1,13,0,0.0176,0.0325
2014,1,13,1,0.0843,0.1557
2014,1,14,0,0.026,0.048
2014,1,14,1,0.0107,0.0198
2014,1,14,2,0.0019,0.0035
2014,1,15,0,0.0965,0.1782
2014,1,15,1,0.218,0.4026
2014,1,16,1,0.044,0.0813
2014,1,17,0,0.0096,0.0177
2014,1,17,1,0.3684,0.6804
2014,1,18,0,0.2903,0.5361
2014,1,18,1,0.1604,0.2962
2014,1,18,2,0.0,0.0
2014,1,19,0,0.0931,0.1719
2014,1,19,1,0.0226,0.0417
2014,1,20,0,0.0812,0.15
2014,1,20,1,0.0569,0.1051
2014,1,21,0,1.0859,2.0055
2014,1,21,1,0.0595,0.1099
2014,1,22,0,0.0145,0.0268
2014,1,22,1,0.0012,0.0022
2014,1,23,0,0.0113,0.0209
2014,1,23,1,0.0583,0.1077
2014,1,24,0,0.0199,0.0368
2014,1,24,1,0.0039,0.0072
2014,1,25,0,0.012,0.0222
2014,1,25,1,0.0,0.0
2014,1,26,0,2.5975,4.7972
2014,1,26,1,0.0241,0.0445
2014,1,26,2,0.2837,0.5239
2014,1,27,0,0.0439,0.0811
2014,1,27,1,0.1226,0.2264
2014,1,28,0,0.0394,0.0728
2014,2,01,0,0.0367,0.0678
2014,2,02,0,0.2591,0.4785
2014,2,03,0,0.0671,0.1239
2014,2,04,0,0.3179,0.5871
2014,2,04,1,0.0009,0.0017
2014,2,05,0,2.4748,4.5706
2014,2,05,1,0.0028,0.0052
2014,2,05,2,0.0653,0.1206
2014,2,06,0,0.2889,0.5336
2014,2,06,1,0.0642,0.1186
2014,2,07,0,0.0069,0.0127
2014,2,08,0,0.008,0.0148
2014,2,08,1,0.235,0.434
2014,2,09,0,0.0426,0.0787
2014,2,10,0,0.2197,0.4058
2014,2,10,1,0.7977,1.4732
2014,2,10,2,0.0001,0.0002
2014,2,11,0,0.0019,0.0035
2014,2,11,1,0.0057,0.0105
2014,2,12,0,1.1588,2.1401
2014,2,12,1,0.9905,1.8293
2014,2,13,0,0.015,0.0277
2014,2,13,1,0.0788,0.1455
2014,2,14,0,0.0376,0.0694
2014,2,14,1,0.042,0.0776
2014,2,14,2,0.0045,0.0083
2014,2,15,0,0.0557,0.1029
2014,2,15,1,0.4156,0.7675
2014,2,16,0,0.0,0.0
2014,2,16,1,0.0297,0.0549
2014,2,17,0,0.0219,0.0404
2014,2,17,1,0.4117,0.7603
2014,2,18,0,0.5517,1.0189
2014,2,18,1,0.2429,0.4486
2014,2,18,2,0.0025,0.0046
2014,2,19,0,0.1521,0.2809
2014,2,19,1,0.2009,0.371
2014,2,19,2,0.0026,0.0048
2014,2,20,0,0.1743,0.3219
2014,2,20,1,0.2744,0.5068
2014,2,21,0,1.0733,1.9822
2014,2,21,1,0.1699,0.3138
2014,2,22,0,0.0209,0.0386
2014,2,22,1,0.0022,0.0041
2014,2,22,2,0.0225,0.0416
2014,2,23,0,0.0071,0.0131
2014,2,23,1,0.1916,0.3539
2014,2,24,0,0.0388,0.0717
2014,2,24,1,0.0,0.0
2014,2,25,0,0.0125,0.0231
2014,2,25,1,0.0098,0.0181
2014,2,25,2,0.0003,0.0006
2014,2,26,0,2.8991,5.3542
2014,2,26,1,0.0729,0.1346
2014,2,26,2,0.1584,0.2925
2014,2,27,0,0.0849,0.1568
2014,2,27,1,0.2873,0.5306
2014,2,28,0,0.0236,0.0436
2014,3,01,0,0.0391,0.0722
2014,3,02,0,0.2699,0.4985
2014,3,03,0,0.0582,0.1075
2014,3,04,0,0.5119,0.9454
2014,3,04,1,0.0036,0.0066
2014,3,05,0,2.7132,5.0108
2014,3,05,1,0.0229,0.0423
2014,3,05,2,0.0297,0.0549
2014,3,06,0,0.2802,0.5175
2014,3,06,1,0.0581,0.1073
2014,3,07,0,0.0038,0.007
2014,3,08,0,0.0057,0.0105
2014,3,08,1,0.229,0.4229
2014,3,09,0,0.0693,0.128
2014,3,10,0,0.2326,0.4296
2014,3,10,1,1.1408,2.1069
2014,3,11,0,0.0034,0.0063
2014,3,11,1,0.0059,0.0109
2014,3,12,0,1.2166,2.2469
2014,3,12,1,1.7022,3.1437
2014,3,13,0,0.0155,0.0286
2014,3,13,1,0.0628,0.116
2014,3,14,0,0.0522,0.0964
2014,3,14,1,0.0986,0.1821
2014,3,14,2,0.0021,0.0039
2014,3,15,0,0.1011,0.1867
2014,3,15,1,0.3145,0.5808
2014,3,16,0,0.0011,0.002
2014,3,16,1,0.0617,0.1139
2014,3,17,0,0.0318,0.0587
2014,3,17,1,0.6203,1.1456
2014,3,18,0,0.784,1.4479
2014,3,18,1,0.5427,1.0023
2014,3,18,2,0.0,0.0
2014,3,19,0,0.1723,0.3182
2014,3,19,1,0.0629,0.1162
2014,3,19,2,0.004,0.0074
2014,3,20,0,0.145,0.2678
2014,3,20,1,0.1205,0.2225
2014,3,21,0,1.3171,2.4325
2014,3,21,1,0.085,0.157
2014,3,22,0,0.0161,0.0297
2014,3,22,1,0.005,0.0092
2014,3,22,2,0.01,0.0185
2014,3,23,0,0.0128,0.0236
2014,3,23,1,0.1242,0.2294
2014,3,24,0,0.0347,0.0641
2014,3,24,1,0.0027,0.005
2014,3,25,0,0.0107,0.0198
2014,3,25,1,0.0,0.0
2014,3,25,2,0.0003,0.0006
2014,3,26,0,3.8516,7.1133
2014,3,26,1,0.0768,0.1418
2014,3,26,2,0.1918,0.3542
2014,3,27,0,0.0559,0.1032
2014,3,27,1,0.2098,0.3875
2014,3,28,0,0.0508,0.0938
2014,4,01,0,0.0628,0.116
2014,4,02,0,0.2743,0.5066
2014,4,03,0,0.05,0.0923
2014,4,04,0,0.2262,0.4178
2014,4,04,1,0.0009,0.0017
2014,4,05,0,2.5941,4.7909
2014,4,05,1,0.0022,0.0041
2014,4,05,2,0.088,0.1625
2014,4,06,0,0.1999,0.3692
2014,4,06,1,0.0766,0.1415
2014,4,07,0,0.0358,0.0661
2014,4,08,0,0.0104,0.0192
2014,4,08,1,0.0594,0.1097
2014,4,09,0,0.049,0.0905
2014,4,10,0,0.2472,0.4565
2014,4,10,1,0.6545,1.2088
2014,4,10,2,0.0016,0.003
2014,4,11,0,0.0074,0.0137
2014,4,11,1,0.0057,0.0105
2014,4,12,0,1.2731,2.3512
2014,4,12,1,0.3066,0.5662
2014,4,13,0,0.017,0.0314
2014,4,13,1,0.0238,0.044
2014,4,14,0,0.0362,0.0669
2014,4,14,1,0.0287,0.053
2014,4,14,2,0.004,0.0074
2014,4,15,0,0.0563,0.104
2014,4,15,1,0.4798,0.8861
2014,4,16,0,0.0,0.0
2014,4,16,1,0.0099,0.0183
2014,4,17,0,0.0187,0.0345
2014,4,17,1,0.2265,0.4183
2014,4,18,0,0.4507,0.8324
2014,4,18,1,0.5815,1.0739
2014,4,18,2,0.0001,0.0002
2014,4,19,0,0.1325,0.2447
2014,4,19,1,0.1004,0.1854
2014,4,19,2,0.0,0.0
2014,4,20,0,0.142,0.2623
2014,4,20,1,0.1588,0.2933
2014,4,21,0,0.0221,0.0408
2014,4,21,1,0.047,0.0868
2014,4,22,0,0.0105,0.0194
2014,4,22,1,0.0072,0.0133
2014,4,22,2,0.0,0.0
2014,4,23,0,0.0108,0.0199
2014,4,23,1,0.0455,0.084
2014,4,24,0,0.0345,0.0637
2014,4,24,1,0.0052,0.0096
2014,4,25,0,0.0074,0.0137
2014,4,25,1,0.0,0.0
2014,4,25,2,0.0,0.0
2014,4,26,0,2.6631,4.9183
2014,4,26,1,0.0293,0.0541
2014,4,26,2,0.0192,0.0355
2014,4,27,0,0.0528,0.0975
2014,4,27,1,0.1985,0.3666
2014,4,28,0,0.0276,0.051
2015,1,01,0,0.0568,0.0962
2015,1,02,0,0.2148,0.3638
2015,1,03,0,0.0505,0.0855
2015,1,04,0,0.1646,0.2788
2015,1,04,1,0.0001,0.0002
2015,1,05,0,1.0219,1.731
2015,1,05,1,0.0009,0.0015
2015,1,05,2,0.0,0.0
2015,1,06,0,0.1046,0.1772
2015,1,06,1,0.0319,0.054
2015,1,07,0,0.0039,0.0066
2015,1,08,0,0.0098,0.0166
2015,1,08,1,0.0128,0.0217
2015,1,09,0,0.0158,0.0268
2015,1,10,0,0.2288,0.3876
2015,1,10,1,0.457,0.7741
2015,1,10,2,0.0029,0.0049
2015,1,11,0,0.0047,0.008
2015,1,11,1,0.0015,0.0025
2015,1,12,0,0.7522,1.2741
2015,1,12,1,0.6584,1.1153
2015,1,13,0,0.0218,0.0369
2015,1,13,1,0.0204,0.0346
2015,1,14,0,0.017,0.0288
2015,1,14,1,0.0076,0.0129
2015,1,14,2,0.0004,0.0007
2015,1,15,0,0.1921,0.3254
2015,1,15,1,0.5876,0.9953
2015,1,16,1,0.0379,0.0642
2015,1,17,0,0.0163,0.0276
2015,1,17,1,0.3145,0.5327
2015,1,18,0,0.5692,0.9642
2015,1,18,1,0.2505,0.4243
2015,1,18,2,0.0,0.0
2015,1,19,0,0.1142,0.1934
2015,1,19,1,0.1029,0.1743
2015,1,20,0,0.1105,0.1872
2015,1,20,1,0.052,0.0881
2015,1,21,0,0.0129,0.0219
2015,1,21,1,0.0782,0.1325
2015,1,22,0,0.0102,0.0173
2015,1,22,1,0.0069,0.0117
2015,1,23,0,0.0012,0.002
2015,1,23,1,0.1433,0.2427
2015,1,24,0,0.0087,0.0147
2015,1,24,1,0.0,0.0
2015,1,25,0,0.0054,0.0091
2015,1,25,1,0.0,0.0
2015,1,26,0,2.3067,3.9073
2015,1,26,1,0.0455,0.0771
2015,1,26,2,0.1344,0.2277
2015,1,27,0,0.0965,0.1635
2015,1,27,1,0.2233,0.3782
2015,1,28,0,0.0099,0.0168
2015,2,01,0,0.0458,0.0776
2015,2,02,0,0.2796,0.4736
2015,2,03,0,0.0708,0.1199
2015,2,04,0,0.1872,0.3171
2015,2,04,1,0.0008,0.0014
2015,2,05,0,1.2717,2.1541
2015,2,05,1,0.0,0.0
2015,2,05,2,0.0,0.0
2015,2,06,0,0.1088,0.1843
2015,2,06,1,0.0722,0.1223
2015,2,07,0,0.0067,0.0113
2015,2,08,0,0.0026,0.0044
2015,2,08,1,0.0443,0.075
2015,2,09,0,0.0124,0.021
2015,2,10,0,0.1843,0.3122
2015,2,10,1,0.5809,0.984
2015,2,10,2,0.0006,0.001
2015,2,11,0,0.0084,0.0142
2015,2,11,1,0.004,0.0068
2015,2,12,0,0.8315,1.4085
2015,2,12,1,0.5714,0.9679
2015,2,13,0,0.0238,0.0403
2015,2,13,1,0.022,0.0373
2015,2,14,0,0.0272,0.0461
2015,2,14,1,0.0187,0.0317
2015,2,14,2,0.0068,0.0115
2015,2,15,0,0.0566,0.0959
2015,2,15,1,0.1818,0.3079
2015,2,16,0,0.0034,0.0058
2015,2,16,1,0.0141,0.0239
2015,2,17,0,0.0189,0.032
2015,2,17,1,0.314,0.5319
2015,2,18,0,0.5422,0.9184
2015,2,18,1,0.233,0.3947
2015,2,18,2,0.0002,0.0003
2015,2,19,0,0.1295,0.2194
2015,2,19,1,0.0593,0.1004
2015,2,19,2,0.0,0.0
2015,2,20,0,0.1072,0.1816
2015,2,20,1,0.0063,0.0107
2015,2,21,0,0.0137,0.0232
2015,2,21,1,0.0149,0.0252
2015,2,22,0,0.0067,0.0113
2015,2,22,1,0.0007,0.0012
2015,2,23,0,0.0139,0.0235
2015,2,23,1,0.0121,0.0205
2015,2,24,0,0.0138,0.0234
2015,2,24,1,0.0,0.0
2015,2,25,0,0.0042,0.0071
2015,2,25,1,0.004,0.0068
2015,2,26,0,1.681,2.8474
2015,2,26,1,0.0428,0.0725
2015,2,26,2,0.0241,0.0408
2015,2,27,0,0.0404,0.0684
2015,2,27,1,0.166,0.2812
2015,2,28,0,0.0111,0.0188
2015,3,01,0,0.0435,0.0737
2015,3,02,0,0.2459,0.4165
2015,3,03,0,0.0593,0.1004
2015,3,04,0,0.1746,0.2958
2015,3,04,1,0.0,0.0
2015,3,05,0,1.6062,2.7207
2015,3,05,1,0.0,0.0
2015,3,05,2,0.0489,0.0828
2015,3,06,0,0.1513,0.2563
2015,3,06,1,0.0779,0.132
2015,3,07,0,0.0046,0.0078
2015,3,08,0,0.0026,0.0044
2015,3,08,1,0.0882,0.1494
2015,3,09,0,0.0144,0.0244
2015,3,10,0,0.2265,0.3837
2015,3,10,1,0.9225,1.5626
2015,3,10,2,0.0017,0.0029
2015,3,11,0,0.0032,0.0054
2015,3,11,1,0.0073,0.0124
2015,3,12,0,0.8084,1.3693
2015,3,12,1,0.4452,0.7541
2015,3,13,0,0.0268,0.0454
2015,3,13,1,0.0281,0.0476
2015,3,14,0,0.0251,0.0425
2015,3,14,1,0.0323,0.0547
2015,3,14,2,0.0006,0.001
2015,3,15,0,0.1227,0.2078
2015,3,15,1,0.5076,0.8598
2015,3,16,0,0.0,0.0
2015,3,16,1,0.0119,0.0202
2015,3,17,0,0.0203,0.0344
2015,3,17,1,0.285,0.4828
2015,3,18,0,0.5472,0.9269
2015,3,18,1,0.2841,0.4812
2015,3,18,2,0.0004,0.0007
2015,3,19,0,0.0668,0.1132
2015,3,19,1,0.0602,0.102
2015,3,19,2,0.0,0.0
2015,3,20,0,0.0723,0.1225
2015,3,20,1,0.19,0.3218
2015,3,21,0,0.0226,0.0383
2015,3,21,1,0.0783,0.1326
2015,3,22,0,0.0042,0.0071
2015,3,22,1,0.0024,0.0041
2015,3,23,0,0.0053,0.009
2015,3,23,1,0.1248,0.2114
2015,3,24,0,0.0119,0.0202
2015,3,24,1,0.0016,0.0027
2015,3,25,0,0.005,0.0085
2015,3,25,1,0.0105,0.0178
2015,3,26,0,2.1506,3.6429
2015,3,26,1,0.0458,0.0776
2015,3,26,2,0.0094,0.0159
2015,3,27,0,0.061,0.1033
2015,3,27,1,0.2807,0.4755
2015,3,28,0,0.0093,0.0158
2015,4,01,0,0.0431,0.073
2015,4,02,0,0.2217,0.3755
2015,4,03,0,0.0785,0.133
2015,4,04,0,0.1615,0.2736
2015,4,04,1,0.0035,0.0059
2015,4,05,0,2.2578,3.8244
2015,4,05,1,0.0,0.0
2015,4,05,2,0.1223,0.2072
2015,4,06,0,0.125,0.2117
2015,4,06,1,0.0307,0.052
2015,4,07,0,0.0091,0.0154
2015,4,08,0,0.0035,0.0059
2015,4,08,1,0.0725,0.1228
2015,4,09,0,0.0094,0.0159
2015,4,10,0,0.202,0.3422
2015,4,10,1,1.4127,2.3929
2015,4,10,2,0.0005,0.0008
2015,4,11,0,0.008,0.0136
2015,4,11,1,0.0059,0.01
2015,4,12,0,0.7455,1.2628
2015,4,12,1,0.6322,1.0709
2015,4,13,0,0.0137,0.0232
2015,4,13,1,0.0204,0.0346
2015,4,14,0,0.0356,0.0603
2015,4,14,1,0.0371,0.0628
2015,4,14,2,0.0005,0.0008
2015,4,15,0,0.0725,0.1228
2015,4,15,1,0.7492,1.2691
2015,4,16,0,0.0,0.0
2015,4,16,1,0.0105,0.0178
2015,4,17,0,0.0134,0.0227
2015,4,17,1,0.2288,0.3876
2015,4,18,0,0.5102,0.8642
2015,4,18,1,0.2484,0.4208
2015,4,18,2,0.0,0.0
2015,4,19,0,0.0779,0.132
2015,4,19,1,0.0341,0.0578
2015,4,19,2,0.0004,0.0007
2015,4,20,0,0.0878,0.1487
2015,4,20,1,0.1763,0.2986
2015,4,21,0,0.0181,0.0307
2015,4,21,1,0.0874,0.148
2015,4,22,0,0.0033,0.0056
2015,4,22,1,0.0042,0.0071
2015,4,22,2,0.0,0.0
2015,4,23,0,0.0033,0.0056
2015,4,23,1,0.3552,0.6017
2015,4,24,0,0.0139,0.0235
2015,4,24,1,0.0,0.0
2015,4,25,0,0.0098,0.0166
2015,4,25,1,0.0154,0.0261
2015,4,26,0,1.7851,3.0237
2015,4,26,1,0.0209,0.0354
2015,4,26,2,0.1551,0.2627
2015,4,27,0,0.12,0.2033
2015,4,27,1,0.4602,0.7795
2015,4,28,0,0.0083,0.0141
2016,1,01,0,0.0399,0.0622
2016,1,02,0,0.2101,0.3273
2016,1,03,0,0.0649,0.1011
2016,1,04,0,0.0998,0.1555
2016,1,04,1,0.0011,0.0017
2016,1,05,0,1.7144,2.6706
2016,1,05,1,0.0,0.0
2016,1,05,2,0.0136,0.0212
2016,1,06,0,0.0725,0.1129
2016,1,06,1,0.1145,0.1784
2016,1,07,0,0.0032,0.005
2016,1,08,0,0.0065,0.0101
2016,1,08,1,0.1072,0.167
2016,1,08,2,0.0,0.0
2016,1,09,0,0.0044,0.0069
2016,1,10,0,0.153,0.2383
2016,1,10,1,0.6693,1.0426
2016,1,10,2,0.0024,0.0037
2016,1,11,0,0.0085,0.0132
2016,1,11,1,0.0059,0.0092
2016,1,12,0,0.5836,0.9091
2016,1,12,1,0.7978,1.2428
2016,1,13,0,0.0167,0.026
2016,1,13,1,0.0187,0.0291
2016,1,14,0,0.0204,0.0318
2016,1,14,1,0.094,0.1464
2016,1,14,2,0.0003,0.0005
2016,1,15,0,0.0528,0.0822
2016,1,15,1,0.5125,0.7983
2016,1,16,0,0.0,0.0
2016,1,16,1,0.0188,0.0293
2016,1,17,0,0.0118,0.0184
2016,1,17,1,0.4705,0.7329
2016,1,18,0,0.4696,0.7315
2016,1,18,1,0.2562,0.3991
2016,1,18,2,0.0001,0.0002
2016,1,19,0,0.0813,0.1266
2016,1,19,1,0.1039,0.1618
2016,1,19,2,0.0,0.0
2016,1,20,0,0.0589,0.0918
2016,1,20,1,0.0217,0.0338
2016,1,20,2,0.0,0.0
2016,1,21,0,0.0172,0.0268
2016,1,21,1,0.0358,0.0558
2016,1,22,0,0.0048,0.0075
2016,1,22,1,0.0015,0.0023
2016,1,23,0,0.0054,0.0084
2016,1,23,1,0.0897,0.1397
2016,1,24,0,0.0079,0.0123
2016,1,24,1,0.0,0.0
2016,1,25,0,0.0075,0.0117
2016,1,25,1,0.0017,0.0026
2016,1,26,0,3.7754,5.8811
2016,1,26,1,0.0336,0.0523
2016,1,26,2,0.0157,0.0245
2016,1,27,0,0.0628,0.0978
2016,1,27,1,0.1682,0.262
2016,1,28,0,0.0042,0.0065
2016,1,28,1,0.0,0.0
2016,2,01,0,0.0606,0.0944
2016,2,02,0,0.257,0.4003
2016,2,03,0,0.0907,0.1413
2016,2,04,0,0.1337,0.2083
2016,2,04,1,0.0005,0.0008
2016,2,05,0,1.9388,3.0201
2016,2,05,1,0.0021,0.0033
2016,2,05,2,0.0614,0.0956
2016,2,06,0,0.1057,0.1647
2016,2,06,1,0.067,0.1044
2016,2,07,0,0.0014,0.0022
2016,2,08,0,0.0006,0.0009
2016,2,08,1,0.1955,0.3045
2016,2,08,2,0.0,0.0
2016,2,09,0,0.0049,0.0076
2016,2,10,0,0.1649,0.2569
2016,2,10,1,0.8688,1.3534
2016,2,10,2,0.0004,0.0006
2016,2,11,0,0.0045,0.007
2016,2,11,1,0.0003,0.0005
2016,2,12,0,0.6844,1.0661
2016,2,12,1,0.4379,0.6821
2016,2,13,0,0.0293,0.0456
2016,2,13,1,0.0213,0.0332
2016,2,14,0,0.0208,0.0324
2016,2,14,1,0.0451,0.0703
2016,2,14,2,0.0002,0.0003
2016,2,15,0,0.0223,0.0347
2016,2,15,1,0.612,0.9533
2016,2,16,0,0.0,0.0
2016,2,16,1,0.0139,0.0217
2016,2,17,0,0.0025,0.0039
2016,2,17,1,0.3794,0.591
2016,2,18,0,0.4174,0.6502
2016,2,18,1,0.2073,0.3229
2016,2,18,2,0.0,0.0
2016,2,19,0,0.0418,0.0651
2016,2,19,1,0.0844,0.1315
2016,2,19,2,0.003,0.0047
2016,2,20,0,0.0576,0.0897
2016,2,20,1,0.132,0.2056
2016,2,20,2,0.0,0.0
2016,2,21,0,0.0196,0.0305
2016,2,21,1,0.0709,0.1104
2016,2,22,0,0.0057,0.0089
2016,2,22,1,0.0018,0.0028
2016,2,23,0,0.0032,0.005
2016,2,23,1,0.123,0.1916
2016,2,24,0,0.0087,0.0136
2016,2,24,1,0.0,0.0
2016,2,25,0,0.0043,0.0067
2016,2,25,1,0.0,0.0
2016,2,26,0,1.8863,2.9384
2016,2,26,1,0.0049,0.0076
2016,2,26,2,0.0519,0.0808
2016,2,27,0,0.0905,0.141
2016,2,27,1,0.1932,0.301
2016,2,28,0,0.0184,0.0287
2016,3,01,0,0.0413,0.0643
2016,3,02,0,0.3023,0.4709
2016,3,03,0,0.0825,0.1285
2016,3,04,0,0.1212,0.1888
2016,3,04,1,0.0009,0.0014
2016,3,05,0,1.5651,2.438
2016,3,05,1,0.0002,0.0003
2016,3,05,2,0.0144,0.0224
2016,3,06,0,0.153,0.2383
2016,3,06,1,0.0591,0.0921
2016,3,07,0,0.0049,0.0076
2016,3,08,0,0.0026,0.0041
2016,3,08,1,0.0173,0.0269
2016,3,09,0,0.0025,0.0039
2016,3,10,0,0.2713,0.4226
2016,3,10,1,0.5415,0.8435
2016,3,11,0,0.0031,0.0048
2016,3,11,1,0.0023,0.0036
2016,3,12,0,0.7196,1.1209
2016,3,12,1,0.4137,0.6444
2016,3,13,0,0.0189,0.0294
2016,3,13,1,0.0326,0.0508
2016,3,14,0,0.024,0.0374
2016,3,14,1,0.0649,0.1011
2016,3,14,2,0.0,0.0
2016,3,15,0,0.0923,0.1438
2016,3,15,1,0.563,0.877
2016,3,16,0,0.0095,0.0148
2016,3,16,1,0.0328,0.0511
2016,3,17,0,0.0257,0.04
2016,3,17,1,0.5192,0.8088
2016,3,18,0,0.3977,0.6195
2016,3,18,1,0.1988,0.3097
2016,3,19,0,0.034,0.053
2016,3,19,1,0.0333,0.0519
2016,3,19,2,0.0038,0.0059
2016,3,20,0,0.0406,0.0632
2016,3,20,1,0.0376,0.0586
2016,3,20,2,0.0,0.0
2016,3,21,0,0.0127,0.0198
2016,3,21,1,0.0214,0.0333
2016,3,22,0,0.0019,0.003
2016,3,22,1,0.0002,0.0003
2016,3,23,0,0.0022,0.0034
2016,3,23,1,0.0413,0.0643
2016,3,24,0,0.0111,0.0173
2016,3,25,0,0.0049,0.0076
2016,3,26,0,1.9983,3.1128
2016,3,26,1,0.0051,0.0079
2016,3,26,2,0.1936,0.3016
2016,3,27,0,0.0957,0.1491
2016,3,27,1,0.072,0.1122
2016,3,28,0,0.0369,0.0575
2016,4,01,0,0.0894,0.1393
2016,4,02,0,0.3195,0.4977
2016,4,03,0,0.102,0.1589
2016,4,04,0,0.1735,0.2703
2016,4,04,1,0.002,0.0031
2016,4,05,0,3.7718,5.8755
2016,4,05,1,0.0132,0.0206
2016,4,05,2,0.0561,0.0874
2016,4,06,0,0.2659,0.4142
2016,4,06,1,0.1724,0.2686
2016,4,07,0,0.0147,0.0229
2016,4,08,0,0.0128,0.0199
2016,4,08,1,0.1894,0.295
2016,4,08,2,0.0,0.0
2016,4,09,0,0.0047,0.0073
2016,4,10,0,0.2326,0.3623
2016,4,10,1,2.0829,3.2446
2016,4,10,2,0.0001,0.0002
2016,4,11,0,0.0222,0.0346
2016,4,11,1,0.0067,0.0104
2016,4,12,0,0.7379,1.1495
2016,4,12,1,1.3722,2.1375
2016,4,13,0,0.0234,0.0365
2016,4,13,1,0.0918,0.143
2016,4,14,0,0.0079,0.0123
2016,4,14,1,1.0449,1.6277
2016,4,14,2,0.0002,0.0003
2016,4,15,0,0.1262,0.1966
2016,4,15,1,1.1584,1.8045
2016,4,16,0,0.0065,0.0101
2016,4,16,1,0.0231,0.036
2016,4,17,0,0.0442,0.0689
2016,4,17,1,0.3026,0.4714
2016,4,18,0,0.4712,0.734
2016,4,18,1,0.5979,0.9314
2016,4,18,2,0.0001,0.0002
2016,4,19,0,0.0984,0.1533
2016,4,19,1,0.2722,0.424
2016,4,19,2,0.0016,0.0025
2016,4,20,0,0.0534,0.0832
2016,4,20,1,0.2727,0.4248
2016,4,20,2,0.0,0.0
2016,4,21,0,0.0162,0.0252
2016,4,21,1,0.1346,0.2097
2016,4,22,0,0.0098,0.0153
2016,4,22,1,0.0014,0.0022
2016,4,22,2,0.0001,0.0002
2016,4,23,0,0.0086,0.0134
2016,4,23,1,0.393,0.6122
2016,4,24,0,0.0123,0.0192
2016,4,24,1,0.0047,0.0073
2016,4,25,0,0.0224,0.0349
2016,4,25,1,0.0015,0.0023
2016,4,26,0,2.7224,4.2408
2016,4,26,1,0.0236,0.0368
2016,4,26,2,0.0767,0.1195
2016,4,27,0,0.0381,0.0593
2016,4,27,1,0.6297,0.9809
2016,4,28,0,0.0073,0.0114
2017,1,01,0,0.0228,0.0343
2017,1,02,0,0.079,0.119
2017,1,02,1,0.0,0.0
2017,1,03,0,0.0444,0.0669
2017,1,04,0,0.0931,0.1402
2017,1,04,1,0.0001,0.0002
2017,1,05,0,0.5204,0.7836
2017,1,05,1,0.0002,0.0003
2017,1,05,2,0.0016,0.0024
2017,1,06,0,0.105,0.1581
2017,1,06,1,0.0786,0.1184
2017,1,07,0,0.003,0.0045
2017,1,08,0,0.0031,0.0047
2017,1,08,1,0.0116,0.0175
2017,1,09,0,0.0089,0.0134
2017,1,09,1,0.0,0.0
2017,1,10,0,0.1067,0.1607
2017,1,10,1,0.483,0.7273
2017,1,10,2,0.0037,0.0056
2017,1,11,0,0.0073,0.011
2017,1,11,1,0.0005,0.0008
2017,1,12,0,0.5583,0.8407
2017,1,12,1,0.1527,0.2299
2017,1,12,2,0.0,0.0
2017,1,13,0,0.0139,0.0209
2017,1,13,1,0.0149,0.0224
2017,1,14,0,0.0387,0.0583
2017,1,14,1,0.0563,0.0848
2017,1,14,2,0.0,0.0
2017,1,15,0,0.0222,0.0334
2017,1,15,1,0.4453,0.6706
2017,1,16,0,0.0,0.0
2017,1,16,1,0.0092,0.0139
2017,1,17,0,0.0051,0.0077
2017,1,17,1,0.1282,0.193
2017,1,18,0,0.3165,0.4766
2017,1,18,1,0.0736,0.1108
2017,1,18,2,0.0001,0.0002
2017,1,19,0,0.046,0.0693
2017,1,19,1,0.0744,0.112
2017,1,20,0,0.0247,0.0372
2017,1,20,1,0.019,0.0286
2017,1,21,0,0.0147,0.0221
2017,1,21,1,0.0275,0.0414
2017,1,22,0,0.0039,0.0059
2017,1,22,1,0.0002,0.0003
2017,1,22,2,0.0001,0.0002
2017,1,23,0,0.0005,0.0008
2017,1,23,1,0.0577,0.0869
2017,1,24,0,0.0061,0.0092
2017,1,24,1,0.0,0.0
2017,1,25,0,0.001,0.0015
2017,1,25,1,0.0,0.0
2017,1,26,0,1.7026,2.5638
2017,1,26,1,0.0092,0.0139
2017,1,26,2,0.0229,0.0345
2017,1,27,0,0.0188,0.0283
2017,1,27,1,0.0179,0.027
2017,1,28,0,0.0202,0.0304
2017,2,01,0,0.0267,0.0402
2017,2,02,0,0.121,0.1822
2017,2,02,1,0.0,0.0
2017,2,03,0,0.0504,0.0759
2017,2,04,0,0.1697,0.2555
2017,2,04,1,0.0001,0.0002
2017,2,05,0,1.9026,2.865
2017,2,05,1,0.0,0.0
2017,2,05,2,0.0472,0.0711
2017,2,06,0,0.12,0.1807
2017,2,06,1,0.1022,0.1539
2017,2,07,0,0.0175,0.0264
2017,2,08,0,0.0056,0.0084
2017,2,08,1,0.0363,0.0547
2017,2,09,0,0.0179,0.027
2017,2,09,1,0.0,0.0
2017,2,10,0,0.1763,0.2655
2017,2,10,1,0.9291,1.3991
2017,2,10,2,0.0008,0.0012
2017,2,11,0,0.0091,0.0137
2017,2,11,1,0.0016,0.0024
2017,2,12,0,0.6303,0.9491
2017,2,12,1,0.3593,0.541
2017,2,12,2,0.0,0.0
2017,2,13,0,0.0152,0.0229
2017,2,13,1,0.0066,0.0099
2017,2,14,0,0.0522,0.0786
2017,2,14,1,0.0883,0.133
2017,2,14,2,0.0005,0.0008
2017,2,15,0,0.0796,0.1199
2017,2,15,1,0.4454,0.6707
2017,2,16,0,0.0,0.0
2017,2,16,1,0.0105,0.0158
2017,2,17,0,0.0068,0.0102
2017,2,17,1,0.1392,0.2096
2017,2,18,0,0.2387,0.3594
2017,2,18,1,0.1307,0.1968
2017,2,18,2,0.0,0.0
2017,2,19,0,0.0493,0.0742
2017,2,19,1,0.0361,0.0544
2017,2,20,0,0.0332,0.05
2017,2,20,1,0.0926,0.1394
2017,2,21,0,0.0103,0.0155
2017,2,21,1,0.0194,0.0292
2017,2,22,0,0.005,0.0075
2017,2,22,1,0.0002,0.0003
2017,2,22,2,0.0003,0.0005
2017,2,23,0,0.0016,0.0024
2017,2,23,1,0.0482,0.0726
2017,2,24,0,0.0091,0.0137
2017,2,24,1,0.0,0.0
2017,2,25,0,0.007,0.0105
2017,2,25,1,0.0015,0.0023
2017,2,25,2,0.0,0.0
2017,2,26,0,1.9028,2.8653
2017,2,26,1,0.0034,0.0051
2017,2,26,2,0.005,0.0075
2017,2,27,0,0.0238,0.0358
2017,2,27,1,0.0359,0.0541
2017,2,28,0,0.0177,0.0267
2017,3,01,0,0.0194,0.0292
2017,3,02,0,0.1256,0.1891
2017,3,02,1,0.0,0.0
2017,3,03,0,0.0514,0.0774
2017,3,03,1,0.0,0.0
2017,3,04,0,0.1402,0.2111
2017,3,04,1,0.0,0.0
2017,3,05,0,1.5467,2.3291
2017,3,05,1,0.0002,0.0003
2017,3,05,2,0.0541,0.0815
2017,3,06,0,0.1235,0.186
2017,3,06,1,0.0911,0.1372
2017,3,07,0,0.0071,0.0107
2017,3,08,0,0.0002,0.0003
2017,3,08,1,0.0306,0.0461
2017,3,09,0,0.0185,0.0279
2017,3,09,1,0.0,0.0
2017,3,10,0,0.1656,0.2494
2017,3,10,1,0.5086,0.7659
2017,3,10,2,0.0032,0.0048
2017,3,11,0,0.0009,0.0014
2017,3,11,1,0.0035,0.0053
2017,3,12,0,0.5944,0.8951
2017,3,12,1,0.3372,0.5078
2017,3,12,2,0.0,0.0
2017,3,13,0,0.0135,0.0203
2017,3,13,1,0.0111,0.0167
2017,3,14,0,0.038,0.0572
2017,3,14,1,0.1952,0.2939
2017,3,14,2,0.0,0.0
2017,3,15,0,0.068,0.1024
2017,3,15,1,0.4961,0.747
2017,3,16,0,0.0014,0.0021
2017,3,16,1,0.013,0.0196
2017,3,17,0,0.0118,0.0178
2017,3,17,1,0.2554,0.3846
2017,3,18,0,0.2584,0.3891
2017,3,18,1,0.1681,0.2531
2017,3,18,2,0.0,0.0
2017,3,19,0,0.0458,0.069
2017,3,19,1,0.0323,0.0486
2017,3,19,2,0.0,0.0
2017,3,20,0,0.0225,0.0339
2017,3,20,1,0.0656,0.0988
2017,3,21,0,0.0074,0.0111
2017,3,21,1,0.0325,0.0489
2017,3,22,0,0.0059,0.0089
2017,3,22,1,0.0022,0.0033
2017,3,22,2,0.0,0.0
2017,3,23,0,0.0055,0.0083
2017,3,23,1,0.0943,0.142
2017,3,24,0,0.012,0.0181
2017,3,24,1,0.0,0.0
2017,3,25,0,0.0057,0.0086
2017,3,25,1,0.0,0.0
2017,3,26,0,2.0175,3.038
2017,3,26,1,0.0051,0.0077
2017,3,26,2,0.1055,0.1589
2017,3,27,0,0.0103,0.0155
2017,3,27,1,0.0708,0.1066
2017,3,28,0,0.0181,0.0273
2017,4,01,0,0.0462,0.0696
2017,4,02,0,0.5622,0.8466
2017,4,02,1,0.0,0.0
2017,4,03,0,0.1014,0.1527
2017,4,03,1,0.0,0.0
2017,4,04,0,0.2294,0.3454
2017,4,04,1,0.0001,0.0002
2017,4,05,0,3.91,5.8878
2017,4,05,1,0.0007,0.0011
2017,4,05,2,0.0814,0.1226
2017,4,06,0,0.1128,0.1699
2017,4,06,1,0.1226,0.1846
2017,4,07,0,0.0254,0.0382
2017,4,08,0,0.0047,0.0071
2017,4,08,1,0.1507,0.2269
2017,4,09,0,0.008,0.012
2017,4,10,0,0.2002,0.3015
2017,4,10,1,0.4431,0.6672
2017,4,10,2,0.0014,0.0021
2017,4,11,0,0.0283,0.0426
2017,4,11,1,0.003,0.0045
2017,4,12,0,0.6639,0.9997
2017,4,12,1,1.1955,1.8002
2017,4,12,2,0.0,0.0
2017,4,13,0,0.0318,0.0479
2017,4,13,1,0.0928,0.1397
2017,4,14,0,0.0171,0.0257
2017,4,14,1,0.4613,0.6946
2017,4,14,2,0.0002,0.0003
2017,4,15,0,0.1071,0.1613
2017,4,15,1,0.7436,1.1197
2017,4,16,0,0.0003,0.0005
2017,4,16,1,0.0121,0.0182
2017,4,17,0,0.0295,0.0444
2017,4,17,1,0.8195,1.234
2017,4,18,0,0.3169,0.4772
2017,4,18,1,0.6891,1.0377
2017,4,18,2,0.0002,0.0003
2017,4,19,0,0.1745,0.2628
2017,4,19,1,0.2319,0.3492
2017,4,19,2,0.0026,0.0039
2017,4,20,0,0.0406,0.0611
2017,4,20,1,0.2169,0.3266
2017,4,21,0,0.033,0.0497
2017,4,21,1,0.0985,0.1483
2017,4,22,0,0.0085,0.0128
2017,4,22,1,0.0055,0.0083
2017,4,22,2,0.0053,0.008
2017,4,23,0,0.0153,0.023
2017,4,23,1,0.2633,0.3965
2017,4,24,0,0.0095,0.0143
2017,4,24,1,0.0013,0.002
2017,4,25,0,0.0063,0.0095
2017,4,25,1,0.0,0.0
2017,4,26,0,3.4931,5.2601
2017,4,26,1,0.0152,0.0229
2017,4,26,2,0.1474,0.222
2017,4,27,0,0.0053,0.008
2017,4,27,1,0.2296,0.3457
2017,4,28,0,0.0118,0.0178
2018,1,01,0,0.012,0.0174
2018,1,02,0,0.157,0.2281
2018,1,03,0,0.0331,0.0481
2018,1,04,0,0.1186,0.1723
2018,1,04,1,0.0,0.0
2018,1,05,0,0.6648,0.9657
2018,1,05,1,0.0,0.0
2018,1,05,2,0.0195,0.0283
2018,1,06,0,0.0769,0.1117
2018,1,06,1,0.0418,0.0607
2018,1,07,0,0.0095,0.0138
2018,1,08,0,0.0036,0.0052
2018,1,08,1,0.0154,0.0224
2018,1,08,2,0.0,0.0
2018,1,09,0,0.0119,0.0173
2018,1,10,0,0.1471,0.2137
2018,1,10,1,1.5623,2.2694
2018,1,10,2,0.0003,0.0004
2018,1,11,0,0.0136,0.0198
2018,1,11,1,0.0011,0.0016
2018,1,12,0,0.4451,0.6466
2018,1,12,1,0.1233,0.1791
2018,1,13,0,0.015,0.0218
2018,1,13,1,0.0039,0.0057
2018,1,14,0,0.0187,0.0272
2018,1,14,1,0.0225,0.0327
2018,1,14,2,0.0,0.0
2018,1,15,0,0.1,0.1453
2018,1,15,1,0.2638,0.3832
2018,1,16,0,0.0,0.0
2018,1,16,1,0.0095,0.0138
2018,1,17,0,0.0061,0.0089
2018,1,17,1,0.0308,0.0447
2018,1,18,0,0.2122,0.3082
2018,1,18,1,0.0471,0.0684
2018,1,18,2,0.0,0.0
2018,1,19,0,0.0473,0.0687
2018,1,19,1,0.0378,0.0549
2018,1,19,2,0.0005,0.0007
2018,1,20,0,0.0179,0.026
2018,1,20,1,0.16,0.2324
2018,1,21,0,0.0172,0.025
2018,1,21,1,0.0316,0.0459
2018,1,22,0,0.0067,0.0097
2018,1,22,1,0.0021,0.0031
2018,1,22,2,0.0,0.0
2018,1,23,0,0.0008,0.0012
2018,1,23,1,0.0744,0.1081
2018,1,24,0,0.0078,0.0113
2018,1,24,1,0.0,0.0
2018,1,25,0,0.0051,0.0074
2018,1,25,1,0.0,0.0
2018,1,26,0,1.5879,2.3066
2018,1,26,1,0.004,0.0058
2018,1,26,2,0.01,0.0145
2018,1,27,0,0.0049,0.0071
2018,1,27,1,0.043,0.0625
2018,1,28,0,0.0062,0.009
2018,2,01,0,0.0114,0.0166
2018,2,02,0,0.188,0.2731
2018,2,03,0,0.0492,0.0715
2018,2,04,0,0.1315,0.191
2018,2,04,1,0.0,0.0
2018,2,05,0,1.5117,2.1959
2018,2,05,1,0.0,0.0
2018,2,05,2,0.1126,0.1636
2018,2,06,0,0.1423,0.2067
2018,2,06,1,0.0958,0.1392
2018,2,07,0,0.0059,0.0086
2018,2,07,1,0.0,0.0
2018,2,08,0,0.0014,0.002
2018,2,08,1,0.055,0.0799
2018,2,09,0,0.0132,0.0192
2018,2,10,0,0.2528,0.3672
2018,2,10,1,1.8851,2.7383
2018,2,11,0,0.0055,0.008
2018,2,11,1,0.0012,0.0017
2018,2,12,0,0.5952,0.8646
2018,2,12,1,0.4571,0.664
2018,2,13,0,0.0303,0.044
2018,2,13,1,0.0097,0.0141
2018,2,14,0,0.0122,0.0177
2018,2,14,1,0.0117,0.017
2018,2,14,2,0.0001,0.0001
2018,2,15,0,0.1154,0.1676
2018,2,15,1,0.5401,0.7846
2018,2,16,0,0.0,0.0
2018,2,16,1,0.0134,0.0195
2018,2,17,0,0.0023,0.0033
2018,2,17,1,0.2238,0.3251
2018,2,18,0,0.2654,0.3855
2018,2,18,1,0.1,0.1453
2018,2,18,2,0.0,0.0
2018,2,19,0,0.0644,0.0935
2018,2,19,1,0.0369,0.0536
2018,2,19,2,0.0,0.0
2018,2,20,0,0.0422,0.0613
2018,2,20,1,0.2362,0.3431
2018,2,21,0,0.0314,0.0456
2018,2,21,1,0.0473,0.0687
2018,2,22,0,0.0099,0.0144
2018,2,22,1,0.0017,0.0025
2018,2,23,0,0.0203,0.0295
2018,2,23,1,0.1089,0.1582
2018,2,24,0,0.0257,0.0373
2018,2,24,1,0.0,0.0
2018,2,25,0,0.0065,0.0094
2018,2,25,1,0.0054,0.0078
2018,2,26,0,2.1002,3.0508
2018,2,26,1,0.0111,0.0161
2018,2,26,2,0.0031,0.0045
2018,2,27,0,0.0154,0.0224
2018,2,27,1,0.076,0.1104
2018,2,28,0,0.02,0.0291
2018,3,01,0,0.0216,0.0314
2018,3,02,0,0.2317,0.3366
2018,3,02,2,0.0,0.0
2018,3,03,0,0.0473,0.0687
2018,3,04,0,0.1645,0.239
2018,3,04,1,0.0016,0.0023
2018,3,05,0,1.8044,2.6211
2018,3,05,1,0.0,0.0
2018,3,05,2,0.0897,0.1303
2018,3,06,0,0.2173,0.3157
2018,3,06,1,0.1427,0.2073
2018,3,07,0,0.0174,0.0253
2018,3,08,0,0.0034,0.0049
2018,3,08,1,0.0637,0.0925
2018,3,09,0,0.0072,0.0105
2018,3,10,0,0.2534,0.3681
2018,3,10,1,0.382,0.5549
2018,3,10,2,0.0001,0.0001
2018,3,11,0,0.0018,0.0026
2018,3,11,1,0.0035,0.0051
2018,3,12,0,0.5253,0.7631
2018,3,12,1,0.6934,1.0072
2018,3,13,0,0.0342,0.0497
2018,3,13,1,0.0081,0.0118
2018,3,14,0,0.0161,0.0234
2018,3,14,1,0.0124,0.018
2018,3,15,0,0.1736,0.2522
2018,3,15,1,0.4372,0.6351
2018,3,16,0,0.0,0.0
2018,3,16,1,0.0108,0.0157
2018,3,17,0,0.0106,0.0154
2018,3,17,1,0.2381,0.3459
2018,3,18,0,0.2861,0.4156
2018,3,18,1,0.106,0.154
2018,3,19,0,0.0612,0.0889
2018,3,19,1,0.0734,0.1066
2018,3,19,2,0.0061,0.0089
2018,3,20,0,0.0455,0.0661
2018,3,20,1,0.0573,0.0832
2018,3,21,0,0.0355,0.0516
2018,3,21,1,0.0844,0.1226
2018,3,22,0,0.0064,0.0093
2018,3,22,1,0.0008,0.0012
2018,3,22,2,0.0,0.0
2018,3,23,0,0.0004,0.0006
2018,3,23,1,0.0866,0.1258
2018,3,24,0,0.0187,0.0272
2018,3,24,1,0.0001,0.0001
2018,3,25,0,0.0018,0.0026
2018,3,25,1,0.0,0.0
2018,3,26,0,2.5102,3.6463
2018,3,26,1,0.0115,0.0167
2018,3,26,2,0.028,0.0407
2018,3,27,0,0.0064,0.0093
2018,3,27,1,0.1215,0.1765
2018,3,28,0,0.0353,0.0513
2018,4,01,0,0.0333,0.0484
2018,4,02,0,0.4536,0.6589
2018,4,03,0,0.0617,0.0896
2018,4,04,0,0.2335,0.3392
2018,4,04,1,0.005,0.0073
2018,4,05,0,4.2993,6.2452
2018,4,05,1,0.004,0.0058
2018,4,05,2,0.0542,0.0787
2018,4,06,0,0.2083,0.3026
2018,4,06,1,0.2696,0.3916
2018,4,07,0,0.0315,0.0458
2018,4,08,0,0.0355,0.0516
2018,4,08,1,0.0655,0.0951
2018,4,08,2,0.0,0.0
2018,4,09,0,0.0079,0.0115
2018,4,10,0,0.2872,0.4172
2018,4,10,1,1.3915,2.0213
2018,4,11,0,0.0118,0.0171
2018,4,11,1,0.0037,0.0054
2018,4,12,0,0.5642,0.8196
2018,4,12,1,1.3009,1.8897
2018,4,13,0,0.0468,0.068
2018,4,13,1,0.0374,0.0543
2018,4,14,0,0.0154,0.0224
2018,4,14,1,0.1721,0.25
2018,4,14,2,0.0003,0.0004
2018,4,15,0,0.19,0.276
2018,4,15,1,0.832,1.2086
2018,4,16,0,0.0,0.0
2018,4,16,1,0.023,0.0334
2018,4,17,0,0.0394,0.0572
2018,4,17,1,0.4315,0.6268
2018,4,18,0,0.4632,0.6728
2018,4,18,1,0.4714,0.6848
2018,4,18,2,0.0,0.0
2018,4,19,0,0.1238,0.1798
2018,4,19,1,0.1099,0.1596
2018,4,19,2,0.0082,0.0119
2018,4,20,0,0.0806,0.1171
2018,4,20,1,0.2452,0.3562
2018,4,21,0,0.0461,0.067
2018,4,21,1,0.0857,0.1245
2018,4,22,0,0.0132,0.0192
2018,4,22,1,0.0002,0.0003
2018,4,22,2,0.0,0.0
2018,4,23,0,0.0055,0.008
2018,4,23,1,0.1743,0.2532
2018,4,24,0,0.017,0.0247
2018,4,24,1,0.0,0.0
2018,4,25,0,0.0105,0.0153
2018,4,25,1,0.0076,0.011
2018,4,26,0,2.8522,4.1431
2018,4,26,1,0.031,0.045
2018,4,26,2,0.0479,0.0696
2018,4,27,0,0.013,0.0189
2018,4,27,1,0.197,0.2862
2018,4,27,2,0.0,0.0
2018,4,28,0,0.0333,0.0484
2019,1,01,0,0.0089,0.0125
2019,1,02,0,0.1044,0.1462
2019,1,02,1,0.0,0.0
2019,1,03,0,0.0193,0.027
2019,1,04,0,0.0916,0.1283
2019,1,04,1,0.0001,0.0001
2019,1,05,0,0.7379,1.0333
2019,1,05,1,0.0001,0.0001
2019,1,05,2,0.0368,0.0515
2019,1,06,0,0.3267,0.4575
2019,1,06,1,0.0736,0.1031
2019,1,07,0,0.0096,0.0134
2019,1,07,1,0.0,0.0
2019,1,08,0,0.0352,0.0493
2019,1,08,1,0.0524,0.0734
2019,1,08,2,0.0,0.0
2019,1,09,0,0.005,0.007
2019,1,10,0,0.263,0.3683
2019,1,10,1,0.192,0.2689
2019,1,10,2,0.0003,0.0004
2019,1,11,0,0.0056,0.0078
2019,1,11,1,0.0,0.0
2019,1,12,0,0.4348,0.6089
2019,1,12,1,0.0787,0.1102
2019,1,13,0,0.0168,0.0235
2019,1,13,1,0.0028,0.0039
2019,1,14,0,0.0147,0.0206
2019,1,14,1,0.0074,0.0104
2019,1,15,0,0.0901,0.1262
2019,1,15,1,0.2274,0.3184
2019,1,16,0,0.0,0.0
2019,1,16,1,0.0066,0.0092
2019,1,17,0,0.0071,0.0099
2019,1,17,1,0.114,0.1596
2019,1,18,0,0.2833,0.3967
2019,1,18,1,0.1708,0.2392
2019,1,18,2,0.0,0.0
2019,1,19,0,0.04,0.056
2019,1,19,1,0.0119,0.0167
2019,1,20,0,0.0828,0.1159
2019,1,20,1,0.0154,0.0216
2019,1,21,0,0.0017,0.0024
2019,1,21,1,0.004,0.0056
2019,1,22,0,0.0081,0.0113
2019,1,22,1,0.0013,0.0018
2019,1,23,0,0.0011,0.0015
2019,1,23,1,0.0182,0.0255
2019,1,24,0,0.0142,0.0199
2019,1,24,1,0.0,0.0
2019,1,25,0,0.0087,0.0122
2019,1,25,1,0.0,0.0
2019,1,26,0,1.2883,1.8041
2019,1,26,1,0.0002,0.0003
2019,1,26,2,0.0149,0.0209
2019,1,27,0,0.0054,0.0076
2019,1,27,1,0.0806,0.1129
2019,1,28,0,0.01,0.014
2019,2,01,0,0.0145,0.0203
2019,2,02,0,0.1016,0.1423
2019,2,03,0,0.0275,0.0385
2019,2,04,0,0.1316,0.1843
2019,2,04,1,0.0,0.0
2019,2,05,0,1.207,1.6902
2019,2,05,1,0.0046,0.0064
2019,2,05,2,0.0279,0.0391
2019,2,06,0,0.3453,0.4835
2019,2,06,1,0.0463,0.0648
2019,2,07,0,0.0081,0.0113
2019,2,07,1,0.0,0.0
2019,2,08,0,0.0314,0.044
2019,2,08,1,0.0108,0.0151
2019,2,08,2,0.0,0.0
2019,2,09,0,0.0144,0.0202
2019,2,10,0,0.3577,0.5009
2019,2,10,1,0.8759,1.2266
2019,2,11,0,0.0018,0.0025
2019,2,11,1,0.0001,0.0001
2019,2,12,0,0.5995,0.8395
2019,2,12,1,0.3432,0.4806
2019,2,13,0,0.0386,0.0541
2019,2,13,1,0.0096,0.0134
2019,2,14,0,0.0277,0.0388
2019,2,14,1,0.0042,0.0059
2019,2,15,0,0.0944,0.1322
2019,2,15,1,0.3758,0.5262
2019,2,16,0,0.0,0.0
2019,2,16,1,0.0163,0.0228
2019,2,17,0,0.0106,0.0148
2019,2,17,1,0.0837,0.1172
2019,2,18,0,0.3697,0.5177
2019,2,18,1,0.0771,0.108
2019,2,19,0,0.0534,0.0748
2019,2,19,1,0.0506,0.0709
2019,2,20,0,0.0785,0.1099
2019,2,20,1,0.1661,0.2326
2019,2,21,0,0.002,0.0028
2019,2,21,1,0.0017,0.0024
2019,2,22,0,0.0096,0.0134
2019,2,22,1,0.0011,0.0015
2019,2,22,2,0.0003,0.0004
2019,2,23,0,0.0113,0.0158
2019,2,23,1,0.1294,0.1812
2019,2,24,0,0.0248,0.0347
2019,2,25,0,0.0306,0.0429
2019,2,26,0,1.7755,2.4863
2019,2,26,1,0.0044,0.0062
2019,2,26,2,0.007,0.0098
2019,2,27,0,0.0081,0.0113
2019,2,27,1,0.0724,0.1014
2019,2,28,0,0.0187,0.0262
2019,3,01,0,0.0159,0.0223
2019,3,02,0,0.1248,0.1748
2019,3,03,0,0.0241,0.0337
2019,3,04,0,0.1505,0.2108
2019,3,04,1,0.0004,0.0006
2019,3,05,0,1.3038,1.8258
2019,3,05,1,0.006,0.0084
2019,3,05,2,0.0711,0.0996
2019,3,06,0,0.3387,0.4743
2019,3,06,1,0.1102,0.1543
2019,3,07,0,0.007,0.0098
2019,3,07,1,0.0,0.0
2019,3,08,0,0.0593,0.083
2019,3,08,1,0.0246,0.0344
2019,3,08,2,0.0,0.0
2019,3,09,0,0.0121,0.0169
2019,3,10,0,0.2722,0.3812
2019,3,10,1,0.528,0.7394
2019,3,10,2,0.0,0.0
2019,3,11,0,0.0065,0.0091
2019,3,11,1,0.0011,0.0015
2019,3,12,0,0.4746,0.6646
2019,3,12,1,0.4152,0.5814
2019,3,13,0,0.0299,0.0419
2019,3,13,1,0.0062,0.0087
2019,3,14,0,0.0678,0.0949
2019,3,14,1,0.0153,0.0214
2019,3,14,2,0.0002,0.0003
2019,3,15,0,0.0867,0.1214
2019,3,15,1,0.6696,0.9377
2019,3,16,0,0.0,0.0
2019,3,16,1,0.0017,0.0024
2019,3,17,0,0.0066,0.0092
2019,3,17,1,0.2101,0.2942
2019,3,18,0,0.3934,0.5509
2019,3,18,1,0.0871,0.122
2019,3,19,0,0.0376,0.0527
2019,3,19,1,0.0559,0.0783
2019,3,19,2,0.0,0.0
2019,3,20,0,0.0418,0.0585
2019,3,20,1,0.1937,0.2712
2019,3,21,0,0.0227,0.0318
2019,3,21,1,0.0351,0.0492
2019,3,22,0,0.009,0.0126
2019,3,22,1,0.0,0.0
2019,3,22,2,0.0285,0.0399
2019,3,23,0,0.0075,0.0105
2019,3,23,1,0.0748,0.1047
2019,3,24,0,0.0219,0.0307
2019,3,24,1,0.0012,0.0017
2019,3,25,0,0.0108,0.0151
2019,3,26,0,1.9346,2.7091
2019,3,26,1,0.0096,0.0134
2019,3,26,2,0.0695,0.0973
2019,3,27,0,0.0086,0.012
2019,3,27,1,0.0607,0.085
2019,3,28,0,0.047,0.0658
2019,4,01,0,0.0164,0.023
2019,4,02,0,0.5535,0.7751
2019,4,02,1,0.0,0.0
2019,4,03,0,0.0372,0.0521
2019,4,04,0,0.2084,0.2918
2019,4,04,1,0.0021,0.0029
2019,4,05,0,4.8477,6.7884
2019,4,05,1,0.0139,0.0195
2019,4,05,2,0.0898,0.1258
2019,4,06,0,0.4446,0.6226
2019,4,06,1,0.2625,0.3676
2019,4,07,0,0.0363,0.0508
2019,4,07,1,0.0,0.0
2019,4,08,0,0.0023,0.0032
2019,4,08,1,0.0957,0.134
2019,4,08,2,0.0,0.0
2019,4,09,0,0.0044,0.0062
2019,4,10,0,0.3291,0.4609
2019,4,10,1,0.9717,1.3607
2019,4,10,2,0.0,0.0
2019,4,11,0,0.0028,0.0039
2019,4,11,1,0.0018,0.0025
2019,4,12,0,0.4926,0.6898
2019,4,12,1,0.8668,1.2138
2019,4,12,2,0.0,0.0
2019,4,13,0,0.036,0.0504
2019,4,13,1,0.044,0.0616
2019,4,14,0,0.0571,0.08
2019,4,14,1,0.1688,0.2364
2019,4,14,2,0.0,0.0
2019,4,15,0,0.1213,0.1699
2019,4,15,1,1.5106,2.1153
2019,4,16,0,0.0,0.0
2019,4,16,1,0.0221,0.0309
2019,4,17,0,0.0109,0.0153
2019,4,17,1,0.7143,1.0003
2019,4,18,0,0.4656,0.652
2019,4,18,1,0.2827,0.3959
2019,4,18,2,0.0001,0.0001
2019,4,19,0,0.1014,0.142
2019,4,19,1,0.1613,0.2259
2019,4,19,2,0.0087,0.0122
2019,4,20,0,0.0747,0.1046
2019,4,20,1,0.3455,0.4838
2019,4,21,0,0.0127,0.0178
2019,4,21,1,0.0576,0.0807
2019,4,22,0,0.0139,0.0195
2019,4,22,1,0.0056,0.0078
2019,4,22,2,0.026,0.0364
2019,4,23,0,0.0048,0.0067
2019,4,23,1,0.2281,0.3194
2019,4,24,0,0.0269,0.0377
2019,4,24,1,0.0,0.0
2019,4,25,0,0.0118,0.0165
2019,4,26,0,2.6382,3.6944
2019,4,26,1,0.0224,0.0314
2019,4,26,2,0.0692,0.0969
2019,4,27,0,0.0134,0.0188
2019,4,27,1,0.3223,0.4513
2019,4,28,0,0.0451,0.0632
2020,1,01,0,0.0076,0.0103
2020,1,01,2,0.0,0.0
2020,1,02,0,0.082,0.1113
2020,1,03,0,0.0142,0.0193
2020,1,04,0,0.0965,0.1309
2020,1,04,1,0.0001,0.0001
2020,1,05,0,0.8052,1.0925
2020,1,05,1,0.0015,0.002
2020,1,05,2,0.0385,0.0522
2020,1,06,0,0.1349,0.183
2020,1,06,1,0.1009,0.1369
2020,1,07,0,0.0109,0.0148
2020,1,08,0,0.0229,0.0311
2020,1,08,1,0.016,0.0217
2020,1,09,0,0.001,0.0014
2020,1,10,0,0.1686,0.2288
2020,1,10,1,0.6762,0.9174
2020,1,11,0,0.012,0.0163
2020,1,11,1,0.0005,0.0007
2020,1,12,0,0.4299,0.5833
2020,1,12,1,0.2273,0.3084
2020,1,13,0,0.014,0.019
2020,1,13,1,0.0051,0.0069
2020,1,14,0,0.0309,0.0419
2020,1,14,1,0.0283,0.0384
2020,1,15,0,0.0795,0.1079
2020,1,15,1,0.4177,0.5667
2020,1,16,1,0.0074,0.01
2020,1,17,0,0.0055,0.0075
2020,1,17,1,0.1268,0.172
2020,1,18,0,0.2441,0.3312
2020,1,18,1,0.0939,0.1274
2020,1,18,2,0.0001,0.0001
2020,1,19,0,0.0179,0.0243
2020,1,19,1,0.0311,0.0422
2020,1,20,0,0.0432,0.0586
2020,1,20,1,0.0686,0.0931
2020,1,21,0,0.0021,0.0028
2020,1,21,1,0.0096,0.013
2020,1,22,0,0.0115,0.0156
2020,1,22,1,0.0024,0.0033
2020,1,22,2,0.0434,0.0589
2020,1,23,0,0.005,0.0068
2020,1,23,1,0.0596,0.0809
2020,1,24,0,0.0084,0.0114
2020,1,24,1,0.0,0.0
2020,1,25,0,0.0175,0.0237
2020,1,25,1,0.0,0.0
2020,1,26,0,1.2905,1.7509
2020,1,26,1,0.0234,0.0317
2020,1,26,2,0.0,0.0
2020,1,27,0,0.0046,0.0062
2020,1,27,1,0.2283,0.3097
2020,1,28,0,0.031,0.0421
2020,1,28,1,0.0,0.0
2020,2,01,0,0.0161,0.0218
2020,2,02,0,0.0847,0.1149
2020,2,03,0,0.0109,0.0148
2020,2,04,0,0.1318,0.1788
2020,2,04,1,0.0,0.0
2020,2,05,0,1.4219,1.9292
2020,2,05,1,0.0022,0.003
2020,2,05,2,0.1094,0.1484
2020,2,06,0,0.1419,0.1925
2020,2,06,1,0.4832,0.6556
2020,2,07,0,0.0101,0.0137
2020,2,08,0,0.0086,0.0117
2020,2,08,1,0.0246,0.0334
2020,2,09,0,0.0017,0.0023
2020,2,10,0,0.6216,0.8434
2020,2,10,1,0.6969,0.9455
2020,2,10,2,0.0,0.0
2020,2,11,0,0.0015,0.002
2020,2,11,1,0.0048,0.0065
2020,2,12,0,0.4636,0.629
2020,2,12,1,0.2959,0.4015
2020,2,12,2,0.0,0.0
2020,2,13,0,0.0152,0.0206
2020,2,13,1,0.0114,0.0155
2020,2,14,0,0.1962,0.2662
2020,2,14,1,0.036,0.0488
2020,2,15,0,0.2105,0.2856
2020,2,15,1,0.883,1.198
2020,2,16,0,0.0,0.0
2020,2,16,1,0.0156,0.0212
2020,2,17,0,0.0068,0.0092
2020,2,17,1,0.1813,0.246
2020,2,18,0,0.2779,0.377
2020,2,18,1,0.2404,0.3262
2020,2,18,2,0.0,0.0
2020,2,19,0,0.0353,0.0479
2020,2,19,1,0.086,0.1167
2020,2,19,2,0.0,0.0
2020,2,20,0,0.0451,0.0612
2020,2,20,1,0.201,0.2727
2020,2,21,0,0.0024,0.0033
2020,2,21,1,0.0204,0.0277
2020,2,22,0,0.0118,0.016
2020,2,22,1,0.0006,0.0008
2020,2,23,0,0.0046,0.0062
2020,2,23,1,0.0486,0.0659
2020,2,24,0,0.0284,0.0385
2020,2,24,1,0.0,0.0
2020,2,25,0,0.0097,0.0132
2020,2,25,1,0.0,0.0
2020,2,26,0,1.7147,2.3264
2020,2,26,1,0.0066,0.009
2020,2,26,2,0.0073,0.0099
2020,2,27,0,0.0062,0.0084
2020,2,27,1,0.0387,0.0525
2020,2,28,0,0.0122,0.0166
2020,2,28,1,0.5393,0.7317
2020,3,01,0,0.0283,0.0384
2020,3,02,0,0.1545,0.2096
2020,3,03,0,0.0313,0.0425
2020,3,04,0,0.1673,0.227
2020,3,04,1,0.0001,0.0001
2020,3,05,0,1.8697,2.5367
2020,3,05,1,0.0023,0.0031
2020,3,05,2,0.0677,0.0919
2020,3,06,0,0.1807,0.2452
2020,3,06,1,0.196,0.2659
2020,3,07,0,0.008,0.0109
2020,3,08,0,0.0124,0.0168
2020,3,08,1,0.0812,0.1102
2020,3,09,0,0.0018,0.0024
2020,3,10,0,0.5599,0.7597
2020,3,10,1,0.7635,1.0359
2020,3,10,2,0.0,0.0
2020,3,11,0,0.0005,0.0007
2020,3,11,1,0.0001,0.0001
2020,3,12,0,0.4138,0.5614
2020,3,12,1,0.3497,0.4745
2020,3,13,0,0.0196,0.0266
2020,3,13,1,0.0154,0.0209
2020,3,14,0,0.0954,0.1294
2020,3,14,1,0.0367,0.0498
2020,3,15,0,0.2255,0.3059
2020,3,15,1,0.8051,1.0923
2020,3,16,0,0.0002,0.0003
2020,3,16,1,0.0152,0.0206
2020,3,17,0,0.0066,0.009
2020,3,17,1,0.1502,0.2038
2020,3,18,0,0.2728,0.3701
2020,3,18,1,0.1474,0.2
2020,3,18,2,0.0,0.0
2020,3,19,0,0.0364,0.0494
2020,3,19,1,0.0637,0.0864
2020,3,20,0,0.0256,0.0347
2020,3,20,1,0.3698,0.5017
2020,3,21,0,0.0022,0.003
2020,3,21,1,0.0269,0.0365
2020,3,22,0,0.0128,0.0174
2020,3,22,1,0.0008,0.0011
2020,3,23,0,0.0008,0.0011
2020,3,23,1,0.2355,0.3195
2020,3,24,0,0.042,0.057
2020,3,25,0,0.0307,0.0417
2020,3,25,1,0.0,0.0
2020,3,26,0,2.3288,3.1596
2020,3,26,1,0.0299,0.0406
2020,3,26,2,0.0278,0.0377
2020,3,27,0,0.0045,0.0061
2020,3,27,1,0.1255,0.1703
2020,3,28,0,0.0097,0.0132
2020,3,28,1,0.0001,0.0001
2020,4,01,0,0.0312,0.0423
2020,4,02,0,0.288,0.3907
2020,4,03,0,0.116,0.1574
2020,4,04,0,0.1833,0.2487
2020,4,04,1,0.0001,0.0001
2020,4,05,0,3.7491,5.0866
2020,4,05,1,0.0009,0.0012
2020,4,05,2,0.0769,0.1043
2020,4,06,0,0.1622,0.2201
2020,4,06,1,0.7541,1.0231
2020,4,07,0,0.0083,0.0113
2020,4,08,0,0.0038,0.0052
2020,4,08,1,0.0668,0.0906
2020,4,09,0,0.0002,0.0003
2020,4,10,0,0.3949,0.5358
2020,4,10,1,1.9465,2.6409
2020,4,10,2,0.0002,0.0003
2020,4,11,0,0.002,0.0027
2020,4,11,1,0.0012,0.0016
2020,4,12,0,0.4339,0.5887
2020,4,12,1,0.6212,0.8428
2020,4,13,0,0.0186,0.0252
2020,4,13,1,0.0176,0.0239
2020,4,14,0,0.0569,0.0772
2020,4,14,1,0.0302,0.041
2020,4,15,0,0.2132,0.2893
2020,4,15,1,1.8653,2.5308
2020,4,16,0,0.0002,0.0003
2020,4,16,1,0.0125,0.017
2020,4,17,0,0.0129,0.0175
2020,4,17,1,0.9241,1.2538
2020,4,18,0,0.4414,0.5989
2020,4,18,1,0.2736,0.3712
2020,4,18,2,0.0,0.0
2020,4,19,0,0.0849,0.1152
2020,4,19,1,0.0809,0.1098
2020,4,19,2,0.0004,0.0005
2020,4,20,0,0.0777,0.1054
2020,4,20,1,0.3463,0.4698
2020,4,21,0,0.0126,0.0171
2020,4,21,1,0.0392,0.0532
2020,4,22,0,0.0102,0.0138
2020,4,22,1,0.0012,0.0016
2020,4,22,2,0.0039,0.0053
2020,4,23,0,0.0255,0.0346
2020,4,23,1,0.6787,0.9208
2020,4,24,0,0.0246,0.0334
2020,4,24,1,0.0011,0.0015
2020,4,25,0,0.0284,0.0385
2020,4,25,1,0.0,0.0
2020,4,26,0,2.266,3.0744
2020,4,26,1,0.0391,0.053
2020,4,26,2,0.0602,0.0817
2020,4,27,0,0.006,0.0081
2020,4,27,1,0.1972,0.2676
2020,4,28,0,0.0301,0.0408
2020,4,28,1,0.0247,0.0335
2021,1,01,0,0.0063,0.0079
2021,1,02,0,0.0522,0.0654
2021,1,03,0,0.0268,0.0336
2021,1,04,0,0.0694,0.0869
2021,1,05,0,0.8636,1.0819
2021,1,05,1,0.0001,0.0001
2021,1,05,2,0.0117,0.0147
2021,1,06,0,0.0339,0.0425
2021,1,06,1,0.0136,0.017
2021,1,07,0,0.0019,0.0024
2021,1,08,0,0.0018,0.0023
2021,1,08,1,0.0016,0.002
2021,1,08,2,0.0,0.0
2021,1,09,0,0.0012,0.0015
2021,1,10,0,0.1505,0.1885
2021,1,10,1,0.0306,0.0383
2021,1,10,2,0.0033,0.0041
2021,1,11,0,0.0004,0.0005
2021,1,11,1,0.0,0.0
2021,1,12,0,0.1912,0.2395
2021,1,12,1,0.087,0.109
2021,1,13,0,0.0074,0.0093
2021,1,13,1,0.001,0.0013
2021,1,14,0,0.0214,0.0268
2021,1,14,1,0.043,0.0539
2021,1,15,0,0.0522,0.0654
2021,1,15,1,0.1612,0.2019
2021,1,16,1,0.0023,0.0029
2021,1,17,0,0.0037,0.0046
2021,1,17,1,0.0366,0.0459
2021,1,18,0,0.1043,0.1307
2021,1,18,1,0.0345,0.0432
2021,1,18,2,0.0001,0.0001
2021,1,19,0,0.0218,0.0273
2021,1,19,1,0.0036,0.0045
2021,1,20,0,0.0176,0.022
2021,1,20,1,0.0155,0.0194
2021,1,21,0,0.0024,0.003
2021,1,21,1,0.0026,0.0033
2021,1,22,0,0.0065,0.0081
2021,1,22,1,0.0,0.0
2021,1,23,0,0.018,0.0225
2021,1,23,1,0.0139,0.0174
2021,1,24,0,0.0225,0.0282
2021,1,25,0,0.0102,0.0128
2021,1,26,0,0.5702,0.7143
2021,1,26,1,0.0008,0.001
2021,1,26,2,0.002,0.0025
2021,1,27,0,0.0051,0.0064
2021,1,27,1,0.0021,0.0026
2021,1,28,0,0.0116,0.0145
2021,2,01,0,0.031,0.0388
2021,2,02,0,0.0495,0.062
2021,2,03,0,0.0373,0.0467
2021,2,04,0,0.1243,0.1557
2021,2,04,1,0.0,0.0
2021,2,04,2,0.0,0.0
2021,2,05,0,1.6854,2.1114
2021,2,05,1,0.0018,0.0023
2021,2,05,2,0.0548,0.0687
2021,2,06,0,0.2915,0.3652
2021,2,06,1,0.1215,0.1522
2021,2,07,0,0.0026,0.0033
2021,2,08,0,0.0126,0.0158
2021,2,08,1,0.0422,0.0529
2021,2,09,0,0.0044,0.0055
2021,2,10,0,0.3788,0.4745
2021,2,10,1,0.7424,0.9301
2021,2,10,2,0.0012,0.0015
2021,2,11,0,0.0006,0.0008
2021,2,11,1,0.0,0.0
2021,2,12,0,0.6175,0.7736
2021,2,12,1,0.6868,0.8604
2021,2,13,0,0.0086,0.0108
2021,2,13,1,0.0034,0.0043
2021,2,14,0,0.077,0.0965
2021,2,14,1,0.0318,0.0398
2021,2,15,0,0.3288,0.4119
2021,2,15,1,1.0313,1.292
2021,2,16,0,0.0,0.0
2021,2,16,1,0.0072,0.009
2021,2,17,0,0.0075,0.0094
2021,2,17,1,0.2097,0.2627
2021,2,18,0,0.2556,0.3202
2021,2,18,1,0.1025,0.1284
2021,2,18,2,0.0,0.0
2021,2,19,0,0.0283,0.0355
2021,2,19,1,0.1077,0.1349
2021,2,19,2,0.0014,0.0018
2021,2,20,0,0.0505,0.0633
2021,2,20,1,0.1944,0.2435
2021,2,21,0,0.0027,0.0034
2021,2,21,1,0.0009,0.0011
2021,2,22,0,0.0065,0.0081
2021,2,22,1,0.0023,0.0029
2021,2,22,2,0.0,0.0
2021,2,23,0,0.0098,0.0123
2021,2,23,1,0.0327,0.041
2021,2,24,0,0.0229,0.0287
2021,2,24,1,0.0014,0.0018
2021,2,25,0,0.0271,0.0339
2021,2,26,0,2.118,2.6534
2021,2,26,1,0.0369,0.0462
2021,2,26,2,0.0619,0.0775
2021,2,27,0,0.0041,0.0051
2021,2,27,1,0.0592,0.0742
2021,2,28,0,0.015,0.0188
2021,2,28,1,0.0,0.0
2021,3,01,0,0.0135,0.0169
2021,3,02,0,0.069,0.0864
2021,3,03,0,0.0252,0.0316
2021,3,04,0,0.113,0.1416
2021,3,04,1,0.0,0.0
2021,3,05,0,1.6716,2.0941
2021,3,05,1,0.0029,0.0036
2021,3,05,2,0.1142,0.1431
2021,3,06,0,0.253,0.3169
2021,3,06,1,0.268,0.3357
2021,3,07,0,0.0049,0.0061
2021,3,08,0,0.0136,0.017
2021,3,08,1,0.057,0.0714
2021,3,09,0,0.0052,0.0065
2021,3,10,0,0.3099,0.3882
2021,3,10,1,0.3623,0.4539
2021,3,11,0,0.0024,0.003
2021,3,11,1,0.0008,0.001
2021,3,12,0,0.3569,0.4471
2021,3,12,1,0.4807,0.6022
2021,3,12,2,0.0,0.0
2021,3,13,0,0.0099,0.0124
2021,3,13,1,0.0252,0.0316
2021,3,14,0,0.0383,0.048
2021,3,14,1,0.027,0.0338
2021,3,15,0,0.3871,0.4849
2021,3,15,1,0.5319,0.6663
2021,3,16,0,0.0001,0.0001
2021,3,16,1,0.0041,0.0051
2021,3,17,0,0.0066,0.0083
2021,3,17,1,0.055,0.0689
2021,3,18,0,0.2905,0.3639
2021,3,18,1,0.1079,0.1352
2021,3,18,2,0.0005,0.0006
2021,3,19,0,0.0548,0.0687
2021,3,19,1,0.0666,0.0834
2021,3,19,2,0.0,0.0
2021,3,20,0,0.0492,0.0616
2021,3,20,1,0.196,0.2455
2021,3,21,0,0.0029,0.0036
2021,3,21,1,0.0056,0.007
2021,3,22,0,0.0075,0.0094
2021,3,22,1,0.0016,0.002
2021,3,23,0,0.0073,0.0091
2021,3,23,1,0.1164,0.1458
2021,3,24,0,0.0223,0.0279
2021,3,24,1,0.0,0.0
2021,3,25,0,0.0209,0.0262
2021,3,26,0,1.8333,2.2967
2021,3,26,1,0.0262,0.0328
2021,3,26,2,0.0437,0.0547
2021,3,27,0,0.0055,0.0069
2021,3,27,1,0.085,0.1065
2021,3,28,0,0.008,0.01
2021,3,28,1,1.8316,2.2946
2021,4,01,0,0.027,0.0338
2021,4,02,0,0.3183,0.3988
2021,4,03,0,0.112,0.1403
2021,4,04,0,0.1807,0.2264
2021,4,04,1,0.0018,0.0023
2021,4,05,0,2.8517,3.5725
2021,4,05,1,0.0065,0.0081
2021,4,05,2,0.1457,0.1825
2021,4,06,0,0.384,0.4811
2021,4,06,1,0.8012,1.0037
2021,4,07,0,0.0269,0.0337
2021,4,08,0,0.0213,0.0267
2021,4,08,1,0.129,0.1616
2021,4,09,0,0.0044,0.0055
2021,4,10,0,0.3127,0.3917
2021,4,10,1,1.1313,1.4173
2021,4,11,0,0.0094,0.0118
2021,4,11,1,0.0026,0.0033
2021,4,12,0,0.4124,0.5166
2021,4,12,1,0.5681,0.7117
2021,4,12,2,0.0,0.0
2021,4,13,0,0.0076,0.0095
2021,4,13,1,0.0133,0.0167
2021,4,14,0,0.0526,0.0659
2021,4,14,1,0.0581,0.0728
2021,4,15,0,0.5064,0.6344
2021,4,15,1,1.1689,1.4644
2021,4,16,0,0.0,0.0
2021,4,16,1,0.0061,0.0076
2021,4,17,0,0.0067,0.0084
2021,4,17,1,0.3384,0.4239
2021,4,18,0,0.3793,0.4752
2021,4,18,1,0.0571,0.0715
2021,4,18,2,0.0001,0.0001
2021,4,19,0,0.0432,0.0541
2021,4,19,1,0.0721,0.0903
2021,4,19,2,0.0,0.0
2021,4,20,0,0.0611,0.0765
2021,4,20,1,0.5567,0.6974
2021,4,21,0,0.0102,0.0128
2021,4,21,1,0.0135,0.0169
2021,4,22,0,0.0076,0.0095
2021,4,22,1,0.0112,0.014
2021,4,22,2,0.0073,0.0091
2021,4,23,0,0.0056,0.007
2021,4,23,1,0.1787,0.2239
2021,4,24,0,0.0244,0.0306
2021,4,24,1,0.0002,0.0003
2021,4,25,0,0.0317,0.0397
2021,4,26,0,2.2653,2.8379
2021,4,26,1,0.0352,0.0441
2021,4,26,2,0.011,0.0138
2021,4,27,0,0.0074,0.0093
2021,4,27,1,0.1241,0.1555
2021,4,28,0,0.0136,0.017
2021,4,28,1,0.0282,0.0353
2022,1,01,0,0.0072,0.0083
2022,1,02,0,0.28,0.321
2022,1,03,0,0.015,0.0172
2022,1,04,0,0.0579,0.0664
2022,1,04,1,0.0004,0.0005
2022,1,05,0,0.6596,0.7562
2022,1,05,1,0.0,0.0
2022,1,05,2,0.077,0.0883
2022,1,06,0,0.1479,0.1695
2022,1,06,1,0.0612,0.0702
2022,1,07,0,0.0092,0.0105
2022,1,08,0,0.0036,0.0041
2022,1,08,1,0.1089,0.1248
2022,1,08,2,0.0,0.0
2022,1,09,0,0.0048,0.0055
2022,1,10,0,0.1937,0.2221
2022,1,10,1,0.5131,0.5882
2022,1,11,0,0.007,0.008
2022,1,11,1,0.0017,0.0019
2022,1,12,0,0.3717,0.4261
2022,1,12,1,1.8111,2.0762
2022,1,13,0,0.0022,0.0025
2022,1,13,1,0.0016,0.0018
2022,1,14,0,0.0349,0.04
2022,1,14,1,0.0202,0.0232
2022,1,15,0,0.3352,0.3843
2022,1,15,1,0.6864,0.7869
2022,1,16,1,0.0069,0.0079
2022,1,17,0,0.0061,0.007
2022,1,17,1,0.1345,0.1542
2022,1,18,0,0.1593,0.1826
2022,1,18,1,0.0318,0.0365
2022,1,19,0,0.0447,0.0512
2022,1,19,1,0.0546,0.0626
2022,1,19,2,0.0,0.0
2022,1,20,0,0.0296,0.0339
2022,1,20,1,0.1077,0.1235
2022,1,21,0,0.0016,0.0018
2022,1,21,1,0.0016,0.0018
2022,1,22,0,0.0092,0.0105
2022,1,22,1,0.0037,0.0042
2022,1,22,2,0.0,0.0
2022,1,23,0,0.0084,0.0096
2022,1,23,1,0.04,0.0459
2022,1,24,0,0.0162,0.0186
2022,1,24,1,0.0,0.0
2022,1,25,0,0.009,0.0103
2022,1,26,0,1.1291,1.2944
2022,1,26,1,0.01,0.0115
2022,1,26,2,0.0537,0.0616
2022,1,27,0,0.0033,0.0038
2022,1,27,1,0.024,0.0275
2022,1,28,0,0.0069,0.0079
2022,1,28,1,0.034,0.039
2022,2,01,0,0.0058,0.0066
2022,2,02,0,0.6328,0.7254
2022,2,03,0,0.0385,0.0441
2022,2,04,0,0.0788,0.0903
2022,2,05,0,1.3777,1.5794
2022,2,05,1,0.006,0.0069
2022,2,05,2,0.1439,0.165
2022,2,06,0,0.1877,0.2152
2022,2,06,1,0.3443,0.3947
2022,2,07,0,0.007,0.008
2022,2,08,0,0.0092,0.0105
2022,2,08,1,0.1759,0.2016
2022,2,08,2,0.0,0.0
2022,2,09,0,0.007,0.008
2022,2,10,0,0.2318,0.2657
2022,2,10,1,1.006,1.1533
2022,2,11,0,0.0029,0.0033
2022,2,11,1,0.0004,0.0005
2022,2,12,0,0.4797,0.5499
2022,2,12,1,0.414,0.4746
2022,2,13,0,0.012,0.0138
2022,2,13,1,0.0169,0.0194
2022,2,14,0,0.0511,0.0586
2022,2,14,1,0.0507,0.0581
2022,2,15,0,0.7705,0.8833
2022,2,15,1,1.4346,1.6446
2022,2,16,0,0.0014,0.0016
2022,2,16,1,0.0088,0.0101
2022,2,17,0,0.0096,0.011
2022,2,17,1,0.0589,0.0675
2022,2,18,0,0.1843,0.2113
2022,2,18,1,0.0838,0.0961
2022,2,18,2,0.0008,0.0009
2022,2,19,0,0.1031,0.1182
2022,2,19,1,0.1709,0.1959
2022,2,19,2,0.001,0.0011
2022,2,20,0,0.0471,0.054
2022,2,20,1,0.5062,0.5803
2022,2,21,0,0.0312,0.0358
2022,2,21,1,0.0098,0.0112
2022,2,22,0,0.0068,0.0078
2022,2,22,1,0.0012,0.0014
2022,2,22,2,0.0016,0.0018
2022,2,23,0,0.0077,0.0088
2022,2,23,1,0.086,0.0986
2022,2,24,0,0.0343,0.0393
2022,2,24,1,0.0004,0.0005
2022,2,25,0,0.0127,0.0146
2022,2,25,1,0.0022,0.0025
2022,2,26,0,1.8853,2.1613
2022,2,26,1,0.0092,0.0105
2022,2,26,2,0.0,0.0
2022,2,27,0,0.0021,0.0024
2022,2,27,1,0.2062,0.2364
2022,2,28,0,0.0212,0.0243
2022,2,28,1,0.0,0.0
2022,3,01,0,0.0233,0.0267
2022,3,02,0,0.3709,0.4252
2022,3,03,0,0.0326,0.0374
2022,3,04,0,0.1497,0.1716
2022,3,04,1,0.0006,0.0007
2022,3,05,0,2.0154,2.3104
2022,3,05,1,0.0013,0.0015
2022,3,05,2,0.0655,0.0751
2022,3,06,0,0.2058,0.2359
2022,3,06,1,0.0645,0.0739
2022,3,07,0,0.0097,0.0111
2022,3,08,0,0.0565,0.0648
2022,3,08,1,0.0656,0.0752
2022,3,08,2,0.0,0.0
2022,3,09,0,0.0031,0.0036
2022,3,10,0,0.3252,0.3728
2022,3,10,1,0.1899,0.2177
2022,3,11,0,0.0153,0.0175
2022,3,11,1,0.0008,0.0009
2022,3,12,0,0.4333,0.4967
2022,3,12,1,0.1261,0.1446
2022,3,13,0,0.0067,0.0077
2022,3,13,1,0.0047,0.0054
2022,3,14,0,0.0598,0.0686
2022,3,14,1,0.0067,0.0077
2022,3,15,0,0.5821,0.6673
2022,3,15,1,0.6174,0.7078
2022,3,16,0,0.0,0.0
2022,3,16,1,0.0029,0.0033
2022,3,17,0,0.0114,0.0131
2022,3,17,1,0.0417,0.0478
2022,3,18,0,0.2421,0.2775
2022,3,18,1,0.0767,0.0879
2022,3,18,2,0.0,0.0
2022,3,19,0,0.0276,0.0316
2022,3,19,1,0.1205,0.1381
2022,3,19,2,0.026,0.0298
2022,3,20,0,0.042,0.0481
2022,3,20,1,0.1193,0.1368
2022,3,21,0,0.0067,0.0077
2022,3,21,1,0.0121,0.0139
2022,3,22,0,0.0115,0.0132
2022,3,22,1,0.0005,0.0006
2022,3,22,2,0.0004,0.0005
2022,3,23,0,0.012,0.0138
2022,3,23,1,0.0454,0.052
2022,3,24,0,0.0645,0.0739
2022,3,24,1,0.0028,0.0032
2022,3,25,0,0.0199,0.0228
2022,3,25,1,0.0,0.0
2022,3,26,0,1.8093,2.0741
2022,3,26,1,0.0106,0.0122
2022,3,26,2,0.0019,0.0022
2022,3,27,0,0.0027,0.0031
2022,3,27,1,0.0372,0.0426
2022,3,28,0,0.0136,0.0156
2022,3,28,1,1.4873,1.705
2022,4,01,0,0.0556,0.0637
2022,4,02,0,0.5181,0.5939
2022,4,03,0,0.1132,0.1298
2022,4,04,0,0.2544,0.2916
2022,4,04,1,0.0001,0.0001
2022,4,05,0,3.3378,3.8264
2022,4,05,1,0.0014,0.0016
2022,4,05,2,0.1705,0.1955
2022,4,06,0,0.2247,0.2576
2022,4,06,1,0.8889,1.019
2022,4,07,0,0.0119,0.0136
2022,4,08,0,0.0405,0.0464
2022,4,08,1,0.0648,0.0743
2022,4,08,2,0.0,0.0
2022,4,09,0,0.0064,0.0073
2022,4,10,0,0.4412,0.5058
2022,4,10,1,0.6065,0.6953
2022,4,11,0,0.0084,0.0096
2022,4,11,1,0.0052,0.006
2022,4,12,0,0.4418,0.5065
2022,4,12,1,0.6061,0.6948
2022,4,12,2,0.0,0.0
2022,4,13,0,0.0086,0.0099
2022,4,13,1,0.005,0.0057
2022,4,14,0,0.0561,0.0643
2022,4,14,1,0.105,0.1204
2022,4,15,0,0.4688,0.5374
2022,4,15,1,0.7273,0.8338
2022,4,16,0,0.0002,0.0002
2022,4,16,1,0.0044,0.005
2022,4,17,0,0.0065,0.0075
2022,4,17,1,0.0736,0.0844
2022,4,18,0,0.4145,0.4752
2022,4,18,1,0.0551,0.0632
2022,4,18,2,0.001,0.0011
2022,4,19,0,0.0735,0.0843
2022,4,19,1,0.0891,0.1021
2022,4,19,2,0.0016,0.0018
2022,4,20,0,0.0675,0.0774
2022,4,20,1,0.1894,0.2171
2022,4,21,0,0.0068,0.0078
2022,4,21,1,0.0043,0.0049
2022,4,22,0,0.0102,0.0117
2022,4,22,1,0.0009,0.001
2022,4,22,2,0.0,0.0
2022,4,23,0,0.0162,0.0186
2022,4,23,1,0.0449,0.0515
2022,4,24,0,0.0648,0.0743
2022,4,24,1,0.0005,0.0006
2022,4,25,0,0.0115,0.0132
2022,4,25,1,0.0006,0.0007
2022,4,26,0,2.2262,2.5521
2022,4,26,1,0.0122,0.014
2022,4,26,2,0.0,0.0
2022,4,27,0,0.0069,0.0079
2022,4,27,1,0.0752,0.0862
2022,4,28,0,0.0142,0.0163
2022,4,28,1,0.001,0.0011
2023,1,01,0,0.0168,0.0184
2023,1,01,1,0.0,0.0
2023,1,02,0,0.3131,0.3432
2023,1,03,0,0.0191,0.0209
2023,1,04,0,0.0876,0.096
2023,1,04,1,0.0,0.0
2023,1,05,0,0.6425,0.7042
2023,1,05,1,0.0017,0.0019
2023,1,05,2,0.1807,0.1981
2023,1,06,0,0.1223,0.134
2023,1,06,1,0.1108,0.1214
2023,1,06,2,0.0,0.0
2023,1,07,0,0.0103,0.0113
2023,1,08,0,0.0219,0.024
2023,1,08,1,0.0002,0.0002
2023,1,09,0,0.0039,0.0043
2023,1,10,0,0.2345,0.257
2023,1,10,1,0.0566,0.062
2023,1,11,0,0.0019,0.0021
2023,1,11,1,0.0,0.0
2023,1,12,0,0.4328,0.4744
2023,1,12,1,0.5939,0.6509
2023,1,13,0,0.0054,0.0059
2023,1,13,1,0.0076,0.0083
2023,1,14,0,0.0148,0.0162
2023,1,14,1,0.0164,0.018
2023,1,15,0,0.147,0.1611
2023,1,15,1,0.1668,0.1828
2023,1,16,0,0.0,0.0
2023,1,16,1,0.0,0.0
2023,1,17,0,0.013,0.0142
2023,1,17,1,0.0216,0.0237
2023,1,18,0,0.082,0.0899
2023,1,18,1,0.0832,0.0912
2023,1,19,0,0.0306,0.0335
2023,1,19,1,0.1456,0.1596
2023,1,19,2,0.0,0.0
2023,1,20,0,0.0368,0.0403
2023,1,20,1,0.0111,0.0122
2023,1,21,0,0.0017,0.0019
2023,1,21,1,0.0004,0.0004
2023,1,22,0,0.0077,0.0084
2023,1,22,1,0.0,0.0
2023,1,22,2,0.0,0.0
2023,1,23,0,0.0659,0.0722
2023,1,23,1,0.0269,0.0295
2023,1,24,0,0.0448,0.0491
2023,1,24,1,0.0,0.0
2023,1,25,0,0.0092,0.0101
2023,1,26,0,1.8411,2.0179
2023,1,26,1,0.0,0.0
2023,1,26,2,0.0222,0.0243
2023,1,27,0,0.001,0.0011
2023,1,27,1,0.0047,0.0052
2023,1,28,0,0.0153,0.0168
2023,1,28,1,1.5314,1.6785
2023,2,01,0,0.0269,0.0295
2023,2,02,0,0.1803,0.1976
2023,2,03,0,0.0428,0.0469
2023,2,04,0,0.1665,0.1825
2023,2,04,1,0.0,0.0
2023,2,05,0,1.5324,1.6796
2023,2,05,1,0.0056,0.0061
2023,2,05,2,0.11,0.1206
2023,2,06,0,0.1874,0.2054
2023,2,06,1,0.2061,0.2259
2023,2,06,2,0.0,0.0
2023,2,07,0,0.0079,0.0087
2023,2,08,0,0.0025,0.0027
2023,2,08,1,0.0092,0.0101
2023,2,09,0,0.0047,0.0052
2023,2,10,0,0.2243,0.2458
2023,2,10,1,0.6425,0.7042
2023,2,11,0,0.0044,0.0048
2023,2,11,1,0.0001,0.0001
2023,2,12,0,0.5674,0.6219
2023,2,12,1,0.6346,0.6955
2023,2,13,0,0.003,0.0033
2023,2,13,1,0.0131,0.0144
2023,2,14,0,0.028,0.0307
2023,2,14,1,0.0096,0.0105
2023,2,15,0,0.8427,0.9236
2023,2,15,1,1.383,1.5158
2023,2,16,0,0.0,0.0
2023,2,16,1,0.002,0.0022
2023,2,17,0,0.0285,0.0312
2023,2,17,1,0.0556,0.0609
2023,2,18,0,0.369,0.4044
2023,2,18,1,0.2245,0.2461
2023,2,19,0,0.0494,0.0541
2023,2,19,1,0.4324,0.4739
2023,2,19,2,0.002,0.0022
2023,2,20,0,0.0511,0.056
2023,2,20,1,0.597,0.6543
2023,2,20,2,0.0,0.0
2023,2,21,0,0.0025,0.0027
2023,2,21,1,0.0158,0.0173
2023,2,22,0,0.0153,0.0168
2023,2,22,1,0.0003,0.0003
2023,2,23,0,0.0033,0.0036
2023,2,23,1,0.0595,0.0652
2023,2,24,0,0.04,0.0438
2023,2,24,1,0.0,0.0
2023,2,25,0,0.0074,0.0081
2023,2,26,0,3.1002,3.3979
2023,2,26,1,0.013,0.0142
2023,2,26,2,0.1038,0.1138
2023,2,27,0,0.002,0.0022
2023,2,27,1,0.076,0.0833
2023,2,28,0,0.014,0.0153
2023,2,28,1,0.0003,0.0003
2023,3,01,0,0.0383,0.042
2023,3,02,0,0.3548,0.3889
2023,3,03,0,0.0626,0.0686
2023,3,04,0,0.1924,0.2109
2023,3,04,1,0.0003,0.0003
2023,3,05,0,1.5564,1.7059
2023,3,05,1,0.0082,0.009
2023,3,05,2,0.1749,0.1917
2023,3,06,0,0.184,0.2017
2023,3,06,1,0.6415,0.7031
2023,3,06,2,0.0,0.0
2023,3,07,0,0.0092,0.0101
2023,3,08,0,0.0013,0.0014
2023,3,08,1,0.2331,0.2555
2023,3,09,0,0.0109,0.0119
2023,3,10,0,0.2223,0.2436
2023,3,10,1,0.8497,0.9313
2023,3,10,2,0.0,0.0
2023,3,11,0,0.0036,0.0039
2023,3,11,1,0.0,0.0
2023,3,12,0,0.493,0.5403
2023,3,12,1,0.417,0.457
2023,3,12,2,0.0,0.0
2023,3,13,0,0.014,0.0153
2023,3,13,1,0.0117,0.0128
2023,3,14,0,0.0242,0.0265
2023,3,14,1,0.0291,0.0319
2023,3,15,0,0.3982,0.4364
2023,3,15,1,1.2157,1.3324
2023,3,16,0,0.0,0.0
2023,3,16,1,0.0062,0.0068
2023,3,17,0,0.007,0.0077
2023,3,17,1,0.116,0.1271
2023,3,18,0,0.286,0.3135
2023,3,18,1,0.0335,0.0367
2023,3,19,0,0.1025,0.1123
2023,3,19,1,0.2343,0.2568
2023,3,19,2,0.0003,0.0003
2023,3,20,0,0.0676,0.0741
2023,3,20,1,0.3763,0.4124
2023,3,21,0,0.0018,0.002
2023,3,21,1,0.013,0.0142
2023,3,22,0,0.0085,0.0093
2023,3,22,2,0.0052,0.0057
2023,3,23,0,0.0068,0.0075
2023,3,23,1,0.11,0.1206
2023,3,24,0,0.0178,0.0195
2023,3,24,1,0.0006,0.0007
2023,3,25,0,0.0098,0.0107
2023,3,26,0,4.0382,4.426
2023,3,26,1,0.0017,0.0019
2023,3,26,2,0.0,0.0
2023,3,27,0,0.0025,0.0027
2023,3,27,1,0.0623,0.0683
2023,3,28,0,0.0371,0.0407
2023,3,28,1,3.2054,3.5132
2023,4,01,0,0.0363,0.0398
2023,4,02,0,1.1016,1.2074
2023,4,03,0,0.0659,0.0722
2023,4,04,0,0.2101,0.2303
2023,4,04,1,0.0,0.0
2023,4,05,0,3.6949,4.0497
2023,4,05,1,0.0284,0.0311
2023,4,05,2,0.1912,0.2096
2023,4,06,0,0.2954,0.3238
2023,4,06,1,0.5897,0.6463
2023,4,06,2,0.0,0.0
2023,4,07,0,0.015,0.0164
2023,4,08,0,0.0247,0.0271
2023,4,08,1,0.4424,0.4849
2023,4,09,0,0.0224,0.0246
2023,4,10,0,0.3465,0.3798
2023,4,10,1,1.3502,1.4799
2023,4,11,0,0.0023,0.0025
2023,4,11,1,0.0094,0.0103
2023,4,12,0,0.598,0.6554
2023,4,12,1,1.4195,1.5558
2023,4,12,2,0.0,0.0
2023,4,13,0,0.0213,0.0233
2023,4,13,1,0.0117,0.0128
2023,4,14,0,0.0361,0.0396
2023,4,14,1,0.0369,0.0404
2023,4,15,0,0.5373,0.5889
2023,4,15,1,1.9467,2.1336
2023,4,16,0,0.0007,0.0008
2023,4,16,1,0.0046,0.005
2023,4,17,0,0.0301,0.033
2023,4,17,1,0.1056,0.1157
2023,4,18,0,0.5341,0.5854
2023,4,18,1,0.234,0.2565
2023,4,19,0,0.2023,0.2217
2023,4,19,1,0.1555,0.1704
2023,4,19,2,0.0,0.0
2023,4,20,0,0.1745,0.1913
2023,4,20,1,0.8947,0.9806
2023,4,21,0,0.0086,0.0094
2023,4,21,1,0.0595,0.0652
2023,4,22,0,0.0366,0.0401
2023,4,22,1,0.0008,0.0009
2023,4,22,2,0.0034,0.0037
2023,4,23,0,0.0041,0.0045
2023,4,23,1,0.3099,0.3397
2023,4,24,0,0.0654,0.0717
2023,4,24,1,0.0032,0.0035
2023,4,25,0,0.0064,0.007
2023,4,26,0,4.3161,4.7306
2023,4,26,1,0.0024,0.0026
2023,4,26,2,0.0003,0.0003
2023,4,27,0,0.0065,0.0071
2023,4,27,1,0.1859,0.2038
2023,4,28,0,0.0462,0.0506
2023,4,28,1,3.1234,3.4233
2024,1,01,0,0.0237,0.0249
2024,1,02,0,0.6171,0.6481
2024,1,03,0,0.0172,0.0181
2024,1,04,0,0.1039,0.1091
2024,1,04,1,0.0,0.0
2024,1,05,0,0.7368,0.7738
2024,1,05,1,0.0,0.0
2024,1,05,2,0.146,0.1533
2024,1,06,0,0.234,0.2457
2024,1,06,1,0.1206,0.1267
2024,1,07,0,0.0134,0.0141
2024,1,07,1,0.0,0.0
2024,1,08,0,0.0149,0.0156
2024,1,08,1,0.0249,0.0261
2024,1,09,0,0.0085,0.0089
2024,1,10,0,0.3215,0.3376
2024,1,10,1,0.338,0.355
2024,1,11,0,0.0043,0.0045
2024,1,11,1,0.0019,0.002
2024,1,12,0,0.492,0.5167
2024,1,12,1,0.1469,0.1543
2024,1,13,0,0.0113,0.0119
2024,1,13,1,0.0055,0.0058
2024,1,14,0,0.0165,0.0173
2024,1,14,1,0.0153,0.0161
2024,1,15,0,0.0778,0.0817
2024,1,15,1,0.8655,0.9089
2024,1,16,0,0.0,0.0
2024,1,16,1,0.0032,0.0034
2024,1,17,0,0.0014,0.0015
2024,1,17,1,0.0292,0.0307
2024,1,18,0,0.1597,0.1677
2024,1,18,1,0.0224,0.0235
2024,1,18,2,0.0,0.0
2024,1,19,0,0.0683,0.0717
2024,1,19,1,0.2779,0.2918
2024,1,20,0,0.0936,0.0983
2024,1,20,1,0.1156,0.1214
2024,1,21,0,0.0043,0.0045
2024,1,21,1,0.0054,0.0057
2024,1,22,0,0.006,0.0063
2024,1,22,1,0.0,0.0
2024,1,22,2,0.002,0.0021
2024,1,23,0,0.0036,0.0038
2024,1,23,1,0.034,0.0357
2024,1,24,0,0.0064,0.0067
2024,1,24,1,0.0,0.0
2024,1,25,0,0.0085,0.0089
2024,1,26,0,2.333,2.45
2024,1,26,1,0.0046,0.0048
2024,1,26,2,0.0114,0.012
2024,1,27,0,0.006,0.0063
2024,1,27,1,0.0338,0.0355
2024,1,28,0,0.0282,0.0296
2024,1,28,1,0.0004,0.0004
2024,2,01,0,0.0575,0.0604
2024,2,02,0,0.4592,0.4822
2024,2,03,0,0.0292,0.0307
2024,2,04,0,0.1067,0.1121
2024,2,04,1,0.0006,0.0006
2024,2,05,0,1.6705,1.7543
2024,2,05,1,0.025,0.0263
2024,2,05,2,0.2398,0.2518
2024,2,06,0,0.201,0.2111
2024,2,06,1,0.2105,0.2211
2024,2,07,0,0.0043,0.0045
2024,2,08,0,0.0028,0.0029
2024,2,08,1,0.0987,0.1037
2024,2,09,0,0.0129,0.0135
2024,2,10,0,0.3509,0.3685
2024,2,10,1,0.6012,0.6314
2024,2,10,2,0.0,0.0
2024,2,11,0,0.0052,0.0055
2024,2,11,1,0.0008,0.0008
2024,2,12,0,0.5882,0.6177
2024,2,12,1,1.5509,1.6287
2024,2,12,2,0.0,0.0
2024,2,13,0,0.0235,0.0247
2024,2,13,1,0.0237,0.0249
2024,2,14,0,0.0291,0.0306
2024,2,14,1,0.0151,0.0159
2024,2,14,2,0.0,0.0
2024,2,15,0,0.3063,0.3217
2024,2,15,1,1.6168,1.6979
2024,2,16,0,0.001,0.0011
2024,2,16,1,0.0027,0.0028
2024,2,17,0,0.0109,0.0114
2024,2,17,1,0.2033,0.2135
2024,2,18,0,0.4199,0.441
2024,2,18,1,0.159,0.167
2024,2,18,2,0.0,0.0
2024,2,19,0,0.1028,0.108
2024,2,19,1,0.1614,0.1695
2024,2,19,2,0.0,0.0
2024,2,20,0,0.507,0.5324
2024,2,20,1,0.7646,0.803
2024,2,21,0,0.0052,0.0055
2024,2,21,1,0.0161,0.0169
2024,2,22,0,0.0096,0.0101
2024,2,22,1,0.0,0.0
2024,2,23,0,0.0032,0.0034
2024,2,23,1,0.0663,0.0696
2024,2,24,0,0.0205,0.0215
2024,2,24,1,0.0011,0.0012
2024,2,25,0,0.0105,0.011
2024,2,26,0,3.9481,4.1462
2024,2,26,1,0.0106,0.0111
2024,2,26,2,0.0071,0.0075
2024,2,27,0,0.0027,0.0028
2024,2,27,1,0.0729,0.0766
2024,2,28,0,0.0406,0.0426
2024,2,28,1,0.2152,0.226
2024,3,01,0,0.03,0.0315
2024,3,02,0,0.2369,0.2488
2024,3,03,0,0.0273,0.0287
2024,3,04,0,0.1554,0.1632
2024,3,04,1,0.0001,0.0001
2024,3,05,0,1.8562,1.9493
2024,3,05,1,0.0195,0.0205
2024,3,05,2,0.0912,0.0958
2024,3,06,0,0.2314,0.243
2024,3,06,1,0.2191,0.2301
2024,3,07,0,0.0034,0.0036
2024,3,08,0,0.0251,0.0264
2024,3,08,1,0.1924,0.2021
2024,3,09,0,0.0094,0.0099
2024,3,10,0,0.4211,0.4422
2024,3,10,1,0.4821,0.5063
2024,3,10,2,0.0,0.0
2024,3,11,0,0.0112,0.0118
2024,3,11,1,0.0104,0.0109
2024,3,12,0,0.4465,0.4689
2024,3,12,1,0.3896,0.4091
2024,3,13,0,0.0146,0.0153
2024,3,13,1,0.0268,0.0281
2024,3,14,0,0.0128,0.0134
2024,3,14,1,0.0052,0.0055
2024,3,15,0,0.2783,0.2923
2024,3,15,1,1.1039,1.1593
2024,3,16,0,0.0,0.0
2024,3,16,1,0.0052,0.0055
2024,3,17,0,0.013,0.0137
2024,3,17,1,0.0988,0.1038
2024,3,18,0,0.3333,0.35
2024,3,18,1,0.0903,0.0948
2024,3,19,0,0.0423,0.0444
2024,3,19,1,0.0357,0.0375
2024,3,19,2,0.0,0.0
2024,3,20,0,0.5144,0.5402
2024,3,20,1,0.4163,0.4372
2024,3,21,0,0.0091,0.0096
2024,3,21,1,0.0134,0.0141
2024,3,22,0,0.0167,0.0175
2024,3,22,1,0.0,0.0
2024,3,23,0,0.0044,0.0046
2024,3,23,1,0.054,0.0567
2024,3,24,0,0.0144,0.0151
2024,3,24,1,0.0053,0.0056
2024,3,25,0,0.0065,0.0068
2024,3,26,0,3.1755,3.3348
2024,3,26,1,0.0153,0.0161
2024,3,26,2,0.0,0.0
2024,3,27,0,0.0044,0.0046
2024,3,27,1,0.0764,0.0802
2024,3,28,0,0.0249,0.0261
2024,3,28,1,3.53,3.7071
2024,4,01,0,0.0382,0.0401
2024,4,02,0,0.5619,0.5901
2024,4,03,0,0.0511,0.0537
2024,4,04,0,0.1877,0.1971
2024,4,04,1,0.0004,0.0004
2024,4,05,0,4.0979,4.3035
2024,4,05,1,0.0222,0.0233
2024,4,05,2,0.2417,0.2538
2024,4,06,0,0.3469,0.3643
2024,4,06,1,1.0732,1.127
2024,4,07,0,0.0065,0.0068
2024,4,08,0,0.0131,0.0138
2024,4,08,1,0.2522,0.2649
2024,4,09,0,0.0112,0.0118
2024,4,10,0,0.6345,0.6663
2024,4,10,1,1.5231,1.5995
2024,4,10,2,0.0,0.0
2024,4,11,0,0.0068,0.0071
2024,4,11,1,0.0253,0.0266
2024,4,12,0,0.6098,0.6404
2024,4,12,1,0.8505,0.8932
2024,4,12,2,0.0,0.0
2024,4,13,0,0.0201,0.0211
2024,4,13,1,0.0268,0.0281
2024,4,14,0,0.0511,0.0537
2024,4,14,1,0.033,0.0347
2024,4,14,2,0.0,0.0
2024,4,15,0,0.3781,0.3971
2024,4,15,1,1.1703,1.229
2024,4,16,0,0.0007,0.0007
2024,4,16,1,0.0022,0.0023
2024,4,17,0,0.0035,0.0037
2024,4,17,1,0.1151,0.1209
2024,4,18,0,0.4723,0.496
2024,4,18,1,0.1995,0.2095
2024,4,18,2,0.0,0.0
2024,4,19,0,0.1127,0.1184
2024,4,19,1,0.8281,0.8696
2024,4,19,2,0.0003,0.0003
2024,4,20,0,0.414,0.4348
2024,4,20,1,0.3692,0.3877
2024,4,21,0,0.0066,0.0069
2024,4,21,1,0.0562,0.059
2024,4,22,0,0.0164,0.0172
2024,4,22,1,0.001,0.0011
2024,4,22,2,0.0111,0.0117
2024,4,23,0,0.0106,0.0111
2024,4,23,1,0.1022,0.1073
2024,4,24,0,0.0376,0.0395
2024,4,24,1,0.002,0.0021
2024,4,25,0,0.0214,0.0225
2024,4,26,0,4.7434,4.9814
2024,4,26,1,0.0783,0.0822
2024,4,26,2,0.0396,0.0416
2024,4,27,0,0.0058,0.0061
2024,4,27,1,0.0564,0.0592
2024,4,28,0,0.0676,0.071
2024,4,28,1,2.7177,2.854
2025,1,01,0,0.0342,0.0342
2025,1,02,0,0.1715,0.1715
2025,1,03,0,0.014,0.014
2025,1,04,0,0.1032,0.1032
2025,1,04,1,0.0024,0.0024
2025,1,05,0,0.875,0.875
2025,1,05,1,0.0028,0.0028
2025,1,05,2,0.0784,0.0784
2025,1,06,0,0.173,0.173
2025,1,06,1,0.2445,0.2445
2025,1,07,0,0.0009,0.0009
2025,1,08,0,0.0001,0.0001
2025,1,08,1,0.0652,0.0652
2025,1,09,0,0.0025,0.0025
2025,1,10,0,0.3602,0.3602
2025,1,10,1,0.8301,0.8301
2025,1,11,0,0.0015,0.0015
2025,1,11,1,0.0034,0.0034
2025,1,12,0,0.5123,0.5123
2025,1,12,1,0.2616,0.2616
2025,1,13,0,0.0098,0.0098
2025,1,13,1,0.0142,0.0142
2025,1,14,0,0.0132,0.0132
2025,1,14,1,0.0167,0.0167
2025,1,15,0,0.1705,0.1705
2025,1,15,1,0.3395,0.3395
2025,1,16,1,0.0005,0.0005
2025,1,17,0,0.0063,0.0063
2025,1,17,1,0.0839,0.0839
2025,1,18,0,0.2196,0.2196
2025,1,18,1,0.0628,0.0628
2025,1,18,2,0.001,0.001
2025,1,19,0,0.0779,0.0779
2025,1,19,1,0.3904,0.3904
2025,1,20,0,0.2244,0.2244
2025,1,20,1,0.2609,0.2609
2025,1,21,0,0.0091,0.0091
2025,1,21,1,0.0203,0.0203
2025,1,22,0,0.0045,0.0045
2025,1,22,1,0.0,0.0
2025,1,23,0,0.0033,0.0033
2025,1,23,1,0.0197,0.0197
2025,1,24,0,0.0062,0.0062
2025,1,24,1,0.0,0.0
2025,1,25,0,0.0031,0.0031
2025,1,26,0,2.4011,2.4011
2025,1,26,1,0.0061,0.0061
2025,1,26,2,0.0,0.0
2025,1,27,0,0.0035,0.0035
2025,1,27,1,0.01,0.01
2025,1,28,0,0.0347,0.0347
2025,1,28,1,0.0,0.0
2025,1,99,0,0.0,0.0
2025,2,01,0,0.0287,0.0287
2025,2,02,0,0.2346,0.2346
2025,2,02,2,0.0,0.0
2025,2,03,0,0.0158,0.0158
2025,2,04,0,0.1256,0.1256
2025,2,04,1,0.0,0.0
2025,2,05,0,2.02,2.02
2025,2,05,1,0.0145,0.0145
2025,2,05,2,0.0788,0.0788
2025,2,06,0,0.3437,0.3437
2025,2,06,1,0.1781,0.1781
2025,2,07,0,0.0048,0.0048
2025,2,08,0,0.0028,0.0028
2025,2,08,1,0.0723,0.0723
2025,2,09,0,0.0087,0.0087
2025,2,10,0,0.3051,0.3051
2025,2,10,1,2.7826,2.7826
2025,2,10,2,0.0,0.0
2025,2,11,0,0.0026,0.0026
2025,2,11,1,0.001,0.001
2025,2,12,0,0.6748,0.6748
2025,2,12,1,0.7859,0.7859
2025,2,13,0,0.0095,0.0095
2025,2,13,1,0.0515,0.0515
2025,2,14,0,0.03,0.03
2025,2,14,1,0.0326,0.0326
2025,2,15,0,0.4288,0.4288
2025,2,15,1,1.2969,1.2969
2025,2,16,0,0.0009,0.0009
2025,2,16,1,0.0011,0.0011
2025,2,17,0,0.0012,0.0012
2025,2,17,1,0.1785,0.1785
2025,2,18,0,0.1942,0.1942
2025,2,18,1,0.1088,0.1088
2025,2,18,2,0.0,0.0
2025,2,19,0,0.04,0.04
2025,2,19,1,0.4872,0.4872
2025,2,19,2,0.0006,0.0006
2025,2,20,0,0.4734,0.4734
2025,2,20,1,0.8351,0.8351
2025,2,20,2,0.0,0.0
2025,2,21,0,0.0206,0.0206
2025,2,21,1,0.0234,0.0234
2025,2,22,0,0.0169,0.0169
2025,2,22,1,0.0001,0.0001
2025,2,23,0,0.008,0.008
2025,2,23,1,0.1554,0.1554
2025,2,24,0,0.0164,0.0164
2025,2,24,1,0.0017,0.0017
2025,2,25,0,0.0037,0.0037
2025,2,26,0,2.7871,2.7871
2025,2,26,1,0.003,0.003
2025,2,26,2,0.0004,0.0004
2025,2,27,0,0.0044,0.0044
2025,2,27,1,0.1057,0.1057
2025,2,28,0,0.6153,0.6153
2025,2,28,1,0.0,0.0
2025,3,01,0,0.0374,0.0374
2025,3,02,0,0.216,0.216
2025,3,03,0,0.0119,0.0119
2025,3,04,0,0.1127,0.1127
2025,3,05,0,1.8065,1.8065
2025,3,05,1,0.0252,0.0252
2025,3,05,2,0.2883,0.2883
2025,3,06,0,0.3127,0.3127
2025,3,06,1,0.659,0.659
2025,3,07,0,0.0021,0.0021
2025,3,08,0,0.0035,0.0035
2025,3,08,1,0.1355,0.1355
2025,3,09,0,0.0048,0.0048
2025,3,10,0,0.4501,0.4501
2025,3,10,1,2.4134,2.4134
2025,3,11,0,0.0037,0.0037
2025,3,11,1,0.0111,0.0111
2025,3,12,0,0.6658,0.6658
2025,3,12,1,0.8272,0.8272
2025,3,12,2,0.0,0.0
2025,3,13,0,0.0133,0.0133
2025,3,13,1,0.0249,0.0249
2025,3,14,0,0.0551,0.0551
2025,3,14,1,0.012,0.012
2025,3,15,0,0.3176,0.3176
2025,3,15,1,1.2428,1.2428
2025,3,16,0,0.0001,0.0001
2025,3,16,1,0.0015,0.0015
2025,3,17,0,0.0004,0.0004
2025,3,17,1,0.1275,0.1275
2025,3,18,0,0.2747,0.2747
2025,3,18,1,0.1693,0.1693
2025,3,18,2,0.0,0.0
2025,3,19,0,0.0828,0.0828
2025,3,19,1,0.6208,0.6208
2025,3,19,2,0.0,0.0
2025,3,20,0,0.3021,0.3021
2025,3,20,1,0.5958,0.5958
2025,3,21,0,0.0154,0.0154
2025,3,21,1,0.0376,0.0376
2025,3,22,0,0.0065,0.0065
2025,3,22,1,0.0017,0.0017
2025,3,23,0,0.0049,0.0049
2025,3,23,1,0.0924,0.0924
2025,3,24,0,0.0071,0.0071
2025,3,24,1,0.0008,0.0008
2025,3,25,0,0.0071,0.0071
2025,3,26,0,4.6253,4.6253
2025,3,26,1,0.0365,0.0365
2025,3,26,2,0.0052,0.0052
2025,3,27,0,0.0026,0.0026
2025,3,27,1,0.1254,0.1254
2025,3,28,0,0.0468,0.0468
2025,3,28,1,3.2173,3.2173
2025,4,01,0,0.0314,0.0314
2025,4,02,0,0.3805,0.3805
2025,4,02,1,0.0009,0.0009
2025,4,03,0,0.0337,0.0337
2025,4,04,0,0.2818,0.2818
2025,4,04,1,0.0,0.0
2025,4,05,0,5.145,5.145
2025,4,05,1,0.0888,0.0888
2025,4,05,2,0.2097,0.2097
2025,4,06,0,0.2454,0.2454
2025,4,06,1,1.0445,1.0445
2025,4,07,0,0.0087,0.0087
2025,4,08,0,0.0064,0.0064
2025,4,08,1,0.5107,0.5107
2025,4,09,0,0.02,0.02
2025,4,10,0,0.4034,0.4034
2025,4,10,1,2.1802,2.1802
2025,4,10,2,0.006,0.006
2025,4,11,0,0.0035,0.0035
2025,4,11,1,0.0125,0.0125
2025,4,12,0,0.833,0.833
2025,4,12,1,1.5806,1.5806
2025,4,12,2,0.0,0.0
2025,4,13,0,0.0147,0.0147
2025,4,13,1,0.1199,0.1199
2025,4,14,0,0.0335,0.0335
2025,4,14,1,0.0305,0.0305
2025,4,14,2,0.0,0.0
2025,4,15,0,0.5175,0.5175
2025,4,15,1,1.6515,1.6515
2025,4,16,0,0.0006,0.0006
2025,4,16,1,0.5477,0.5477
2025,4,16,2,0.0,0.0
2025,4,17,0,0.0298,0.0298
2025,4,17,1,0.1841,0.1841
2025,4,18,0,0.5466,0.5466
2025,4,18,1,0.4112,0.4112
2025,4,19,0,0.0708,0.0708
2025,4,19,1,0.515,0.515
2025,4,19,2,0.0011,0.0011
2025,4,20,0,0.5415,0.5415
2025,4,20,1,0.8115,0.8115
2025,4,21,0,0.0151,0.0151
2025,4,21,1,0.0967,0.0967
2025,4,22,0,0.0178,0.0178
2025,4,22,1,0.0019,0.0019
2025,4,22,2,0.0,0.0
2025,4,23,0,0.0058,0.0058
2025,4,23,1,0.154,0.154
2025,4,24,0,0.0096,0.0096
2025,4,24,1,0.0067,0.0067
2025,4,25,0,0.0165,0.0165
2025,4,26,0,3.5835,3.5835
2025,4,26,1,0.1197,0.1197
2025,4,26,2,0.0396,0.0396
2025,4,27,0,0.0022,0.0022
2025,4,27,1,0.2749,0.2749
2025,4,28,0,0.0268,0.0268
2025,4,28,1,2.6753,2.6753
2026,1,01,0,0.0435,0.0419
2026,1,02,0,0.2222,0.2143
2026,1,03,0,0.0213,0.0205
2026,1,04,0,0.0913,0.088
2026,1,04,1,0.0,0.0
2026,1,04,2,0.0,0.0
2026,1,05,0,0.817,0.7878
2026,1,05,1,0.0036,0.0035
2026,1,05,2,0.0729,0.0703
2026,1,06,0,0.1454,0.1402
2026,1,06,1,0.1729,0.1667
2026,1,07,0,0.0044,0.0042
2026,1,08,0,0.0051,0.0049
2026,1,08,1,0.1014,0.0978
2026,1,09,0,0.0032,0.0031
2026,1,10,0,0.4451,0.4292
2026,1,10,1,1.3067,1.26
2026,1,10,2,0.001,0.001
2026,1,11,0,0.0052,0.005
2026,1,11,1,0.0039,0.0038
2026,1,12,0,0.654,0.6306
2026,1,12,1,0.8726,0.8414
2026,1,13,0,0.0109,0.0105
2026,1,13,1,0.0128,0.0123
2026,1,14,0,0.0242,0.0233
2026,1,14,1,0.0426,0.0411
2026,1,14,2,0.0,0.0
2026,1,15,0,0.4105,0.3958
2026,1,15,1,1.1235,1.0834
2026,1,16,0,0.082,0.0791
2026,1,16,1,0.0192,0.0185
2026,1,17,0,0.005,0.0048
2026,1,17,1,0.1733,0.1671
2026,1,18,0,0.2769,0.267
2026,1,18,1,0.1459,0.1407
2026,1,18,2,0.0,0.0
2026,1,19,0,0.0481,0.0464
2026,1,19,1,0.5402,0.5209
2026,1,20,0,0.3218,0.3103
2026,1,20,1,0.5313,0.5123
2026,1,21,0,0.0204,0.0197
2026,1,21,1,0.0333,0.0321
2026,1,22,0,0.0073,0.007
2026,1,22,1,0.0047,0.0045
2026,1,22,2,0.0025,0.0024
2026,1,23,0,0.0103,0.0099
2026,1,23,1,0.1929,0.186
2026,1,24,0,0.0022,0.0021
2026,1,24,1,0.0006,0.0006
2026,1,25,0,0.0025,0.0024
2026,1,26,0,2.3113,2.2287
2026,1,26,1,0.0117,0.0113
2026,1,27,0,0.0066,0.0064
2026,1,27,1,0.0995,0.0959
2026,1,28,0,0.3728,0.3595
2026,1,28,1,0.0028,0.0027
2026,2,01,0,0.0431,0.0416
2026,2,02,0,0.1355,0.1307
2026,2,02,1,0.0,0.0
2026,2,03,0,0.0228,0.022
2026,2,04,0,0.0925,0.0892
2026,2,04,1,0.0001,0.0001
2026,2,05,0,1.3603,1.3117
2026,2,05,1,0.0014,0.0013
2026,2,05,2,0.0527,0.0508
2026,2,06,0,0.2167,0.209
2026,2,06,1,0.2541,0.245
2026,2,07,0,0.0042,0.004
2026,2,08,0,0.0256,0.0247
2026,2,08,1,0.1157,0.1116
2026,2,09,0,0.0078,0.0075
2026,2,10,0,0.3833,0.3696
2026,2,10,1,1.8483,1.7823
2026,2,10,2,0.0032,0.0031
2026,2,11,0,0.0041,0.004
2026,2,11,1,0.0005,0.0005
2026,2,12,0,0.632,0.6094
2026,2,12,1,0.7552,0.7282
2026,2,13,0,0.0088,0.0085
2026,2,13,1,0.0091,0.0088
2026,2,14,0,0.0248,0.0239
2026,2,14,1,0.0184,0.0177
2026,2,14,2,0.0,0.0
2026,2,15,0,0.2675,0.2579
2026,2,15,1,0.6319,0.6093
2026,2,16,0,0.0522,0.0503
2026,2,16,1,0.0267,0.0257
2026,2,17,0,0.0015,0.0014
2026,2,17,1,0.1395,0.1345
2026,2,18,0,0.1955,0.1885
2026,2,18,1,0.1609,0.1552
2026,2,18,2,0.0,0.0
2026,2,19,0,0.084,0.081
2026,2,19,1,0.4599,0.4435
2026,2,20,0,0.2046,0.1973
2026,2,20,1,0.3613,0.3484
2026,2,21,0,0.0101,0.0097
2026,2,21,1,0.0179,0.0173
2026,2,22,0,0.0107,0.0103
2026,2,22,1,0.0067,0.0065
2026,2,23,0,0.0083,0.008
2026,2,23,1,0.0886,0.0854
2026,2,24,0,0.005,0.0048
2026,2,24,1,0.0039,0.0038
2026,2,25,0,0.0041,0.004
2026,2,26,0,2.7536,2.6552
2026,2,26,1,0.0727,0.0701
2026,2,26,2,0.0,0.0
2026,2,27,0,0.0036,0.0035
2026,2,27,1,0.0996,0.096
2026,2,28,0,0.0341,0.0329
2026,2,28,1,2.6871,2.5911
