mun,pop,porte_dc,prop_faixa,fe,fd,fs,pcm,ipardes,prop,aprox,floor_,frac,rank_,total_dc,ipardes43,pcm257,total300,m_res,porte_ic,faixa1,faixa2,pcm_ic,prop1,prop2,aprox_ic,floor_ic,frac_ic,rank_ic,total_ic,m_ic,cod7,mat_creche,pop04,prop_creche,mat_pre_fund,pop514,prop_pre_fund,oferta_priv,oferta_tot,prop_priv,creche_norm,mat_norm,priv_norm,m_ed,mort_inf,pop_total,prop04,natalidade,mi_norm,prop04_norm,nat_norm,m_de,cod6,desnut_prop,cadunico,cad_prop,ipdm_r,desnut_norm,cad_norm,ipdm_norm,m_so,pcm_rc,porte_dc_rc,porte_ic_rc
Abatiá,7241.0,P2,32.63434282213392,49.26067781851006,29.063360060673695,51.81936913580208,0.4624469079385959,0.0,0.10437837020299966,0.1526478247590469,0.0,0.1526478247590469,243.0,0.0,0,0,0,both,P1,38.87404621210965,13.454529704853227,0.4624469079385959,0.10697431908409671,0.03702442359409127,0.41371456419285885,0.0,0.41371456419285885,265.0,0.0,both,4100103,151.0,470.0,0.32127659574468087,990.0,914.0,1.0831509846827134,1.0,2.0,0.5,50.62486002239641,76.91668295975295,50.0,both,0.0,7241.0,0.12622565943930397,11.19,0.0,73.36424075261976,59.967845659163984,both,410010.0,0.045454545454545456,280.0,0.2966101694915254,0.4100767213097727,4.545454545454546,45.813627310017644,70.42010750142165,both,0.46244690793859594,P2,P1
Adrianópolis,6256.0,P2,32.63434282213392,74.28106674603107,36.216672083134576,39.67450531320315,0.528255632403206,0.0,0.10426417067323707,0.1593423060892237,0.0,0.1593423060892237,232.0,0.0,0,1,1,both,P1,38.87404621210965,13.454529704853227,0.528255632403206,0.10685727934768086,0.03698391547199708,0.4647559706629964,0.0,0.4647559706629964,193.0,0.0,both,4100202,59.0,397.0,0.1486146095717884,904.0,913.0,0.9901423877327492,1.0,2.0,0.5,77.16028105528304,83.24374102010073,50.0,both,0.0,6256.0,0.14593989769820973,11.19,0.0,84.82245082104359,59.967845659163984,both,410020.0,0.024390243902439025,241.0,0.2917675544794189,0.5334540371624676,2.4390243902439024,44.98070616133008,49.884844767171884,both,0.528255632403206,P2,P1
Agudos do Sul,10233.0,P2,32.63434282213392,70.94861576443883,48.391929315177094,59.783831977009314,0.6197136495961467,1.0,0.16924370310814604,-0.725873663967538,-1.0,0.27412633603246195,150.0,-1.0,1,0,1,both,P1,38.87404621210965,13.454529704853227,0.6197136495961467,0.1734528893683056,0.06003303694359218,0.5800460180227379,0.0,0.5800460180227379,94.0,1.0,both,4100301,105.0,706.0,0.14872521246458922,1639.0,1482.0,1.1059379217273955,1.0,2.0,0.5,77.14328313702103,75.36656524561567,50.0,both,0.0,10233.0,0.14482556435063032,14.95,0.0,84.17478361650187,80.11789924973203,both,410030.0,0.07142857142857142,501.0,0.34291581108829566,0.38104275981488595,7.142857142857142,53.77811511114866,75.2526006010887,both,0.6197136495961467,P2,P1
Almirante Tamandaré,119825.0,M1,30.046353078654292,100.0,55.36911556305865,38.81377500574621,0.6659933311491021,0.0,2.160084105459233,3.5986857144162556,3.0,0.5986857144162556,50.0,4.0,0,3,3,both,M1,30.79362280995862,10.657848955470229,0.6659933311491021,2.2138066143060056,0.7662111294116372,1.9962001093924489,1.0,0.9962001093924489,1.0,2.0,both,4100400,918.0,8185.0,0.11215638362858889,14136.0,18915.0,0.7473433782712133,4.0,24.0,0.16666666666666666,82.76333472655371,99.76053065283213,83.33333333333334,both,7.54,119825.0,0.15785520550803256,13.09,13.57091432685385,91.74780589293968,70.15005359056806,both,410040.0,0.02971311475409836,3173.0,0.1744556850670772,0.42542018905881746,2.971311475409836,24.80327376554102,67.86629816213183,both,0.6659933311491021,M1,M1
Altamira do Paraná,3590.0,P1,5.296345791329013,57.5846589911575,54.713899207102635,54.135025940834126,0.5563065381421718,0.0,0.05333118039912564,0.08299966474199888,0.0,0.08299966474199888,334.0,0.0,0,1,1,both,P1,38.87404621210965,13.454529704853227,0.5563065381421718,0.05465755690620696,0.01891729301798755,0.4526838516631214,0.0,0.4526838516631214,208.0,0.0,both,4100459,53.0,209.0,0.2535885167464115,513.0,467.0,1.0985010706638116,1.0,2.0,0.5,61.02744900528835,75.87246889332651,50.0,both,19.23,3590.0,0.13008356545961003,11.98,34.61123110151188,75.60651341993596,64.20150053590568,both,410045.0,0.047619047619047616,139.0,0.3054945054945055,0.3936665404874389,4.761904761904762,47.341717263571375,73.15146352399483,both,0.5563065381421718,P1,P1
Alto Paraná,13909.0,P2,32.63434282213392,68.14892667149967,48.15374345521188,50.45693337077566,0.570730927079525,0.0,0.21960569573344457,0.34494145805133747,0.0,0.34494145805133747,118.0,0.0,0,1,1,both,P1,38.87404621210965,13.454529704853227,0.570730927079525,0.22506741312770018,0.07789711878713075,0.5748511210193575,0.0,0.5748511210193575,101.0,1.0,both,4100608,269.0,939.0,0.28647497337593186,2060.0,1923.0,1.0712428497139885,1.0,6.0,0.16666666666666666,55.97331988117258,77.72675282219924,83.33333333333334,both,11.11,13909.0,0.13825580559350062,11.86,19.99640028797696,80.35634158747482,63.558413719185424,both,410060.0,0.008620689655172414,562.0,0.2962572482867686,0.40340381531492064,0.8620689655172413,45.75292549198599,71.53076448774192,both,0.570730927079525,P2,P1
Alto Paraíso,3055.0,P1,5.296345791329013,29.720045146021963,94.08546362893419,45.628943615713055,0.4895668823048085,0.0,0.049790994976485606,0.07416701715397804,0.0,0.07416701715397804,350.0,0.0,0,0,0,both,P1,38.87404621210965,13.454529704853227,0.4895668823048085,0.05102932507731528,0.017661541233067606,0.39942421581879084,0.0,0.39942421581879084,284.0,0.0,both,4128625,91.0,205.0,0.44390243902439025,528.0,436.0,1.2110091743119267,1.0,2.0,0.5,31.779204107830555,68.21892580822656,50.0,both,30.3,3055.0,0.14271685761047465,18.66,54.535637149028084,82.94917172705999,100.0,both,412862.0,0.07407407407407407,128.0,0.29157175398633256,0.49395377410227914,7.4074074074074066,44.94702882559158,56.45937813586192,both,0.4895668823048085,P1,P1
Alto Piquiri,9727.0,P2,32.63434282213392,56.80448049133792,43.114277390566365,46.047778903034,0.4976375923586204,0.0,0.1453760013877665,0.21772056470509807,0.0,0.21772056470509807,187.0,0.0,0,1,1,both,P1,38.87404621210965,13.454529704853227,0.4976375923586204,0.14899158445739072,0.05156683942590611,0.46768717329551057,0.0,0.46768717329551057,189.0,1.0,both,4100707,235.0,642.0,0.3660436137071651,1410.0,1273.0,1.1076197957580518,1.0,6.0,0.16666666666666666,43.74487620921463,75.2521530838251,83.33333333333334,both,7.58,9727.0,0.13087282821013674,12.34,13.642908567314615,76.06524473260191,66.13076098606645,both,410070.0,0.041666666666666664,354.0,0.28028503562945367,0.45795583868880585,4.166666666666666,43.00573339012496,62.4509743745807,both,0.4976375923586204,P2,P1
Altônia,18742.0,P2,32.63434282213392,48.049698205977556,36.16237984163383,39.89882969846225,0.42411887130102693,0.0,0.25706314149557136,0.36608847091976926,0.0,0.36608847091976926,107.0,1.0,0,0,0,both,P1,38.87404621210965,13.454529704853227,0.42411887130102693,0.2634564466721025,0.09118378283402565,0.48027531496920295,0.0,0.48027531496920295,174.0,1.0,both,4100509,196.0,1054.0,0.1859582542694497,2586.0,2251.0,1.1488227454464683,9.0,10.0,0.9,71.42115250174773,72.44925675504332,9.999999999999998,both,8.89,18742.0,0.12010457795326006,10.99,16.000719942404608,69.8065766627406,58.89603429796356,both,410050.0,0.0,398.0,0.1803352967829633,0.4010435604521324,0.0,25.814556498525075,71.92361185512196,both,0.4241188713010269,P2,P1
Alvorada do Sul,10326.0,P2,32.63434282213392,51.48217164648356,16.536652153926344,46.9914049840926,0.4269676108301573,0.0,0.13292825264364508,0.18968431108672976,0.0,0.18968431108672976,203.0,0.0,0,0,0,both,P1,38.87404621210965,13.454529704853227,0.4269676108301573,0.1362342531880619,0.047151454117639206,0.4041897654070972,0.0,0.4041897654070972,278.0,0.0,both,4100806,222.0,578.0,0.38408304498269896,1268.0,1164.0,1.0893470790378006,1.0,4.0,0.25,40.97250045529048,76.4951837648654,75.0,both,0.0,10326.0,0.11272515979081929,8.91,0.0,65.51754848029022,47.7491961414791,both,410080.0,0.01639344262295082,308.0,0.2586062132661629,0.40941085934594595,1.639344262295082,39.27701459255714,70.53093541397124,both,0.4269676108301573,P2,P1
Amaporã,4762.0,P1,5.296345791329013,61.66856636474126,33.90183565764621,64.33889828009465,0.5718335298946361,0.0,0.07514329058377874,0.1181127436861993,0.0,0.1181127436861993,279.0,0.0,0,1,1,both,P1,38.87404621210965,13.454529704853227,0.5718335298946361,0.07701214656163637,0.026654344337978177,0.4791284742181457,0.0,0.4791284742181457,176.0,1.0,both,4100905,119.0,311.0,0.38263665594855306,729.0,658.0,1.1079027355623101,0.0,2.0,0.0,41.19478761211711,75.23290565264314,100.0,both,0.0,4762.0,0.13817723645527089,11.34,0.0,80.31067602947006,60.77170418006431,both,410090.0,0.017857142857142856,292.0,0.474025974025974,0.43144540590649444,1.7857142857142856,76.32882939375288,66.86344435434111,both,0.5718335298946361,P1,P1
Ampére,19620.0,P2,32.63434282213392,62.509268507235596,43.254936679218744,23.827713768182885,0.4318578024601114,0.0,0.2912088008945833,0.41696959370596215,0.0,0.41696959370596215,83.0,1.0,0,0,0,both,P1,38.87404621210965,13.454529704853227,0.4318578024601114,0.29845132786044487,0.10329571134018899,0.5082001009631151,0.0,0.5082001009631151,147.0,1.0,both,4101002,361.0,1396.0,0.25859598853868193,2930.0,2550.0,1.1490196078431372,2.0,6.0,0.3333333333333333,60.25787965616046,72.43586487671736,66.66666666666667,both,3.62,19620.0,0.12996941896024464,13.81,6.515478761699065,75.54016976764126,74.0085744908896,both,410100.0,0.00997506234413965,277.0,0.10401802478407811,0.5148044362498078,0.997506234413965,12.688121772845479,52.988936082366514,both,0.4318578024601114,P2,P1
Anahy,2918.0,P1,5.296345791329013,43.07419744334423,29.17554196871067,44.506140213142196,0.4086724345633671,0.0,0.04179702789310489,0.05887832103969303,0.0,0.05887832103969303,372.0,0.0,0,0,0,both,P1,38.87404621210965,13.454529704853227,0.4086724345633671,0.042836543528205026,0.014825972686474183,0.33270946995242,0.0,0.33270946995242,341.0,0.0,both,4101051,91.0,168.0,0.5416666666666666,380.0,366.0,1.0382513661202186,0.0,1.0,0.0,16.75438596491229,79.97105108106975,100.0,both,0.0,2918.0,0.12542837559972583,11.31,0.0,72.90084746305561,60.61093247588425,both,410105.0,0.0,76.0,0.2222222222222222,0.390824308269983,0.0,33.019032998233705,73.62453253942788,both,0.40867243456336705,P1,P1
Andirá,19878.0,P2,32.63434282213392,48.312407828864295,38.24728148213852,44.16189143024602,0.4463917600007183,0.0,0.2712238831861315,0.392295989755818,0.0,0.392295989755818,92.0,1.0,0,0,0,both,P1,38.87404621210965,13.454529704853227,0.4463917600007183,0.27796937398766924,0.09620678997370542,0.5074620654978985,0.0,0.5074620654978985,148.0,1.0,both,4101101,434.0,1071.0,0.40522875816993464,2623.0,2375.0,1.104421052631579,2.0,8.0,0.25,37.72273821809426,75.46975268370102,75.0,both,13.27,19878.0,0.11947882080692222,10.21,23.88408927285817,69.44287725217283,54.71596998928189,both,410110.0,0.032467532467532464,673.0,0.2947875602277705,0.48931614776209936,3.2467532467532463,45.50014176599234,57.23127753001451,both,0.44639176000071823,P2,P1
Antonina,18091.0,P2,32.63434282213392,71.11136348686651,30.306251356132957,63.78848713102816,0.6002119051838446,0.0,0.2882396131207562,0.46124446046141954,0.0,0.46124446046141954,74.0,1.0,0,1,1,both,P1,38.87404621210965,13.454529704853227,0.6002119051838446,0.2954082947136325,0.10224250016573999,0.6450197715348915,0.0,0.6450197715348915,54.0,1.0,both,4101200,72.0,1081.0,0.0666049953746531,2786.0,2524.0,1.1038034865293185,3.0,4.0,0.75,89.76386386873752,75.51176360218855,25.0,both,0.0,18091.0,0.13951688684981484,10.12,0.0,81.08930087093444,54.23365487674169,both,410120.0,0.056818181818181816,959.0,0.4084327086882453,0.39346274262975434,5.681818181818182,65.04690469507582,73.18538420482102,both,0.6002119051838446,P2,P1
Antônio Olinto,7018.0,P2,32.63434282213392,92.69770188437234,31.71595800319047,65.67578974177654,0.6969258825109764,1.0,0.10083818478035962,-0.8288850743007833,-1.0,0.1711149256992167,221.0,-1.0,1,0,1,both,P1,38.87404621210965,13.454529704853227,0.6969258825109764,0.10334608725520503,0.03576867180917132,0.5933635783200096,0.0,0.5933635783200096,82.0,1.0,both,4101309,51.0,390.0,0.13076923076923078,1027.0,883.0,1.1630804077010193,0.0,2.0,0.0,79.90283400809717,71.4793565539049,100.0,both,13.33,7018.0,0.12581932174408664,7.55,23.992080633549314,73.12807120808176,40.460878885316184,both,410130.0,0.02727272727272727,340.0,0.41262135922330095,0.35812301555789183,2.727272727272727,65.7673451195959,79.06742642110515,both,0.6969258825109764,P2,P1
Apucarana,130134.0,M1,30.046353078654292,47.94666613526456,44.05721727580242,30.732470554840507,0.40283098131202505,0.0,1.934996832297184,2.7144735050871187,2.0,0.7144735050871187,32.0,3.0,0,2,2,both,M1,30.79362280995862,10.657848955470229,0.40283098131202505,1.9831212938303442,0.6863696207639852,1.5123964492282065,1.0,0.5123964492282065,142.0,2.0,both,4101408,2717.0,7678.0,0.3538681948424069,18761.0,16944.0,1.1072355996222851,17.0,41.0,0.4146341463414634,45.616045845272204,75.2782886383574,58.53658536585367,both,10.63,130134.0,0.1302042510028125,11.67,19.132469402447803,75.67665766228887,62.540192926045016,both,410140.0,0.05845881310894597,2629.0,0.1608738220536042,0.5225030361022276,5.845881310894597,22.467217540914973,51.70755976482649,both,0.40283098131202505,M1,M1
Arapongas,119138.0,M1,30.046353078654292,53.06456580646262,44.53089756976515,23.0772524561952,0.3936290681901615,0.0,1.7666667254271387,2.462078102359587,2.0,0.462078102359587,73.0,3.0,0,2,2,both,M1,30.79362280995862,10.657848955470229,0.3936290681901615,1.8106047223533654,0.6266606487971464,1.3960451307589876,1.0,0.3960451307589876,291.0,1.0,both,4101507,1980.0,7199.0,0.2750381997499653,16820.0,15470.0,1.0872656755009695,28.0,51.0,0.5490196078431373,57.730971406847445,76.63677455815119,45.09803921568627,both,8.01,119138.0,0.12984941832161023,12.73,14.416846652267818,75.47042360206487,68.22079314040728,both,410150.0,0.023622047244094488,1985.0,0.1318411264612115,0.5604704445047118,2.3622047244094486,17.47364565839753,45.38815897793909,both,0.3936290681901615,M1,M1
Arapoti,25777.0,P3,32.02680132379698,62.380901367808605,64.68921652056912,34.076690438540844,0.45860037840800044,0.0,0.42676364272276773,0.6224776107662057,0.0,0.6224776107662057,44.0,1.0,0,1,1,both,P2,20.095371623394037,6.955123039206443,0.515208800266536,0.43737749498607154,0.15137885226599462,0.6656202967597551,0.0,0.6656202967597551,45.0,1.0,both,4101606,320.0,1801.0,0.1776790671848973,4212.0,3737.0,1.127107305325127,6.0,10.0,0.6,72.69353283263685,73.92648418303737,40.0,both,16.57,25777.0,0.14497420180781317,14.24,29.823614110871127,84.26117392923273,76.31296891747053,both,410160.0,0.03508771929824561,887.0,0.2398593834505138,0.5512473116252089,3.508771929824561,36.052593286039055,46.923282801994574,both,0.515208800266536,P3,P2
Arapuã,3527.0,P1,5.296345791329013,59.04468514300268,34.968128786489,66.0063328855755,0.5701403296872907,0.0,0.04944839638719786,0.07764092140590269,0.0,0.07764092140590269,345.0,0.0,0,1,1,both,P1,38.87404621210965,13.454529704853227,0.5701403296872907,0.0506782058680677,0.01754001686678503,0.46065323363296884,0.0,0.46065323363296884,200.0,0.0,both,4101655,72.0,182.0,0.3956043956043956,494.0,433.0,1.1408775981524248,0.0,3.0,0.0,39.20185078079816,72.98973806403964,100.0,both,0.0,3527.0,0.12276722426991778,13.33,0.0,71.35414651725408,71.43622722400858,both,410165.0,0.16666666666666666,158.0,0.398989898989899,0.4239468733090905,16.666666666666664,63.42275826156379,68.11152092291287,both,0.5701403296872907,P1,P1
Araruna,14485.0,P2,32.63434282213392,69.33559752905917,35.702608935150124,37.29368084414278,0.497922331363108,0.0,0.2106981324119632,0.3156094377163807,0.0,0.3156094377163807,135.0,0.0,0,1,1,both,P1,38.87404621210965,13.454529704853227,0.497922331363108,0.21593831368726307,0.07473748526378379,0.5103595680374297,0.0,0.5103595680374297,144.0,1.0,both,4101705,241.0,893.0,0.2698768197088466,1948.0,1845.0,1.0558265582655826,1.0,5.0,0.2,58.524194023693056,78.77547062106875,80.0,both,0.0,14485.0,0.1273731446323783,13.05,0.0,74.03117630549167,69.93569131832797,both,410170.0,0.06382978723404255,382.0,0.20738327904451684,0.497597071343986,6.382978723404255,30.466761226477203,55.85297763541056,both,0.49792233136310804,P2,P1
Araucária,151666.0,M1,30.046353078654292,48.892272958045986,49.46860935938413,16.192753341499312,0.35927732391694944,0.0,2.5503038986579742,3.466570258542774,3.0,0.4665702585427738,71.0,4.0,0,3,3,both,M1,30.79362280995862,10.657848955470229,0.35927732391694944,2.613731393639002,0.9046273826074904,1.836124983439165,1.0,0.8361249834391651,15.0,2.0,both,4101804,3972.0,10075.0,0.39424317617866006,25488.0,22332.0,1.1413218699623857,12.0,49.0,0.24489795918367346,39.411048713595406,72.95951576601153,75.51020408163265,both,6.4,151666.0,0.14724460327298142,12.86,11.519078473722102,85.58076521071696,68.91747052518757,both,410180.0,0.03426395939086294,3496.0,0.1624157955865273,0.6784083884945958,3.4263959390862944,22.732434239553463,25.758240386898517,both,0.35927732391694944,M1,M1
Ariranha do Ivaí,2329.0,P1,5.296345791329013,32.434239018648256,29.121971810739964,56.87940510596871,0.4154985201199478,0.0,0.03368886127996159,0.047686533286311845,0.0,0.047686533286311845,383.0,0.0,0,0,0,both,P1,38.87404621210965,13.454529704853227,0.4154985201199478,0.034526722242678914,0.011949896017786569,0.33280444316307695,0.0,0.33280444316307695,340.0,0.0,both,4101853,49.0,113.0,0.4336283185840708,343.0,295.0,1.1627118644067798,1.0,2.0,0.5,33.358174196553335,71.50442729894215,50.0,both,0.0,2329.0,0.1266638042078145,11.16,0.0,73.61889704377556,59.80707395498393,both,410185.0,0.1111111111111111,84.0,0.3373493975903614,0.43286093751806326,11.11111111111111,52.8207019132838,66.62783934582473,both,0.4154985201199478,P1,P1
Assaí,13797.0,P2,32.63434282213392,42.565118493670994,35.87349824542101,46.61854016345286,0.42848163111933746,0.0,0.20042017473333085,0.28629653811229105,0.0,0.28629653811229105,145.0,0.0,0,0,0,both,P1,38.87404621210965,13.454529704853227,0.42848163111933746,0.20540473740983556,0.07109175427530653,0.44803426262969326,0.0,0.44803426262969326,214.0,0.0,both,4101903,277.0,685.0,0.4043795620437956,2082.0,1755.0,1.1863247863247863,3.0,9.0,0.3333333333333333,37.853246254321945,69.89812064720266,66.66666666666667,both,6.49,13797.0,0.12720156555772993,10.94,11.681065514758819,73.93145198163762,58.62808145766345,both,410190.0,0.023255813953488372,382.0,0.2503276539973788,0.4093089875564419,2.3255813953488373,37.85311715730877,70.54789123723758,both,0.42848163111933746,P2,P1
Assis Chateaubriand,36808.0,P3,32.02680132379698,44.43058843670858,37.82283099149328,32.2177464625885,0.3578133176319347,0.0,0.5095583018006394,0.6918850482948209,0.0,0.6918850482948209,34.0,1.0,0,0,0,both,P2,20.095371623394037,6.955123039206443,0.3822390015801749,0.5222313038875706,0.18074724078428364,0.602701800793211,0.0,0.602701800793211,71.0,1.0,both,4102000,808.0,2189.0,0.3691183188670626,4985.0,4462.0,1.117212012550426,4.0,9.0,0.4444444444444444,43.272342574114596,74.59962724682701,55.55555555555556,both,6.88,36808.0,0.12122364703325364,12.04,12.38300935925126,70.45699634577612,64.5230439442658,both,410200.0,0.014204545454545454,683.0,0.15228539576365663,0.4697913039013971,1.4204545454545454,20.99002353045618,60.48104670965391,both,0.3822390015801749,P3,P2
Astorga,25475.0,P3,32.02680132379698,50.41426478521226,56.87439319016841,33.40713628074463,0.4150201336352292,0.0,0.36281190605572194,0.5133861517914199,0.0,0.5133861517914199,62.0,1.0,0,0,0,both,P2,20.095371623394037,6.955123039206443,0.44903439064416445,0.3718352425931895,0.12869430389324724,0.5679970344458207,0.0,0.5679970344458207,107.0,1.0,both,4102109,573.0,1524.0,0.37598425196850394,3462.0,3177.0,1.0897072710103872,3.0,10.0,0.3,42.21715706589308,76.47068113179533,70.0,both,21.28,25475.0,0.12471050049067714,12.52,38.30093592512599,72.48360771509545,67.09539121114683,both,410210.0,0.016853932584269662,494.0,0.15997409326424872,0.4655161307570453,1.6853932584269662,22.312465793178728,61.19261838834477,both,0.44903439064416445,P3,P2
Atalaia,3980.0,P1,5.296345791329013,29.46929830112958,12.77831405328181,34.27058416031878,0.28051615795235707,0.0,0.04807800203004688,0.061564658441541256,0.0,0.061564658441541256,369.0,0.0,0,0,0,both,P1,38.87404621210965,13.454529704853227,0.28051615795235707,0.049273729031077365,0.017053919401654728,0.23895150956222405,0.0,0.23895150956222405,387.0,0.0,both,4102208,116.0,190.0,0.6105263157894737,506.0,421.0,1.2019002375296912,0.0,1.0,0.0,6.171745152354576,68.83857575220158,100.0,both,0.0,3980.0,0.10577889447236181,8.54,0.0,61.480275207814785,45.766345123258304,both,410220.0,0.0,78.0,0.1925925925925926,0.4790702535842639,0.0,27.922789525523147,58.93663258199487,both,0.28051615795235707,P1,P1
Balsa Nova,13395.0,P2,32.63434282213392,63.47781186199726,60.63275504157293,28.900106269272218,0.4907771826082238,0.0,0.21857789996558136,0.3258509458911115,0.0,0.3258509458911115,127.0,0.0,0,1,1,both,P1,38.87404621210965,13.454529704853227,0.4907771826082238,0.22401405549995745,0.07753254568828302,0.5097210568530973,0.0,0.5097210568530973,145.0,1.0,both,4102307,243.0,832.0,0.2920673076923077,2314.0,1914.0,1.2089864158829675,1.0,6.0,0.16666666666666666,55.11386639676113,68.35652717457087,83.33333333333334,both,19.35,13395.0,0.1428891377379619,12.32,34.82721382289417,83.04930351330702,66.02357984994642,both,410230.0,0.009345794392523364,434.0,0.23846153846153847,0.5944520579244983,0.9345794392523363,35.81216644000777,39.73216496569961,both,0.4907771826082238,P2,P1
Bandeirantes,31273.0,P3,32.02680132379698,49.31942242441318,36.98092497434619,38.53019306283508,0.40378185317452925,0.0,0.4409243844133279,0.6189616494615799,0.0,0.6189616494615799,46.0,1.0,0,0,0,both,P2,20.095371623394037,6.955123039206443,0.4253603118976854,0.45189042230163823,0.1564018594056744,0.5973482967963798,0.0,0.5973482967963798,77.0,1.0,both,4102406,629.0,1828.0,0.3440919037199125,4431.0,3861.0,1.1476301476301476,5.0,13.0,0.38461538461538464,47.118507428308185,72.53038512246258,61.53846153846154,both,5.17,31273.0,0.1234611326064017,12.12,9.305255579553636,71.75745641861796,64.95176848874597,both,410240.0,0.024489795918367346,852.0,0.2253968253968254,0.4782166201353861,2.4489795918367347,33.56505908459556,59.07871370144782,both,0.4253603118976855,P3,P2
Barbosa Ferraz,10795.0,P2,32.63434282213392,66.0865761067876,23.977314707231155,56.23180541933597,0.5372281555189565,0.0,0.14549020091752907,0.22365163320253562,0.0,0.22365163320253562,182.0,0.0,0,1,1,both,P1,38.87404621210965,13.454529704853227,0.5372281555189565,0.14910862419380658,0.0516073475480003,0.4989301211355713,0.0,0.4989301211355713,154.0,1.0,both,4102505,144.0,584.0,0.2465753424657534,1374.0,1274.0,1.0784929356357928,1.0,3.0,0.3333333333333333,62.10526315789474,77.23355417095581,66.66666666666667,both,0.0,10795.0,0.11801760074108383,10.56,0.0,68.5935942998879,56.59163987138264,both,410250.0,0.04838709677419355,402.0,0.3341645885286783,0.39940530804745644,4.838709677419355,52.272920432539216,72.19628713033384,both,0.5372281555189565,P2,P1
Barra do Jacaré,2814.0,P1,5.296345791329013,48.86842509637129,21.451534567718173,47.43943858614534,0.4281345238655028,0.0,0.036429649994263555,0.0520264408491445,0.0,0.0520264408491445,380.0,0.0,0,0,0,both,P1,38.87404621210965,13.454529704853227,0.4281345238655028,0.03733567591665957,0.012922090948047171,0.34412255304727135,0.0,0.34412255304727135,334.0,0.0,both,4102703,77.0,158.0,0.4873417721518987,345.0,319.0,1.0815047021943573,0.0,1.0,0.0,25.103264490339782,77.02867395014673,100.0,both,0.0,2814.0,0.11336176261549395,10.31,0.0,65.88755156128569,55.2518756698821,both,410270.0,0.0,93.0,0.27927927927927926,0.41572167229745544,0.0,42.83274509095338,69.4805461983339,both,0.4281345238655028,P1,P1
Barracão,9759.0,P2,32.63434282213392,53.23533585580189,41.1406715796323,46.34378660140995,0.48059783298811204,1.0,0.15485456235806075,-0.7707226705443329,-1.0,0.22927732945566714,176.0,-1.0,1,0,1,both,P1,38.87404621210965,13.454529704853227,0.48059783298811204,0.15870588257990714,0.05492901355972402,0.46039003136844614,0.0,0.46039003136844614,201.0,0.0,both,4102604,195.0,645.0,0.3023255813953488,1729.0,1356.0,1.2750737463126844,2.0,6.0,0.3333333333333333,53.53733170134639,63.86083118092899,66.66666666666667,both,0.0,9759.0,0.13894866277282508,13.42,0.0,80.75904054057938,71.91854233654877,both,410260.0,0.010752688172043012,377.0,0.27700220426157235,0.43255258774846517,1.0752688172043012,42.44109224746806,66.6791619369265,both,0.48059783298811204,P2,P1
Bela Vista da Caroba,4031.0,P1,5.296345791329013,64.17709804545564,59.46358625265463,47.528236187486826,0.5657485094370791,0.0,0.05904115688725472,0.09244360339165981,0.0,0.09244360339165981,315.0,0.0,0,1,1,both,P1,38.87404621210965,13.454529704853227,0.5657485094370791,0.060509543727,0.02094269912269714,0.4637040883941491,0.0,0.4637040883941491,194.0,0.0,both,4102752,61.0,235.0,0.25957446808510637,435.0,517.0,0.8413926499032882,1.0,2.0,0.5,60.10750279955208,93.36267903843054,50.0,both,25.0,4031.0,0.12825601587695362,11.66,44.99640028797696,74.54431427465184,62.486602357985,both,410275.0,0.03225806451612903,104.0,0.2184873949579832,0.37125038314311565,3.225806451612903,32.37664936721977,76.88247094117318,both,0.5657485094370791,P1,P1
Bela Vista do Paraíso,14833.0,P2,32.63434282213392,62.6078259571324,46.73255237486981,52.13442258931876,0.5524340989355442,0.0,0.2063585502809851,0.32035805006310625,0.0,0.32035805006310625,132.0,0.0,0,1,1,both,P1,38.87404621210965,13.454529704853227,0.5524340989355442,0.21149080370346035,0.07319817662420451,0.5513055904899453,0.0,0.5513055904899453,118.0,1.0,both,4102802,65.0,857.0,0.07584597432905485,2234.0,1807.0,1.2363032650802435,5.0,6.0,0.8333333333333334,88.34367131363999,66.49825496571356,16.666666666666664,both,19.35,14833.0,0.12182296231375986,10.45,34.82721382289417,70.80532734853016,56.0021436227224,both,410280.0,0.15384615384615385,428.0,0.2447112635791881,0.41790932170783635,15.384615384615385,36.88710801825845,69.1164277613091,both,0.5524340989355442,P2,P1
Bituruna,15533.0,P2,32.63434282213392,66.38721509010522,69.79489574183586,46.77696488309336,0.592246511376466,0.0,0.255806946668183,0.40730771841828,0.0,0.40730771841828,87.0,1.0,0,1,1,both,P1,38.87404621210965,13.454529704853227,0.592246511376466,0.26216900957152806,0.09073819349098954,0.6165979513709139,0.0,0.6165979513709139,64.0,1.0,both,4102901,264.0,1202.0,0.21963394342762063,2665.0,2240.0,1.1897321428571428,2.0,6.0,0.3333333333333333,66.24573079954462,69.6663297878682,66.66666666666667,both,14.87,15533.0,0.14420910319963948,16.42,26.763858891288695,83.81648717743533,87.99571275455521,both,410290.0,0.055900621118012424,703.0,0.29965899403239554,0.4780603447972653,5.590062111801243,46.33801969561506,59.10472460227684,both,0.5922465113764661,P2,P1
Boa Esperança,4558.0,P1,5.296345791329013,38.07548056451292,18.82987945059674,35.21224302102098,0.33081065324332903,0.0,0.06052575077416829,0.08054831392581382,0.0,0.08054831392581382,339.0,0.0,0,0,0,both,P1,38.87404621210965,13.454529704853227,0.33081065324332903,0.06203106030040619,0.021469304709921633,0.28484786743487794,0.0,0.28484786743487794,370.0,0.0,both,4103008,126.0,267.0,0.47191011235955055,615.0,530.0,1.1603773584905661,1.0,4.0,0.25,27.474866942637497,71.6632357850228,75.0,both,0.0,4558.0,0.11627906976744186,9.21,0.0,67.58313410128234,49.35691318327975,both,410300.0,0.0,126.0,0.23639774859287055,0.5134021212934026,0.0,35.45719826191325,53.2223412741307,both,0.33081065324332903,P1,P1
Boa Esperança do Iguaçu,2455.0,P1,5.296345791329013,35.726041583773466,34.2505584663142,39.67367287005961,0.37009997474796064,0.0,0.03882784011927777,0.05319802276694033,0.0,0.05319802276694033,378.0,0.0,0,0,0,both,P1,38.87404621210965,13.454529704853227,0.37009997474796064,0.03979351038139265,0.013772761512025198,0.3015348240871591,0.0,0.3015348240871591,358.0,0.0,both,4103024,83.0,139.0,0.5971223021582733,355.0,340.0,1.0441176470588236,0.0,1.0,0.0,8.231730405149579,79.57198796955079,100.0,both,0.0,2455.0,0.1384928716904277,11.41,0.0,80.49412794792242,61.14683815648446,both,410302.0,0.0,59.0,0.18495297805642633,0.4084300931685424,0.0,26.608789445176928,70.69417685746232,both,0.3700999747479607,P1,P1
Boa Ventura de São Roque,6378.0,P2,32.63434282213392,77.70347095354639,57.5753049631791,51.927915281585825,0.6336761548668871,0.0,0.10026718713154671,0.16380411273238388,0.0,0.16380411273238388,226.0,0.0,0,1,1,both,P1,38.87404621210965,13.454529704853227,0.6336761548668871,0.10276088857312572,0.03556613119870036,0.5439012178779028,0.0,0.5439012178779028,120.0,1.0,both,4103040,117.0,444.0,0.2635135135135135,954.0,878.0,1.0865603644646924,0.0,1.0,0.0,59.50213371266003,76.68475446563792,100.0,both,23.26,6378.0,0.1376607086861085,10.66,41.864650827933765,80.01046236625315,57.12754555198285,both,410304.0,0.0,347.0,0.39076576576576577,0.4788050460126916,0.0,62.00822200896484,58.98077446596853,both,0.633676154866887,P2,P1
Boa Vista da Aparecida,7924.0,P2,32.63434282213392,52.683878246267426,41.82975172507102,60.68190453797174,0.5371226345870987,0.0,0.1277892738043289,0.19642778522208215,0.0,0.19642778522208215,200.0,0.0,0,1,1,both,P1,38.87404621210965,13.454529704853227,0.5371226345870987,0.13096746504934814,0.04532858862340058,0.4871666811383365,0.0,0.4871666811383365,170.0,1.0,both,4103057,186.0,519.0,0.3583815028901734,1302.0,1119.0,1.1635388739946382,1.0,4.0,0.25,44.922421661089146,71.44816865350039,75.0,both,0.0,7924.0,0.1412165572942958,13.38,0.0,82.0771747488996,71.70418006430869,both,410305.0,0.019417475728155338,410.0,0.37511436413540716,0.37263815337465295,1.9417475728155338,59.31620883179966,76.6514866137672,both,0.5371226345870986,P2,P1
Bocaiúva do Sul,13299.0,P2,32.63434282213392,73.09004814285377,60.39156696933489,54.85806765339119,0.6325755971236496,1.0,0.2295410548227892,-0.6252568753582926,-1.0,0.37474312464170745,101.0,0.0,1,0,1,both,P1,38.87404621210965,13.454529704853227,0.6325755971236496,0.2352498701958801,0.08142132540932544,0.6315134912268063,0.0,0.6315134912268063,56.0,1.0,both,4103107,164.0,953.0,0.1720881427072403,2353.0,2010.0,1.1706467661691542,1.0,3.0,0.3333333333333333,73.55276964709782,70.96464295856867,66.66666666666667,both,15.31,13299.0,0.1511391833972479,12.71,27.555795536357092,87.84435341565279,68.11361200428725,both,410310.0,0.06060606060606061,770.0,0.385578367551327,0.47582947628728195,6.0606060606060606,61.115998764154256,59.47603654614152,both,0.6325755971236496,P2,P1
Bom Jesus do Sul,3980.0,P1,5.296345791329013,16.86345006501683,30.062678020796607,51.07639586571181,0.3318847397645078,0.0,0.062352943250369594,0.08304693359456962,0.0,0.08304693359456962,333.0,0.0,0,0,0,both,P1,38.87404621210965,13.454529704853227,0.3318847397645078,0.06390369608305996,0.0221174346634287,0.2867797202278465,0.0,0.2867797202278465,367.0,0.0,both,4103156,144.0,257.0,0.5603112840466926,619.0,546.0,1.1336996336996337,1.0,2.0,0.5,13.889002662297772,73.47803053739406,50.0,both,0.0,3980.0,0.1371859296482412,10.3,0.0,79.73451368994505,55.19828510182209,both,410315.0,0.06666666666666667,147.0,0.27893738140417457,0.4131865306195105,6.666666666666667,42.77393926596954,69.90250221241433,both,0.3318847397645078,P1,P1
Bom Sucesso,6581.0,P2,32.63434282213392,44.13152014767218,32.157834445977834,49.43736278471929,0.43859120062152157,0.0,0.1072333584470642,0.15426496587504007,0.0,0.15426496587504007,239.0,0.0,0,0,0,both,P1,38.87404621210965,13.454529704853227,0.43859120062152157,0.10990031249449322,0.03803712664644606,0.39699665107600907,0.0,0.39699665107600907,288.0,0.0,both,4103206,166.0,444.0,0.3738738738738739,962.0,939.0,1.0244941427050054,1.0,2.0,0.5,42.54148885727833,80.90690813247818,50.0,both,0.0,6581.0,0.14268348275338094,10.33,0.0,82.92977376105385,55.35905680600214,both,410320.0,0.14285714285714285,160.0,0.17316017316017315,0.3686884579995093,14.285714285714285,24.580448027186996,77.30888486958325,both,0.43859120062152157,P2,P1
Bom Sucesso do Sul,3202.0,P1,5.296345791329013,29.85468090799172,34.299464677947405,31.611581218969093,0.3144639778637381,0.0,0.04705020626218365,0.06184580128269928,0.0,0.06184580128269928,366.0,0.0,0,0,0,both,P1,38.87404621210965,13.454529704853227,0.3144639778637381,0.04822037140333462,0.016689346302807002,0.2642109784271323,0.0,0.2642109784271323,376.0,0.0,both,4103222,91.0,205.0,0.44390243902439025,497.0,412.0,1.2063106796116505,1.0,2.0,0.5,31.779204107830555,68.53854839946806,50.0,both,0.0,3202.0,0.12866958151155528,12.49,0.0,74.78468480564135,66.93461950696677,both,410322.0,0.0,77.0,0.1828978622327791,0.4999306853635468,0.0,26.255313187361907,55.464564443886566,both,0.3144639778637381,P1,P1
Borrazópolis,7735.0,P2,32.63434282213392,52.405818747968034,39.58788005666352,51.15393560586023,0.4934147775286401,0.0,0.10517776691133773,0.1570740313728546,0.0,0.1570740313728546,236.0,0.0,0,1,1,both,P1,38.87404621210965,13.454529704853227,0.4934147775286401,0.10779359723900774,0.03730798044875061,0.43828720624296924,0.0,0.43828720624296924,231.0,0.0,both,4103305,134.0,370.0,0.3621621621621622,952.0,921.0,1.0336590662323561,1.0,3.0,0.3333333333333333,44.34139402560455,80.28344960092555,66.66666666666667,both,12.66,7735.0,0.11906916612798965,10.86,22.78617710583153,69.20477982709978,58.19935691318327,both,410330.0,0.04,228.0,0.2787286063569682,0.3960488029842863,4.0,42.73803033005337,72.75495314494655,both,0.4934147775286401,P2,P1
Braganey,4854.0,P1,5.296345791329013,41.120123920801646,28.459092464889473,47.53679863422807,0.4115458751498979,0.0,0.06623572726229736,0.09349476760464948,0.0,0.09349476760464948,313.0,0.0,0,0,0,both,P1,38.87404621210965,13.454529704853227,0.4115458751498979,0.06788304712119922,0.02349471081463122,0.3502354482625305,0.0,0.3502354482625305,331.0,0.0,both,4103354,147.0,283.0,0.519434628975265,700.0,580.0,1.206896551724138,0.0,3.0,0.0,20.17109912590664,68.49869351515407,100.0,both,0.0,4854.0,0.11948908117016893,11.74,0.0,69.44884072871783,62.91532690246516,both,410335.0,0.0,161.0,0.28295254833040423,0.4183869129018002,0.0,43.46454081905743,69.0369361580121,both,0.4115458751498978,P1,P1
Brasilândia do Sul,3708.0,P1,5.296345791329013,59.0424616273386,57.380332010006164,37.16302373039414,0.4995826054509432,0.0,0.053673778988413384,0.08048826533984303,0.0,0.08048826533984303,340.0,0.0,0,0,0,both,P1,38.87404621210965,13.454529704853227,0.4995826054509432,0.05500867611545455,0.019038817384270126,0.4095885805893151,0.0,0.4095885805893151,271.0,0.0,both,4103370,97.0,246.0,0.3943089430894309,539.0,470.0,1.146808510638298,0.0,2.0,0.0,39.40094137783483,72.5862782884971,100.0,both,23.81,3708.0,0.1267529665587918,11.6,42.854571634269256,73.67071953543237,62.165058949624864,both,410337.0,0.0,110.0,0.21739130434782608,0.47110705892819205,0.0,32.188123736378735,60.262048792715895,both,0.49958260545094324,P1,P1
Cafeara,2627.0,P1,5.296345791329013,41.83127007765,17.812593012060297,36.894819844882,0.35052954571424855,0.0,0.035287654696637735,0.04765702026677143,0.0,0.04765702026677143,384.0,0.0,0,0,0,both,P1,38.87404621210965,13.454529704853227,0.35052954571424855,0.036165278552500964,0.012517009727105254,0.2844954858845499,0.0,0.2844954858845499,373.0,0.0,both,4103404,55.0,149.0,0.3691275167785235,348.0,309.0,1.1262135922330097,1.0,2.0,0.5,43.270929000353235,73.9872804406797,50.0,both,0.0,2627.0,0.11762466692044157,8.76,0.0,68.36521528768469,46.945337620578776,both,410340.0,0.0,51.0,0.17229729729729729,0.42762255305126967,0.0,24.432034917104,67.49973058924465,both,0.35052954571424855,P1,P1
Cafelândia,18997.0,P2,32.63434282213392,41.625160117243645,44.56939568332585,15.62361247998589,0.3181338817555699,0.0,0.2933785919600723,0.38671226224431354,0.0,0.38671226224431354,95.0,1.0,0,0,0,both,P1,38.87404621210965,13.454529704853227,0.3181338817555699,0.30067508285234623,0.10406536565997863,0.4157319390884966,0.0,0.4157319390884966,264.0,0.0,both,4103453,587.0,1409.0,0.41660752306600424,2990.0,2569.0,1.1638769949396652,1.0,3.0,0.3333333333333333,35.97400171827725,71.4251674372606,66.66666666666667,both,3.15,18997.0,0.13523187871769227,13.79,5.6695464362850965,78.59879006965684,73.90139335476955,both,410345.0,0.028846153846153848,394.0,0.14121863799283155,0.6598580454809285,2.8846153846153846,19.086560923645955,28.845810942015216,both,0.31813388175556984,P2,P1
Cafezal do Sul,4473.0,P1,5.296345791329013,64.18132428757679,42.93633234791282,46.5180900112953,0.5286703218913139,0.0,0.05972635406583022,0.09130190489520727,0.0,0.09130190489520727,318.0,0.0,0,1,1,both,P1,38.87404621210965,13.454529704853227,0.5286703218913139,0.06121178214549516,0.02118574785526229,0.43578521098890594,0.0,0.43578521098890594,235.0,0.0,both,4103479,102.0,281.0,0.36298932384341637,580.0,523.0,1.1089866156787762,0.0,2.0,0.0,44.214272335643386,75.15917298004916,100.0,both,15.38,4473.0,0.11692376481108875,11.18,27.68178545716343,67.95784050094963,59.91425509110396,both,410347.0,0.0,124.0,0.2361904761904762,0.3818942061501733,0.0,35.421547778225836,75.11088351088944,both,0.5286703218913139,P1,P1
Califórnia,8710.0,P2,32.63434282213392,38.983673121097404,60.683836732827025,46.88656830469701,0.46484863916883173,0.0,0.13338505076269538,0.19538891009519987,0.0,0.19538891009519987,201.0,0.0,0,0,0,both,P1,38.87404621210965,13.454529704853227,0.46484863916883173,0.13670241213372533,0.047313486606015975,0.43418367992743184,0.0,0.43418367992743184,238.0,0.0,both,4103503,248.0,563.0,0.4404973357015986,1341.0,1168.0,1.1481164383561644,2.0,6.0,0.3333333333333333,32.30251472375433,72.4973044206929,66.66666666666667,both,25.42,8710.0,0.1340987370838117,11.25,45.752339812814974,77.94019120787151,60.28938906752411,both,410350.0,0.02,360.0,0.3050847457627119,0.46082503248537443,2.0,47.271239320220886,61.973417799121066,both,0.46484863916883173,P2,P1
Cambará,23212.0,P3,32.02680132379698,60.28148649009901,36.37076489065574,45.27886038443402,0.46497766506811367,0.0,0.3246692631150197,0.4756332189976266,0.0,0.4756332189976266,70.0,1.0,0,1,1,both,P2,20.095371623394037,6.955123039206443,0.4949829172794436,0.332743970630292,0.11516459111378718,0.581972269274928,0.0,0.581972269274928,91.0,1.0,both,4103602,200.0,1444.0,0.13850415512465375,3289.0,2843.0,1.1568765388673936,6.0,8.0,0.75,78.71409826505321,71.9013846200873,25.0,both,10.75,23212.0,0.12247975185249009,10.17,19.348452123830093,71.18706324959214,54.5016077170418,both,410360.0,0.037037037037037035,830.0,0.28620689655172415,0.47022321969609876,3.7037037037037033,44.024282911285404,60.40915744652664,both,0.49498291727944366,P3,P2
Cambira,9460.0,P2,32.63434282213392,53.429573298964414,31.797562234926136,33.46538223344813,0.41117494659950254,0.0,0.14012282301868773,0.1977378172907682,0.0,0.1977378172907682,197.0,0.0,0,0,0,both,P1,38.87404621210965,13.454529704853227,0.41117494659950254,0.14360775658226113,0.049703465809573286,0.3963227263633685,0.0,0.3963227263633685,290.0,0.0,both,4103800,236.0,597.0,0.3953098827470687,1191.0,1227.0,0.9706601466992665,1.0,4.0,0.25,39.24711275676629,84.56905152049292,75.0,both,0.0,9460.0,0.12970401691331923,11.63,0.0,75.38591412933947,62.325830653804935,both,410380.0,0.024,250.0,0.20177562550443906,0.5123298967592117,2.4,29.502254814886225,53.40080530025691,both,0.4111749465995025,P2,P1
Cambé,107208.0,M1,30.046353078654292,60.84473196630379,38.693440354626965,27.829211958665283,0.4320826564091302,0.0,1.530730496937645,2.1921325963009304,2.0,0.19213259630093038,202.0,2.0,0,2,2,both,M1,30.79362280995862,10.657848955470229,0.4320826564091302,1.568800626918197,0.5429708685505463,1.2929531860130876,1.0,0.2929531860130876,364.0,1.0,both,4103701,1796.0,6176.0,0.29080310880829013,14407.0,13404.0,1.074828409430021,12.0,37.0,0.32432432432432434,55.30815380419962,77.48283940724487,67.56756756756756,both,7.26,107208.0,0.1250279829863443,11.76,13.06695464362851,72.66813328897899,63.022508038585215,both,410370.0,0.05555555555555555,2072.0,0.157902758725804,0.5514037739969522,5.555555555555555,21.956199945333204,46.89724077077055,both,0.4320826564091302,M1,M1
Campina Grande do Sul,47825.0,P3,32.02680132379698,62.35685349189829,58.974280851528945,32.62185196413962,0.4383933804716922,0.0,0.8225792128798758,1.1831924947200283,1.0,0.1831924947200283,208.0,1.0,0,1,1,both,P3,12.727954295488436,4.4052177696212595,0.4978633835272096,0.8430372214034447,0.29178000344446325,0.9079211864514398,0.0,0.9079211864514398,6.0,1.0,both,4104006,908.0,3223.0,0.28172510083772884,8305.0,7203.0,1.1529918089684854,5.0,19.0,0.2631578947368421,56.703300292306935,72.16564956359981,73.6842105263158,both,8.8,47825.0,0.15061160480920022,14.53,15.83873290136789,87.53771685125386,77.86709539121114,both,410400.0,0.028901734104046242,1465.0,0.21594929245283018,0.5397174785390998,2.8901734104046244,31.940100261252496,48.84234020787933,both,0.4978633835272096,P3,P3
Campina da Lagoa,15723.0,P2,32.63434282213392,56.85255159971552,61.118401119812425,54.03607522448942,0.5657913095364446,0.0,0.24016161109070927,0.37604296353010397,0.0,0.37604296353010397,98.0,1.0,0,1,1,both,P1,38.87404621210965,13.454529704853227,0.5657913095364446,0.24613456568255512,0.08518858076408527,0.5845837587059655,0.0,0.5845837587059655,88.0,1.0,both,4103909,296.0,975.0,0.3035897435897436,2404.0,2103.0,1.143128863528293,3.0,9.0,0.3333333333333333,53.34304993252361,72.83659214839885,66.66666666666667,both,20.41,15723.0,0.1337531005533295,13.1,36.73506119510439,77.73930208795854,70.20364415862808,both,410390.0,0.05670103092783505,617.0,0.2990790111488124,0.3936425382805292,5.670103092783505,46.23826367362994,73.15545851790183,both,0.5657913095364446,P2,P1
Campina do Simão,3936.0,P1,5.296345791329013,79.25570499143944,56.658561886492556,57.735944591264776,0.661283722103802,0.0,0.06360913807775799,0.10567282566563249,0.0,0.10567282566563249,296.0,0.0,0,1,1,both,P1,38.87404621210965,13.454529704853227,0.661283722103802,0.06519113318363443,0.02256302400646481,0.5399603016785683,0.0,0.5399603016785683,123.0,1.0,both,4103958,61.0,276.0,0.2210144927536232,682.0,557.0,1.2244165170556554,0.0,3.0,0.0,66.0335621662853,67.30686994719481,100.0,both,0.0,3936.0,0.14151422764227642,17.78,0.0,82.25018520629132,95.28403001071813,both,410395.0,0.1,224.0,0.398576512455516,0.4795091142349107,10.0,63.35165651463378,58.863587397777096,both,0.661283722103802,P1,P1
Campo Bonito,4027.0,P1,5.296345791329013,34.952930447300936,40.74053193793427,53.76882713347477,0.4363680941989714,0.0,0.06029735171464312,0.08660919216760701,0.0,0.08660919216760701,325.0,0.0,0,0,0,both,P1,38.87404621210965,13.454529704853227,0.4363680941989714,0.06179698082757446,0.02138828846573325,0.36550808989316685,0.0,0.36550808989316685,316.0,0.0,both,4104055,120.0,248.0,0.4838709677419355,577.0,528.0,1.0928030303030303,1.0,3.0,0.3333333333333333,25.636672325976235,76.26008717136875,66.66666666666667,both,0.0,4027.0,0.1311149739259995,14.15,0.0,76.20598344353186,75.83065380493034,both,410405.0,0.03333333333333333,173.0,0.3288973384030418,0.4135201746951009,3.3333333333333335,51.366962801362284,69.84696956684961,both,0.4363680941989714,P1,P1
Campo Largo,136327.0,M1,30.046353078654292,62.554494849485195,45.39320972467573,26.48768600738499,0.44695514287683225,0.0,2.1169166832089767,3.0630834818109944,3.0,0.06308348181099444,362.0,3.0,0,3,3,both,M1,30.79362280995862,10.657848955470229,0.44695514287683225,2.1695655939408103,0.7508990592600326,1.6832066750929697,1.0,0.6832066750929697,39.0,2.0,both,4104204,2467.0,8119.0,0.3038551545756867,19296.0,18537.0,1.04094513675352,8.0,30.0,0.26666666666666666,53.302260454683946,79.78780303995234,73.33333333333334,both,10.7,136327.0,0.13597453182421676,11.42,19.258459323254137,79.03043116026205,61.20042872454447,both,410420.0,0.04012671594508976,2739.0,0.15575774808075063,0.555496425062272,4.0126715945089755,21.587261938500465,46.21604857328189,both,0.4469551428768322,M1,M1
Campo Magro,30160.0,P3,32.02680132379698,84.88309549387711,40.43513022477153,42.47584206221314,0.5054915038105761,0.0,0.48352080901477085,0.7279364698873537,0.0,0.7279364698873537,28.0,1.0,0,1,1,both,P2,20.095371623394037,6.955123039206443,0.590306010673904,0.4955462439847543,0.17151138894680792,0.768380592309492,0.0,0.768380592309492,22.0,1.0,both,4104253,448.0,1911.0,0.23443223443223443,4096.0,4234.0,0.9674067076051016,0.0,4.0,0.0,63.97146712936187,84.79037190075476,100.0,both,5.31,30160.0,0.14038461538461539,11.27,9.557235421166306,81.59363767074048,60.39657020364415,both,410425.0,0.06692913385826772,836.0,0.20989204117499372,0.441871734359986,6.692913385826772,30.898263840308083,65.12805732094459,both,0.590306010673904,P3,P2
Campo Mourão,99432.0,P4,10.392043008865171,53.827124495985956,45.84659275314048,25.280277700344406,0.4081227942916024,0.0,1.4549020091752907,2.0486806825803767,2.0,0.04868068258037672,382.0,2.0,0,2,2,both,P4,10.65049897410691,3.686198602449356,0.4081227942916024,1.4910862419380655,0.516073475480003,1.2180553337106024,1.0,0.21805533371060237,390.0,1.0,both,4104303,2022.0,6305.0,0.32069785884218877,14521.0,12740.0,1.139795918367347,11.0,31.0,0.3548387096774194,50.71380274635836,73.06332105558369,64.51612903225806,both,11.97,99432.0,0.12812776570922843,11.98,21.544276457883367,74.46977335941044,64.20150053590568,both,410430.0,0.08108108108108109,2409.0,0.186527293844367,0.6259201721091477,8.108108108108109,26.8795689540188,34.49452473931732,both,0.4081227942916024,P4,P4
Campo do Tenente,7508.0,P2,32.63434282213392,70.62221848030612,76.48189602946358,55.06989536848661,0.6557322474540982,1.0,0.13875242866153673,-0.7702631294525194,-1.0,0.2297368705474806,175.0,-1.0,1,0,1,both,P1,38.87404621210965,13.454529704853227,0.6557322474540982,0.14220327974527078,0.049217368344442985,0.5875748508409012,0.0,0.5875748508409012,86.0,1.0,both,4104105,128.0,580.0,0.2206896551724138,1409.0,1215.0,1.159670781893004,1.0,4.0,0.25,66.08348457350273,71.7113017843332,75.0,both,18.02,7508.0,0.16182738412360148,15.45,32.433405327573794,94.05649550137176,82.79742765273312,both,410410.0,0.023076923076923078,449.0,0.37986463620981387,0.44491732765631664,2.307692307692308,60.133247159831484,64.62114032336223,both,0.6557322474540981,P2,P1
Candói,14973.0,P2,32.63434282213392,67.1339261538681,54.097368067605615,41.48071404521729,0.5426532969315528,0.0,0.25592114619794554,0.3947975999367626,0.0,0.3947975999367626,91.0,1.0,0,1,1,both,P1,38.87404621210965,13.454529704853227,0.5426532969315528,0.2622860493079439,0.09077870161308373,0.5762281085844904,0.0,0.5762281085844904,100.0,1.0,both,4104428,255.0,1097.0,0.2324521422060164,2478.0,2241.0,1.105756358768407,2.0,6.0,0.3333333333333333,64.27577603991749,75.37891635530661,66.66666666666667,both,9.26,14973.0,0.14966940492887196,13.02,16.666666666666664,86.9900961918369,69.77491961414792,both,410442.0,0.08139534883720931,628.0,0.2791111111111111,0.5336488950031608,8.13953488372093,42.80382046583799,49.85241208757591,both,0.5426532969315528,P2,P1
Cantagalo,10933.0,P2,32.63434282213392,54.028833162106395,68.34551811956608,57.348124385500384,0.5821988664295593,0.0,0.1839754424475191,0.29108573649134134,0.0,0.29108573649134134,141.0,0.0,0,1,1,both,P1,38.87404621210965,13.454529704853227,0.5821988664295593,0.18855101536595162,0.06525858469374292,0.5601743890365144,0.0,0.5601743890365144,115.0,1.0,both,4104451,229.0,725.0,0.3158620689655172,1911.0,1611.0,1.186219739292365,1.0,3.0,0.3333333333333333,51.456987295825776,69.90526663902483,66.66666666666667,both,13.25,10933.0,0.1473520534162627,16.19,23.84809215262779,85.64321684072316,86.76312968917472,both,410445.0,0.09090909090909091,472.0,0.2993024730500951,0.37596339246526955,9.090909090909092,46.27669872226357,76.098024594367,both,0.5821988664295593,P2,P1
Capanema,20481.0,P3,32.02680132379698,41.98955486662229,43.289168879549464,23.666388538973422,0.312555778726184,0.0,0.28138764133500127,0.36933697469638677,0.0,0.36933697469638677,105.0,1.0,0,0,0,both,P2,20.095371623394037,6.955123039206443,0.34920211138148183,0.2883859105286808,0.0998120128400885,0.43403331301066955,0.0,0.43403331301066955,239.0,0.0,both,4104501,590.0,1293.0,0.4563031709203403,2567.0,2464.0,1.041801948051948,2.0,7.0,0.2857142857142857,29.873407416452974,79.72951708564608,71.42857142857143,both,8.2,20481.0,0.12030662565304429,13.33,14.75881929445644,69.92400980712921,71.43622722400858,both,410450.0,0.013605442176870748,291.0,0.11358313817330211,0.5287434216587226,1.3605442176870748,14.33330422314594,50.66889268020097,both,0.34920211138148183,P3,P2
Capitão Leônidas Marques,14648.0,P2,32.63434282213392,53.912189099391064,59.0619372971673,44.724748254365814,0.5126716240093621,0.0,0.22097609009059554,0.33426426106458024,0.0,0.33426426106458024,122.0,0.0,0,1,1,both,P1,38.87404621210965,13.454529704853227,0.5126716240093621,0.22647188996469053,0.07838321625226105,0.5289355305925568,0.0,0.5289355305925568,132.0,1.0,both,4104600,340.0,963.0,0.3530633437175493,2215.0,1935.0,1.144702842377261,1.0,4.0,0.25,45.73973875498716,72.7295197283242,75.0,both,15.63,14648.0,0.1320999453850355,14.27,28.1317494600432,76.77846358406877,76.47374062165059,both,410460.0,0.0,554.0,0.28337595907928387,0.4514805293269061,0.0,43.53736671300973,63.528742829123196,both,0.5126716240093621,P2,P1
Carambeí,23283.0,P3,32.02680132379698,70.84845619403956,63.984020317774416,18.969668654862012,0.38348296495280004,0.0,0.4323594196811342,0.5981618918657275,0.0,0.5981618918657275,51.0,1.0,0,0,0,both,P2,20.095371623394037,6.955123039206443,0.48724054003115513,0.4431124420704487,0.15336375024861001,0.6452069146196684,0.0,0.6452069146196684,53.0,1.0,both,4104659,273.0,1772.0,0.15406320541760724,4109.0,3786.0,1.0853143159006868,4.0,8.0,0.5,76.32291790424142,76.76951890536726,50.0,both,8.67,23283.0,0.16260791135162994,14.77,15.604751619870411,94.51014959773707,79.15326902465166,both,410465.0,0.038834951456310676,795.0,0.21492295214922952,0.7031663337977073,3.8834951456310676,31.763571558788588,21.637459285074332,both,0.4872405400311551,P3,P2
Carlópolis,16905.0,P2,32.63434282213392,62.85003216966911,51.79896940057799,46.211196050313234,0.5398428516810854,1.0,0.25295195842411844,-0.6104937350018902,-1.0,0.3895062649981098,94.0,0.0,1,0,1,both,P1,38.87404621210965,13.454529704853227,0.5398428516810854,0.25924301616113155,0.08972549043863474,0.5719746329107808,0.0,0.5719746329107808,103.0,1.0,both,4104709,281.0,1121.0,0.25066904549509367,2381.0,2215.0,1.0749435665914222,2.0,5.0,0.4,61.476125639701394,77.47500565778358,60.0,both,9.9,16905.0,0.13102632357290742,14.14,17.818574514038875,76.15445853270198,75.77706323687032,both,410470.0,0.05063291139240506,554.0,0.24644128113879005,0.4264717001337268,5.063291139240507,37.18466795424157,67.69128174163346,both,0.5398428516810855,P2,P1
Cascavel,348051.0,M2,29.8345129509447,62.192263982816186,46.363930869705435,12.082409959911693,0.38982655751032236,0.0,5.152682782887685,7.161335374083499,7.0,0.16133537408349863,230.0,7.0,0,6,6,both,M2,30.576514098907197,10.582706388985502,0.38982655751032236,5.280832907083636,1.827726468889932,3.49802522481001,3.0,0.4980252248100099,156.0,4.0,both,4104808,5285.0,23119.0,0.22859985293481552,50655.0,45120.0,1.1226728723404256,46.0,102.0,0.45098039215686275,64.86781207528098,74.2281435551707,54.90196078431373,both,7.09,348051.0,0.12963617400898145,13.61,12.760979121670266,75.34648281886501,72.93676312968917,both,410480.0,0.024749868351764088,6125.0,0.13171193256349054,0.6886966002973264,2.474986835176409,17.45142453831589,24.0458418720295,both,0.38982655751032236,M2,M2
Castro,73075.0,P4,10.392043008865171,73.07245791371993,56.43138741987518,32.40581647431594,0.5347758723918938,0.0,1.2894268905493098,1.978981280828384,1.0,0.978981280828384,4.0,2.0,0,2,2,both,P4,10.65049897410691,3.686198602449356,0.5347758723918938,1.3214956638714834,0.45737720656551917,1.251164724313175,1.0,0.25116472431317494,384.0,1.0,both,4104907,850.0,5223.0,0.1627417193183994,12595.0,11291.0,1.1154902134443363,8.0,20.0,0.4,74.9891673468565,74.71675537551327,60.0,both,8.88,73075.0,0.15451248717071503,13.32,15.982721382289416,89.80496801071747,71.38263665594855,both,410490.0,0.04391891891891892,2993.0,0.27597971415398803,0.6132827961418493,4.391891891891892,42.26522577185485,36.59792465498584,both,0.5347758723918938,P4,P4
Catanduvas,10446.0,P2,32.63434282213392,66.12439201865666,30.792447053379867,42.61421116495313,0.4965393068411989,0.0,0.15725275248307496,0.23533492519989163,0.0,0.23533492519989163,172.0,0.0,0,1,1,both,P1,38.87404621210965,13.454529704853227,0.4965393068411989,0.16116371704464022,0.05577968412370205,0.47453620257216,0.0,0.47453620257216,180.0,1.0,both,4105003,145.0,707.0,0.2050919377652051,1404.0,1377.0,1.0196078431372548,1.0,2.0,0.5,68.48060745924217,81.23930644918478,50.0,both,0.0,10446.0,0.1318207926479035,11.1,0.0,76.61621583900111,59.485530546623785,both,410500.0,0.04672897196261682,303.0,0.21248246844319776,0.4308053557648914,4.672897196261682,31.343812712235763,66.96997607559045,both,0.49653930684119896,P2,P1
Centenário do Sul,10832.0,P2,32.63434282213392,65.36733532739711,23.097705205503686,34.92137143954404,0.447350237478772,0.0,0.15291317035209687,0.2213189134227393,0.0,0.2213189134227393,184.0,0.0,0,0,0,both,P1,38.87404621210965,13.454529704853227,0.447350237478772,0.15671620706083753,0.05424037548412276,0.43289876959873996,0.0,0.43289876959873996,240.0,0.0,both,4105102,98.0,647.0,0.15146831530139104,1397.0,1339.0,1.0433159073935774,4.0,6.0,0.6666666666666666,76.72171154315464,79.62652758822738,33.333333333333336,both,0.0,10832.0,0.1236152141802068,9.69,0.0,71.84701093333702,51.92926045016076,both,410510.0,0.0,326.0,0.23865300146412885,0.5191105128344807,0.0,35.84509773511384,52.272220749333684,both,0.447350237478772,P2,P1
Cerro Azul,16134.0,P2,32.63434282213392,91.4560492707425,39.62109068311757,69.73994773357096,0.7240261693834888,1.0,0.2583193363229598,-0.5546507041214426,-1.0,0.4453492958785574,78.0,0.0,1,0,1,both,P1,38.87404621210965,13.454529704853227,0.7240261693834888,0.264743883772677,0.09162937217706175,0.725848002122492,0.0,0.725848002122492,30.0,1.0,both,4105201,195.0,1096.0,0.17791970802919707,2247.0,2262.0,0.993368700265252,0.0,4.0,0.0,72.65655013446025,83.02426596743483,100.0,both,0.0,16134.0,0.14020081814801041,12.83,0.0,81.48681196845577,68.7566988210075,both,410520.0,0.032520325203252036,1054.0,0.46411272567151035,0.36728914917428584,3.2520325203252036,74.62376835008483,77.54178971253367,both,0.7240261693834888,P2,P1
Chopinzinho,21085.0,P3,32.02680132379698,50.06565318046336,49.33679441339026,35.35289391840305,0.41092225869812554,1.0,0.3169036950911641,-0.5528735227321926,-1.0,0.4471264772678074,77.0,0.0,1,0,1,both,P2,20.095371623394037,6.955123039206443,0.4403477772222461,0.32478526855401346,0.11241003881138215,0.5315192969342971,0.0,0.5315192969342971,130.0,1.0,both,4105409,503.0,1435.0,0.3505226480836237,3071.0,2775.0,1.1066666666666667,3.0,8.0,0.375,46.130203557674676,75.31699120952486,62.5,both,7.55,21085.0,0.13161014939530472,14.13,13.588912886969043,76.49378683078506,75.72347266881029,both,410540.0,0.027906976744186046,604.0,0.21372965322009907,0.5051107658734474,2.7906976744186047,31.558326270386733,54.60237747280365,both,0.4403477772222461,P3,P2
Cianorte,79527.0,P4,10.392043008865171,48.936339034471274,44.94797309167801,21.94834506950331,0.37343468259925444,0.0,1.1559276402568517,1.5875911117038743,1.0,0.5875911117038743,53.0,2.0,0,1,1,both,P4,10.65049897410691,3.686198602449356,0.37343468259925444,1.184676212001342,0.410023211837409,0.9943622701307351,0.0,0.9943622701307351,2.0,1.0,both,4105508,1793.0,5041.0,0.35568339615155725,11276.0,10122.0,1.1140090891128236,8.0,21.0,0.38095238095238093,45.3370780651291,74.81751121903079,61.904761904761905,both,10.76,79527.0,0.12727752838658568,12.21,19.36645068394528,73.97560271366135,65.43408360128618,both,410550.0,0.039735099337748346,1201.0,0.11772201529111939,0.5686708027987729,3.9735099337748347,15.045183708636866,44.02326859335183,both,0.37343468259925444,P4,P4
Cidade Gaúcha,11467.0,P2,32.63434282213392,42.297664016494764,53.18790028502407,29.728442357685264,0.39448022606676825,0.0,0.1763240739534261,0.2458804345075872,0.0,0.2458804345075872,168.0,0.0,0,0,0,both,P1,38.87404621210965,13.454529704853227,0.39448022606676825,0.18070935302608898,0.06254454051343207,0.4057674798002002,0.0,0.4057674798002002,277.0,0.0,both,4105607,280.0,788.0,0.3553299492385787,1810.0,1544.0,1.172279792746114,2.0,4.0,0.5,45.391397274913174,70.85355372267715,50.0,both,6.9,11467.0,0.1346472486264934,15.17,12.419006479481641,78.25899431851987,81.29689174705251,both,410560.0,0.0,269.0,0.17111959287531806,0.5096279991513119,0.0,24.229471856130328,53.85051663394738,both,0.39448022606676825,P2,P1
Clevelândia,15070.0,P2,32.63434282213392,57.66927567534801,75.86194817620304,44.525864531590216,0.5605044571801591,0.0,0.24541478945978804,0.38297087280992953,0.0,0.38297087280992953,96.0,1.0,0,1,1,both,P1,38.87404621210965,13.454529704853227,0.5605044571801591,0.2515183935576847,0.08705195438041809,0.583791202222823,0.0,0.583791202222823,89.0,1.0,both,4105706,257.0,1091.0,0.23556370302474794,2755.0,2149.0,1.281991624011168,3.0,7.0,0.42857142857142855,63.79757827198611,63.39023152360659,57.14285714285714,both,23.26,15070.0,0.14260119442601193,15.59,41.864650827933765,82.88194655470733,83.54769560557341,both,410570.0,0.05263157894736842,631.0,0.28616780045351475,0.4882965992546407,5.263157894736842,44.01755845209376,57.40097401211316,both,0.5605044571801591,P2,P1
Colombo,232212.0,M2,29.8345129509447,66.40935386950292,50.19248076028837,37.23533085442488,0.5149637004162879,0.0,3.8407585849751467,5.818609838299574,5.0,0.8186098382995741,20.0,6.0,0,5,5,both,M2,30.576514098907197,10.582706388985502,0.5149637004162879,3.9362804151382274,1.362369162271857,2.8988301329146013,2.0,0.8988301329146013,8.0,3.0,both,4105805,3929.0,14801.0,0.26545503682183635,37968.0,33632.0,1.1289248334919124,14.0,60.0,0.23333333333333334,59.203752235802,73.80284393240814,76.66666666666666,both,8.21,232212.0,0.14483316968976626,12.73,14.776817854571636,84.17920395333238,68.22079314040728,both,410580.0,0.056998556998557,6643.0,0.20884026533371058,0.49567604945517524,5.6998556998557,30.717360270709165,56.17271784804474,both,0.5149637004162879,M2,M2
Colorado,22896.0,P3,32.02680132379698,62.4083267040657,42.643010520037095,24.233120427719314,0.35550139701452144,0.0,0.29132300042434583,0.39488873405766284,0.0,0.39488873405766284,90.0,1.0,0,0,0,both,P2,20.095371623394037,6.955123039206443,0.43185180956721425,0.2985683675968607,0.10333621946228319,0.5082674361278966,0.0,0.5082674361278966,146.0,1.0,both,4105904,298.0,1302.0,0.22887864823348694,2866.0,2551.0,1.1234809878479028,4.0,9.0,0.4444444444444444,64.82496563990622,74.17317020966344,55.55555555555556,both,13.89,22896.0,0.11141684136967156,12.19,25.0,64.75713425027921,65.32690246516613,both,410590.0,0.0,340.0,0.13122346584330374,0.532216889610719,0.0,17.367409133280287,50.09075903788373,both,0.4318518095672142,P3,P2
Congonhinhas,8320.0,P2,32.63434282213392,67.65186488469327,43.08718518727857,58.413450059523,0.5904356301514222,0.0,0.13361344982222056,0.2125035912647088,0.0,0.2125035912647088,191.0,0.0,0,1,1,both,P1,38.87404621210965,13.454529704853227,0.5904356301514222,0.13693649160655705,0.047394502850204356,0.5328197685809698,0.0,0.5328197685809698,128.0,1.0,both,4106001,141.0,517.0,0.2727272727272727,1203.0,1170.0,1.028205128205128,1.0,4.0,0.25,58.086124401913885,80.65446242863624,75.0,both,0.0,8320.0,0.140625,13.82,0.0,81.73335280373833,74.06216505894963,both,410600.0,0.0,427.0,0.38227394807520143,0.3947138949209303,0.0,60.547644505366534,72.97713894642575,both,0.5904356301514222,P2,P1
Conselheiro Mairinck,3461.0,P1,5.296345791329013,33.31724226274883,36.49582044673192,55.17293888295923,0.42695236547629606,0.0,0.051389788393161745,0.07333078010894846,0.0,0.07333078010894846,352.0,0.0,0,0,0,both,P1,38.87404621210965,13.454529704853227,0.42695236547629606,0.05266788138713733,0.01822865494238629,0.3526744047965119,0.0,0.3526744047965119,327.0,0.0,both,4106100,88.0,210.0,0.41904761904761906,539.0,450.0,1.1977777777777778,1.0,2.0,0.5,35.598997493734345,69.11901264789881,50.0,both,0.0,3461.0,0.13002022536839064,13.0,0.0,75.5696992117777,69.66773847802786,both,410610.0,0.044444444444444446,147.0,0.3333333333333333,0.4084740503929785,4.444444444444445,52.12994602089832,70.68686049507734,both,0.42695236547629606,P1,P1
Contenda,19128.0,P2,32.63434282213392,81.4305867899522,51.55112068597245,39.23964301938266,0.5857831606092843,1.0,0.3129067115494738,-0.5037978059832178,-1.0,0.4962021940167822,66.0,0.0,1,0,1,both,P1,38.87404621210965,13.454529704853227,0.5857831606092843,0.32068887777945837,0.11099225453808541,0.6497173169048658,0.0,0.6497173169048658,51.0,1.0,both,4106209,296.0,1243.0,0.23813354786806115,2935.0,2740.0,1.0711678832116789,0.0,5.0,0.0,63.40263369606639,77.73185253801313,100.0,both,12.82,19128.0,0.14324550397323296,11.76,23.074154067674584,83.25642889808746,63.022508038585215,both,410620.0,0.035211267605633804,545.0,0.2077773541746092,0.4582118165841374,3.5211267605633805,30.53454144629752,62.40836870352632,both,0.5857831606092844,P2,P1
Corbélia,17470.0,P2,32.63434282213392,42.62507392682893,48.57985828537666,35.16884759187444,0.40833540264556684,0.0,0.2630015170432256,0.37039434740146604,0.0,0.37039434740146604,104.0,1.0,0,0,0,both,P1,38.87404621210965,13.454529704853227,0.40833540264556684,0.2695425129657273,0.09329020518292362,0.47112077175328915,0.0,0.47112077175328915,186.0,1.0,both,4106308,538.0,1114.0,0.4829443447037702,2474.0,2303.0,1.0742509769865394,1.0,6.0,0.16666666666666666,25.77907965605217,77.52212016962214,83.33333333333334,both,9.01,17470.0,0.1318259874069834,13.39,16.216702663786897,76.61923511065699,71.7577706323687,both,410630.0,0.03056768558951965,451.0,0.19339622641509435,0.4878345454314819,3.056768558951965,28.061013110278267,57.477879532308286,both,0.40833540264556684,P2,P1
Cornélio Procópio,45206.0,P3,32.02680132379698,57.89864007367274,33.91660138366904,23.42753542348088,0.3241956954555688,0.0,0.5704266511640955,0.7553565160446306,0.0,0.7553565160446306,26.0,1.0,0,0,0,both,P3,12.727954295488436,4.4052177696212595,0.39313790475595256,0.5846134833972242,0.20233806986048783,0.6502187818003523,0.0,0.6502187818003523,50.0,1.0,both,4106407,669.0,2269.0,0.29484354341119434,5581.0,4995.0,1.1173173173173174,6.0,17.0,0.35294117647058826,54.68720280206908,74.59246372220669,64.70588235294117,both,13.27,45206.0,0.1104941821882051,9.89,23.88408927285817,64.22087093723809,53.0010718113612,both,410640.0,0.05555555555555555,637.0,0.13345904043578463,0.5772604360708076,5.555555555555555,17.75192397761352,42.59358620147127,both,0.39313790475595256,P3,P3
Coronel Domingos Soares,5649.0,P2,32.63434282213392,66.78912899353635,89.25386031932314,61.41028171843321,0.6913053634865246,0.0,0.09992458854225897,0.16900299254570672,0.0,0.16900299254570672,223.0,0.0,0,1,1,both,P1,38.87404621210965,13.454529704853227,0.6913053634865246,0.10240976936387815,0.03544460683241779,0.5883640257888431,0.0,0.5883640257888431,85.0,1.0,both,4106456,131.0,452.0,0.28982300884955753,1180.0,875.0,1.3485714285714285,0.0,2.0,0.0,55.45877969259432,58.861034192245945,100.0,both,24.39,5649.0,0.15489467162329615,17.88,43.898488120950326,90.02709932946532,95.81993569131832,both,410645.0,0.023809523809523808,419.0,0.4640088593576966,0.4586799230145027,2.380952380952381,74.6059035292813,62.33045577059608,both,0.6913053634865246,P2,P1
Coronel Vivida,23331.0,P3,32.02680132379698,60.61079449095115,52.74743158504843,31.67564129502341,0.41677029992213965,0.0,0.35230554931756447,0.49913603877088,0.0,0.49913603877088,64.0,1.0,0,1,1,both,P2,20.095371623394037,6.955123039206443,0.47464060631399513,0.36106758684293033,0.1249675566605816,0.58281735352653,0.0,0.58281735352653,90.0,1.0,both,4106506,361.0,1465.0,0.24641638225255974,3415.0,3085.0,1.106969205834684,4.0,9.0,0.4444444444444444,62.129692832764505,75.29641050038242,55.55555555555556,both,12.5,23331.0,0.13222750846513223,13.42,22.49820014398848,76.85260515370629,71.91854233654877,both,410650.0,0.01953125,576.0,0.1871345029239766,0.515299324555706,1.953125,26.98400783318172,52.90656549977204,both,0.47464060631399513,P3,P2
Corumbataí do Sul,3760.0,P1,5.296345791329013,63.11398707120358,24.91018090035186,50.03214039718188,0.5024048716742455,0.0,0.05253178369078757,0.07892400773477692,0.0,0.07892400773477692,342.0,0.0,0,0,0,both,P1,38.87404621210965,13.454529704853227,0.5024048716742455,0.05383827875129594,0.01863373616332821,0.41100067894780606,0.0,0.41100067894780606,269.0,0.0,both,4106555,83.0,219.0,0.3789954337899543,494.0,460.0,1.0739130434782609,0.0,1.0,0.0,41.75438596491229,77.54510863517835,100.0,both,0.0,3760.0,0.12234042553191489,10.37,0.0,71.1060847086896,55.573419078242225,both,410655.0,0.03125,121.0,0.2800925925925926,0.4052285545034275,3.125,42.97263353087153,71.2270498348619,both,0.5024048716742455,P1,P1
Cruz Machado,15978.0,P2,32.63434282213392,74.13514818843119,61.742376798912126,46.05935312502538,0.6042627588516505,0.0,0.229312655763264,0.36787775377437276,0.0,0.36787775377437276,106.0,1.0,0,1,1,both,P1,38.87404621210965,13.454529704853227,0.6042627588516505,0.23501579072304835,0.08134030916513706,0.6084590712123557,0.0,0.6084590712123557,68.0,1.0,both,4106803,184.0,890.0,0.20674157303370785,2209.0,2008.0,1.1000996015936255,1.0,4.0,0.25,68.22708456534595,75.76372627881707,75.0,both,25.51,15978.0,0.12567280010013768,12.45,45.9143268538517,73.04291063764077,66.72025723472669,both,410680.0,0.015151515151515152,396.0,0.20668058455114824,0.3658297538483211,1.5151515151515151,30.345899026378742,77.7846955193645,both,0.6042627588516505,P2,P1
Cruzeiro do Iguaçu,4133.0,P1,5.296345791329013,42.33723032203246,49.55025369591138,35.6094504960022,0.4108872306639613,0.0,0.06406593619680832,0.09038981130060893,0.0,0.09038981130060893,321.0,0.0,0,0,0,both,P1,38.87404621210965,13.454529704853227,0.4108872306639613,0.06565929212929787,0.022725056494841574,0.34836867957901746,0.0,0.34836867957901746,332.0,0.0,both,4106571,106.0,253.0,0.4189723320158103,633.0,561.0,1.1283422459893049,1.0,3.0,0.3333333333333333,35.61056792178074,73.84247537589947,66.66666666666667,both,23.26,4133.0,0.13573675296394871,8.47,41.864650827933765,78.89223053110254,45.39121114683816,both,410657.0,0.0,108.0,0.19963031423290203,0.4707947494819513,0.0,29.133265100834254,60.31403044338334,both,0.4108872306639614,P1,P1
Cruzeiro do Oeste,23831.0,P3,32.02680132379698,42.286846823647814,41.31215794418314,34.502874158446744,0.37421525448634235,0.0,0.3287804461864726,0.45181510452627666,0.0,0.45181510452627666,76.0,1.0,0,0,0,both,P2,20.095371623394037,6.955123039206443,0.38978319981674453,0.33695740114126305,0.1166228835091781,0.49687899628445165,0.0,0.49687899628445165,159.0,1.0,both,4106605,515.0,1361.0,0.3783982365907421,3076.0,2879.0,1.0684265369920112,4.0,8.0,0.5,41.84616574500174,77.91833698422711,50.0,both,13.99,23831.0,0.12080903025471025,10.74,25.179985601151905,70.21601487420963,57.556270096463024,both,410660.0,0.0,556.0,0.19454163750874737,0.47838679110937005,0.0,28.258021776352248,59.050389972435305,both,0.38978319981674453,P3,P2
Cruzeiro do Sul,4494.0,P1,5.296345791329013,55.63997713322875,76.28778809445875,49.5034355169476,0.5731492267896229,0.0,0.06383753713728316,0.10042597218767084,0.0,0.10042597218767084,304.0,0.0,0,1,1,both,P1,38.87404621210965,13.454529704853227,0.5731492267896229,0.06542521265646616,0.022644040250653193,0.47257585595597357,0.0,0.47257585595597357,182.0,1.0,both,4106704,117.0,264.0,0.4431818181818182,584.0,559.0,1.0447227191413238,0.0,2.0,0.0,31.889952153110052,79.53082697667253,100.0,both,45.45,4494.0,0.12438807298620383,10.24,81.80345572354211,72.29620802814969,54.87674169346195,both,410670.0,0.0,141.0,0.2650375939849624,0.3770356354040299,0.0,40.38320061035072,75.91955750493318,both,0.5731492267896229,P1,P1
Cruzmaltina,2892.0,P1,5.296345791329013,56.83855419285192,34.66171533459891,100.0,0.6966776474406055,0.0,0.04191122742286747,0.07110984274517897,0.0,0.07110984274517897,355.0,0.0,0,1,1,both,P1,38.87404621210965,13.454529704853227,0.6966776474406055,0.04295358326462089,0.014866480808568375,0.5518776923375206,0.0,0.5518776923375206,117.0,1.0,both,4106852,70.0,173.0,0.4046242774566474,432.0,367.0,1.1771117166212535,0.0,1.0,0.0,37.81563735929419,70.5248543991336,100.0,both,0.0,2892.0,0.12690179806362378,12.79,0.0,73.75722263155853,68.54233654876741,both,410685.0,1.0,108.0,0.3068181818181818,0.43460605656236523,100.0,47.56938723139882,66.33737689063507,both,0.6966776474406055,P1,P1
Curitiba,1773718.0,G2,23.114213223006058,56.511036138398964,29.90225405983405,0.0,0.2858486526732639,0.0,23.114213223006058,29.721379930404883,29.0,0.7213799304048827,29.0,30.0,0,10,10,both,G2,23.68907673004304,8.1989249281086,0.2858486526732639,23.68907673004304,8.1989249281086,13.978722034686253,13.0,0.9787220346862533,3.0,14.0,both,4106902,17725.0,85003.0,0.20852205216286485,233206.0,202402.0,1.1521921720141106,379.0,604.0,0.6274834437086093,67.95345303602288,72.22004614201774,37.251655629139066,both,7.1,1773718.0,0.11411171336142499,10.37,12.778977681785456,66.32343414903758,55.573419078242225,both,410690.0,0.03952118563556907,23579.0,0.12714683979789373,0.8331657247483765,3.952118563556907,16.666236721262447,0.0,both,0.2858486526732639,G2,G2
Curiúva,13647.0,P2,32.63434282213392,70.2780041586458,45.052585532615694,54.24116885607033,0.5881818631240959,0.0,0.20396036015597088,0.3239261447959714,0.0,0.3239261447959714,129.0,0.0,0,1,1,both,P1,38.87404621210965,13.454529704853227,0.5881818631240959,0.20903296923872727,0.07234750606022648,0.5783926195232227,0.0,0.5783926195232227,98.0,1.0,both,4107009,101.0,900.0,0.11222222222222222,1874.0,1786.0,1.049272116461366,2.0,3.0,0.6666666666666666,82.75321637426902,79.22134697237804,33.333333333333336,both,11.36,13647.0,0.13087125375540412,11.65,20.44636429085673,76.06432963596806,62.433011789924976,both,410700.0,0.0,567.0,0.3141274238227147,0.37274511468739396,0.0,48.82656382529093,76.63368367613353,both,0.5881818631240959,P2,P1
Cândido de Abreu,15244.0,P2,32.63434282213392,72.62934805636503,46.4263578625584,67.16565441985468,0.6520327256299956,0.0,0.2362788270787815,0.3903403547076178,0.0,0.3903403547076178,93.0,1.0,0,1,1,both,P1,38.87404621210965,13.454529704853227,0.6520327256299956,0.24215521464441586,0.08381130461288275,0.6518951075007915,0.0,0.6518951075007915,49.0,1.0,both,4104402,195.0,944.0,0.2065677966101695,2133.0,2069.0,1.0309328177863701,1.0,3.0,0.3333333333333333,68.25379125780553,80.46890699701945,66.66666666666667,both,10.36,15244.0,0.13572553135659932,11.87,18.646508279337652,78.88570836511133,63.61200428724544,both,410440.0,0.02912621359223301,658.0,0.3321554770318021,0.2587833148593555,2.912621359223301,51.92735683691249,95.60180180192293,both,0.6520327256299956,P2,P1
Céu Azul,11087.0,P2,32.63434282213392,52.34567797017339,30.80252655973746,23.797600338713057,0.36617816635502065,0.0,0.1521137736437588,0.20781451635397305,0.0,0.20781451635397305,193.0,0.0,0,0,0,both,P1,38.87404621210965,13.454529704853227,0.36617816635502065,0.1558969289059265,0.053956818629463416,0.36834698385663245,0.0,0.36834698385663245,314.0,0.0,both,4105300,296.0,663.0,0.4464555052790347,1525.0,1332.0,1.144894894894895,0.0,3.0,0.0,31.386838136064142,72.71645504968637,100.0,both,9.17,11087.0,0.12014070533056734,9.29,16.504679625629947,69.82757443465405,49.785637727759905,both,410530.0,0.025,138.0,0.10321615557217652,0.5233525962134725,2.5,12.550201697967642,51.566156622989766,both,0.36617816635502065,P2,P1
Diamante D'Oeste,4557.0,P1,5.296345791329013,76.6798523725228,86.696207374668,51.9869622606113,0.6880596732818723,0.0,0.07834087741713103,0.13224407593737741,0.0,0.13224407593737741,259.0,0.0,0,1,1,both,P1,38.87404621210965,13.454529704853227,0.6880596732818723,0.08028925918128046,0.027788571756615546,0.5707694489342648,0.0,0.5707694489342648,104.0,1.0,both,4107157,72.0,277.0,0.259927797833935,781.0,686.0,1.1384839650145773,0.0,1.0,0.0,60.05320159604789,73.15256877361891,100.0,both,40.82,4557.0,0.15053763440860216,12.07,73.47012239020879,87.49472414832681,64.68381564844587,both,410715.0,0.06521739130434782,165.0,0.26570048309178745,0.3880627620367873,6.521739130434782,40.49721635492856,74.08417195579482,both,0.6880596732818723,P1,P1
Diamante do Norte,5142.0,P2,32.63434282213392,29.88875744386263,14.863020255470765,47.859242974550256,0.34071804218459306,0.0,0.06749192208968577,0.09048763764735859,0.0,0.09048763764735859,320.0,0.0,0,0,0,both,P1,38.87404621210965,13.454529704853227,0.34071804218459306,0.0691704842217737,0.02394030015766733,0.2966782858023895,0.0,0.2966782858023895,360.0,0.0,both,4107108,112.0,233.0,0.48068669527896996,614.0,591.0,1.038917089678511,1.0,2.0,0.5,26.126044725547782,79.92576417487415,50.0,both,0.0,5142.0,0.11493582263710618,8.17,0.0,66.80241878319283,43.78349410503751,both,410710.0,0.0,141.0,0.27485380116959063,0.4062733344258818,0.0,42.071570745811684,71.05315376605226,both,0.34071804218459306,P2,P1
Diamante do Sul,3171.0,P1,5.296345791329013,80.64756423091175,89.06071530995135,72.03541052201979,0.7888533296316288,0.0,0.046479208613370744,0.08314448708667133,0.0,0.08314448708667133,332.0,0.0,0,1,1,both,P1,38.87404621210965,13.454529704853227,0.7888533296316288,0.047635172721255316,0.016486805692336043,0.6253081858254725,0.0,0.6253081858254725,59.0,1.0,both,4107124,47.0,215.0,0.2186046511627907,483.0,407.0,1.1867321867321867,0.0,1.0,0.0,66.40391676866585,69.8704065851056,100.0,both,51.28,3171.0,0.1283506780195522,11.67,92.29661627069834,74.5993333274388,62.540192926045016,both,410712.0,0.125,178.0,0.43099273607748184,0.36196915143113284,12.5,68.92718918609751,78.42726489608928,both,0.7888533296316289,P1,P1
Dois Vizinhos,44869.0,P3,32.02680132379698,45.69160428569216,46.06327137852805,18.16762056921377,0.2925154747437231,0.0,0.6603016810872473,0.8534501408045618,0.0,0.8534501408045618,17.0,1.0,0,0,0,both,P3,12.727954295488436,4.4052177696212595,0.3475634421766798,0.6767237559565066,0.23421796194861674,0.6643181015888427,0.0,0.6643181015888427,46.0,1.0,both,4107207,1164.0,3063.0,0.38001958863858964,6429.0,5782.0,1.1118989968868904,5.0,13.0,0.38461538461538464,41.596989535543074,74.96105360612162,61.53846153846154,both,4.66,44869.0,0.1288640263879293,14.42,8.387329013678906,74.89769907537685,77.27759914255091,both,410720.0,0.031914893617021274,828.0,0.13531622814185323,0.6260590249163913,3.1914893617021276,18.07135695207047,34.471413692862555,both,0.34756344217667984,P3,P3
Douradina,9161.0,P2,32.63434282213392,41.480863288666136,30.20566851006217,22.42784561826532,0.3160461726478501,0.0,0.13795303195319866,0.18155255970717366,0.0,0.18155255970717366,211.0,0.0,0,0,0,both,P1,38.87404621210965,13.454529704853227,0.3160461726478501,0.14138400159035977,0.048933811489783645,0.32025195664488293,0.0,0.32025195664488293,348.0,0.0,both,4107256,219.0,590.0,0.3711864406779661,1364.0,1208.0,1.1291390728476822,2.0,4.0,0.5,42.95450490633364,73.78826995874098,50.0,both,0.0,9161.0,0.13186333369719463,10.92,0.0,76.64094133297696,58.520900321543415,both,410725.0,0.09090909090909091,168.0,0.14011676396997497,0.6169903351915259,9.090909090909092,18.897040556131248,35.980831569790986,both,0.3160461726478501,P2,P1
Doutor Camargo,6327.0,P2,32.63434282213392,49.805144223950606,53.46897163333768,43.215111768794394,0.4790189672376554,0.0,0.07868347600641878,0.11637435342168236,0.0,0.11637435342168236,281.0,0.0,0,1,1,both,P1,38.87404621210965,13.454529704853227,0.4790189672376554,0.08064037839052805,0.02791009612289812,0.41001395981161826,0.0,0.41001395981161826,270.0,0.0,both,4107306,146.0,353.0,0.41359773371104813,699.0,689.0,1.0145137880986939,1.0,4.0,0.25,36.43655881914419,81.58583766294903,75.0,both,33.33,6327.0,0.10889837205626679,9.17,59.98920086393088,63.293362225974136,49.142550911039656,both,410730.0,0.0,148.0,0.2096317280453258,0.3928061653195978,0.0,30.853490446090415,73.29466675385547,both,0.47901896723765536,P2,P1
Doutor Ulysses,5697.0,P2,32.63434282213392,94.70863714191874,36.87665060020353,73.51254092712207,0.7466380134765703,1.0,0.08953243133386403,-0.8436192519932922,-1.0,0.15638074800670776,237.0,-1.0,1,0,1,both,P1,38.87404621210965,13.454529704853227,0.7466380134765703,0.09175915335003482,0.03175836772184634,0.6238647922302117,0.0,0.6238647922302117,62.0,1.0,both,4128633,47.0,409.0,0.11491442542787286,913.0,784.0,1.1645408163265305,0.0,1.0,0.0,82.33946725003217,71.38000992930833,100.0,both,0.0,5697.0,0.13761628927505704,12.29,0.0,79.98464514033455,65.86280814576634,both,412863.0,0.05555555555555555,386.0,0.49550706033376124,0.36976031245244984,5.555555555555555,80.02353794229714,77.13048244080703,both,0.7466380134765703,P2,P1
Engenheiro Beltrão,12454.0,P2,32.63434282213392,32.32137039394495,28.084924417844842,48.46184819235434,0.3793027231808868,0.0,0.1651325200366931,0.22776773457233312,0.0,0.22776773457233312,179.0,0.0,0,0,0,both,P1,38.87404621210965,13.454529704853227,0.3793027231808868,0.1692394588573346,0.05857474454820128,0.3867662124147114,0.0,0.3867662124147114,298.0,0.0,both,4107504,350.0,661.0,0.529500756429652,1592.0,1446.0,1.1009681881051177,2.0,8.0,0.25,18.62409427502191,75.70463929687278,75.0,both,7.25,12454.0,0.11610727477115786,9.56,13.04895608351332,67.48328428054494,51.232583065380496,both,410750.0,0.013888888888888888,427.0,0.3054363376251788,0.4392231853482224,1.3888888888888888,47.331712493748626,65.56888916628996,both,0.37930272318088687,P2,P1
Entre Rios do Oeste,4575.0,P1,5.296345791329013,38.543497923031,45.60705897598458,21.955168720797065,0.33320878452728137,0.0,0.06577892914324704,0.08769704617057454,0.0,0.08769704617057454,323.0,0.0,0,0,0,both,P1,38.87404621210965,13.454529704853227,0.33320878452728137,0.06741488817553579,0.023332678326254453,0.289875627421039,0.0,0.289875627421039,365.0,0.0,both,4107538,166.0,303.0,0.5478547854785478,673.0,576.0,1.1684027777777777,0.0,1.0,0.0,15.803369810665288,71.11729384574015,100.0,both,0.0,4575.0,0.1259016393442623,16.17,0.0,73.17591542822124,86.65594855305467,both,410753.0,0.011904761904761904,63.0,0.10623946037099494,0.5400050823069187,1.1904761904761905,13.070204733428653,48.794470638868994,both,0.3332087845272814,P1,P1
Enéas Marques,5999.0,P2,32.63434282213392,60.57920408962373,42.20452780936345,39.67451600497986,0.48542393599714123,0.0,0.08930403227433888,0.1326543471213642,0.0,0.1326543471213642,258.0,0.0,0,1,1,both,P1,38.87404621210965,13.454529704853227,0.48542393599714123,0.0915250738772031,0.031677351477657954,0.4218143494763754,0.0,0.4218143494763754,253.0,0.0,both,4107405,77.0,346.0,0.22254335260115607,887.0,782.0,1.1342710997442456,1.0,2.0,0.5,65.79860054761181,73.43915564881014,50.0,both,0.0,5999.0,0.13035505917652943,14.67,0.0,75.76430962792865,78.61736334405145,both,410740.0,0.0,180.0,0.23904382470119523,0.4643165655485597,0.0,35.91231863513114,61.39227734957981,both,0.48542393599714123,P2,P1
Esperança Nova,1849.0,P1,5.296345791329013,35.5365365899835,11.495919322388497,48.86078262987626,0.36058111552421607,0.0,0.025580694666818293,0.034804610085663996,0.0,0.034804610085663996,393.0,0.0,0,0,0,both,P1,38.87404621210965,13.454529704853227,0.36058111552421607,0.026216900957152803,0.009073819349098953,0.286158756242454,0.0,0.286158756242454,368.0,0.0,both,4107520,53.0,89.0,0.5955056179775281,237.0,224.0,1.0580357142857142,0.0,1.0,0.0,8.480189237137793,78.62518926147293,100.0,both,0.0,1849.0,0.12114656571119524,6.49,0.0,70.41219552877787,34.78027867095391,both,410752.0,0.047619047619047616,61.0,0.2904761904761905,0.43939623706413333,4.761904761904762,44.75859385501341,65.54008595859912,both,0.36058111552421607,P1,P1
Espigão Alto do Iguaçu,4797.0,P1,5.296345791329013,89.4805002082657,41.091382428203296,68.8402850885244,0.715465906043567,1.0,0.08382245484573494,-0.8562054365512654,-1.0,0.14379456344873465,251.0,-1.0,1,0,1,both,P1,38.87404621210965,13.454529704853227,0.715465906043567,0.08590716652924178,0.02973296161713675,0.5957418545619582,0.0,0.5957418545619582,78.0,1.0,both,4107546,66.0,368.0,0.1793478260869565,775.0,734.0,1.055858310626703,0.0,1.0,0.0,72.4370709382151,78.77331061609124,100.0,both,0.0,4797.0,0.15301229935376276,11.88,0.0,88.93303641878978,63.66559485530547,both,410754.0,0.047619047619047616,325.0,0.44097693351424694,0.36290025842970247,4.761904761904762,70.64445334543366,78.272288864092,both,0.715465906043567,P1,P1
Farol,3039.0,P1,5.296345791329013,82.74263982875016,24.038957282025432,43.66960692173468,0.5537269015659901,0.0,0.045337213315744924,0.0704416479707087,0.0,0.0704416479707087,357.0,0.0,0,1,1,both,P1,38.87404621210965,13.454529704853227,0.5537269015659901,0.046464775357096706,0.016081724471394127,0.4454048623899236,0.0,0.4454048623899236,217.0,0.0,both,4107553,37.0,161.0,0.22981366459627328,422.0,397.0,1.0629722921914357,0.0,1.0,0.0,64.68126838836221,78.28937068068375,100.0,both,0.0,3039.0,0.13063507732806845,9.21,0.0,75.92706036479045,49.35691318327975,both,410755.0,0.06060606060606061,91.0,0.2446236559139785,0.46010057848568026,6.0606060606060606,36.872039656028996,62.093997932671385,both,0.5537269015659901,P1,P1
Faxinal,16389.0,P2,32.63434282213392,48.10217175835277,57.646281830850256,57.577580849989396,0.5380115740950692,0.0,0.26825469541230434,0.4125788263494716,0.0,0.4125788263494716,86.0,1.0,0,1,1,both,P1,38.87404621210965,13.454529704853227,0.5380115740950692,0.2749263408408568,0.09515357879925643,0.5805838382299552,0.0,0.5805838382299552,93.0,1.0,both,4107603,323.0,1105.0,0.2923076923076923,2659.0,2349.0,1.1319710515112813,7.0,12.0,0.5833333333333334,55.07692307692308,73.59562009606327,41.666666666666664,both,10.0,16389.0,0.14332784184514002,14.52,17.998560115190784,83.30428490046037,77.81350482315112,both,410760.0,0.1111111111111111,779.0,0.33635578583765113,0.4237263130616791,11.11111111111111,52.6498024632247,68.1482315823888,both,0.5380115740950692,P2,P1
Fazenda Rio Grande,148873.0,M1,30.046353078654292,76.70567394692316,60.16516423907385,27.811608072946335,0.5383994565576257,1.0,2.811364023695236,3.325000886238411,3.0,0.32500088623841084,128.0,3.0,1,3,4,both,M1,30.79362280995862,10.657848955470229,0.5383994565576257,2.8812842310856595,0.9972289497148128,2.259862828526887,2.0,0.25986282852688714,378.0,2.0,both,4107652,1781.0,11090.0,0.160595130748422,26388.0,24618.0,1.0718986107726054,7.0,20.0,0.35,75.3190641165583,77.68214363092399,65.0,both,9.92,148873.0,0.16536242300484305,12.91,17.85457163426926,96.11111295954383,69.18542336548768,both,410765.0,0.05466970387243736,3274.0,0.13880527409166066,0.5313410694294042,5.466970387243736,18.671466635180117,50.236532978635786,both,0.5383994565576257,M1,M1
Fernandes Pinheiro,6255.0,P2,32.63434282213392,63.112700776299846,33.508982456567495,62.737781286813785,0.5704198931655894,0.0,0.10734755797682678,0.1685807405295552,0.0,0.1685807405295552,224.0,0.0,0,1,1,both,P1,38.87404621210965,13.454529704853227,0.5704198931655894,0.1100173522309091,0.03807763476854025,0.49956650558480353,0.0,0.49956650558480353,153.0,1.0,both,4107736,94.0,394.0,0.23857868020304568,915.0,940.0,0.973404255319149,1.0,2.0,0.5,63.33422388458456,84.38237915760118,50.0,both,0.0,6255.0,0.15027977617905675,9.91,0.0,87.34485308949102,53.10825294748124,both,410773.0,0.043859649122807015,371.0,0.4369846878680801,0.42738388386982656,4.385964912280701,69.9577942116526,67.53945534994017,both,0.5704198931655894,P2,P1
Figueira,8062.0,P2,32.63434282213392,73.92699243335697,24.88713830412567,53.60006228789877,0.5598824954932743,0.0,0.11317173399471844,0.17653460684298244,0.0,0.17653460684298244,217.0,0.0,0,1,1,both,P1,38.87404621210965,13.454529704853227,0.5598824954932743,0.11598637878811797,0.04014354899534403,0.49525081386327313,0.0,0.49525081386327313,161.0,1.0,both,4107751,127.0,433.0,0.29330254041570436,1074.0,991.0,1.0837537840565086,0.0,1.0,0.0,54.92403063084965,76.87567657150697,100.0,both,0.0,8062.0,0.12292235177375341,10.3,0.0,71.44430894214696,55.19828510182209,both,410775.0,0.03296703296703297,343.0,0.37001078748651567,0.45774566195452115,3.296703296703297,58.438402746826455,62.48595677332502,both,0.5598824954932743,P2,P1
Flor da Serra do Sul,4364.0,P1,5.296345791329013,47.260216883001924,59.551713538671876,51.10278493553992,0.5125554343515112,0.0,0.06509373196467155,0.09845787802538462,0.0,0.09845787802538462,308.0,0.0,0,1,1,both,P1,38.87404621210965,13.454529704853227,0.5125554343515112,0.06671264975704061,0.023089629593689303,0.4269604431914006,0.0,0.4269604431914006,245.0,0.0,both,4107850,83.0,268.0,0.30970149253731344,687.0,570.0,1.2052631578947368,1.0,2.0,0.5,52.403770620581305,68.60980773397833,50.0,both,13.33,4364.0,0.1306141154903758,15.35,23.992080633549314,75.91487703127544,82.2615219721329,both,410785.0,0.03361344537815126,176.0,0.3044982698961938,0.41943551387048905,3.361344537815126,47.17036651674661,68.8624041036665,both,0.5125554343515112,P1,P1
Floraí,4792.0,P1,5.296345791329013,26.47448080195764,17.371806812704328,38.29881968218586,0.2938368155619827,0.0,0.06052575077416829,0.0783104446411481,0.0,0.0783104446411481,344.0,0.0,0,0,0,both,P1,38.87404621210965,13.454529704853227,0.2938368155619827,0.06203106030040619,0.021469304709921633,0.256544107585181,0.0,0.256544107585181,379.0,0.0,both,4107801,120.0,251.0,0.47808764940239046,620.0,530.0,1.169811320754717,1.0,2.0,0.5,26.525477039211577,71.02147546455993,50.0,both,0.0,4792.0,0.11060100166944908,9.39,0.0,64.28295601703775,50.321543408360135,both,410780.0,0.0,90.0,0.1744186046511628,0.41351014791564256,0.0,24.796896000110564,69.84863845183979,both,0.2938368155619827,P1,P1
Floresta,10458.0,P2,32.63434282213392,36.26230123109481,44.23786787788161,31.709155921106603,0.3603615643645689,0.0,0.16810170781052022,0.228679102209475,0.0,0.228679102209475,178.0,0.0,0,0,0,both,P1,38.87404621210965,13.454529704853227,0.3603615643645689,0.172282492004147,0.05962795572265027,0.3735837601492613,0.0,0.3735837601492613,309.0,0.0,both,4107900,374.0,745.0,0.5020134228187919,1601.0,1472.0,1.0876358695652173,1.0,4.0,0.25,22.84846344048041,76.61159151685285,75.0,both,0.0,10458.0,0.14075349015108052,14.15,0.0,81.80803320089437,75.83065380493034,both,410790.0,0.03125,162.0,0.10567514677103718,0.43777256512818424,3.125,12.973143800291956,65.81033442014575,both,0.3603615643645689,P2,P1
Florestópolis,11446.0,P2,32.63434282213392,54.806494965027454,35.11501741761357,56.01365648594383,0.5135106406391123,0.0,0.16798750828075765,0.2542508812773777,0.0,0.2542508812773777,162.0,0.0,0,1,1,both,P1,38.87404621210965,13.454529704853227,0.5135106406391123,0.17216545226773114,0.05958744760055608,0.49496712716916547,0.0,0.49496712716916547,162.0,1.0,both,4108007,261.0,720.0,0.3625,1498.0,1471.0,1.0183548606390211,2.0,7.0,0.2857142857142857,44.289473684210535,81.32454258084246,71.42857142857143,both,6.76,11446.0,0.12851651231871397,10.48,12.167026637868968,74.69571870187684,56.162915326902464,both,410800.0,0.02158273381294964,641.0,0.43457627118644065,0.48959757247154573,2.158273381294964,69.54355083612629,57.184436420622156,both,0.5135106406391123,P2,P1
Flórida,2652.0,P1,5.296345791329013,40.359099305467254,39.28920958487835,34.33651226363062,0.3773608654461482,0.0,0.03905623917880293,0.05379453539638777,0.0,0.05379453539638777,377.0,0.0,0,0,0,both,P1,38.87404621210965,13.454529704853227,0.3773608654461482,0.04002758985422437,0.01385377775621358,0.3071940913526059,0.0,0.3071940913526059,354.0,0.0,both,4108106,94.0,172.0,0.5465116279069767,380.0,342.0,1.1111111111111112,0.0,1.0,0.0,16.009791921664636,75.01465079188458,100.0,both,0.0,2652.0,0.12895927601809956,13.95,0.0,74.95305958472535,74.7588424437299,both,410810.0,0.0,61.0,0.18263473053892215,0.46801440625068497,0.0,26.210055005128652,60.77679848425737,both,0.37736086544614816,P1,P1
Formosa do Oeste,7635.0,P2,32.63434282213392,35.48012404966415,20.094737336421375,52.012479550048226,0.39015988907169225,0.0,0.09421461205412988,0.1309733746421017,0.0,0.1309733746421017,260.0,0.0,0,0,0,both,P1,38.87404621210965,13.454529704853227,0.39015988907169225,0.0965577825430851,0.0334192007277082,0.35124200641682624,0.0,0.35124200641682624,328.0,0.0,both,4108205,204.0,470.0,0.4340425531914894,870.0,825.0,1.0545454545454545,2.0,4.0,0.5,33.29451287793953,78.86261974367017,50.0,both,0.0,7635.0,0.10805500982318271,10.48,0.0,62.80318748508162,56.162915326902464,both,410820.0,0.3333333333333333,135.0,0.15202702702702703,0.4313848016064069,33.33333333333333,20.945584568374645,66.87353150218122,both,0.39015988907169225,P2,P1
Foz do Iguaçu,285415.0,M2,29.8345129509447,59.85401837748399,53.393821239306995,30.75739297644016,0.4692332878943106,0.0,4.508711634556486,6.624349219006758,6.0,0.6243492190067581,43.0,7.0,0,6,6,both,M2,30.576514098907197,10.582706388985502,0.4692332878943106,4.620845833434597,1.5993011684007845,3.248675971398781,3.0,0.24867597139878095,385.0,3.0,both,4108304,4900.0,18300.0,0.2677595628415301,43678.0,39481.0,1.106304298270054,29.0,73.0,0.3972602739726027,58.84958297382801,75.34164189730846,60.273972602739725,both,9.14,285415.0,0.13832839899795035,14.08,16.45068394528438,80.39853395964984,75.45551982851019,both,410830.0,0.03819444444444445,9447.0,0.24736842105263157,0.5994202099601269,3.8194444444444446,37.34413436652096,38.90525195782432,both,0.46923328789431057,M2,M2
Foz do Jordão,4926.0,P1,5.296345791329013,61.96774722729267,50.25603538912209,53.63966279396838,0.5629417108632883,0.0,0.08290885860763429,0.12958171331793839,0.0,0.12958171331793839,263.0,0.0,0,1,1,both,P1,38.87404621210965,13.454529704853227,0.5629417108632883,0.08497084863791489,0.02940889664038322,0.4774640765136657,0.0,0.4774640765136657,179.0,1.0,both,4108452,104.0,352.0,0.29545454545454547,727.0,726.0,1.0013774104683195,1.0,3.0,0.3333333333333333,54.5933014354067,82.47946069023484,66.66666666666667,both,0.0,4926.0,0.14738124238733252,15.23,0.0,85.66018190717953,81.61843515541266,both,410845.0,0.0,275.0,0.3767123287671233,0.4444041796249677,0.0,59.591055899609856,64.70655010531837,both,0.5629417108632884,P1,P1
Francisco Alves,8116.0,P2,32.63434282213392,83.97999849911695,74.59128327574994,47.12113847567137,0.6735871144506532,1.0,0.1279034733340915,-0.7859423951345818,-1.0,0.21405760486541825,189.0,-1.0,1,0,1,both,P1,38.87404621210965,13.454529704853227,0.6735871144506532,0.13108450478576403,0.04536909674549477,0.5940624929255108,0.0,0.5940624929255108,79.0,1.0,both,4108320,130.0,591.0,0.21996615905245348,1192.0,1120.0,1.0642857142857143,0.0,2.0,0.0,66.19467450351767,78.20002304916626,100.0,both,25.64,8116.0,0.13799901429275505,14.91,46.14830813534917,80.20709064361155,79.90353697749197,both,410832.0,0.016666666666666666,270.0,0.234375,0.38302844113292156,1.6666666666666667,35.10928911008765,74.92209829367073,both,0.6735871144506532,P2,P1
Francisco Beltrão,96666.0,P4,10.392043008865171,44.92472601253733,46.70369747677215,19.334853979699254,0.3504457149224906,0.0,1.4143611761095742,1.9100179896299088,1.0,0.9100179896299088,12.0,2.0,0,2,2,both,P4,10.65049897410691,3.686198602449356,0.3504457149224906,1.4495371355104352,0.501693092136565,1.128484408612064,1.0,0.128484408612064,394.0,1.0,both,4108403,2554.0,6254.0,0.40837863767189,13449.0,12385.0,1.0859103754541783,10.0,30.0,0.3333333333333333,37.23865147358323,76.7289710041405,66.66666666666667,both,9.4,96666.0,0.12812157325222934,13.1,16.918646508279338,74.46617421080508,70.20364415862808,both,410840.0,0.04504504504504504,1665.0,0.1323529411764706,0.6173305485670899,4.504504504504505,17.561676876960856,35.924205511713545,both,0.35044571492249066,P4,P4
Fênix,4492.0,P1,5.296345791329013,29.92576342542324,55.919055540002816,58.117723852725035,0.4640120601925987,0.0,0.05778496205986632,0.08459788135341605,0.0,0.08459788135341605,329.0,0.0,0,0,0,both,P1,38.87404621210965,13.454529704853227,0.4640120601925987,0.05922210662642553,0.02049710977966103,0.3850573470619696,0.0,0.3850573470619696,300.0,0.0,both,4107702,154.0,281.0,0.5480427046263345,557.0,506.0,1.1007905138339922,1.0,4.0,0.25,15.774489604794908,75.71672587237339,75.0,both,18.52,4492.0,0.1126447016918967,14.47,33.33333333333333,65.47078503008464,77.54555198285102,both,410770.0,0.0,215.0,0.39594843462246776,0.4122790418581808,0.0,62.89963181267618,70.0535471594817,both,0.4640120601925987,P1,P1
General Carneiro,11062.0,P2,32.63434282213392,87.41327542115526,56.08684452661418,63.78940472347855,0.7169844096317636,0.0,0.18614523351300813,0.3196084638690991,0.0,0.3196084638690991,133.0,0.0,0,1,1,both,P1,38.87404621210965,13.454529704853227,0.7169844096317636,0.19077477035785298,0.06602823901353257,0.6691488130978506,0.0,0.6691488130978506,43.0,1.0,both,4108502,88.0,880.0,0.1,1824.0,1630.0,1.1190184049079754,1.0,4.0,0.25,84.63157894736842,74.47674452737117,75.0,both,5.05,11062.0,0.14735129271379496,15.28,9.089272858171347,85.64277470907392,81.88638799571275,both,410850.0,0.03482587064676617,818.0,0.4668949771689498,0.44065254266268283,3.482587064676617,75.10231064745751,65.3309829694279,both,0.7169844096317636,P2,P1
Godoy Moreira,2977.0,P1,5.296345791329013,46.35552921183065,26.765660510993893,56.65452415962977,0.4655715345078295,0.0,0.04213962648239264,0.06175863704738695,0.0,0.06175863704738695,367.0,0.0,0,0,0,both,P1,38.87404621210965,13.454529704853227,0.4655715345078295,0.043187662737452615,0.01494749705275676,0.3762129259579235,0.0,0.3762129259579235,307.0,0.0,both,4108551,48.0,139.0,0.34532374100719426,397.0,369.0,1.075880758807588,1.0,2.0,0.5,46.929193487315416,77.4112516634235,50.0,both,0.0,2977.0,0.12395028552233793,10.75,0.0,72.04175940779622,57.60986066452304,both,410855.0,0.014925373134328358,104.0,0.34210526315789475,0.3825979889952046,1.4925373134328357,53.63870231216132,74.99374394166887,both,0.4655715345078295,P1,P1
Goioerê,28437.0,P3,32.02680132379698,42.472187663263604,36.172444824008174,42.825525589271166,0.4142424185101705,0.0,0.4044947344190643,0.5720536114794467,0.0,0.5720536114794467,55.0,1.0,0,0,0,both,P2,20.095371623394037,6.955123039206443,0.4135357426581554,0.41455474638497863,0.14347976845762722,0.5642586211627755,0.0,0.5642586211627755,111.0,1.0,both,4108601,632.0,1670.0,0.3784431137724551,3961.0,3542.0,1.1182947487295314,6.0,13.0,0.46153846153846156,41.839268830759536,74.52597239239539,53.84615384615385,both,8.98,28437.0,0.12455603615008616,10.48,16.162706983441325,72.3938307305968,56.162915326902464,both,410860.0,0.017543859649122806,972.0,0.2756664775950085,0.47610969200049597,1.7543859649122806,42.21134964214727,59.42939666543619,both,0.4135357426581554,P3,P2
Goioxim,6566.0,P2,32.63434282213392,60.64252657308467,70.31749158012678,66.50275171844658,0.6492160963263786,0.0,0.10689075985777645,0.17628596170600244,0.0,0.17628596170600244,218.0,0.0,0,1,1,both,P1,38.87404621210965,13.454529704853227,0.6492160963263786,0.10954919328524564,0.03791560228016348,0.5605163471813057,0.0,0.5605163471813057,114.0,1.0,both,4108650,113.0,478.0,0.23640167364016737,1001.0,936.0,1.0694444444444444,1.0,2.0,0.5,63.66879541951111,77.84909220726234,50.0,both,18.52,6566.0,0.14255254340542187,15.53,33.33333333333333,82.85366985404848,83.22615219721328,both,410865.0,0.018518518518518517,446.0,0.4714587737843552,0.404061254213576,1.8518518518518516,75.88727552898881,71.42133853352742,both,0.6492160963263786,P2,P1
Grandes Rios,5641.0,P2,32.63434282213392,55.35133817792922,62.16651473917253,68.70584428783928,0.620561759341419,0.0,0.08005387036356976,0.1297322409984765,0.0,0.1297322409984765,262.0,0.0,0,1,1,both,P1,38.87404621210965,13.454529704853227,0.620561759341419,0.08204485522751837,0.02839619358802842,0.5199581534301904,0.0,0.5199581534301904,135.0,1.0,both,4108700,151.0,369.0,0.4092140921409214,847.0,701.0,1.2082738944365192,0.0,2.0,0.0,37.11025531307945,68.40499758170266,100.0,both,23.81,5641.0,0.12426874667612126,13.3,42.854571634269256,72.22685379241103,71.27545551982851,both,410870.0,0.02631578947368421,328.0,0.4487004103967168,0.3596436251634374,2.631578947368421,71.97287759983465,78.81433193975509,both,0.620561759341419,P2,P1
Guairaçá,6587.0,P2,32.63434282213392,54.302258472869305,88.2410820876505,43.62184294773935,0.5681785698577356,1.0,0.10140918242917253,-0.840972293327778,-1.0,0.159027706672222,233.0,-1.0,1,0,1,both,P1,38.87404621210965,13.454529704853227,0.5681785698577356,0.10393128593728432,0.03597121241964228,0.4938580405441849,0.0,0.4938580405441849,165.0,1.0,both,4108908,125.0,468.0,0.2670940170940171,1023.0,888.0,1.152027027027027,1.0,2.0,0.5,58.95186684660369,72.2312803930001,50.0,both,38.46,6587.0,0.13481099134659177,15.03,69.22246220302377,78.35416403593031,80.54662379421221,both,410890.0,0.025510204081632654,233.0,0.2571743929359823,0.45253906648768377,2.5510204081632653,39.03074404840966,63.35255696740052,both,0.5681785698577356,P2,P1
Guamiranga,7856.0,P2,32.63434282213392,89.48507961259938,71.52571760568547,49.57297342976217,0.6992836473808173,0.0,0.12516268461978952,0.21268690323669087,0.0,0.21268690323669087,190.0,0.0,0,1,1,both,P1,38.87404621210965,13.454529704853227,0.6992836473808173,0.12827555111178338,0.04439690181523417,0.6122545484877925,0.0,0.6122545484877925,66.0,1.0,both,4108957,33.0,498.0,0.06626506024096386,1180.0,1096.0,1.0766423357664234,1.0,3.0,0.3333333333333333,89.81610653138871,77.3594441768686,66.66666666666667,both,28.17,7856.0,0.1395112016293279,12.98,50.70194384449243,81.0859965357748,69.56055734190782,both,410895.0,0.05263157894736842,276.0,0.26462128475551294,0.40741931980246265,5.263157894736842,40.31159616507984,70.86241278068512,both,0.6992836473808173,P2,P1
Guapirama,4626.0,P1,5.296345791329013,57.353301338927665,50.595889438036934,39.52449327822686,0.48870295734469194,0.0,0.07776987976831812,0.1157762500034363,0.0,0.1157762500034363,282.0,0.0,0,0,0,both,P1,38.87404621210965,13.454529704853227,0.48870295734469194,0.07970406049920116,0.02758603114614459,0.4168806590125126,0.0,0.4168806590125126,262.0,0.0,both,4109005,125.0,296.0,0.4222972972972973,735.0,681.0,1.079295154185022,0.0,1.0,0.0,35.099573257467995,77.17898197543295,100.0,both,0.0,4626.0,0.14721141374837873,15.35,0.0,85.56147496272592,82.2615219721329,both,410900.0,0.0,133.0,0.2062015503875969,0.43212029801771096,0.0,30.263506004268116,66.75111343900777,both,0.488702957344692,P1,P1
Guaporema,2191.0,P1,5.296345791329013,29.55744039852756,91.02540940755132,44.38385214064195,0.47781598897178074,0.0,0.02969187773827123,0.0438791316642125,0.0,0.0438791316642125,388.0,0.0,0,0,0,both,P1,38.87404621210965,13.454529704853227,0.47781598897178074,0.03043033146812379,0.010532111744489857,0.37750368313552907,0.0,0.37750368313552907,305.0,0.0,both,4109104,73.0,113.0,0.6460176991150443,270.0,260.0,1.0384615384615385,0.0,1.0,0.0,0.7172799254774167,79.95675377254324,100.0,both,55.56,2191.0,0.11866727521679599,11.87,100.0,68.9711948199303,63.61200428724544,both,410910.0,0.06666666666666667,49.0,0.20081967213114754,0.41018132085748504,6.666666666666667,29.337832538949947,70.40269766251154,both,0.47781598897178074,P1,P1
Guaraci,4748.0,P1,5.296345791329013,61.27580216133922,27.974675425800825,51.44011126746961,0.506813004566837,0.0,0.06486533290514639,0.09773992716703174,0.0,0.09773992716703174,310.0,0.0,0,0,0,both,P1,38.87404621210965,13.454529704853227,0.506813004566837,0.0664785702842089,0.02300861334950092,0.4224089069945675,0.0,0.4224089069945675,251.0,0.0,both,4109203,100.0,273.0,0.3663003663003663,679.0,568.0,1.1954225352112675,0.0,2.0,0.0,43.705417389627925,69.27923177766947,100.0,both,0.0,4748.0,0.11962931760741365,11.58,0.0,69.53034824303789,62.057877813504824,both,410920.0,0.0,129.0,0.23035714285714284,0.31870720660865837,0.0,34.41822484453594,85.62790301326814,both,0.506813004566837,P1,P1
Guaraniaçu,13735.0,P2,32.63434282213392,67.45057503064125,37.4416374407099,33.06271665731542,0.4769364416332465,0.0,0.195737994013065,0.2890925763700859,0.0,0.2890925763700859,143.0,0.0,0,1,1,both,P1,38.87404621210965,13.454529704853227,0.4769364416332465,0.20060610821678532,0.06943092126944468,0.4838461400869166,0.0,0.4838461400869166,172.0,1.0,both,4109302,268.0,903.0,0.2967884828349945,1858.0,1714.0,1.0840140023337224,1.0,7.0,0.14285714285714285,54.388296322200844,76.85797480841963,85.71428571428572,both,5.24,13735.0,0.12479068074262832,12.09,9.431245500359971,72.5302096764865,64.79099678456592,both,410930.0,0.019801980198019802,300.0,0.16574585635359115,0.47725146105970506,1.9801980198019802,23.305198754669377,59.23935745562966,both,0.4769364416332465,P2,P1
Guarapuava,182093.0,M1,30.046353078654292,61.08340338756191,55.600277119987865,28.3840091657794,0.46907020445334097,1.0,2.9182547835530124,3.2871211515211645,3.0,0.28712115152116446,144.0,3.0,1,3,4,both,M1,30.79362280995862,10.657848955470229,0.46907020445334097,2.990833424370905,1.0351445519949762,2.2265971348928506,2.0,0.2265971348928506,388.0,2.0,both,4109401,2947.0,12791.0,0.23039637244937847,29194.0,25554.0,1.1424434530797527,22.0,48.0,0.4583333333333333,64.59171539199026,72.88321828668384,54.16666666666667,both,9.89,182093.0,0.1403348838231014,14.27,17.800575953923687,81.56473294353903,76.47374062165059,both,410940.0,0.06445993031358885,6158.0,0.23705585710436156,0.6321058089573521,6.445993031358885,35.57039175261647,33.46497018158814,both,0.46907020445334097,M1,M1
Guaraqueçaba,7430.0,P2,32.63434282213392,88.0587259070134,42.45213896761598,84.56418050251733,0.7753959035733549,1.0,0.1227644944947753,-0.7820444193697222,-1.0,0.21795558063027776,186.0,-1.0,1,0,1,both,P1,38.87404621210965,13.454529704853227,0.7753959035733549,0.12581771664705027,0.04354623125125614,0.6700506658014898,0.0,0.6700506658014898,42.0,1.0,both,4109500,89.0,538.0,0.1654275092936803,1256.0,1075.0,1.1683720930232557,0.0,1.0,0.0,74.57640383486597,71.11938122507705,100.0,both,0.0,7430.0,0.14468371467025573,13.19,0.0,84.09233846115146,70.68595927116827,both,410950.0,0.014492753623188406,630.0,0.6116504854368932,0.33676785336338383,1.4492753623188406,100.0,82.62183886204627,both,0.7753959035733549,P2,P1
Guaratuba,42062.0,P3,32.02680132379698,27.17229236164692,52.52842652738313,46.80899591823361,0.4402554132874618,0.0,0.7051820962839418,1.0156423315263474,1.0,0.01564233152634742,398.0,1.0,0,1,1,both,P3,12.727954295488436,4.4052177696212595,0.40098200617428836,0.7227203723679398,0.2501376539316341,0.7414693043752081,0.0,0.7414693043752081,26.0,1.0,both,4109609,1246.0,2591.0,0.4808954071786955,7344.0,6175.0,1.1893117408906884,6.0,13.0,0.46153846153846156,26.093969002011015,69.69492830174399,53.84615384615385,both,11.17,42062.0,0.14680709428938235,12.22,20.104391648668106,85.32647844725878,65.4876741693462,both,410960.0,0.030716723549488054,1799.0,0.3138520586182833,0.4772245005848997,3.0716723549488054,48.77920150104872,59.24384483185228,both,0.40098200617428836,P3,P3
Guaíra,32097.0,P3,32.02680132379698,60.948926023522965,48.7946443716267,35.30832648852127,0.431337099721427,0.0,0.5242900411400124,0.750435786898173,0.0,0.750435786898173,27.0,1.0,0,1,1,both,P2,20.095371623394037,6.955123039206443,0.48261829879143037,0.5373294298852165,0.18597278853443436,0.7006069268011457,0.0,0.7006069268011457,35.0,1.0,both,4108809,720.0,2246.0,0.3205699020480855,5043.0,4591.0,1.098453495970377,3.0,14.0,0.21428571428571427,50.73346768524159,75.87570523768001,78.57142857142857,both,4.45,32097.0,0.14303517462691218,13.77,8.0093592512599,83.1341823368941,73.79421221864952,both,410880.0,0.030973451327433628,772.0,0.17019400352733685,0.46248192224784246,3.0973451327433628,24.070272138414563,61.69764047037294,both,0.4826182987914303,P3,P2
Honório Serpa,4941.0,P1,5.296345791329013,80.23718674612286,54.69356845646486,47.42830037824671,0.6200490854104079,0.0,0.07902607459570651,0.12802611987234902,0.0,0.12802611987234902,267.0,0.0,0,1,1,both,P1,38.87404621210965,13.454529704853227,0.6200490854104079,0.08099149759977561,0.028031620489180693,0.5188630798278254,0.0,0.5188630798278254,137.0,1.0,both,4109658,82.0,349.0,0.2349570200573066,780.0,692.0,1.1271676300578035,0.0,1.0,0.0,63.890815864877105,73.92238049694132,100.0,both,13.7,4941.0,0.14005262092693788,12.75,24.658027357811374,81.40067752753521,68.32797427652733,both,410965.0,0.037037037037037035,235.0,0.3236914600550964,0.48399768207308785,3.7037037037037033,50.47156100653487,58.116497714228444,both,0.620049085410408,P1,P1
Ibaiti,28830.0,P3,32.02680132379698,54.102604911337714,44.745304429203436,37.90593927482993,0.4251314543300619,0.0,0.4271062413120555,0.6086825388344961,0.0,0.6086825388344961,48.0,1.0,0,1,1,both,P2,20.095371623394037,6.955123039206443,0.4575247856030775,0.4377286141953191,0.1515003766322772,0.6162689478158572,0.0,0.6162689478158572,65.0,1.0,both,4109708,645.0,1870.0,0.3449197860962567,4269.0,3740.0,1.1414438502673796,3.0,11.0,0.2727272727272727,46.991274978891084,72.9512178613315,72.72727272727273,both,8.33,28830.0,0.1297259798820673,12.7,14.992800575953924,75.39867933519407,68.06002143622723,both,410970.0,0.028446389496717725,694.0,0.18833107191316145,0.4495402539352594,2.8446389496717726,27.189815566083087,63.851687648184054,both,0.45752478560307747,P3,P2
Ibema,6218.0,P2,32.63434282213392,43.50174910701141,41.78280332609995,55.76810368938094,0.4806450178377694,0.0,0.1003813866613093,0.14862920004371435,0.0,0.14862920004371435,249.0,0.0,0,1,1,both,P1,38.87404621210965,13.454529704853227,0.4806450178377694,0.10287792830954158,0.03560663932079455,0.4252701658681715,0.0,0.4252701658681715,246.0,0.0,both,4109757,164.0,438.0,0.3744292237442922,1133.0,879.0,1.2889647326507394,1.0,3.0,0.3333333333333333,42.456140350877206,62.91587469348027,66.66666666666667,both,0.0,6218.0,0.14136378256674173,13.35,0.0,82.16274427874457,71.54340836012861,both,410975.0,0.07692307692307693,312.0,0.3432343234323432,0.43130731140717177,7.6923076923076925,53.8328986664823,66.88642918592174,both,0.48064501783776936,P2,P1
Ibiporã,51603.0,P3,32.02680132379698,44.544379208892245,56.08272141554396,34.61804909315463,0.40896249580780014,0.0,0.7806679854570083,1.099931913186754,1.0,0.09993191318675398,306.0,1.0,0,0,0,both,P3,12.727954295488436,4.4052177696212595,0.4288151560392754,0.8000836381388239,0.2769135226358949,0.8150894160743264,0.0,0.8150894160743264,18.0,1.0,both,4109807,1203.0,2954.0,0.40724441435341907,8085.0,6836.0,1.1827091866588648,7.0,25.0,0.28,37.41296368884297,70.144077577631,72.0,both,19.23,51603.0,0.13247291824118754,12.13,34.61123110151188,76.99524098522855,65.00535905680601,both,410980.0,0.047619047619047616,1507.0,0.23517478152309612,0.5476485139007186,4.761904761904762,35.24685010621287,47.522276679346106,both,0.4288151560392754,P3,P3
Icaraíma,8991.0,P2,32.63434282213392,57.226352678877646,68.49279768739972,53.16494858293584,0.5785508004220534,1.0,0.12002370578047335,-0.8105364831706128,-1.0,0.18946351682938722,204.0,-1.0,1,0,1,both,P1,38.87404621210965,13.454529704853227,0.5785508004220534,0.12300876297306963,0.04257403632099554,0.5143875228698032,0.0,0.5143875228698032,141.0,1.0,both,4109906,165.0,585.0,0.28205128205128205,1290.0,1051.0,1.2274024738344433,1.0,3.0,0.3333333333333333,56.653171390013505,67.10374547779503,66.66666666666667,both,28.04,8991.0,0.11689467245022801,14.57,50.46796256299496,67.9409315857914,78.08145766345123,both,410990.0,0.0196078431372549,363.0,0.3232413178984862,0.4064417825793605,1.9607843137254901,50.39413735810956,71.02511678806424,both,0.5785508004220534,P2,P1
Iguaraçu,5338.0,P2,32.63434282213392,40.47672211778411,22.20828781630926,26.600368254945135,0.3127249371235355,0.0,0.08302305813739688,0.10898643877321795,0.0,0.10898643877321795,293.0,0.0,0,0,0,both,P1,38.87404621210965,13.454529704853227,0.3127249371235355,0.08508788837433076,0.02944940476247741,0.28455500464355166,0.0,0.28455500464355166,372.0,0.0,both,4110003,188.0,341.0,0.5513196480938416,789.0,727.0,1.0852819807427785,0.0,1.0,0.0,15.270875135051718,76.77171855602522,100.0,both,0.0,5338.0,0.13619333083551893,8.06,0.0,79.1576004173918,43.19399785637728,both,411000.0,0.0,146.0,0.19863945578231293,0.5743924328403109,0.0,28.962839213831426,43.07094461581092,both,0.3127249371235355,P2,P1
Iguatu,2144.0,P1,5.296345791329013,31.494047854488617,13.48086073451413,40.2250219501725,0.3138380006876727,0.0,0.027750485732307345,0.03645964269264647,0.0,0.03645964269264647,392.0,0.0,0,0,0,both,P1,38.87404621210965,13.454529704853227,0.3138380006876727,0.028440655949054157,0.009843473668888597,0.2521027094050088,0.0,0.2521027094050088,383.0,0.0,both,4110052,65.0,104.0,0.625,259.0,243.0,1.0658436213991769,0.0,1.0,0.0,3.947368421052638,78.09404393451722,100.0,both,0.0,2144.0,0.11333955223880597,7.93,0.0,65.87464255823686,42.49732047159699,both,411005.0,0.0,44.0,0.2,0.41757658265108616,0.0,29.196850393700785,69.17180977302728,both,0.3138380006876727,P1,P1
Imbaú,14249.0,P2,32.63434282213392,88.18218666037005,51.708103173250244,45.18371027112993,0.6368797940725004,1.0,0.24290239980501124,-0.6023979698274571,-1.0,0.3976020301725429,88.0,0.0,1,0,1,both,P1,38.87404621210965,13.454529704853227,0.6368797940725004,0.24894351935653578,0.08616077569434587,0.6441530815001372,0.0,0.6441530815001372,55.0,1.0,both,4110078,160.0,1144.0,0.13986013986013987,1940.0,2127.0,0.9120827456511519,1.0,4.0,0.25,78.50570482149429,88.5538725973562,75.0,both,6.13,14249.0,0.14927363323742018,13.4,11.033117350611949,86.76006776668376,71.81136120042872,both,411007.0,0.04285714285714286,542.0,0.23014861995753716,0.41689558832320456,4.285714285714286,34.382359277557555,69.28515635823163,both,0.6368797940725004,P2,P1
Imbituva,29924.0,P3,32.02680132379698,67.89316085033892,58.5013228283572,36.52572867064789,0.4719433393812795,0.0,0.48763199208622376,0.7177666628205419,0.0,0.7177666628205419,31.0,1.0,0,1,1,both,P2,20.095371623394037,6.955123039206443,0.5346782037406617,0.4997596744957252,0.1729696813421988,0.7224784837014246,0.0,0.7224784837014246,31.0,1.0,both,4110102,528.0,2192.0,0.24087591240875914,4969.0,4270.0,1.1637002341920375,2.0,8.0,0.25,62.98117556665386,71.43719186886914,75.0,both,9.03,29924.0,0.14269482689480015,15.17,16.252699784017278,82.93636714567872,81.29689174705251,both,411010.0,0.03869047619047619,941.0,0.2137664697864607,0.498007595984684,3.869047619047619,31.5646586541645,55.784648775300795,both,0.5346782037406617,P3,P2
Inajá,2536.0,P1,5.296345791329013,31.42797292608061,34.496989383818956,57.04247779216376,0.42287578164061546,0.0,0.03814264294070228,0.054272242888090655,0.0,0.054272242888090655,376.0,0.0,0,0,0,both,P1,38.87404621210965,13.454529704853227,0.42287578164061546,0.03909127196289748,0.013529712779460048,0.34120962685244,0.0,0.34120962685244,336.0,0.0,both,4110300,95.0,146.0,0.6506849315068494,318.0,334.0,0.9520958083832335,0.0,1.0,0.0,0.0,85.83192022542208,100.0,both,0.0,2536.0,0.13170347003154576,12.22,0.0,76.54802618001712,65.4876741693462,both,411030.0,0.0,106.0,0.33974358974358976,0.36668495014413766,0.0,53.23249869528283,77.64235427533131,both,0.4228757816406154,P1,P1
Indianópolis,4448.0,P1,5.296345791329013,28.066694470198648,25.937990486133305,30.566692494086894,0.2864095288294088,0.0,0.06372333760752058,0.0819743087071279,0.0,0.0819743087071279,337.0,0.0,0,0,0,both,P1,38.87404621210965,13.454529704853227,0.2864095288294088,0.06530817292005028,0.022603532128559003,0.25276305970717367,0.0,0.25276305970717367,382.0,0.0,both,4110409,159.0,254.0,0.6259842519685039,659.0,558.0,1.1810035842293907,0.0,1.0,0.0,3.796104434314139,70.26010390157347,100.0,both,0.0,4448.0,0.12544964028776978,10.34,0.0,72.91320681772339,55.41264737406216,both,411040.0,0.023809523809523808,91.0,0.1663619744058501,0.5092819951574044,2.380952380952381,23.411169961245097,53.90810649860672,both,0.2864095288294088,P1,P1
Inácio Martins,9670.0,P2,32.63434282213392,77.69252100939316,58.564596434806404,63.61572459729577,0.6823621752963686,0.0,0.16810170781052022,0.2828079548231413,0.0,0.2828079548231413,146.0,0.0,0,1,1,both,P1,38.87404621210965,13.454529704853227,0.6823621752963686,0.172282492004147,0.05962795572265027,0.6289529852676581,0.0,0.6289529852676581,58.0,1.0,both,4110201,173.0,681.0,0.2540381791483113,1663.0,1472.0,1.1297554347826086,0.0,2.0,0.0,60.958342994049005,73.74634095565575,100.0,both,5.92,9670.0,0.15222337125129265,15.2,10.655147588192944,88.47449960857841,81.45766345123258,both,411020.0,0.008064516129032258,649.0,0.45448179271708683,0.4137635562575816,0.8064516129032258,72.9672650519129,69.80646046438072,both,0.6823621752963686,P2,P1
Ipiranga,14142.0,P2,32.63434282213392,73.44265641253574,56.06269804716565,40.99489615004621,0.5698756063446591,0.0,0.2282848599954008,0.35837883300458545,0.0,0.35837883300458545,108.0,1.0,0,1,1,both,P1,38.87404621210965,13.454529704853227,0.5698756063446591,0.2339624330953056,0.08097573606628931,0.5799614859375524,0.0,0.5799614859375524,95.0,1.0,both,4110508,122.0,1009.0,0.12091179385530228,2288.0,1999.0,1.1445722861430716,2.0,4.0,0.5,81.41776641802724,72.73840102425754,50.0,both,14.35,14142.0,0.1413520011313817,12.8,25.827933765298773,82.15589673234231,68.59592711682744,both,411050.0,0.019801980198019802,412.0,0.20661985957873621,0.42737409102304813,1.9801980198019802,30.33545443938412,67.5410852985261,both,0.5698756063446591,P2,P1
Iporã,15746.0,P2,32.63434282213392,53.26167322512089,36.659157879280826,35.5715169172113,0.4286510763278904,0.0,0.22360267927513494,0.31945020841622157,0.0,0.31945020841622157,134.0,0.0,0,0,0,both,P1,38.87404621210965,13.454529704853227,0.4286510763278904,0.22916380390225533,0.07931490306042746,0.46282326331632606,0.0,0.46282326331632606,196.0,0.0,both,4110607,359.0,1061.0,0.3383600377002828,2176.0,1958.0,1.111338100102145,3.0,9.0,0.3333333333333333,47.9994047323776,74.99920950395607,66.66666666666667,both,9.48,15746.0,0.12434904102629239,10.48,17.062634989200866,72.27352206939369,56.162915326902464,both,411060.0,0.0,441.0,0.21201923076923077,0.48403769606030445,0.0,31.264136658171722,58.10983767518595,both,0.4286510763278904,P2,P1
Iracema do Oeste,2343.0,P1,5.296345791329013,52.15479205687984,26.489870721555413,42.06624619047348,0.42986389443252404,0.0,0.031062272095422217,0.04441482134828313,0.0,0.04441482134828313,387.0,0.0,0,0,0,both,P1,38.87404621210965,13.454529704853227,0.42986389443252404,0.03183480830511412,0.011018209209620159,0.342041438477024,0.0,0.342041438477024,335.0,0.0,both,4110656,62.0,133.0,0.46616541353383456,289.0,272.0,1.0625,0.0,1.0,0.0,28.357736446379118,78.3214991098253,100.0,both,0.0,2343.0,0.11609048228766539,11.52,0.0,67.47352423803655,61.73633440514469,both,411065.0,0.0,61.0,0.23106060606060605,0.4282919521717372,0.0,34.53921926140022,67.3883139425307,both,0.4298638944325241,P1,P1
Irati,59250.0,P3,32.02680132379698,65.32294594104161,42.09022728118674,40.36640337095627,0.4570247666701943,0.0,0.8761387923385267,1.2765559194777476,1.0,0.2765559194777476,149.0,1.0,0,1,1,both,P3,12.727954295488436,4.4052177696212595,0.506937851810365,0.8979288577824832,0.31077831270663914,0.9515678693940706,0.0,0.9515678693940706,4.0,1.0,both,4110706,969.0,3514.0,0.2757541263517359,8407.0,7672.0,1.0958029197080292,5.0,20.0,0.25,57.62094479225953,76.05601491286278,75.0,both,5.36,59250.0,0.12948523206751056,12.93,9.647228221742262,75.25875310540637,69.29260450160771,both,411070.0,0.03686635944700461,1796.0,0.24465331698678655,0.4842280369287654,3.686635944700461,36.87714130767234,58.07815681297966,both,0.506937851810365,P3,P3
Iretama,10684.0,P2,32.63434282213392,54.204872177291996,57.57420051033903,47.592938107011115,0.5223396421578904,0.0,0.15839474778070078,0.24113060365616135,0.0,0.24113060365616135,170.0,0.0,0,1,1,both,P1,38.87404621210965,13.454529704853227,0.5223396421578904,0.16233411440879883,0.056184765344643964,0.495675220036678,0.0,0.495675220036678,160.0,1.0,both,4110805,243.0,653.0,0.3721286370597244,1556.0,1387.0,1.1218457101658255,1.0,5.0,0.2,42.80970419924237,74.2844125805688,80.0,both,23.26,10684.0,0.12982029202545864,11.51,41.864650827933765,75.45349496320817,61.68274383708467,both,411080.0,0.022900763358778626,409.0,0.2989766081871345,0.448052814537788,2.2900763358778624,46.22065054678493,64.09926118807869,both,0.5223396421578904,P2,P1
Itaguajé,4481.0,P1,5.296345791329013,39.657962235967545,39.55754840094619,42.5432634001284,0.4079199993462762,0.0,0.07217410280995161,0.10161536278100514,0.0,0.10161536278100514,301.0,0.0,0,0,0,both,P1,38.87404621210965,13.454529704853227,0.4079199993462762,0.07396911341482398,0.025601133163529192,0.35117649791001493,0.0,0.35117649791001493,329.0,0.0,both,4110904,119.0,290.0,0.4103448275862069,642.0,632.0,1.0158227848101267,1.0,2.0,0.5,36.93647912885663,81.49679107515355,50.0,both,0.0,4481.0,0.14103994644052667,12.72,0.0,81.97452587977901,68.16720257234728,both,411090.0,0.0,124.0,0.2012987012987013,0.3919971141407862,0.0,29.420224701757906,73.4293274765947,both,0.4079199993462762,P1,P1
Itaipulândia,11485.0,P2,32.63434282213392,35.137114607743264,58.86243360924463,17.154508918167384,0.32689136132213187,0.0,0.18865762316778495,0.25032817042889993,0.0,0.25032817042889993,166.0,0.0,0,0,0,both,P1,38.87404621210965,13.454529704853227,0.32689136132213187,0.19334964455900192,0.06691941769960479,0.3594965775363136,0.0,0.3594965775363136,320.0,0.0,both,4110953,476.0,820.0,0.5804878048780487,1883.0,1652.0,1.1398305084745763,0.0,5.0,0.0,10.788189987163042,73.06096800840385,100.0,both,14.49,11485.0,0.14383979103178057,13.32,26.079913606911447,83.6018374230508,71.38263665594855,both,411095.0,0.014492753623188406,235.0,0.14139590854392298,0.6336394536037971,1.4492753623188406,19.117051142396452,33.20970611186786,both,0.32689136132213187,P2,P1
Itambaracá,5908.0,P2,32.63434282213392,55.24476010741889,21.609146739074895,54.479995775849446,0.4821173170112231,0.0,0.0798254713040446,0.11831071335830698,0.0,0.11831071335830698,278.0,0.0,0,1,1,both,P1,38.87404621210965,13.454529704853227,0.4821173170112231,0.08181077575468666,0.02831517734384004,0.41313766263233315,0.0,0.41313766263233315,268.0,0.0,both,4111001,152.0,328.0,0.4634146341463415,676.0,699.0,0.9670958512160229,0.0,1.0,0.0,28.780487804878053,84.8115184021173,100.0,both,0.0,5908.0,0.11831415030467163,9.82,0.0,68.76595334063111,52.62593783494105,both,411100.0,0.0,227.0,0.34238310708898945,0.39917042761239885,0.0,53.68649097297056,72.23538128156989,both,0.4821173170112231,P2,P1
Itambé,6111.0,P2,32.63434282213392,37.68946825375794,34.18644922965108,27.052322694208147,0.3273400622511665,0.0,0.07948287271475685,0.1055008012171069,0.0,0.1055008012171069,297.0,0.0,0,0,0,both,P1,38.87404621210965,13.454529704853227,0.3273400622511665,0.08145965654543907,0.028193652977557465,0.2936814528190384,0.0,0.2936814528190384,363.0,0.0,both,4111100,186.0,332.0,0.5602409638554217,795.0,696.0,1.1422413793103448,0.0,2.0,0.0,13.899809765377311,72.89696467694716,100.0,both,14.08,6111.0,0.11389297987236131,9.33,25.341972642188626,66.19630297441262,50.0,both,411110.0,0.0,32.0,0.048411497730711045,0.4139017379556339,0.0,3.1238982547613716,69.7834611192016,both,0.3273400622511665,P2,P1
Itapejara d'Oeste,12344.0,P2,32.63434282213392,54.04010450580824,52.83862152855087,34.45424853166268,0.45965465520698534,0.0,0.18169145185226745,0.265206773507478,0.0,0.265206773507478,155.0,0.0,0,0,0,both,P1,38.87404621210965,13.454529704853227,0.45965465520698534,0.18621022063763443,0.06444842225185908,0.46102796194434403,0.0,0.46102796194434403,199.0,0.0,both,4111209,298.0,845.0,0.3526627218934911,1817.0,1591.0,1.142049025769956,1.0,4.0,0.25,45.801308003737155,72.9100498331377,75.0,both,18.87,12344.0,0.12888852883992222,11.67,33.963282937365015,74.91194026686695,62.540192926045016,both,411120.0,0.019230769230769232,387.0,0.22899408284023667,0.5261078401778662,1.9230769230769231,34.18378095168605,51.10756617372654,both,0.45965465520698534,P2,P1
Itaperuçu,31217.0,P3,32.02680132379698,70.04665156303572,58.96545254903326,62.774834101560764,0.6346732128335024,1.0,0.5641456770271535,-0.07780617362789166,-1.0,0.9221938263721083,11.0,0.0,1,0,1,both,P2,20.095371623394037,6.955123039206443,0.6492168477564525,0.578176297894352,0.2001101231453073,0.8753797510415245,0.0,0.8753797510415245,10.0,1.0,both,4111258,309.0,2370.0,0.13037974683544304,4818.0,4940.0,0.9753036437246964,2.0,3.0,0.6666666666666666,79.96269153897401,84.25317023374743,33.333333333333336,both,1.89,31217.0,0.15824710894704808,16.02,3.4017278617710582,91.97558603193384,85.85209003215434,both,411125.0,0.030456852791878174,1825.0,0.36928369081343587,0.348940411140931,3.0456852791878175,58.313343415321796,80.59580457541767,both,0.6492168477564525,P3,P2
Itaúna do Sul,3572.0,P1,5.296345791329013,60.59857702300743,56.920828978341916,55.882443814273365,0.5797657413058069,0.0,0.05470157475627662,0.08641567379544436,0.0,0.08641567379544436,326.0,0.0,0,1,1,both,P1,38.87404621210965,13.454529704853227,0.5797657413058069,0.05606203374319729,0.019403390483117854,0.4715180689155519,0.0,0.4715180689155519,184.0,1.0,both,4111308,86.0,216.0,0.39814814814814814,515.0,479.0,1.0751565762004176,0.0,1.0,0.0,38.81091617933724,77.46051533960095,100.0,both,22.22,3572.0,0.13409854423292272,11.2,39.99280057595392,77.94007912005108,60.021436227224,both,411130.0,0.0,162.0,0.36160714285714285,0.40274961802130627,0.0,56.99299085255852,71.63965090022025,both,0.5797657413058069,P1,P1
Ivaiporã,32720.0,P3,32.02680132379698,47.29050824101688,53.691377884128975,31.61307726211488,0.39164223582298097,0.0,0.45028874585385953,0.6266408370459912,0.0,0.6266408370459912,42.0,1.0,0,0,0,both,P2,20.095371623394037,6.955123039206443,0.42299709778078504,0.4614876806877388,0.15972352541739812,0.6012143749686969,0.0,0.6012143749686969,73.0,1.0,both,4111506,664.0,1748.0,0.37986270022883295,4585.0,3943.0,1.1628201876743596,5.0,16.0,0.3125,41.62110080693726,71.4970584360011,68.75,both,23.05,32720.0,0.12050733496332518,11.43,41.48668106551476,70.04066505952518,61.2540192926045,both,411150.0,0.05263157894736842,423.0,0.11429343420697109,0.46064046610278053,5.263157894736842,14.455473874624063,62.00413753987958,both,0.422997097780785,P3,P2
Ivatuba,2708.0,P1,5.296345791329013,0.0,56.0743302906314,32.071868219132945,0.24043613345779458,0.0,0.03631545046450097,0.04504699695896365,0.0,0.04504699695896365,386.0,0.0,0,0,0,both,P1,38.87404621210965,13.454529704853227,0.24043613345779458,0.037218636180243715,0.012881582825952979,0.20153012250180913,0.0,0.20153012250180913,391.0,0.0,both,4111605,78.0,127.0,0.6141732283464567,704.0,318.0,2.2138364779874213,0.0,1.0,0.0,5.611272275176133,0.0,100.0,both,29.41,2708.0,0.11742983751846381,10.34,52.933765298776095,68.25197752591836,55.41264737406216,both,411160.0,0.08333333333333333,45.0,0.15901060070671377,0.5199681158414281,8.333333333333332,22.146746790993415,52.129478925622976,both,0.2404361334577946,P1,P1
Ivaté,6831.0,P2,32.63434282213392,47.88331295630711,53.46419925620345,41.18772943604229,0.4632125680818045,0.0,0.1027795767863235,0.15038836849587742,0.0,0.15038836849587742,247.0,0.0,0,0,0,both,P1,38.87404621210965,13.454529704853227,0.4632125680818045,0.10533576277427466,0.03645730988477258,0.41328456146488335,0.0,0.41328456146488335,266.0,0.0,both,4111555,147.0,375.0,0.392,951.0,900.0,1.0566666666666666,1.0,3.0,0.3333333333333333,39.75578947368421,78.7183209079782,66.66666666666667,both,22.73,6831.0,0.13175230566534915,10.25,40.91072714182865,76.57641018063612,54.930332261521976,both,411155.0,0.0625,213.0,0.2529691211401425,0.4986842935735686,6.25,38.307444796667035,55.67201735125549,both,0.4632125680818045,P2,P1
Ivaí,13229.0,P2,32.63434282213392,70.71608607512432,62.164562633636876,56.37762711131026,0.6327039780130121,0.0,0.21583711125127938,0.3523981101428009,0.0,0.3523981101428009,111.0,1.0,0,1,1,both,P1,38.87404621210965,13.454529704853227,0.6327039780130121,0.22120510182597677,0.07656035075802242,0.6222388590052873,0.0,0.6222388590052873,63.0,1.0,both,4111407,147.0,942.0,0.15605095541401273,2043.0,1890.0,1.0809523809523809,1.0,2.0,0.5,76.01743211532015,77.06624648301515,50.0,both,10.15,13229.0,0.14286794164335928,15.87,18.268538516918646,83.03698402617303,85.04823151125402,both,411140.0,0.0,692.0,0.3678894205209995,0.40349106590346434,0.0,58.073531410722254,71.51624225772679,both,0.6327039780130121,P2,P1
Jaboti,5427.0,P2,32.63434282213392,51.19437279516574,41.00350216389187,51.90180791890108,0.49439172718405094,0.0,0.08256626001834655,0.12338633591594435,0.0,0.12338633591594435,274.0,0.0,0,1,1,both,P1,38.87404621210965,13.454529704853227,0.49439172718405094,0.0846197294286673,0.02928737227410064,0.42437308049730205,0.0,0.42437308049730205,248.0,0.0,both,4111704,95.0,304.0,0.3125,763.0,723.0,1.0553250345781466,1.0,2.0,0.5,51.973684210526315,78.80958756931982,50.0,both,0.0,5427.0,0.1332227750138198,14.0,0.0,77.43106895429396,75.02679528403002,both,411170.0,0.0,189.0,0.2981072555205047,0.38335700909207965,0.0,46.07112343800308,74.86741053100758,both,0.494391727184051,P2,P1
Jacarezinho,40375.0,P3,32.02680132379698,45.98145349134268,42.94876214773771,36.80949919945622,0.3987174264748981,0.0,0.6093686908131358,0.8523346069885271,0.0,0.8523346069885271,18.0,1.0,0,0,0,both,P3,12.727954295488436,4.4052177696212595,0.417061335058671,0.6245240335150327,0.21615133949460721,0.6961567210922183,0.0,0.6961567210922183,36.0,1.0,both,4111803,1095.0,2747.0,0.3986166727338915,5833.0,5336.0,1.0931409295352323,6.0,18.0,0.3333333333333333,38.7389113482651,76.23710103749728,66.66666666666667,both,5.26,40375.0,0.1321609907120743,12.93,9.467242620590351,76.81394404097104,69.29260450160771,both,411180.0,0.03546099290780142,1555.0,0.2867416559100129,0.5681828144371954,3.546099290780142,44.11626056754422,44.10449073007115,both,0.41706133505867105,P3,P3
Jaguapitã,15122.0,P2,32.63434282213392,55.08465955609999,55.06776205235614,14.72719499750853,0.3893829423191464,1.0,0.2349084327216305,-0.6736222305696418,-1.0,0.32637776943035823,126.0,-1.0,1,0,1,both,P1,38.87404621210965,13.454529704853227,0.3893829423191464,0.2407507378074255,0.08332520714775245,0.4381548542152707,0.0,0.4381548542152707,232.0,0.0,both,4111902,270.0,1031.0,0.2618816682832202,2362.0,2057.0,1.1482741857073409,3.0,6.0,0.5,59.75292255857879,72.48657340568472,50.0,both,11.76,15122.0,0.13602698055812723,13.95,21.166306695464364,79.06091514869097,74.7588424437299,both,411190.0,0.0,368.0,0.17309501411100658,0.6858774121111733,0.0,24.569240786895634,24.51507537496182,both,0.3893829423191464,P2,P1
Jaguariaíva,35141.0,P3,32.02680132379698,75.69586600729359,51.50290288329208,31.44350925353808,0.44305859330239983,0.0,0.600575327021417,0.8666653865836548,0.0,0.8666653865836548,15.0,1.0,0,1,1,both,P2,20.095371623394037,6.955123039206443,0.5315633068099108,0.6155119738110115,0.2130322140933545,0.794120529175221,0.0,0.794120529175221,20.0,1.0,both,4112009,400.0,2498.0,0.16012810248198558,5447.0,5259.0,1.0357482411104773,4.0,10.0,0.4,75.39083898697906,80.14133014976123,60.0,both,3.77,35141.0,0.14965425002134258,14.09,6.785457163426925,86.98128793296537,75.50911039657021,both,411200.0,0.04,1123.0,0.2163359660951647,0.560468956982928,4.0,32.006607438373806,45.38840656519161,both,0.5315633068099108,P3,P2
Jandaia do Sul,21408.0,P3,32.02680132379698,42.64814647006886,35.04491577324534,33.40101961533049,0.35579224217861133,0.0,0.2756776648468722,0.3737616393413046,0.0,0.3737616393413046,103.0,1.0,0,0,0,both,P2,20.095371623394037,6.955123039206443,0.3742864958880881,0.28253392370788777,0.09778660673537891,0.45112546596310665,0.0,0.45112546596310665,209.0,0.0,both,4112108,396.0,1216.0,0.3256578947368421,3124.0,2414.0,1.2941176470588236,5.0,10.0,0.5,49.95152354570638,62.565339477284176,50.0,both,8.51,21408.0,0.11276158445440956,11.58,15.316774658027358,65.53871903943674,62.057877813504824,both,411210.0,0.01639344262295082,531.0,0.21735571019238642,0.5246073689519454,1.639344262295082,32.182001605100226,51.35730876730228,both,0.3742864958880881,P3,P2
Janiópolis,5870.0,P2,32.63434282213392,57.90837303770148,24.091047532621594,42.88773298635349,0.4513665191614631,0.0,0.07617108635164198,0.11055216445892985,0.0,0.11055216445892985,290.0,0.0,0,0,0,both,P1,38.87404621210965,13.454529704853227,0.4513665191614631,0.0780655041893791,0.027018917436825902,0.3871144922191977,0.0,0.3871144922191977,297.0,0.0,both,4112207,129.0,305.0,0.42295081967213116,705.0,667.0,1.0569715142428786,0.0,2.0,0.0,34.999137187230374,78.69758316568877,100.0,both,0.0,5870.0,0.11362862010221465,11.07,0.0,66.04265312296009,59.32475884244373,both,411220.0,0.058823529411764705,125.0,0.19409937888198758,0.41589879779988964,5.88235294117647,28.181954081006484,69.45106493831229,both,0.4513665191614631,P2,P1
Japira,4972.0,P1,5.296345791329013,76.82770535401902,66.62081877254643,53.626861295814365,0.6550599041444264,0.0,0.07457229293496583,0.12342161199677464,0.0,0.12342161199677464,273.0,0.0,0,1,1,both,P1,38.87404621210965,13.454529704853227,0.6550599041444264,0.07642694787955706,0.02645180372750722,0.5427565751618479,0.0,0.5427565751618479,121.0,1.0,both,4112306,98.0,322.0,0.30434782608695654,609.0,653.0,0.9326186830015314,0.0,1.0,0.0,53.22654462242563,87.15688272544773,100.0,both,36.36,4972.0,0.13133547868061143,9.65,65.44276457883369,76.33414410417969,51.71489817792069,both,411230.0,0.04838709677419355,183.0,0.2828438948995363,0.37662262625943305,4.838709677419355,43.44585262265505,75.98829989276459,both,0.6550599041444264,P1,P1
Japurá,9144.0,P2,32.63434282213392,55.49426192435607,40.90805861787761,39.319095405145234,0.4610695465537604,0.0,0.1159125227090204,0.1693562569943709,0.0,0.1693562569943709,222.0,0.0,0,0,0,both,P1,38.87404621210965,13.454529704853227,0.4610695465537604,0.11879533246209865,0.04111574392560464,0.4200310284927993,0.0,0.4200310284927993,256.0,0.0,both,4112405,204.0,462.0,0.44155844155844154,1073.0,1015.0,1.0571428571428572,0.0,2.0,0.0,32.139439507860565,78.68592729180244,100.0,both,21.74,9144.0,0.11100174978127735,9.08,39.128869690424764,64.51587681212746,48.660235798499464,both,411240.0,0.0392156862745098,243.0,0.25418410041841005,0.5076507139482789,3.9215686274509802,38.51641906646883,54.17962146869111,both,0.4610695465537604,P2,P1
Jardim Alegre,12004.0,P2,32.63434282213392,58.52490794642931,37.987122492118594,49.235815480094544,0.5070171386903326,0.0,0.1682159073402828,0.2535042553621511,0.0,0.2535042553621511,163.0,0.0,0,1,1,both,P1,38.87404621210965,13.454529704853227,0.5070171386903326,0.17239953174056288,0.05966846384474447,0.48996646416011186,0.0,0.48996646416011186,169.0,1.0,both,4112504,230.0,663.0,0.3469079939668175,1490.0,1473.0,1.011541072640869,1.0,4.0,0.25,46.685718821941734,81.78806137038407,75.0,both,7.41,12004.0,0.12270909696767744,11.75,13.336933045356373,71.3203620599987,62.968917470525184,both,411250.0,0.03333333333333333,366.0,0.2650253439536568,0.4001577257278889,3.3333333333333335,40.38109362680546,72.07105264418226,both,0.5070171386903326,P2,P1
Jardim Olinda,1343.0,P1,5.296345791329013,42.5406205223592,37.69394712860233,44.032286915306855,0.4216795240078689,0.0,0.02409610077990473,0.034256933087220595,0.0,0.034256933087220595,395.0,0.0,0,0,0,both,P1,38.87404621210965,13.454529704853227,0.4216795240078689,0.024695384383746615,0.00854721376187446,0.3314472839062766,0.0,0.3314472839062766,342.0,0.0,both,4112603,39.0,72.0,0.5416666666666666,223.0,211.0,1.0568720379146919,0.0,1.0,0.0,16.75438596491229,78.70435020147586,100.0,both,0.0,1343.0,0.15711094564408043,10.42,0.0,91.31523093089125,55.841371918542336,both,411260.0,0.0,49.0,0.296969696969697,0.47356947973152663,0.0,45.875465395299,59.852196642753974,both,0.42167952400786884,P1,P1
Jataizinho,11813.0,P2,32.63434282213392,56.243668408767114,58.45534045941022,46.91919716367428,0.529562143208586,0.0,0.17883646360820293,0.27354148456040717,0.0,0.27354148456040717,151.0,0.0,0,1,1,both,P1,38.87404621210965,13.454529704853227,0.529562143208586,0.18328422722723792,0.0634357191995043,0.5148345506595736,0.0,0.5148345506595736,140.0,1.0,both,4112702,206.0,762.0,0.27034120734908135,1675.0,1566.0,1.0696040868454662,2.0,4.0,0.5,58.4528249758254,77.83823227846779,50.0,both,18.87,11813.0,0.1325658173199018,12.95,33.963282937365015,77.04923531892237,69.39978563772775,both,411270.0,0.023255813953488372,408.0,0.258719086873811,0.41448900433071073,2.3255813953488373,39.296428651842,69.68571487449005,both,0.529562143208586,P2,P1
Jesuítas,10506.0,P2,32.63434282213392,52.53026957564736,34.34709702221453,44.684341898726025,0.45755263994192263,0.0,0.15485456235806075,0.22570867617204254,0.0,0.22570867617204254,180.0,0.0,0,0,0,both,P1,38.87404621210965,13.454529704853227,0.45755263994192263,0.15870588257990714,0.05492901355972402,0.4421917846583991,0.0,0.4421917846583991,224.0,0.0,both,4112751,165.0,509.0,0.3241650294695481,1097.0,1356.0,0.8089970501474927,3.0,5.0,0.6,50.180953365732606,95.56644134940242,40.0,both,9.62,10506.0,0.12906910336950314,9.23,17.314614830813532,75.01689288363926,49.464094319399784,both,411275.0,0.06666666666666667,267.0,0.2225,0.42909572482161934,6.666666666666667,33.06681028079038,67.25453179279062,both,0.45755263994192263,P2,P1
Joaquim Távora,11945.0,P2,32.63434282213392,40.47429960531991,64.14450926727989,20.634758149414196,0.37272524955349623,0.0,0.18260504809036812,0.2506665602095788,0.0,0.2506665602095788,165.0,0.0,0,0,0,both,P1,38.87404621210965,13.454529704853227,0.37272524955349623,0.18714653852896132,0.06477248722861262,0.392348497287892,0.0,0.392348497287892,295.0,0.0,both,4112801,348.0,816.0,0.4264705882352941,1854.0,1599.0,1.1594746716697937,2.0,6.0,0.3333333333333333,34.458204334365334,71.72464249486072,66.66666666666667,both,17.44,11945.0,0.13386354123064043,14.99,31.38948884089273,77.80349186106102,80.33226152197214,both,411280.0,0.043478260869565216,295.0,0.17685851318944845,0.6472846067094199,4.3478260869565215,25.216555918836463,30.93856897343653,both,0.37272524955349623,P2,P1
Jundiaí do Sul,3333.0,P1,5.296345791329013,52.45843801225434,51.04773473420228,63.445499584793,0.565711219856594,1.0,0.04716440579194623,-0.9261541606736805,-1.0,0.0738458393263195,351.0,-1.0,1,0,1,both,P1,38.87404621210965,13.454529704853227,0.565711219856594,0.04833741113975048,0.016729854424901196,0.4557514124512035,0.0,0.4557514124512035,205.0,0.0,both,4112900,66.0,222.0,0.2972972972972973,446.0,413.0,1.0799031476997578,1.0,2.0,0.5,54.31009957325747,77.13762224747018,50.0,both,23.26,3333.0,0.12391239123912391,10.2,41.864650827933765,72.01973468374877,54.662379421221864,both,411290.0,0.13333333333333333,164.0,0.36607142857142855,0.3996414768403273,13.333333333333334,57.76084003650487,72.15697854124909,both,0.565711219856594,P1,P1
Juranda,7771.0,P2,32.63434282213392,63.76453436040293,28.58382126244373,46.09042432112855,0.49658747725101343,1.0,0.10871795233397777,-0.8372940739845962,-1.0,0.1627059260154038,227.0,-1.0,1,0,1,both,P1,38.87404621210965,13.454529704853227,0.49658747725101343,0.11142182906789941,0.03856373223367055,0.44305153563236827,0.0,0.44305153563236827,221.0,0.0,both,4112959,152.0,516.0,0.29457364341085274,1084.0,952.0,1.138655462184874,1.0,5.0,0.2,54.72868217054263,73.1409024052483,80.0,both,0.0,7771.0,0.1225067558872732,11.45,0.0,71.20275839840673,61.36120042872454,both,411295.0,0.046511627906976744,254.0,0.25349301397205587,0.4326852163713172,4.651162790697675,38.39755342976207,66.65708686098954,both,0.49658747725101343,P2,P1
Jussara,6690.0,P2,32.63434282213392,42.28254356868806,25.300408249132428,19.966899884926423,0.2995985903127228,0.0,0.09992458854225897,0.1298618544070986,0.0,0.1298618544070986,261.0,0.0,0,0,0,both,P1,38.87404621210965,13.454529704853227,0.2995985903127228,0.10240976936387815,0.03544460683241779,0.2845552958337422,0.0,0.2845552958337422,371.0,0.0,both,4113007,146.0,394.0,0.37055837563451777,966.0,875.0,1.104,1.0,2.0,0.5,43.05102858669517,75.49839546010904,50.0,both,0.0,6690.0,0.13079222720478326,9.57,0.0,76.01839822304179,51.28617363344051,both,411300.0,0.0,119.0,0.1456548347613219,0.5966731543930519,0.0,19.849578858992363,39.362479507520895,both,0.29959859031272285,P2,P1
Kaloré,4582.0,P1,5.296345791329013,26.592915921080646,41.198676398489994,53.567514934200574,0.40303907621810486,0.0,0.05881275782772956,0.0825165974124568,0.0,0.0825165974124568,335.0,0.0,0,0,0,both,P1,38.87404621210965,13.454529704853227,0.40303907621810486,0.06027546425416828,0.020861682878508755,0.3390677772439066,0.0,0.3390677772439066,337.0,0.0,both,4113106,136.0,232.0,0.5862068965517241,538.0,515.0,1.0446601941747573,1.0,4.0,0.25,9.90925589836662,79.53508033718607,75.0,both,20.0,4582.0,0.1123963334788302,9.6,35.99712023038157,65.32642971073318,51.446945337620576,both,411310.0,0.05660377358490566,153.0,0.3,0.39997718056376014,5.660377358490567,46.39667211409894,72.10110308218341,both,0.40303907621810486,P1,P1
Lapa,45003.0,P3,32.02680132379698,66.20210499540941,50.00490505872249,33.92288541318813,0.4359513325873926,0.0,0.6783452067897352,0.9740707036439906,0.0,0.9740707036439906,5.0,1.0,0,1,1,both,P3,12.727954295488436,4.4052177696212595,0.5005097717518352,0.6952160343102125,0.24061824523949904,0.8166406259837589,0.0,0.8166406259837589,17.0,1.0,both,4113205,589.0,2543.0,0.23161620133700353,6336.0,5940.0,1.0666666666666667,5.0,13.0,0.38461538461538464,64.4042469524184,78.03805496828753,61.53846153846154,both,14.84,45003.0,0.13199120058662756,11.84,26.709863210943123,76.71525948114363,63.45123258306538,both,411320.0,0.041237113402061855,1121.0,0.2064836986553693,0.5222383527989909,4.123711340206185,30.31203500331216,51.7516143881239,both,0.5005097717518352,P3,P3
Laranjal,5600.0,P2,32.63434282213392,70.34412275644709,65.4149188991558,75.95668824998342,0.7160330818240337,1.0,0.09661280217914411,-0.8342092353328676,-1.0,0.16579076466713238,225.0,-1.0,1,0,1,both,P1,38.87404621210965,13.454529704853227,0.7160330818240337,0.09901561700781818,0.03426987129168623,0.6052057334374485,0.0,0.6052057334374485,70.0,1.0,both,4113254,90.0,437.0,0.20594965675057209,942.0,846.0,1.1134751773049645,1.0,3.0,0.3333333333333333,68.34878959412261,74.85383142079931,66.66666666666667,both,10.87,5600.0,0.15107142857142858,15.71,19.564434845212382,87.80497329773031,84.19078242229368,both,411325.0,0.07894736842105263,397.0,0.4610917537746806,0.31986662621791667,7.894736842105263,74.10416656960678,85.43492599694376,both,0.7160330818240336,P2,P1
Laranjeiras do Sul,32227.0,P3,32.02680132379698,50.61634528855947,62.72918875508392,32.37183727675716,0.4209220917478298,0.0,0.5052187196696614,0.7178764399431756,0.0,0.7178764399431756,30.0,1.0,0,1,1,both,P2,20.095371623394037,6.955123039206443,0.4574111077714344,0.5177837939037678,0.17920793214470435,0.6661202431019506,0.0,0.6661202431019506,44.0,1.0,both,4113304,842.0,2278.0,0.36962247585601404,5242.0,4424.0,1.1849005424954793,3.0,12.0,0.25,43.19486160528626,69.99500710389187,75.0,both,12.22,32227.0,0.1372761969776895,15.95,21.99424046076314,79.78697841161225,85.47695605573419,both,411330.0,0.02553191489361702,701.0,0.1541675830217726,0.4767524358511596,2.553191489361702,21.31375638329618,59.322416595777675,both,0.4574111077714344,P3,P2
Leópolis,3752.0,P1,5.296345791329013,34.25398916581804,76.75261626827918,38.823213930630295,0.4458140449223517,0.0,0.052874382280075315,0.07644652451712641,0.0,0.07644652451712641,346.0,0.0,0,0,0,both,P1,38.87404621210965,13.454529704853227,0.4458140449223517,0.05418939796054352,0.01875526052961078,0.368013927253282,0.0,0.368013927253282,315.0,0.0,both,4113403,126.0,207.0,0.6086956521739131,483.0,463.0,1.043196544276458,0.0,3.0,0.0,6.45308924485126,79.63464745453055,100.0,both,46.51,3752.0,0.12340085287846482,10.13,83.71130309575233,71.72242093936194,54.28724544480173,both,411340.0,0.0,92.0,0.21100917431192662,0.44523227867191495,0.0,31.090408748240034,64.56871900256243,both,0.4458140449223517,P1,P1
Lidianópolis,3938.0,P1,5.296345791329013,66.69783933048498,14.392553388753749,53.98811392967527,0.5115289198181485,0.0,0.05550097146461469,0.08389132344676693,0.0,0.08389132344676693,330.0,0.0,0,0,0,both,P1,38.87404621210965,13.454529704853227,0.5115289198181485,0.056881311898108314,0.019686947337777195,0.41990633734974103,0.0,0.41990633734974103,257.0,0.0,both,4113429,78.0,214.0,0.3644859813084112,493.0,486.0,1.01440329218107,0.0,2.0,0.0,43.984259714707335,81.59335432387248,100.0,both,0.0,3938.0,0.1234128999492128,7.11,0.0,71.72942287702378,38.10289389067524,both,411342.0,0.02857142857142857,134.0,0.29385964912280704,0.3719054722467946,2.857142857142857,45.34054271021485,76.77343609335357,both,0.5115289198181485,P1,P1
Lindoeste,5175.0,P2,32.63434282213392,42.944890863655246,85.62417297595019,53.66665532136411,0.5576945306919778,0.0,0.07993967083380717,0.12452158804313844,0.0,0.12452158804313844,270.0,0.0,0,1,1,both,P1,38.87404621210965,13.454529704853227,0.5576945306919778,0.08192781549110252,0.028355685465934234,0.471442289643942,0.0,0.471442289643942,185.0,1.0,both,4113452,123.0,360.0,0.3416666666666667,848.0,700.0,1.2114285714285715,1.0,2.0,0.5,47.49122807017544,68.19039565086075,50.0,both,31.25,5175.0,0.13526570048309178,16.62,56.2455003599712,78.61844778545307,89.06752411575563,both,411345.0,0.0,273.0,0.37448559670781895,0.44178966317646984,0.0,59.20806195521856,65.1417174764178,both,0.5576945306919778,P2,P1
Loanda,23225.0,P3,32.02680132379698,34.47354252401901,45.65904750357524,34.437358740635055,0.36688933249899874,0.0,0.35995691781165745,0.49202127111597344,0.0,0.49202127111597344,67.0,1.0,0,0,0,both,P2,20.095371623394037,6.955123039206443,0.3669617000657668,0.368909249182793,0.12768160084089245,0.49705367928821853,0.0,0.49705367928821853,158.0,1.0,both,4113502,681.0,1489.0,0.45735392881128273,3566.0,3152.0,1.1313451776649746,4.0,10.0,0.4,29.71192251952919,73.63819616208184,60.0,both,3.1,23225.0,0.13571582346609257,14.08,5.579553635709143,78.88006599398409,75.45551982851019,both,411350.0,0.04040404040404041,552.0,0.1798631476050831,0.48825422849992295,4.040404040404041,25.73334768167535,57.408026318076885,both,0.3669617000657668,P3,P2
Lobato,4601.0,P1,5.296345791329013,41.690698762725994,42.001210153766436,40.76464109405161,0.4138237797346433,0.0,0.06429433525633348,0.09090086008763573,0.0,0.09090086008763573,319.0,0.0,0,0,0,both,P1,38.87404621210965,13.454529704853227,0.4138237797346433,0.06589337160212959,0.02280607273902996,0.35076279327975046,0.0,0.35076279327975046,330.0,0.0,both,4113601,127.0,234.0,0.5427350427350427,609.0,563.0,1.0817051509769093,0.0,1.0,0.0,16.590193432298708,77.01503810220447,100.0,both,20.83,4601.0,0.12236470332536405,8.48,37.491000719942406,71.12019532527468,45.44480171489818,both,411360.0,0.0,128.0,0.24150943396226415,0.454204951818163,0.0,36.336399032356624,63.07528239135636,both,0.4138237797346433,P1,P1
Londrina,555965.0,G1,7.630812578735708,65.89371022824054,39.54064145793567,24.244683451999634,0.439634857636832,0.0,7.630812578735708,10.985583780441528,10.0,0.9855837804415284,3.0,11.0,0,8,8,both,G1,7.820595187307814,2.7067527183338935,0.439634857636832,7.820595187307814,2.7067527183338935,5.174491041756839,5.0,0.1744910417568386,393.0,5.0,both,4113700,2282.0,30194.0,0.07557792938994502,77042.0,66820.0,1.1529781502544147,152.0,187.0,0.8128342245989305,88.38486558849267,72.16657871939604,18.71657754010695,both,11.84,555965.0,0.12018742187008175,11.0,21.31029517638589,69.8547267859849,58.949624866023576,both,411370.0,0.0480859010270775,12581.0,0.19672259315434773,0.6286582840300335,4.8085901027077504,28.633142259196475,34.03878579490468,both,0.439634857636832,G1,G1
Luiziana,6690.0,P2,32.63434282213392,83.60132316363735,39.045672774867185,50.56508441206831,0.614756975852557,0.0,0.11202973869709262,0.18090080206406944,0.0,0.18090080206406944,212.0,0.0,0,1,1,both,P1,38.87404621210965,13.454529704853227,0.614756975852557,0.11481598142395938,0.03973846777440211,0.5372215594561434,0.0,0.5372215594561434,126.0,1.0,both,4113734,101.0,445.0,0.22696629213483147,1026.0,981.0,1.0458715596330275,0.0,2.0,0.0,65.11886457717327,79.45267527100818,100.0,both,0.0,6690.0,0.14663677130044844,11.96,0.0,85.22748417920457,64.09431939978563,both,411373.0,0.035555555555555556,329.0,0.35799782372143635,0.48213184735748954,3.5555555555555554,56.37219439589679,58.42705242064824,both,0.614756975852557,P2,P1
Lunardelli,4872.0,P1,5.296345791329013,58.65364006723253,18.71089683078879,56.98256567754789,0.49996661664069925,0.0,0.0654363305539593,0.09815231134640474,0.0,0.09815231134640474,309.0,0.0,0,0,0,both,P1,38.87404621210965,13.454529704853227,0.49996661664069925,0.0670637689662882,0.023211153959971878,0.4175316816093876,0.0,0.4175316816093876,261.0,0.0,both,4113759,103.0,239.0,0.4309623430962343,570.0,573.0,0.9947643979057592,0.0,2.0,0.0,33.76789253468399,82.92932141074047,100.0,both,0.0,4872.0,0.11761083743842364,9.03,0.0,68.35717738593988,48.39228295819935,both,411375.0,0.037037037037037035,180.0,0.3448275862068966,0.3948865060536368,3.7037037037037033,54.10693702324295,72.94840907062576,both,0.49996661664069925,P1,P1
Lupionópolis,4813.0,P1,5.296345791329013,30.6900002022766,75.42864855553721,51.2735737369198,0.47871159286786,0.0,0.06909071550636191,0.10216524197879258,0.0,0.10216524197879258,299.0,0.0,0,0,0,both,P1,38.87404621210965,13.454529704853227,0.47871159286786,0.07080904053159574,0.024507413866986013,0.40359079232961464,0.0,0.40359079232961464,280.0,0.0,both,4113809,141.0,273.0,0.5164835164835165,662.0,605.0,1.094214876033058,1.0,3.0,0.3333333333333333,20.62463851937536,76.1640441151452,66.66666666666667,both,44.44,4813.0,0.1257012258466653,10.18,79.98560115190784,73.05943210658052,54.555198285101824,both,411380.0,0.03125,171.0,0.30212014134275617,0.41357468049911983,3.125,46.761332645273455,69.8378974696141,both,0.47871159286786,P1,P1
Mallet,13428.0,P2,32.63434282213392,73.08482348816551,29.831447796983834,26.60342185852001,0.45841587698070974,0.0,0.1864878321022959,0.27197681520170125,0.0,0.27197681520170125,152.0,0.0,0,0,0,both,P1,38.87404621210965,13.454529704853227,0.45841587698070974,0.19112588956710058,0.06614976337981514,0.463109488232074,0.0,0.463109488232074,195.0,0.0,both,4113908,153.0,810.0,0.18888888888888888,1788.0,1633.0,1.0949173300673607,1.0,3.0,0.3333333333333333,70.97076023391813,76.11625855977174,66.66666666666667,both,0.0,13428.0,0.12161155793863569,11.92,0.0,70.68245596452107,63.87995712754555,both,411390.0,0.00847457627118644,258.0,0.15683890577507598,0.5362528095293098,0.847457627118644,21.773219134440787,49.41900932984497,both,0.45841587698070974,P2,P1
Mamborê,13452.0,P2,32.63434282213392,63.7020196929568,25.916711091530964,61.27098303840035,0.5517254331084905,0.0,0.19276880623923787,0.2991242593513881,0.0,0.2991242593513881,138.0,0.0,0,1,1,both,P1,38.87404621210965,13.454529704853227,0.5517254331084905,0.19756307506997292,0.06837771009499569,0.5417182694599144,0.0,0.5417182694599144,122.0,1.0,both,4114005,221.0,772.0,0.2862694300518135,1865.0,1688.0,1.1048578199052133,1.0,4.0,0.25,56.004908644668674,75.44004089371852,75.0,both,0.0,13452.0,0.1254831995242343,10.33,0.0,72.93271194777694,55.35905680600214,both,411400.0,0.15,507.0,0.3123844731977819,0.37942849056467676,15.0,48.52677942512793,75.52128405353506,both,0.5517254331084905,P2,P1
Mandaguari,36716.0,P3,32.02680132379698,47.67584832465538,44.449557671775224,15.09971922344617,0.2748491273335382,0.0,0.5112712947470781,0.6517937639390008,0.0,0.6517937639390008,38.0,1.0,0,0,0,both,P2,20.095371623394037,6.955123039206443,0.3400013855359567,0.5239868999338084,0.1813548626156965,0.5665529790922383,0.0,0.5665529790922383,108.0,1.0,both,4114203,936.0,2261.0,0.41397611676249446,4867.0,4477.0,1.0871119052937235,3.0,12.0,0.25,36.37840731860612,76.64723502160406,75.0,both,12.22,36716.0,0.12193594073428478,12.15,21.99424046076314,70.87099209593617,65.11254019292605,both,411420.0,0.0,408.0,0.0890829694323144,0.5947351674418453,0.0,10.119318878499337,39.685043432206136,both,0.34000138553595666,P3,P2
Mandaguaçu,31457.0,P3,32.02680132379698,46.66949747785156,48.54126500576451,29.85314383969449,0.36954038800539907,0.0,0.4903727808005257,0.6715853284848385,0.0,0.6715853284848385,36.0,1.0,0,0,0,both,P2,20.095371623394037,6.955123039206443,0.4031730952817132,0.5025686281697059,0.1739418762724594,0.6091339230607221,0.0,0.6091339230607221,67.0,1.0,both,4114104,845.0,2321.0,0.36406721240844464,4660.0,4294.0,1.0852352119236144,3.0,7.0,0.42857142857142855,44.04861788249167,76.77490007949692,57.14285714285714,both,9.46,31457.0,0.13650379883650698,12.72,17.026637868970486,79.33804906207823,68.16720257234728,both,411410.0,0.018518518518518517,549.0,0.12097840458351697,0.46749113449398794,1.8518518518518516,15.605276861451383,60.86389328714654,both,0.40317309528171325,P3,P2
Mandirituba,27439.0,P3,32.02680132379698,68.40616754355534,55.14822688390561,46.46951790409515,0.5259258962794928,0.0,0.4493751496157589,0.6857131779431581,0.0,0.6857131779431581,35.0,1.0,0,1,1,both,P2,20.095371623394037,6.955123039206443,0.5697991955584132,0.4605513627964119,0.15939946044064457,0.7276422817070778,0.0,0.7276422817070778,29.0,1.0,both,4114302,502.0,1769.0,0.283776144714528,4228.0,3935.0,1.0744599745870393,1.0,6.0,0.16666666666666666,56.388087233346226,77.50790277471242,83.33333333333334,both,11.8,27439.0,0.1434090163635701,13.16,21.238300935925125,83.3514647443965,70.52518756698821,both,411430.0,0.16923076923076924,802.0,0.21507106462858674,0.4623089919331464,16.923076923076923,31.7890466411837,61.72642347170878,both,0.5697991955584132,P3,P2
Manfrinópolis,2770.0,P1,5.296345791329013,80.5635638577321,39.53920461019776,36.40975336605484,0.5469716781155434,0.0,0.04168282836334231,0.06448215494184183,0.0,0.06448215494184183,361.0,0.0,0,1,1,both,P1,38.87404621210965,13.454529704853227,0.5469716781155434,0.04271950379178916,0.01478546456437999,0.4378393226272044,0.0,0.4378393226272044,233.0,0.0,both,4114351,45.0,168.0,0.26785714285714285,353.0,365.0,0.9671232876712329,0.0,1.0,0.0,58.83458646616542,84.80965199351878,100.0,both,0.0,2770.0,0.13176895306859207,13.72,0.0,76.58608590033403,73.52625937834941,both,411435.0,0.0,55.0,0.1544943820224719,0.41485845188368564,0.0,21.3699652288005,69.62422299882041,both,0.5469716781155434,P1,P1
Mangueirinha,16603.0,P2,32.63434282213392,58.27643568396933,78.46410402597412,40.53501423384225,0.5521740077231946,0.0,0.2786468526206993,0.4325084019717252,0.0,0.4325084019717252,82.0,1.0,0,1,1,both,P1,38.87404621210965,13.454529704853227,0.5521740077231946,0.2855769568547002,0.09883981790982789,0.5990766516334053,0.0,0.5990766516334053,75.0,1.0,both,4114401,387.0,1168.0,0.3313356164383562,2661.0,2440.0,1.0905737704918033,1.0,4.0,0.25,49.078947368421055,76.41173612339864,75.0,both,29.17,16603.0,0.1469613925194242,13.91,52.50179985601152,85.41615888582234,74.54448017148981,both,411440.0,0.015384615384615385,638.0,0.2634186622625929,0.48875527624966064,1.5384615384615385,40.104747240328194,57.32463054056174,both,0.5521740077231946,P2,P1
Manoel Ribas,14240.0,P2,32.63434282213392,62.13453947819148,52.33423768176606,45.73266376880788,0.5361372883515296,1.0,0.24358759698358673,-0.6258160092935678,-1.0,0.37418399070643216,102.0,0.0,1,0,1,both,P1,38.87404621210965,13.454529704853227,0.5361372883515296,0.24964575777503092,0.08640382442691102,0.5627783739330802,0.0,0.5627783739330802,112.0,1.0,both,4114500,229.0,1003.0,0.22831505483549352,2248.0,2133.0,1.0539146741678387,2.0,4.0,0.5,64.91158104633467,78.90552958430189,50.0,both,0.0,14240.0,0.14978932584269664,15.59,0.0,87.05979602016173,83.54769560557341,both,411450.0,0.038461538461538464,600.0,0.28776978417266186,0.4674241476668809,3.8461538461538463,44.29309679577686,60.87504276049073,both,0.5361372883515296,P2,P1
Marechal Cândido Rondon,55836.0,P3,32.02680132379698,48.265239520585055,43.874611830583156,13.962972699172022,0.26805753889736855,0.0,0.7931157342011298,1.005716385971864,1.0,0.00571638597186408,399.0,1.0,0,0,0,both,P3,12.727954295488436,4.4052177696212595,0.3366620725401946,0.8128409694081526,0.28132890794416177,0.7351166590669378,0.0,0.7351166590669378,28.0,1.0,both,4114609,1198.0,3634.0,0.32966428178315904,8011.0,6945.0,1.153491720662347,9.0,20.0,0.45,49.3358051154303,72.13164227378111,55.00000000000001,both,8.06,55836.0,0.12438211906297013,13.11,14.506839452843773,72.29274751893563,70.2572347266881,both,411460.0,0.030054644808743168,721.0,0.09966823334254907,0.6369317139819889,3.0054644808743167,11.939965399693344,32.66173316085597,both,0.33666207254019465,P3,P3
Maria Helena,5865.0,P2,32.63434282213392,55.28435351880111,24.506945137817766,47.1374751471791,0.4587012049395564,1.0,0.07891187506594394,-0.8848911527572678,-1.0,0.11510884724273218,284.0,-1.0,1,0,1,both,P1,38.87404621210965,13.454529704853227,0.4587012049395564,0.08087445786335977,0.02799111236708651,0.3945121552635113,0.0,0.3945121552635113,294.0,0.0,both,4114708,108.0,337.0,0.32047477744807124,775.0,691.0,1.1215629522431259,1.0,3.0,0.3333333333333333,50.74808683429642,74.30364763896782,66.66666666666667,both,0.0,5865.0,0.11781756180733163,10.74,0.0,68.47732868035472,57.556270096463024,both,411470.0,0.0,189.0,0.274310595065312,0.41409381851185667,0.0,41.978140264301445,69.75149069853785,both,0.45870120493955635,P2,P1
Marialva,41851.0,P3,32.02680132379698,49.33534951439014,56.08855073496903,27.884883132447445,0.378157099293403,0.0,0.6219306390870198,0.8571181255258596,0.0,0.8571181255258596,16.0,1.0,0,0,0,both,P3,12.727954295488436,4.4052177696212595,0.4210580320572884,0.6373984045207775,0.22060723292496834,0.7076939793278804,0.0,0.7076939793278804,34.0,1.0,both,4114807,867.0,2628.0,0.3299086757990868,6117.0,5446.0,1.1232096951891297,4.0,9.0,0.4444444444444444,49.29824561403508,74.19162532520859,55.55555555555556,both,16.33,41851.0,0.1301283123461805,13.36,29.391648668106544,75.63252097952304,71.59699892818864,both,411480.0,0.0528169014084507,901.0,0.166543438077634,0.558040950696286,5.28169014084507,23.44238138927922,45.792530667519564,both,0.4210580320572884,P3,P3
Marilena,7253.0,P2,32.63434282213392,52.756474837661635,50.52886381738543,43.77519176593088,0.48718439404914093,0.0,0.10928894998279068,0.16253282085642343,0.0,0.16253282085642343,228.0,0.0,0,1,1,both,P1,38.87404621210965,13.454529704853227,0.48718439404914093,0.11200702774997873,0.03876627284414151,0.4361067760933612,0.0,0.4361067760933612,234.0,0.0,both,4115002,203.0,454.0,0.44713656387665196,1079.0,957.0,1.1274817136886102,0.0,2.0,0.0,31.282170183167178,73.9010144573161,100.0,both,12.82,7253.0,0.13194540190266096,12.68,23.074154067674584,76.68864060118212,67.95284030010717,both,411500.0,0.03225806451612903,187.0,0.20216216216216215,0.39796400245270774,3.225806451612903,29.568738430898584,72.43618203211503,both,0.4871843940491409,P2,P1
Mariluz,9847.0,P2,32.63434282213392,82.12826583085354,51.0334983030374,53.99324768917412,0.6465530506861854,0.0,0.1582805482509382,0.2606173195868643,0.0,0.2606173195868643,159.0,0.0,0,1,1,both,P1,38.87404621210965,13.454529704853227,0.6465530506861854,0.16221707467238297,0.05614425722254977,0.5937977357253517,0.0,0.5937977357253517,80.0,1.0,both,4115101,159.0,652.0,0.24386503067484663,1415.0,1386.0,1.020923520923521,0.0,2.0,0.0,62.521795285760405,81.14980537062434,100.0,both,13.7,9847.0,0.1407535289936021,11.58,24.658027357811374,81.80805577674874,62.057877813504824,both,411510.0,0.029411764705882353,441.0,0.32666666666666666,0.40625276791828835,2.941176470588235,50.98329123953845,71.05657691263345,both,0.6465530506861854,P2,P1
Marilândia do Sul,8677.0,P2,32.63434282213392,70.58638544007796,42.834042446564084,50.87364469615762,0.5715082054380705,1.0,0.13292825264364508,-0.7911021602359669,-1.0,0.2088978397640331,192.0,-1.0,1,0,1,both,P1,38.87404621210965,13.454529704853227,0.5715082054380705,0.1362342531880619,0.047151454117639206,0.517518056353474,0.0,0.517518056353474,138.0,1.0,both,4114906,115.0,536.0,0.21455223880597016,1241.0,1164.0,1.0661512027491409,1.0,3.0,0.3333333333333333,67.02670856245089,78.07312022291075,66.66666666666667,both,8.0,8677.0,0.13414774691713727,11.76,14.398848092152628,77.96867645585765,63.022508038585215,both,411490.0,0.0,394.0,0.33907056798623064,0.4376275359276023,0.0,53.116740152877576,65.83447348264282,both,0.5715082054380705,P2,P1
Maringá,409657.0,M2,29.8345129509447,48.55150750400013,32.36445043701976,12.678384687816605,0.3096484696413065,0.0,5.201331782566545,6.811916209134964,6.0,0.8119162091349637,21.0,7.0,0,6,6,both,M2,30.576514098907197,10.582706388985502,0.3096484696413065,5.3306918347967915,1.8449829289020574,3.3613066498002793,3.0,0.36130664980027927,318.0,3.0,both,4115200,6614.0,21680.0,0.3050738007380074,53527.0,45546.0,1.1752294383699995,63.0,125.0,0.504,53.11497378131676,70.65289937746844,49.6,both,7.29,409657.0,0.11118081712261721,11.36,13.120950323974082,64.61995342855667,60.87888531618435,both,411520.0,0.037075180226570546,5145.0,0.11477201748906933,0.6716754103674467,3.7075180226570548,14.537789345928593,26.878895945575472,both,0.3096484696413065,M2,M2
Maripá,6555.0,P2,32.63434282213392,45.226519327916954,51.41021981883159,24.314904132351362,0.3809861334787364,0.0,0.11043094528041648,0.15250360413920427,0.0,0.15250360413920427,244.0,0.0,0,0,0,both,P1,38.87404621210965,13.454529704853227,0.3809861334787364,0.11317742511413734,0.03917135406508343,0.3541922293342278,0.0,0.3541922293342278,324.0,0.0,both,4115358,131.0,357.0,0.36694677871148457,984.0,967.0,1.017580144777663,1.0,2.0,0.5,43.6060740085508,81.37724386218449,50.0,both,13.16,6555.0,0.1475209763539283,11.14,23.686105111591072,85.74139737804488,59.69989281886389,both,411535.0,0.0,89.0,0.10761789600967352,0.5068736786063195,0.0,13.3072932058118,54.30895338672364,both,0.3809861334787364,P2,P1
Mariópolis,6371.0,P2,32.63434282213392,34.6116489980764,54.721397878647515,41.27291672541057,0.4129810586512429,0.0,0.0946714101731802,0.1337689093705062,0.0,0.1337689093705062,256.0,0.0,0,0,0,both,P1,38.87404621210965,13.454529704853227,0.4129810586512429,0.09702594148874855,0.03358123321608497,0.3691956732808473,0.0,0.3691956732808473,313.0,0.0,both,4115309,184.0,437.0,0.42105263157894735,948.0,829.0,1.143546441495778,1.0,2.0,0.5,35.29085872576178,72.80818574155431,50.0,both,11.9,6371.0,0.13012086014754357,14.44,21.418286537077034,75.62818965024051,77.38478027867095,both,411530.0,0.17647058823529413,146.0,0.16957026713124274,0.4799868610632463,17.647058823529413,23.962990590281137,58.78406989026348,both,0.4129810586512429,P2,P1
Marmeleiro,15901.0,P2,32.63434282213392,60.67002002298535,43.09750220716001,37.39287886585664,0.478446599969688,1.0,0.23673562519783184,-0.6499990198345671,-1.0,0.3500009801654329,114.0,-1.0,1,0,1,both,P1,38.87404621210965,13.454529704853227,0.478446599969688,0.2426233735900793,0.08397333710125951,0.5114913782425676,0.0,0.5114913782425676,143.0,1.0,both,4115408,259.0,1080.0,0.23981481481481481,2183.0,2073.0,1.0530631934394596,2.0,4.0,0.5,63.14424951267057,78.9634529180838,50.0,both,4.78,15901.0,0.1303691591723791,13.33,8.603311735061196,75.77250475635753,71.43622722400858,both,411540.0,0.04182509505703422,543.0,0.24693042291950887,0.5240916474257991,4.182509505703422,37.26879946848519,51.44314688887211,both,0.478446599969688,P2,P1
Marquinho,4504.0,P1,5.296345791329013,59.70673581398152,36.75136744010323,52.446173668613426,0.5221143728105863,0.0,0.0741154948159155,0.11281225990727348,0.0,0.11281225990727348,287.0,0.0,0,1,1,both,P1,38.87404621210965,13.454529704853227,0.5221143728105863,0.07595878893389361,0.02628977123913045,0.44020759913167884,0.0,0.44020759913167884,228.0,0.0,both,4115457,77.0,307.0,0.250814332247557,673.0,649.0,1.036979969183359,1.0,2.0,0.5,61.45379735984914,80.057539884267,50.0,both,0.0,4504.0,0.14409413854351688,11.55,0.0,83.74966800019921,61.89710610932476,both,411545.0,0.0,236.0,0.3763955342902711,0.45793668690558054,0.0,59.536567814371224,62.45416205051322,both,0.5221143728105863,P1,P1
Marumbi,4699.0,P1,5.296345791329013,49.17870001946662,60.70028323687626,42.12606003628137,0.4866196066967445,0.0,0.06817711926826125,0.10135344223229958,0.0,0.10135344223229958,302.0,0.0,0,0,0,both,P1,38.87404621210965,13.454529704853227,0.4866196066967445,0.06987272264026885,0.02418334889023248,0.4090707565528095,0.0,0.4090707565528095,272.0,0.0,both,4115507,107.0,273.0,0.39194139194139194,604.0,597.0,1.0117252931323284,1.0,3.0,0.3333333333333333,39.764796606901875,81.77552947781078,66.66666666666667,both,21.28,4699.0,0.12704830815067036,13.41,38.30093592512599,73.84237648495505,71.86495176848875,both,411550.0,0.0,133.0,0.2301038062283737,0.42660860426194325,0.0,34.37465139603518,67.66849503872217,both,0.4866196066967445,P1,P1
Matelândia,18450.0,P2,32.63434282213392,41.30761488773486,46.31830113624933,10.769299807102648,0.3009442610518487,0.0,0.28846801218028134,0.3752808049429718,0.0,0.3752808049429718,100.0,1.0,0,0,0,both,P1,38.87404621210965,13.454529704853227,0.3009442610518487,0.2956423741864642,0.10232351640992839,0.39860439560173877,0.0,0.39860439560173877,285.0,0.0,both,4115606,602.0,1364.0,0.4413489736070381,2995.0,2526.0,1.1856690419635787,2.0,8.0,0.25,32.17163142460257,69.94272870261004,75.0,both,3.42,18450.0,0.13691056910569105,14.04,6.1555075593952475,79.57447002507408,75.24115755627008,both,411560.0,0.020618556701030927,193.0,0.07201492537313432,0.6397739583346072,2.0618556701030926,7.183645729161353,32.18866212561283,both,0.3009442610518487,P2,P1
Matinhos,39259.0,P3,32.02680132379698,50.079768421486335,55.804533436387246,40.32796977660351,0.4537364223753682,0.0,0.6087976931643229,0.8850313804110799,0.0,0.8850313804110799,13.0,1.0,0,1,1,both,P2,20.095371623394037,6.955123039206443,0.4732400196651339,0.6239388348329534,0.2159487988841363,0.7466945292367378,0.0,0.7466945292367378,24.0,1.0,both,4115705,855.0,2293.0,0.3728739642389882,6828.0,5331.0,1.2808103545301068,3.0,16.0,0.1875,42.69515918011339,63.47058926296278,81.25,both,15.41,39259.0,0.13579051937135433,12.97,27.735781137508997,78.92348037107034,69.50696677384781,both,411570.0,0.034482758620689655,1057.0,0.21726618705035972,0.45494103457006585,3.4482758620689653,32.16660378427313,62.952766736026966,both,0.4732400196651339,P3,P2
Mato Rico,3267.0,P1,5.296345791329013,61.750066935922334,80.02652325038049,62.60923370991286,0.6574902490841018,0.0,0.044994614726457174,0.0745781351703987,0.0,0.0745781351703987,348.0,0.0,0,1,1,both,P1,38.87404621210965,13.454529704853227,0.6574902490841018,0.046113656147849125,0.015960200105111552,0.5241960707455793,0.0,0.5241960707455793,133.0,1.0,both,4115739,71.0,206.0,0.3446601941747573,503.0,394.0,1.2766497461928934,0.0,1.0,0.0,47.03117015840573,63.75362127698272,100.0,both,54.05,3267.0,0.12059993878175697,8.88,97.28221742260618,70.09448778352773,47.58842443729904,both,411573.0,0.034482758620689655,153.0,0.3923076923076923,0.37707479050933873,3.4482758620689653,62.273430625235704,75.91304042057818,both,0.6574902490841018,P1,P1
Mauá da Serra,9383.0,P2,32.63434282213392,53.98327830729666,48.53108146107276,49.44101259126138,0.5107593265163777,0.0,0.17061409746529704,0.25775683898087176,0.0,0.25775683898087176,161.0,0.0,0,1,1,both,P1,38.87404621210965,13.454529704853227,0.5107593265163777,0.17485736620529596,0.06051913440872249,0.49450069489501025,0.0,0.49450069489501025,163.0,1.0,both,4115754,198.0,741.0,0.26720647773279355,1737.0,1494.0,1.1626506024096386,2.0,4.0,0.5,58.934583422118045,71.50859474394741,50.0,both,0.0,9383.0,0.15922412874347225,13.43,0.0,92.54344454725738,71.97213290460878,both,411575.0,0.0,489.0,0.3253493013972056,0.4400853080400393,0.0,50.7567067617847,65.42539507369068,both,0.5107593265163777,P2,P1
Medianeira,54369.0,P3,32.02680132379698,44.36402911281114,54.95101406828963,8.609620251498582,0.25028780787119304,0.0,0.7903749454868277,0.9881961579890395,0.0,0.9881961579890395,2.0,1.0,0,0,0,both,P3,12.727954295488436,4.4052177696212595,0.3217966255938181,0.8100320157341719,0.28035671301390114,0.7192894002108863,0.0,0.7192894002108863,32.0,1.0,both,4115804,1317.0,3596.0,0.36624026696329254,8447.0,6921.0,1.220488368732842,5.0,13.0,0.38461538461538464,43.714653708799254,67.5740884982011,61.53846153846154,both,13.85,54369.0,0.12729680516470784,14.16,24.928005759539236,73.98680666535684,75.88424437299035,both,411580.0,0.015600624024960999,763.0,0.10569330932262086,0.6966417858491182,1.5600624024960998,12.976267726784227,22.723423146587223,both,0.3217966255938181,P3,P3
Mercedes,5931.0,P2,32.63434282213392,50.684323836072565,29.096668800960384,22.184977435886104,0.3496705426897554,0.0,0.09330101581602923,0.12592563264992562,0.0,0.12592563264992562,268.0,0.0,0,0,0,both,P1,38.87404621210965,13.454529704853227,0.3496705426897554,0.09562146465175822,0.033095135750954664,0.3193386273528645,0.0,0.3193386273528645,350.0,0.0,both,4115853,154.0,326.0,0.4723926380368098,887.0,817.0,1.0856793145654835,0.0,3.0,0.0,27.400710364869234,76.7446892893979,100.0,both,0.0,5931.0,0.1377508008767493,9.95,0.0,80.06282529462653,53.32261521972133,both,411585.0,0.0,64.0,0.08827586206896551,0.5116206919236257,0.0,9.98049785091112,53.51884732062756,both,0.3496705426897554,P2,P1
Mirador,2238.0,P1,5.296345791329013,49.764523520226064,41.06619418729745,41.6769779816574,0.44789839438212875,0.0,0.03654384952402613,0.05291178105037955,0.0,0.05291178105037955,379.0,0.0,0,0,0,both,P1,38.87404621210965,13.454529704853227,0.44789839438212875,0.03745271565307543,0.012962599070141363,0.35920267680403717,0.0,0.35920267680403717,321.0,0.0,both,4115903,85.0,171.0,0.49707602339181284,322.0,320.0,1.00625,0.0,3.0,0.0,23.60726377346877,82.14799502058528,100.0,both,0.0,2238.0,0.14298480786416443,12.96,0.0,83.10490842123725,69.45337620578779,both,411590.0,0.0,95.0,0.28023598820059,0.4836292200402086,0.0,42.997297319801966,58.177825557199235,both,0.44789839438212875,P1,P1
Miraselva,1966.0,P1,5.296345791329013,41.55475779785606,0.0,40.267640713131414,0.3272895940439499,0.0,0.026151692315631202,0.03471086907717642,0.0,0.03471086907717642,394.0,0.0,0,0,0,both,P1,38.87404621210965,13.454529704853227,0.3272895940439499,0.026802099639232108,0.009276359959569913,0.2613180024900603,0.0,0.2613180024900603,377.0,0.0,both,4116000,49.0,94.0,0.5212765957446809,271.0,229.0,1.1834061135371179,0.0,1.0,0.0,19.88801791713326,70.09666801585794,100.0,both,0.0,1966.0,0.11648016276703968,3.56,0.0,67.7000123596467,19.078242229367632,both,411600.0,0.0,47.0,0.21363636363636362,0.431173166315015,0.0,31.542280628300535,66.90875666721692,both,0.3272895940439499,P1,P1
Missal,11064.0,P2,32.63434282213392,51.24933729379675,35.915950858882,38.537258143412814,0.4309782834666022,0.0,0.15474036282829817,0.22143009878303735,0.0,0.22143009878303735,183.0,0.0,0,0,0,both,P1,38.87404621210965,13.454529704853227,0.4309782834666022,0.15858884284349128,0.05488850543762983,0.42113438920545754,0.0,0.42113438920545754,254.0,0.0,both,4116059,233.0,633.0,0.36808846761453395,1585.0,1355.0,1.169741697416974,1.0,4.0,0.25,43.43061445081899,71.02621170308733,75.0,both,7.52,11064.0,0.12246926970354302,11.12,13.534917206623467,71.18097086788168,59.59271168274384,both,411605.0,0.023809523809523808,305.0,0.2353395061728395,0.4880004042737524,2.380952380952381,35.27518245229828,57.450273526461224,both,0.4309782834666023,P2,P1
Moreira Sales,11175.0,P2,32.63434282213392,59.53362106610128,42.57010229755637,52.0654973024547,0.5315366780693366,0.0,0.15120017740565814,0.23156861742735604,0.0,0.23156861742735604,174.0,0.0,0,1,1,both,P1,38.87404621210965,13.454529704853227,0.5315366780693366,0.15496061101459963,0.05363275365270989,0.4982090386477585,0.0,0.4982090386477585,155.0,1.0,both,4116109,248.0,617.0,0.4019448946515397,1450.0,1324.0,1.095166163141994,0.0,5.0,0.0,38.227416190394955,76.0993312932376,100.0,both,16.13,11175.0,0.11847874720357941,10.65,29.031677465802737,68.86161951953835,57.073954983922825,both,411610.0,0.030303030303030304,411.0,0.32413249211356465,0.4265562693341703,3.0303030303030303,50.54741773432121,67.67720580929264,both,0.5315366780693366,P2,P1
Morretes,18309.0,P2,32.63434282213392,63.805331951264364,37.614250090344704,52.558011064975865,0.5406818722456503,1.0,0.2846994276981161,-0.5613687527068013,-1.0,0.4386312472931987,79.0,0.0,1,0,1,both,P1,38.87404621210965,13.454529704853227,0.5406818722456503,0.2917800628847408,0.10098674838082006,0.5936365288621568,0.0,0.5936365288621568,81.0,1.0,both,4116208,169.0,1170.0,0.14444444444444443,2816.0,2493.0,1.129562775772162,2.0,3.0,0.6666666666666666,77.80116959064327,73.75944689193389,33.333333333333336,both,4.55,18309.0,0.13616254301163364,11.14,8.189344852411807,79.139706073771,59.69989281886389,both,411620.0,0.030303030303030304,716.0,0.29599007854485326,0.39175501706334803,3.0303030303030303,45.70697277268571,73.46962278580959,both,0.5406818722456503,P2,P1
Munhoz de Melo,3951.0,P1,5.296345791329013,48.12286933432951,28.758082821026765,46.05431029583476,0.43422488416271066,0.0,0.05470157475627662,0.07845435971833868,0.0,0.07845435971833868,343.0,0.0,0,0,0,both,P1,38.87404621210965,13.454529704853227,0.43422488416271066,0.05606203374319729,0.019403390483117854,0.36032259694718716,0.0,0.36032259694718716,319.0,0.0,both,4116307,115.0,243.0,0.4732510288065844,561.0,479.0,1.1711899791231732,0.0,1.0,0.0,27.268789257093356,70.9276900315069,100.0,both,0.0,3951.0,0.12123513034674765,11.64,0.0,70.46367061929195,62.37942122186495,both,411630.0,0.0,125.0,0.24509803921568626,0.39648491099114336,0.0,36.953632738194074,72.68236611839775,both,0.4342248841627106,P1,P1
Nossa Senhora das Graças,3669.0,P1,5.296345791329013,62.15469704464548,43.558106145761855,42.104384831029186,0.5041525397942225,0.0,0.053902178047938544,0.08107709801124716,0.0,0.08107709801124716,338.0,0.0,0,0,0,both,P1,38.87404621210965,13.454529704853227,0.5041525397942225,0.055242755588286264,0.01911983362845851,0.4132276628478488,0.0,0.4132276628478488,267.0,0.0,both,4116406,83.0,212.0,0.3915094339622642,496.0,472.0,1.0508474576271187,0.0,2.0,0.0,39.83118172790467,79.11418187853265,100.0,both,0.0,3669.0,0.12864540746797493,15.26,0.0,74.77063449003141,81.77920685959272,both,411640.0,0.058823529411764705,77.0,0.16666666666666666,0.3966473978949982,5.88235294117647,23.463576486901403,72.65532134733532,both,0.5041525397942225,P1,P1
Nova Aliança do Ivaí,1323.0,P1,5.296345791329013,31.40763439875171,34.54374737155701,42.35535587993097,0.36413945585784474,0.0,0.020099117238214375,0.027417998852560785,0.0,0.027417998852560785,397.0,0.0,0,0,0,both,P1,38.87404621210965,13.454529704853227,0.36413945585784474,0.02059899360919149,0.007129429488577749,0.2854766389931323,0.0,0.2854766389931323,369.0,0.0,both,4116505,45.0,75.0,0.6,208.0,176.0,1.1818181818181819,0.0,1.0,0.0,7.789473684210536,70.2046896021526,100.0,both,0.0,1323.0,0.1330309901738473,12.09,0.0,77.31960073749127,64.79099678456592,both,411650.0,0.0,37.0,0.22560975609756098,0.4193017631961406,0.0,33.60168278551007,68.88466593696744,both,0.36413945585784474,P1,P1
Nova América da Colina,3280.0,P1,5.296345791329013,24.603782014765255,35.16094237069279,46.980375813548186,0.35665851605463933,0.0,0.04590821096455783,0.062281765361900346,0.0,0.062281765361900346,365.0,0.0,0,0,0,both,P1,38.87404621210965,13.454529704853227,0.35665851605463933,0.04704997403917601,0.016284265081865087,0.2956647728424778,0.0,0.2956647728424778,362.0,0.0,both,4116604,92.0,175.0,0.5257142857142857,410.0,402.0,1.0199004975124377,1.0,2.0,0.5,19.206015037593996,81.21939816883093,50.0,both,0.0,3280.0,0.1225609756097561,13.41,0.0,71.234271711876,71.86495176848875,both,411660.0,0.0,115.0,0.3108108108108108,0.4536366996394022,0.0,48.256112300087935,63.1698638604823,both,0.35665851605463933,P1,P1
Nova Aurora,13765.0,P2,32.63434282213392,63.1917146645025,47.42290010324244,27.620552426226585,0.4580948685694012,0.0,0.2112691300607761,0.3080504344287391,0.0,0.3080504344287391,136.0,0.0,0,0,0,both,P1,38.87404621210965,13.454529704853227,0.4580948685694012,0.21652351236934234,0.07494002587425475,0.47870412641033233,0.0,0.47870412641033233,177.0,1.0,both,4116703,293.0,857.0,0.3418903150525088,1612.0,1850.0,0.8713513513513513,1.0,4.0,0.25,47.45685684456181,91.32469061918268,75.0,both,13.7,13765.0,0.13439883763167454,11.19,24.658027357811374,78.11461413377421,59.967845659163984,both,411670.0,0.01818181818181818,259.0,0.13917248790972594,0.5120170702872512,1.8181818181818181,18.734626757220017,53.45287300611954,both,0.4580948685694012,P2,P1
Nova Cantu,6790.0,P2,32.63434282213392,49.13719519222221,54.15786561014897,55.895465081882264,0.5284463723167159,0.0,0.1003813866613093,0.15342756629059978,0.0,0.15342756629059978,242.0,0.0,0,1,1,both,P1,38.87404621210965,13.454529704853227,0.5284463723167159,0.10287792830954158,0.03560663932079455,0.4623506078071773,0.0,0.4623506078071773,197.0,0.0,both,4116802,150.0,418.0,0.3588516746411483,1022.0,879.0,1.1626848691695109,1.0,3.0,0.3333333333333333,44.85016368672879,71.50626369298695,66.66666666666667,both,10.75,6790.0,0.12945508100147277,14.73,19.348452123830093,75.24122885496814,78.93890675241157,both,411680.0,0.0,322.0,0.37485448195576254,0.4162879053779032,0.0,59.27150956021771,69.38630079353273,both,0.5284463723167159,P2,P1
Nova Esperança,26585.0,P3,32.02680132379698,53.7262956798208,35.43314952243028,39.575075931610534,0.4157693459941653,0.0,0.3646390985319233,0.516244858052443,0.0,0.516244858052443,60.0,1.0,0,0,0,both,P2,20.095371623394037,6.955123039206443,0.44407178549058585,0.37370787837584324,0.12934243384675428,0.5649759152975308,0.0,0.5649759152975308,110.0,1.0,both,4116901,489.0,1528.0,0.32002617801047123,3619.0,3193.0,1.1334168493579706,4.0,11.0,0.36363636363636365,50.81702948470653,73.4972673929852,63.63636363636363,both,7.02,26585.0,0.12010532255031033,11.4,12.63498920086393,69.80700943368036,61.09324758842444,both,411690.0,0.011299435028248588,734.0,0.23503041946845982,0.46811277175911475,1.1299435028248588,35.22202009018352,60.76042625614044,both,0.44407178549058585,P3,P2
Nova Esperança do Sudoeste,5597.0,P2,32.63434282213392,61.23462216456566,72.8872564226653,38.28656723940287,0.5438592704612047,0.0,0.08610644544098658,0.1329362340405291,0.0,0.1329362340405291,257.0,0.0,0,1,1,both,P1,38.87404621210965,13.454529704853227,0.5438592704612047,0.088247961257559,0.03054312405902059,0.4648624041618649,0.0,0.4648624041618649,192.0,0.0,both,4116950,82.0,359.0,0.22841225626740946,818.0,754.0,1.0848806366047745,1.0,2.0,0.5,64.89664272100866,76.79902063074309,50.0,both,27.03,5597.0,0.13471502590673576,14.29,48.65010799136069,78.29838748728875,76.58092175777062,both,411695.0,0.09259259259259259,113.0,0.15521978021978022,0.4494430880031416,9.25925925925926,21.494732425500516,63.867860215491646,both,0.5438592704612046,P2,P1
Nova Fátima,7225.0,P2,32.63434282213392,28.476542566959463,43.14388525358916,52.35195245958754,0.40960175061336634,0.0,0.10574876456015063,0.14906364364918906,0.0,0.14906364364918906,248.0,0.0,0,0,0,both,P1,38.87404621210965,13.454529704853227,0.40960175061336634,0.10837879592108704,0.03751052105922156,0.3735269388693742,0.0,0.3735269388693742,310.0,0.0,both,4117008,183.0,360.0,0.5083333333333333,892.0,926.0,0.9632829373650108,2.0,4.0,0.5,21.87719298245615,85.07089794449914,50.0,both,15.15,7225.0,0.1281660899653979,10.1,27.267818574514042,74.49204799016913,54.12647374062165,both,411700.0,0.16666666666666666,194.0,0.2421972534332085,0.4204879016177656,16.666666666666664,36.45470275511724,68.68724176738719,both,0.40960175061336634,P2,P1
Nova Laranjeiras,12074.0,P2,32.63434282213392,80.50503534523062,76.90600040548654,59.1167629692538,0.7122991940689107,1.0,0.22143288820964588,-0.6208406439782721,-1.0,0.3791593560217279,97.0,0.0,1,0,1,both,P1,38.87404621210965,13.454529704853227,0.7122991940689107,0.22694004891035396,0.07854524874063783,0.690280647819951,0.0,0.690280647819951,37.0,1.0,both,4117057,165.0,1016.0,0.1624015748031496,1853.0,1939.0,0.9556472408457968,1.0,3.0,0.3333333333333333,75.04144218814753,85.59032837128274,66.66666666666667,both,16.95,12074.0,0.1605930097730661,16.07,30.50755939524838,93.33905867090635,86.12004287245445,both,411705.0,0.02727272727272727,807.0,0.4088145896656535,0.4303585388980119,2.727272727272727,65.11258754237414,67.04434551451082,both,0.7122991940689107,P2,P1
Nova Londrina,12923.0,P2,32.63434282213392,37.268913781665816,40.04944993950117,34.47785056752394,0.3670859572757614,0.0,0.19368240247733853,0.26478049259820163,0.0,0.26478049259820163,156.0,0.0,0,0,0,both,P1,38.87404621210965,13.454529704853227,0.3670859572757614,0.19849939296129981,0.06870177507174922,0.394682232421922,0.0,0.394682232421922,293.0,0.0,both,4117107,374.0,810.0,0.4617283950617284,1886.0,1696.0,1.1120283018867925,2.0,6.0,0.3333333333333333,29.03963612735543,74.95225742739512,66.66666666666667,both,0.0,12923.0,0.13123887642188348,13.93,0.0,76.27799742688724,74.65166130760986,both,411710.0,0.03278688524590164,362.0,0.21306650971159505,0.5175191670635355,3.278688524590164,31.44426676917365,52.537088754295105,both,0.3670859572757614,P2,P1
Nova Olímpia,5833.0,P2,32.63434282213392,32.49760914165936,43.00672779951664,41.466777715229014,0.3818710030265868,0.0,0.08336565672668464,0.11520058367887383,0.0,0.11520058367887383,283.0,0.0,0,0,0,both,P1,38.87404621210965,13.454529704853227,0.3818710030265868,0.08543900758357832,0.02957092912875998,0.33809787089328897,0.0,0.33809787089328897,338.0,0.0,both,4117206,144.0,325.0,0.4430769230769231,816.0,730.0,1.1178082191780823,1.0,2.0,0.5,31.90607287449393,74.55906934064576,50.0,both,14.93,5833.0,0.1251500085719184,10.46,26.87185025197984,72.73905638399633,56.055734190782424,both,411720.0,0.0,156.0,0.22740524781341107,0.4314761575408249,0.0,33.91050415964081,66.85832596700936,both,0.3818710030265868,P2,P1
Nova Prata do Iguaçu,12699.0,P2,32.63434282213392,76.50651776918112,36.191089140501234,32.38763691863758,0.5079587970322773,0.0,0.19288300576900047,0.2908596253473918,0.0,0.2908596253473918,142.0,0.0,0,1,1,both,P1,38.87404621210965,13.454529704853227,0.5079587970322773,0.19768011480638878,0.06841821821708988,0.5068061284671865,0.0,0.5068061284671865,149.0,1.0,both,4117255,289.0,916.0,0.3155021834061135,1509.0,1689.0,0.8934280639431617,0.0,3.0,0.0,51.51229602390256,89.82288705552781,100.0,both,7.46,12699.0,0.13300259862981337,10.08,13.426925845932324,77.30309914755227,54.019292604501615,both,411725.0,0.0,252.0,0.14432989690721648,0.4510631570148688,0.0,19.62169191018016,63.59821143464804,both,0.5079587970322773,P2,P1
Nova Santa Bárbara,4184.0,P1,5.296345791329013,33.836151158434866,80.82482957470523,61.10744831005655,0.5414240570233761,0.0,0.06155354654203152,0.09488011743499543,0.0,0.09488011743499543,311.0,0.0,0,1,1,both,P1,38.87404621210965,13.454529704853227,0.5414240570233761,0.06308441792814894,0.02183387780876936,0.4467534109785505,0.0,0.4467534109785505,215.0,0.0,both,4117214,119.0,268.0,0.44402985074626866,575.0,539.0,1.0667903525046383,1.0,2.0,0.5,31.759622937941874,78.02964104200811,50.0,both,40.82,4184.0,0.12882409177820267,12.67,73.47012239020879,74.8744884830507,67.89924973204717,both,411721.0,0.07936507936507936,201.0,0.35892857142857143,0.3869872658452135,7.936507936507936,56.532281342190714,74.26318052565234,both,0.5414240570233761,P1,P1
Nova Santa Rosa,8322.0,P2,32.63434282213392,33.436561374844445,31.052204343630514,28.843729261527123,0.31122557123274724,0.0,0.12105150154833658,0.15872582426629941,0.0,0.15872582426629941,234.0,0.0,0,0,0,both,P1,38.87404621210965,13.454529704853227,0.31122557123274724,0.12406212060081238,0.04293860941984327,0.3062914917277294,0.0,0.3062914917277294,355.0,0.0,both,4117222,235.0,524.0,0.4484732824427481,1384.0,1060.0,1.3056603773584905,1.0,3.0,0.3333333333333333,31.076737645640822,61.7801268498943,66.66666666666667,both,0.0,8322.0,0.12737322758952174,11.66,0.0,74.0312245214239,62.486602357985,both,411722.0,0.047619047619047616,145.0,0.13500931098696461,0.5111963971898332,4.761904761904762,18.018567748600308,53.58946811323412,both,0.31122557123274724,P2,P1
Nova Tebas,6848.0,P2,32.63434282213392,46.59376892717139,49.54372707600132,53.43114675515318,0.4991871168813009,0.0,0.1016375814886977,0.15237375275882897,0.0,0.15237375275882897,245.0,0.0,0,1,1,both,P1,38.87404621210965,13.454529704853227,0.4991871168813009,0.10416536541011605,0.03605222866383066,0.4404703526208684,0.0,0.4404703526208684,227.0,0.0,both,4117271,160.0,386.0,0.41450777202072536,999.0,890.0,1.1224719101123595,1.0,4.0,0.25,36.29670029997274,74.24181433106247,75.0,both,11.63,6848.0,0.12996495327102803,13.0,20.932325413966883,75.53757424229191,69.66773847802786,both,411727.0,0.05194805194805195,215.0,0.2644526445264453,0.36202978347681525,5.194805194805195,40.28259034633134,78.41717313019538,both,0.4991871168813009,P2,P1
Novo Itacolomi,3125.0,P1,5.296345791329013,47.09487861206948,79.35187391413496,40.12607764882351,0.5075875728718419,0.0,0.03974143635737842,0.059913695580460904,0.0,0.059913695580460904,371.0,0.0,0,0,0,both,P1,38.87404621210965,13.454529704853227,0.5075875728718419,0.04072982827271954,0.014096826488778733,0.4066142452577545,0.0,0.4066142452577545,274.0,0.0,both,4117297,54.0,168.0,0.32142857142857145,403.0,348.0,1.1580459770114941,1.0,2.0,0.5,50.60150375939849,71.82183172628663,50.0,both,47.62,3125.0,0.11136,11.84,85.70914326853851,64.72409719626168,63.45123258306538,both,411729.0,0.0,85.0,0.23809523809523808,0.45809237512726586,0.0,35.74916343004294,62.428248870972546,both,0.5075875728718419,P1,P1
Ortigueira,24192.0,P3,32.02680132379698,73.3636624828258,52.839744558566274,36.1923029798623,0.4695606319619579,1.0,0.4097479127881431,-0.3978505983379632,-1.0,0.6021494016620368,49.0,0.0,1,0,1,both,P2,20.095371623394037,6.955123039206443,0.543903350967885,0.4199385742601082,0.14534314207396004,0.6790210127815981,0.0,0.6790210127815981,40.0,1.0,both,4117305,321.0,1733.0,0.1852279284477784,3953.0,3588.0,1.1017279821627648,2.0,6.0,0.3333333333333333,71.53339204907827,75.65295309501312,66.66666666666667,both,5.75,24192.0,0.14831349206349206,13.97,10.3491720662347,86.20201935914554,74.86602357984995,both,411730.0,0.034375,1357.0,0.38236122851507465,0.6735088975594896,3.4375000000000004,60.562656585421514,26.573725250717462,both,0.543903350967885,P3,P2
Ourizona,3187.0,P1,5.296345791329013,47.03553206805724,29.87971753657567,35.41792655945464,0.3895732695831989,0.0,0.04430941754788169,0.06157118221533712,0.0,0.06157118221533712,368.0,0.0,0,0,0,both,P1,38.87404621210965,13.454529704853227,0.3895732695831989,0.04541141772935396,0.015717151372546402,0.31974343876945566,0.0,0.31974343876945566,349.0,0.0,both,4117404,77.0,157.0,0.49044585987261147,439.0,388.0,1.1314432989690721,0.0,1.0,0.0,24.626215219577613,73.63152130396827,100.0,both,0.0,3187.0,0.12174458738625667,11.92,0.0,70.75977466870377,63.87995712754555,both,411740.0,0.0,56.0,0.16045845272206305,0.432539578584225,0.0,22.395774756408677,66.68132721831375,both,0.38957326958319893,P1,P1
Ouro Verde do Oeste,6785.0,P2,32.63434282213392,54.401486989414096,68.28782369218473,28.982507823947586,0.4701116266378162,0.0,0.10506356738157514,0.15445517194369926,0.0,0.15445517194369926,238.0,0.0,0,1,1,both,P1,38.87404621210965,13.454529704853227,0.4701116266378162,0.10767655750259188,0.03726747232665642,0.42010846399857843,0.0,0.42010846399857843,255.0,0.0,both,4117453,206.0,454.0,0.45374449339207046,957.0,920.0,1.0402173913043478,0.0,1.0,0.0,30.266635752376548,79.83730908413604,100.0,both,27.03,6785.0,0.13559322033898305,12.82,48.65010799136069,78.80880722319024,68.70310825294749,both,411745.0,0.0,121.0,0.12968917470525188,0.4754772041018656,0.0,17.1035137928635,59.534669705985344,both,0.4701116266378162,P2,P1
Paiçandu,45962.0,P3,32.02680132379698,52.928465199026775,52.38804784623338,39.85577208191567,0.44976765858201434,0.0,0.7275652041174079,1.0548005024390397,1.0,0.05480050243903967,375.0,1.0,0,1,1,both,P3,12.727954295488436,4.4052177696212595,0.47591304481623653,0.7456601607054486,0.2580772458620957,0.8256251075549847,0.0,0.8256251075549847,16.0,1.0,both,4117503,1159.0,3271.0,0.3543258942219505,7007.0,6371.0,1.0998273426463663,3.0,10.0,0.3,45.54570467746867,75.78224712767673,70.0,both,11.13,45962.0,0.1386145076367434,13.08,20.032397408207345,80.56482457877638,70.09646302250803,both,411750.0,0.023121387283236993,1305.0,0.19509642696965165,0.43068889776087893,2.312138728323699,28.35344457455135,66.98935966886587,both,0.4759130448162365,P3,P3
Palmas,48247.0,P3,32.02680132379698,71.46977371146212,78.20414269383336,38.16682968489358,0.5283488109199524,0.0,0.8826481655349937,1.348994274256085,1.0,0.348994274256085,115.0,1.0,0,1,1,both,P3,12.727954295488436,4.4052177696212595,0.5949546989730895,0.9046001227581875,0.31308727566600814,1.0417305351005244,1.0,0.04173053510052438,398.0,1.0,both,4117602,881.0,3747.0,0.2351214304777155,8081.0,7729.0,1.0455427610298875,5.0,19.0,0.2631578947368421,63.86554857921425,79.47504232008158,73.6842105263158,both,16.03,48247.0,0.1601964889008643,16.81,28.85169186465083,93.1085948106986,90.08574490889603,both,411760.0,0.034782608695652174,2032.0,0.26413622773950346,0.5286527459680859,3.4782608695652173,40.22816722308393,50.68398499371067,both,0.5949546989730895,P3,P3
Palmeira,33855.0,P3,32.02680132379698,56.46620911820005,51.135208884194974,25.418978512544804,0.3677167070800589,0.0,0.5217776514852357,0.7136440113173531,0.0,0.7136440113173531,33.0,1.0,0,0,0,both,P2,20.095371623394037,6.955123039206443,0.4298111682913693,0.5347545556840676,0.18508160984836214,0.6523190926077407,0.0,0.6523190926077407,48.0,1.0,both,4117701,553.0,2171.0,0.254721326577614,5174.0,4569.0,1.1324140949879624,5.0,10.0,0.5,60.85335402070354,73.56548135736443,50.0,both,9.32,33855.0,0.13495790872840052,13.71,16.774658027357813,78.43955461513298,73.47266881028939,both,411770.0,0.029411764705882353,592.0,0.13345356176735798,0.5384209604989518,2.941176470588235,17.750981656411483,49.05813626739096,both,0.42981116829136934,P3,P2
Palmital,13033.0,P2,32.63434282213392,65.36389004946773,49.481260285291114,61.86213694407736,0.6078666285447626,0.0,0.2102413342929129,0.3380400253502982,0.0,0.3380400253502982,120.0,0.0,0,1,1,both,P1,38.87404621210965,13.454529704853227,0.6078666285447626,0.2154701547415996,0.07457545277540703,0.5984433788042257,0.0,0.5984433788042257,76.0,1.0,both,4117800,162.0,902.0,0.17960088691796008,2138.0,1841.0,1.1613253666485606,2.0,4.0,0.5,72.3981794841872,71.59874601897955,50.0,both,10.31,13033.0,0.14125680963707513,12.2,18.5565154787617,82.10057001242713,65.38049303322614,both,411780.0,0.03225806451612903,733.0,0.40010917030567683,0.3924760138963955,3.225806451612903,63.615270932445135,73.3496180726671,both,0.6078666285447626,P2,P1
Palotina,35011.0,P3,32.02680132379698,37.350122509324194,56.845285280966564,6.140027949117282,0.22523098327528523,0.0,0.539706977657961,0.661265710916396,0.0,0.661265710916396,37.0,1.0,0,0,0,both,P2,20.095371623394037,6.955123039206443,0.287651172395699,0.5531297943013577,0.19144138501715025,0.5373789750894207,0.0,0.5373789750894207,125.0,1.0,both,4117909,1025.0,2435.0,0.4209445585215606,5534.0,4726.0,1.1709691070672874,5.0,12.0,0.4166666666666667,35.307467848265425,70.94271520517175,58.33333333333333,both,9.45,35011.0,0.1349861472108766,15.37,17.00863930885529,78.45596724340575,82.36870310825294,both,411790.0,0.024229074889867842,483.0,0.09879320924524443,0.7233745524701366,2.4229074889867843,11.789462814946425,18.273947305895195,both,0.287651172395699,P3,P2
Paranacity,9557.0,P2,32.63434282213392,45.58747969919892,58.189872800625196,36.09115504653921,0.4430942845842029,0.0,0.15017238163779492,0.21671290564389956,0.0,0.21671290564389956,188.0,0.0,0,0,0,both,P1,38.87404621210965,13.454529704853227,0.4430942845842029,0.15390725338685685,0.05326818055386216,0.4277975182832053,0.0,0.4277975182832053,244.0,0.0,both,4118105,215.0,578.0,0.3719723183391003,1485.0,1315.0,1.129277566539924,2.0,5.0,0.4,42.83372791841195,73.77884870457157,60.0,both,16.95,9557.0,0.13759547975306058,12.97,30.50755939524838,79.9725503349798,69.50696677384781,both,411810.0,0.020202020202020204,273.0,0.22413793103448276,0.5026638971801769,2.0202020202020203,33.34853149862448,55.00964108642054,both,0.4430942845842029,P2,P1
Paranaguá,145829.0,M1,30.046353078654292,65.08663201788643,57.47484030111916,27.5098108489454,0.48533545206956563,1.0,2.406412491157121,2.5743297854187124,2.0,0.5743297854187124,54.0,3.0,1,2,3,both,M1,30.79362280995862,10.657848955470229,0.48533545206956563,2.466261325755017,0.8535871487688087,1.9199982959317843,1.0,0.9199982959317843,5.0,2.0,both,4118204,1969.0,10180.0,0.19341846758349707,24308.0,21072.0,1.153568716780562,23.0,49.0,0.46938775510204084,70.27463550822046,72.1264044901101,53.06122448979591,both,9.41,145829.0,0.1444980079408074,14.54,16.93664506839453,83.98440293307301,77.92068595927117,both,411820.0,0.0341047503045067,4679.0,0.22491948276690862,0.6114787270768273,3.41047503045067,33.48295700325441,36.89819891516825,both,0.4853354520695656,M1,M1
Paranapoema,2398.0,P1,5.296345791329013,45.39303285359417,42.45414178136025,60.02566826391945,0.506583088032775,0.0,0.04134022977405456,0.06228249103297959,0.0,0.06228249103297959,364.0,0.0,0,0,0,both,P1,38.87404621210965,13.454529704853227,0.506583088032775,0.042368384582541586,0.014663940198097417,0.4068931440929857,0.0,0.4068931440929857,273.0,0.0,both,4118303,71.0,138.0,0.5144927536231884,391.0,362.0,1.080110497237569,0.0,1.0,0.0,20.930587337910005,77.12351696465183,100.0,both,0.0,2398.0,0.15095913261050875,12.51,0.0,87.73970520605178,67.04180064308682,both,411830.0,0.08333333333333333,95.0,0.3035143769968051,0.3446702482081874,8.333333333333332,47.0011386921321,81.30654234058869,both,0.506583088032775,P1,P1
Paranavaí,92001.0,P4,10.392043008865171,58.51827418106589,44.749668510355484,27.35988847271753,0.43301198763584464,0.0,1.3686813642045415,1.9613368021588895,1.0,0.9613368021588895,8.0,2.0,0,2,2,both,P4,10.65049897410691,3.686198602449356,0.43301198763584464,1.4027212409440908,0.4854898432988882,1.1914054615971272,1.0,0.19140546159712724,392.0,1.0,both,4118402,1332.0,5686.0,0.23425958494548013,13518.0,11985.0,1.127909887359199,15.0,29.0,0.5172413793103449,63.99800062943147,73.8718872608787,48.275862068965516,both,9.23,92001.0,0.13027032314866144,12.34,16.612670986321092,75.71505978145099,66.13076098606645,both,411840.0,0.03021978021978022,2205.0,0.18719755497071058,0.5719046524932664,3.021978021978022,26.99485267281104,43.48501767858251,both,0.43301198763584464,P4,P4
Paraíso do Norte,13245.0,P2,32.63434282213392,37.75539371390618,73.88519514954098,18.432510197034404,0.37252200594284424,0.0,0.20167636956071924,0.27680525530074873,0.0,0.27680525530074873,148.0,0.0,0,0,0,both,P1,38.87404621210965,13.454529704853227,0.37252200594284424,0.20669217451041005,0.07153734361834264,0.40396690166381927,0.0,0.40396690166381927,279.0,0.0,both,4118006,355.0,904.0,0.3926991150442478,2052.0,1766.0,1.161947904869762,3.0,6.0,0.5,39.64834653004192,71.55639686417565,50.0,both,31.58,13245.0,0.13333333333333333,13.21,56.8394528437725,77.49532710280374,70.79314040728832,both,411800.0,0.0070921985815602835,190.0,0.10567296996662959,0.5774365596673022,0.7092198581560284,12.972769393814652,42.5642717014538,both,0.37252200594284424,P2,P1
Pato Bragado,5733.0,P2,32.63434282213392,27.839106387660696,27.5626265407442,27.234656115816918,0.27542030309539883,0.0,0.08427925296478528,0.10749147036100022,0.0,0.10749147036100022,294.0,0.0,0,0,0,both,P1,38.87404621210965,13.454529704853227,0.27542030309539883,0.08637532547490523,0.02989499410551352,0.2565276838499761,0.0,0.2565276838499761,380.0,0.0,both,4118451,257.0,399.0,0.6441102756892231,817.0,738.0,1.1070460704607046,0.0,2.0,0.0,1.0104207888141448,75.29118166167753,100.0,both,0.0,5733.0,0.12872841444270017,10.47,0.0,74.81887938496752,56.10932475884245,both,411845.0,0.0,118.0,0.1514762516046213,0.5182891145071441,0.0,20.85085217764109,52.40893656572793,both,0.27542030309539883,P2,P1
Pato Branco,91836.0,P4,10.392043008865171,50.62104099754228,48.088322277109604,11.259050306820823,0.3436970097716716,0.0,1.3645701811330886,1.8335688720121195,1.0,0.8335688720121195,19.0,2.0,0,2,2,both,P4,10.65049897410691,3.686198602449356,0.3436970097716716,1.3985078104331197,0.4840315509034973,1.0905891112617043,1.0,0.09058911126170432,396.0,1.0,both,4118501,1960.0,5897.0,0.33237239274207225,13803.0,11949.0,1.1551594275671604,15.0,39.0,0.38461538461538464,48.919611220692055,72.01819385330796,61.53846153846154,both,5.94,91836.0,0.1301123742323272,14.46,10.691144708423327,75.62325750942456,77.491961414791,both,411850.0,0.022151898734177215,1474.0,0.12240491612688922,0.6870796576271933,2.2151898734177213,15.850634303732312,24.314970295904818,both,0.3436970097716716,P4,P4
Paula Freitas,5666.0,P2,32.63434282213392,63.32059797851238,70.56890350867606,38.459012219245494,0.5482562478083836,0.0,0.08325145719692205,0.12889458874428678,0.0,0.12889458874428678,265.0,0.0,0,1,1,both,P1,38.87404621210965,13.454529704853227,0.5482562478083836,0.08532196784716246,0.02953042100666579,0.4663650690599559,0.0,0.4663650690599559,191.0,1.0,both,4118600,122.0,322.0,0.37888198757763975,778.0,729.0,1.06721536351166,0.0,2.0,0.0,41.77182085648906,78.00072899080106,100.0,both,36.36,5666.0,0.12866219555241792,11.12,65.44276457883369,74.78039197574647,59.59271168274384,both,411860.0,0.013157894736842105,128.0,0.1813031161473088,0.4266695030201445,1.3157894736842104,25.981019703767995,67.65835888045669,both,0.5482562478083836,P2,P1
Paulo Frontin,6343.0,P2,32.63434282213392,49.96651044923024,49.87609780575675,39.37261250925444,0.45710868744545224,0.0,0.08530704873264852,0.12430164180867471,0.0,0.12430164180867471,271.0,0.0,0,0,0,both,P1,38.87404621210965,13.454529704853227,0.45710868744545224,0.08742868310264798,0.030259567204361244,0.3973744644075561,0.0,0.3973744644075561,287.0,0.0,both,4118709,93.0,318.0,0.29245283018867924,888.0,747.0,1.1887550200803212,1.0,2.0,0.5,55.05461767626614,69.73280012226496,50.0,both,15.15,6343.0,0.1177676178464449,13.24,27.267818574514042,68.44830050346177,70.95391211146838,both,411870.0,0.01282051282051282,108.0,0.1569767441860465,0.390718923071943,1.282051282051282,21.79692709538995,73.64207314415813,both,0.45710868744545224,P2,P1
Peabiru,13346.0,P2,32.63434282213392,45.05587428986289,42.359938765971,46.51717959595851,0.4510120930752276,0.0,0.20613015122145995,0.29909734216976375,0.0,0.29909734216976375,139.0,0.0,0,0,0,both,P1,38.87404621210965,13.454529704853227,0.4510120930752276,0.21125672423062863,0.07311716038001613,0.469730955491958,0.0,0.469730955491958,188.0,1.0,both,4118808,335.0,851.0,0.3936545240893067,1895.0,1805.0,1.0498614958448753,2.0,5.0,0.4,39.50151524522234,79.18125350036233,60.0,both,6.33,13346.0,0.1352465158099805,12.06,11.393088552915765,78.60729736656718,64.63022508038586,both,411880.0,0.05555555555555555,448.0,0.2538243626062323,0.4335054121379923,5.555555555555555,38.4545448041134,66.52057120212802,both,0.4510120930752276,P2,P1
Perobal,7189.0,P2,32.63434282213392,64.6758246184634,38.40796894814055,38.8575375531541,0.49094938658275106,0.0,0.10312217537561126,0.15374994411934648,0.0,0.15374994411934648,241.0,0.0,0,1,1,both,P1,38.87404621210965,13.454529704853227,0.49094938658275106,0.10568688198352225,0.03657883425105516,0.43503961359114873,0.0,0.43503961359114873,237.0,0.0,both,4118857,176.0,497.0,0.35412474849094566,1022.0,903.0,1.1317829457364341,0.0,3.0,0.0,45.57661760033888,73.60841629123203,100.0,both,0.0,7189.0,0.12560856864654332,14.05,0.0,73.0055783563414,75.29474812433013,both,411885.0,0.017857142857142856,202.0,0.21375661375661376,0.4584015219609223,1.7857142857142856,31.56296343460212,62.37679361431761,both,0.49094938658275106,P2,P1
Pinhais,127019.0,M1,30.046353078654292,44.43415958874019,44.74474528396509,24.630204990787867,0.36574694888604237,0.0,1.9179811023625595,2.6194768385727536,2.0,0.6194768385727536,45.0,3.0,0,2,2,both,M1,30.79362280995862,10.657848955470229,0.36574694888604237,1.965682373104381,0.6803339105719507,1.4557168204800908,1.0,0.45571682048009077,206.0,1.0,both,4119152,2373.0,6847.0,0.3465751423981306,20400.0,16795.0,1.2146472164334623,17.0,38.0,0.4473684210526316,46.73687285249783,67.97144219398248,55.263157894736835,both,10.53,127019.0,0.13222431289807038,11.69,18.952483801295894,76.85074784234577,62.64737406216505,both,411915.0,0.03783783783783784,2807.0,0.18399318300996328,0.6048698640466806,3.783783783783784,26.443706408304074,37.998196412769566,both,0.3657469488860423,M1,M1
Pinhal de São Bento,2761.0,P1,5.296345791329013,30.904012679695754,22.362478487680093,51.386379332206324,0.3738865250229685,0.0,0.04019823447642875,0.05522781267687918,0.0,0.05522781267687918,374.0,0.0,0,0,0,both,P1,38.87404621210965,13.454529704853227,0.3738865250229685,0.04119798721838298,0.014258858977155498,0.30525937787444424,0.0,0.30525937787444424,356.0,0.0,both,4119251,77.0,164.0,0.4695121951219512,371.0,352.0,1.0539772727272727,1.0,2.0,0.5,27.843388960205402,78.90127121751621,50.0,both,0.0,2761.0,0.12749003984063745,9.05,0.0,74.0991175484976,48.49946409431941,both,411925.0,0.0,111.0,0.32840236686390534,0.4206489184685743,0.0,51.281828579064104,68.66044167603211,both,0.3738865250229685,P1,P1
Pinhalão,6566.0,P2,32.63434282213392,55.504385239553,27.361103123243257,57.942162308825175,0.5085083964399992,0.0,0.09375781393507956,0.1414344495529267,0.0,0.1414344495529267,254.0,0.0,0,1,1,both,P1,38.87404621210965,13.454529704853227,0.5085083964399992,0.09608962359742167,0.03325716823933143,0.4425621745113654,0.0,0.4425621745113654,222.0,0.0,both,4119202,166.0,384.0,0.4322916666666667,902.0,821.0,1.0986601705237515,0.0,3.0,0.0,33.56359649122807,75.86164587175386,100.0,both,0.0,6566.0,0.12503807493146513,10.81,0.0,72.6739988783908,57.931404072883176,both,411920.0,0.04054054054054054,277.0,0.3493064312736444,0.3904760692170428,4.054054054054054,54.87729038985643,73.68249441351331,both,0.5085083964399992,P2,P1
Pinhão,29886.0,P3,32.02680132379698,74.6893931518086,75.17754075353513,56.41052473787983,0.6381970162379664,1.0,0.5315988110448178,-0.12913641391072905,-1.0,0.870863586089271,14.0,0.0,1,0,1,both,P2,20.095371623394037,6.955123039206443,0.674754753065824,0.5448199730158316,0.18856530834846263,0.8756000059040794,0.0,0.8756000059040794,9.0,1.0,both,4119301,427.0,2386.0,0.17896060352053647,5045.0,4655.0,1.083780880773362,3.0,9.0,0.3333333333333333,72.49658093263335,76.87383327415169,66.66666666666667,both,14.71,29886.0,0.15575854915344978,16.83,26.475881929445645,90.52919786778544,90.19292604501607,both,411930.0,0.10679611650485436,1604.0,0.3332640764595886,0.4314918422841283,10.679611650485436,52.11803396208512,66.85571535482002,both,0.6747547530658239,P3,P2
Piraquara,118730.0,M1,30.046353078654292,81.79961046378918,51.092066078165,45.57390342632216,0.6116781877167754,1.0,2.0807154322742383,2.3534436770420712,2.0,0.35344367704207125,110.0,3.0,1,2,3,both,M1,30.79362280995862,10.657848955470229,0.6116781877167754,2.1324639974969823,0.7380579845561738,1.8715135569190136,1.0,0.8715135569190136,11.0,2.0,both,4119509,1529.0,7896.0,0.19364235055724419,18075.0,18220.0,0.9920417124039517,4.0,22.0,0.18181818181818182,70.24022823014984,83.11453643187738,81.81818181818181,both,6.97,118730.0,0.1534574244083214,12.48,12.544996400287975,89.19174975657485,66.88102893890675,both,411950.0,0.060240963855421686,4118.0,0.2402146648777927,0.43321065968045636,6.024096385542169,36.113701058136705,66.56963061888739,both,0.6116781877167754,M1,M1
Piraí do Sul,23651.0,P3,32.02680132379698,73.66838669625922,50.03716093700038,38.53468800471948,0.478619223294836,0.0,0.39764276263330944,0.5879622328336769,0.0,0.5879622328336769,52.0,1.0,0,1,1,both,P2,20.095371623394037,6.955123039206443,0.5488866206779155,0.407532362200027,0.1410492811319757,0.6752572821836405,0.0,0.6752572821836405,41.0,1.0,both,4119400,273.0,1586.0,0.1721311475409836,3664.0,3482.0,1.0522688110281448,2.0,5.0,0.4,73.54616048317516,79.01749204783448,60.0,both,5.93,23651.0,0.14722421884909728,13.19,10.673146148308135,85.5689174787417,70.68595927116827,both,411940.0,0.030612244897959183,840.0,0.2510460251046025,0.5083481373510176,3.061224489795918,37.9766757070421,54.063540382688615,both,0.5488866206779155,P3,P2
Pitanga,33567.0,P3,32.02680132379698,67.03332168628246,51.05275714064669,41.948223975004346,0.48786150150388435,0.0,0.514583081110193,0.7656283557091068,0.0,0.7656283557091068,24.0,1.0,0,1,1,both,P2,20.095371623394037,6.955123039206443,0.5380316969264406,0.5273810522898684,0.18252959815642808,0.7432031650072111,0.0,0.7432031650072111,25.0,1.0,both,4119608,573.0,2220.0,0.2581081081081081,5028.0,4506.0,1.1158455392809588,2.0,8.0,0.25,60.33285917496445,74.69258376909865,75.0,both,10.64,33567.0,0.1342389847171329,13.32,19.150467962562995,78.02170522951864,71.38263665594855,both,411960.0,0.027906976744186046,1297.0,0.2900268336314848,0.5073636151550966,2.7906976744186047,44.68130527883562,54.22740698832198,both,0.5380316969264406,P3,P2
Pitangueiras,3046.0,P1,5.296345791329013,46.07085419470568,25.920160292156382,42.914008205699815,0.40777977018593475,0.0,0.04625080955384557,0.06511095404462615,0.0,0.06511095404462615,360.0,0.0,0,0,0,both,P1,38.87404621210965,13.454529704853227,0.40777977018593475,0.0474010932484236,0.016405789448147662,0.3348217447655188,0.0,0.3348217447655188,339.0,0.0,both,4119657,94.0,181.0,0.5193370165745856,419.0,405.0,1.0345679012345679,0.0,1.0,0.0,20.186100610642633,80.22162465124522,100.0,both,0.0,3046.0,0.1329612606697308,9.52,0.0,77.27907290701457,51.0182207931404,both,411965.0,0.0,91.0,0.2413793103448276,0.4291100894046065,0.0,36.31401800214141,67.2521409117468,both,0.40777977018593475,P1,P1
Piên,13655.0,P2,32.63434282213392,58.439372725360194,46.66301127655796,23.569170407312548,0.42136019508380684,0.0,0.22588666987038655,0.3210663211538041,0.0,0.3210663211538041,131.0,0.0,0,0,0,both,P1,38.87404621210965,13.454529704853227,0.42136019508380684,0.23150459863057252,0.08012506550231129,0.4583768008076758,0.0,0.4583768008076758,203.0,0.0,both,4119103,347.0,1010.0,0.3435643564356436,2182.0,1978.0,1.103134479271992,1.0,5.0,0.2,47.199583116206355,75.55727388724506,80.0,both,0.0,13655.0,0.14485536433540827,14.43,0.0,84.19210381326207,77.33118971061093,both,411910.0,0.005263157894736842,322.0,0.1590909090909091,0.5718870092924707,0.5263157894736842,22.160559689901543,43.48795426187019,both,0.42136019508380684,P2,P1
Planaltina do Paraná,4070.0,P1,5.296345791329013,43.473673926104624,87.9807101232541,57.3466458486214,0.5792426993454122,0.0,0.059269555946779885,0.09360101352239658,0.0,0.09360101352239658,312.0,0.0,0,1,1,both,P1,38.87404621210965,13.454529704853227,0.5792426993454122,0.06074362319983172,0.02102371536688552,0.47418204190175395,0.0,0.47418204190175395,181.0,1.0,both,4119707,136.0,271.0,0.5018450184501845,625.0,519.0,1.2042389210019269,0.0,2.0,0.0,22.87434453291902,68.67948308121365,100.0,both,37.04,4070.0,0.1275184275184275,16.22,66.66666666666666,74.11561689131783,86.92390139335477,both,411970.0,0.020833333333333332,209.0,0.3856088560885609,0.4230656240430095,2.083333333333333,61.12124273820364,68.25819849559522,both,0.5792426993454123,P1,P1
Planalto,14374.0,P2,32.63434282213392,56.58633322400321,38.138050965098664,34.393425945179914,0.4401951386069298,0.0,0.17929326172725324,0.25821728392457005,0.0,0.25821728392457005,160.0,0.0,0,0,0,both,P1,38.87404621210965,13.454529704853227,0.4401951386069298,0.18375238617290132,0.06359775168788105,0.44400449103951706,0.0,0.44400449103951706,219.0,0.0,both,4119806,303.0,899.0,0.3370411568409344,1572.0,1570.0,1.0012738853503185,1.0,3.0,0.3333333333333333,48.20209589602483,82.4865031514027,66.66666666666667,both,20.98,14374.0,0.10922498956449145,8.7,37.76097912167026,63.48319720575443,46.62379421221864,both,411980.0,0.017241379310344827,305.0,0.17983490566037735,0.47481894011426296,1.7241379310344827,25.72849011753559,59.644232990293254,both,0.4401951386069298,P2,P1
Ponta Grossa,358371.0,M2,29.8345129509447,70.22556458541563,50.63869742327671,23.835002895503568,0.47751966477023017,0.0,5.761823074641296,8.513206897709386,8.0,0.5132068977093862,63.0,9.0,0,7,7,both,M2,30.576514098907197,10.582706388985502,0.47751966477023017,5.905122861125837,2.043796792140351,4.072221130232354,4.0,0.07222113023235366,397.0,4.0,both,4119905,4698.0,22756.0,0.2064510458780102,54861.0,50454.0,1.0873468902366512,37.0,105.0,0.3523809523809524,68.2717340019058,76.63124979630267,64.76190476190476,both,9.08,358371.0,0.14078706145307515,13.01,16.342692584593234,81.82754534361443,69.72132904608789,both,411990.0,0.021359223300970873,8465.0,0.17508118058284555,0.594994538951176,2.1359223300970873,24.91085787912226,39.641872918622866,both,0.47751966477023017,M2,M2
Pontal do Paraná,30425.0,P3,32.02680132379698,55.35674973688182,31.116615008102272,43.20040369084317,0.43214915163502715,1.0,0.44229477877047885,-0.3665679078112567,-1.0,0.6334320921887433,41.0,0.0,1,0,1,both,P2,20.095371623394037,6.955123039206443,0.4564618437271044,0.4532948991386286,0.1568879568708047,0.6250640315863165,0.0,0.6250640315863165,60.0,1.0,both,4119954,602.0,1760.0,0.34204545454545454,5041.0,3873.0,1.3015750064549445,2.0,14.0,0.14285714285714285,47.43301435406699,62.058040717562854,85.71428571428572,both,3.0,30425.0,0.12729663105998357,10.68,5.399568034557236,73.98670547308765,57.23472668810289,both,411995.0,0.049586776859504134,868.0,0.23389921853947723,0.4478465348171876,4.958677685950414,35.02745554709904,64.13359495705396,both,0.45646184372710447,P3,P2
Porecatu,11624.0,P2,32.63434282213392,47.83663565596423,27.95321592021885,52.642063391101516,0.4578212280287007,0.0,0.14982978304850716,0.2184250383190485,0.0,0.2184250383190485,185.0,0.0,0,0,0,both,P1,38.87404621210965,13.454529704853227,0.4578212280287007,0.15355613417760927,0.053146656187579584,0.4391902611867458,0.0,0.4391902611867458,229.0,0.0,both,4120002,171.0,577.0,0.29636048526863085,1634.0,1312.0,1.2454268292682926,3.0,6.0,0.5,54.454072790294624,65.87760996914243,50.0,both,7.94,11624.0,0.11286992429456297,9.64,14.290856731461481,65.6016877745689,51.661307609860664,both,412000.0,0.04054054054054054,339.0,0.26883425852498016,0.36886748093254745,4.054054054054054,41.036220142555344,77.27908779594789,both,0.45782122802870073,P2,P1
Porto Amazonas,4098.0,P1,5.296345791329013,55.94303062235914,40.83859582350749,33.71539903090808,0.4403109102600839,0.0,0.06463693384562122,0.09309728102360752,0.0,0.09309728102360752,314.0,0.0,0,0,0,both,P1,38.87404621210965,13.454529704853227,0.4403109102600839,0.06624449081137718,0.022927597105312534,0.37128204623911,0.0,0.37128204623911,311.0,0.0,both,4120101,47.0,238.0,0.19747899159663865,659.0,566.0,1.1643109540636043,2.0,3.0,0.6666666666666666,69.65059708093764,71.39564667613723,33.333333333333336,both,0.0,4098.0,0.1381161542215715,13.42,0.0,80.2751741218648,71.91854233654877,both,412010.0,0.05,99.0,0.19681908548707752,0.5199254831060214,5.0,28.649738768399853,52.13657483637939,both,0.4403109102600839,P1,P1
Porto Barreiro,3110.0,P1,5.296345791329013,77.01290013483084,59.344223187874455,42.84988181105479,0.5981395741592914,0.0,0.045337213315744924,0.07245519478199355,0.0,0.07245519478199355,353.0,0.0,0,1,1,both,P1,38.87404621210965,13.454529704853227,0.5981395741592914,0.046464775357096706,0.016081724471394127,0.47923027304866356,0.0,0.47923027304866356,175.0,1.0,both,4120150,55.0,204.0,0.2696078431372549,430.0,397.0,1.0831234256926952,0.0,1.0,0.0,58.5655314757482,76.91855770397711,100.0,both,19.61,3110.0,0.12765273311897107,13.5,35.29517638588913,74.19367731466178,72.34726688102894,both,412015.0,0.034482758620689655,136.0,0.3253588516746411,0.537354837293183,3.4482758620689653,50.75834939247742,49.23558477148779,both,0.5981395741592914,P1,P1
Porto Rico,3182.0,P1,5.296345791329013,34.70655963312136,57.00432177183698,35.62417974121451,0.3953316010410174,0.0,0.04876319920862237,0.06804083282364913,0.0,0.06804083282364913,359.0,0.0,0,0,0,both,P1,38.87404621210965,13.454529704853227,0.3953316010410174,0.049975967449572535,0.01729696813421988,0.3269046885501744,0.0,0.3269046885501744,345.0,0.0,both,4120200,107.0,188.0,0.5691489361702128,515.0,427.0,1.2060889929742389,0.0,1.0,0.0,12.530795072788358,68.55362898633962,100.0,both,29.41,3182.0,0.13419233186675047,8.8,52.933765298776095,77.99458989526367,47.15969989281887,both,412020.0,0.0,100.0,0.25316455696202533,0.5259447818252057,0.0,38.34105940960867,51.13470605831355,both,0.3953316010410174,P1,P1
Porto Vitória,3562.0,P1,5.296345791329013,66.87888782567725,44.36208569451433,43.60783542971579,0.5306710644106009,0.0,0.056757166292003086,0.08687655214110983,0.0,0.08687655214110983,324.0,0.0,0,1,1,both,P1,38.87404621210965,13.454529704853227,0.5306710644106009,0.05816874899868278,0.020132536680813305,0.4353620060548723,0.0,0.4353620060548723,236.0,0.0,both,4120309,70.0,220.0,0.3181818181818182,605.0,497.0,1.2173038229376258,0.0,1.0,0.0,51.100478468899524,67.79072230198818,100.0,both,0.0,3562.0,0.13952835485682202,14.32,0.0,81.09596624809123,76.7416934619507,both,412030.0,0.0,110.0,0.2330508474576271,0.4124462938030413,0.0,34.88153723349339,70.02570928177471,both,0.5306710644106009,P1,P1
Prado Ferreira,3709.0,P1,5.296345791329013,35.99783650150589,100.0,35.81693070066621,0.4872590688086884,0.0,0.056186168643190176,0.08356338885619895,0.0,0.08356338885619895,331.0,0.0,0,0,0,both,P1,38.87404621210965,13.454529704853227,0.4872590688086884,0.05758355031660348,0.019929996070342345,0.40180221301491553,0.0,0.40180221301491553,282.0,0.0,both,4120333,117.0,250.0,0.468,555.0,492.0,1.1280487804878048,1.0,3.0,0.3333333333333333,28.07578947368421,73.86243883441395,66.66666666666667,both,52.63,3709.0,0.13265031005661904,14.02,94.7264218862491,77.09834376094523,75.13397642015005,both,412033.0,0.0,128.0,0.2565130260521042,0.5271666158891248,0.0,38.91699012346487,50.93134060700001,both,0.4872590688086884,P1,P1
Pranchita,5737.0,P2,32.63434282213392,45.753553197500764,47.43228430568608,32.833871700321495,0.4092142682026612,0.0,0.08005387036356976,0.11281305634118866,0.0,0.11281305634118866,286.0,0.0,0,0,0,both,P1,38.87404621210965,13.454529704853227,0.4092142682026612,0.08204485522751837,0.02839619358802842,0.3571125414978274,0.0,0.3571125414978274,323.0,0.0,both,4120358,144.0,379.0,0.37994722955145116,831.0,701.0,1.1854493580599144,1.0,3.0,0.3333333333333333,41.60810998472435,69.95767305032614,66.66666666666667,both,15.15,5737.0,0.12218929754226948,12.03,27.267818574514042,71.0182468612499,64.46945337620579,both,412035.0,0.0,141.0,0.19692737430167598,0.5002341244376337,0.0,28.66836425145392,55.41405920256934,both,0.4092142682026612,P2,P1
Presidente Castelo Branco,4336.0,P1,5.296345791329013,57.06414672000126,62.19851538945227,40.140610862793366,0.5132160611100831,0.0,0.05972635406583022,0.0903788782439618,0.0,0.0903788782439618,322.0,0.0,0,1,1,both,P1,38.87404621210965,13.454529704853227,0.5132160611100831,0.06121178214549516,0.02118574785526229,0.42395801969194274,0.0,0.42395801969194274,249.0,0.0,both,4120408,113.0,280.0,0.4035714285714286,614.0,523.0,1.1739961759082218,0.0,2.0,0.0,37.97744360902256,70.73679402221309,100.0,both,39.22,4336.0,0.12061808118081181,8.53,70.59035277177826,70.1050324171466,45.71275455519828,both,412040.0,0.06896551724137931,75.0,0.14018691588785046,0.3981823177163037,6.896551724137931,18.90910656093927,72.39984503397355,both,0.513216061110083,P1,P1
Primeiro de Maio,10082.0,P2,32.63434282213392,46.478869335745664,18.206403140954613,45.87875530177781,0.4058433048320031,0.0,0.12436328791145146,0.17483529567720882,0.0,0.17483529567720882,219.0,0.0,0,0,0,both,P1,38.87404621210965,13.454529704853227,0.4058433048320031,0.12745627295687234,0.04411334496057483,0.38226337434324825,0.0,0.38226337434324825,304.0,0.0,both,4120507,170.0,490.0,0.3469387755102041,1159.0,1089.0,1.064279155188246,3.0,6.0,0.5,46.680988184747584,78.20046924222653,50.0,both,0.0,10082.0,0.10801428288038088,9.92,0.0,62.779516376924185,53.161843515541264,both,412050.0,0.0,273.0,0.261244019138756,0.41520850671243675,0.0,39.73071249997335,69.56595890197154,both,0.40584330483200315,P2,P1
Prudentópolis,49393.0,P3,32.02680132379698,68.04021089521885,44.15255009156133,45.78237115588901,0.4990797489088944,0.0,0.7525749011354133,1.1281697938292115,1.0,0.12816979382921145,266.0,1.0,0,1,1,both,P3,12.727954295488436,4.4052177696212595,0.5435954283875541,0.7712918629805221,0.2669485246007237,0.9055486131535219,0.0,0.9055486131535219,7.0,1.0,both,4120606,733.0,3046.0,0.2406434668417597,7083.0,6590.0,1.0748103186646434,4.0,13.0,0.3076923076923077,63.01689878010851,77.4840700603958,69.23076923076923,both,7.89,49393.0,0.13341971534427954,12.27,14.200863930885527,77.5455336192593,65.7556270096463,both,412060.0,0.03747072599531616,1691.0,0.2670140533712301,0.44480310824361946,3.747072599531616,40.72314810116483,64.64015131928863,both,0.543595428387554,P3,P3
Pérola,11878.0,P2,32.63434282213392,48.387299497823115,34.4664216025635,33.599485593282594,0.39687998356954984,0.0,0.16707391204265698,0.2333822035090471,0.0,0.2333822035090471,173.0,0.0,0,0,0,both,P1,38.87404621210965,13.454529704853227,0.39687998356954984,0.17122913437640425,0.05926338262380254,0.4019041622485992,0.0,0.4019041622485992,281.0,0.0,both,4118907,252.0,741.0,0.340080971659919,1720.0,1463.0,1.1756664388243336,2.0,5.0,0.4,47.734924355422976,70.62317172499716,60.0,both,6.54,11878.0,0.1231688836504462,10.94,11.771058315334773,71.58759695533878,58.62808145766345,both,411890.0,0.0,207.0,0.13855421686746988,0.43102161598035565,0.0,18.628285240203123,66.9339811253613,both,0.39687998356954984,P2,P1
Pérola d'Oeste,6221.0,P2,32.63434282213392,49.46358091124862,32.02551034408507,45.77430727375144,0.44500257342817046,0.0,0.07719888211950522,0.11155258332846302,0.0,0.11155258332846302,288.0,0.0,0,0,0,both,P1,38.87404621210965,13.454529704853227,0.44500257342817046,0.07911886181712185,0.027383490535673627,0.38287128770599527,0.0,0.38287128770599527,303.0,0.0,both,4119004,140.0,381.0,0.3674540682414698,752.0,676.0,1.1124260355029585,1.0,3.0,0.3333333333333333,43.52811161762675,74.92520096418035,66.66666666666667,both,0.0,6221.0,0.10866420189680116,13.98,0.0,63.15725902768284,74.91961414790997,both,411900.0,0.0,113.0,0.16073968705547653,0.31256253675879986,0.0,22.44414656037235,86.65063891013853,both,0.4450025734281704,P2,P1
Quarto Centenário,4201.0,P1,5.296345791329013,47.4376923127609,25.853485494291164,35.35297428268812,0.38286963737037844,0.0,0.059497955006305045,0.08227791546384815,0.0,0.08227791546384815,336.0,0.0,0,0,0,both,P1,38.87404621210965,13.454529704853227,0.38286963737037844,0.06097770267266344,0.02110473161107391,0.32406183013174544,0.0,0.32406183013174544,346.0,0.0,both,4120655,137.0,281.0,0.4875444839857651,589.0,521.0,1.1305182341650672,0.0,2.0,0.0,25.07211088218768,73.69445031178539,100.0,both,0.0,4201.0,0.12401809093073078,10.47,0.0,72.0811689250668,56.10932475884245,both,412065.0,0.03508771929824561,109.0,0.20147874306839186,0.4967642588494153,3.508771929824561,29.45119156516693,55.99159325746539,both,0.38286963737037844,P1,P1
Quatiguá,8099.0,P2,32.63434282213392,40.42814888714969,34.999859712288846,43.76731756267114,0.406781585223861,0.0,0.11362853211376878,0.15985052653366805,0.0,0.15985052653366805,231.0,0.0,0,0,0,both,P1,38.87404621210965,13.454529704853227,0.406781585223861,0.11645453773378144,0.0403055814837208,0.3762718998305966,0.0,0.3762718998305966,306.0,0.0,both,4120705,175.0,458.0,0.38209606986899564,1111.0,995.0,1.1165829145728643,2.0,4.0,0.5,41.27786715697541,74.64242263951336,50.0,both,0.0,8099.0,0.12285467341647117,13.33,0.0,71.4049732688817,71.43622722400858,both,412070.0,0.03125,244.0,0.25077081192189105,0.44768087724967187,3.125,37.9293395302647,64.16116746217244,both,0.406781585223861,P2,P1
Quatro Barras,24191.0,P3,32.02680132379698,61.443611300613036,43.49097006035918,11.276520074213249,0.2775282831672239,0.0,0.4025533424131004,0.5142732804162358,0.0,0.5142732804162358,61.0,1.0,0,0,0,both,P2,20.095371623394037,6.955123039206443,0.37786246562002346,0.412565070865909,0.14279113038202595,0.5326046784445373,0.0,0.5326046784445373,129.0,1.0,both,4120804,482.0,1474.0,0.32700135685210313,3877.0,3525.0,1.099858156028369,2.0,11.0,0.18181818181818182,49.745054631150474,75.78015099825042,81.81818181818181,both,3.42,24191.0,0.14571534868339464,12.24,6.1555075593952475,84.69193957589079,65.59485530546624,both,412080.0,0.02336448598130841,492.0,0.15432873274780426,0.7205946675663747,2.336448598130841,21.341473848876532,18.736639061467848,both,0.3778624656200235,P3,P2
Quatro Pontes,4480.0,P1,5.296345791329013,28.64329743528568,48.362965806743254,9.788567805937891,0.2504533925783808,0.0,0.059612154536067635,0.07454222087853249,0.0,0.07454222087853249,349.0,0.0,0,0,0,both,P1,38.87404621210965,13.454529704853227,0.2504533925783808,0.061094742409079306,0.0211452397331681,0.22279800621219556,0.0,0.22279800621219556,389.0,0.0,both,4120853,176.0,290.0,0.6068965517241379,651.0,522.0,1.2471264367816093,0.0,2.0,0.0,6.7295825771324935,65.76199145892726,100.0,both,21.74,4480.0,0.11651785714285715,10.71,39.128869690424764,67.72192089452605,57.39549839228296,both,412085.0,0.0,17.0,0.030249110320284697,0.5956154771336766,0.0,0.0,39.538522244868545,both,0.2504533925783808,P1,P1
Quedas do Iguaçu,30738.0,P3,32.02680132379698,65.52345373946963,71.96051268487375,52.40412650970979,0.5893926919069455,0.0,0.5031631281339348,0.799723798693114,0.0,0.799723798693114,23.0,1.0,0,1,1,both,P2,20.095371623394037,6.955123039206443,0.6156313463664652,0.5156770786482823,0.1784787859470089,0.8038686124518181,0.0,0.8038686124518181,19.0,1.0,both,4120903,627.0,2227.0,0.2815446789402784,4682.0,4406.0,1.0626418520199727,3.0,12.0,0.25,56.73102828917826,78.31184940005893,75.0,both,22.08,30738.0,0.14334049059795692,14.74,39.74082073434125,83.31163654473778,78.9924973204716,both,412090.0,0.05303030303030303,1522.0,0.34026380505253745,0.452948243102466,5.303030303030303,53.32197480098405,63.28445247646399,both,0.6156313463664652,P3,P2
Querência do Norte,10685.0,P2,32.63434282213392,51.85845918876502,45.17390474832347,50.976914889021096,0.5016893058077914,0.0,0.17609567489390093,0.2644409917871766,0.0,0.2644409917871766,157.0,0.0,0,1,1,both,P1,38.87404621210965,13.454529704853227,0.5016893058077914,0.18047527355325724,0.06246352426924369,0.49086906962219184,0.0,0.49086906962219184,168.0,1.0,both,4121000,274.0,731.0,0.3748290013679891,1724.0,1542.0,1.1180285343709468,1.0,4.0,0.25,42.39470084239326,74.54408204847556,75.0,both,6.71,10685.0,0.14431445952269537,11.79,12.077033837293015,83.87772184781707,63.183279742765265,both,412100.0,0.0,481.0,0.3145846958796599,0.41112511982346944,0.0,48.90521380386271,70.24560914424663,both,0.5016893058077914,P2,P1
Quinta do Sol,5001.0,P2,32.63434282213392,62.48080537978337,48.77091076448113,44.11936798866042,0.5239425150027374,0.0,0.07308769904805228,0.11138145190305195,0.0,0.11138145190305195,289.0,0.0,0,1,1,both,P1,38.87404621210965,13.454529704853227,0.5239425150027374,0.07490543130615086,0.025925198140282726,0.4409386777002801,0.0,0.4409386777002801,225.0,0.0,both,4121109,120.0,320.0,0.375,713.0,640.0,1.1140625,0.0,1.0,0.0,42.36842105263158,74.81387785829531,100.0,both,17.54,5001.0,0.1279744051189762,11.0,31.56947444204463,74.38063789111337,58.949624866023576,both,412110.0,0.0,162.0,0.26003210272873195,0.434387736898993,0.0,39.52226503804896,66.37371462108752,both,0.5239425150027375,P2,P1
Quitandinha,18398.0,P2,32.63434282213392,70.43103133437523,41.994459154262096,39.7474014736528,0.5247026495406364,0.0,0.27259427754328247,0.4156252172198584,0.0,0.4156252172198584,84.0,1.0,0,1,1,both,P1,38.87404621210965,13.454529704853227,0.5247026495406364,0.27937385082465954,0.09669288743883572,0.5725371653757864,0.0,0.5725371653757864,102.0,1.0,both,4121208,229.0,1179.0,0.19423240033927056,2777.0,2387.0,1.1633850020946794,1.0,3.0,0.3333333333333333,70.14954689522789,71.45863603476212,66.66666666666667,both,9.39,18398.0,0.12974236330035874,11.52,16.900647948164146,75.40820162289074,61.73633440514469,both,412120.0,0.027522935779816515,450.0,0.19092066185829445,0.43027673519693077,2.7522935779816518,27.635220419935326,67.05796114946546,both,0.5247026495406364,P2,P1
Ramilândia,4221.0,P1,5.296345791329013,56.84480493171796,58.37933322248532,38.773857817815,0.49923331744310245,0.0,0.06737772255992318,0.10101492651527459,0.0,0.10101492651527459,303.0,0.0,0,0,0,both,P1,38.87404621210965,13.454529704853227,0.49923331744310245,0.06905344448535783,0.023899792035573138,0.4182316382731708,0.0,0.4182316382731708,258.0,0.0,both,4121257,136.0,332.0,0.40963855421686746,681.0,590.0,1.1542372881355931,0.0,1.0,0.0,37.045022194039326,72.08092385800205,100.0,both,16.95,4221.0,0.13977730395640844,12.79,30.50755939524838,81.24065918737422,68.54233654876741,both,412125.0,0.0,106.0,0.16666666666666666,0.3999828970234324,0.0,23.463576486901403,72.10015161877648,both,0.49923331744310245,P1,P1
Rancho Alegre,3512.0,P1,5.296345791329013,45.46534357004589,21.745600611722686,52.63690034892827,0.435900176899342,0.0,0.04179702789310489,0.060016359745576044,0.0,0.060016359745576044,370.0,0.0,0,0,0,both,P1,38.87404621210965,13.454529704853227,0.435900176899342,0.042836543528205026,0.014825972686474183,0.35342186229683864,0.0,0.35342186229683864,326.0,0.0,both,4121307,84.0,163.0,0.5153374233128835,393.0,366.0,1.0737704918032787,0.0,1.0,0.0,20.800774943493707,77.55480594009198,100.0,both,0.0,3512.0,0.10421412300683372,11.39,0.0,60.57080663359803,61.03965702036442,both,412130.0,0.0,107.0,0.311046511627907,0.3881915867683864,0.0,48.29665242042199,74.06273001007105,both,0.435900176899342,P1,P1
Rancho Alegre D'Oeste,2618.0,P1,5.296345791329013,72.54263673537838,22.49482693326696,32.41915238247404,0.46483681033794355,0.0,0.03894203964904035,0.05704373314755399,0.0,0.05704373314755399,373.0,0.0,0,0,0,both,P1,38.87404621210965,13.454529704853227,0.46483681033794355,0.039910550117808516,0.01381326963411939,0.373603170712398,0.0,0.373603170712398,308.0,0.0,both,4121356,54.0,157.0,0.34394904458598724,308.0,341.0,0.9032258064516129,0.0,1.0,0.0,47.14046262152197,89.15638000409193,100.0,both,0.0,2618.0,0.13025210084033614,8.79,0.0,75.70446870336922,47.10610932475884,both,412135.0,0.0,68.0,0.2111801242236025,0.5197786914002138,0.0,31.119811828279463,52.16100725513589,both,0.46483681033794355,P1,P1
Realeza,19247.0,P2,32.63434282213392,42.90575780554448,38.61337827233315,27.481442559309677,0.35877555800408295,0.0,0.27647706155521024,0.37567027359001,0.0,0.37567027359001,99.0,1.0,0,0,0,both,P1,38.87404621210965,13.454529704853227,0.35877555800408295,0.28335320186279883,0.09807016359003826,0.43888764243893286,0.0,0.43888764243893286,230.0,0.0,both,4121406,457.0,1161.0,0.39362618432385876,2622.0,2421.0,1.0830235439900868,3.0,7.0,0.42857142857142855,39.50587061970171,76.92535231600539,57.14285714285714,both,4.83,19247.0,0.1257858367537798,12.47,8.693304535637148,73.10860923100529,66.82743837084674,both,412140.0,0.0,292.0,0.12409689757756057,0.4871299987509292,0.0,16.14165209678999,57.595146236432136,both,0.35877555800408295,P2,P1
Rebouças,14514.0,P2,32.63434282213392,69.83639569085553,39.17818005877805,54.699697974031544,0.5765007347771044,0.0,0.22291748209655943,0.3514295743198879,0.0,0.3514295743198879,112.0,0.0,0,1,1,both,P1,38.87404621210965,13.454529704853227,0.5765007347771044,0.22846156548376015,0.07907185432786232,0.5817218982920939,0.0,0.5817218982920939,92.0,1.0,both,4121505,209.0,910.0,0.22967032967032966,2238.0,1952.0,1.146516393442623,1.0,4.0,0.25,64.70329670329672,72.60615002635865,75.0,both,5.38,14514.0,0.13449083643378806,11.51,9.68322534197264,78.1680852132456,61.68274383708467,both,412150.0,0.01845018450184502,660.0,0.34126163391933817,0.4065451435566343,1.8450184501845017,53.493599587148445,71.00791310025406,both,0.5765007347771044,P2,P1
Renascença,6845.0,P2,32.63434282213392,74.40198164678107,36.21532203246678,24.764943667378517,0.4690983453215719,0.0,0.10312217537561126,0.15149661721027147,0.0,0.15149661721027147,246.0,0.0,0,1,1,both,P1,38.87404621210965,13.454529704853227,0.4690983453215719,0.10568688198352225,0.03657883425105516,0.4180739905405175,0.0,0.4180739905405175,259.0,0.0,both,4121604,142.0,449.0,0.31625835189309576,870.0,903.0,0.9634551495016611,0.0,1.0,0.0,51.39608486695582,85.0591829394027,100.0,both,0.0,6845.0,0.13192111029948866,12.71,0.0,76.67452195817944,68.11361200428725,both,412160.0,0.0,80.0,0.08771929824561403,0.4810846492229066,0.0,9.884769865534434,58.601350983393374,both,0.4690983453215719,P2,P1
Reserva,24573.0,P3,32.02680132379698,68.94223436902652,56.53836219317777,57.052920067343535,0.5932787135284697,0.0,0.40026935181784873,0.6377406379292165,0.0,0.6377406379292165,39.0,1.0,0,1,1,both,P2,20.095371623394037,6.955123039206443,0.6170573421318357,0.41022427613759177,0.14198096794014212,0.735117776966236,0.0,0.735117776966236,27.0,1.0,both,4121703,386.0,1719.0,0.22454915648632925,4025.0,3505.0,1.1483594864479316,2.0,7.0,0.2857142857142857,65.49034016104835,72.4807706868393,71.42857142857143,both,11.53,24573.0,0.14263622675294022,13.75,20.752339812814974,82.90230786696591,73.68703108252947,both,412170.0,0.020618556701030927,1266.0,0.37082601054481545,0.41107133434454596,2.0618556701030926,58.5786196594776,70.25456134857485,both,0.6170573421318357,P3,P2
Reserva do Iguaçu,6553.0,P2,32.63434282213392,65.71220863483246,64.7248876434247,50.972516948825486,0.5961886776214813,0.0,0.12356389120311337,0.19723128410126212,0.0,0.19723128410126212,199.0,0.0,0,1,1,both,P1,38.87404621210965,13.454529704853227,0.5961886776214813,0.1266369948019613,0.04382978810591548,0.5305479836132729,0.0,0.5305479836132729,131.0,1.0,both,4121752,146.0,544.0,0.26838235294117646,1207.0,1082.0,1.1155268022181146,1.0,4.0,0.25,58.75386996904025,74.71426636585564,75.0,both,9.8,6553.0,0.16511521440561575,14.34,17.63858891288697,95.96743162509573,76.84887459807074,both,412175.0,0.0,383.0,0.3410507569011576,0.4385256245335764,0.0,53.457329115972094,65.68499312351153,both,0.5961886776214812,P2,P1
Ribeirão Claro,12364.0,P2,32.63434282213392,54.997121111186296,38.346452141548774,41.54941425544384,0.4628790457496181,1.0,0.17232709041173574,-0.7479063104216719,-1.0,0.2520936895783281,164.0,-1.0,1,0,1,both,P1,38.87404621210965,13.454529704853227,0.4628790457496181,0.17661296225153386,0.06112675624013537,0.45759520191369935,0.0,0.45759520191369935,204.0,0.0,both,4121802,159.0,746.0,0.2131367292225201,1700.0,1509.0,1.126573889993373,2.0,3.0,0.6666666666666666,67.24425003527585,73.96277061122748,33.333333333333336,both,12.35,12364.0,0.1220478809446781,10.27,22.22822174226062,70.93605342008908,55.037513397642016,both,412180.0,0.037037037037037035,369.0,0.23806451612903226,0.46378366995834264,3.7037037037037033,35.74387930662654,61.480973970019306,both,0.4628790457496181,P2,P1
Ribeirão do Pinhal,13060.0,P2,32.63434282213392,63.70124438163962,64.5305931795063,68.44284954145316,0.6576375620513837,0.0,0.19802198460831663,0.3282486797987066,0.0,0.3282486797987066,124.0,0.0,0,1,1,both,P1,38.87404621210965,13.454529704853227,0.6576375620513837,0.20294690294510254,0.07024108371132852,0.6300120866779838,0.0,0.6300120866779838,57.0,1.0,both,4121901,175.0,790.0,0.22151898734177214,1968.0,1734.0,1.1349480968858132,3.0,7.0,0.42857142857142855,65.95602931379081,73.3931018391425,57.14285714285714,both,24.24,13060.0,0.1327718223583461,12.94,43.62850971922246,77.16896852771536,69.34619506966774,both,412190.0,0.07692307692307693,568.0,0.3417569193742479,0.28258997866516233,7.6923076923076925,53.57878780239999,91.63935463163529,both,0.6576375620513836,P2,P1
Rio Azul,14025.0,P2,32.63434282213392,89.74142008527265,68.0274072331794,35.804262427099616,0.6382375445158478,0.0,0.2120685267691142,0.34741862256332695,0.0,0.34741862256332695,117.0,0.0,0,1,1,both,P1,38.87404621210965,13.454529704853227,0.6382375445158478,0.21734279052425337,0.07522358272891409,0.6241106253002401,0.0,0.6241106253002401,61.0,1.0,both,4122008,149.0,899.0,0.1657397107897664,2058.0,1857.0,1.1082390953150243,0.0,2.0,0.0,74.52842339441484,75.21002424431772,100.0,both,30.12,14025.0,0.13240641711229947,12.05,54.21166306695464,76.9565895347094,64.57663451232584,both,412200.0,0.04093567251461988,321.0,0.17550574084199017,0.4681970684093763,4.093567251461988,24.983881486790796,60.746395687808054,both,0.6382375445158478,P2,P1
Rio Bom,3197.0,P1,5.296345791329013,53.51269631850807,29.89951392603038,51.28697109935937,0.4789976975235305,0.0,0.04248222507168038,0.06283111306669169,0.0,0.06283111306669169,363.0,0.0,0,0,0,both,P1,38.87404621210965,13.454529704853227,0.4789976975235305,0.043538781946700196,0.015069021419039335,0.38664847876996455,0.0,0.38664847876996455,299.0,0.0,both,4122107,47.0,160.0,0.29375,394.0,372.0,1.0591397849462365,1.0,2.0,0.5,54.85526315789474,78.55008309493641,50.0,both,0.0,3197.0,0.1163590866437285,12.51,0.0,67.62964110629417,67.04180064308682,both,412210.0,0.0,101.0,0.29022988505747127,0.3823567531712347,0.0,44.71622976210602,75.03389590146713,both,0.4789976975235305,P1,P1
Rio Bonito do Iguaçu,13929.0,P2,32.63434282213392,71.73019358575387,74.12780205113214,62.75906288201574,0.6862126299733426,1.0,0.24541478945978804,-0.5861784824306566,-1.0,0.4138215175693434,85.0,0.0,1,0,1,both,P1,38.87404621210965,13.454529704853227,0.6862126299733426,0.2515183935576847,0.08705195438041809,0.685976811237214,0.0,0.685976811237214,38.0,1.0,both,4122156,186.0,998.0,0.18637274549098196,2479.0,2149.0,1.1535597952536063,1.0,3.0,0.3333333333333333,71.35745174559646,72.1270113912019,66.66666666666667,both,21.19,13929.0,0.15428243233541533,14.5,38.138948884089274,89.67125670036897,77.70632368703109,both,412215.0,0.03690036900369004,886.0,0.4282261962300628,0.41390472969544306,3.6900369003690034,68.45134926451765,69.78296316572784,both,0.6862126299733426,P2,P1
Rio Branco do Ivaí,3808.0,P1,5.296345791329013,63.54811864610711,42.17301952426155,88.49083338940723,0.6925018471905805,0.0,0.06703512397063544,0.11345707114695003,0.0,0.11345707114695003,285.0,0.0,0,1,1,both,P1,38.87404621210965,13.454529704853227,0.6925018471905805,0.06870232527611025,0.023778267669290563,0.5662797892539294,0.0,0.5662797892539294,109.0,1.0,both,4122172,50.0,252.0,0.1984126984126984,669.0,587.0,1.1396933560477003,1.0,2.0,0.5,69.50710108604846,73.07029802085881,50.0,both,0.0,3808.0,0.15414915966386555,12.08,0.0,89.59379663080188,64.7374062165059,both,412217.0,0.2,244.0,0.4468864468864469,0.23235862795423656,20.0,71.66087910999515,100.0,both,0.6925018471905805,P1,P1
Rio Branco do Sul,37558.0,P3,32.02680132379698,72.4720362491022,46.60777933401409,46.59469760906602,0.5177278168206287,0.0,0.6356345826585297,0.9647202874340217,0.0,0.9647202874340217,7.0,1.0,0,1,1,both,P2,20.095371623394037,6.955123039206443,0.5694824941007011,0.6514431728906807,0.22546820757627134,0.8518201901960641,0.0,0.8518201901960641,13.0,1.0,both,4122206,312.0,2560.0,0.121875,6535.0,5566.0,1.174092705713259,4.0,8.0,0.5,81.26973684210526,70.73022742835991,50.0,both,1.73,37558.0,0.14819745460354652,13.47,3.1137508999280055,86.1345766522856,72.18649517684888,both,412220.0,0.028938906752411574,1696.0,0.3103953147877013,0.4750728802127698,2.8938906752411575,48.18464772485776,59.6019664957958,both,0.5694824941007011,P3,P2
Rio Negro,31324.0,P3,32.02680132379698,53.39608368821048,35.27202406523251,28.841578121197468,0.35038568423407085,0.0,0.46958846638373586,0.6341255424860291,0.0,0.6341255424860291,40.0,1.0,0,0,0,both,P2,20.095371623394037,6.955123039206443,0.3994946953680968,0.48126739614201924,0.16656939805131651,0.592930862053153,0.0,0.592930862053153,83.0,1.0,both,4122305,644.0,1930.0,0.33367875647668394,4839.0,4112.0,1.1767996108949417,3.0,10.0,0.3,48.718843741478054,70.54608588865283,70.0,both,5.95,31324.0,0.13127314519218491,10.5,10.709143268538517,76.29791494861664,56.27009646302251,both,412230.0,0.04819277108433735,533.0,0.13225806451612904,0.5087229991201416,4.819277108433735,17.545358260527845,54.001147349862556,both,0.3994946953680968,P3,P2
Rolândia,71670.0,P4,10.392043008865171,61.898387468606884,51.665504657338126,20.82402400130899,0.4342206551943398,0.0,1.0858091289826266,1.557289880385458,1.0,0.557289880385458,56.0,2.0,0,1,1,both,P4,10.65049897410691,3.686198602449356,0.4342206551943398,1.1128138138420036,0.3851512248715752,1.0135340493488838,1.0,0.013534049348883803,399.0,1.0,both,4122404,896.0,4918.0,0.18218788125254168,10810.0,9508.0,1.1369373159444678,13.0,22.0,0.5909090909090909,72.00059930224097,73.25778204192387,40.90909090909091,both,12.23,71670.0,0.13266359704199804,13.14,22.01223902087833,77.10606635553138,70.41800643086818,both,412240.0,0.03823529411764706,1368.0,0.13903852017481452,0.6028543391067402,3.823529411764706,18.711584545652396,38.33366597541206,both,0.4342206551943398,P4,P4
Roncador,11251.0,P2,32.63434282213392,63.13780797134937,45.864739173678295,42.77920911739208,0.5153975467023224,0.0,0.1627343299116789,0.24660720431240457,0.0,0.24660720431240457,167.0,0.0,0,1,1,both,P1,38.87404621210965,13.454529704853227,0.5153975467023224,0.16678162439260152,0.05772407398422325,0.4930263316248034,0.0,0.4930263316248034,167.0,1.0,both,4122503,193.0,737.0,0.2618724559023066,1585.0,1425.0,1.1122807017543859,1.0,3.0,0.3333333333333333,59.75433835606656,74.9350875240845,66.66666666666667,both,6.06,11251.0,0.1266554084081415,14.13,10.907127429805614,73.61401727946092,75.72347266881029,both,412250.0,0.009009009009009009,379.0,0.2553908355795148,0.4505673697813234,0.9009009009009009,38.723975362816205,63.680731637254,both,0.5153975467023224,P2,P1
Rondon,9097.0,P2,32.63434282213392,41.05527688415296,51.00350497980368,33.32067438084961,0.3995108150196176,0.0,0.13521224323889672,0.18923099673589913,0.0,0.18923099673589913,205.0,0.0,0,0,0,both,P1,38.87404621210965,13.454529704853227,0.3995108150196176,0.1385750479163791,0.04796161655952304,0.384088643247064,0.0,0.384088643247064,302.0,0.0,both,4122602,181.0,540.0,0.3351851851851852,1257.0,1184.0,1.0616554054054055,2.0,3.0,0.6666666666666666,48.487329434697855,78.37895400338026,33.333333333333336,both,8.7,9097.0,0.13015279762559084,14.4,15.65874730021598,75.64675219005136,77.17041800643088,both,412260.0,0.0,253.0,0.22115384615384615,0.5196160220671419,0.0,32.83527421916963,52.188082390223336,both,0.3995108150196176,P2,P1
Rosário do Ivaí,5435.0,P2,32.63434282213392,54.957195497610286,28.189097592144197,60.35200510452457,0.5176149975928278,0.0,0.0798254713040446,0.121144332440934,0.0,0.121144332440934,277.0,0.0,0,1,1,both,P1,38.87404621210965,13.454529704853227,0.5176149975928278,0.08181077575468666,0.02831517734384004,0.44048694626500495,0.0,0.44048694626500495,226.0,0.0,both,4122651,124.0,293.0,0.4232081911262799,810.0,699.0,1.1587982832618027,0.0,1.0,0.0,34.95958325848751,71.77065489445651,100.0,both,0.0,5435.0,0.12861085556577737,10.67,0.0,74.75055240781023,57.18113612004287,both,412265.0,0.02631578947368421,212.0,0.34248788368336025,0.3468983292843999,2.631578947368421,53.704512360407044,80.93569434493395,both,0.5176149975928279,P2,P1
Sabáudia,8822.0,P2,32.63434282213392,36.95193029017423,37.876096667331154,20.904353979802632,0.3071773304145698,0.0,0.1376104333639109,0.17988123892182908,0.0,0.17988123892182908,214.0,0.0,0,0,0,both,P1,38.87404621210965,13.454529704853227,0.3071773304145698,0.14103288238111217,0.048812287123501066,0.3130809598264567,0.0,0.3130809598264567,352.0,0.0,both,4122701,243.0,562.0,0.43238434163701067,1395.0,1205.0,1.157676348547718,2.0,5.0,0.4,33.54935381157521,71.84697629171136,60.0,both,0.0,8822.0,0.13659034232600317,12.7,0.0,79.38834943228167,68.06002143622723,both,412270.0,0.11538461538461539,166.0,0.13821815154038303,0.647425583961213,11.538461538461538,18.570482603080112,30.915104328537147,both,0.3071773304145698,P2,P1
Salgado Filho,4075.0,P1,5.296345791329013,25.615682598501664,34.318124945900216,36.53035442956677,0.3172203980040742,0.0,0.057670762530103746,0.0759651047731017,0.0,0.0759651047731017,347.0,0.0,0,0,0,both,P1,38.87404621210965,13.454529704853227,0.3172203980040742,0.05910506689000967,0.020456601657566836,0.27272134967945977,0.0,0.27272134967945977,375.0,0.0,both,4122800,124.0,252.0,0.49206349206349204,574.0,505.0,1.1366336633663365,1.0,2.0,0.5,24.377610693400175,73.27843849256406,50.0,both,0.0,4075.0,0.12392638036809817,13.01,0.0,72.02786537469183,69.72132904608789,both,412280.0,0.0,77.0,0.14638783269961977,0.4050807975823237,0.0,19.97565319759379,71.2516429067301,both,0.3172203980040742,P1,P1
Salto do Itararé,5192.0,P2,32.63434282213392,51.616777158561725,21.645583746985714,54.75844505479623,0.46879205634740323,0.0,0.0722883023397142,0.10617648424341163,0.0,0.10617648424341163,295.0,0.0,0,1,1,both,P1,38.87404621210965,13.454529704853227,0.46879205634740323,0.07408615315123984,0.025641641285623382,0.39802956153323954,0.0,0.39802956153323954,286.0,0.0,both,4122909,116.0,321.0,0.3613707165109034,674.0,633.0,1.0647709320695102,1.0,3.0,0.3333333333333333,44.46302672569274,78.1670153360014,66.66666666666667,both,0.0,5192.0,0.12191833590138675,9.44,0.0,70.860759903806,50.58949624866024,both,412290.0,0.06976744186046512,163.0,0.2527131782945736,0.34519071042287636,6.976744186046512,38.263423083523065,81.21991516566581,both,0.46879205634740323,P2,P1
Salto do Lontra,15223.0,P2,32.63434282213392,71.0629612580434,36.44937891929088,40.4119263920508,0.5187983084389587,0.0,0.22554407128109882,0.3425559539401688,0.0,0.3425559539401688,119.0,0.0,0,1,1,both,P1,38.87404621210965,13.454529704853227,0.5187983084389587,0.23115347942132497,0.08000354113602873,0.5368702655649625,0.0,0.5368702655649625,127.0,1.0,both,4123006,267.0,1022.0,0.26125244618395305,1898.0,1975.0,0.9610126582278481,1.0,4.0,0.25,59.849624060150376,85.22533730155936,75.0,both,5.32,15223.0,0.12973789660382315,11.23,9.575233981281498,75.40560551207255,60.18220793140407,both,412300.0,0.012779552715654952,350.0,0.1733531451213472,0.39554786497812766,1.2779552715654952,24.613638860479284,72.83833065643594,both,0.5187983084389587,P2,P1
Santa Amélia,3394.0,P1,5.296345791329013,42.73570466301858,62.270231934735534,64.39499421305318,0.5530632593737581,0.0,0.0517323869824495,0.0803436695421476,0.0,0.0803436695421476,341.0,0.0,0,1,1,both,P1,38.87404621210965,13.454529704853227,0.5530632593737581,0.05301900059638491,0.018350179308668866,0.44914554448056043,0.0,0.44914554448056043,213.0,0.0,both,4123105,102.0,192.0,0.53125,497.0,453.0,1.0971302428256071,0.0,1.0,0.0,18.355263157894743,75.96572164207755,100.0,both,26.32,3394.0,0.13347083087802003,11.49,47.372210223182144,77.57524273181372,61.575562700964625,both,412310.0,0.14285714285714285,140.0,0.33653846153846156,0.3638183549857583,14.285714285714285,52.68122235809059,78.11947832624138,both,0.5530632593737581,P1,P1
Santa Cecília do Pavão,3365.0,P1,5.296345791329013,34.63609286618306,77.28498564427791,47.87651450807401,0.4846204007855841,0.0,0.048420600619334626,0.07188621149775527,0.0,0.07188621149775527,354.0,0.0,0,0,0,both,P1,38.87404621210965,13.454529704853227,0.4846204007855841,0.049624848240324954,0.017175443767937306,0.39476539893600987,0.0,0.39476539893600987,292.0,0.0,both,4123204,88.0,196.0,0.4489795918367347,431.0,424.0,1.0165094339622642,1.0,2.0,0.5,30.998925886143937,81.4500806720819,50.0,both,29.41,3365.0,0.12600297176820208,15.75,52.933765298776095,73.23481134826623,84.40514469453376,both,412320.0,0.0,116.0,0.27102803738317754,0.4021193035524465,0.0,41.41354619510508,71.7445621890887,both,0.4846204007855841,P1,P1
Santa Cruz de Monte Castelo,8613.0,P2,32.63434282213392,32.484939831080766,42.73670321962338,52.65236290364763,0.4260226173781604,0.0,0.12676147803646567,0.18076473469228496,0.0,0.18076473469228496,213.0,0.0,0,0,0,both,P1,38.87404621210965,13.454529704853227,0.4260226173781604,0.12991410742160542,0.04496401552455285,0.39955508855196126,0.0,0.39955508855196126,283.0,0.0,both,4123303,259.0,516.0,0.501937984496124,1218.0,1110.0,1.0972972972972972,2.0,6.0,0.3333333333333333,22.860057119543047,75.95435749536118,66.66666666666667,both,10.42,8613.0,0.12887495646116337,11.49,18.754499640028797,74.90405179738084,61.575562700964625,both,412330.0,0.038461538461538464,327.0,0.29863013698630136,0.39828918472604524,3.8461538461538463,46.1610581179291,72.38205779239271,both,0.4260226173781604,P2,P1
Santa Fé,11378.0,P2,32.63434282213392,25.241835112003802,39.516684484949735,31.520378602639127,0.30608222382847117,0.0,0.1569101538937872,0.20493756273886526,0.0,0.20493756273886526,194.0,0.0,0,0,0,both,P1,38.87404621210965,13.454529704853227,0.30608222382847117,0.16081259783539265,0.05565815975741947,0.3238139065395388,0.0,0.3238139065395388,347.0,0.0,both,4123402,324.0,624.0,0.5192307692307693,1411.0,1374.0,1.026928675400291,2.0,4.0,0.5,20.20242914979757,80.74129516531157,50.0,both,16.13,11378.0,0.12075936016874671,9.49,29.031677465802737,70.18714587751737,50.85744908896035,both,412340.0,0.0,193.0,0.14370811615785556,0.46049201102111825,0.0,19.514746729798325,62.02884681552803,both,0.30608222382847117,P2,P1
Santa Helena,25492.0,P3,32.02680132379698,37.36660820322889,42.7249563369289,26.94983857831022,0.32188216055017693,0.0,0.37720104680580724,0.4986153347134489,0.0,0.4986153347134489,65.0,1.0,0,0,0,both,P2,20.095371623394037,6.955123039206443,0.34271569980001426,0.3865822493815879,0.13379832727711538,0.4871530341850128,0.0,0.4871530341850128,171.0,1.0,both,4123501,865.0,1692.0,0.5112293144208038,4002.0,3303.0,1.2116257947320617,1.0,9.0,0.1111111111111111,21.432126415329112,68.176979221273,88.88888888888889,both,2.92,25492.0,0.12957006119566922,13.93,5.255579553635709,75.30805706316514,74.65166130760986,both,412350.0,0.032,516.0,0.1519434628975265,0.541305306181732,3.2,20.931211687078353,48.57805776995462,both,0.34271569980001426,P3,P2
Santa Inês,1748.0,P1,5.296345791329013,35.832959467610856,34.975746747263464,44.796404042583056,0.39246894753530265,0.0,0.02272570642275375,0.03164484050448818,0.0,0.03164484050448818,396.0,0.0,0,0,0,both,P1,38.87404621210965,13.454529704853227,0.39246894753530265,0.023290907546756286,0.008061116296744159,0.3085055142537286,0.0,0.3085055142537286,353.0,0.0,both,4123600,60.0,99.0,0.6060606060606061,199.0,199.0,1.0,0.0,2.0,0.0,6.858054226475284,82.57316123289196,100.0,both,0.0,1748.0,0.11384439359267734,14.3,0.0,66.16806390213648,76.63451232583066,both,412360.0,0.0,53.0,0.25118483412322273,0.417382813403051,0.0,38.00055061077662,69.20406126424119,both,0.3924689475353026,P1,P1
Santa Isabel do Ivaí,8912.0,P2,32.63434282213392,44.99682274539648,69.91508056393829,36.36725145126858,0.46528645791453677,0.0,0.12424908838168887,0.18206050661391512,0.0,0.18206050661391512,210.0,0.0,0,0,0,both,P1,38.87404621210965,13.454529704853227,0.46528645791453677,0.12733923322045648,0.044072836838480636,0.42866658456455203,0.0,0.42866658456455203,243.0,0.0,both,4123709,178.0,525.0,0.33904761904761904,1253.0,1088.0,1.1516544117647058,2.0,4.0,0.5,47.8937343358396,72.25662814015669,50.0,both,39.6,8912.0,0.12208258527827648,10.55,71.2742980561555,70.95622409771977,56.53804930332262,both,412370.0,0.0,143.0,0.1327762302692665,0.39290897331115826,0.0,17.634481846283645,73.27755510652156,both,0.46528645791453677,P2,P1
Santa Izabel do Oeste,14070.0,P2,32.63434282213392,63.901374730021054,32.77907453801048,35.074383737908505,0.4614611829477392,0.0,0.20521655498335928,0.29991602920644,0.0,0.29991602920644,137.0,0.0,0,0,0,both,P1,38.87404621210965,13.454529704853227,0.4614611829477392,0.21032040633930174,0.07279309540326259,0.4775344862249226,0.0,0.4775344862249226,178.0,1.0,both,4123808,248.0,877.0,0.28278221208665905,1605.0,1797.0,0.8931552587646077,2.0,5.0,0.4,56.54083898457662,89.84144506264195,60.0,both,6.1,14070.0,0.12771855010660982,10.09,10.979121670266377,74.23193113205669,54.072883172561625,both,412380.0,0.06060606060606061,228.0,0.12520593080724876,0.43651249717801116,6.0606060606060606,16.33240383511633,66.02006362555905,both,0.4614611829477392,P2,P1
Santa Lúcia,3644.0,P1,5.296345791329013,79.72089616347971,45.448417505746654,42.14249251549322,0.578350389727385,0.0,0.05424477663722629,0.08561726434604106,0.0,0.08561726434604106,328.0,0.0,0,1,1,both,P1,38.87404621210965,13.454529704853227,0.578350389727385,0.05559387479753385,0.019241357994741085,0.47013046427988037,0.0,0.47013046427988037,187.0,1.0,both,4123824,52.0,230.0,0.22608695652173913,563.0,475.0,1.1852631578947368,0.0,1.0,0.0,65.25400457665904,69.97033961335966,100.0,both,0.0,3644.0,0.13035126234906697,15.64,0.0,75.76210285503248,83.81564844587352,both,412382.0,0.046511627906976744,88.0,0.19686800894854586,0.4200171666275642,4.651162790697675,28.658153516551856,68.76559220510892,both,0.578350389727385,P1,P1
Santa Maria do Oeste,9934.0,P2,32.63434282213392,65.30601306766134,54.356782728545774,64.01237406547405,0.6259871139896331,0.0,0.16090713743547758,0.2616329320190454,0.0,0.2616329320190454,158.0,0.0,0,1,1,both,P1,38.87404621210965,13.454529704853227,0.6259871139896331,0.16490898860994777,0.05707594403071618,0.5793322661304715,0.0,0.5793322661304715,97.0,1.0,both,4123857,170.0,633.0,0.2685624012638231,1418.0,1409.0,1.0063875088715402,1.0,3.0,0.3333333333333333,58.72619938471772,82.13864076041388,66.66666666666667,both,9.43,9934.0,0.14183611838131668,13.89,16.97264218862491,82.43727291714097,74.43729903536978,both,412385.0,0.02564102564102564,588.0,0.4375,0.40216879298191066,2.564102564102564,70.04642697964641,71.73632503115094,both,0.6259871139896331,P2,P1
Santa Mariana,11066.0,P2,32.63434282213392,48.86453124680705,55.64640408043303,55.63279307033551,0.5292821054294363,0.0,0.1465179966853923,0.22406735045433993,0.0,0.22406735045433993,181.0,0.0,0,1,1,both,P1,38.87404621210965,13.454529704853227,0.5292821054294363,0.15016198182154933,0.051971920646848024,0.4933505274860922,0.0,0.4933505274860922,166.0,1.0,both,4123907,208.0,635.0,0.32755905511811023,1371.0,1283.0,1.06858924395947,3.0,6.0,0.5,49.65934521342727,77.90726858341584,50.0,both,22.9,11066.0,0.11594071932044099,12.56,41.21670266378689,67.3864797620395,67.30975348338693,both,412390.0,0.0,506.0,0.39438815276695244,0.4395239462525398,0.0,62.63126611519182,65.51882968697917,both,0.5292821054294363,P2,P1
Santa Mônica,3356.0,P1,5.296345791329013,42.97719943654169,62.83294409039887,57.01232199144995,0.5256239738927643,0.0,0.05630036817295276,0.08589319142364589,0.0,0.08589319142364589,327.0,0.0,0,1,1,both,P1,38.87404621210965,13.454529704853227,0.5256239738927643,0.05770059005301934,0.01997050419243654,0.4312032094370618,0.0,0.4312032094370618,241.0,0.0,both,4123956,95.0,221.0,0.4298642533936652,521.0,493.0,1.0567951318458417,1.0,3.0,0.3333333333333333,33.93665158371041,78.70958185939529,66.66666666666667,both,25.64,3356.0,0.1469010727056019,10.43,46.14830813534917,85.3811001080503,55.89496248660235,both,412395.0,0.045454545454545456,167.0,0.3422131147540984,0.39689651164689776,4.545454545454546,53.65725259443096,72.61385816335682,both,0.5256239738927643,P1,P1
Santa Tereza do Oeste,13174.0,P2,32.63434282213392,58.90687336509475,49.680540502336115,34.4816794570855,0.47291529229339324,1.0,0.22211808538822136,-0.6728388753367591,-1.0,0.3271611246632409,125.0,-1.0,1,0,1,both,P1,38.87404621210965,13.454529704853227,0.47291529229339324,0.2276422873288491,0.07878829747320297,0.4976021438697742,0.0,0.4976021438697742,157.0,1.0,both,4124020,352.0,1055.0,0.33364928909952607,2201.0,1945.0,1.1316195372750644,1.0,5.0,0.2,48.72337241207284,73.61953241228476,80.0,both,0.0,13174.0,0.1476392895096402,15.03,0.0,85.8101627533133,80.54662379421221,both,412402.0,0.03571428571428571,491.0,0.23800290838584587,0.545002218714545,3.571428571428571,35.733282884632516,47.962733391707516,both,0.47291529229339324,P2,P1
Santa Terezinha de Itaipu,24262.0,P3,32.02680132379698,56.067521207432804,60.504093818936155,36.553586639327804,0.4524647498887047,0.0,0.3687502816033762,0.5355967855404372,0.0,0.5355967855404372,58.0,1.0,0,1,1,both,P2,20.095371623394037,6.955123039206443,0.49149261902491476,0.37792130888681424,0.1308007262421452,0.6076367196445246,0.0,0.6076367196445246,69.0,1.0,both,4124053,506.0,1549.0,0.32666236281471916,3443.0,3229.0,1.0662743883555281,2.0,6.0,0.3333333333333333,49.79715266215896,78.06474032568222,66.66666666666667,both,25.08,24262.0,0.13308878080949632,11.42,45.14038876889848,77.35318951908951,61.20042872454447,both,412405.0,0.058823529411764705,479.0,0.1500156592546195,0.4439015123905699,5.88235294117647,20.599632897379003,64.79021543435326,both,0.49149261902491476,P3,P2
Santana do Itararé,5514.0,P2,32.63434282213392,43.08268701541985,19.406107893803863,48.75575642619751,0.4061659895540772,0.0,0.07822667788736845,0.1099996939210195,0.0,0.1099996939210195,292.0,0.0,0,0,0,both,P1,38.87404621210965,13.454529704853227,0.4061659895540772,0.08017221944486459,0.027748063634521352,0.35361940196405756,0.0,0.35361940196405756,325.0,0.0,both,4124004,123.0,336.0,0.36607142857142855,751.0,685.0,1.0963503649635036,1.0,2.0,0.5,43.74060150375941,76.01877407674833,50.0,both,0.0,5514.0,0.12422923467537178,8.52,0.0,72.20388882674179,45.659163987138264,both,412400.0,0.0,180.0,0.2589928057553957,0.37947181336731095,0.0,39.34350781148962,75.51407328607486,both,0.4061659895540772,P2,P1
Santo Antônio da Platina,44369.0,P3,32.02680132379698,69.32815911843923,44.283446434435,41.98556126895126,0.47913657871945603,0.0,0.6681814486408654,0.9883316219064594,0.0,0.9883316219064594,1.0,1.0,0,1,1,both,P3,12.727954295488436,4.4052177696212595,0.5338217744184319,0.684799497769201,0.23701302237311597,0.8407161927909625,0.0,0.8407161927909625,14.0,1.0,both,4124103,541.0,2832.0,0.1910310734463277,6815.0,5851.0,1.16475816099812,7.0,19.0,0.3684210526315789,70.64154029140649,71.36522471158277,63.1578947368421,both,6.72,44369.0,0.13187135161937388,12.87,12.095032397408206,76.64560146924171,68.97106109324758,both,412410.0,0.02390438247011952,1391.0,0.2444210156387278,0.4573972077010435,2.3904382470119523,36.83718588995216,62.54395446598495,both,0.5338217744184319,P3,P3
Santo Antônio do Caiuá,2493.0,P1,5.296345791329013,21.579879264282926,25.313894158747672,60.12177234983127,0.37743439477395213,0.0,0.03288946457162352,0.04530307972665359,0.0,0.04530307972665359,385.0,0.0,0,0,0,both,P1,38.87404621210965,13.454529704853227,0.37743439477395213,0.03370744408776789,0.011666339163127227,0.30343299866441237,0.0,0.30343299866441237,357.0,0.0,both,4124202,76.0,148.0,0.5135135135135135,340.0,288.0,1.1805555555555556,1.0,2.0,0.5,21.08108108108109,70.29058176625496,50.0,both,0.0,2493.0,0.11552346570397112,11.23,0.0,67.1439657208408,60.18220793140407,both,412420.0,0.125,92.0,0.304635761589404,0.36974664324461404,12.5,47.19401484285912,77.1327575816815,both,0.37743439477395213,P1,P1
Santo Antônio do Paraíso,2125.0,P1,5.296345791329013,13.908011414605115,29.80503874285869,47.60280717997567,0.3056533518640405,0.0,0.02877828150017058,0.03757445970158463,0.0,0.03757445970158463,390.0,0.0,0,0,0,both,P1,38.87404621210965,13.454529704853227,0.3056533518640405,0.0294940135767969,0.010208046767736323,0.24652328839544974,0.0,0.24652328839544974,386.0,0.0,both,4124301,54.0,91.0,0.5934065934065934,274.0,252.0,1.0873015873015872,1.0,2.0,0.5,8.80277617119723,76.63433160067189,50.0,both,0.0,2125.0,0.11858823529411765,12.24,0.0,68.92525563496427,65.59485530546624,both,412430.0,0.05555555555555555,55.0,0.25229357798165136,0.4193162440016542,5.555555555555555,38.1912525777622,68.88225571152388,both,0.3056533518640405,P1,P1
Santo Antônio do Sudoeste,23673.0,P3,32.02680132379698,67.26710388824335,37.26272702574901,34.926424220431265,0.4186182071505723,0.0,0.36760828630575043,0.5214958080527579,0.0,0.5214958080527579,59.0,1.0,0,1,1,both,P2,20.095371623394037,6.955123039206443,0.48329956648619643,0.37675091152265566,0.1303956450212033,0.5999800245642584,0.0,0.5999800245642584,74.0,1.0,both,4124400,499.0,1609.0,0.310130515848353,2809.0,3219.0,0.8726312519415967,2.0,8.0,0.25,52.337836511726806,91.23762334140928,75.0,both,3.88,23673.0,0.1359776961094918,11.28,6.983441324694025,79.03227029018034,60.45016077170418,both,412440.0,0.051094890510948905,522.0,0.1636876763875823,0.47228252833656215,5.109489051094891,22.9511954698309,60.066400403300676,both,0.48329956648619643,P3,P2
Santo Inácio,6181.0,P2,32.63434282213392,37.21920958114345,57.161103390172045,6.056342038057355,0.2874244132571473,0.0,0.09649860264938152,0.12423465689601461,0.0,0.12423465689601461,272.0,0.0,0,0,0,both,P1,38.87404621210965,13.454529704853227,0.2874244132571473,0.09889857727140232,0.034229363169592034,0.2730714430239549,0.0,0.2730714430239549,374.0,0.0,both,4124509,184.0,455.0,0.4043956043956044,953.0,845.0,1.127810650887574,1.0,2.0,0.5,37.85078079814922,73.87863798004085,50.0,both,11.11,6181.0,0.13670927034460442,14.72,19.99640028797696,79.45747217505561,78.88531618435157,both,412450.0,0.035211267605633804,67.0,0.07622298065984073,0.707621002023935,3.5211267605633805,7.907423736370646,20.896011946985716,both,0.2874244132571473,P2,P1
Sapopema,6695.0,P2,32.63434282213392,50.495597406862316,35.54284638889258,58.50817178321568,0.5071007695380971,0.0,0.0953566073517557,0.1437120163203732,0.0,0.1437120163203732,252.0,0.0,0,1,1,both,P1,38.87404621210965,13.454529704853227,0.5071007695380971,0.09772817990724371,0.033824281948650115,0.44251534240100154,0.0,0.44251534240100154,223.0,0.0,both,4126207,118.0,412.0,0.28640776699029125,1000.0,835.0,1.1976047904191616,1.0,2.0,0.5,55.983648441492086,69.13078038870518,50.0,both,0.0,6695.0,0.12471994025392083,13.29,0.0,72.48909424664801,71.22186495176848,both,412620.0,0.03125,307.0,0.36766467065868264,0.3972922238331789,3.125,58.03487483508691,72.54799472925416,both,0.5071007695380971,P2,P1
Sarandi,118455.0,M1,30.046353078654292,76.67769621648213,51.851290485378264,26.11917781521762,0.5148900770975555,1.0,1.9296294543983428,1.9231765129432197,1.0,0.9231765129432197,10.0,2.0,1,1,2,both,M1,30.79362280995862,10.657848955470229,0.5148900770975555,1.9776204262187986,0.6844657390255582,1.6484862520784094,1.0,0.6484862520784094,52.0,2.0,both,4126256,1184.0,8567.0,0.13820473911520953,15652.0,16897.0,0.9263182813517192,14.0,27.0,0.5185185185185185,78.76011377808358,87.58547759032153,48.14814814814815,both,10.78,118455.0,0.14264488624372124,12.6,19.40244780417566,82.90734089249555,67.52411575562701,both,412625.0,0.026595744680851064,1025.0,0.058914817795148865,0.4515710673068477,2.6595744680851063,4.930450580567485,63.513673436563636,both,0.5148900770975555,M1,M1
Saudade do Iguaçu,6108.0,P2,32.63434282213392,53.757204706573205,81.4545356216423,25.52773284268935,0.4800488214403348,0.0,0.10928894998279068,0.16175298161848106,0.0,0.16175298161848106,229.0,0.0,0,1,1,both,P1,38.87404621210965,13.454529704853227,0.4800488214403348,0.11200702774997873,0.03876627284414151,0.4305552880669549,0.0,0.4305552880669549,242.0,0.0,both,4126272,125.0,445.0,0.2808988764044944,1061.0,957.0,1.1086729362591432,1.0,2.0,0.5,56.83027794204612,75.18051152256498,50.0,both,23.81,6108.0,0.15667976424361493,15.55,42.854571634269256,91.06462185336835,83.33333333333334,both,412627.0,0.0,223.0,0.24722838137472283,0.637059547970948,0.0,37.320047791582844,32.640456117085805,both,0.4800488214403348,P2,P1
Sengés,17270.0,P2,32.63434282213392,60.13823616114722,68.85371635358011,34.702230718247854,0.5170693002247405,0.0,0.28846801218028134,0.4376259653755613,0.0,0.4376259653755613,80.0,1.0,0,1,1,both,P1,38.87404621210965,13.454529704853227,0.5170693002247405,0.2956423741864642,0.10232351640992839,0.5766721049069617,0.0,0.5766721049069617,99.0,1.0,both,4126306,365.0,1215.0,0.3004115226337449,2811.0,2526.0,1.1128266033254157,2.0,7.0,0.2857142857142857,53.831492311024476,74.89795169956498,71.42857142857143,both,22.42,17270.0,0.14626519976838448,13.38,40.35277177825774,85.01152124855918,71.70418006430869,both,412630.0,0.026373626373626374,587.0,0.2333068362480127,0.5319762282362513,2.6373626373626373,34.92556684906393,50.13081538471316,both,0.5170693002247405,P2,P1
Serranópolis do Iguaçu,5007.0,P2,32.63434282213392,60.71437892485275,59.005717107345376,30.3912275017082,0.48243385992093457,0.0,0.06931911456588707,0.10276100257220945,0.0,0.10276100257220945,298.0,0.0,0,1,1,both,P1,38.87404621210965,13.454529704853227,0.48243385992093457,0.07104312000442746,0.024588430111174397,0.4065958991763291,0.0,0.4065958991763291,275.0,0.0,both,4126355,109.0,276.0,0.39492753623188404,659.0,607.0,1.085667215815486,0.0,1.0,0.0,39.30587337909993,76.7455123261515,100.0,both,21.74,5007.0,0.12123027761134411,13.38,39.128869690424764,70.46085013691113,71.70418006430869,both,412635.0,0.023255813953488372,59.0,0.10332749562171628,0.44584856878949586,2.3255813953488373,12.569351987991883,64.46614196562838,both,0.48243385992093457,P2,P1
Sertaneja,5616.0,P2,32.63434282213392,37.55791675312528,19.31870895873742,33.51555908113571,0.32293132125451884,0.0,0.07514329058377875,0.09940941269541066,0.0,0.09940941269541066,307.0,0.0,0,0,0,both,P1,38.87404621210965,13.454529704853227,0.32293132125451884,0.07701214656163637,0.026654344337978177,0.28765969439523087,0.0,0.28765969439523087,366.0,0.0,both,4126405,154.0,266.0,0.5789473684210527,699.0,658.0,1.0623100303951367,0.0,3.0,0.0,11.02493074792244,78.3344220950018,100.0,both,0.0,5616.0,0.11716524216524217,9.26,0.0,68.09819075005991,49.62486602357985,both,412640.0,0.030303030303030304,102.0,0.17288135593220338,0.4856754152227536,3.0303030303030303,24.532491961050436,57.83725115428966,both,0.32293132125451884,P2,P1
Sertanópolis,15930.0,P2,32.63434282213392,69.41748604334998,38.459376395682845,31.676526411630373,0.4812948026112871,0.0,0.21834950090605618,0.32343998084490955,0.0,0.32343998084490955,130.0,0.0,0,1,1,both,P1,38.87404621210965,13.454529704853227,0.4812948026112871,0.2237799760271257,0.07745152944409464,0.5019307778959012,0.0,0.5019307778959012,152.0,1.0,both,4126504,29.0,899.0,0.03225806451612903,2286.0,1912.0,1.1956066945606694,5.0,6.0,0.8333333333333334,95.04244482173175,69.26670404438211,16.666666666666664,both,12.27,15930.0,0.12002510985561833,10.55,22.084233261339094,69.76038861608322,56.53804930332262,both,412650.0,0.014925373134328358,327.0,0.17542918454935622,0.5004257896890794,1.4925373134328357,24.970713940942012,55.38215790638487,both,0.48129480261128715,P2,P1
Siqueira Campos,22811.0,P3,32.02680132379698,54.821996237142436,38.67334308500459,34.92547577981825,0.3965435333232035,0.0,0.33369102596626365,0.46601404444117067,0.0,0.46601404444117067,72.0,1.0,0,0,0,both,P2,20.095371623394037,6.955123039206443,0.4363365742378519,0.34199010980714495,0.11836473275922832,0.5388292059337154,0.0,0.5388292059337154,124.0,1.0,both,4126603,557.0,1450.0,0.38413793103448274,3302.0,2922.0,1.1300479123887748,1.0,7.0,0.14285714285714285,40.96406533575318,73.72644470029604,85.71428571428572,both,6.43,22811.0,0.12809609398974178,11.7,11.573074154067674,74.45136528244899,62.70096463022507,both,412660.0,0.08641975308641975,521.0,0.17607299763433593,0.5063156828644224,8.641975308641975,25.081448643771115,54.40182774604371,both,0.4363365742378519,P3,P2
Sulina,3440.0,P1,5.296345791329013,70.38337197906223,32.389452926875556,35.41900264044809,0.48798840433179236,1.0,0.04739280485147139,-0.929480055932251,-1.0,0.07051994406774897,356.0,-1.0,1,0,1,both,P1,38.87404621210965,13.454529704853227,0.48798840433179236,0.04857149061258221,0.01681087066908958,0.3966679099538197,0.0,0.3966679099538197,289.0,0.0,both,4126652,0.0,209.0,0.0,441.0,415.0,1.0626506024096385,1.0,1.0,1.0,100.0,78.31125414085406,0.0,both,0.0,3440.0,0.12063953488372094,12.79,0.0,70.11750163008043,68.54233654876741,both,412665.0,0.0,75.0,0.1820388349514563,0.4548277634943956,0.0,26.107562026444807,62.97161988810767,both,0.48798840433179236,P1,P1
São Carlos do Ivaí,6587.0,P2,32.63434282213392,46.01893796607769,30.935228989568923,41.116231155668785,0.4104111344661237,0.0,0.098554194185108,0.13900193282701281,0.0,0.13900193282701281,255.0,0.0,0,0,0,both,P1,38.87404621210965,13.454529704853227,0.4104111344661237,0.10100529252688781,0.034958509367287484,0.3696419801800411,0.0,0.3696419801800411,312.0,0.0,both,4124608,217.0,419.0,0.5178997613365155,900.0,863.0,1.0428736964078795,0.0,2.0,0.0,20.406984047230257,79.65660969540012,100.0,both,0.0,6587.0,0.13101563686048276,11.23,0.0,76.14824725563946,60.18220793140407,both,412460.0,0.0,281.0,0.3200455580865604,0.5312794331522827,0.0,49.84447236784618,50.24679189159643,both,0.4104111344661237,P2,P1
São Jerônimo da Serra,10830.0,P2,32.63434282213392,78.9868633655273,36.0288436545667,56.82463627881137,0.6153036858864881,0.0,0.17369748476888675,0.2805741873763949,0.0,0.2805741873763949,147.0,0.0,0,1,1,both,P1,38.87404621210965,13.454529704853227,0.6153036858864881,0.17801743908852416,0.06161285370526566,0.579575461071757,0.0,0.579575461071757,96.0,1.0,both,4124707,73.0,735.0,0.09931972789115646,1595.0,1521.0,1.0486522024983564,2.0,4.0,0.5,84.7361260293591,79.26351760783547,50.0,both,0.0,10830.0,0.1404432132963989,11.73,0.0,81.62769565329951,62.86173633440515,both,412470.0,0.09090909090909091,407.0,0.2742587601078167,0.35616300064565604,9.090909090909092,41.96922474402341,79.39365674073592,both,0.6153036858864881,P2,P1
São Jorge d'Oeste,9378.0,P2,32.63434282213392,43.39351844490017,37.89003056004712,29.432163408539026,0.367082788533851,0.0,0.13486964464960896,0.18437796989615698,0.0,0.18437796989615698,207.0,0.0,0,0,0,both,P1,38.87404621210965,13.454529704853227,0.367082788533851,0.13822392870713152,0.047840092193240466,0.358433049020081,0.0,0.358433049020081,322.0,0.0,both,4125209,234.0,559.0,0.4186046511627907,1291.0,1181.0,1.0931414055884843,1.0,3.0,0.3333333333333333,35.667074663402694,76.237068653216,66.66666666666667,both,0.0,9378.0,0.12593303476220943,13.86,0.0,73.19416291459632,74.27652733118971,both,412520.0,0.020202020202020204,170.0,0.14782608695652175,0.5011351906781483,2.0202020202020203,20.223030365666965,55.26408323768434,both,0.36708278853385107,P2,P1
São Jorge do Ivaí,5168.0,P2,32.63434282213392,52.0964604380986,13.747061182162144,36.94998324894496,0.38367989711249856,0.0,0.06623572726229737,0.09164904428346715,0.0,0.09164904428346715,317.0,0.0,0,0,0,both,P1,38.87404621210965,13.454529704853227,0.38367989711249856,0.06788304712119922,0.02349471081463122,0.32886305785943326,0.0,0.32886305785943326,344.0,0.0,both,4125308,111.0,243.0,0.4567901234567901,642.0,580.0,1.106896551724138,0.0,1.0,0.0,29.798570500324896,75.30135291206071,100.0,both,0.0,5168.0,0.11222910216718267,8.13,0.0,65.22923237174851,43.56913183279743,both,412530.0,0.10526315789473684,70.0,0.13513513513513514,0.4518222559310556,10.526315789473683,18.04020927776685,63.47186490508185,both,0.38367989711249856,P2,P1
São Jorge do Patrocínio,6504.0,P2,32.63434282213392,59.327406246981326,33.94249162496181,47.20853621440308,0.49402875309546124,0.0,0.08370825531597237,0.1250625403135187,0.0,0.1250625403135187,269.0,0.0,0,1,1,both,P1,38.87404621210965,13.454529704853227,0.49402875309546124,0.08579012679282591,0.02969245349504256,0.42483413398292463,0.0,0.42483413398292463,247.0,0.0,both,4125357,169.0,413.0,0.4092009685230024,784.0,733.0,1.0695770804911324,0.0,1.0,0.0,37.11227220593858,77.84006942876863,100.0,both,11.36,6504.0,0.11269987699876999,10.3,20.44636429085673,65.5028537434907,55.19828510182209,both,412535.0,0.03571428571428571,108.0,0.1348314606741573,0.29059139087233665,3.571428571428571,17.98797781186828,90.30757738568242,both,0.49402875309546124,P2,P1
São José da Boa Vista,6040.0,P2,32.63434282213392,81.32571129252291,61.96279624864839,55.15201238695012,0.6698364872151891,0.0,0.08553544779217367,0.1428302116736615,0.0,0.1428302116736615,253.0,0.0,0,1,1,both,P1,38.87404621210965,13.454529704853227,0.6698364872151891,0.08766276257547968,0.030340583448549625,0.5617284228774585,0.0,0.5617284228774585,113.0,1.0,both,4125407,93.0,391.0,0.23785166240409208,806.0,749.0,1.0761014686248331,0.0,1.0,0.0,63.44595504105533,77.39623752630078,100.0,both,30.77,6040.0,0.1240066225165563,10.93,55.38156947444204,72.07450331125828,58.574490889603425,both,412540.0,0.02040816326530612,241.0,0.3062261753494282,0.36626397246278036,2.0408163265306123,47.467563174199974,77.71242296852812,both,0.669836487215189,P2,P1
São José das Palmeiras,3957.0,P1,5.296345791329013,65.84770040522577,63.18701886432575,48.6154379284339,0.5842265910632901,0.0,0.06429433525633348,0.10185679556782148,0.0,0.10185679556782148,300.0,0.0,0,1,1,both,P1,38.87404621210965,13.454529704853227,0.5842265910632901,0.06589337160212959,0.02280607273902996,0.4813720057184671,0.0,0.4813720057184671,173.0,1.0,both,4125456,102.0,270.0,0.37777777777777777,554.0,563.0,0.9840142095914742,0.0,1.0,0.0,41.94152046783626,83.66062010628734,100.0,both,17.86,3957.0,0.14227950467525904,13.65,32.14542836573074,82.69497566125571,73.15112540192926,both,412545.0,0.0,146.0,0.26306306306306304,0.3853074310220242,0.0,40.04358481196989,74.54277689396304,both,0.5842265910632901,P1,P1
São José dos Pinhais,329628.0,M2,29.8345129509447,71.12046317048757,51.13117623587304,14.61557977626408,0.4452065242587527,0.0,5.369205091317539,7.759610228055419,7.0,0.7596102280554193,25.0,8.0,0,7,7,both,M2,30.576514098907197,10.582706388985502,0.4452065242587527,5.5027402473281075,1.9045298683805194,3.7504513211644053,3.0,0.7504513211644053,23.0,4.0,both,4125506,3447.0,21137.0,0.16307896106353786,52037.0,47016.0,1.106793432023141,37.0,82.0,0.45121951219512196,74.93733861549839,75.30836779409064,54.87804878048781,both,9.19,329628.0,0.14263351414321598,12.92,16.54067674586033,82.9007312576318,69.2390139335477,both,412550.0,0.06565449322938038,6404.0,0.1416845505431536,0.6941604083470263,6.565449322938038,19.166697051674312,23.136430502081577,both,0.44520652425875273,M2,M2
São João,11886.0,P2,32.63434282213392,52.15377923780069,37.32984351549725,25.39042380375087,0.3848364991972007,0.0,0.16547511862598085,0.22915598398224482,0.0,0.22915598398224482,177.0,0.0,0,0,0,both,P1,38.87404621210965,13.454529704853227,0.3848364991972007,0.1695905780665822,0.05869626891448386,0.39136338169040225,0.0,0.39136338169040225,296.0,0.0,both,4124806,277.0,790.0,0.35063291139240504,1586.0,1449.0,1.0945479641131814,1.0,3.0,0.3333333333333333,46.1132578281146,76.1413852675627,66.66666666666667,both,6.25,11886.0,0.12190812720848057,12.03,11.24910007199424,70.85482645883559,64.46945337620579,both,412480.0,0.02727272727272727,234.0,0.14952076677316295,0.5540709028086335,2.727272727272727,20.514512272860824,46.45331645198123,both,0.38483649919720075,P2,P1
São João do Caiuá,5586.0,P2,32.63434282213392,50.424840293089865,41.63912059946407,60.55334523251974,0.5271909833013666,0.0,0.08450765202431045,0.1290593241914964,0.0,0.1290593241914964,264.0,0.0,0,1,1,both,P1,38.87404621210965,13.454529704853227,0.5271909833013666,0.08660940494773693,0.0299760103497019,0.4509425208146215,0.0,0.4509425208146215,210.0,0.0,both,4124905,173.0,369.0,0.46883468834688347,822.0,740.0,1.1108108108108108,0.0,2.0,0.0,27.947511054057916,75.0350791984819,100.0,both,13.7,5586.0,0.13247404224847834,9.67,24.658027357811374,76.99589427507354,51.82207931404073,both,412490.0,0.010309278350515464,292.0,0.3914209115281501,0.38550964982545965,1.0309278350515463,62.12090591210369,74.50911903530682,both,0.5271909833013666,P2,P1
São João do Ivaí,10667.0,P2,32.63434282213392,36.2503899415243,44.43336551343698,47.74405997829355,0.42484453070614536,0.0,0.13852402960201157,0.19737520594980237,0.0,0.19737520594980237,198.0,0.0,0,0,0,both,P1,38.87404621210965,13.454529704853227,0.42484453070614536,0.14196920027243906,0.0491363521002546,0.4060566717390275,0.0,0.4060566717390275,276.0,0.0,both,4125001,298.0,573.0,0.5200698080279232,1310.0,1213.0,1.0799670239076669,1.0,5.0,0.2,20.07348213465601,77.13327696661048,80.0,both,17.54,10667.0,0.1137151964001125,11.25,31.56947444204463,66.09297256189717,60.28938906752411,both,412500.0,0.0,345.0,0.29336734693877553,0.42674242514966554,0.0,45.255867612235804,67.6462215189125,both,0.42484453070614536,P2,P1
São João do Triunfo,13726.0,P2,32.63434282213392,80.45695927963837,38.9669140980203,41.60043301990811,0.5661633973942266,0.0,0.21526611360246647,0.3371419078234904,0.0,0.3371419078234904,121.0,0.0,0,1,1,both,P1,38.87404621210965,13.454529704853227,0.5661633973942266,0.22061990314389746,0.07635781014755146,0.5682726099164915,0.0,0.5682726099164915,105.0,1.0,both,4125100,123.0,908.0,0.1354625550660793,2034.0,1885.0,1.0790450928381963,1.0,3.0,0.3333333333333333,79.18154416879203,77.19599279714082,66.66666666666667,both,4.93,13726.0,0.13733061343435815,11.29,8.873290136789056,79.8186060699321,60.5037513397642,both,412510.0,0.0390625,360.0,0.19845644983461963,0.42347802208545965,3.90625,28.931362517090452,68.18955782130048,both,0.5661633973942265,P2,P1
São Manoel do Paraná,2138.0,P1,5.296345791329013,33.01247559273299,27.024439702584598,32.948948883875694,0.3178945773116039,0.0,0.02832148338112025,0.03732472936939909,0.0,0.03732472936939909,391.0,0.0,0,0,0,both,P1,38.87404621210965,13.454529704853227,0.3178945773116039,0.02902585463113346,0.010046014279359555,0.255518697798274,0.0,0.255518697798274,381.0,0.0,both,4125555,68.0,108.0,0.6296296296296297,246.0,248.0,0.9919354838709677,0.0,1.0,0.0,3.2358674463937662,83.12176279715861,100.0,both,0.0,2138.0,0.11599625818521983,11.69,0.0,67.41875978073665,62.64737406216505,both,412555.0,0.0,35.0,0.15021459227467812,0.4506258063726267,0.0,20.633849022172093,63.67100528887776,both,0.3178945773116039,P1,P1
São Mateus do Sul,42366.0,P3,32.02680132379698,60.621363590151766,53.25795782481186,33.14046989761279,0.42660146221560397,0.0,0.6566472961348446,0.9367739928258921,0.0,0.9367739928258921,9.0,1.0,0,1,1,both,P3,12.727954295488436,4.4052177696212595,0.481563249600682,0.6729784843911991,0.23292170204160262,0.7851287612932052,0.0,0.7851287612932052,21.0,1.0,both,4125605,847.0,2728.0,0.31048387096774194,6342.0,5750.0,1.1029565217391304,4.0,16.0,0.25,52.283531409168084,75.56937973207677,75.0,both,15.25,42366.0,0.13572204125950055,12.27,27.447804175665947,78.88367986848915,65.7556270096463,both,412560.0,0.019867549668874173,1198.0,0.2147723198278953,0.5270507587170674,1.9867549668874174,31.737663068065803,50.95062419613796,both,0.481563249600682,P3,P3
São Miguel do Iguaçu,29122.0,P3,32.02680132379698,47.671895203474705,51.738260626099695,27.087186185824013,0.36134342877409287,0.0,0.45405733033602474,0.6181279629396549,0.0,0.6181279629396549,47.0,1.0,0,0,0,both,P2,20.095371623394037,6.955123039206443,0.40251284680939425,0.4653499919894622,0.16106029344650644,0.5858446906988929,0.0,0.5858446906988929,87.0,1.0,both,4125704,747.0,2022.0,0.3694362017804154,4636.0,3976.0,1.1659959758551308,3.0,9.0,0.3333333333333333,43.223488989536165,71.28102038289602,66.66666666666667,both,9.26,29122.0,0.1365290845408969,13.74,16.666666666666664,79.35274549157364,73.63344051446946,both,412570.0,0.034482758620689655,689.0,0.1676807009004624,0.5574644680841782,3.4482758620689653,23.63798856729807,45.88848203280534,both,0.40251284680939425,P3,P2
São Pedro do Iguaçu,5784.0,P2,32.63434282213392,40.29820433168873,55.75236894299426,53.3469596549481,0.48608539383253585,0.0,0.08199526236953364,0.1218519617708305,0.0,0.1218519617708305,276.0,0.0,0,1,1,both,P1,38.87404621210965,13.454529704853227,0.48608539383253585,0.08403453074658801,0.029084831663629684,0.41759829130214304,0.0,0.41759829130214304,260.0,0.0,both,4125753,172.0,380.0,0.45263157894736844,840.0,718.0,1.16991643454039,1.0,4.0,0.25,30.43767313019391,71.01432493174138,75.0,both,22.73,5784.0,0.12413554633471646,11.76,40.91072714182865,72.14943576220577,63.022508038585215,both,412575.0,0.0,269.0,0.356763925729443,0.4271890825392415,0.0,56.159966141062355,67.57187862383698,both,0.48608539383253585,P2,P1
São Pedro do Ivaí,8690.0,P2,32.63434282213392,39.591351996113595,80.8287573705864,44.96056893841309,0.4998651984792795,0.0,0.12379229026263855,0.18567174800497693,0.0,0.18567174800497693,206.0,0.0,0,1,1,both,P1,38.87404621210965,13.454529704853227,0.4998651984792795,0.12687107427479302,0.04391080435010387,0.455404379371648,0.0,0.455404379371648,207.0,0.0,both,4125803,233.0,484.0,0.48140495867768596,1154.0,1084.0,1.0645756457564575,1.0,4.0,0.25,26.015658982166162,78.18029999872715,75.0,both,49.02,8690.0,0.12474108170310702,10.36,88.22894168466523,72.50138197304884,55.5198285101822,both,412580.0,0.02097902097902098,303.0,0.301792828685259,0.4803778894519776,2.097902097902098,46.705035451715645,58.718986040419196,both,0.4998651984792795,P2,P1
São Pedro do Paraná,2661.0,P1,5.296345791329013,28.131359511326774,68.65838558022384,28.63668401098336,0.36438894524968823,0.0,0.037800044351414534,0.05157396264301791,0.0,0.05157396264301791,381.0,0.0,0,0,0,both,P1,38.87404621210965,13.454529704853227,0.36438894524968823,0.038740152753649906,0.013408188413177473,0.2965620092857403,0.0,0.2965620092857403,361.0,0.0,both,4125902,84.0,157.0,0.535031847133758,364.0,331.0,1.0996978851963746,1.0,3.0,0.3333333333333333,17.77405296681194,75.79105367706359,66.66666666666667,both,33.33,2661.0,0.12438932732055619,12.03,59.98920086393088,72.29693706603169,64.46945337620579,both,412590.0,0.08,38.0,0.11692307692307692,0.5143655927033692,8.0,14.907767733677701,53.06197841971242,both,0.36438894524968823,P1,P1
São Sebastião da Amoreira,8063.0,P2,32.63434282213392,50.00342199732851,30.77397885874736,62.30403531450466,0.5107777869648273,0.0,0.12082310248881142,0.18253685939227104,0.0,0.18253685939227104,209.0,0.0,0,1,1,both,P1,38.87404621210965,13.454529704853227,0.5107777869648273,0.12382804112798065,0.04285759317565488,0.4619956985902417,0.0,0.4619956985902417,198.0,0.0,both,4126009,106.0,472.0,0.2245762711864407,1192.0,1058.0,1.1266540642722118,3.0,4.0,0.75,65.48617305976806,73.95731662811416,25.0,both,0.0,8063.0,0.13121666873372195,11.16,0.0,76.26508998645018,59.80707395498393,both,412600.0,0.05555555555555555,349.0,0.3539553752535497,0.35364729502352965,5.555555555555555,55.67690046628132,79.81237776376477,both,0.5107777869648273,P2,P1
São Tomé,5232.0,P2,32.63434282213392,42.2673347292939,29.048327450236776,42.18144298524455,0.3958917657586274,0.0,0.0791402741254691,0.11047125699162288,0.0,0.11047125699162288,291.0,0.0,0,0,0,both,P1,38.87404621210965,13.454529704853227,0.3958917657586274,0.08110853733619149,0.028072128611274887,0.3462776056275057,0.0,0.3462776056275057,333.0,0.0,both,4126108,121.0,292.0,0.4143835616438356,798.0,693.0,1.1515151515151516,1.0,3.0,0.3333333333333333,36.31578947368422,72.26610154060916,66.66666666666667,both,0.0,5232.0,0.13245412844036697,10.51,0.0,76.98432007202264,56.32368703108253,both,412610.0,0.09090909090909091,132.0,0.20030349013657056,0.44978929832800024,9.090909090909092,29.249050156129915,63.81023600853637,both,0.39589176575862733,P2,P1
Tamarana,10707.0,P2,32.63434282213392,73.25577588687683,52.85343812223021,44.999611210777125,0.5787284246350763,0.0,0.18591683445348298,0.29351219116988747,0.0,0.29351219116988747,140.0,0.0,0,1,1,both,P1,38.87404621210965,13.454529704853227,0.5787284246350763,0.19054069088502126,0.06594722276934417,0.5587097367407625,0.0,0.5587097367407625,116.0,1.0,both,4126678,128.0,761.0,0.16819973718791065,1925.0,1628.0,1.1824324324324325,1.0,3.0,0.3333333333333333,74.15035617954216,70.16290422502173,66.66666666666667,both,0.0,10707.0,0.15205006070794808,15.5,0.0,88.37376892922703,83.06538049303323,both,412667.0,0.027522935779816515,382.0,0.24455825864276567,0.4247112090776381,2.7522935779816518,36.86079144197039,67.98430275711122,both,0.5787284246350763,P2,P1
Tamboara,4880.0,P1,5.296345791329013,51.38265628978714,28.588925690937344,40.53827965586553,0.4248615951644854,0.0,0.07023271080398773,0.10007189234889594,0.0,0.10007189234889594,305.0,0.0,0,0,0,both,P1,38.87404621210965,13.454529704853227,0.4248615951644854,0.07197943789575435,0.024912495087927932,0.36297075186410693,0.0,0.36297075186410693,317.0,0.0,both,4126702,101.0,317.0,0.3186119873817035,628.0,615.0,1.021138211382114,1.0,2.0,0.5,51.034368255022414,81.13520070996859,50.0,both,0.0,4880.0,0.1260245901639344,11.07,0.0,73.2473762831316,59.32475884244373,both,412670.0,0.02564102564102564,148.0,0.23987034035656402,0.47054517337407215,2.564102564102564,36.054477854345755,60.35557058317378,both,0.4248615951644854,P1,P1
Tapejara,15869.0,P2,32.63434282213392,46.61106011682124,46.90839598374672,27.83033232040313,0.39158236171639094,0.0,0.2499827706502913,0.3478716143699393,0.0,0.3478716143699393,116.0,0.0,0,0,0,both,P1,38.87404621210965,13.454529704853227,0.39158236171639094,0.2561999830143191,0.08867227926418576,0.4493218250941239,0.0,0.4493218250941239,212.0,0.0,both,4126801,381.0,986.0,0.38640973630831643,2251.0,2189.0,1.0283234353586113,2.0,5.0,0.4,40.61492473577453,80.64641439594261,60.0,both,11.83,15869.0,0.13794189930052303,11.28,21.292296616270697,80.17389455607035,60.45016077170418,both,412680.0,0.029585798816568046,339.0,0.16353111432706222,0.5416041652059788,2.9585798816568047,22.924267074539664,48.52831484483915,both,0.39158236171639094,P2,P1
Tapira,5745.0,P2,32.63434282213392,66.52010950094994,27.243751262712134,43.97851221557363,0.49648198939151855,0.0,0.07879767553618136,0.11791930224581208,0.0,0.11791930224581208,280.0,0.0,0,1,1,both,P1,38.87404621210965,13.454529704853227,0.49648198939151855,0.08075741812694391,0.027950604244992315,0.42353745066156606,0.0,0.42353745066156606,250.0,0.0,both,4126900,119.0,327.0,0.363914373088685,706.0,690.0,1.0231884057971015,0.0,2.0,0.0,44.072106872686305,80.9957329669426,100.0,both,0.0,5745.0,0.12010443864229765,11.31,0.0,69.8064956931261,60.61093247588425,both,412690.0,0.0,165.0,0.24052478134110788,0.4158650546630007,0.0,36.16704053695252,69.45668123962912,both,0.49648198939151855,P2,P1
Teixeira Soares,9547.0,P2,32.63434282213392,74.27040219017468,52.89702273308414,54.96363958041891,0.6227302125485427,0.0,0.14834518916159362,0.24072422033874655,0.0,0.24072422033874655,171.0,0.0,0,1,1,both,P1,38.87404621210965,13.454529704853227,0.6227302125485427,0.1520346176042031,0.052620050600355094,0.5681904891965746,0.0,0.5681904891965746,106.0,1.0,both,4127007,126.0,639.0,0.19718309859154928,1479.0,1299.0,1.138568129330254,1.0,4.0,0.25,69.69607116382507,73.14684336188968,75.0,both,8.0,9547.0,0.13606368492720225,14.56,14.398848092152628,79.08224827684775,78.02786709539122,both,412700.0,0.03125,485.0,0.3727901614142967,0.4437511055781449,3.125,58.91645010734803,64.8152495614845,both,0.6227302125485427,P2,P1
Telêmaco Borba,75042.0,P4,10.392043008865171,65.83535090211127,56.385124568570646,15.78442495615031,0.4392493525701876,0.0,1.2583646184538875,1.8111004624069886,1.0,0.8111004624069886,22.0,2.0,0,2,2,both,P4,10.65049897410691,3.686198602449356,0.4392493525701876,1.2896608555663693,0.44635899735589896,1.1282421502968176,1.0,0.12824215029681763,395.0,1.0,both,4127106,1176.0,5110.0,0.23013698630136986,12367.0,11019.0,1.122334150104365,9.0,25.0,0.36,64.63157894736842,74.2511856751915,64.0,both,9.62,75042.0,0.14683777084832494,13.89,17.314614830813532,85.34430812203111,74.43729903536978,both,412710.0,0.029411764705882353,984.0,0.09184244913197685,0.6073061261535053,2.941176470588235,10.593944467251855,37.592698188826404,both,0.4392493525701876,P4,P4
Terra Boa,17568.0,P2,32.63434282213392,45.16748869052377,46.127181633581124,27.60074520067468,0.38332729883195604,0.0,0.2564921438467585,0.35481258451915393,0.0,0.35481258451915393,109.0,1.0,0,0,0,both,P1,38.87404621210965,13.454529704853227,0.38332729883195604,0.2628712479900232,0.09098124222355469,0.44664064914728907,0.0,0.44664064914728907,216.0,0.0,both,4127205,480.0,1098.0,0.4371584699453552,2403.0,2246.0,1.0699020480854853,1.0,4.0,0.25,32.81564567155595,77.8179629901745,75.0,both,12.4,17568.0,0.12784608378870674,11.95,22.31821454283657,74.30605561513713,64.04072883172562,both,412720.0,0.027586206896551724,269.0,0.11860670194003527,0.4966450927976147,2.7586206896551726,15.19734823503456,56.01142758572756,both,0.38332729883195604,P2,P1
Terra Rica,14842.0,P2,32.63434282213392,45.18658035762985,37.9570317798534,44.42265779493164,0.43435101616995275,0.0,0.230683050120415,0.33088046735340143,0.0,0.33088046735340143,123.0,0.0,0,0,0,both,P1,38.87404621210965,13.454529704853227,0.43435101616995275,0.23642026756003867,0.08182640663026734,0.47191047985464346,0.0,0.47191047985464346,183.0,1.0,both,4127304,342.0,875.0,0.39085714285714285,2335.0,2020.0,1.1559405940594059,2.0,6.0,0.3333333333333333,39.931428571428576,71.96505375751774,66.66666666666667,both,5.56,14842.0,0.1361002560301846,10.91,10.007199424046075,79.1035039487587,58.467309753483384,both,412730.0,0.039735099337748346,432.0,0.23163538873994638,0.425394265756175,3.9735099337748347,34.638080857526475,67.87061290854226,both,0.43435101616995275,P2,P1
Terra Roxa,18119.0,P2,32.63434282213392,55.75229260342973,40.57103372958764,33.61298090598346,0.43860316149682804,0.0,0.27464986907900896,0.3951121699617522,0.0,0.3951121699617522,89.0,1.0,0,0,0,both,P1,38.87404621210965,13.454529704853227,0.43860316149682804,0.28148056608014504,0.09742203363653117,0.5032536044157228,0.0,0.5032536044157228,151.0,1.0,both,4127403,445.0,1254.0,0.3548644338118022,2579.0,2405.0,1.0723492723492722,1.0,4.0,0.25,45.46293964576514,77.6514866588306,75.0,both,4.15,18119.0,0.13273359456923672,12.53,7.469402447804176,77.14674996505451,67.14898177920685,both,412740.0,0.07920792079207921,323.0,0.1327579120427456,0.47246380617134076,7.920792079207921,17.631331143979708,60.03622801756391,both,0.43860316149682804,P2,P1
Tibagi,19961.0,P2,32.63434282213392,68.45318346743018,55.537791978160264,47.70752574435153,0.5757184208034473,0.0,0.3447683803532341,0.5432578878331603,0.0,0.5432578878331603,57.0,1.0,0,1,1,both,P1,38.87404621210965,13.454529704853227,0.5757184208034473,0.3533429642394836,0.12229402060236493,0.6627015854577212,0.0,0.6627015854577212,47.0,1.0,both,4127502,316.0,1432.0,0.2206703910614525,3360.0,3019.0,1.1129513083802585,2.0,6.0,0.3333333333333333,66.0864451631873,74.8894684394333,66.66666666666667,both,10.45,19961.0,0.15124492760883723,12.88,18.80849532037437,87.90581353265036,69.02465166130762,both,412750.0,0.04291845493562232,1171.0,0.3973532405836444,0.5604090883616926,4.291845493562231,63.14125593351609,45.398371264602595,both,0.5757184208034473,P2,P1
Tijucas do Sul,17621.0,P2,32.63434282213392,80.1184116628227,74.7460261820529,53.12342327813818,0.6824593921279493,1.0,0.28732601688265547,-0.5165856442930625,-1.0,0.48341435570693747,68.0,0.0,1,0,1,both,P1,38.87404621210965,13.454529704853227,0.6824593921279493,0.2944719768223056,0.10191843518898645,0.7121426562684947,0.0,0.7121426562684947,33.0,1.0,both,4127601,286.0,1200.0,0.23833333333333334,2808.0,2516.0,1.1160572337042924,0.0,3.0,0.0,63.3719298245614,74.678182918517,100.0,both,33.82,17621.0,0.14278417796946824,11.69,60.87113030957523,82.98829932636664,62.64737406216505,both,412760.0,0.029045643153526972,818.0,0.3278557114228457,0.41736271964028726,2.904564315352697,51.18780481777699,69.20740572586139,both,0.6824593921279493,P2,P1
Toledo,150470.0,M1,30.046353078654292,51.770830245353416,46.31907377381249,7.307330882285296,0.32895079205817984,0.0,2.233742802156098,2.968534266179604,2.0,0.9685342661796041,6.0,3.0,0,2,2,both,M1,30.79362280995862,10.657848955470229,0.32895079205817984,2.289297244294236,0.7923388681623907,1.6015580916807863,1.0,0.6015580916807863,72.0,2.0,both,4127700,3483.0,9412.0,0.37005949851253717,21824.0,19560.0,1.1157464212678936,11.0,41.0,0.2682926829268293,43.1276981233364,74.69932642992845,73.17073170731707,both,7.59,150470.0,0.1299926895726723,13.39,13.660907127429805,75.55369499555599,71.7577706323687,both,412770.0,0.03589021815622801,1500.0,0.07644480684945469,0.6937305362017863,3.589021815622801,7.9455774455134,23.20797961452279,both,0.32895079205817984,M1,M1
Tomazina,8426.0,P2,32.63434282213392,55.23987855979875,48.391284726509426,48.78498147412319,0.5128820095887066,0.0,0.11545572458997007,0.17467088863619415,0.0,0.17467088863619415,220.0,0.0,0,1,1,both,P1,38.87404621210965,13.454529704853227,0.5128820095887066,0.1183271735164352,0.04095371143722787,0.4601305537840748,0.0,0.4601305537840748,202.0,0.0,both,4127809,128.0,469.0,0.27292110874200426,1105.0,1011.0,1.0929772502472799,2.0,4.0,0.5,58.0563348670183,76.24823558195996,50.0,both,25.32,8426.0,0.1199857583669594,9.14,45.57235421166306,69.73751694244118,48.98177920685959,both,412780.0,0.041666666666666664,256.0,0.2549800796812749,0.4000193938818887,4.166666666666666,38.65332608061292,72.09407698040236,both,0.5128820095887067,P2,P1
Três Barras do Paraná,11135.0,P2,32.63434282213392,54.968121452854604,56.64157136094554,52.010339167790946,0.5411969852044733,0.0,0.17392588382841193,0.2680540478053719,0.0,0.2680540478053719,153.0,0.0,0,1,1,both,P1,38.87404621210965,13.454529704853227,0.5411969852044733,0.1782515185613559,0.06169386994945405,0.5208483171191658,0.0,0.5208483171191658,134.0,1.0,both,4127858,238.0,735.0,0.3238095238095238,1702.0,1523.0,1.1175311884438608,1.0,3.0,0.3333333333333333,50.235588972431074,74.5779147979196,66.66666666666667,both,14.08,11135.0,0.1367759317467445,13.56,25.341972642188626,79.49621677878542,72.66881028938907,both,412785.0,0.028985507246376812,521.0,0.3448047650562541,0.4477674999331078,2.898550724637681,54.1030118260179,64.14674974242544,both,0.5411969852044733,P2,P1
Tunas do Paraná,6219.0,P2,32.63434282213392,71.93538969953067,73.26516285745839,59.71215516146414,0.6731205051588961,0.0,0.1221934968459624,0.20444444517004856,0.0,0.20444444517004856,195.0,0.0,0,1,1,both,P1,38.87404621210965,13.454529704853227,0.6731205051588961,0.12523251796497098,0.043343690640785186,0.5897304202797291,0.0,0.5897304202797291,84.0,1.0,both,4127882,110.0,533.0,0.20637898686679174,1261.0,1070.0,1.1785046728971962,1.0,4.0,0.25,68.28280833415621,70.43009632813337,75.0,both,8.55,6219.0,0.1720533847885512,16.56,15.388768898488122,100.0,88.74598070739549,both,412788.0,0.0625,486.0,0.45041705282669137,0.48760015070143353,6.25,72.26813703736697,57.51689284145512,both,0.6731205051588961,P2,P1
Tuneiras do Oeste,8067.0,P2,32.63434282213392,54.85728670719484,42.394289914954605,46.426707559476114,0.48992455689659303,0.0,0.11979530672094818,0.17848596928450017,0.0,0.17848596928450017,216.0,0.0,0,1,1,both,P1,38.87404621210965,13.454529704853227,0.48992455689659303,0.1227746835002379,0.04249302007680716,0.44504443670810295,0.0,0.44504443670810295,218.0,0.0,both,4127908,180.0,499.0,0.36072144288577157,1207.0,1049.0,1.1506196377502382,1.0,5.0,0.2,44.56280983018669,72.32702029188863,80.0,both,11.11,8067.0,0.13003594892773027,11.03,19.99640028797696,75.57883797958455,59.11039657020364,both,412790.0,0.0,195.0,0.19005847953216373,0.3352836547004035,0.0,27.48692659693606,82.86887300510148,both,0.489924556896593,P2,P1
Tupãssi,8077.0,P2,32.63434282213392,49.06456381241202,22.598192255482303,27.5850024816722,0.35179464968730145,0.0,0.10985994763160357,0.14850808942332883,0.0,0.14850808942332883,250.0,0.0,0,0,0,both,P1,38.87404621210965,13.454529704853227,0.35179464968730145,0.11259222643205802,0.03896881345461247,0.3311229896782447,0.0,0.3311229896782447,343.0,0.0,both,4127957,194.0,455.0,0.42637362637362636,1016.0,962.0,1.0561330561330562,1.0,5.0,0.2,34.4731058415269,78.75462061508573,80.0,both,0.0,8077.0,0.11910362758449919,10.03,0.0,69.22480934093463,53.751339764201504,both,412795.0,0.0,118.0,0.12756756756756757,0.4895138794953087,0.0,16.738601147574556,57.198366511775134,both,0.35179464968730145,P2,P1
Turvo,14231.0,P2,32.63434282213392,58.11632618752189,47.30832486815581,39.44649825245504,0.48486794749621936,0.0,0.23650722613830666,0.3511819994440116,0.0,0.3511819994440116,113.0,0.0,0,1,1,both,P1,38.87404621210965,13.454529704853227,0.48486794749621936,0.24238929411724755,0.08389232085707113,0.5165492246777016,0.0,0.5165492246777016,139.0,1.0,both,4127965,286.0,999.0,0.2862862862862863,2438.0,2071.0,1.1772090777402222,1.0,3.0,0.3333333333333333,56.002318107581274,70.51823125382512,66.66666666666667,both,0.0,14231.0,0.14552736982643524,14.55,0.0,84.58268345332718,77.97427652733118,both,412796.0,0.03111111111111111,474.0,0.2334975369458128,0.47992488139153033,3.111111111111111,34.9583670291051,58.79438595877311,both,0.48486794749621936,P2,P1
Ubiratã,24749.0,P3,32.02680132379698,47.64705179785362,35.95218452302124,24.776776551922687,0.31585913195328585,0.0,0.3626977065259594,0.4772590892706965,0.0,0.4772590892706965,69.0,1.0,0,0,0,both,P2,20.095371623394037,6.955123039206443,0.3615996824451477,0.37171820285677365,0.12865379577115305,0.4942229554044415,0.0,0.4942229554044415,164.0,1.0,both,4128005,611.0,1545.0,0.39546925566343044,3488.0,3176.0,1.0982367758186398,3.0,10.0,0.3,39.22261965593596,75.89044797144714,70.0,both,3.04,24749.0,0.1283284173097903,12.0,5.471562275017998,74.58639507005476,64.30868167202573,both,412800.0,0.038461538461538464,626.0,0.20012787723785166,0.6202156961343681,3.8461538461538463,29.218845050632247,35.443993546396705,both,0.3615996824451477,P3,P2
Umuarama,117095.0,M1,30.046353078654292,62.28970410440241,51.318557185078674,26.28678566437764,0.45694307344527757,1.0,1.6885542470695327,1.4601274144045613,1.0,0.4601274144045613,75.0,2.0,1,1,2,both,M1,30.79362280995862,10.657848955470229,0.45694307344527757,1.7305495426449167,0.5989530932847194,1.4222501674000987,1.0,0.4222501674000987,252.0,1.0,both,4128104,1884.0,7514.0,0.25073196699494277,16649.0,14786.0,1.1259975652644394,14.0,37.0,0.3783783783783784,61.466455598671956,74.00197601955699,62.16216216216216,both,14.61,117095.0,0.12627353857978565,12.93,26.295896328293733,73.39206882501747,69.29260450160771,both,412810.0,0.019498607242339833,2318.0,0.15339818675137318,0.5429976299363696,1.9498607242339834,21.181421596464084,48.29638270924584,both,0.4569430734452776,M1,M1
Uniflor,2136.0,P1,5.296345791329013,43.035022813229716,19.554546447220623,40.42873803841906,0.3729641363010363,0.0,0.030605473976371887,0.042020218144053274,0.0,0.042020218144053274,389.0,0.0,0,0,0,both,P1,38.87404621210965,13.454529704853227,0.3729641363010363,0.03136664935945068,0.010856176721243392,0.2986315559283237,0.0,0.2986315559283237,359.0,0.0,both,4128302,65.0,116.0,0.5603448275862069,256.0,268.0,0.9552238805970149,0.0,1.0,0.0,13.88384754990927,85.61912812702926,100.0,both,0.0,2136.0,0.1254681647940075,8.43,0.0,72.92397353775073,45.17684887459807,both,412830.0,0.0,50.0,0.205761316872428,0.4211644623163714,0.0,30.18778662450562,68.57463312773965,both,0.3729641363010363,P1,P1
União da Vitória,55033.0,P3,32.02680132379698,55.99583863793677,46.19075461930426,32.95685021153509,0.4021142877836926,0.0,0.8230360109989262,1.1539905503820906,1.0,0.15399055038209064,240.0,1.0,0,0,0,both,P3,12.727954295488436,4.4052177696212595,0.4481922646364959,0.843505380349108,0.29194203593283996,0.8604902171772129,0.0,0.8604902171772129,12.0,1.0,both,4128203,1085.0,3552.0,0.3054617117117117,8072.0,7207.0,1.1200222006382683,8.0,22.0,0.36363636363636365,53.05535798956852,74.40845972279865,63.63636363636363,both,6.39,55033.0,0.13095778896298585,13.65,11.50107991360691,76.11462519259898,73.15112540192926,both,412820.0,0.027777777777777776,1442.0,0.2006400445248365,0.519331662575669,2.7777777777777777,29.306936910903836,52.2354119728781,both,0.4481922646364959,P3,P3
Uraí,10406.0,P2,32.63434282213392,59.17976268128601,16.390390717389636,50.75557376306574,0.4725221272121863,0.0,0.13840983007224902,0.20381153740506536,0.0,0.20381153740506536,196.0,0.0,0,1,1,both,P1,38.87404621210965,13.454529704853227,0.4725221272121863,0.1418521605360232,0.04909584397816041,0.4434335896882974,0.0,0.4434335896882974,220.0,0.0,both,4128401,142.0,493.0,0.2880324543610548,1298.0,1212.0,1.0709570957095709,3.0,8.0,0.375,55.73395964556421,77.74619169383278,62.5,both,0.0,10406.0,0.11647126657697482,8.46,0.0,67.69484176095388,45.337620578778136,both,412840.0,0.0,339.0,0.30846223839854414,0.40736872346510067,0.0,47.85216203220361,70.87083417544426,both,0.4725221272121863,P2,P1
Ventania,9681.0,P2,32.63434282213392,65.53143987021653,70.93343618100714,37.767109496647144,0.555061069829469,0.0,0.15553975953663626,0.24187382486605996,0.0,0.24187382486605996,169.0,0.0,0,1,1,both,P1,38.87404621210965,13.454529704853227,0.555061069829469,0.15940812099840232,0.05517206229228918,0.5196471898861389,0.0,0.5196471898861389,136.0,1.0,both,4128534,174.0,674.0,0.258160237388724,1424.0,1362.0,1.0455212922173274,1.0,3.0,0.3333333333333333,60.324847727627684,79.4765027702766,66.66666666666667,both,25.0,9681.0,0.14068794546017974,13.74,44.99640028797696,81.76993764643531,73.63344051446946,both,412853.0,0.0,302.0,0.22140762463343108,0.46824224344545823,0.0,32.87892366522298,60.73887662947419,both,0.555061069829469,P2,P1
Vera Cruz do Oeste,8215.0,P2,32.63434282213392,72.82682383874251,29.59306738011527,42.331178097355256,0.5198181425046217,0.0,0.11762551565545913,0.17876939271462822,0.0,0.17876939271462822,215.0,0.0,0,1,1,both,P1,38.87404621210965,13.454529704853227,0.5198181425046217,0.12055092850833656,0.04172336575701751,0.4669600032569163,0.0,0.4669600032569163,190.0,1.0,both,4128559,151.0,496.0,0.30443548387096775,1104.0,1030.0,1.0718446601941747,0.0,1.0,0.0,53.21307300509338,77.68581370501728,100.0,both,0.0,8215.0,0.12538040170419965,11.44,0.0,72.87296431760912,61.30760986066453,both,412855.0,0.03125,174.0,0.17075564278704614,0.381672753036828,3.125,24.16687308979632,75.14774278144849,both,0.5198181425046217,P2,P1
Verê,7932.0,P2,32.63434282213392,51.48780235474821,46.06400313687539,30.273730199676706,0.41917413649145047,0.0,0.1116871401078049,0.15850350061969365,0.0,0.15850350061969365,235.0,0.0,0,0,0,both,P1,38.87404621210965,13.454529704853227,0.41917413649145047,0.1144648622147118,0.03961694340811954,0.38470470292272163,0.0,0.38470470292272163,301.0,0.0,both,4128609,157.0,442.0,0.3552036199095023,1073.0,978.0,1.0971370143149284,1.0,3.0,0.3333333333333333,45.410812098118605,75.96526100072293,66.66666666666667,both,11.49,7932.0,0.12329803328290469,12.73,20.680345572354213,71.66266065293311,68.22079314040728,both,412860.0,0.012987012987012988,139.0,0.1464699683877766,0.4856259457221121,1.2987012987012987,19.989780389525585,57.845484995218875,both,0.41917413649145047,P2,P1
Virmond,3811.0,P1,5.296345791329013,64.5074932806038,64.44507274108983,40.16318937092154,0.547572876088281,0.0,0.059497955006305045,0.09207742135047864,0.0,0.09207742135047864,316.0,0.0,0,1,1,both,P1,38.87404621210965,13.454529704853227,0.547572876088281,0.06097770267266344,0.02110473161107391,0.45010006545011366,0.0,0.45010006545011366,211.0,0.0,both,4128658,84.0,237.0,0.35443037974683544,592.0,521.0,1.1362763915547025,0.0,1.0,0.0,45.529646902065295,73.30274247703069,100.0,both,19.23,3811.0,0.13670952505903963,14.17,34.61123110151188,79.45762021889416,75.93783494105037,both,412865.0,0.0,115.0,0.2263779527559055,0.4455530212565574,0.0,33.733811241207384,64.5153337169435,both,0.547572876088281,P1,P1
Vitorino,9706.0,P2,32.63434282213392,77.3327400481407,46.74780388821536,29.39205625401665,0.5203947929850601,1.0,0.17563887677485063,-0.7329595663057725,-1.0,0.2670404336942275,154.0,-1.0,1,0,1,both,P1,38.87404621210965,13.454529704853227,0.5203947929850601,0.1800071146075938,0.06230149178086692,0.505442683511858,0.0,0.505442683511858,150.0,1.0,both,4128708,173.0,740.0,0.23378378378378378,1144.0,1538.0,0.7438231469440832,1.0,3.0,0.3333333333333333,64.07112375533428,100.0,66.66666666666667,both,0.0,9706.0,0.1584586853492685,12.98,0.0,92.09855740066362,69.56055734190782,both,412870.0,0.06779661016949153,288.0,0.16851960210649503,0.5515803315209715,6.779661016949152,23.782278079145954,46.86785404665204,both,0.5203947929850601,P2,P1
Wenceslau Braz,19188.0,P2,32.63434282213392,51.7951507312518,49.09162701618133,42.32309875216993,0.4746562519660496,1.0,0.2949773853767485,-0.565009754465579,-1.0,0.434990245534421,81.0,0.0,1,0,1,both,P1,38.87404621210965,13.454529704853227,0.4746562519660496,0.3023136391621683,0.10463247936929732,0.5459187230127852,0.0,0.5459187230127852,119.0,1.0,both,4128500,333.0,1312.0,0.2538109756097561,2977.0,2583.0,1.1525358110723964,3.0,5.0,0.6,60.993260590500654,72.19666954732782,40.0,both,6.54,19188.0,0.1346153846153846,14.07,11.771058315334773,78.24047447879224,75.40192926045016,both,412850.0,0.08609271523178808,648.0,0.24573378839590443,0.4921971985349231,8.609271523178808,37.062980463780484,56.75174744653234,both,0.4746562519660496,P2,P1
Xambrê,5798.0,P2,32.63434282213392,54.27488628091588,30.947094936757708,51.19787224784731,0.48378522398856816,0.0,0.08268045954810914,0.12268004419006888,0.0,0.12268004419006888,275.0,0.0,0,1,1,both,P1,38.87404621210965,13.454529704853227,0.48378522398856816,0.08473676916508317,0.029327880396194835,0.4162676197924924,0.0,0.4162676197924924,263.0,0.0,both,4128807,157.0,360.0,0.4361111111111111,814.0,724.0,1.1243093922651934,0.0,3.0,0.0,32.97660818713451,74.11681667872624,100.0,both,0.0,5798.0,0.12487064505001724,11.9,0.0,72.5766861276689,63.77277599142551,both,412880.0,0.0,179.0,0.2448700410396717,0.336517607650211,0.0,36.91441745839381,82.66349045279946,both,0.4837852239885682,P2,P1
Ângulo,3235.0,P1,5.296345791329013,31.489737123036964,40.78961415409558,43.87792847752861,0.3830498907104535,0.0,0.050361992625298516,0.06965314839637979,0.0,0.06965314839637979,358.0,0.0,0,0,0,both,P1,38.87404621210965,13.454529704853227,0.3830498907104535,0.051614523759394584,0.017864081843538566,0.3185318447766197,0.0,0.3185318447766197,351.0,0.0,both,4101150,129.0,212.0,0.6084905660377359,503.0,441.0,1.1405895691609977,0.0,1.0,0.0,6.484607745779545,73.00933169529078,100.0,both,0.0,3235.0,0.13632148377125194,13.6,0.0,79.23208481994541,72.88317256162915,both,410115.0,0.07142857142857142,100.0,0.22522522522522523,0.44413769968450606,7.142857142857142,33.53554416100843,64.75090376589986,both,0.3830498907104535,P1,P1
