cod7,NM_MUN,AREA_KM2,mun,nome_ibge,mesorregiao,microrregiao,regiao_intermediaria,regiao_imediata,pop,pop04,pop514,porte_ic,porte_dc,mat_creche,prop_creche,mat_pre_fund,prop_pre_fund,oferta_priv,oferta_tot,prop_priv,creche_norm,mat_norm,priv_norm,fe,mort_inf,prop04,natalidade,mi_norm,prop04_norm,nat_norm,fd,desnut_prop,cadunico,cad_prop,ipdm_r,desnut_norm,cad_norm,ipdm_norm,fs,pcm_padrao,pcm_p3,pcm_dc,aprox_ic,floor_ic,frac_ic,rank_ic,tec_ic,prop,aprox,total_dc,cons_prev43,cons_pcm257,cons_total300,dif_cons_tec,contemplado_tec,contemplado_cons,tipologia,rank_pop,rank_pop04,rank_pcm,rank_fs,creches_por_10mil_04_cons,creches_por_10mil_04_tec,pub_res219,dif_pub_cons,rank_pub,tipologia3,contemplado_pub,creches_por_10mil_04_pub,cpc
4100103,Abatiá,228.717,Abatiá,Abatiá,Norte Pioneiro Paranaense,Cornélio Procópio,Londrina,Santo Antônio da Platina,7241.0,470.0,914.0,P1,P2,151.0,0.3212765957446808,990.0,1.0831509846827134,1.0,2.0,0.5,50.62486002239641,76.91668295975295,50.0,49.26067781851006,0.0,0.1262256594393039,11.19,0.0,73.36424075261976,59.967845659163984,29.06336006067369,0.0454545454545454,280.0,0.2966101694915254,0.4100767213097727,4.545454545454546,45.81362731001765,70.42010750142165,51.81936913580208,0.4624469079385959,0.4675642905731799,0.4624469079385959,0.4137145641928588,0.0,0.4137145641928588,265.0,0,0.1043783702029996,0.1526478247590469,0.0,0,0,0,0,0,0,Não contemplado,235,230,222,99,0.0,0.0,0,0,262.0,Não contemplado,0,0.0,0.0
4100202,Adrianópolis,1349.311,Adrianópolis,Adrianópolis,Metropolitana de Curitiba,Cerro Azul,Curitiba,Curitiba,6256.0,397.0,913.0,P1,P2,59.0,0.1486146095717884,904.0,0.9901423877327492,1.0,2.0,0.5,77.16028105528304,83.24374102010073,50.0,74.28106674603107,0.0,0.1459398976982097,11.19,0.0,84.82245082104359,59.967845659163984,36.216672083134576,0.024390243902439,241.0,0.2917675544794189,0.5334540371624676,2.4390243902439024,44.98070616133008,49.88484476717189,39.67450531320315,0.528255632403206,0.4590425095375502,0.528255632403206,0.4647559706629964,0.0,0.4647559706629964,193.0,0,0.104264170673237,0.1593423060892237,0.0,0,1,1,1,0,1,Somente consolidada,259,257,120,228,25.188916876574307,0.0,1,0,29.0,Entrou na consolidada,1,25.188916876574307,25.188916876574307
4100301,Agudos do Sul,192.261,Agudos do Sul,Agudos do Sul,Metropolitana de Curitiba,Rio Negro,Curitiba,Curitiba,10233.0,706.0,1482.0,P1,P2,105.0,0.1487252124645892,1639.0,1.1059379217273957,1.0,2.0,0.5,77.14328313702103,75.36656524561567,50.0,70.94861576443883,0.0,0.1448255643506303,14.95,0.0,84.17478361650187,80.11789924973203,48.39192931517709,0.0714285714285714,501.0,0.3429158110882956,0.3810427598148859,7.142857142857142,53.77811511114866,75.2526006010887,59.783831977009314,0.6197136495961467,0.5973840820212877,0.6197136495961467,0.5800460180227379,0.0,0.5800460180227379,94.0,1,0.169243703108146,-0.725873663967538,-1.0,1,0,1,0,1,1,Técnica e consolidada,192,178,41,36,14.1643059490085,14.1643059490085,1,0,29.0,Nas três etapas,1,14.164305949008499,14.1643059490085
4100400,Almirante Tamandaré,194.228,Almirante Tamandaré,Almirante Tamandaré,Metropolitana de Curitiba,Curitiba,Curitiba,Curitiba,119825.0,8185.0,18915.0,M1,M1,918.0,0.1121563836285888,14136.0,0.7473433782712133,4.0,24.0,0.1666666666666666,82.76333472655371,99.76053065283212,83.33333333333334,100.0,7.54,0.1578552055080325,13.09,13.57091432685385,91.74780589293968,70.15005359056806,55.36911556305865,0.0297131147540983,3173.0,0.1744556850670772,0.4254201890588174,2.971311475409836,24.80327376554102,67.86629816213183,38.81377500574621,0.6659933311491021,0.5436208811605945,0.6659933311491021,1.9962001093924489,1.0,0.9962001093924489,1.0,2,2.160084105459233,3.598685714416256,4.0,0,3,3,1,1,1,Técnica e consolidada,17,15,22,238,3.6652412950519246,2.4434941967012827,3,0,5.0,Nas três etapas,1,3.6652412950519246,3.6652412950519246
4100459,Altamira do Paraná,386.945,Altamira do Paraná,Altamira do Paraná,Centro Ocidental Paranaense,Goioerê,Maringá,Campo Mourão,3590.0,209.0,467.0,P1,P1,53.0,0.2535885167464115,513.0,1.0985010706638116,1.0,2.0,0.5,61.02744900528835,75.87246889332651,50.0,57.5846589911575,19.23,0.13008356545961,11.98,34.61123110151188,75.60651341993596,64.20150053590568,54.71389920710264,0.0476190476190476,139.0,0.3054945054945055,0.3936665404874389,4.761904761904762,47.341717263571375,73.15146352399483,54.135025940834126,0.5563065381421718,0.5494072720415251,0.5563065381421718,0.4526838516631214,0.0,0.4526838516631214,208.0,0,0.0533311803991256,0.0829996647419988,0.0,0,1,1,1,0,1,Somente consolidada,348,353,85,71,47.84688995215311,0.0,1,0,29.0,Entrou na consolidada,1,47.846889952153106,47.84688995215311
4100509,Altônia,661.56,Altônia,Altônia,Noroeste Paranaense,Umuarama,Maringá,Umuarama,18742.0,1054.0,2251.0,P1,P2,196.0,0.1859582542694497,2586.0,1.1488227454464683,9.0,10.0,0.9,71.42115250174773,72.44925675504332,9.999999999999998,48.04969820597756,8.89,0.12010457795326,10.99,16.000719942404608,69.8065766627406,58.89603429796356,36.16237984163383,0.0,398.0,0.1803352967829633,0.4010435604521324,0.0,25.814556498525075,71.92361185512196,39.89882969846225,0.4241188713010269,0.4078171342859963,0.4241188713010269,0.4802753149692029,0.0,0.4802753149692029,174.0,1,0.2570631414955713,0.3660884709197692,1.0,0,0,0,-1,1,0,Somente técnica,100,120,279,224,0.0,9.487666034155598,0,0,262.0,Somente na técnica,0,0.0,0.0
4100608,Alto Paraná,407.719,Alto Paraná,Alto Paraná,Noroeste Paranaense,Paranavaí,Maringá,Paranavaí,13909.0,939.0,1923.0,P1,P2,269.0,0.2864749733759318,2060.0,1.0712428497139883,1.0,6.0,0.1666666666666666,55.97331988117258,77.72675282219924,83.33333333333334,68.14892667149967,11.11,0.1382558055935006,11.86,19.99640028797696,80.35634158747482,63.558413719185424,48.15374345521188,0.0086206896551724,562.0,0.2962572482867686,0.4034038153149206,0.8620689655172413,45.75292549198599,71.53076448774192,50.45693337077566,0.570730927079525,0.5353469404780771,0.570730927079525,0.5748511210193575,0.0,0.5748511210193575,101.0,1,0.2196056957334445,0.3449414580513374,0.0,0,1,1,0,1,1,Técnica e consolidada,139,135,70,113,10.649627263045794,10.649627263045794,1,0,29.0,Nas três etapas,1,10.649627263045794,10.649627263045794
4100707,Alto Piquiri,447.666,Alto Piquiri,Alto Piquiri,Noroeste Paranaense,Umuarama,Maringá,Umuarama,9727.0,642.0,1273.0,P1,P2,235.0,0.3660436137071651,1410.0,1.1076197957580518,1.0,6.0,0.1666666666666666,43.74487620921463,75.2521530838251,83.33333333333334,56.80448049133792,7.58,0.1308728282101367,12.34,13.642908567314617,76.06524473260191,66.13076098606645,43.114277390566365,0.0416666666666666,354.0,0.2802850356294536,0.4579558386888058,4.166666666666666,43.00573339012496,62.4509743745807,46.047778903034,0.4976375923586204,0.4761241891820126,0.4976375923586204,0.4676871732955105,0.0,0.4676871732955105,189.0,1,0.1453760013877665,0.217720564705098,0.0,0,1,1,0,1,1,Técnica e consolidada,197,189,163,155,15.57632398753894,15.57632398753894,1,0,29.0,Nas três etapas,1,15.57632398753894,15.57632398753894
4100806,Alvorada do Sul,424.25,Alvorada do Sul,Alvorada do Sul,Norte Central Paranaense,Porecatu,Londrina,Londrina,10326.0,578.0,1164.0,P1,P2,222.0,0.3840830449826989,1268.0,1.0893470790378006,1.0,4.0,0.25,40.97250045529048,76.4951837648654,75.0,51.48217164648356,0.0,0.1127251597908192,8.91,0.0,65.51754848029022,47.7491961414791,16.536652153926344,0.0163934426229508,308.0,0.2586062132661629,0.4094108593459459,1.639344262295082,39.27701459255714,70.53093541397124,46.9914049840926,0.4269676108301573,0.4179860775053754,0.4269676108301573,0.4041897654070972,0.0,0.4041897654070972,278.0,0,0.132928252643645,0.1896843110867297,0.0,0,0,0,0,0,0,Não contemplado,191,202,273,138,0.0,0.0,0,0,262.0,Não contemplado,0,0.0,0.0
4100905,Amaporã,384.735,Amaporã,Amaporã,Noroeste Paranaense,Paranavaí,Maringá,Paranavaí,4762.0,311.0,658.0,P1,P1,119.0,0.382636655948553,729.0,1.10790273556231,0.0,2.0,0.0,41.19478761211711,75.23290565264314,100.0,61.66856636474126,0.0,0.1381772364552708,11.34,0.0,80.31067602947006,60.77170418006431,33.90183565764621,0.0178571428571428,292.0,0.474025974025974,0.4314454059064944,1.7857142857142856,76.32882939375288,66.86344435434111,64.33889828009465,0.5718335298946361,0.5771741937253427,0.5718335298946361,0.4791284742181457,0.0,0.4791284742181457,176.0,1,0.0751432905837787,0.1181127436861993,0.0,0,1,1,0,1,1,Técnica e consolidada,307,296,68,16,32.154340836012864,32.154340836012864,1,0,29.0,Nas três etapas,1,32.154340836012864,32.154340836012864
4101002,Ampére,298.349,Ampére,Ampére,Sudoeste Paranaense,Capanema,Cascavel,Francisco Beltrão,19620.0,1396.0,2550.0,P1,P2,361.0,0.2585959885386819,2930.0,1.1490196078431372,2.0,6.0,0.3333333333333333,60.25787965616046,72.43586487671736,66.66666666666667,62.5092685072356,3.62,0.1299694189602446,13.81,6.515478761699065,75.54016976764126,74.0085744908896,43.25493667921874,0.0099750623441396,277.0,0.1040180247840781,0.5148044362498078,0.997506234413965,12.68812177284548,52.988936082366514,23.827713768182885,0.4318578024601114,0.354494692982006,0.4318578024601114,0.5082001009631151,0.0,0.5082001009631151,147.0,1,0.2912088008945833,0.4169695937059621,1.0,0,0,0,-1,1,0,Somente técnica,95,91,264,363,0.0,7.163323782234957,0,0,262.0,Somente na técnica,0,0.0,0.0
4101051,Anahy,102.895,Anahy,Anahy,Oeste Paranaense,Cascavel,Cascavel,Cascavel,2918.0,168.0,366.0,P1,P1,91.0,0.5416666666666666,380.0,1.0382513661202186,0.0,1.0,0.0,16.75438596491229,79.97105108106975,100.0,43.07419744334423,0.0,0.1254283755997258,11.31,0.0,72.90084746305561,60.61093247588425,29.17554196871067,0.0,76.0,0.2222222222222222,0.390824308269983,0.0,33.019032998233705,73.62453253942788,44.5061402131422,0.4086724345633671,0.411536320102963,0.4086724345633671,0.33270946995242,0.0,0.33270946995242,341.0,0,0.0417970278931048,0.058878321039693,0.0,0,0,0,0,0,0,Não contemplado,373,370,297,170,0.0,0.0,0,0,262.0,Não contemplado,0,0.0,0.0
4101101,Andirá,235.944,Andirá,Andirá,Norte Pioneiro Paranaense,Cornélio Procópio,Londrina,Santo Antônio da Platina,19878.0,1071.0,2375.0,P1,P2,434.0,0.4052287581699346,2623.0,1.104421052631579,2.0,8.0,0.25,37.72273821809426,75.46975268370102,75.0,48.312407828864295,13.27,0.1194788208069222,10.21,23.88408927285817,69.44287725217283,54.71596998928189,38.24728148213852,0.0324675324675324,673.0,0.2947875602277705,0.4893161477620993,3.2467532467532463,45.50014176599234,57.23127753001451,44.16189143024602,0.4463917600007182,0.4380907272034818,0.4463917600007183,0.5074620654978985,0.0,0.5074620654978985,148.0,1,0.2712238831861315,0.392295989755818,1.0,0,0,0,-1,1,0,Somente técnica,94,117,243,173,0.0,9.337068160597571,0,0,262.0,Somente na técnica,0,0.0,0.0
4101150,Ângulo,106.021,Ângulo,Ângulo,Norte Central Paranaense,Astorga,Maringá,Maringá,3235.0,212.0,441.0,P1,P1,129.0,0.6084905660377359,503.0,1.1405895691609975,0.0,1.0,0.0,6.484607745779545,73.00933169529078,100.0,31.489737123036964,0.0,0.1363214837712519,13.6,0.0,79.23208481994541,72.88317256162915,40.78961415409558,0.0714285714285714,100.0,0.2252252252252252,0.444137699684506,7.142857142857142,33.53554416100843,64.75090376589986,43.87792847752861,0.3830498907104535,0.4078262734194368,0.3830498907104535,0.3185318447766197,0.0,0.3185318447766197,351.0,0,0.0503619926252985,0.0696531483963797,0.0,0,0,0,0,0,0,Não contemplado,361,350,328,177,0.0,0.0,0,0,262.0,Não contemplado,0,0.0,0.0
4101200,Antonina,891.582,Antonina,Antonina,Metropolitana de Curitiba,Paranaguá,Curitiba,Paranaguá,18091.0,1081.0,2524.0,P1,P2,72.0,0.0666049953746531,2786.0,1.1038034865293185,3.0,4.0,0.75,89.76386386873752,75.51176360218855,25.0,71.11136348686651,0.0,0.1395168868498148,10.12,0.0,81.08930087093444,54.23365487674169,30.30625135613296,0.0568181818181818,959.0,0.4084327086882453,0.3934627426297543,5.681818181818182,65.04690469507582,73.18538420482102,63.78848713102816,0.6002119051838447,0.5855661524721679,0.6002119051838446,0.6450197715348915,0.0,0.6450197715348915,54.0,1,0.2882396131207562,0.4612444604614195,1.0,0,1,1,0,1,1,Técnica e consolidada,105,115,49,19,9.250693802035151,9.250693802035151,1,0,29.0,Nas três etapas,1,9.250693802035153,9.250693802035151
4101309,Antônio Olinto,469.62,Antônio Olinto,Antônio Olinto,Sudeste Paranaense,São Mateus do Sul,Curitiba,União da Vitória,7018.0,390.0,883.0,P1,P2,51.0,0.1307692307692307,1027.0,1.1630804077010193,0.0,2.0,0.0,79.90283400809717,71.4793565539049,100.0,92.69770188437234,13.33,0.1258193217440866,7.55,23.99208063354932,73.12807120808176,40.46087888531618,31.71595800319047,0.0272727272727272,340.0,0.4126213592233009,0.3581230155578918,2.727272727272727,65.7673451195959,79.06742642110515,65.67578974177654,0.6969258825109764,0.6428820582257848,0.6969258825109764,0.5933635783200096,0.0,0.5933635783200096,82.0,1,0.1008381847803596,-0.8288850743007833,-1.0,1,0,1,0,1,1,Técnica e consolidada,238,261,10,14,25.64102564102564,25.64102564102564,1,0,29.0,Nas três etapas,1,25.641025641025642,25.64102564102564
4101408,Apucarana,556.99,Apucarana,Apucarana,Norte Central Paranaense,Apucarana,Londrina,Apucarana,130134.0,7678.0,16944.0,M1,M1,2717.0,0.3538681948424069,18761.0,1.1072355996222851,17.0,41.0,0.4146341463414634,45.61604584527221,75.2782886383574,58.53658536585367,47.94666613526456,10.63,0.1302042510028125,11.67,19.132469402447803,75.67665766228887,62.540192926045016,44.05721727580242,0.0584588131089459,2629.0,0.1608738220536042,0.5225030361022276,5.845881310894597,22.467217540914973,51.70755976482649,30.732470554840507,0.402830981312025,0.368402590151177,0.402830981312025,1.5123964492282065,1.0,0.5123964492282065,142.0,2,1.934996832297184,2.7144735050871187,3.0,0,2,2,0,1,1,Técnica e consolidada,15,18,307,319,2.6048450117218027,2.6048450117218027,2,0,9.0,Nas três etapas,1,2.6048450117218027,2.6048450117218027
4101507,Arapongas,382.215,Arapongas,Arapongas,Norte Central Paranaense,Apucarana,Londrina,Londrina,119138.0,7199.0,15470.0,M1,M1,1980.0,0.2750381997499653,16820.0,1.0872656755009695,28.0,51.0,0.5490196078431373,57.730971406847445,76.63677455815119,45.09803921568627,53.06456580646262,8.01,0.1298494183216102,12.73,14.416846652267818,75.47042360206487,68.22079314040728,44.53089756976515,0.0236220472440944,1985.0,0.1318411264612115,0.5604704445047118,2.3622047244094486,17.47364565839753,45.38815897793909,23.0772524561952,0.3936290681901615,0.3336544414896267,0.3936290681901615,1.3960451307589876,1.0,0.3960451307589876,291.0,1,1.7666667254271389,2.462078102359587,3.0,0,2,2,1,1,1,Técnica e consolidada,18,20,316,368,2.7781636338380333,1.3890818169190169,2,0,9.0,Nas três etapas,1,2.7781636338380333,2.7781636338380333
4101606,Arapoti,1358.176,Arapoti,Arapoti,Centro Oriental Paranaense,Jaguariaíva,Ponta Grossa,Ponta Grossa,25777.0,1801.0,3737.0,P2,P3,320.0,0.1776790671848973,4212.0,1.127107305325127,6.0,10.0,0.6,72.69353283263685,73.92648418303737,40.0,62.380901367808605,16.57,0.1449742018078131,14.24,29.823614110871127,84.26117392923273,76.31296891747053,64.68921652056912,0.0350877192982456,887.0,0.2398593834505138,0.5512473116252089,3.508771929824561,36.052593286039055,46.923282801994574,34.076690438540844,0.515208800266536,0.4586003784080005,0.4586003784080004,0.6656202967597551,0.0,0.6656202967597551,45.0,1,0.4267636427227677,0.6224776107662057,1.0,0,1,1,0,1,1,Técnica e consolidada,73,68,133,289,5.55247084952804,5.55247084952804,1,0,29.0,Nas três etapas,1,5.55247084952804,5.55247084952804
4101655,Arapuã,217.371,Arapuã,Arapuã,Norte Central Paranaense,Ivaiporã,Londrina,Ivaiporã,3527.0,182.0,433.0,P1,P1,72.0,0.3956043956043956,494.0,1.1408775981524248,0.0,3.0,0.0,39.20185078079816,72.98973806403964,100.0,59.04468514300268,0.0,0.1227672242699177,13.33,0.0,71.35414651725408,71.43622722400858,34.968128786489,0.1666666666666666,158.0,0.398989898989899,0.4239468733090905,16.666666666666664,63.42275826156379,68.11152092291287,66.0063328855755,0.5701403296872907,0.5840636251724364,0.5701403296872907,0.4606532336329688,0.0,0.4606532336329688,200.0,0,0.0494483963871978,0.0776409214059026,0.0,0,1,1,1,0,1,Somente consolidada,351,364,72,13,54.94505494505495,0.0,1,0,29.0,Entrou na consolidada,1,54.94505494505495,54.94505494505495
4101705,Araruna,493.191,Araruna,Araruna,Centro Ocidental Paranaense,Campo Mourão,Maringá,Campo Mourão,14485.0,893.0,1845.0,P1,P2,241.0,0.2698768197088466,1948.0,1.0558265582655826,1.0,5.0,0.2,58.524194023693056,78.77547062106875,80.0,69.33559752905917,0.0,0.1273731446323783,13.05,0.0,74.03117630549167,69.93569131832797,35.702608935150124,0.0638297872340425,382.0,0.2073832790445168,0.497597071343986,6.382978723404255,30.466761226477203,55.85297763541056,37.29368084414278,0.497922331363108,0.4338384979932753,0.497922331363108,0.5103595680374297,0.0,0.5103595680374297,144.0,1,0.2106981324119632,0.3156094377163807,0.0,0,1,1,0,1,1,Técnica e consolidada,130,146,161,250,11.198208286674133,11.198208286674133,1,0,29.0,Nas três etapas,1,11.198208286674133,11.198208286674133
4101804,Araucária,469.24,Araucária,Araucária,Metropolitana de Curitiba,Curitiba,Curitiba,Curitiba,151666.0,10075.0,22332.0,M1,M1,3972.0,0.39424317617866,25488.0,1.1413218699623855,12.0,49.0,0.2448979591836734,39.411048713595406,72.95951576601153,75.51020408163265,48.89227295804599,6.4,0.1472446032729814,12.86,11.519078473722102,85.58076521071696,68.91747052518757,49.46860935938413,0.0342639593908629,3496.0,0.1624157955865273,0.6784083884945958,3.4263959390862944,22.732434239553463,25.75824038689852,16.192753341499312,0.3592773239169494,0.2938782846838561,0.3592773239169494,1.836124983439165,1.0,0.8361249834391651,15.0,2,2.5503038986579742,3.466570258542774,4.0,0,3,3,1,1,1,Técnica e consolidada,10,12,354,382,2.977667493796526,1.9851116625310168,2,-1,9.0,Nas três etapas,1,1.9851116625310175,2.977667493796526
4101853,Ariranha do Ivaí,234.076,Ariranha do Ivaí,Ariranha do Ivaí,Norte Central Paranaense,Ivaiporã,Londrina,Ivaiporã,2329.0,113.0,295.0,P1,P1,49.0,0.4336283185840708,343.0,1.1627118644067798,1.0,2.0,0.5,33.358174196553335,71.50442729894215,50.0,32.434239018648256,0.0,0.1266638042078145,11.16,0.0,73.61889704377556,59.80707395498393,29.121971810739964,0.1111111111111111,84.0,0.3373493975903614,0.4328609375180632,11.11111111111111,52.8207019132838,66.62783934582473,56.87940510596871,0.4154985201199478,0.4643888522945886,0.4154985201199478,0.3328044431630769,0.0,0.3328044431630769,340.0,0,0.0336888612799615,0.0476865332863118,0.0,0,0,0,0,0,0,Não contemplado,388,390,287,51,0.0,0.0,0,0,262.0,Não contemplado,0,0.0,0.0
4101903,Assaí,440.347,Assaí,Assaí,Norte Pioneiro Paranaense,Assaí,Londrina,Londrina,13797.0,685.0,1755.0,P1,P2,277.0,0.4043795620437956,2082.0,1.1863247863247863,3.0,9.0,0.3333333333333333,37.853246254321945,69.89812064720266,66.66666666666667,42.565118493670994,6.49,0.1272015655577299,10.94,11.68106551475882,73.93145198163762,58.62808145766345,35.87349824542101,0.0232558139534883,382.0,0.2503276539973788,0.4093089875564419,2.3255813953488373,37.85311715730877,70.54789123723758,46.61854016345286,0.4284816311193374,0.4365884744589012,0.4284816311193374,0.4480342626296932,0.0,0.4480342626296932,214.0,0,0.2004201747333308,0.286296538112291,0.0,0,0,0,0,0,0,Não contemplado,140,179,271,144,0.0,0.0,0,0,262.0,Não contemplado,0,0.0,0.0
4102000,Assis Chateaubriand,980.727,Assis Chateaubriand,Assis Chateaubriand,Oeste Paranaense,Toledo,Cascavel,Toledo,36808.0,2189.0,4462.0,P2,P3,808.0,0.3691183188670626,4985.0,1.117212012550426,4.0,9.0,0.4444444444444444,43.2723425741146,74.59962724682701,55.55555555555556,44.43058843670858,6.88,0.1212236470332536,12.04,12.38300935925126,70.45699634577612,64.5230439442658,37.82283099149328,0.0142045454545454,683.0,0.1522853957636566,0.4697913039013971,1.4204545454545454,20.99002353045618,60.48104670965391,32.2177464625885,0.3822390015801749,0.3578133176319347,0.3578133176319347,0.602701800793211,0.0,0.602701800793211,71.0,1,0.5095583018006394,0.6918850482948209,1.0,0,0,0,-1,1,0,Somente técnica,50,61,330,309,0.0,4.568296025582458,1,1,29.0,"Técnica, excluído na consolidada, reincluído na publicada",1,4.568296025582458,0.0
4102109,Astorga,434.792,Astorga,Astorga,Norte Central Paranaense,Astorga,Maringá,Maringá,25475.0,1524.0,3177.0,P2,P3,573.0,0.3759842519685039,3462.0,1.0897072710103872,3.0,10.0,0.3,42.21715706589308,76.47068113179533,70.0,50.41426478521226,21.28,0.1247105004906771,12.52,38.30093592512599,72.48360771509545,67.09539121114683,56.87439319016841,0.0168539325842696,494.0,0.1599740932642487,0.4655161307570453,1.6853932584269662,22.312465793178728,61.19261838834477,33.40713628074463,0.4490343906441644,0.4150201336352291,0.4150201336352292,0.5679970344458207,0.0,0.5679970344458207,107.0,1,0.3628119060557219,0.5133861517914199,1.0,0,0,0,-1,1,0,Somente técnica,75,82,238,296,0.0,6.561679790026247,0,0,262.0,Somente na técnica,0,0.0,0.0
4102208,Atalaia,137.663,Atalaia,Atalaia,Norte Central Paranaense,Astorga,Maringá,Maringá,3980.0,190.0,421.0,P1,P1,116.0,0.6105263157894737,506.0,1.2019002375296912,0.0,1.0,0.0,6.171745152354576,68.83857575220158,100.0,29.46929830112958,0.0,0.1057788944723618,8.54,0.0,61.48027520781479,45.766345123258304,12.77831405328181,0.0,78.0,0.1925925925925926,0.4790702535842639,0.0,27.922789525523147,58.93663258199487,34.27058416031878,0.280516157952357,0.2901187296707355,0.280516157952357,0.238951509562224,0.0,0.238951509562224,387.0,0,0.0480780020300468,0.0615646584415412,0.0,0,0,0,0,0,0,Não contemplado,334,362,396,288,0.0,0.0,0,0,262.0,Não contemplado,0,0.0,0.0
4102307,Balsa Nova,348.926,Balsa Nova,Balsa Nova,Metropolitana de Curitiba,Curitiba,Curitiba,Curitiba,13395.0,832.0,1914.0,P1,P2,243.0,0.2920673076923077,2314.0,1.2089864158829675,1.0,6.0,0.1666666666666666,55.11386639676113,68.35652717457087,83.33333333333334,63.47781186199726,19.35,0.1428891377379619,12.32,34.82721382289417,83.04930351330702,66.02357984994642,60.63275504157293,0.0093457943925233,434.0,0.2384615384615384,0.5944520579244983,0.9345794392523364,35.81216644000777,39.73216496569961,28.90010626927221,0.4907771826082238,0.4216217714227737,0.4907771826082238,0.5097210568530973,0.0,0.5097210568530973,145.0,1,0.2185778999655813,0.3258509458911115,0.0,0,1,1,0,1,1,Técnica e consolidada,148,155,173,328,12.01923076923077,12.01923076923077,1,0,29.0,Nas três etapas,1,12.01923076923077,12.01923076923077
4102406,Bandeirantes,445.192,Bandeirantes,Bandeirantes,Norte Pioneiro Paranaense,Cornélio Procópio,Londrina,Cornélio Procópio ¿ Bandeirantes,31273.0,1828.0,3861.0,P2,P3,629.0,0.3440919037199125,4431.0,1.1476301476301476,5.0,13.0,0.3846153846153846,47.118507428308185,72.53038512246258,61.53846153846154,49.31942242441318,5.17,0.1234611326064017,12.12,9.305255579553636,71.75745641861796,64.95176848874597,36.98092497434619,0.0244897959183673,852.0,0.2253968253968254,0.4782166201353861,2.4489795918367347,33.56505908459556,59.07871370144782,38.53019306283508,0.4253603118976855,0.4037818531745292,0.4037818531745292,0.5973482967963798,0.0,0.5973482967963798,77.0,1,0.4409243844133279,0.6189616494615799,1.0,0,0,0,-1,1,0,Somente técnica,61,67,276,242,0.0,5.470459518599562,0,0,262.0,Somente na técnica,0,0.0,0.0
4102505,Barbosa Ferraz,538.636,Barbosa Ferraz,Barbosa Ferraz,Centro Ocidental Paranaense,Campo Mourão,Maringá,Campo Mourão,10795.0,584.0,1274.0,P1,P2,144.0,0.2465753424657534,1374.0,1.0784929356357928,1.0,3.0,0.3333333333333333,62.10526315789474,77.23355417095581,66.66666666666667,66.0865761067876,0.0,0.1180176007410838,10.56,0.0,68.5935942998879,56.59163987138264,23.977314707231155,0.0483870967741935,402.0,0.3341645885286783,0.3994053080474564,4.838709677419355,52.272920432539216,72.19628713033384,56.23180541933597,0.5372281555189565,0.5175186141440533,0.5372281555189565,0.4989301211355713,0.0,0.4989301211355713,154.0,1,0.145490200917529,0.2236516332025356,0.0,0,1,1,0,1,1,Técnica e consolidada,182,200,107,56,17.123287671232877,17.123287671232877,1,0,29.0,Nas três etapas,1,17.123287671232877,17.123287671232877
4102604,Barracão,161.213,Barracão,Barracão,Sudoeste Paranaense,Francisco Beltrão,Cascavel,Francisco Beltrão,9759.0,645.0,1356.0,P1,P2,195.0,0.3023255813953488,1729.0,1.2750737463126844,2.0,6.0,0.3333333333333333,53.53733170134639,63.86083118092899,66.66666666666667,53.23533585580189,0.0,0.138948662772825,13.42,0.0,80.75904054057938,71.91854233654877,41.1406715796323,0.010752688172043,377.0,0.2770022042615723,0.4325525877484651,1.0752688172043012,42.44109224746806,66.6791619369265,46.34378660140995,0.480597832988112,0.4668147344793281,0.480597832988112,0.4603900313684461,0.0,0.4603900313684461,201.0,0,0.1548545623580607,-0.7707226705443329,-1.0,1,0,1,1,0,1,Somente consolidada,196,188,195,150,15.503875968992247,0.0,1,0,29.0,Entrou na consolidada,1,15.503875968992247,15.503875968992247
4102703,Barra do Jacaré,115.855,Barra do Jacaré,Barra do Jacaré,Norte Pioneiro Paranaense,Jacarezinho,Londrina,Santo Antônio da Platina,2814.0,158.0,319.0,P1,P1,77.0,0.4873417721518987,345.0,1.0815047021943571,0.0,1.0,0.0,25.103264490339782,77.02867395014673,100.0,48.86842509637129,0.0,0.1133617626154939,10.31,0.0,65.88755156128569,55.2518756698821,21.451534567718173,0.0,93.0,0.2792792792792792,0.4157216722974554,0.0,42.83274509095338,69.4805461983339,47.43943858614534,0.4281345238655028,0.425276550845051,0.4281345238655028,0.3441225530472713,0.0,0.3441225530472713,334.0,0,0.0364296499942635,0.0520264408491445,0.0,0,0,0,0,0,0,Não contemplado,375,377,272,133,0.0,0.0,0,0,262.0,Não contemplado,0,0.0,0.0
4102752,Bela Vista da Caroba,148.107,Bela Vista da Caroba,Bela Vista da Caroba,Sudoeste Paranaense,Capanema,Cascavel,Francisco Beltrão,4031.0,235.0,517.0,P1,P1,61.0,0.2595744680851063,435.0,0.8413926499032882,1.0,2.0,0.5,60.10750279955208,93.36267903843054,50.0,64.17709804545564,25.0,0.1282560158769536,11.66,44.99640028797696,74.54431427465184,62.486602357985,59.46358625265463,0.032258064516129,104.0,0.2184873949579832,0.3712503831431156,3.225806451612903,32.37664936721977,76.88247094117318,47.528236187486826,0.5657485094370791,0.5324507857211416,0.5657485094370791,0.4637040883941491,0.0,0.4637040883941491,194.0,0,0.0590411568872547,0.0924436033916598,0.0,0,1,1,1,0,1,Somente consolidada,332,338,79,132,42.5531914893617,0.0,1,0,29.0,Entrou na consolidada,1,42.5531914893617,42.5531914893617
4102802,Bela Vista do Paraíso,242.689,Bela Vista do Paraíso,Bela Vista do Paraíso,Norte Central Paranaense,Porecatu,Londrina,Londrina,14833.0,857.0,1807.0,P1,P2,65.0,0.0758459743290548,2234.0,1.2363032650802437,5.0,6.0,0.8333333333333334,88.34367131363999,66.49825496571356,16.666666666666664,62.6078259571324,19.35,0.1218229623137598,10.45,34.82721382289417,70.80532734853016,56.0021436227224,46.73255237486981,0.1538461538461538,428.0,0.2447112635791881,0.4179093217078363,15.384615384615383,36.88710801825845,69.1164277613091,52.13442258931876,0.5524340989355442,0.531487292199917,0.5524340989355442,0.5513055904899453,0.0,0.5513055904899453,118.0,1,0.2063585502809851,0.3203580500631062,0.0,0,1,1,0,1,1,Técnica e consolidada,127,151,89,92,11.668611435239203,11.668611435239203,1,0,29.0,Nas três etapas,1,11.668611435239205,11.668611435239203
4102901,Bituruna,1234.946,Bituruna,Bituruna,Sudeste Paranaense,União da Vitória,Curitiba,União da Vitória,15533.0,1202.0,2240.0,P1,P2,264.0,0.2196339434276206,2665.0,1.1897321428571428,2.0,6.0,0.3333333333333333,66.24573079954462,69.6663297878682,66.66666666666667,66.38721509010522,14.87,0.1442091031996394,16.42,26.76385889128869,83.81648717743533,87.99571275455521,69.79489574183586,0.0559006211180124,703.0,0.2996589940323955,0.4780603447972653,5.590062111801243,46.33801969561506,59.10472460227684,46.77696488309336,0.5922465113764661,0.5530260109624423,0.592246511376466,0.6165979513709139,0.0,0.6165979513709139,64.0,1,0.255806946668183,0.40730771841828,1.0,0,1,1,0,1,1,Técnica e consolidada,120,101,53,143,8.319467554076539,8.319467554076539,1,0,29.0,Nas três etapas,1,8.319467554076539,8.319467554076539
4103008,Boa Esperança,302.739,Boa Esperança,Boa Esperança,Centro Ocidental Paranaense,Goioerê,Maringá,Campo Mourão,4558.0,267.0,530.0,P1,P1,126.0,0.4719101123595505,615.0,1.160377358490566,1.0,4.0,0.25,27.474866942637497,71.6632357850228,75.0,38.07548056451292,0.0,0.1162790697674418,9.21,0.0,67.58313410128234,49.35691318327975,18.82987945059674,0.0,126.0,0.2363977485928705,0.5134021212934026,0.0,35.45719826191325,53.2223412741307,35.21224302102098,0.330810653243329,0.3250841781563452,0.330810653243329,0.2848478674348779,0.0,0.2848478674348779,370.0,0,0.0605257507741682,0.0805483139258138,0.0,0,0,0,0,0,0,Não contemplado,314,321,370,273,0.0,0.0,0,0,262.0,Não contemplado,0,0.0,0.0
4103024,Boa Esperança do Iguaçu,151.797,Boa Esperança do Iguaçu,Boa Esperança do Iguaçu,Sudoeste Paranaense,Francisco Beltrão,Cascavel,Dois Vizinhos,2455.0,139.0,340.0,P1,P1,83.0,0.5971223021582733,355.0,1.0441176470588236,0.0,1.0,0.0,8.231730405149579,79.57198796955079,100.0,35.726041583773466,0.0,0.1384928716904277,11.41,0.0,80.49412794792242,61.14683815648446,34.2505584663142,0.0,59.0,0.1849529780564263,0.4084300931685424,0.0,26.608789445176928,70.69417685746232,39.67367287005961,0.3700999747479607,0.377995237320533,0.3700999747479606,0.3015348240871591,0.0,0.3015348240871591,358.0,0,0.0388278401192777,0.0531980227669403,0.0,0,0,0,0,0,0,Não contemplado,385,384,343,229,0.0,0.0,0,0,262.0,Não contemplado,0,0.0,0.0
4103040,Boa Ventura de São Roque,620.453,Boa Ventura de São Roque,Boa Ventura de São Roque,Centro-Sul Paranaense,Pitanga,Guarapuava,Pitanga,6378.0,444.0,878.0,P1,P2,117.0,0.2635135135135135,954.0,1.0865603644646924,0.0,1.0,0.0,59.50213371266003,76.68475446563792,100.0,77.70347095354639,23.26,0.1376607086861085,10.66,41.864650827933765,80.01046236625315,57.12754555198285,57.5753049631791,0.0,347.0,0.3907657657657657,0.4788050460126916,0.0,62.00822200896484,58.98077446596853,51.92791528158583,0.633676154866887,0.582125043522966,0.6336761548668871,0.5439012178779028,0.0,0.5439012178779028,120.0,1,0.1002671871315467,0.1638041127323838,0.0,0,1,1,0,1,1,Técnica e consolidada,255,244,34,97,22.52252252252252,22.52252252252252,1,0,29.0,Nas três etapas,1,22.52252252252252,22.52252252252252
4103057,Boa Vista da Aparecida,266.175,Boa Vista da Aparecida,Boa Vista da Aparecida,Oeste Paranaense,Cascavel,Cascavel,Cascavel,7924.0,519.0,1119.0,P1,P2,186.0,0.3583815028901734,1302.0,1.1635388739946382,1.0,4.0,0.25,44.922421661089146,71.44816865350039,75.0,52.68387824626743,0.0,0.1412165572942958,13.38,0.0,82.0771747488996,71.70418006430869,41.82975172507102,0.0194174757281553,410.0,0.3751143641354071,0.3726381533746529,1.9417475728155336,59.31620883179966,76.6514866137672,60.68190453797174,0.5371226345870987,0.5531186871705073,0.5371226345870987,0.4871666811383365,0.0,0.4871666811383365,170.0,1,0.1277892738043289,0.1964277852220821,0.0,0,1,1,0,1,1,Técnica e consolidada,227,216,108,31,19.26782273603083,19.26782273603083,1,0,29.0,Nas três etapas,1,19.26782273603083,19.26782273603083
4103107,Bocaiúva do Sul,825.665,Bocaiúva do Sul,Bocaiúva do Sul,Metropolitana de Curitiba,Curitiba,Curitiba,Curitiba,13299.0,953.0,2010.0,P1,P2,164.0,0.1720881427072403,2353.0,1.1706467661691542,1.0,3.0,0.3333333333333333,73.55276964709782,70.96464295856867,66.66666666666667,73.09004814285377,15.31,0.1511391833972479,12.71,27.55579553635709,87.84435341565279,68.11361200428725,60.39156696933489,0.0606060606060606,770.0,0.385578367551327,0.4758294762872819,6.0606060606060606,61.115998764154256,59.47603654614152,54.85806765339119,0.6325755971236496,0.5961116361447245,0.6325755971236496,0.6315134912268063,0.0,0.6315134912268063,56.0,1,0.2295410548227892,-0.6252568753582926,0.0,1,0,1,0,1,1,Técnica e consolidada,150,132,36,66,10.493179433368311,10.493179433368311,1,0,29.0,Nas três etapas,1,10.493179433368311,10.493179433368311
4103156,Bom Jesus do Sul,176.129,Bom Jesus do Sul,Bom Jesus do Sul,Sudoeste Paranaense,Francisco Beltrão,Cascavel,Francisco Beltrão,3980.0,257.0,546.0,P1,P1,144.0,0.5603112840466926,619.0,1.1336996336996337,1.0,2.0,0.5,13.889002662297772,73.47803053739406,50.0,16.86345006501683,0.0,0.1371859296482412,10.3,0.0,79.73451368994505,55.19828510182209,30.062678020796607,0.0666666666666666,147.0,0.2789373814041745,0.4131865306195105,6.666666666666667,42.77393926596954,69.90250221241433,51.07639586571181,0.3318847397645078,0.4003106313658977,0.3318847397645078,0.2867797202278465,0.0,0.2867797202278465,367.0,0,0.0623529432503695,0.0830469335945696,0.0,0,0,0,0,0,0,Não contemplado,334,324,369,107,0.0,0.0,0,0,262.0,Não contemplado,0,0.0,0.0
4103206,Bom Sucesso,322.755,Bom Sucesso,Bom Sucesso,Norte Central Paranaense,Faxinal,Londrina,Apucarana,6581.0,444.0,939.0,P1,P2,166.0,0.3738738738738739,962.0,1.0244941427050054,1.0,2.0,0.5,42.54148885727833,80.90690813247818,50.0,44.13152014767218,0.0,0.1426834827533809,10.33,0.0,82.92977376105385,55.35905680600214,32.157834445977834,0.1428571428571428,160.0,0.1731601731601731,0.3686884579995093,14.285714285714285,24.580448027187,77.30888486958325,49.43736278471929,0.4385912006215215,0.4492028858956158,0.4385912006215215,0.396996651076009,0.0,0.396996651076009,288.0,0,0.1072333584470642,0.15426496587504,0.0,0,0,0,0,0,0,Não contemplado,249,244,255,118,0.0,0.0,0,0,262.0,Não contemplado,0,0.0,0.0
4103222,Bom Sucesso do Sul,195.931,Bom Sucesso do Sul,Bom Sucesso do Sul,Sudoeste Paranaense,Pato Branco,Cascavel,Pato Branco,3202.0,205.0,412.0,P1,P1,91.0,0.4439024390243902,497.0,1.2063106796116505,1.0,2.0,0.5,31.779204107830555,68.53854839946806,50.0,29.85468090799172,0.0,0.1286695815115552,12.49,0.0,74.78468480564135,66.93461950696677,34.299464677947405,0.0,77.0,0.1828978622327791,0.4999306853635468,0.0,26.255313187361907,55.464564443886566,31.611581218969093,0.3144639778637381,0.3179777784856928,0.3144639778637381,0.2642109784271323,0.0,0.2642109784271323,376.0,0,0.0470502062621836,0.0618458012826992,0.0,0,0,0,0,0,0,Não contemplado,362,357,381,315,0.0,0.0,0,0,262.0,Não contemplado,0,0.0,0.0
4103305,Borrazópolis,334.378,Borrazópolis,Borrazópolis,Norte Central Paranaense,Faxinal,Londrina,Apucarana,7735.0,370.0,921.0,P1,P2,134.0,0.3621621621621622,952.0,1.033659066232356,1.0,3.0,0.3333333333333333,44.34139402560455,80.28344960092555,66.66666666666667,52.405818747968034,12.66,0.1190691661279896,10.86,22.78617710583153,69.20477982709978,58.19935691318327,39.58788005666352,0.04,228.0,0.2787286063569682,0.3960488029842863,4.0,42.73803033005337,72.75495314494655,51.15393560586023,0.4934147775286401,0.4909110112444244,0.4934147775286401,0.4382872062429692,0.0,0.4382872062429692,231.0,0,0.1051777669113377,0.1570740313728546,0.0,0,1,1,1,0,1,Somente consolidada,230,268,170,105,27.027027027027028,0.0,1,0,29.0,Entrou na consolidada,1,27.027027027027028,27.027027027027028
4103354,Braganey,343.321,Braganey,Braganey,Oeste Paranaense,Cascavel,Cascavel,Cascavel,4854.0,283.0,580.0,P1,P1,147.0,0.519434628975265,700.0,1.206896551724138,0.0,3.0,0.0,20.17109912590664,68.49869351515407,100.0,41.120123920801646,0.0,0.1194890811701689,11.74,0.0,69.44884072871783,62.91532690246516,28.45909246488948,0.0,161.0,0.2829525483304042,0.4183869129018002,0.0,43.46454081905743,69.0369361580121,47.53679863422807,0.4115458751498978,0.4243792245767507,0.4115458751498979,0.3502354482625305,0.0,0.3502354482625305,331.0,0,0.0662357272622973,0.0934947676046494,0.0,0,0,0,0,0,0,Não contemplado,303,306,291,131,0.0,0.0,0,0,262.0,Não contemplado,0,0.0,0.0
4103370,Brasilândia do Sul,291.036,Brasilândia do Sul,Brasilândia do Sul,Noroeste Paranaense,Umuarama,Maringá,Umuarama,3708.0,246.0,470.0,P1,P1,97.0,0.3943089430894309,539.0,1.146808510638298,0.0,2.0,0.0,39.40094137783483,72.5862782884971,100.0,59.0424616273386,23.81,0.1267529665587918,11.6,42.854571634269256,73.67071953543237,62.165058949624864,57.38033201000616,0.0,110.0,0.217391304347826,0.471107058928192,0.0,32.188123736378735,60.262048792715895,37.16302373039414,0.4995826054509432,0.4558237296570543,0.4995826054509432,0.4095885805893151,0.0,0.4095885805893151,271.0,0,0.0536737789884133,0.080488265339843,0.0,0,0,0,0,0,0,Não contemplado,345,332,158,252,0.0,0.0,1,1,29.0,Somente na lista publicada,1,40.650406504065046,0.0
4103404,Cafeara,185.8,Cafeara,Cafeara,Norte Central Paranaense,Astorga,Londrina,Londrina,2627.0,149.0,309.0,P1,P1,55.0,0.3691275167785235,348.0,1.1262135922330097,1.0,2.0,0.5,43.27092900035324,73.9872804406797,50.0,41.83127007765,0.0,0.1176246669204415,8.76,0.0,68.36521528768469,46.945337620578776,17.812593012060297,0.0,51.0,0.1722972972972972,0.4276225530512696,0.0,24.432034917104,67.49973058924465,36.894819844882,0.3505295457142485,0.3406566452487126,0.3505295457142485,0.2844954858845499,0.0,0.2844954858845499,373.0,0,0.0352876546966377,0.0476570202667714,0.0,0,0,0,0,0,0,Não contemplado,381,381,358,254,0.0,0.0,0,0,262.0,Não contemplado,0,0.0,0.0
4103453,Cafelândia,274.904,Cafelândia,Cafelândia,Oeste Paranaense,Cascavel,Cascavel,Cascavel,18997.0,1409.0,2569.0,P1,P2,587.0,0.4166075230660042,2990.0,1.1638769949396652,1.0,3.0,0.3333333333333333,35.97400171827725,71.4251674372606,66.66666666666667,41.625160117243645,3.15,0.1352318787176922,13.79,5.6695464362850965,78.59879006965684,73.90139335476955,44.56939568332585,0.0288461538461538,394.0,0.1412186379928315,0.6598580454809285,2.8846153846153846,19.086560923645955,28.845810942015216,15.62361247998589,0.3181338817555698,0.2661307864810543,0.3181338817555699,0.4157319390884966,0.0,0.4157319390884966,264.0,0,0.2933785919600723,0.3867122622443135,1.0,0,0,0,0,0,0,Não contemplado,99,90,377,384,0.0,0.0,1,1,29.0,Somente na lista publicada,1,7.097232079488999,0.0
4103479,Cafezal do Sul,335.392,Cafezal do Sul,Cafezal do Sul,Noroeste Paranaense,Umuarama,Maringá,Umuarama,4473.0,281.0,523.0,P1,P1,102.0,0.3629893238434163,580.0,1.1089866156787762,0.0,2.0,0.0,44.214272335643386,75.15917298004916,100.0,64.18132428757679,15.38,0.1169237648110887,11.18,27.68178545716343,67.95784050094963,59.91425509110396,42.93633234791282,0.0,124.0,0.2361904761904762,0.3818942061501733,0.0,35.42154777822584,75.11088351088944,46.5180900112953,0.5286703218913139,0.4933438533387509,0.5286703218913139,0.4357852109889059,0.0,0.4357852109889059,235.0,0,0.0597263540658302,0.0913019048952072,0.0,0,1,1,1,0,1,Somente consolidada,321,307,118,146,35.587188612099645,0.0,1,0,29.0,Entrou na consolidada,1,35.587188612099645,35.587188612099645
4103503,Califórnia,141.817,Califórnia,Califórnia,Norte Central Paranaense,Apucarana,Londrina,Apucarana,8710.0,563.0,1168.0,P1,P2,248.0,0.4404973357015986,1341.0,1.1481164383561644,2.0,6.0,0.3333333333333333,32.30251472375433,72.4973044206929,66.66666666666667,38.98367312109741,25.42,0.1340987370838117,11.25,45.752339812814974,77.94019120787151,60.28938906752411,60.68383673282703,0.02,360.0,0.3050847457627119,0.4608250324853744,2.0,47.271239320220886,61.973417799121066,46.88656830469701,0.4648486391688318,0.480654429536031,0.4648486391688317,0.4341836799274318,0.0,0.4341836799274318,238.0,0,0.1333850507626953,0.1953889100951998,0.0,0,0,0,0,0,0,Não contemplado,212,206,217,141,0.0,0.0,0,0,262.0,Não contemplado,0,0.0,0.0
4103602,Cambará,366.153,Cambará,Cambará,Norte Pioneiro Paranaense,Jacarezinho,Londrina,Santo Antônio da Platina,23212.0,1444.0,2843.0,P2,P3,200.0,0.1385041551246537,3289.0,1.1568765388673936,6.0,8.0,0.75,78.71409826505321,71.9013846200873,25.0,60.28148649009901,10.75,0.12247975185249,10.17,19.348452123830093,71.18706324959214,54.5016077170418,36.37076489065574,0.037037037037037,830.0,0.2862068965517241,0.4702232196960987,3.7037037037037033,44.02428291128541,60.40915744652664,45.27886038443402,0.4949829172794436,0.4649776650681136,0.4649776650681136,0.581972269274928,0.0,0.581972269274928,91.0,1,0.3246692631150197,0.4756332189976266,1.0,0,1,1,0,1,1,Técnica e consolidada,87,87,167,162,6.925207756232687,6.925207756232687,1,0,29.0,Nas três etapas,1,6.925207756232687,6.925207756232687
4103701,Cambé,495.375,Cambé,Cambé,Norte Central Paranaense,Londrina,Londrina,Londrina,107208.0,6176.0,13404.0,M1,M1,1796.0,0.2908031088082901,14407.0,1.074828409430021,12.0,37.0,0.3243243243243243,55.30815380419962,77.48283940724487,67.56756756756756,60.84473196630379,7.26,0.1250279829863443,11.76,13.06695464362851,72.66813328897899,63.022508038585215,38.693440354626965,0.0555555555555555,2072.0,0.157902758725804,0.5514037739969522,5.555555555555555,21.956199945333204,46.89724077077055,27.829211958665283,0.4320826564091302,0.3660516163938532,0.4320826564091302,1.2929531860130876,1.0,0.2929531860130876,364.0,1,1.530730496937645,2.1921325963009304,2.0,0,2,2,1,1,1,Técnica e consolidada,22,24,263,335,3.238341968911917,1.6191709844559583,2,0,9.0,Nas três etapas,1,3.238341968911917,3.238341968911917
4103800,Cambira,164.786,Cambira,Cambira,Norte Central Paranaense,Apucarana,Londrina,Apucarana,9460.0,597.0,1227.0,P1,P2,236.0,0.3953098827470687,1191.0,0.9706601466992664,1.0,4.0,0.25,39.24711275676629,84.56905152049292,75.0,53.429573298964414,0.0,0.1297040169133192,11.63,0.0,75.38591412933947,62.325830653804935,31.797562234926136,0.024,250.0,0.201775625504439,0.5123298967592117,2.4,29.502254814886225,53.40080530025691,33.46538223344813,0.4111749465995025,0.3712465644684698,0.4111749465995025,0.3963227263633685,0.0,0.3963227263633685,290.0,0,0.1401228230186877,0.1977378172907682,0.0,0,0,0,0,0,0,Não contemplado,203,196,292,295,0.0,0.0,1,1,29.0,Somente na lista publicada,1,16.75041876046901,0.0
4103909,Campina da Lagoa,796.614,Campina da Lagoa,Campina da Lagoa,Centro Ocidental Paranaense,Goioerê,Maringá,Campo Mourão,15723.0,975.0,2103.0,P1,P2,296.0,0.3035897435897436,2404.0,1.143128863528293,3.0,9.0,0.3333333333333333,53.34304993252361,72.83659214839885,66.66666666666667,56.85255159971552,20.41,0.1337531005533295,13.1,36.73506119510439,77.73930208795854,70.20364415862808,61.118401119812425,0.056701030927835,617.0,0.2990790111488124,0.3936425382805292,5.670103092783505,46.23826367362994,73.15545851790183,54.03607522448942,0.5657913095364446,0.5601583567859924,0.5657913095364446,0.5845837587059655,0.0,0.5845837587059655,88.0,1,0.2401616110907092,0.3760429635301039,1.0,0,1,1,0,1,1,Técnica e consolidada,119,130,78,72,10.256410256410255,10.256410256410255,1,0,29.0,Nas três etapas,1,10.256410256410257,10.256410256410255
4103958,Campina do Simão,448.424,Campina do Simão,Campina do Simão,Centro-Sul Paranaense,Guarapuava,Guarapuava,Guarapuava,3936.0,276.0,557.0,P1,P1,61.0,0.2210144927536232,682.0,1.2244165170556554,0.0,3.0,0.0,66.0335621662853,67.30686994719481,100.0,79.25570499143944,0.0,0.1415142276422764,17.78,0.0,82.25018520629132,95.28403001071813,56.65856188649256,0.1,224.0,0.398576512455516,0.4795091142349107,10.0,63.35165651463378,58.863587397777096,57.735944591264776,0.661283722103802,0.6182442013034527,0.661283722103802,0.5399603016785683,0.0,0.5399603016785683,123.0,1,0.0636091380777579,0.1056728256656324,0.0,0,1,1,0,1,1,Técnica e consolidada,339,312,23,43,36.231884057971016,36.231884057971016,1,0,29.0,Nas três etapas,1,36.231884057971016,36.231884057971016
4104006,Campina Grande do Sul,539.245,Campina Grande do Sul,Campina Grande do Sul,Metropolitana de Curitiba,Curitiba,Curitiba,Curitiba,47825.0,3223.0,7203.0,P3,P3,908.0,0.2817251008377288,8305.0,1.1529918089684854,5.0,19.0,0.2631578947368421,56.703300292306935,72.16564956359981,73.6842105263158,62.35685349189829,8.8,0.1506116048092002,14.53,15.83873290136789,87.53771685125386,77.86709539121114,58.97428085152895,0.0289017341040462,1465.0,0.2159492924528301,0.5397174785390998,2.8901734104046244,31.940100261252496,48.84234020787933,32.62185196413962,0.4978633835272096,0.4383933804716922,0.4383933804716922,0.9079211864514398,0.0,0.9079211864514398,6.0,1,0.8225792128798758,1.1831924947200283,1.0,0,1,1,0,1,1,Técnica e consolidada,38,37,162,304,3.1026993484331364,3.1026993484331364,2,1,9.0,Nas três etapas,1,6.205398696866273,3.1026993484331364
4104055,Campo Bonito,433.832,Campo Bonito,Campo Bonito,Oeste Paranaense,Cascavel,Cascavel,Cascavel,4027.0,248.0,528.0,P1,P1,120.0,0.4838709677419355,577.0,1.0928030303030305,1.0,3.0,0.3333333333333333,25.636672325976235,76.26008717136875,66.66666666666667,34.952930447300936,0.0,0.1311149739259995,14.15,0.0,76.20598344353186,75.83065380493034,40.74053193793427,0.0333333333333333,173.0,0.3288973384030418,0.4135201746951009,3.333333333333333,51.36696280136229,69.84696956684961,53.76882713347477,0.4363680941989714,0.473999887571319,0.4363680941989714,0.3655080898931668,0.0,0.3655080898931668,316.0,0,0.0602973517146431,0.086609192167607,0.0,0,0,0,0,0,0,Não contemplado,333,331,256,75,0.0,0.0,0,0,262.0,Não contemplado,0,0.0,0.0
4104105,Campo do Tenente,304.488,Campo do Tenente,Campo do Tenente,Metropolitana de Curitiba,Rio Negro,Curitiba,Curitiba,7508.0,580.0,1215.0,P1,P2,128.0,0.2206896551724138,1409.0,1.159670781893004,1.0,4.0,0.25,66.08348457350273,71.7113017843332,75.0,70.62221848030612,18.02,0.1618273841236014,15.45,32.433405327573794,94.05649550137176,82.79742765273312,76.48189602946358,0.023076923076923,449.0,0.3798646362098138,0.4449173276563166,2.307692307692308,60.13324715983149,64.62114032336223,55.06989536848661,0.6557322474540981,0.624627601230459,0.6557322474540982,0.5875748508409012,0.0,0.5875748508409012,86.0,1,0.1387524286615367,-0.7702631294525194,-1.0,1,0,1,0,1,1,Técnica e consolidada,232,201,26,64,17.241379310344826,17.241379310344826,1,0,29.0,Nas três etapas,1,17.241379310344826,17.241379310344826
4104204,Campo Largo,1243.551,Campo Largo,Campo Largo,Metropolitana de Curitiba,Curitiba,Curitiba,Curitiba,136327.0,8119.0,18537.0,M1,M1,2467.0,0.3038551545756867,19296.0,1.04094513675352,8.0,30.0,0.2666666666666666,53.302260454683946,79.78780303995234,73.33333333333334,62.5544948494852,10.7,0.1359745318242167,11.42,19.258459323254137,79.03043116026205,61.20042872454447,45.39320972467573,0.0401267159450897,2739.0,0.1557577480807506,0.555496425062272,4.012671594508976,21.587261938500465,46.21604857328189,26.48768600738499,0.4469551428768322,0.3748215251926318,0.4469551428768322,1.6832066750929695,1.0,0.6832066750929697,39.0,2,2.1169166832089767,3.0630834818109944,3.0,0,3,3,1,1,1,Técnica e consolidada,14,16,242,349,3.695036334523956,2.463357556349304,2,-1,9.0,Nas três etapas,1,2.463357556349304,3.695036334523956
4104253,Campo Magro,275.352,Campo Magro,Campo Magro,Metropolitana de Curitiba,Curitiba,Curitiba,Curitiba,30160.0,1911.0,4234.0,P2,P3,448.0,0.2344322344322344,4096.0,0.9674067076051016,0.0,4.0,0.0,63.97146712936187,84.79037190075476,100.0,84.88309549387711,5.31,0.1403846153846153,11.27,9.557235421166306,81.59363767074048,60.39657020364415,40.43513022477153,0.0669291338582677,836.0,0.2098920411749937,0.441871734359986,6.692913385826772,30.898263840308083,65.12805732094459,42.47584206221314,0.590306010673904,0.5054915038105761,0.5054915038105761,0.768380592309492,0.0,0.768380592309492,22.0,1,0.4835208090147708,0.7279364698873537,1.0,0,1,1,0,1,1,Técnica e consolidada,65,65,55,192,5.232862375719519,5.232862375719519,1,0,29.0,Nas três etapas,1,5.2328623757195185,5.232862375719519
4104303,Campo Mourão,749.637,Campo Mourão,Campo Mourão,Centro Ocidental Paranaense,Campo Mourão,Maringá,Campo Mourão,99432.0,6305.0,12740.0,P4,P4,2022.0,0.3206978588421887,14521.0,1.139795918367347,11.0,31.0,0.3548387096774194,50.71380274635836,73.06332105558369,64.51612903225806,53.82712449598596,11.97,0.1281277657092284,11.98,21.544276457883367,74.46977335941044,64.20150053590568,45.84659275314048,0.081081081081081,2409.0,0.186527293844367,0.6259201721091477,8.108108108108109,26.8795689540188,34.49452473931732,25.280277700344406,0.4081227942916024,0.3510291007003193,0.4081227942916024,1.2180553337106024,1.0,0.2180553337106023,390.0,1,1.4549020091752909,2.0486806825803767,2.0,0,2,2,1,1,1,Técnica e consolidada,23,22,299,355,3.1720856463124507,1.5860428231562254,2,0,9.0,Nas três etapas,1,3.1720856463124507,3.1720856463124507
4104402,Cândido de Abreu,1510.16,Cândido de Abreu,Cândido de Abreu,Norte Central Paranaense,Ivaiporã,Londrina,Ivaiporã,15244.0,944.0,2069.0,P1,P2,195.0,0.2065677966101695,2133.0,1.03093281778637,1.0,3.0,0.3333333333333333,68.25379125780553,80.46890699701945,66.66666666666667,72.62934805636503,10.36,0.1357255313565993,11.87,18.64650827933765,78.88570836511133,63.61200428724544,46.4263578625584,0.029126213592233,658.0,0.3321554770318021,0.2587833148593555,2.912621359223301,51.92735683691249,95.60180180192292,67.16565441985468,0.6520327256299956,0.6411053383569749,0.6520327256299956,0.6518951075007915,0.0,0.6518951075007915,49.0,1,0.2362788270787815,0.3903403547076178,1.0,0,1,1,0,1,1,Técnica e consolidada,121,133,28,11,10.59322033898305,10.59322033898305,1,0,29.0,Nas três etapas,1,10.59322033898305,10.59322033898305
4104428,Candói,1512.786,Candói,Candói,Centro-Sul Paranaense,Guarapuava,Guarapuava,Guarapuava,14973.0,1097.0,2241.0,P1,P2,255.0,0.2324521422060164,2478.0,1.105756358768407,2.0,6.0,0.3333333333333333,64.27577603991749,75.37891635530661,66.66666666666667,67.1339261538681,9.26,0.1496694049288719,13.02,16.666666666666664,86.9900961918369,69.77491961414792,54.097368067605615,0.0813953488372093,628.0,0.2791111111111111,0.5336488950031608,8.13953488372093,42.80382046583799,49.85241208757591,41.48071404521729,0.5426532969315528,0.4913468727142511,0.5426532969315528,0.5762281085844904,0.0,0.5762281085844904,100.0,1,0.2559211461979455,0.3947975999367626,1.0,0,1,1,0,1,1,Técnica e consolidada,125,112,99,206,9.115770282588878,9.115770282588878,1,0,29.0,Nas três etapas,1,9.115770282588878,9.115770282588878
4104451,Cantagalo,583.304,Cantagalo,Cantagalo,Centro-Sul Paranaense,Guarapuava,Guarapuava,Guarapuava,10933.0,725.0,1611.0,P1,P2,229.0,0.3158620689655172,1911.0,1.186219739292365,1.0,3.0,0.3333333333333333,51.456987295825776,69.90526663902483,66.66666666666667,54.0288331621064,13.25,0.1473520534162627,16.19,23.84809215262779,85.64321684072316,86.76312968917472,68.34551811956608,0.0909090909090909,472.0,0.2993024730500951,0.3759633924652695,9.090909090909092,46.27669872226357,76.098024594367,57.348124385500384,0.5821988664295593,0.5888374488763473,0.5821988664295593,0.5601743890365144,0.0,0.5601743890365144,115.0,1,0.1839754424475191,0.2910857364913413,0.0,0,1,1,0,1,1,Técnica e consolidada,179,175,59,45,13.79310344827586,13.79310344827586,1,0,29.0,Nas três etapas,1,13.793103448275861,13.79310344827586
4104501,Capanema,419.036,Capanema,Capanema,Sudoeste Paranaense,Capanema,Cascavel,Francisco Beltrão,20481.0,1293.0,2464.0,P2,P3,590.0,0.4563031709203403,2567.0,1.041801948051948,2.0,7.0,0.2857142857142857,29.873407416452974,79.72951708564608,71.42857142857143,41.98955486662229,8.2,0.1203066256530442,13.33,14.75881929445644,69.92400980712921,71.43622722400858,43.28916887954946,0.0136054421768707,291.0,0.1135831381733021,0.5287434216587226,1.3605442176870748,14.33330422314594,50.66889268020097,23.666388538973425,0.3492021113814818,0.312555778726184,0.312555778726184,0.4340333130106695,0.0,0.4340333130106695,239.0,0,0.2813876413350012,0.3693369746963867,1.0,0,0,0,0,0,0,Não contemplado,92,96,361,365,0.0,0.0,1,1,29.0,Somente na lista publicada,1,7.733952049497294,0.0
4104600,Capitão Leônidas Marques,280.063,Capitão Leônidas Marques,Capitão Leônidas Marques,Oeste Paranaense,Cascavel,Cascavel,Cascavel,14648.0,963.0,1935.0,P1,P2,340.0,0.3530633437175493,2215.0,1.144702842377261,1.0,4.0,0.25,45.73973875498716,72.7295197283242,75.0,53.91218909939106,15.63,0.1320999453850355,14.27,28.1317494600432,76.77846358406877,76.47374062165059,59.0619372971673,0.0,554.0,0.2833759590792838,0.4514805293269061,0.0,43.53736671300973,63.5287428291232,44.72474825436581,0.5126716240093621,0.4942967423193115,0.5126716240093621,0.5289355305925568,0.0,0.5289355305925568,132.0,1,0.2209760900905955,0.3342642610645802,0.0,0,1,1,0,1,1,Técnica e consolidada,128,131,139,167,10.384215991692628,10.384215991692628,1,0,29.0,Nas três etapas,1,10.384215991692628,10.384215991692628
4104659,Carambeí,649.68,Carambeí,Carambeí,Centro Oriental Paranaense,Ponta Grossa,Ponta Grossa,Ponta Grossa,23283.0,1772.0,3786.0,P2,P3,273.0,0.1540632054176072,4109.0,1.0853143159006868,4.0,8.0,0.5,76.32291790424142,76.76951890536726,50.0,70.84845619403956,8.67,0.1626079113516299,14.77,15.604751619870411,94.51014959773708,79.15326902465166,63.984020317774416,0.0388349514563106,795.0,0.2149229521492295,0.7031663337977073,3.883495145631068,31.763571558788588,21.63745928507433,18.96966865486201,0.4872405400311551,0.3834829649528,0.3834829649528,0.6452069146196684,0.0,0.6452069146196684,53.0,1,0.4323594196811342,0.5981618918657275,1.0,0,0,0,-1,1,0,Somente técnica,85,69,179,378,0.0,5.64334085778781,0,0,262.0,Somente na técnica,0,0.0,0.0
4104709,Carlópolis,451.418,Carlópolis,Carlópolis,Norte Pioneiro Paranaense,Wenceslau Braz,Londrina,Santo Antônio da Platina,16905.0,1121.0,2215.0,P1,P2,281.0,0.2506690454950936,2381.0,1.0749435665914222,2.0,5.0,0.4,61.476125639701394,77.47500565778358,60.0,62.85003216966911,9.9,0.1310263235729074,14.14,17.818574514038875,76.15445853270198,75.77706323687032,51.79896940057799,0.050632911392405,554.0,0.24644128113879,0.4264717001337268,5.063291139240507,37.18466795424157,67.69128174163346,46.211196050313234,0.5398428516810855,0.5065651794423737,0.5398428516810854,0.5719746329107808,0.0,0.5719746329107808,103.0,1,0.2529519584241184,-0.6104937350018902,0.0,1,0,1,0,1,1,Técnica e consolidada,110,108,103,151,8.920606601248885,8.920606601248885,1,0,29.0,Nas três etapas,1,8.920606601248885,8.920606601248885
4104808,Cascavel,2091.199,Cascavel,Cascavel,Oeste Paranaense,Cascavel,Cascavel,Cascavel,348051.0,23119.0,45120.0,M2,M2,5285.0,0.2285998529348155,50655.0,1.1226728723404256,46.0,102.0,0.4509803921568627,64.86781207528098,74.2281435551707,54.90196078431373,62.192263982816186,7.09,0.1296361740089814,13.61,12.760979121670266,75.34648281886501,72.93676312968917,46.36393086970544,0.024749868351764,6125.0,0.1317119325634905,0.6886966002973264,2.474986835176409,17.45142453831589,24.0458418720295,12.082409959911692,0.3898265575103224,0.2896068494645134,0.3898265575103223,3.49802522481001,3.0,0.4980252248100099,156.0,4,5.152682782887685,7.161335374083499,7.0,0,6,6,2,1,1,Técnica e consolidada,5,3,321,390,2.595267961417016,1.7301786409446775,4,-2,2.0,Nas três etapas,1,1.7301786409446775,2.595267961417016
4104907,Castro,2531.503,Castro,Castro,Centro Oriental Paranaense,Ponta Grossa,Ponta Grossa,Ponta Grossa,73075.0,5223.0,11291.0,P4,P4,850.0,0.1627417193183994,12595.0,1.1154902134443363,8.0,20.0,0.4,74.9891673468565,74.71675537551327,60.0,73.07245791371993,8.88,0.154512487170715,13.32,15.982721382289416,89.80496801071747,71.38263665594855,56.43138741987518,0.0439189189189189,2993.0,0.275979714153988,0.6132827961418493,4.391891891891892,42.26522577185485,36.59792465498584,32.40581647431594,0.5347758723918938,0.4534425895130858,0.5347758723918938,1.251164724313175,1.0,0.2511647243131749,384.0,1,1.2894268905493098,1.978981280828384,2.0,0,2,2,1,1,1,Técnica e consolidada,29,27,110,306,3.829216925138809,1.9146084625694049,1,-1,29.0,Nas três etapas,1,1.9146084625694046,3.829216925138809
4105003,Catanduvas,580.421,Catanduvas,Catanduvas,Oeste Paranaense,Cascavel,Cascavel,Cascavel,10446.0,707.0,1377.0,P1,P2,145.0,0.2050919377652051,1404.0,1.0196078431372548,1.0,2.0,0.5,68.48060745924217,81.23930644918478,50.0,66.12439201865666,0.0,0.1318207926479035,11.1,0.0,76.61621583900111,59.485530546623785,30.792447053379867,0.0467289719626168,303.0,0.2124824684431977,0.4308053557648914,4.672897196261682,31.343812712235763,66.96997607559045,42.61421116495313,0.4965393068411989,0.4495189451337918,0.4965393068411989,0.47453620257216,0.0,0.47453620257216,180.0,1,0.1572527524830749,0.2353349251998916,0.0,0,1,1,0,1,1,Técnica e consolidada,189,177,165,190,14.144271570014144,14.144271570014144,1,0,29.0,Nas três etapas,1,14.144271570014144,14.144271570014144
4105102,Centenário do Sul,371.834,Centenário do Sul,Centenário do Sul,Norte Central Paranaense,Astorga,Londrina,Londrina,10832.0,647.0,1339.0,P1,P2,98.0,0.151468315301391,1397.0,1.0433159073935774,4.0,6.0,0.6666666666666666,76.72171154315464,79.62652758822738,33.333333333333336,65.36733532739711,0.0,0.1236152141802068,9.69,0.0,71.84701093333702,51.92926045016076,23.097705205503686,0.0,326.0,0.2386530014641288,0.5191105128344807,0.0,35.84509773511384,52.27222074933368,34.92137143954404,0.447350237478772,0.3864583097030659,0.447350237478772,0.4328987695987399,0.0,0.4328987695987399,240.0,0,0.1529131703520968,0.2213189134227393,0.0,0,0,0,0,0,0,Não contemplado,180,187,241,278,0.0,0.0,0,0,262.0,Não contemplado,0,0.0,0.0
4105201,Cerro Azul,1341.189,Cerro Azul,Cerro Azul,Metropolitana de Curitiba,Cerro Azul,Curitiba,Curitiba,16134.0,1096.0,2262.0,P1,P2,195.0,0.177919708029197,2247.0,0.993368700265252,0.0,4.0,0.0,72.65655013446025,83.02426596743483,100.0,91.4560492707425,0.0,0.1402008181480104,12.83,0.0,81.48681196845577,68.7566988210075,39.62109068311757,0.032520325203252,1054.0,0.4641127256715103,0.3672891491742858,3.252032520325204,74.62376835008483,77.54178971253367,69.73994773357096,0.7240261693834888,0.6805939663091459,0.7240261693834888,0.725848002122492,0.0,0.725848002122492,30.0,1,0.2583193363229598,-0.5546507041214426,0.0,1,0,1,0,1,1,Técnica e consolidada,113,113,4,7,9.124087591240876,9.124087591240876,1,0,29.0,Nas três etapas,1,9.124087591240876,9.124087591240876
4105300,Céu Azul,1179.449,Céu Azul,Céu Azul,Oeste Paranaense,Foz do Iguaçu,Cascavel,Cascavel,11087.0,663.0,1332.0,P1,P2,296.0,0.4464555052790347,1525.0,1.144894894894895,0.0,3.0,0.0,31.386838136064146,72.71645504968637,100.0,52.34567797017339,9.17,0.1201407053305673,9.29,16.504679625629947,69.82757443465405,49.78563772775991,30.80252655973746,0.025,138.0,0.1032161555721765,0.5233525962134725,2.5,12.550201697967642,51.566156622989766,23.797600338713057,0.3661781663550206,0.3090820110921,0.3661781663550206,0.3683469838566324,0.0,0.3683469838566324,314.0,0,0.1521137736437588,0.207814516353973,0.0,0,0,0,0,0,0,Não contemplado,175,182,347,364,0.0,0.0,0,0,262.0,Não contemplado,0,0.0,0.0
4105409,Chopinzinho,959.692,Chopinzinho,Chopinzinho,Sudoeste Paranaense,Pato Branco,Cascavel,Pato Branco,21085.0,1435.0,2775.0,P2,P3,503.0,0.3505226480836237,3071.0,1.106666666666667,3.0,8.0,0.375,46.13020355767468,75.31699120952486,62.5,50.06565318046336,7.55,0.1316101493953047,14.13,13.588912886969045,76.49378683078506,75.72347266881029,49.33679441339026,0.027906976744186,604.0,0.213729653220099,0.5051107658734474,2.7906976744186047,31.558326270386733,54.60237747280365,35.35289391840305,0.4403477772222461,0.4109222586981255,0.4109222586981255,0.5315192969342971,0.0,0.5315192969342971,130.0,1,0.3169036950911641,-0.5528735227321926,0.0,1,0,1,0,1,1,Técnica e consolidada,91,88,249,271,6.968641114982578,6.968641114982578,1,0,29.0,Nas três etapas,1,6.968641114982578,6.968641114982578
4105508,Cianorte,811.666,Cianorte,Cianorte,Noroeste Paranaense,Cianorte,Maringá,Cianorte,79527.0,5041.0,10122.0,P4,P4,1793.0,0.3556833961515572,11276.0,1.1140090891128236,8.0,21.0,0.3809523809523809,45.3370780651291,74.81751121903079,61.90476190476191,48.93633903447128,10.76,0.1272775283865856,12.21,19.36645068394528,73.97560271366135,65.43408360128618,44.94797309167801,0.0397350993377483,1201.0,0.1177220152911193,0.5686708027987729,3.9735099337748334,15.045183708636866,44.02326859335183,21.94834506950331,0.3734346825992544,0.3194586946693184,0.3734346825992544,0.9943622701307352,0.0,0.9943622701307352,2.0,1,1.1559276402568517,1.5875911117038743,2.0,0,1,1,0,1,1,Técnica e consolidada,27,29,339,372,1.9837333862328903,1.9837333862328903,2,1,9.0,Nas três etapas,1,3.9674667724657806,1.9837333862328903
4105607,Cidade Gaúcha,403.045,Cidade Gaúcha,Cidade Gaúcha,Noroeste Paranaense,Cianorte,Maringá,Umuarama,11467.0,788.0,1544.0,P1,P2,280.0,0.3553299492385787,1810.0,1.172279792746114,2.0,4.0,0.5,45.39139727491317,70.85355372267715,50.0,42.29766401649477,6.9,0.1346472486264934,15.17,12.41900647948164,78.25899431851987,81.29689174705251,53.18790028502407,0.0,269.0,0.171119592875318,0.5096279991513119,0.0,24.229471856130328,53.85051663394738,29.728442357685264,0.3944802260667683,0.3693417827491492,0.3944802260667682,0.4057674798002002,0.0,0.4057674798002002,277.0,0,0.1763240739534261,0.2458804345075872,0.0,0,0,0,0,0,0,Não contemplado,169,162,315,324,0.0,0.0,0,0,262.0,Não contemplado,0,0.0,0.0
4105706,Clevelândia,703.638,Clevelândia,Clevelândia,Centro-Sul Paranaense,Palmas,Cascavel,Pato Branco,15070.0,1091.0,2149.0,P1,P2,257.0,0.2355637030247479,2755.0,1.281991624011168,3.0,7.0,0.4285714285714285,63.79757827198611,63.39023152360659,57.14285714285714,57.66927567534801,23.26,0.1426011944260119,15.59,41.864650827933765,82.88194655470733,83.54769560557341,75.86194817620304,0.0526315789473684,631.0,0.2861678004535147,0.4882965992546407,5.263157894736842,44.01755845209376,57.40097401211316,44.525864531590216,0.5605044571801591,0.5342176348926434,0.5605044571801591,0.583791202222823,0.0,0.583791202222823,89.0,1,0.245414789459788,0.3829708728099295,1.0,0,1,1,0,1,1,Técnica e consolidada,124,114,82,169,9.16590284142988,9.16590284142988,1,0,29.0,Nas três etapas,1,9.165902841429881,9.16590284142988
4105805,Colombo,197.58,Colombo,Colombo,Metropolitana de Curitiba,Curitiba,Curitiba,Curitiba,232212.0,14801.0,33632.0,M2,M2,3929.0,0.2654550368218363,37968.0,1.1289248334919124,14.0,60.0,0.2333333333333333,59.203752235802,73.80284393240814,76.66666666666666,66.40935386950292,8.21,0.1448331696897662,12.73,14.776817854571636,84.17920395333238,68.22079314040728,50.19248076028837,0.056998556998557,6643.0,0.2088402653337105,0.4956760494551752,5.6998556998557,30.717360270709165,56.17271784804474,37.23533085442488,0.5149637004162879,0.4566156543861318,0.5149637004162879,2.8988301329146013,2.0,0.8988301329146013,8.0,3,3.840758584975146,5.818609838299574,6.0,0,5,5,2,1,1,Técnica e consolidada,8,8,134,251,3.378150124991554,2.026890074994933,2,-3,9.0,Nas três etapas,1,1.3512600499966219,3.378150124991554
4105904,Colorado,407.568,Colorado,Colorado,Norte Central Paranaense,Astorga,Maringá,Paranacity - Colorado,22896.0,1302.0,2551.0,P2,P3,298.0,0.2288786482334869,2866.0,1.1234809878479028,4.0,9.0,0.4444444444444444,64.82496563990622,74.17317020966344,55.55555555555556,62.4083267040657,13.89,0.1114168413696715,12.19,25.0,64.75713425027921,65.32690246516613,42.643010520037095,0.0,340.0,0.1312234658433037,0.532216889610719,0.0,17.367409133280287,50.09075903788373,24.23312042771932,0.4318518095672142,0.3555013970145215,0.3555013970145214,0.5082674361278966,0.0,0.5082674361278966,146.0,1,0.2913230004243458,0.3948887340576628,1.0,0,0,0,-1,1,0,Somente técnica,88,95,265,361,0.0,7.680491551459293,0,0,262.0,Somente na técnica,0,0.0,0.0
4106001,Congonhinhas,535.963,Congonhinhas,Congonhinhas,Norte Pioneiro Paranaense,Cornélio Procópio,Londrina,Cornélio Procópio ¿ Bandeirantes,8320.0,517.0,1170.0,P1,P2,141.0,0.2727272727272727,1203.0,1.028205128205128,1.0,4.0,0.25,58.086124401913885,80.65446242863624,75.0,67.65186488469327,0.0,0.140625,13.82,0.0,81.73335280373833,74.06216505894963,43.08718518727857,0.0,427.0,0.3822739480752014,0.3947138949209303,0.0,60.54764450536653,72.97713894642575,58.413450059523,0.5904356301514222,0.5719588005010817,0.5904356301514222,0.5328197685809698,0.0,0.5328197685809698,128.0,1,0.1336134498222205,0.2125035912647088,0.0,0,1,1,0,1,1,Técnica e consolidada,218,217,54,40,19.342359767891683,19.342359767891683,1,0,29.0,Nas três etapas,1,19.342359767891683,19.342359767891683
4106100,Conselheiro Mairinck,204.705,Conselheiro Mairinck,Conselheiro Mairinck,Norte Pioneiro Paranaense,Ibaiti,Londrina,Ibaiti,3461.0,210.0,450.0,P1,P1,88.0,0.419047619047619,539.0,1.1977777777777778,1.0,2.0,0.5,35.598997493734345,69.11901264789881,50.0,33.31724226274883,0.0,0.1300202253683906,13.0,0.0,75.5696992117777,69.66773847802786,36.49582044673192,0.0444444444444444,147.0,0.3333333333333333,0.4084740503929785,4.444444444444445,52.12994602089832,70.68686049507734,55.17293888295923,0.426952365476296,0.4706637587167169,0.426952365476296,0.3526744047965119,0.0,0.3526744047965119,327.0,0,0.0513897883931617,0.0733307801089484,0.0,0,0,0,0,0,0,Não contemplado,353,352,274,62,0.0,0.0,0,0,262.0,Não contemplado,0,0.0,0.0
4106209,Contenda,299.037,Contenda,Contenda,Metropolitana de Curitiba,Curitiba,Curitiba,Curitiba,19128.0,1243.0,2740.0,P1,P2,296.0,0.2381335478680611,2935.0,1.0711678832116789,0.0,5.0,0.0,63.40263369606639,77.73185253801313,100.0,81.4305867899522,12.82,0.1432455039732329,11.76,23.074154067674584,83.25642889808746,63.022508038585215,51.55112068597245,0.0352112676056338,545.0,0.2077773541746092,0.4582118165841374,3.5211267605633805,30.53454144629752,62.40836870352632,39.23964301938266,0.5857831606092844,0.5014012730681453,0.5857831606092843,0.6497173169048658,0.0,0.6497173169048658,51.0,1,0.3129067115494738,-0.5037978059832178,0.0,1,0,1,0,1,1,Técnica e consolidada,98,98,57,235,8.045052292839904,8.045052292839904,1,0,29.0,Nas três etapas,1,8.045052292839904,8.045052292839904
4106308,Corbélia,529.137,Corbélia,Corbélia,Oeste Paranaense,Cascavel,Cascavel,Cascavel,17470.0,1114.0,2303.0,P1,P2,538.0,0.4829443447037702,2474.0,1.0742509769865394,1.0,6.0,0.1666666666666666,25.77907965605217,77.52212016962214,83.33333333333334,42.62507392682893,9.01,0.1318259874069834,13.39,16.216702663786897,76.61923511065699,71.7577706323687,48.57985828537666,0.0305676855895196,451.0,0.1933962264150943,0.4878345454314819,3.056768558951965,28.061013110278267,57.477879532308286,35.16884759187444,0.4083354026455668,0.3934229499756578,0.4083354026455668,0.4711207717532891,0.0,0.4711207717532891,186.0,1,0.2630015170432256,0.370394347401466,1.0,0,0,0,-1,1,0,Somente técnica,108,109,298,274,0.0,8.976660682226212,1,1,29.0,"Técnica, excluído na consolidada, reincluído na publicada",1,8.976660682226212,0.0
4106407,Cornélio Procópio,635.1,Cornélio Procópio,Cornélio Procópio,Norte Pioneiro Paranaense,Cornélio Procópio,Londrina,Cornélio Procópio ¿ Bandeirantes,45206.0,2269.0,4995.0,P3,P3,669.0,0.2948435434111943,5581.0,1.1173173173173174,6.0,17.0,0.3529411764705882,54.68720280206908,74.59246372220669,64.70588235294117,57.89864007367274,13.27,0.1104941821882051,9.89,23.88408927285817,64.22087093723809,53.0010718113612,33.91660138366904,0.0555555555555555,637.0,0.1334590404357846,0.5772604360708076,5.555555555555555,17.75192397761352,42.59358620147127,23.42753542348088,0.3931379047559525,0.3241956954555688,0.3241956954555688,0.6502187818003523,0.0,0.6502187818003523,50.0,1,0.5704266511640955,0.7553565160446306,1.0,0,0,0,-1,1,0,Somente técnica,40,55,317,367,0.0,4.407227853680036,1,1,29.0,"Técnica, excluído na consolidada, reincluído na publicada",1,4.407227853680036,0.0
4106456,Coronel Domingos Soares,1556.186,Coronel Domingos Soares,Coronel Domingos Soares,Centro-Sul Paranaense,Palmas,Cascavel,Pato Branco,5649.0,452.0,875.0,P1,P2,131.0,0.2898230088495575,1180.0,1.3485714285714283,0.0,2.0,0.0,55.45877969259432,58.861034192245945,100.0,66.78912899353635,24.39,0.1548946716232961,17.88,43.898488120950326,90.02709932946532,95.81993569131832,89.25386031932314,0.0238095238095238,419.0,0.4640088593576966,0.4586799230145027,2.380952380952381,74.6059035292813,62.33045577059608,61.41028171843321,0.6913053634865246,0.6805476689363182,0.6913053634865246,0.5883640257888431,0.0,0.5883640257888431,85.0,1,0.0999245885422589,0.1690029925457067,0.0,0,1,1,0,1,1,Técnica e consolidada,281,240,13,28,22.12389380530973,22.12389380530973,1,0,29.0,Nas três etapas,1,22.123893805309734,22.12389380530973
4106506,Coronel Vivida,684.417,Coronel Vivida,Coronel Vivida,Sudoeste Paranaense,Pato Branco,Cascavel,Pato Branco,23331.0,1465.0,3085.0,P2,P3,361.0,0.2464163822525597,3415.0,1.106969205834684,4.0,9.0,0.4444444444444444,62.129692832764505,75.29641050038242,55.55555555555556,60.61079449095115,12.5,0.1322275084651322,13.42,22.49820014398848,76.85260515370629,71.91854233654877,52.74743158504843,0.01953125,576.0,0.1871345029239766,0.515299324555706,1.953125,26.98400783318172,52.90656549977204,31.67564129502341,0.4746406063139951,0.4167702999221396,0.4167702999221396,0.58281735352653,0.0,0.58281735352653,90.0,1,0.3523055493175644,0.49913603877088,1.0,0,1,1,0,1,1,Técnica e consolidada,84,85,206,313,6.825938566552901,6.825938566552901,1,0,29.0,Nas três etapas,1,6.825938566552901,6.825938566552901
4106555,Corumbataí do Sul,164.341,Corumbataí do Sul,Corumbataí do Sul,Centro Ocidental Paranaense,Campo Mourão,Maringá,Campo Mourão,3760.0,219.0,460.0,P1,P1,83.0,0.3789954337899543,494.0,1.0739130434782609,0.0,1.0,0.0,41.75438596491229,77.54510863517835,100.0,63.11398707120358,0.0,0.1223404255319148,10.37,0.0,71.1060847086896,55.57341907824223,24.91018090035186,0.03125,121.0,0.2800925925925926,0.4052285545034275,3.125,42.97263353087153,71.2270498348619,50.03214039718188,0.5024048716742455,0.4762411783262021,0.5024048716742455,0.411000678947806,0.0,0.411000678947806,269.0,0,0.0525317836907875,0.0789240077347769,0.0,0,0,0,0,0,0,Não contemplado,342,346,153,114,0.0,0.0,0,0,262.0,Não contemplado,0,0.0,0.0
4106571,Cruzeiro do Iguaçu,161.862,Cruzeiro do Iguaçu,Cruzeiro do Iguaçu,Sudoeste Paranaense,Francisco Beltrão,Cascavel,Dois Vizinhos,4133.0,253.0,561.0,P1,P1,106.0,0.4189723320158103,633.0,1.1283422459893049,1.0,3.0,0.3333333333333333,35.61056792178074,73.84247537589947,66.66666666666667,42.33723032203246,23.26,0.1357367529639487,8.47,41.864650827933765,78.89223053110254,45.39121114683816,49.55025369591138,0.0,108.0,0.199630314232902,0.4707947494819513,0.0,29.13326510083425,60.31403044338334,35.6094504960022,0.4108872306639614,0.3974316710119009,0.4108872306639613,0.3483686795790174,0.0,0.3483686795790174,332.0,0,0.0640659361968083,0.0903898113006089,0.0,0,0,0,0,0,0,Não contemplado,328,326,293,266,0.0,0.0,0,0,262.0,Não contemplado,0,0.0,0.0
4106605,Cruzeiro do Oeste,775.984,Cruzeiro do Oeste,Cruzeiro do Oeste,Noroeste Paranaense,Umuarama,Maringá,Umuarama,23831.0,1361.0,2879.0,P2,P3,515.0,0.3783982365907421,3076.0,1.0684265369920112,4.0,8.0,0.5,41.84616574500174,77.91833698422711,50.0,42.28684682364781,13.99,0.1208090302547102,10.74,25.179985601151905,70.21601487420963,57.556270096463024,41.31215794418314,0.0,556.0,0.1945416375087473,0.47838679110937,0.0,28.258021776352248,59.050389972435305,34.502874158446744,0.3897831998167445,0.3742152544863423,0.3742152544863423,0.4968789962844516,0.0,0.4968789962844516,159.0,1,0.3287804461864726,0.4518151045262766,1.0,0,0,0,-1,1,0,Somente técnica,81,93,322,281,0.0,7.347538574577516,1,1,29.0,"Técnica, excluído na consolidada, reincluído na publicada",1,7.347538574577516,0.0
4106704,Cruzeiro do Sul,259.103,Cruzeiro do Sul,Cruzeiro do Sul,Noroeste Paranaense,Paranavaí,Maringá,Paranacity - Colorado,4494.0,264.0,559.0,P1,P1,117.0,0.4431818181818182,584.0,1.0447227191413238,0.0,2.0,0.0,31.88995215311005,79.53082697667253,100.0,55.63997713322875,45.45,0.1243880729862038,10.24,81.80345572354211,72.29620802814969,54.87674169346195,76.28778809445875,0.0,141.0,0.2650375939849624,0.3770356354040299,0.0,40.38320061035072,75.91955750493318,49.5034355169476,0.5731492267896229,0.5608761435570606,0.5731492267896229,0.4725758559559735,0.0,0.4725758559559735,182.0,1,0.0638375371372831,0.1004259721876708,0.0,0,1,1,0,1,1,Técnica e consolidada,317,323,67,116,37.87878787878788,37.87878787878788,1,0,29.0,Nas três etapas,1,37.87878787878788,37.87878787878788
4106803,Cruz Machado,1478.35,Cruz Machado,Cruz Machado,Sudeste Paranaense,União da Vitória,Curitiba,União da Vitória,15978.0,890.0,2008.0,P1,P2,184.0,0.2067415730337078,2209.0,1.1000996015936255,1.0,4.0,0.25,68.22708456534595,75.76372627881707,75.0,74.13514818843119,25.51,0.1256728001001376,12.45,45.9143268538517,73.04291063764077,66.72025723472669,61.742376798912126,0.0151515151515151,396.0,0.2066805845511482,0.3658297538483211,1.5151515151515151,30.345899026378746,77.7846955193645,46.05935312502538,0.6042627588516505,0.548111168724839,0.6042627588516505,0.6084590712123557,0.0,0.6084590712123557,68.0,1,0.229312655763264,0.3678777537743727,1.0,0,1,1,0,1,1,Técnica e consolidada,114,147,48,153,11.235955056179776,11.235955056179776,1,0,29.0,Nas três etapas,1,11.235955056179776,11.235955056179776
4106852,Cruzmaltina,312.299,Cruzmaltina,Cruzmaltina,Norte Central Paranaense,Faxinal,Londrina,Ivaiporã,2892.0,173.0,367.0,P1,P1,70.0,0.4046242774566474,432.0,1.1771117166212537,0.0,1.0,0.0,37.81563735929419,70.5248543991336,100.0,56.83855419285192,0.0,0.1269017980636237,12.79,0.0,73.75722263155853,68.54233654876741,34.66171533459891,1.0,108.0,0.3068181818181818,0.4346060565623652,100.0,47.56938723139882,66.33737689063507,100.0,0.6966776474406055,0.7830005390549016,0.6966776474406055,0.5518776923375206,0.0,0.5518776923375206,117.0,1,0.0419112274228674,0.0711098427451789,0.0,0,1,1,0,1,1,Técnica e consolidada,374,367,11,1,57.80346820809248,57.80346820809248,1,0,29.0,Nas três etapas,1,57.80346820809248,57.80346820809248
4106902,Curitiba,434.892,Curitiba,Curitiba,Metropolitana de Curitiba,Curitiba,Curitiba,Curitiba,1773718.0,85003.0,202402.0,G2,G2,17725.0,0.2085220521628648,233206.0,1.1521921720141106,379.0,604.0,0.6274834437086093,67.95345303602288,72.22004614201774,37.251655629139066,56.51103613839896,7.1,0.1141117133614249,10.37,12.778977681785456,66.32343414903758,55.57341907824223,29.90225405983405,0.039521185635569,23579.0,0.1271468397978937,0.8331657247483765,3.952118563556907,16.666236721262447,0.0,0.0,0.2858486526732639,0.172826580396466,0.2858486526732639,13.978722034686252,13.0,0.9787220346862532,3.0,14,23.114213223006058,29.721379930404883,30.0,0,10,10,-4,1,1,Técnica e consolidada,1,1,395,399,1.1764290672093929,1.6470006940931496,6,-4,1.0,Nas três etapas,1,0.7058574403256356,1.1764290672093929
4107009,Curiúva,576.263,Curiúva,Curiúva,Norte Pioneiro Paranaense,Ibaiti,Ponta Grossa,Telêmaco Borba,13647.0,900.0,1786.0,P1,P2,101.0,0.1122222222222222,1874.0,1.049272116461366,2.0,3.0,0.6666666666666666,82.75321637426902,79.22134697237804,33.333333333333336,70.2780041586458,11.36,0.1308712537554041,11.65,20.44636429085673,76.06432963596806,62.433011789924976,45.052585532615694,0.0,567.0,0.3141274238227147,0.3727451146873939,0.0,48.82656382529093,76.63368367613353,54.24116885607033,0.5881818631240959,0.5561081925189449,0.5881818631240959,0.5783926195232227,0.0,0.5783926195232227,98.0,1,0.2039603601559708,0.3239261447959714,0.0,0,1,1,0,1,1,Técnica e consolidada,145,142,56,70,11.11111111111111,11.11111111111111,1,0,29.0,Nas três etapas,1,11.11111111111111,11.11111111111111
4107108,Diamante do Norte,242.887,Diamante do Norte,Diamante do Norte,Noroeste Paranaense,Paranavaí,Maringá,Paranavaí,5142.0,233.0,591.0,P1,P2,112.0,0.4806866952789699,614.0,1.038917089678511,1.0,2.0,0.5,26.126044725547786,79.92576417487415,50.0,29.88875744386263,0.0,0.1149358226371061,8.17,0.0,66.80241878319283,43.78349410503751,14.863020255470763,0.0,141.0,0.2748538011695906,0.4062733344258818,0.0,42.07157074581168,71.05315376605226,47.859242974550256,0.340718042184593,0.3766590132459683,0.340718042184593,0.2966782858023895,0.0,0.2966782858023895,360.0,0,0.0674919220896857,0.0904876376473585,0.0,0,0,0,0,0,0,Não contemplado,295,340,365,126,0.0,0.0,0,0,262.0,Não contemplado,0,0.0,0.0
4107124,Diamante do Sul,347.233,Diamante do Sul,Diamante do Sul,Oeste Paranaense,Cascavel,Cascavel,Cascavel,3171.0,215.0,407.0,P1,P1,47.0,0.2186046511627907,483.0,1.1867321867321867,0.0,1.0,0.0,66.40391676866585,69.8704065851056,100.0,80.64756423091175,51.28,0.1283506780195522,11.67,92.29661627069834,74.5993333274388,62.540192926045016,89.06071530995135,0.125,178.0,0.4309927360774818,0.3619691514311328,12.5,68.92718918609751,78.42726489608928,72.03541052201979,0.7888533296316289,0.7716290222138449,0.7888533296316288,0.6253081858254725,0.0,0.6253081858254725,59.0,1,0.0464792086133707,0.0831444870866713,0.0,0,1,1,0,1,1,Técnica e consolidada,366,348,1,6,46.51162790697674,46.51162790697674,1,0,29.0,Nas três etapas,1,46.51162790697674,46.51162790697674
4107157,Diamante D'Oeste,309.11,Diamante D'Oeste,Diamante D'Oeste,Oeste Paranaense,Toledo,Cascavel,Cascavel,4557.0,277.0,686.0,P1,P1,72.0,0.259927797833935,781.0,1.1384839650145773,0.0,1.0,0.0,60.05320159604789,73.15256877361891,100.0,76.6798523725228,40.82,0.1505376344086021,12.07,73.47012239020879,87.49472414832681,64.68381564844587,86.696207374668,0.0652173913043478,165.0,0.2657004830917874,0.3880627620367873,6.521739130434782,40.49721635492856,74.08417195579482,51.9869622606113,0.6880596732818723,0.6386738930580494,0.6880596732818723,0.5707694489342648,0.0,0.5707694489342648,104.0,1,0.078340877417131,0.1322440759373774,0.0,0,1,1,0,1,1,Técnica e consolidada,315,311,14,96,36.101083032490976,36.101083032490976,1,0,29.0,Nas três etapas,1,36.101083032490976,36.101083032490976
4107207,Dois Vizinhos,418.648,Dois Vizinhos,Dois Vizinhos,Sudoeste Paranaense,Francisco Beltrão,Cascavel,Dois Vizinhos,44869.0,3063.0,5782.0,P3,P3,1164.0,0.3800195886385896,6429.0,1.1118989968868904,5.0,13.0,0.3846153846153846,41.596989535543074,74.96105360612162,61.53846153846154,45.69160428569216,4.66,0.1288640263879293,14.42,8.387329013678906,74.89769907537685,77.27759914255091,46.06327137852805,0.0319148936170212,828.0,0.1353162281418532,0.6260590249163913,3.191489361702128,18.07135695207047,34.471413692862555,18.16762056921377,0.3475634421766798,0.2925154747437231,0.2925154747437231,0.6643181015888427,0.0,0.6643181015888427,46.0,1,0.6603016810872473,0.8534501408045618,1.0,0,0,0,-1,1,0,Somente técnica,42,38,362,380,0.0,3.26477309826967,1,1,29.0,"Técnica, excluído na consolidada, reincluído na publicada",1,3.26477309826967,0.0
4107256,Douradina,420.604,Douradina,Douradina,Noroeste Paranaense,Umuarama,Maringá,Umuarama,9161.0,590.0,1208.0,P1,P2,219.0,0.3711864406779661,1364.0,1.1291390728476822,2.0,4.0,0.5,42.95450490633364,73.78826995874098,50.0,41.480863288666136,0.0,0.1318633336971946,10.92,0.0,76.64094133297696,58.520900321543415,30.20566851006217,0.0909090909090909,168.0,0.1401167639699749,0.6169903351915259,9.090909090909092,18.897040556131248,35.980831569790986,22.42784561826532,0.3160461726478501,0.2779401373070485,0.3160461726478501,0.3202519566448829,0.0,0.3202519566448829,348.0,0,0.1379530319531986,0.1815525597071736,0.0,0,0,0,0,0,0,Não contemplado,206,198,380,369,0.0,0.0,0,0,262.0,Não contemplado,0,0.0,0.0
4107306,Doutor Camargo,118.279,Doutor Camargo,Doutor Camargo,Norte Central Paranaense,Floraí,Maringá,Maringá,6327.0,353.0,689.0,P1,P2,146.0,0.4135977337110481,699.0,1.014513788098694,1.0,4.0,0.25,36.43655881914419,81.58583766294903,75.0,49.805144223950606,33.33,0.1088983720562667,9.17,59.98920086393088,63.293362225974136,49.142550911039656,53.46897163333768,0.0,148.0,0.2096317280453258,0.3928061653195978,0.0,30.85349044609041,73.29466675385547,43.2151117687944,0.4790189672376553,0.465838902327343,0.4790189672376554,0.4100139598116182,0.0,0.4100139598116182,270.0,0,0.0786834760064187,0.1163743534216823,0.0,0,1,1,1,0,1,Somente consolidada,258,277,197,183,28.328611898017,0.0,1,0,29.0,Entrou na consolidada,1,28.328611898016998,28.328611898017
4107405,Enéas Marques,192.203,Enéas Marques,Enéas Marques,Sudoeste Paranaense,Francisco Beltrão,Cascavel,Francisco Beltrão,5999.0,346.0,782.0,P1,P2,77.0,0.222543352601156,887.0,1.1342710997442456,1.0,2.0,0.5,65.79860054761181,73.43915564881014,50.0,60.57920408962373,0.0,0.1303550591765294,14.67,0.0,75.76430962792865,78.61736334405145,42.20452780936345,0.0,180.0,0.2390438247011952,0.4643165655485597,0.0,35.91231863513114,61.39227734957981,39.67451600497986,0.4854239359971412,0.4436145598278534,0.4854239359971412,0.4218143494763754,0.0,0.4218143494763754,253.0,0,0.0893040322743388,0.1326543471213642,0.0,0,1,1,1,0,1,Somente consolidada,268,280,183,227,28.90173410404624,0.0,1,0,29.0,Entrou na consolidada,1,28.90173410404624,28.90173410404624
4107504,Engenheiro Beltrão,467.47,Engenheiro Beltrão,Engenheiro Beltrão,Centro Ocidental Paranaense,Campo Mourão,Maringá,Campo Mourão,12454.0,661.0,1446.0,P1,P2,350.0,0.529500756429652,1592.0,1.1009681881051177,2.0,8.0,0.25,18.62409427502191,75.70463929687278,75.0,32.32137039394495,7.25,0.1161072747711578,9.56,13.04895608351332,67.48328428054494,51.232583065380496,28.08492441784484,0.0138888888888888,427.0,0.3054363376251788,0.4392231853482224,1.3888888888888888,47.33171249374863,65.56888916628996,48.46184819235434,0.3793027231808868,0.4115836787777056,0.3793027231808868,0.3867662124147114,0.0,0.3867662124147114,298.0,0,0.1651325200366931,0.2277677345723331,0.0,0,0,0,0,0,0,Não contemplado,158,184,333,124,0.0,0.0,0,0,262.0,Não contemplado,0,0.0,0.0
4107520,Esperança Nova,141.286,Esperança Nova,Esperança Nova,Noroeste Paranaense,Umuarama,Maringá,Umuarama,1849.0,89.0,224.0,P1,P1,53.0,0.5955056179775281,237.0,1.0580357142857142,0.0,1.0,0.0,8.480189237137793,78.62518926147293,100.0,35.5365365899835,0.0,0.1211465657111952,6.49,0.0,70.41219552877787,34.78027867095391,11.495919322388495,0.0476190476190476,61.0,0.2904761904761905,0.4393962370641333,4.761904761904762,44.75859385501341,65.54008595859912,48.86078262987626,0.360581115524216,0.3872296076040015,0.360581115524216,0.286158756242454,0.0,0.286158756242454,368.0,0,0.0255806946668182,0.0348046100856639,0.0,0,0,0,0,0,0,Não contemplado,396,397,352,120,0.0,0.0,0,0,262.0,Não contemplado,0,0.0,0.0
4107538,Entre Rios do Oeste,120.967,Entre Rios do Oeste,Entre Rios do Oeste,Oeste Paranaense,Toledo,Cascavel,Marechal Cândido Rondon,4575.0,303.0,576.0,P1,P1,166.0,0.5478547854785478,673.0,1.1684027777777777,0.0,1.0,0.0,15.803369810665288,71.11729384574015,100.0,38.543497923031,0.0,0.1259016393442623,16.17,0.0,73.17591542822124,86.65594855305467,45.60705897598458,0.0119047619047619,63.0,0.1062394603709949,0.5400050823069187,1.1904761904761905,13.070204733428652,48.794470638868994,21.955168720797065,0.3332087845272814,0.3000321261228135,0.3332087845272813,0.289875627421039,0.0,0.289875627421039,365.0,0,0.065778929143247,0.0876970461705745,0.0,0,0,0,0,0,0,Não contemplado,313,300,368,371,0.0,0.0,0,0,262.0,Não contemplado,0,0.0,0.0
4107546,Espigão Alto do Iguaçu,326.44,Espigão Alto do Iguaçu,Espigão Alto do Iguaçu,Centro-Sul Paranaense,Guarapuava,Cascavel,Laranjeiras do Sul - Quedas do Iguaçu,4797.0,368.0,734.0,P1,P1,66.0,0.1793478260869565,775.0,1.055858310626703,0.0,1.0,0.0,72.4370709382151,78.77331061609124,100.0,89.4805002082657,0.0,0.1530122993537627,11.88,0.0,88.93303641878978,63.66559485530547,41.091382428203296,0.0476190476190476,325.0,0.4409769335142469,0.3629002584297024,4.761904761904762,70.64445334543366,78.272288864092,68.8402850885244,0.715465906043567,0.6741854758040843,0.715465906043567,0.5957418545619582,0.0,0.5957418545619582,78.0,1,0.0838224548457349,-0.8562054365512654,-1.0,1,0,1,0,1,1,Técnica e consolidada,305,271,7,8,27.17391304347826,27.17391304347826,1,0,29.0,Nas três etapas,1,27.17391304347826,27.17391304347826
4107553,Farol,289.232,Farol,Farol,Centro Ocidental Paranaense,Campo Mourão,Maringá,Campo Mourão,3039.0,161.0,397.0,P1,P1,37.0,0.2298136645962732,422.0,1.0629722921914355,0.0,1.0,0.0,64.68126838836221,78.28937068068375,100.0,82.74263982875016,0.0,0.1306350773280684,9.21,0.0,75.92706036479045,49.35691318327975,24.038957282025432,0.0606060606060606,91.0,0.2446236559139785,0.4601005784856802,6.0606060606060606,36.872039656029,62.093997932671385,43.66960692173468,0.5537269015659901,0.4755808357519593,0.5537269015659901,0.4454048623899236,0.0,0.4454048623899236,217.0,0,0.0453372133157449,0.0704416479707087,0.0,0,1,1,1,0,1,Somente consolidada,371,375,87,180,62.11180124223602,0.0,1,0,29.0,Entrou na consolidada,1,62.11180124223602,62.11180124223602
4107603,Faxinal,715.943,Faxinal,Faxinal,Norte Central Paranaense,Faxinal,Londrina,Ivaiporã,16389.0,1105.0,2349.0,P1,P2,323.0,0.2923076923076923,2659.0,1.1319710515112813,7.0,12.0,0.5833333333333334,55.07692307692308,73.59562009606327,41.66666666666666,48.10217175835277,10.0,0.14332784184514,14.52,17.998560115190784,83.30428490046037,77.81350482315112,57.646281830850256,0.1111111111111111,779.0,0.3363557858376511,0.4237263130616791,11.11111111111111,52.6498024632247,68.1482315823888,57.5775808499894,0.5380115740950692,0.5569623922783424,0.5380115740950692,0.5805838382299552,0.0,0.5805838382299552,93.0,1,0.2682546954123043,0.4125788263494716,1.0,0,1,1,0,1,1,Técnica e consolidada,112,110,106,44,9.049773755656108,9.049773755656108,1,0,29.0,Nas três etapas,1,9.049773755656108,9.049773755656108
4107652,Fazenda Rio Grande,116.678,Fazenda Rio Grande,Fazenda Rio Grande,Metropolitana de Curitiba,Curitiba,Curitiba,Curitiba,148873.0,11090.0,24618.0,M1,M1,1781.0,0.160595130748422,26388.0,1.0718986107726054,7.0,20.0,0.35,75.3190641165583,77.68214363092399,65.0,76.70567394692316,9.92,0.165362423004843,12.91,17.85457163426926,96.11111295954385,69.18542336548768,60.16516423907385,0.0546697038724373,3274.0,0.1388052740916606,0.5313410694294042,5.466970387243736,18.67146663518012,50.236532978635786,27.81160807294633,0.5383994565576257,0.440611324809672,0.5383994565576257,2.259862828526887,2.0,0.2598628285268871,378.0,2,2.811364023695236,3.325000886238411,3.0,1,3,4,2,1,1,Técnica e consolidada,12,10,104,336,3.606853020739405,1.8034265103697025,3,-1,5.0,Nas três etapas,1,2.705139765554554,3.606853020739405
4107702,Fênix,234.099,Fênix,Fênix,Centro Ocidental Paranaense,Campo Mourão,Maringá,Campo Mourão,4492.0,281.0,506.0,P1,P1,154.0,0.5480427046263345,557.0,1.1007905138339922,1.0,4.0,0.25,15.774489604794908,75.71672587237339,75.0,29.92576342542324,18.52,0.1126447016918967,14.47,33.33333333333333,65.47078503008464,77.54555198285102,55.919055540002816,0.0,215.0,0.3959484346224677,0.4122790418581808,0.0,62.89963181267618,70.0535471594817,58.11772385272504,0.4640120601925988,0.5203959810472023,0.4640120601925987,0.3850573470619696,0.0,0.3850573470619696,300.0,0,0.0577849620598663,0.084597881353416,0.0,0,0,0,0,0,0,Não contemplado,318,307,219,41,0.0,0.0,0,0,262.0,Não contemplado,0,0.0,0.0
4107736,Fernandes Pinheiro,406.5,Fernandes Pinheiro,Fernandes Pinheiro,Sudeste Paranaense,Prudentópolis,Ponta Grossa,Irati,6255.0,394.0,940.0,P1,P2,94.0,0.2385786802030456,915.0,0.973404255319149,1.0,2.0,0.5,63.33422388458456,84.38237915760118,50.0,63.112700776299846,0.0,0.1502797761790567,9.91,0.0,87.34485308949102,53.10825294748124,33.508982456567495,0.043859649122807,371.0,0.4369846878680801,0.4273838838698265,4.385964912280701,69.9577942116526,67.53945534994017,62.737781286813785,0.5704198931655894,0.5696700541866173,0.5704198931655894,0.4995665055848035,0.0,0.4995665055848035,153.0,1,0.1073475579768267,0.1685807405295552,0.0,0,1,1,0,1,1,Técnica e consolidada,260,258,71,24,25.38071065989848,25.38071065989848,1,0,29.0,Nas três etapas,1,25.380710659898476,25.38071065989848
4107751,Figueira,129.769,Figueira,Figueira,Norte Pioneiro Paranaense,Ibaiti,Londrina,Ibaiti,8062.0,433.0,991.0,P1,P2,127.0,0.2933025404157043,1074.0,1.0837537840565086,0.0,1.0,0.0,54.92403063084965,76.87567657150697,100.0,73.92699243335697,0.0,0.1229223517737534,10.3,0.0,71.44430894214696,55.19828510182209,24.88713830412567,0.0329670329670329,343.0,0.3700107874865156,0.4577456619545211,3.296703296703297,58.438402746826455,62.48595677332502,53.60006228789877,0.5598824954932743,0.519228635202358,0.5598824954932743,0.4952508138632731,0.0,0.4952508138632731,161.0,1,0.1131717339947184,0.1765346068429824,0.0,0,1,1,0,1,1,Técnica e consolidada,225,250,83,79,23.094688221709006,23.094688221709006,1,0,29.0,Nas três etapas,1,23.094688221709006,23.094688221709006
4107801,Floraí,191.133,Floraí,Floraí,Norte Central Paranaense,Floraí,Maringá,Maringá,4792.0,251.0,530.0,P1,P1,120.0,0.4780876494023904,620.0,1.169811320754717,1.0,2.0,0.5,26.525477039211577,71.02147546455993,50.0,26.47448080195764,0.0,0.110601001669449,9.39,0.0,64.28295601703775,50.321543408360135,17.371806812704328,0.0,90.0,0.1744186046511628,0.4135101479156425,0.0,24.796896000110564,69.84863845183979,38.29881968218586,0.2938368155619827,0.3174854933224391,0.2938368155619827,0.256544107585181,0.0,0.256544107585181,379.0,0,0.0605257507741682,0.0783104446411481,0.0,0,0,0,0,0,0,Não contemplado,306,329,391,244,0.0,0.0,0,0,262.0,Não contemplado,0,0.0,0.0
4107850,Flor da Serra do Sul,255.721,Flor da Serra do Sul,Flor da Serra do Sul,Sudoeste Paranaense,Francisco Beltrão,Cascavel,Francisco Beltrão,4364.0,268.0,570.0,P1,P1,83.0,0.3097014925373134,687.0,1.2052631578947368,1.0,2.0,0.5,52.403770620581305,68.60980773397833,50.0,47.26021688300192,13.33,0.1306141154903758,15.35,23.99208063354932,75.91487703127544,82.2615219721329,59.55171353867188,0.0336134453781512,176.0,0.3044982698961938,0.419435513870489,3.361344537815126,47.17036651674661,68.8624041036665,51.10278493553992,0.5125554343515112,0.5202405704565872,0.5125554343515112,0.4269604431914006,0.0,0.4269604431914006,245.0,0,0.0650937319646715,0.0984578780253846,0.0,0,1,1,1,0,1,Somente consolidada,323,319,140,106,37.3134328358209,0.0,1,0,29.0,Entrou na consolidada,1,37.3134328358209,37.3134328358209
4107900,Floresta,158.226,Floresta,Floresta,Norte Central Paranaense,Floraí,Maringá,Maringá,10458.0,745.0,1472.0,P1,P2,374.0,0.5020134228187919,1601.0,1.0876358695652173,1.0,4.0,0.25,22.84846344048041,76.61159151685285,75.0,36.26230123109481,0.0,0.1407534901510805,14.15,0.0,81.80803320089437,75.83065380493034,44.23786787788161,0.03125,162.0,0.1056751467710371,0.4377725651281842,3.125,12.973143800291956,65.81033442014575,31.709155921106603,0.3603615643645689,0.3512552737445925,0.3603615643645689,0.3735837601492613,0.0,0.3735837601492613,309.0,0,0.1681017078105202,0.228679102209475,0.0,0,0,0,0,0,0,Não contemplado,188,167,353,311,0.0,0.0,0,0,262.0,Não contemplado,0,0.0,0.0
4108007,Florestópolis,246.853,Florestópolis,Florestópolis,Norte Central Paranaense,Porecatu,Londrina,Londrina,11446.0,720.0,1471.0,P1,P2,261.0,0.3625,1498.0,1.0183548606390211,2.0,7.0,0.2857142857142857,44.289473684210535,81.32454258084246,71.42857142857143,54.806494965027454,6.76,0.1285165123187139,10.48,12.167026637868968,74.69571870187684,56.162915326902464,35.11501741761357,0.0215827338129496,641.0,0.4345762711864406,0.4895975724715457,2.158273381294964,69.54355083612629,57.18443642062216,56.01365648594383,0.5135106406391123,0.515924963680945,0.5135106406391123,0.4949671271691654,0.0,0.4949671271691654,162.0,1,0.1679875082807576,0.2542508812773777,0.0,0,1,1,0,1,1,Técnica e consolidada,170,176,136,57,13.88888888888889,13.88888888888889,1,0,29.0,Nas três etapas,1,13.88888888888889,13.88888888888889
4108106,Flórida,83.046,Flórida,Flórida,Norte Central Paranaense,Astorga,Maringá,Maringá,2652.0,172.0,342.0,P1,P1,94.0,0.5465116279069767,380.0,1.1111111111111112,0.0,1.0,0.0,16.009791921664636,75.01465079188458,100.0,40.35909930546725,0.0,0.1289592760180995,13.95,0.0,74.95305958472535,74.7588424437299,39.28920958487835,0.0,61.0,0.1826347305389221,0.4680144062506849,0.0,26.21005500512865,60.77679848425737,34.33651226363062,0.3773608654461481,0.3653156913624749,0.3773608654461482,0.3071940913526059,0.0,0.3071940913526059,354.0,0,0.0390562391788029,0.0537945353963877,0.0,0,0,0,0,0,0,Não contemplado,380,368,336,287,0.0,0.0,0,0,262.0,Não contemplado,0,0.0,0.0
4108205,Formosa do Oeste,275.901,Formosa do Oeste,Formosa do Oeste,Oeste Paranaense,Toledo,Cascavel,Toledo,7635.0,470.0,825.0,P1,P2,204.0,0.4340425531914894,870.0,1.0545454545454545,2.0,4.0,0.5,33.29451287793953,78.86261974367017,50.0,35.48012404966415,0.0,0.1080550098231827,10.48,0.0,62.80318748508162,56.162915326902464,20.09473733642137,0.3333333333333333,135.0,0.152027027027027,0.4313848016064069,33.33333333333333,20.945584568374645,66.87353150218122,52.01247955004823,0.3901598890716923,0.4232246000724605,0.3901598890716922,0.3512420064168262,0.0,0.3512420064168262,328.0,0,0.0942146120541298,0.1309733746421017,0.0,0,0,0,0,0,0,Não contemplado,231,230,320,94,0.0,0.0,0,0,262.0,Não contemplado,0,0.0,0.0
4108304,Foz do Iguaçu,609.192,Foz do Iguaçu,Foz do Iguaçu,Oeste Paranaense,Foz do Iguaçu,Cascavel,Foz do Iguaçu,285415.0,18300.0,39481.0,M2,M2,4900.0,0.2677595628415301,43678.0,1.106304298270054,29.0,73.0,0.3972602739726027,58.84958297382801,75.34164189730846,60.273972602739725,59.85401837748399,9.14,0.1383283989979503,14.08,16.45068394528438,80.39853395964984,75.45551982851019,53.393821239307,0.0381944444444444,9447.0,0.2473684210526315,0.5994202099601269,3.8194444444444446,37.34413436652096,38.90525195782432,30.75739297644016,0.4692332878943105,0.411040037092223,0.4692332878943106,3.248675971398781,3.0,0.2486759713987809,385.0,3,4.508711634556486,6.624349219006758,7.0,0,6,6,3,1,1,Técnica e consolidada,7,7,211,318,3.278688524590164,1.639344262295082,3,-3,5.0,Nas três etapas,1,1.639344262295082,3.278688524590164
4108320,Francisco Alves,321.898,Francisco Alves,Francisco Alves,Noroeste Paranaense,Umuarama,Maringá,Umuarama,8116.0,591.0,1120.0,P1,P2,130.0,0.2199661590524534,1192.0,1.0642857142857145,0.0,2.0,0.0,66.19467450351767,78.20002304916626,100.0,83.97999849911695,25.64,0.137999014292755,14.91,46.14830813534917,80.20709064361155,79.90353697749197,74.59128327574994,0.0166666666666666,270.0,0.234375,0.3830284411329215,1.6666666666666667,35.10928911008765,74.92209829367073,47.12113847567137,0.6735871144506532,0.5998693944037621,0.6735871144506532,0.5940624929255108,0.0,0.5940624929255108,79.0,1,0.1279034733340915,-0.7859423951345818,-1.0,1,0,1,0,1,1,Técnica e consolidada,220,197,19,137,16.920473773265652,16.920473773265652,1,0,29.0,Nas três etapas,1,16.920473773265652,16.920473773265652
4108403,Francisco Beltrão,735.111,Francisco Beltrão,Francisco Beltrão,Sudoeste Paranaense,Francisco Beltrão,Cascavel,Francisco Beltrão,96666.0,6254.0,12385.0,P4,P4,2554.0,0.40837863767189,13449.0,1.0859103754541783,10.0,30.0,0.3333333333333333,37.23865147358323,76.7289710041405,66.66666666666667,44.92472601253733,9.4,0.1281215732522293,13.1,16.918646508279338,74.46617421080508,70.20364415862808,46.70369747677215,0.045045045045045,1665.0,0.1323529411764706,0.6173305485670899,4.504504504504505,17.561676876960856,35.924205511713545,19.33485397969925,0.3504457149224906,0.2992659708568145,0.3504457149224906,1.128484408612064,1.0,0.128484408612064,394.0,1,1.4143611761095742,1.9100179896299088,2.0,0,2,2,1,1,1,Técnica e consolidada,24,23,359,377,3.197953309881676,1.598976654940838,2,0,9.0,Nas três etapas,1,3.197953309881676,3.197953309881676
4108452,Foz do Jordão,235.382,Foz do Jordão,Foz do Jordão,Centro-Sul Paranaense,Guarapuava,Guarapuava,Guarapuava,4926.0,352.0,726.0,P1,P1,104.0,0.2954545454545454,727.0,1.0013774104683195,1.0,3.0,0.3333333333333333,54.5933014354067,82.47946069023484,66.66666666666667,61.96774722729267,0.0,0.1473812423873325,15.23,0.0,85.66018190717953,81.61843515541266,50.25603538912209,0.0,275.0,0.3767123287671233,0.4444041796249677,0.0,59.591055899609856,64.70655010531837,53.63966279396838,0.5629417108632884,0.5462855419966397,0.5629417108632883,0.4774640765136657,0.0,0.4774640765136657,179.0,1,0.0829088586076342,0.1295817133179383,0.0,0,1,1,0,1,1,Técnica e consolidada,300,278,81,77,28.40909090909091,28.40909090909091,1,0,29.0,Nas três etapas,1,28.40909090909091,28.40909090909091
4108502,General Carneiro,1071.183,General Carneiro,General Carneiro,Sudeste Paranaense,União da Vitória,Curitiba,União da Vitória,11062.0,880.0,1630.0,P1,P2,88.0,0.1,1824.0,1.1190184049079754,1.0,4.0,0.25,84.63157894736842,74.47674452737117,75.0,87.41327542115526,5.05,0.1473512927137949,15.28,9.089272858171348,85.64277470907392,81.88638799571275,56.08684452661418,0.0348258706467661,818.0,0.4668949771689498,0.4406525426626828,3.482587064676617,75.10231064745751,65.3309829694279,63.78940472347855,0.7169844096317636,0.6697366682364102,0.7169844096317636,0.6691488130978506,0.0,0.6691488130978506,43.0,1,0.1861452335130081,0.3196084638690991,0.0,0,1,1,0,1,1,Técnica e consolidada,178,148,5,18,11.363636363636363,11.363636363636363,1,0,29.0,Nas três etapas,1,11.363636363636363,11.363636363636363
4108551,Godoy Moreira,131.012,Godoy Moreira,Godoy Moreira,Norte Central Paranaense,Ivaiporã,Londrina,Ivaiporã,2977.0,139.0,369.0,P1,P1,48.0,0.3453237410071942,397.0,1.075880758807588,1.0,2.0,0.5,46.929193487315416,77.4112516634235,50.0,46.35552921183065,0.0,0.1239502855223379,10.75,0.0,72.04175940779622,57.60986066452304,26.765660510993893,0.0149253731343283,104.0,0.3421052631578947,0.3825979889952046,1.4925373134328357,53.63870231216132,74.99374394166887,56.65452415962977,0.4655715345078295,0.4861695244034277,0.4655715345078295,0.3762129259579235,0.0,0.3762129259579235,307.0,0,0.0421396264823926,0.0617586370473869,0.0,0,0,0,0,0,0,Não contemplado,372,384,215,53,0.0,0.0,0,0,262.0,Não contemplado,0,0.0,0.0
4108601,Goioerê,564.163,Goioerê,Goioerê,Centro Ocidental Paranaense,Goioerê,Maringá,Campo Mourão,28437.0,1670.0,3542.0,P2,P3,632.0,0.3784431137724551,3961.0,1.1182947487295314,6.0,13.0,0.4615384615384615,41.839268830759536,74.52597239239539,53.84615384615385,42.4721876632636,8.98,0.1245560361500861,10.48,16.162706983441325,72.3938307305968,56.162915326902464,36.172444824008174,0.0175438596491228,972.0,0.2756664775950085,0.4761096920004959,1.7543859649122806,42.21134964214727,59.42939666543619,42.825525589271166,0.4135357426581554,0.4142424185101705,0.4142424185101705,0.5642586211627755,0.0,0.5642586211627755,111.0,1,0.4044947344190643,0.5720536114794467,1.0,0,0,0,-1,1,0,Somente técnica,70,76,289,188,0.0,5.9880239520958085,1,1,29.0,"Técnica, excluído na consolidada, reincluído na publicada",1,5.9880239520958085,0.0
4108650,Goioxim,702.471,Goioxim,Goioxim,Centro-Sul Paranaense,Guarapuava,Guarapuava,Guarapuava,6566.0,478.0,936.0,P1,P2,113.0,0.2364016736401673,1001.0,1.0694444444444444,1.0,2.0,0.5,63.66879541951111,77.84909220726234,50.0,60.64252657308467,18.52,0.1425525434054218,15.53,33.33333333333333,82.85366985404848,83.22615219721328,70.31749158012678,0.0185185185185185,446.0,0.4714587737843552,0.404061254213576,1.851851851851852,75.88727552898881,71.42133853352742,66.50275171844658,0.6492160963263786,0.6609365466171023,0.6492160963263786,0.5605163471813057,0.0,0.5605163471813057,114.0,1,0.1068907598577764,0.1762859617060024,0.0,0,1,1,0,1,1,Técnica e consolidada,250,228,30,12,20.920502092050206,20.920502092050206,1,0,29.0,Nas três etapas,1,20.920502092050206,20.920502092050206
4108700,Grandes Rios,314.198,Grandes Rios,Grandes Rios,Norte Central Paranaense,Ivaiporã,Londrina,Ivaiporã,5641.0,369.0,701.0,P1,P2,151.0,0.4092140921409214,847.0,1.2082738944365192,0.0,2.0,0.0,37.11025531307945,68.40499758170266,100.0,55.35133817792922,23.81,0.1242687466761212,13.3,42.854571634269256,72.22685379241103,71.27545551982851,62.16651473917253,0.0263157894736842,328.0,0.4487004103967168,0.3596436251634374,2.631578947368421,71.97287759983465,78.81433193975509,68.70584428783928,0.620561759341419,0.6472707715612391,0.620561759341419,0.5199581534301904,0.0,0.5199581534301904,135.0,1,0.0800538703635697,0.1297322409984765,0.0,0,1,1,0,1,1,Técnica e consolidada,282,269,39,9,27.100271002710027,27.100271002710027,1,0,29.0,Nas três etapas,1,27.100271002710027,27.100271002710027
4108809,Guaíra,563.742,Guaíra,Guaíra,Oeste Paranaense,Toledo,Cascavel,Toledo,32097.0,2246.0,4591.0,P2,P3,720.0,0.3205699020480855,5043.0,1.098453495970377,3.0,14.0,0.2142857142857142,50.73346768524159,75.87570523768001,78.57142857142857,60.948926023522965,4.45,0.1430351746269121,13.77,8.0093592512599,83.1341823368941,73.79421221864952,48.7946443716267,0.0309734513274336,772.0,0.1701940035273368,0.4624819222478424,3.0973451327433628,24.070272138414563,61.69764047037294,35.30832648852127,0.4826182987914303,0.431337099721427,0.431337099721427,0.7006069268011457,0.0,0.7006069268011457,35.0,1,0.5242900411400124,0.750435786898173,1.0,0,1,1,0,1,1,Técnica e consolidada,58,57,189,272,4.452359750667854,4.452359750667854,1,0,29.0,Nas três etapas,1,4.452359750667854,4.452359750667854
4108908,Guairaçá,493.94,Guairaçá,Guairaçá,Noroeste Paranaense,Paranavaí,Maringá,Paranavaí,6587.0,468.0,888.0,P1,P2,125.0,0.2670940170940171,1023.0,1.152027027027027,1.0,2.0,0.5,58.95186684660369,72.2312803930001,50.0,54.302258472869305,38.46,0.1348109913465917,15.03,69.22246220302377,78.35416403593031,80.54662379421221,88.2410820876505,0.0255102040816326,233.0,0.2571743929359823,0.4525390664876837,2.5510204081632653,39.03074404840966,63.35255696740052,43.62184294773935,0.5681785698577356,0.5468177388074758,0.5681785698577356,0.4938580405441849,0.0,0.4938580405441849,165.0,1,0.1014091824291725,-0.840972293327778,-1.0,1,0,1,0,1,1,Técnica e consolidada,247,233,76,181,21.36752136752137,21.36752136752137,1,0,29.0,Nas três etapas,1,21.36752136752137,21.36752136752137
4108957,Guamiranga,244.795,Guamiranga,Guamiranga,Sudeste Paranaense,Prudentópolis,Guarapuava,Guarapuava,7856.0,498.0,1096.0,P1,P2,33.0,0.0662650602409638,1180.0,1.0766423357664234,1.0,3.0,0.3333333333333333,89.81610653138871,77.3594441768686,66.66666666666667,89.48507961259938,28.17,0.1395112016293279,12.98,50.70194384449243,81.0859965357748,69.56055734190782,71.52571760568547,0.0526315789473684,276.0,0.2646212847555129,0.4074193198024626,5.263157894736842,40.31159616507984,70.86241278068512,49.57297342976217,0.6992836473808173,0.6194594350151428,0.6992836473808173,0.6122545484877925,0.0,0.6122545484877925,66.0,1,0.1251626846197895,0.2126869032366908,0.0,0,1,1,0,1,1,Técnica e consolidada,228,222,9,115,20.08032128514056,20.08032128514056,1,0,29.0,Nas três etapas,1,20.08032128514056,20.08032128514056
4109005,Guapirama,189.1,Guapirama,Guapirama,Norte Pioneiro Paranaense,Wenceslau Braz,Londrina,Santo Antônio da Platina,4626.0,296.0,681.0,P1,P1,125.0,0.4222972972972973,735.0,1.079295154185022,0.0,1.0,0.0,35.099573257467995,77.17898197543295,100.0,57.35330133892767,0.0,0.1472114137483787,15.35,0.0,85.56147496272592,82.2615219721329,50.59588943803693,0.0,133.0,0.2062015503875969,0.4321202980177109,0.0,30.26350600426812,66.75111343900777,39.52449327822686,0.488702957344692,0.4530453412232904,0.4887029573446919,0.4168806590125126,0.0,0.4168806590125126,262.0,0,0.0777698797683181,0.1157762500034363,0.0,0,0,0,0,0,0,Não contemplado,310,301,176,231,0.0,0.0,0,0,262.0,Não contemplado,0,0.0,0.0
4109104,Guaporema,201.15,Guaporema,Guaporema,Noroeste Paranaense,Cianorte,Maringá,Cianorte,2191.0,113.0,260.0,P1,P1,73.0,0.6460176991150443,270.0,1.0384615384615383,0.0,1.0,0.0,0.7172799254774167,79.95675377254324,100.0,29.55744039852756,55.56,0.1186672752167959,11.87,100.0,68.9711948199303,63.61200428724544,91.02540940755132,0.0666666666666666,49.0,0.2008196721311475,0.410181320857485,6.666666666666667,29.337832538949947,70.40269766251154,44.38385214064195,0.4778159889717807,0.5074688124560095,0.4778159889717807,0.377503683135529,0.0,0.377503683135529,305.0,0,0.0296918777382712,0.0438791316642125,0.0,0,0,0,0,0,0,Não contemplado,390,390,201,172,0.0,0.0,0,0,262.0,Não contemplado,0,0.0,0.0
4109203,Guaraci,211.68,Guaraci,Guaraci,Norte Central Paranaense,Astorga,Londrina,Londrina,4748.0,273.0,568.0,P1,P1,100.0,0.3663003663003663,679.0,1.1954225352112675,0.0,2.0,0.0,43.705417389627925,69.27923177766947,100.0,61.27580216133922,0.0,0.1196293176074136,11.58,0.0,69.53034824303789,62.05787781350482,27.974675425800825,0.0,129.0,0.2303571428571428,0.3187072066086583,0.0,34.41822484453594,85.62790301326814,51.44011126746961,0.506813004566837,0.4871416227790978,0.506813004566837,0.4224089069945675,0.0,0.4224089069945675,251.0,0,0.0648653329051463,0.0977399271670317,0.0,0,0,0,0,0,0,Não contemplado,308,314,150,100,0.0,0.0,0,0,262.0,Não contemplado,0,0.0,0.0
4109302,Guaraniaçu,1238.32,Guaraniaçu,Guaraniaçu,Oeste Paranaense,Cascavel,Cascavel,Cascavel,13735.0,903.0,1714.0,P1,P2,268.0,0.2967884828349945,1858.0,1.0840140023337224,1.0,7.0,0.1428571428571428,54.38829632220085,76.85797480841963,85.71428571428572,67.45057503064125,5.24,0.1247906807426283,12.09,9.431245500359973,72.5302096764865,64.79099678456592,37.4416374407099,0.0198019801980198,300.0,0.1657458563535911,0.477251461059705,1.98019801980198,23.305198754669377,59.23935745562966,33.06271665731542,0.4769364416332465,0.4081607248865948,0.4769364416332465,0.4838461400869166,0.0,0.4838461400869166,172.0,1,0.195737994013065,0.2890925763700859,0.0,0,1,1,0,1,1,Técnica e consolidada,142,140,203,300,11.074197120708748,11.074197120708748,1,0,29.0,Nas três etapas,1,11.074197120708748,11.074197120708748
4109401,Guarapuava,3168.087,Guarapuava,Guarapuava,Centro-Sul Paranaense,Guarapuava,Guarapuava,Guarapuava,182093.0,12791.0,25554.0,M1,M1,2947.0,0.2303963724493784,29194.0,1.1424434530797527,22.0,48.0,0.4583333333333333,64.59171539199026,72.88321828668384,54.16666666666667,61.08340338756191,9.89,0.1403348838231014,14.27,17.800575953923687,81.56473294353903,76.47374062165059,55.600277119987865,0.0644599303135888,6158.0,0.2370558571043615,0.6321058089573521,6.445993031358885,35.57039175261647,33.46497018158814,28.3840091657794,0.4690702044533409,0.4036714160097759,0.4690702044533409,2.2265971348928506,2.0,0.2265971348928506,388.0,2,2.9182547835530124,3.2871211515211645,3.0,1,3,4,2,1,1,Técnica e consolidada,9,9,213,332,3.127198811664451,1.5635994058322256,2,-2,9.0,Nas três etapas,1,1.5635994058322256,3.127198811664451
4109500,Guaraqueçaba,2011.357,Guaraqueçaba,Guaraqueçaba,Metropolitana de Curitiba,Paranaguá,Curitiba,Paranaguá,7430.0,538.0,1075.0,P1,P2,89.0,0.1654275092936803,1256.0,1.1683720930232555,0.0,1.0,0.0,74.57640383486597,71.11938122507705,100.0,88.0587259070134,0.0,0.1446837146702557,13.19,0.0,84.09233846115146,70.68595927116827,42.45213896761598,0.0144927536231884,630.0,0.6116504854368932,0.3367678533633838,1.4492753623188406,100.0,82.62183886204627,84.56418050251733,0.7753959035733549,0.7684068127643627,0.7753959035733549,0.6700506658014898,0.0,0.6700506658014898,42.0,1,0.1227644944947753,-0.7820444193697222,-1.0,1,0,1,0,1,1,Técnica e consolidada,233,211,2,3,18.587360594795538,18.587360594795538,1,0,29.0,Nas três etapas,1,18.587360594795538,18.587360594795538
4109609,Guaratuba,1326.67,Guaratuba,Guaratuba,Metropolitana de Curitiba,Paranaguá,Curitiba,Paranaguá,42062.0,2591.0,6175.0,P3,P3,1246.0,0.4808954071786955,7344.0,1.1893117408906884,6.0,13.0,0.4615384615384615,26.09396900201101,69.69492830174399,53.84615384615385,27.17229236164692,11.17,0.1468070942893823,12.22,20.104391648668106,85.32647844725878,65.4876741693462,52.52842652738313,0.030716723549488,1799.0,0.3138520586182833,0.4772245005848997,3.0716723549488054,48.77920150104872,59.24384483185228,46.80899591823361,0.4009820061742883,0.4402554132874618,0.4402554132874618,0.7414693043752081,0.0,0.7414693043752081,26.0,1,0.7051820962839418,1.0156423315263474,1.0,0,1,1,0,1,1,Técnica e consolidada,45,45,309,142,3.85951370127364,3.85951370127364,1,0,29.0,Nas três etapas,1,3.85951370127364,3.85951370127364
4109658,Honório Serpa,502.235,Honório Serpa,Honório Serpa,Centro-Sul Paranaense,Palmas,Cascavel,Pato Branco,4941.0,349.0,692.0,P1,P1,82.0,0.2349570200573066,780.0,1.1271676300578035,0.0,1.0,0.0,63.89081586487711,73.92238049694132,100.0,80.23718674612286,13.7,0.1400526209269378,12.75,24.65802735781137,81.40067752753521,68.32797427652733,54.69356845646486,0.037037037037037,235.0,0.3236914600550964,0.4839976820730878,3.7037037037037033,50.47156100653487,58.11649771422845,47.42830037824671,0.620049085410408,0.5544313126746556,0.6200490854104079,0.5188630798278254,0.0,0.5188630798278254,137.0,1,0.0790260745957065,0.128026119872349,0.0,0,1,1,0,1,1,Técnica e consolidada,299,279,40,134,28.653295128939828,28.653295128939828,1,0,29.0,Nas três etapas,1,28.653295128939828,28.653295128939828
4109708,Ibaiti,898.221,Ibaiti,Ibaiti,Norte Pioneiro Paranaense,Ibaiti,Londrina,Ibaiti,28830.0,1870.0,3740.0,P2,P3,645.0,0.3449197860962567,4269.0,1.1414438502673796,3.0,11.0,0.2727272727272727,46.99127497889109,72.9512178613315,72.72727272727273,54.102604911337714,8.33,0.1297259798820673,12.7,14.992800575953924,75.39867933519407,68.06002143622723,44.74530442920344,0.0284463894967177,694.0,0.1883310719131614,0.4495402539352594,2.844638949671773,27.189815566083087,63.85168764818405,37.90593927482993,0.4575247856030774,0.4251314543300619,0.4251314543300619,0.6162689478158572,0.0,0.6162689478158572,65.0,1,0.4271062413120555,0.6086825388344961,1.0,0,1,1,0,1,1,Técnica e consolidada,69,66,231,247,5.347593582887701,5.347593582887701,1,0,29.0,Nas três etapas,1,5.347593582887701,5.347593582887701
4109757,Ibema,145.446,Ibema,Ibema,Oeste Paranaense,Cascavel,Cascavel,Cascavel,6218.0,438.0,879.0,P1,P2,164.0,0.3744292237442922,1133.0,1.2889647326507394,1.0,3.0,0.3333333333333333,42.456140350877206,62.91587469348027,66.66666666666667,43.50174910701141,0.0,0.1413637825667417,13.35,0.0,82.16274427874457,71.54340836012861,41.78280332609995,0.0769230769230769,312.0,0.3432343234323432,0.4313073114071717,7.6923076923076925,53.8328986664823,66.88642918592174,55.76810368938094,0.4806450178377693,0.5051777270025084,0.4806450178377694,0.4252701658681715,0.0,0.4252701658681715,246.0,0,0.1003813866613093,0.1486292000437143,0.0,0,1,1,1,0,1,Somente consolidada,263,247,194,60,22.831050228310502,0.0,1,0,29.0,Entrou na consolidada,1,22.831050228310502,22.831050228310502
4109807,Ibiporã,297.742,Ibiporã,Ibiporã,Norte Central Paranaense,Londrina,Londrina,Londrina,51603.0,2954.0,6836.0,P3,P3,1203.0,0.407244414353419,8085.0,1.1827091866588648,7.0,25.0,0.28,37.41296368884297,70.144077577631,72.0,44.544379208892245,19.23,0.1324729182411875,12.13,34.61123110151188,76.99524098522855,65.00535905680601,56.08272141554396,0.0476190476190476,1507.0,0.2351747815230961,0.5476485139007186,4.761904761904762,35.24685010621287,47.522276679346106,34.61804909315463,0.4288151560392754,0.4089624958078001,0.4089624958078001,0.8150894160743264,0.0,0.8150894160743264,18.0,1,0.7806679854570083,1.099931913186754,1.0,0,0,0,-1,1,0,Somente técnica,35,40,269,280,0.0,3.3852403520649963,1,1,29.0,"Técnica, excluído na consolidada, reincluído na publicada",1,3.3852403520649963,0.0
4109906,Icaraíma,675.24,Icaraíma,Icaraíma,Noroeste Paranaense,Umuarama,Maringá,Umuarama,8991.0,585.0,1051.0,P1,P2,165.0,0.282051282051282,1290.0,1.2274024738344431,1.0,3.0,0.3333333333333333,56.65317139001351,67.10374547779503,66.66666666666667,57.226352678877646,28.04,0.116894672450228,14.57,50.46796256299496,67.9409315857914,78.08145766345123,68.49279768739972,0.0196078431372549,363.0,0.3232413178984862,0.4064417825793605,1.96078431372549,50.39413735810956,71.02511678806424,53.16494858293584,0.5785508004220534,0.5704279922301698,0.5785508004220534,0.5143875228698032,0.0,0.5143875228698032,141.0,1,0.1200237057804733,-0.8105364831706128,-1.0,1,0,1,0,1,1,Técnica e consolidada,209,199,63,83,17.094017094017094,17.094017094017094,1,0,29.0,Nas três etapas,1,17.094017094017094,17.094017094017094
4110003,Iguaraçu,164.983,Iguaraçu,Iguaraçu,Norte Central Paranaense,Astorga,Maringá,Maringá,5338.0,341.0,727.0,P1,P2,188.0,0.5513196480938416,789.0,1.0852819807427785,0.0,1.0,0.0,15.270875135051718,76.77171855602522,100.0,40.47672211778411,0.0,0.1361933308355189,8.06,0.0,79.1576004173918,43.19399785637728,22.20828781630926,0.0,146.0,0.1986394557823129,0.5743924328403109,0.0,28.962839213831423,43.07094461581092,26.60036825494513,0.3127249371235355,0.2849722293978575,0.3127249371235355,0.2845550046435516,0.0,0.2845550046435516,372.0,0,0.0830230581373968,0.1089864387732179,0.0,0,0,0,0,0,0,Não contemplado,290,281,383,348,0.0,0.0,0,0,262.0,Não contemplado,0,0.0,0.0
4110052,Iguatu,106.937,Iguatu,Iguatu,Oeste Paranaense,Cascavel,Cascavel,Cascavel,2144.0,104.0,243.0,P1,P1,65.0,0.625,259.0,1.0658436213991769,0.0,1.0,0.0,3.947368421052638,78.09404393451722,100.0,31.494047854488617,0.0,0.1133395522388059,7.93,0.0,65.87464255823686,42.49732047159699,13.48086073451413,0.0,44.0,0.2,0.4175765826510861,0.0,29.196850393700785,69.17180977302728,40.2250219501725,0.3138380006876727,0.3312999488790404,0.3138380006876727,0.2521027094050088,0.0,0.2521027094050088,383.0,0,0.0277504857323073,0.0364596426926464,0.0,0,0,0,0,0,0,Não contemplado,391,393,382,220,0.0,0.0,0,0,262.0,Não contemplado,0,0.0,0.0
4110078,Imbaú,330.734,Imbaú,Imbaú,Centro Oriental Paranaense,Telêmaco Borba,Ponta Grossa,Telêmaco Borba,14249.0,1144.0,2127.0,P1,P2,160.0,0.1398601398601398,1940.0,0.912082745651152,1.0,4.0,0.25,78.50570482149429,88.5538725973562,75.0,88.18218666037005,6.13,0.1492736332374201,13.4,11.033117350611947,86.76006776668376,71.81136120042872,51.70810317325024,0.0428571428571428,542.0,0.2301486199575371,0.4168955883232045,4.285714285714286,34.382359277557555,69.28515635823163,45.18371027112993,0.6368797940725004,0.5508828412940202,0.6368797940725004,0.6441530815001372,0.0,0.6441530815001372,55.0,1,0.2429023998050112,-0.6023979698274571,0.0,1,0,1,0,1,1,Técnica e consolidada,132,107,33,163,8.741258741258742,8.741258741258742,1,0,29.0,Nas três etapas,1,8.741258741258742,8.741258741258742
4110102,Imbituva,756.535,Imbituva,Imbituva,Sudeste Paranaense,Prudentópolis,Ponta Grossa,Irati,29924.0,2192.0,4270.0,P2,P3,528.0,0.2408759124087591,4969.0,1.1637002341920375,2.0,8.0,0.25,62.98117556665386,71.43719186886914,75.0,67.89316085033892,9.03,0.1426948268948001,15.17,16.252699784017278,82.93636714567872,81.29689174705251,58.5013228283572,0.0386904761904761,941.0,0.2137664697864607,0.498007595984684,3.869047619047619,31.5646586541645,55.7846487753008,36.52572867064789,0.5346782037406617,0.4719433393812795,0.4719433393812795,0.7224784837014246,0.0,0.7224784837014246,31.0,1,0.4876319920862237,0.7177666628205419,1.0,0,1,1,0,1,1,Técnica e consolidada,66,60,111,258,4.562043795620438,4.562043795620438,1,0,29.0,Nas três etapas,1,4.562043795620438,4.562043795620438
4110201,Inácio Martins,936.208,Inácio Martins,Inácio Martins,Centro-Sul Paranaense,Guarapuava,Guarapuava,Guarapuava,9670.0,681.0,1472.0,P1,P2,173.0,0.2540381791483113,1663.0,1.1297554347826086,0.0,2.0,0.0,60.958342994049005,73.74634095565575,100.0,77.69252100939316,5.92,0.1522233712512926,15.2,10.655147588192944,88.47449960857841,81.45766345123258,58.5645964348064,0.0080645161290322,649.0,0.4544817927170868,0.4137635562575816,0.8064516129032258,72.9672650519129,69.80646046438072,63.61572459729577,0.6823621752963684,0.6542085824721737,0.6823621752963686,0.6289529852676581,0.0,0.6289529852676581,58.0,1,0.1681017078105202,0.2828079548231413,0.0,0,1,1,0,1,1,Técnica e consolidada,200,180,17,20,14.684287812041116,14.684287812041116,1,0,29.0,Nas três etapas,1,14.684287812041115,14.684287812041116
4110300,Inajá,194.704,Inajá,Inajá,Noroeste Paranaense,Paranavaí,Maringá,Paranacity - Colorado,2536.0,146.0,334.0,P1,P1,95.0,0.6506849315068494,318.0,0.9520958083832336,0.0,1.0,0.0,0.0,85.83192022542208,100.0,31.42797292608061,0.0,0.1317034700315457,12.22,0.0,76.54802618001712,65.4876741693462,34.49698938381896,0.0,106.0,0.3397435897435897,0.3666849501441376,0.0,53.23249869528283,77.64235427533131,57.04247779216376,0.4228757816406154,0.4741047913727816,0.4228757816406154,0.34120962685244,0.0,0.34120962685244,336.0,0,0.0381426429407022,0.0542722428880906,0.0,0,0,0,0,0,0,Não contemplado,383,383,281,48,0.0,0.0,0,0,262.0,Não contemplado,0,0.0,0.0
4110409,Indianópolis,122.622,Indianópolis,Indianópolis,Noroeste Paranaense,Cianorte,Maringá,Cianorte,4448.0,254.0,558.0,P1,P1,159.0,0.6259842519685039,659.0,1.181003584229391,0.0,1.0,0.0,3.796104434314139,70.26010390157347,100.0,28.066694470198648,0.0,0.1254496402877697,10.34,0.0,72.91320681772339,55.41264737406216,25.937990486133305,0.0238095238095238,91.0,0.1663619744058501,0.5092819951574044,2.380952380952381,23.411169961245097,53.90810649860672,30.56669249408689,0.2864095288294088,0.2914095248771853,0.2864095288294088,0.2527630597071736,0.0,0.2527630597071736,382.0,0,0.0637233376075205,0.0819743087071279,0.0,0,0,0,0,0,0,Não contemplado,322,325,394,320,0.0,0.0,0,0,262.0,Não contemplado,0,0.0,0.0
4110508,Ipiranga,900.721,Ipiranga,Ipiranga,Sudeste Paranaense,Prudentópolis,Ponta Grossa,Ponta Grossa,14142.0,1009.0,1999.0,P1,P2,122.0,0.1209117938553022,2288.0,1.1445722861430716,2.0,4.0,0.5,81.41776641802724,72.73840102425754,50.0,73.44265641253574,14.35,0.1413520011313817,12.8,25.827933765298773,82.15589673234231,68.59592711682744,56.06269804716565,0.0198019801980198,412.0,0.2066198595787362,0.4273740910230481,1.98019801980198,30.33545443938412,67.5410852985261,40.99489615004621,0.5698756063446591,0.50498008581968,0.5698756063446591,0.5799614859375524,0.0,0.5799614859375524,95.0,1,0.2282848599954008,0.3583788330045854,1.0,0,1,1,0,1,1,Técnica e consolidada,135,125,73,211,9.910802775024775,9.910802775024775,1,0,29.0,Nas três etapas,1,9.910802775024777,9.910802775024775
4110607,Iporã,647.894,Iporã,Iporã,Noroeste Paranaense,Umuarama,Maringá,Umuarama,15746.0,1061.0,1958.0,P1,P2,359.0,0.3383600377002828,2176.0,1.111338100102145,3.0,9.0,0.3333333333333333,47.9994047323776,74.99920950395607,66.66666666666667,53.26167322512089,9.48,0.1243490410262923,10.48,17.062634989200866,72.27352206939369,56.162915326902464,36.659157879280826,0.0,441.0,0.2120192307692307,0.4840376960603044,0.0,31.26413665817172,58.10983767518595,35.5715169172113,0.4286510763278904,0.3932707637120712,0.4286510763278904,0.462823263316326,0.0,0.462823263316326,196.0,0,0.2236026792751349,0.3194502084162215,0.0,0,0,0,0,0,0,Não contemplado,118,118,270,267,0.0,0.0,0,0,262.0,Não contemplado,0,0.0,0.0
4110656,Iracema do Oeste,81.538,Iracema do Oeste,Iracema do Oeste,Oeste Paranaense,Toledo,Cascavel,Toledo,2343.0,133.0,272.0,P1,P1,62.0,0.4661654135338345,289.0,1.0625,0.0,1.0,0.0,28.35773644637912,78.3214991098253,100.0,52.15479205687984,0.0,0.1160904822876653,11.52,0.0,67.47352423803655,61.73633440514469,26.489870721555413,0.0,61.0,0.231060606060606,0.4282919521717372,0.0,34.53921926140022,67.3883139425307,42.06624619047348,0.4298638944325241,0.4096868026997114,0.429863894432524,0.342041438477024,0.0,0.342041438477024,335.0,0,0.0310622720954222,0.0444148213482831,0.0,0,0,0,0,0,0,Não contemplado,387,387,267,200,0.0,0.0,0,0,262.0,Não contemplado,0,0.0,0.0
4110706,Irati,999.517,Irati,Irati,Sudeste Paranaense,Irati,Ponta Grossa,Irati,59250.0,3514.0,7672.0,P3,P3,969.0,0.2757541263517359,8407.0,1.0958029197080292,5.0,20.0,0.25,57.62094479225953,76.05601491286278,75.0,65.32294594104161,5.36,0.1294852320675105,12.93,9.647228221742262,75.25875310540637,69.29260450160771,42.09022728118674,0.0368663594470046,1796.0,0.2446533169867865,0.4842280369287654,3.686635944700461,36.87714130767234,58.07815681297966,40.36640337095627,0.506937851810365,0.4570247666701943,0.4570247666701943,0.9515678693940706,0.0,0.9515678693940706,4.0,1,0.8761387923385267,1.2765559194777476,1.0,0,1,1,0,1,1,Técnica e consolidada,31,35,149,217,2.845759817871372,2.845759817871372,1,0,29.0,Nas três etapas,1,2.8457598178713717,2.845759817871372
4110805,Iretama,570.459,Iretama,Iretama,Centro Ocidental Paranaense,Campo Mourão,Maringá,Campo Mourão,10684.0,653.0,1387.0,P1,P2,243.0,0.3721286370597244,1556.0,1.1218457101658257,1.0,5.0,0.2,42.80970419924237,74.2844125805688,80.0,54.204872177292,23.26,0.1298202920254586,11.51,41.864650827933765,75.45349496320817,61.68274383708467,57.57420051033903,0.0229007633587786,409.0,0.2989766081871345,0.448052814537788,2.2900763358778624,46.22065054678493,64.09926118807869,47.59293810701112,0.5223396421578905,0.5091157740173288,0.5223396421578904,0.495675220036678,0.0,0.495675220036678,160.0,1,0.1583947477807007,0.2411306036561613,0.0,0,1,1,0,1,1,Técnica e consolidada,185,185,125,130,15.313935681470138,15.313935681470138,1,0,29.0,Nas três etapas,1,15.313935681470138,15.313935681470138
4110904,Itaguajé,194.353,Itaguajé,Itaguajé,Norte Central Paranaense,Astorga,Maringá,Paranacity - Colorado,4481.0,290.0,632.0,P1,P1,119.0,0.4103448275862069,642.0,1.0158227848101269,1.0,2.0,0.5,36.93647912885663,81.49679107515355,50.0,39.657962235967545,0.0,0.1410399464405266,12.72,0.0,81.97452587977901,68.16720257234728,39.55754840094619,0.0,124.0,0.2012987012987013,0.3919971141407862,0.0,29.420224701757903,73.4293274765947,42.5432634001284,0.4079199993462762,0.4136906016745978,0.4079199993462762,0.3511764979100149,0.0,0.3511764979100149,329.0,0,0.0721741028099516,0.1016153627810051,0.0,0,0,0,0,0,0,Não contemplado,319,304,300,191,0.0,0.0,0,0,262.0,Não contemplado,0,0.0,0.0
4110953,Itaipulândia,330.846,Itaipulândia,Itaipulândia,Oeste Paranaense,Foz do Iguaçu,Cascavel,Foz do Iguaçu,11485.0,820.0,1652.0,P1,P2,476.0,0.5804878048780487,1883.0,1.1398305084745763,0.0,5.0,0.0,10.788189987163042,73.06096800840385,100.0,35.137114607743264,14.49,0.1438397910317805,13.32,26.079913606911447,83.6018374230508,71.38263665594855,58.86243360924463,0.0144927536231884,235.0,0.1413959085439229,0.6336394536037971,1.4492753623188406,19.11705114239645,33.20970611186786,17.154508918167384,0.3268913613221318,0.2909261499429801,0.3268913613221318,0.3594965775363136,0.0,0.3594965775363136,320.0,0,0.1886576231677849,0.2503281704288999,0.0,0,0,0,0,0,0,Não contemplado,168,156,374,381,0.0,0.0,0,0,262.0,Não contemplado,0,0.0,0.0
4111001,Itambaracá,207.342,Itambaracá,Itambaracá,Norte Pioneiro Paranaense,Cornélio Procópio,Londrina,Cornélio Procópio ¿ Bandeirantes,5908.0,328.0,699.0,P1,P2,152.0,0.4634146341463415,676.0,0.9670958512160228,0.0,1.0,0.0,28.780487804878053,84.8115184021173,100.0,55.24476010741889,0.0,0.1183141503046716,9.82,0.0,68.76595334063111,52.62593783494105,21.60914673907489,0.0,227.0,0.3423831070889894,0.3991704276123988,0.0,53.68649097297056,72.23538128156989,54.479995775849446,0.4821173170112231,0.4805877883480842,0.4821173170112231,0.4131376626323331,0.0,0.4131376626323331,268.0,0,0.0798254713040446,0.1183107133583069,0.0,0,1,1,1,0,1,Somente consolidada,270,286,191,69,30.48780487804878,0.0,1,0,29.0,Entrou na consolidada,1,30.48780487804878,30.48780487804878
4111100,Itambé,243.822,Itambé,Itambé,Norte Central Paranaense,Floraí,Maringá,Maringá,6111.0,332.0,696.0,P1,P2,186.0,0.5602409638554217,795.0,1.1422413793103448,0.0,2.0,0.0,13.899809765377311,72.89696467694716,100.0,37.68946825375794,14.08,0.1138929798723613,9.33,25.341972642188622,66.19630297441262,50.0,34.18644922965108,0.0,32.0,0.048411497730711,0.4139017379556339,0.0,3.123898254761372,69.7834611192016,27.052322694208147,0.3273400622511665,0.3060657711320669,0.3273400622511665,0.2936814528190384,0.0,0.2936814528190384,363.0,0,0.0794828727147568,0.1055008012171069,0.0,0,0,0,0,0,0,Não contemplado,265,284,372,345,0.0,0.0,0,0,262.0,Não contemplado,0,0.0,0.0
4111209,Itapejara d'Oeste,254.014,Itapejara d'Oeste,Itapejara d'Oeste,Sudoeste Paranaense,Pato Branco,Cascavel,Pato Branco,12344.0,845.0,1591.0,P1,P2,298.0,0.3526627218934911,1817.0,1.142049025769956,1.0,4.0,0.25,45.80130800373716,72.9100498331377,75.0,54.04010450580824,18.87,0.1288885288399222,11.67,33.963282937365015,74.91194026686695,62.540192926045016,52.83862152855087,0.0192307692307692,387.0,0.2289940828402366,0.5261078401778662,1.9230769230769231,34.18378095168605,51.10756617372654,34.45424853166268,0.4596546552069853,0.4204829432586943,0.4596546552069853,0.461027961944344,0.0,0.461027961944344,199.0,0,0.1816914518522674,0.265206773507478,0.0,0,0,0,0,0,0,Não contemplado,160,154,225,284,0.0,0.0,0,0,262.0,Não contemplado,0,0.0,0.0
4111258,Itaperuçu,322.991,Itaperuçu,Itaperuçu,Metropolitana de Curitiba,Curitiba,Curitiba,Curitiba,31217.0,2370.0,4940.0,P2,P3,309.0,0.130379746835443,4818.0,0.9753036437246964,2.0,3.0,0.6666666666666666,79.96269153897401,84.25317023374743,33.333333333333336,70.04665156303572,1.89,0.158247108947048,16.02,3.4017278617710582,91.97558603193384,85.85209003215434,58.96545254903326,0.0304568527918781,1825.0,0.3692836908134358,0.348940411140931,3.045685279187817,58.3133434153218,80.59580457541767,62.77483410156077,0.6492168477564525,0.6346732128335026,0.6346732128335024,0.8753797510415245,0.0,0.8753797510415245,10.0,1,0.5641456770271535,-0.0778061736278916,0.0,1,0,1,0,1,1,Técnica e consolidada,62,51,29,22,4.219409282700422,4.219409282700422,1,0,29.0,Nas três etapas,1,4.219409282700422,4.219409282700422
4111308,Itaúna do Sul,128.87,Itaúna do Sul,Itaúna do Sul,Noroeste Paranaense,Paranavaí,Maringá,Paranavaí,3572.0,216.0,479.0,P1,P1,86.0,0.3981481481481481,515.0,1.0751565762004176,0.0,1.0,0.0,38.81091617933724,77.46051533960095,100.0,60.59857702300743,22.22,0.1340985442329227,11.2,39.99280057595392,77.94007912005108,60.021436227224,56.92082897834192,0.0,162.0,0.3616071428571428,0.4027496180213062,0.0,56.99299085255852,71.63965090022025,55.882443814273365,0.579765741305807,0.570333474888339,0.5797657413058069,0.4715180689155519,0.0,0.4715180689155519,184.0,1,0.0547015747562766,0.0864156737954443,0.0,0,1,1,0,1,1,Técnica e consolidada,349,347,60,59,46.29629629629629,46.29629629629629,1,0,29.0,Nas três etapas,1,46.29629629629629,46.29629629629629
4111407,Ivaí,607.848,Ivaí,Ivaí,Sudeste Paranaense,Prudentópolis,Ponta Grossa,Ponta Grossa,13229.0,942.0,1890.0,P1,P2,147.0,0.1560509554140127,2043.0,1.0809523809523809,1.0,2.0,0.5,76.01743211532015,77.06624648301515,50.0,70.71608607512432,10.15,0.1428679416433592,15.87,18.26853851691865,83.03698402617303,85.04823151125402,62.16456263363688,0.0,692.0,0.3678894205209995,0.4034910659034643,0.0,58.073531410722254,71.51624225772679,56.37762711131026,0.6327039780130121,0.604027060085384,0.6327039780130121,0.6222388590052873,0.0,0.6222388590052873,63.0,1,0.2158371112512793,0.3523981101428009,1.0,0,1,1,0,1,1,Técnica e consolidada,152,134,35,55,10.615711252653927,10.615711252653927,1,0,29.0,Nas três etapas,1,10.615711252653927,10.615711252653927
4111506,Ivaiporã,436.989,Ivaiporã,Ivaiporã,Norte Central Paranaense,Ivaiporã,Londrina,Ivaiporã,32720.0,1748.0,3943.0,P2,P3,664.0,0.3798627002288329,4585.0,1.1628201876743596,5.0,16.0,0.3125,41.62110080693726,71.4970584360011,68.75,47.29050824101688,23.05,0.1205073349633251,11.43,41.48668106551476,70.04066505952518,61.2540192926045,53.691377884128975,0.0526315789473684,423.0,0.114293434206971,0.4606404661027805,5.263157894736842,14.455473874624063,62.00413753987958,31.61307726211488,0.422997097780785,0.3916422358229809,0.3916422358229809,0.6012143749686969,0.0,0.6012143749686969,73.0,1,0.4502887458538595,0.6266408370459912,1.0,0,0,0,-1,1,0,Somente técnica,56,72,280,314,0.0,5.720823798627002,1,1,29.0,"Técnica, excluído na consolidada, reincluído na publicada",1,5.720823798627002,0.0
4111555,Ivaté,410.156,Ivaté,Ivaté,Noroeste Paranaense,Umuarama,Maringá,Umuarama,6831.0,375.0,900.0,P1,P2,147.0,0.392,951.0,1.0566666666666666,1.0,3.0,0.3333333333333333,39.75578947368421,78.7183209079782,66.66666666666667,47.88331295630711,22.73,0.1317523056653491,10.25,40.91072714182865,76.57641018063612,54.930332261521976,53.46419925620345,0.0625,213.0,0.2529691211401425,0.4986842935735686,6.25,38.30744479666704,55.67201735125549,41.18772943604229,0.4632125680818045,0.4498214010412748,0.4632125680818045,0.4132845614648833,0.0,0.4132845614648833,266.0,0,0.1027795767863235,0.1503883684958774,0.0,0,0,0,0,0,0,Não contemplado,241,267,220,209,0.0,0.0,0,0,262.0,Não contemplado,0,0.0,0.0
4111605,Ivatuba,96.661,Ivatuba,Ivatuba,Norte Central Paranaense,Floraí,Maringá,Maringá,2708.0,127.0,318.0,P1,P1,78.0,0.6141732283464567,704.0,2.2138364779874213,0.0,1.0,0.0,5.611272275176133,0.0,100.0,0.0,29.41,0.1174298375184638,10.34,52.933765298776095,68.25197752591836,55.41264737406216,56.0743302906314,0.0833333333333333,45.0,0.1590106007067137,0.5199681158414281,8.333333333333332,22.14674679099341,52.129478925622976,32.071868219132945,0.2404361334577946,0.3045798698960604,0.2404361334577945,0.2015301225018091,0.0,0.2015301225018091,391.0,0,0.0363154504645009,0.0450469969589636,0.0,0,0,0,0,0,0,Não contemplado,378,388,399,310,0.0,0.0,0,0,262.0,Não contemplado,0,0.0,0.0
4111704,Jaboti,139.277,Jaboti,Jaboti,Norte Pioneiro Paranaense,Ibaiti,Londrina,Ibaiti,5427.0,304.0,723.0,P1,P2,95.0,0.3125,763.0,1.0553250345781466,1.0,2.0,0.5,51.97368421052632,78.80958756931982,50.0,51.19437279516574,0.0,0.1332227750138198,14.0,0.0,77.43106895429396,75.02679528403002,41.00350216389187,0.0,189.0,0.2981072555205047,0.3833570090920796,0.0,46.07112343800308,74.86741053100758,51.90180791890108,0.494391727184051,0.4958065974315217,0.4943917271840509,0.424373080497302,0.0,0.424373080497302,248.0,0,0.0825662600183465,0.1233863359159443,0.0,0,1,1,1,0,1,Somente consolidada,289,299,168,98,32.89473684210526,0.0,1,0,29.0,Entrou na consolidada,1,32.89473684210526,32.89473684210526
4111803,Jacarezinho,602.528,Jacarezinho,Jacarezinho,Norte Pioneiro Paranaense,Jacarezinho,Londrina,Santo Antônio da Platina,40375.0,2747.0,5336.0,P3,P3,1095.0,0.3986166727338915,5833.0,1.0931409295352323,6.0,18.0,0.3333333333333333,38.7389113482651,76.23710103749728,66.66666666666667,45.98145349134268,5.26,0.1321609907120743,12.93,9.467242620590351,76.81394404097104,69.29260450160771,42.94876214773771,0.0354609929078014,1555.0,0.2867416559100129,0.5681828144371954,3.546099290780142,44.11626056754422,44.10449073007115,36.80949919945622,0.417061335058671,0.3987174264748981,0.3987174264748981,0.6961567210922183,0.0,0.6961567210922183,36.0,1,0.6093686908131358,0.8523346069885271,1.0,0,0,0,-1,1,0,Somente técnica,47,42,286,255,0.0,3.6403349108117946,1,1,29.0,"Técnica, excluído na consolidada, reincluído na publicada",1,3.6403349108117946,0.0
4111902,Jaguapitã,475.004,Jaguapitã,Jaguapitã,Norte Central Paranaense,Astorga,Londrina,Londrina,15122.0,1031.0,2057.0,P1,P2,270.0,0.2618816682832202,2362.0,1.1482741857073409,3.0,6.0,0.5,59.75292255857879,72.48657340568472,50.0,55.08465955609999,11.76,0.1360269805581272,13.95,21.166306695464364,79.06091514869097,74.7588424437299,55.06776205235614,0.0,368.0,0.1730950141110065,0.6858774121111733,0.0,24.56924078689564,24.51507537496182,14.72719499750853,0.3893829423191464,0.3086680132019634,0.3893829423191464,0.4381548542152707,0.0,0.4381548542152707,232.0,0,0.2349084327216305,-0.6736222305696418,-1.0,1,0,1,1,0,1,Somente consolidada,123,121,324,386,9.699321047526674,0.0,1,0,29.0,Entrou na consolidada,1,9.699321047526674,9.699321047526674
4112009,Jaguariaíva,1453.066,Jaguariaíva,Jaguariaíva,Centro Oriental Paranaense,Jaguariaíva,Ponta Grossa,Ponta Grossa,35141.0,2498.0,5259.0,P2,P3,400.0,0.1601281024819855,5447.0,1.0357482411104773,4.0,10.0,0.4,75.39083898697906,80.14133014976123,60.0,75.69586600729359,3.77,0.1496542500213425,14.09,6.785457163426925,86.98128793296537,75.50911039657021,51.50290288329208,0.04,1123.0,0.2163359660951647,0.560468956982928,4.0,32.006607438373806,45.38840656519161,31.44350925353808,0.5315633068099108,0.4430585933023998,0.4430585933023998,0.794120529175221,0.0,0.794120529175221,20.0,1,0.600575327021417,0.8666653865836548,1.0,0,1,1,0,1,1,Técnica e consolidada,52,48,113,317,4.00320256204964,4.00320256204964,1,0,29.0,Nas três etapas,1,4.00320256204964,4.00320256204964
4112108,Jandaia do Sul,187.6,Jandaia do Sul,Jandaia do Sul,Norte Central Paranaense,Apucarana,Londrina,Apucarana,21408.0,1216.0,2414.0,P2,P3,396.0,0.3256578947368421,3124.0,1.2941176470588236,5.0,10.0,0.5,49.95152354570638,62.565339477284176,50.0,42.64814647006886,8.51,0.1127615844544095,11.58,15.316774658027358,65.53871903943674,62.05787781350482,35.04491577324534,0.0163934426229508,531.0,0.2173557101923864,0.5246073689519454,1.639344262295082,32.182001605100226,51.35730876730228,33.40101961533049,0.3742864958880881,0.3557922421786113,0.3557922421786113,0.4511254659631066,0.0,0.4511254659631066,209.0,0,0.2756776648468722,0.3737616393413046,1.0,0,0,0,0,0,0,Não contemplado,90,99,337,297,0.0,0.0,1,1,29.0,Somente na lista publicada,1,8.223684210526315,0.0
4112207,Janiópolis,335.65,Janiópolis,Janiópolis,Centro Ocidental Paranaense,Goioerê,Maringá,Campo Mourão,5870.0,305.0,667.0,P1,P2,129.0,0.4229508196721311,705.0,1.0569715142428786,0.0,2.0,0.0,34.999137187230374,78.69758316568877,100.0,57.90837303770148,0.0,0.1136286201022146,11.07,0.0,66.04265312296009,59.32475884244373,24.091047532621594,0.0588235294117647,125.0,0.1940993788819875,0.4158987977998896,5.88235294117647,28.181954081006484,69.45106493831229,42.88773298635349,0.4513665191614631,0.4213252390587671,0.4513665191614631,0.3871144922191977,0.0,0.3871144922191977,297.0,0,0.0761710863516419,0.1105521644589298,0.0,0,0,0,0,0,0,Não contemplado,271,298,236,186,0.0,0.0,0,0,262.0,Não contemplado,0,0.0,0.0
4112306,Japira,187.802,Japira,Japira,Norte Pioneiro Paranaense,Ibaiti,Londrina,Ibaiti,4972.0,322.0,653.0,P1,P1,98.0,0.3043478260869565,609.0,0.9326186830015314,0.0,1.0,0.0,53.22654462242563,87.15688272544773,100.0,76.82770535401902,36.36,0.1313354786806114,9.65,65.44276457883369,76.33414410417969,51.71489817792069,66.62081877254643,0.0483870967741935,183.0,0.2828438948995363,0.376622626259433,4.838709677419355,43.44585262265505,75.98829989276459,53.626861295814365,0.6550599041444264,0.6086582160280171,0.6550599041444264,0.5427565751618479,0.0,0.5427565751618479,121.0,1,0.0745722929349658,0.1234216119967746,0.0,0,1,1,0,1,1,Técnica e consolidada,298,290,27,78,31.05590062111801,31.05590062111801,1,0,29.0,Nas três etapas,1,31.05590062111801,31.05590062111801
4112405,Japurá,165.185,Japurá,Japurá,Noroeste Paranaense,Cianorte,Maringá,Cianorte,9144.0,462.0,1015.0,P1,P2,204.0,0.4415584415584415,1073.0,1.0571428571428572,0.0,2.0,0.0,32.139439507860565,78.68592729180244,100.0,55.49426192435607,21.74,0.1110017497812773,9.08,39.12886969042477,64.51587681212746,48.66023579849946,40.90805861787761,0.0392156862745098,243.0,0.25418410041841,0.5076507139482789,3.92156862745098,38.51641906646883,54.17962146869111,39.319095405145234,0.4610695465537604,0.4287192135153387,0.4610695465537604,0.4200310284927993,0.0,0.4200310284927993,256.0,0,0.1159125227090204,0.1693562569943709,0.0,0,0,0,0,0,0,Não contemplado,207,234,224,234,0.0,0.0,1,1,29.0,Somente na lista publicada,1,21.645021645021647,0.0
4112504,Jardim Alegre,413.386,Jardim Alegre,Jardim Alegre,Norte Central Paranaense,Ivaiporã,Londrina,Ivaiporã,12004.0,663.0,1473.0,P1,P2,230.0,0.3469079939668175,1490.0,1.011541072640869,1.0,4.0,0.25,46.68571882194173,81.78806137038407,75.0,58.52490794642931,7.41,0.1227090969676774,11.75,13.336933045356371,71.3203620599987,62.968917470525184,37.987122492118594,0.0333333333333333,366.0,0.2650253439536568,0.4001577257278889,3.333333333333333,40.38109362680546,72.07105264418226,49.235815480094544,0.5070171386903326,0.488438953757663,0.5070171386903326,0.4899664641601118,0.0,0.4899664641601118,169.0,1,0.1682159073402828,0.2535042553621511,0.0,0,1,1,0,1,1,Técnica e consolidada,162,182,148,119,15.08295625942685,15.08295625942685,1,0,29.0,Nas três etapas,1,15.08295625942685,15.08295625942685
4112603,Jardim Olinda,128.515,Jardim Olinda,Jardim Olinda,Noroeste Paranaense,Paranavaí,Maringá,Paranacity - Colorado,1343.0,72.0,211.0,P1,P1,39.0,0.5416666666666666,223.0,1.056872037914692,0.0,1.0,0.0,16.75438596491229,78.70435020147586,100.0,42.5406205223592,0.0,0.1571109456440804,10.42,0.0,91.31523093089125,55.841371918542336,37.69394712860233,0.0,49.0,0.296969696969697,0.4735694797315266,0.0,45.875465395299,59.85219664275397,44.032286915306855,0.4216795240078688,0.4246628567937642,0.4216795240078689,0.3314472839062766,0.0,0.3314472839062766,342.0,0,0.0240961007799047,0.0342569330872205,0.0,0,0,0,0,0,0,Não contemplado,398,399,282,175,0.0,0.0,0,0,262.0,Não contemplado,0,0.0,0.0
4112702,Jataizinho,159.178,Jataizinho,Jataizinho,Norte Pioneiro Paranaense,Assaí,Londrina,Londrina,11813.0,762.0,1566.0,P1,P2,206.0,0.2703412073490813,1675.0,1.0696040868454662,2.0,4.0,0.5,58.4528249758254,77.83823227846779,50.0,56.24366840876712,18.87,0.1325658173199018,12.95,33.963282937365015,77.04923531892237,69.39978563772775,58.45534045941022,0.0232558139534883,408.0,0.258719086873811,0.4144890043307107,2.3255813953488373,39.296428651842,69.68571487449005,46.91919716367428,0.5295621432085861,0.5109132007184004,0.529562143208586,0.5148345506595736,0.0,0.5148345506595736,140.0,1,0.1788364636082029,0.2735414845604071,0.0,0,1,1,0,1,1,Técnica e consolidada,166,164,116,140,13.123359580052494,13.123359580052494,1,0,29.0,Nas três etapas,1,13.123359580052494,13.123359580052494
4112751,Jesuítas,247.496,Jesuítas,Jesuítas,Oeste Paranaense,Toledo,Cascavel,Toledo,10506.0,509.0,1356.0,P1,P2,165.0,0.3241650294695481,1097.0,0.8089970501474927,3.0,5.0,0.6,50.180953365732606,95.56644134940242,40.0,52.53026957564736,9.62,0.1290691033695031,9.23,17.314614830813532,75.01689288363926,49.46409431939978,34.34709702221453,0.0666666666666666,267.0,0.2225,0.4290957248216193,6.666666666666667,33.06681028079038,67.25453179279062,44.684341898726025,0.4575526399419226,0.4418607845880799,0.4575526399419226,0.4421917846583991,0.0,0.4421917846583991,224.0,0,0.1548545623580607,0.2257086761720425,0.0,0,0,0,0,0,0,Não contemplado,187,220,230,168,0.0,0.0,0,0,262.0,Não contemplado,0,0.0,0.0
4112801,Joaquim Távora,289.173,Joaquim Távora,Joaquim Távora,Norte Pioneiro Paranaense,Wenceslau Braz,Londrina,Santo Antônio da Platina,11945.0,816.0,1599.0,P1,P2,348.0,0.4264705882352941,1854.0,1.1594746716697937,2.0,6.0,0.3333333333333333,34.458204334365334,71.72464249486072,66.66666666666667,40.47429960531991,17.44,0.1338635412306404,14.99,31.38948884089273,77.80349186106102,80.33226152197214,64.14450926727989,0.0434782608695652,295.0,0.1768585131894484,0.6472846067094199,4.3478260869565215,25.216555918836463,30.93856897343653,20.6347581494142,0.3727252495534962,0.3330461666416848,0.3727252495534962,0.392348497287892,0.0,0.392348497287892,295.0,0,0.1826050480903681,0.2506665602095788,0.0,0,0,0,0,0,0,Não contemplado,163,157,341,375,0.0,0.0,0,0,262.0,Não contemplado,0,0.0,0.0
4112900,Jundiaí do Sul,320.816,Jundiaí do Sul,Jundiaí do Sul,Norte Pioneiro Paranaense,Jacarezinho,Londrina,Santo Antônio da Platina,3333.0,222.0,413.0,P1,P1,66.0,0.2972972972972973,446.0,1.0799031476997578,1.0,2.0,0.5,54.31009957325747,77.13762224747018,50.0,52.45843801225434,23.26,0.1239123912391239,10.2,41.864650827933765,72.01973468374877,54.66237942122186,51.04773473420228,0.1333333333333333,164.0,0.3660714285714285,0.3996414768403273,13.333333333333334,57.76084003650487,72.15697854124909,63.445499584793,0.565711219856594,0.5876853430016713,0.565711219856594,0.4557514124512035,0.0,0.4557514124512035,205.0,0,0.0471644057919462,-0.9261541606736804,-1.0,1,0,1,1,0,1,Somente consolidada,358,343,80,21,45.04504504504504,0.0,1,0,29.0,Entrou na consolidada,1,45.04504504504504,45.04504504504504
4112959,Juranda,354.364,Juranda,Juranda,Centro Ocidental Paranaense,Goioerê,Maringá,Campo Mourão,7771.0,516.0,952.0,P1,P2,152.0,0.2945736434108527,1084.0,1.138655462184874,1.0,5.0,0.2,54.72868217054263,73.1409024052483,80.0,63.76453436040293,0.0,0.1225067558872732,11.45,0.0,71.20275839840673,61.36120042872454,28.58382126244373,0.0465116279069767,254.0,0.2534930139720558,0.4326852163713172,4.651162790697675,38.39755342976207,66.65708686098954,46.09042432112855,0.4965874772510134,0.4612392571724646,0.4965874772510134,0.4430515356323682,0.0,0.4430515356323682,221.0,0,0.1087179523339777,-0.8372940739845962,-1.0,1,0,1,1,0,1,Somente consolidada,229,218,164,152,19.37984496124031,0.0,1,0,29.0,Entrou na consolidada,1,19.37984496124031,19.37984496124031
4113007,Jussara,210.869,Jussara,Jussara,Noroeste Paranaense,Cianorte,Maringá,Cianorte,6690.0,394.0,875.0,P1,P2,146.0,0.3705583756345177,966.0,1.104,1.0,2.0,0.5,43.05102858669517,75.49839546010904,50.0,42.28254356868806,0.0,0.1307922272047832,9.57,0.0,76.01839822304179,51.28617363344051,25.300408249132428,0.0,119.0,0.1456548347613219,0.5966731543930519,0.0,19.849578858992363,39.362479507520895,19.966899884926423,0.2995985903127228,0.2549673029451995,0.2995985903127228,0.2845552958337422,0.0,0.2845552958337422,371.0,0,0.0999245885422589,0.1298618544070986,0.0,0,0,0,0,0,0,Não contemplado,245,258,390,376,0.0,0.0,0,0,262.0,Não contemplado,0,0.0,0.0
4113106,Kaloré,193.299,Kaloré,Kaloré,Norte Central Paranaense,Faxinal,Londrina,Apucarana,4582.0,232.0,515.0,P1,P1,136.0,0.5862068965517241,538.0,1.0446601941747573,1.0,4.0,0.25,9.90925589836662,79.53508033718607,75.0,26.59291592108065,20.0,0.1123963334788302,9.6,35.99712023038157,65.32642971073318,51.446945337620576,41.19867639849,0.0566037735849056,153.0,0.3,0.3999771805637601,5.660377358490567,46.39667211409894,72.10110308218341,53.567514934200574,0.4030390762181049,0.4569882742443448,0.4030390762181048,0.3390677772439066,0.0,0.3390677772439066,337.0,0,0.0588127578277295,0.0825165974124568,0.0,0,0,0,0,0,0,Não contemplado,312,341,306,80,0.0,0.0,0,0,262.0,Não contemplado,0,0.0,0.0
4113205,Lapa,2093.859,Lapa,Lapa,Metropolitana de Curitiba,Lapa,Curitiba,Curitiba,45003.0,2543.0,5940.0,P3,P3,589.0,0.2316162013370035,6336.0,1.0666666666666669,5.0,13.0,0.3846153846153846,64.4042469524184,78.03805496828753,61.53846153846154,66.20210499540941,14.84,0.1319912005866275,11.84,26.709863210943123,76.71525948114363,63.45123258306538,50.00490505872249,0.0412371134020618,1121.0,0.2064836986553693,0.5222383527989909,4.123711340206185,30.31203500331216,51.7516143881239,33.92288541318813,0.5005097717518352,0.4359513325873926,0.4359513325873926,0.8166406259837589,0.0,0.8166406259837589,17.0,1,0.6783452067897352,0.9740707036439906,1.0,0,1,1,0,1,1,Técnica e consolidada,41,47,155,290,3.932363350373574,3.932363350373574,1,0,29.0,Nas três etapas,1,3.932363350373574,3.932363350373574
4113254,Laranjal,559.439,Laranjal,Laranjal,Centro-Sul Paranaense,Pitanga,Guarapuava,Pitanga,5600.0,437.0,846.0,P1,P2,90.0,0.205949656750572,942.0,1.1134751773049645,1.0,3.0,0.3333333333333333,68.34878959412261,74.85383142079931,66.66666666666667,70.34412275644709,10.87,0.1510714285714285,15.71,19.564434845212386,87.80497329773031,84.19078242229368,65.4149188991558,0.0789473684210526,397.0,0.4610917537746806,0.3198666262179166,7.894736842105263,74.10416656960678,85.43492599694376,75.95668824998342,0.7160330818240336,0.7272582128111063,0.7160330818240337,0.6052057334374485,0.0,0.6052057334374485,70.0,1,0.0966128021791441,-0.8342092353328676,-1.0,1,0,1,0,1,1,Técnica e consolidada,284,248,6,4,22.88329519450801,22.88329519450801,1,0,29.0,Nas três etapas,1,22.88329519450801,22.88329519450801
4113304,Laranjeiras do Sul,673.688,Laranjeiras do Sul,Laranjeiras do Sul,Centro-Sul Paranaense,Guarapuava,Cascavel,Laranjeiras do Sul - Quedas do Iguaçu,32227.0,2278.0,4424.0,P2,P3,842.0,0.369622475856014,5242.0,1.1849005424954793,3.0,12.0,0.25,43.19486160528626,69.99500710389187,75.0,50.61634528855947,12.22,0.1372761969776895,15.95,21.99424046076314,79.78697841161225,85.47695605573419,62.72918875508392,0.025531914893617,701.0,0.1541675830217726,0.4767524358511596,2.553191489361702,21.31375638329618,59.32241659577768,32.37183727675716,0.4574111077714344,0.4209220917478297,0.4209220917478298,0.6661202431019506,0.0,0.6661202431019506,44.0,1,0.5052187196696614,0.7178764399431756,1.0,0,1,1,0,1,1,Técnica e consolidada,57,54,232,308,4.389815627743634,4.389815627743634,1,0,29.0,Nas três etapas,1,4.389815627743634,4.389815627743634
4113403,Leópolis,344.918,Leópolis,Leópolis,Norte Pioneiro Paranaense,Cornélio Procópio,Londrina,Cornélio Procópio ¿ Bandeirantes,3752.0,207.0,463.0,P1,P1,126.0,0.6086956521739131,483.0,1.043196544276458,0.0,3.0,0.0,6.45308924485126,79.63464745453055,100.0,34.25398916581804,46.51,0.1234008528784648,10.13,83.71130309575233,71.72242093936194,54.28724544480173,76.75261626827918,0.0,92.0,0.2110091743119266,0.4452322786719149,0.0,31.09040874824004,64.56871900256243,38.823213930630295,0.4458140449223517,0.4549524944519762,0.4458140449223517,0.368013927253282,0.0,0.368013927253282,315.0,0,0.0528743822800753,0.0764465245171264,0.0,0,0,0,0,0,0,Não contemplado,343,355,244,237,0.0,0.0,0,0,262.0,Não contemplado,0,0.0,0.0
4113429,Lidianópolis,151.456,Lidianópolis,Lidianópolis,Norte Central Paranaense,Ivaiporã,Londrina,Ivaiporã,3938.0,214.0,486.0,P1,P1,78.0,0.3644859813084112,493.0,1.01440329218107,0.0,2.0,0.0,43.984259714707335,81.59335432387248,100.0,66.69783933048498,0.0,0.1234128999492128,7.11,0.0,71.72942287702378,38.10289389067524,14.392553388753749,0.0285714285714285,134.0,0.293859649122807,0.3719054722467946,2.857142857142857,45.34054271021485,76.77343609335357,53.98811392967527,0.5115289198181485,0.486109469016529,0.5115289198181485,0.419906337349741,0.0,0.419906337349741,257.0,0,0.0555009714646146,0.0838913234467669,0.0,0,0,0,0,0,0,Não contemplado,338,349,141,74,0.0,0.0,0,0,262.0,Não contemplado,0,0.0,0.0
4113452,Lindoeste,347.093,Lindoeste,Lindoeste,Oeste Paranaense,Cascavel,Cascavel,Cascavel,5175.0,360.0,700.0,P1,P2,123.0,0.3416666666666667,848.0,1.2114285714285715,1.0,2.0,0.5,47.49122807017544,68.19039565086075,50.0,42.944890863655246,31.25,0.1352657004830917,16.62,56.2455003599712,78.61844778545307,89.06752411575563,85.62417297595019,0.0,273.0,0.3744855967078189,0.4417896631764698,0.0,59.20806195521856,65.1417174764178,53.66665532136411,0.5576945306919778,0.5791380596073955,0.5576945306919778,0.471442289643942,0.0,0.471442289643942,185.0,1,0.0799396708338071,0.1245215880431384,0.0,0,1,1,0,1,1,Técnica e consolidada,293,272,84,76,27.77777777777778,27.77777777777778,1,0,29.0,Nas três etapas,1,27.77777777777778,27.77777777777778
4113502,Loanda,722.496,Loanda,Loanda,Noroeste Paranaense,Paranavaí,Maringá,Loanda,23225.0,1489.0,3152.0,P2,P3,681.0,0.4573539288112827,3566.0,1.1313451776649746,4.0,10.0,0.4,29.71192251952919,73.63819616208184,60.0,34.47354252401901,3.1,0.1357158234660925,14.08,5.579553635709143,78.88006599398409,75.45551982851019,45.65904750357524,0.0404040404040404,552.0,0.1798631476050831,0.4882542284999229,4.040404040404041,25.73334768167535,57.408026318076885,34.437358740635055,0.3669617000657668,0.3668893324989988,0.3668893324989987,0.4970536792882185,0.0,0.4970536792882185,158.0,1,0.3599569178116574,0.4920212711159734,1.0,0,0,0,-1,1,0,Somente técnica,86,83,346,285,0.0,6.71591672263264,0,0,262.0,Somente na técnica,0,0.0,0.0
4113601,Lobato,240.904,Lobato,Lobato,Norte Central Paranaense,Astorga,Maringá,Paranacity - Colorado,4601.0,234.0,563.0,P1,P1,127.0,0.5427350427350427,609.0,1.0817051509769091,0.0,1.0,0.0,16.590193432298708,77.01503810220447,100.0,41.690698762726,20.83,0.122364703325364,8.48,37.491000719942406,71.12019532527468,45.44480171489818,42.00121015376644,0.0,128.0,0.2415094339622641,0.454204951818163,0.0,36.336399032356624,63.07528239135636,40.76464109405161,0.4138237797346433,0.4119716643972946,0.4138237797346433,0.3507627932797504,0.0,0.3507627932797504,330.0,0,0.0642943352563334,0.0909008600876357,0.0,0,0,0,0,0,0,Não contemplado,311,339,288,212,0.0,0.0,0,0,262.0,Não contemplado,0,0.0,0.0
4113700,Londrina,1652.569,Londrina,Londrina,Norte Central Paranaense,Londrina,Londrina,Londrina,555965.0,30194.0,66820.0,G1,G1,2282.0,0.075577929389945,77042.0,1.1529781502544147,152.0,187.0,0.8128342245989305,88.38486558849267,72.16657871939604,18.71657754010695,65.89371022824054,11.84,0.1201874218700817,11.0,21.31029517638589,69.8547267859849,58.949624866023576,39.54064145793567,0.0480859010270775,12581.0,0.1967225931543477,0.6286582840300335,4.8085901027077504,28.633142259196475,34.03878579490468,24.244683451999634,0.439634857636832,0.3563368040843502,0.439634857636832,5.174491041756839,5.0,0.1744910417568386,393.0,5,7.630812578735708,10.985583780441528,11.0,0,8,8,3,1,1,Técnica e consolidada,2,2,252,360,2.64953301980526,1.655958137378287,4,-4,2.0,Nas três etapas,1,1.3247665099026298,2.64953301980526
4113734,Luiziana,916.839,Luiziana,Luiziana,Centro Ocidental Paranaense,Campo Mourão,Maringá,Campo Mourão,6690.0,445.0,981.0,P1,P2,101.0,0.2269662921348314,1026.0,1.0458715596330277,0.0,2.0,0.0,65.11886457717327,79.45267527100818,100.0,83.60132316363735,0.0,0.1466367713004484,11.96,0.0,85.22748417920457,64.09431939978563,39.04567277486719,0.0355555555555555,329.0,0.3579978237214363,0.4821318473574895,3.555555555555556,56.37219439589679,58.42705242064824,50.56508441206831,0.6147569758525571,0.548684498349419,0.614756975852557,0.5372215594561434,0.0,0.5372215594561434,126.0,1,0.1120297386970926,0.1809008020640694,0.0,0,1,1,0,1,1,Técnica e consolidada,245,242,45,112,22.471910112359552,22.471910112359552,1,0,29.0,Nas três etapas,1,22.471910112359552,22.471910112359552
4113759,Lunardelli,199.213,Lunardelli,Lunardelli,Norte Central Paranaense,Ivaiporã,Londrina,Ivaiporã,4872.0,239.0,573.0,P1,P1,103.0,0.4309623430962343,570.0,0.9947643979057592,0.0,2.0,0.0,33.76789253468399,82.92932141074047,100.0,58.65364006723253,0.0,0.1176108374384236,9.03,0.0,68.35717738593988,48.39228295819935,18.71089683078879,0.037037037037037,180.0,0.3448275862068966,0.3948865060536368,3.7037037037037033,54.10693702324295,72.94840907062576,56.98256567754789,0.4999666166406992,0.49662446786133,0.4999666166406992,0.4175316816093876,0.0,0.4175316816093876,261.0,0,0.0654363305539593,0.0981523113464047,0.0,0,0,0,0,0,0,Não contemplado,302,335,156,50,0.0,0.0,0,0,262.0,Não contemplado,0,0.0,0.0
4113809,Lupionópolis,121.066,Lupionópolis,Lupionópolis,Norte Central Paranaense,Astorga,Londrina,Londrina,4813.0,273.0,605.0,P1,P1,141.0,0.5164835164835165,662.0,1.094214876033058,1.0,3.0,0.3333333333333333,20.62463851937536,76.1640441151452,66.66666666666667,30.6900002022766,44.44,0.1257012258466653,10.18,79.98560115190784,73.05943210658052,54.555198285101824,75.42864855553721,0.03125,171.0,0.3021201413427561,0.4135746804991198,3.125,46.761332645273455,69.8378974696141,51.2735737369198,0.47871159286786,0.5198787399371465,0.47871159286786,0.4035907923296146,0.0,0.4035907923296146,280.0,0,0.0690907155063619,0.1021652419787925,0.0,0,0,0,0,0,0,Não contemplado,304,314,199,103,0.0,0.0,0,0,262.0,Não contemplado,0,0.0,0.0
4113908,Mallet,760.224,Mallet,Mallet,Sudeste Paranaense,Irati,Ponta Grossa,Irati,13428.0,810.0,1633.0,P1,P2,153.0,0.1888888888888888,1788.0,1.0949173300673607,1.0,3.0,0.3333333333333333,70.97076023391813,76.11625855977174,66.66666666666667,73.08482348816551,0.0,0.1216115579386356,11.92,0.0,70.68245596452107,63.87995712754555,29.831447796983834,0.0084745762711864,258.0,0.1568389057750759,0.5362528095293098,0.847457627118644,21.773219134440787,49.41900932984497,26.60342185852001,0.4584158769807097,0.3654530737214188,0.4584158769807097,0.463109488232074,0.0,0.463109488232074,195.0,0,0.1864878321022959,0.2719768152017012,0.0,0,0,0,0,0,0,Não contemplado,147,158,227,347,0.0,0.0,0,0,262.0,Não contemplado,0,0.0,0.0
4114005,Mamborê,788.061,Mamborê,Mamborê,Centro Ocidental Paranaense,Campo Mourão,Maringá,Campo Mourão,13452.0,772.0,1688.0,P1,P2,221.0,0.2862694300518135,1865.0,1.1048578199052133,1.0,4.0,0.25,56.004908644668674,75.44004089371852,75.0,63.7020196929568,0.0,0.1254831995242343,10.33,0.0,72.93271194777694,55.35905680600214,25.916711091530964,0.15,507.0,0.3123844731977819,0.3794284905646767,15.0,48.52677942512793,75.52128405353506,61.27098303840035,0.5517254331084905,0.5468633597993777,0.5517254331084905,0.5417182694599144,0.0,0.5417182694599144,122.0,1,0.1927688062392378,0.2991242593513881,0.0,0,1,1,0,1,1,Técnica e consolidada,146,163,91,29,12.953367875647668,12.953367875647668,1,0,29.0,Nas três etapas,1,12.953367875647668,12.953367875647668
4114104,Mandaguaçu,294.019,Mandaguaçu,Mandaguaçu,Norte Central Paranaense,Astorga,Maringá,Maringá,31457.0,2321.0,4294.0,P2,P3,845.0,0.3640672124084446,4660.0,1.0852352119236144,3.0,7.0,0.4285714285714285,44.04861788249167,76.77490007949692,57.14285714285714,46.66949747785156,9.46,0.1365037988365069,12.72,17.026637868970486,79.33804906207823,68.16720257234728,48.54126500576451,0.0185185185185185,549.0,0.1209784045835169,0.4674911344939879,1.851851851851852,15.605276861451385,60.86389328714654,29.85314383969449,0.4031730952817132,0.369540388005399,0.369540388005399,0.6091339230607221,0.0,0.6091339230607221,67.0,1,0.4903727808005257,0.6715853284848385,1.0,0,0,0,-1,1,0,Somente técnica,59,52,305,323,0.0,4.308487720809995,0,0,262.0,Somente na técnica,0,0.0,0.0
4114203,Mandaguari,335.814,Mandaguari,Mandaguari,Norte Central Paranaense,Maringá,Maringá,Maringá,36716.0,2261.0,4477.0,P2,P3,936.0,0.4139761167624944,4867.0,1.0871119052937237,3.0,12.0,0.25,36.37840731860612,76.64723502160406,75.0,47.67584832465538,12.22,0.1219359407342847,12.15,21.99424046076314,70.87099209593617,65.11254019292605,44.44955767177522,0.0,408.0,0.0890829694323144,0.5947351674418453,0.0,10.119318878499335,39.685043432206136,15.09971922344617,0.3400013855359566,0.2748491273335382,0.2748491273335382,0.5665529790922383,0.0,0.5665529790922383,108.0,1,0.5112712947470781,0.6517937639390008,1.0,0,0,0,-1,1,0,Somente técnica,51,56,366,385,0.0,4.422821760283061,0,0,262.0,Somente na técnica,0,0.0,0.0
4114302,Mandirituba,379.179,Mandirituba,Mandirituba,Metropolitana de Curitiba,Curitiba,Curitiba,Curitiba,27439.0,1769.0,3935.0,P2,P3,502.0,0.283776144714528,4228.0,1.0744599745870391,1.0,6.0,0.1666666666666666,56.38808723334623,77.50790277471242,83.33333333333334,68.40616754355534,11.8,0.1434090163635701,13.16,21.238300935925125,83.3514647443965,70.52518756698821,55.14822688390561,0.1692307692307692,802.0,0.2150710646285867,0.4623089919331464,16.923076923076923,31.7890466411837,61.72642347170878,46.46951790409515,0.5697991955584132,0.5259258962794928,0.5259258962794928,0.7276422817070778,0.0,0.7276422817070778,29.0,1,0.4493751496157589,0.6857131779431581,1.0,0,1,1,0,1,1,Técnica e consolidada,71,70,74,148,5.6529112492933855,5.6529112492933855,1,0,29.0,Nas três etapas,1,5.6529112492933855,5.6529112492933855
4114351,Manfrinópolis,215.779,Manfrinópolis,Manfrinópolis,Sudoeste Paranaense,Francisco Beltrão,Cascavel,Francisco Beltrão,2770.0,168.0,365.0,P1,P1,45.0,0.2678571428571428,353.0,0.9671232876712328,0.0,1.0,0.0,58.83458646616542,84.80965199351878,100.0,80.5635638577321,0.0,0.131768953068592,13.72,0.0,76.58608590033403,73.52625937834941,39.53920461019776,0.0,55.0,0.1544943820224719,0.4148584518836856,0.0,21.3699652288005,69.62422299882041,36.40975336605484,0.5469716781155434,0.4586640571321888,0.5469716781155434,0.4378393226272044,0.0,0.4378393226272044,233.0,0,0.0416828283633423,0.0644821549418418,0.0,0,1,1,1,0,1,Somente consolidada,376,370,95,259,59.52380952380952,0.0,1,0,29.0,Entrou na consolidada,1,59.52380952380952,59.52380952380952
4114401,Mangueirinha,1055.458,Mangueirinha,Mangueirinha,Centro-Sul Paranaense,Palmas,Cascavel,Pato Branco,16603.0,1168.0,2440.0,P1,P2,387.0,0.3313356164383562,2661.0,1.0905737704918033,1.0,4.0,0.25,49.078947368421055,76.41173612339864,75.0,58.27643568396933,29.17,0.1469613925194242,13.91,52.50179985601152,85.41615888582234,74.54448017148981,78.46410402597412,0.0153846153846153,638.0,0.2634186622625929,0.4887552762496606,1.5384615384615383,40.104747240328194,57.32463054056174,40.53501423384225,0.5521740077231946,0.5166911648229404,0.5521740077231946,0.5990766516334053,0.0,0.5990766516334053,75.0,1,0.2786468526206993,0.4325084019717252,1.0,0,1,1,0,1,1,Técnica e consolidada,111,105,90,214,8.561643835616438,8.561643835616438,1,0,29.0,Nas três etapas,1,8.561643835616438,8.561643835616438
4114500,Manoel Ribas,571.135,Manoel Ribas,Manoel Ribas,Norte Central Paranaense,Ivaiporã,Londrina,Ivaiporã,14240.0,1003.0,2133.0,P1,P2,229.0,0.2283150548354935,2248.0,1.053914674167839,2.0,4.0,0.5,64.91158104633467,78.90552958430189,50.0,62.13453947819148,0.0,0.1497893258426966,15.59,0.0,87.05979602016173,83.54769560557341,52.33423768176606,0.0384615384615384,600.0,0.2877697841726618,0.4674241476668809,3.8461538461538463,44.29309679577686,60.87504276049073,45.73266376880788,0.5361372883515296,0.5033335369327624,0.5361372883515296,0.5627783739330802,0.0,0.5627783739330802,112.0,1,0.2435875969835867,-0.6258160092935678,0.0,1,0,1,0,1,1,Técnica e consolidada,133,126,109,159,9.970089730807576,9.970089730807576,1,0,29.0,Nas três etapas,1,9.970089730807576,9.970089730807576
4114609,Marechal Cândido Rondon,745.748,Marechal Cândido Rondon,Marechal Cândido Rondon,Oeste Paranaense,Toledo,Cascavel,Marechal Cândido Rondon,55836.0,3634.0,6945.0,P3,P3,1198.0,0.329664281783159,8011.0,1.153491720662347,9.0,20.0,0.45,49.3358051154303,72.13164227378111,55.00000000000001,48.265239520585055,8.06,0.1243821190629701,13.11,14.506839452843773,72.29274751893563,70.2572347266881,43.87461183058316,0.0300546448087431,721.0,0.099668233342549,0.6369317139819889,3.0054644808743167,11.939965399693344,32.66173316085597,13.962972699172022,0.3366620725401946,0.2680575388973685,0.2680575388973685,0.7351166590669378,0.0,0.7351166590669378,28.0,1,0.7931157342011298,1.005716385971864,1.0,0,0,0,-1,1,0,Somente técnica,32,32,367,388,0.0,2.7517886626307098,1,1,29.0,"Técnica, excluído na consolidada, reincluído na publicada",1,2.7517886626307098,0.0
4114708,Maria Helena,486.224,Maria Helena,Maria Helena,Noroeste Paranaense,Umuarama,Maringá,Umuarama,5865.0,337.0,691.0,P1,P2,108.0,0.3204747774480712,775.0,1.121562952243126,1.0,3.0,0.3333333333333333,50.74808683429642,74.30364763896782,66.66666666666667,55.28435351880111,0.0,0.1178175618073316,10.74,0.0,68.47732868035472,57.556270096463024,24.50694513781777,0.0,189.0,0.274310595065312,0.4140938185118566,0.0,41.978140264301445,69.75149069853785,47.1374751471791,0.4587012049395564,0.4424074481963124,0.4587012049395564,0.3945121552635113,0.0,0.3945121552635113,294.0,0,0.0789118750659439,-0.8848911527572678,-1.0,1,0,1,1,0,1,Somente consolidada,272,282,226,136,29.67359050445104,0.0,1,0,29.0,Entrou na consolidada,1,29.673590504451038,29.67359050445104
4114807,Marialva,475.564,Marialva,Marialva,Norte Central Paranaense,Maringá,Maringá,Maringá,41851.0,2628.0,5446.0,P3,P3,867.0,0.3299086757990868,6117.0,1.1232096951891295,4.0,9.0,0.4444444444444444,49.29824561403508,74.19162532520859,55.55555555555556,49.33534951439014,16.33,0.1301283123461805,13.36,29.391648668106544,75.63252097952304,71.59699892818864,56.08855073496903,0.0528169014084507,901.0,0.166543438077634,0.558040950696286,5.28169014084507,23.44238138927922,45.79253066751957,27.884883132447445,0.4210580320572884,0.378157099293403,0.378157099293403,0.7076939793278804,0.0,0.7076939793278804,34.0,1,0.6219306390870198,0.8571181255258596,1.0,0,0,0,-1,1,0,Somente técnica,46,44,284,333,0.0,3.8051750380517504,0,0,262.0,Somente na técnica,0,0.0,0.0
4114906,Marilândia do Sul,384.424,Marilândia do Sul,Marilândia do Sul,Norte Central Paranaense,Apucarana,Londrina,Apucarana,8677.0,536.0,1164.0,P1,P2,115.0,0.2145522388059701,1241.0,1.0661512027491409,1.0,3.0,0.3333333333333333,67.02670856245089,78.07312022291075,66.66666666666667,70.58638544007796,8.0,0.1341477469171372,11.76,14.398848092152628,77.96867645585765,63.022508038585215,42.83404244656408,0.0,394.0,0.3390705679862306,0.4376275359276023,0.0,53.116740152877576,65.83447348264282,50.87364469615762,0.5715082054380705,0.5320827239502298,0.5715082054380705,0.517518056353474,0.0,0.517518056353474,138.0,1,0.132928252643645,-0.7911021602359669,-1.0,1,0,1,0,1,1,Técnica e consolidada,214,212,69,110,18.65671641791045,18.65671641791045,1,0,29.0,Nas três etapas,1,18.65671641791045,18.65671641791045
4115002,Marilena,232.363,Marilena,Marilena,Noroeste Paranaense,Paranavaí,Maringá,Paranavaí,7253.0,454.0,957.0,P1,P2,203.0,0.4471365638766519,1079.0,1.1274817136886102,0.0,2.0,0.0,31.28217018316717,73.9010144573161,100.0,52.75647483766164,12.82,0.1319454019026609,12.68,23.074154067674584,76.68864060118212,67.95284030010717,50.52886381738543,0.032258064516129,187.0,0.2021621621621621,0.3979640024527077,3.225806451612903,29.568738430898584,72.43618203211503,43.77519176593088,0.4871843940491409,0.4692218279056794,0.4871843940491409,0.4361067760933612,0.0,0.4361067760933612,234.0,0,0.1092889499827906,0.1625328208564234,0.0,0,1,1,1,0,1,Somente consolidada,234,238,180,178,22.02643171806168,0.0,1,0,29.0,Entrou na consolidada,1,22.026431718061676,22.02643171806168
4115101,Mariluz,433.17,Mariluz,Mariluz,Noroeste Paranaense,Umuarama,Maringá,Umuarama,9847.0,652.0,1386.0,P1,P2,159.0,0.2438650306748466,1415.0,1.020923520923521,0.0,2.0,0.0,62.521795285760405,81.14980537062434,100.0,82.12826583085354,13.7,0.1407535289936021,11.58,24.65802735781137,81.80805577674874,62.05787781350482,51.0334983030374,0.0294117647058823,441.0,0.3266666666666666,0.4062527679182883,2.941176470588235,50.98329123953845,71.05657691263345,53.99324768917412,0.6465530506861854,0.5902830144028266,0.6465530506861854,0.5937977357253517,0.0,0.5937977357253517,80.0,1,0.1582805482509382,0.2606173195868643,0.0,0,1,1,0,1,1,Técnica e consolidada,195,186,31,73,15.337423312883436,15.337423312883436,1,0,29.0,Nas três etapas,1,15.337423312883436,15.337423312883436
4115200,Maringá,487.012,Maringá,Maringá,Norte Central Paranaense,Maringá,Maringá,Maringá,409657.0,21680.0,45546.0,M2,M2,6614.0,0.3050738007380074,53527.0,1.1752294383699995,63.0,125.0,0.504,53.11497378131676,70.65289937746844,49.6,48.55150750400013,7.29,0.1111808171226172,11.36,13.120950323974082,64.61995342855667,60.87888531618435,32.36445043701976,0.0370751802265705,5145.0,0.1147720174890693,0.6716754103674467,3.707518022657055,14.537789345928593,26.878895945575472,12.678384687816605,0.3096484696413065,0.2379022240089394,0.3096484696413065,3.36130664980028,3.0,0.3613066498002792,318.0,3,5.201331782566545,6.811916209134964,7.0,0,6,6,3,1,1,Técnica e consolidada,3,5,385,389,2.7675276752767526,1.3837638376383763,4,-2,2.0,Nas três etapas,1,1.8450184501845017,2.7675276752767526
4115309,Mariópolis,230.365,Mariópolis,Mariópolis,Sudoeste Paranaense,Pato Branco,Cascavel,Pato Branco,6371.0,437.0,829.0,P1,P2,184.0,0.4210526315789473,948.0,1.143546441495778,1.0,2.0,0.5,35.29085872576178,72.80818574155431,50.0,34.6116489980764,11.9,0.1301208601475435,14.44,21.41828653707704,75.62818965024051,77.38478027867095,54.72139787864752,0.1764705882352941,146.0,0.1695702671312427,0.4799868610632463,17.647058823529413,23.962990590281137,58.78406989026348,41.27291672541057,0.4129810586512429,0.4263035941059112,0.4129810586512429,0.3691956732808473,0.0,0.3691956732808473,313.0,0,0.0946714101731802,0.1337689093705062,0.0,0,0,0,0,0,0,Não contemplado,256,248,290,208,0.0,0.0,0,0,262.0,Não contemplado,0,0.0,0.0
4115358,Maripá,283.793,Maripá,Maripá,Oeste Paranaense,Toledo,Cascavel,Toledo,6555.0,357.0,967.0,P1,P2,131.0,0.3669467787114845,984.0,1.017580144777663,1.0,2.0,0.5,43.6060740085508,81.37724386218449,50.0,45.22651932791696,13.16,0.1475209763539283,11.14,23.686105111591072,85.74139737804488,59.69989281886389,51.41021981883159,0.0,89.0,0.1076178960096735,0.5068736786063195,0.0,13.3072932058118,54.30895338672364,24.31490413235136,0.3809861334787364,0.3391629030876052,0.3809861334787364,0.3541922293342278,0.0,0.3541922293342278,324.0,0,0.1104309452804164,0.1525036041392042,0.0,0,0,0,0,0,0,Não contemplado,252,276,332,359,0.0,0.0,0,0,262.0,Não contemplado,0,0.0,0.0
4115408,Marmeleiro,387.612,Marmeleiro,Marmeleiro,Sudoeste Paranaense,Francisco Beltrão,Cascavel,Francisco Beltrão,15901.0,1080.0,2073.0,P1,P2,259.0,0.2398148148148148,2183.0,1.0530631934394596,2.0,4.0,0.5,63.14424951267057,78.9634529180838,50.0,60.67002002298535,4.78,0.1303691591723791,13.33,8.603311735061196,75.77250475635753,71.43622722400858,43.09750220716001,0.0418250950570342,543.0,0.2469304229195088,0.5240916474257991,4.182509505703422,37.26879946848519,51.44314688887211,37.39287886585664,0.478446599969688,0.4318923176554305,0.478446599969688,0.5114913782425676,0.0,0.5114913782425676,143.0,1,0.2367356251978318,-0.6499990198345671,-1.0,1,0,1,0,1,1,Técnica e consolidada,116,116,200,249,9.25925925925926,9.25925925925926,1,0,29.0,Nas três etapas,1,9.25925925925926,9.25925925925926
4115457,Marquinho,503.858,Marquinho,Marquinho,Centro-Sul Paranaense,Guarapuava,Cascavel,Laranjeiras do Sul - Quedas do Iguaçu,4504.0,307.0,649.0,P1,P1,77.0,0.250814332247557,673.0,1.036979969183359,1.0,2.0,0.5,61.45379735984914,80.057539884267,50.0,59.70673581398152,0.0,0.1440941385435168,11.55,0.0,83.74966800019921,61.89710610932476,36.75136744010323,0.0,236.0,0.3763955342902711,0.4579366869055805,0.0,59.53656781437122,62.45416205051322,52.44617366861343,0.5221143728105863,0.5075932485198501,0.5221143728105863,0.4402075991316788,0.0,0.4402075991316788,228.0,0,0.0741154948159155,0.1128122599072734,0.0,0,1,1,1,0,1,Somente consolidada,316,297,126,89,32.57328990228013,0.0,1,0,29.0,Entrou na consolidada,1,32.57328990228013,32.57328990228013
4115507,Marumbi,208.47,Marumbi,Marumbi,Norte Central Paranaense,Faxinal,Londrina,Apucarana,4699.0,273.0,597.0,P1,P1,107.0,0.3919413919413919,604.0,1.0117252931323284,1.0,3.0,0.3333333333333333,39.76479660690188,81.77552947781078,66.66666666666667,49.17870001946662,21.28,0.1270483081506703,13.41,38.30093592512599,73.84237648495505,71.86495176848875,60.70028323687626,0.0,133.0,0.2301038062283737,0.4266086042619432,0.0,34.37465139603518,67.66849503872217,42.12606003628137,0.4866196066967445,0.472514326730374,0.4866196066967445,0.4090707565528095,0.0,0.4090707565528095,272.0,0,0.0681771192682612,0.1013534422322995,0.0,0,0,0,0,0,0,Não contemplado,309,314,181,198,0.0,0.0,0,0,262.0,Não contemplado,0,0.0,0.0
4115606,Matelândia,639.746,Matelândia,Matelândia,Oeste Paranaense,Foz do Iguaçu,Cascavel,Cascavel,18450.0,1364.0,2526.0,P1,P2,602.0,0.4413489736070381,2995.0,1.1856690419635787,2.0,8.0,0.25,32.17163142460257,69.94272870261004,75.0,41.30761488773486,3.42,0.136910569105691,14.04,6.155507559395248,79.57447002507408,75.24115755627008,46.31830113624933,0.0206185567010309,193.0,0.0720149253731343,0.6397739583346072,2.061855670103093,7.183645729161353,32.18866212561283,10.769299807102648,0.3009442610518487,0.2398676308905842,0.3009442610518487,0.3986043956017387,0.0,0.3986043956017387,285.0,0,0.2884680121802813,0.3752808049429718,1.0,0,0,0,0,0,0,Não contemplado,101,92,389,393,0.0,0.0,1,1,29.0,Somente na lista publicada,1,7.331378299120234,0.0
4115705,Matinhos,117.899,Matinhos,Matinhos,Metropolitana de Curitiba,Paranaguá,Curitiba,Paranaguá,39259.0,2293.0,5331.0,P2,P3,855.0,0.3728739642389882,6828.0,1.2808103545301068,3.0,16.0,0.1875,42.69515918011339,63.47058926296278,81.25,50.079768421486335,15.41,0.1357905193713543,12.97,27.735781137509,78.92348037107034,69.50696677384781,55.804533436387246,0.0344827586206896,1057.0,0.2172661870503597,0.4549410345700658,3.4482758620689653,32.16660378427313,62.952766736026966,40.32796977660351,0.4732400196651339,0.4537364223753682,0.4537364223753682,0.7466945292367378,0.0,0.7466945292367378,24.0,1,0.6087976931643229,0.8850313804110799,1.0,0,1,1,0,1,1,Técnica e consolidada,48,53,207,218,4.361098996947231,4.361098996947231,1,0,29.0,Nas três etapas,1,4.361098996947231,4.361098996947231
4115739,Mato Rico,394.533,Mato Rico,Mato Rico,Centro-Sul Paranaense,Pitanga,Guarapuava,Pitanga,3267.0,206.0,394.0,P1,P1,71.0,0.3446601941747573,503.0,1.2766497461928934,0.0,1.0,0.0,47.03117015840573,63.75362127698272,100.0,61.750066935922334,54.05,0.1205999387817569,8.88,97.28221742260618,70.09448778352773,47.58842443729904,80.02652325038049,0.0344827586206896,153.0,0.3923076923076923,0.3770747905093387,3.4482758620689653,62.2734306252357,75.91304042057818,62.60923370991286,0.6574902490841018,0.6592085826320828,0.6574902490841018,0.5241960707455793,0.0,0.5241960707455793,133.0,1,0.0449946147264571,0.0745781351703987,0.0,0,1,1,0,1,1,Técnica e consolidada,360,356,25,25,48.543689320388346,48.543689320388346,1,0,29.0,Nas três etapas,1,48.543689320388346,48.543689320388346
4115754,Mauá da Serra,108.324,Mauá da Serra,Mauá da Serra,Norte Central Paranaense,Apucarana,Londrina,Apucarana,9383.0,741.0,1494.0,P1,P2,198.0,0.2672064777327935,1737.0,1.1626506024096386,2.0,4.0,0.5,58.934583422118045,71.50859474394741,50.0,53.98327830729666,0.0,0.1592241287434722,13.43,0.0,92.54344454725738,71.97213290460878,48.53108146107276,0.0,489.0,0.3253493013972056,0.4400853080400393,0.0,50.7567067617847,65.42539507369068,49.44101259126138,0.5107593265163777,0.5016747950843071,0.5107593265163777,0.4945006948950102,0.0,0.4945006948950102,163.0,1,0.170614097465297,0.2577568389808717,0.0,0,1,1,0,1,1,Técnica e consolidada,204,168,143,117,13.49527665317139,13.49527665317139,1,0,29.0,Nas três etapas,1,13.49527665317139,13.49527665317139
4115804,Medianeira,328.732,Medianeira,Medianeira,Oeste Paranaense,Foz do Iguaçu,Cascavel,Foz do Iguaçu,54369.0,3596.0,6921.0,P3,P3,1317.0,0.3662402669632925,8447.0,1.220488368732842,5.0,13.0,0.3846153846153846,43.71465370879925,67.5740884982011,61.53846153846154,44.36402911281114,13.85,0.1272968051647078,14.16,24.92800575953924,73.98680666535684,75.88424437299035,54.95101406828963,0.0156006240249609,763.0,0.1056933093226208,0.6966417858491182,1.5600624024960998,12.976267726784227,22.723423146587223,8.609620251498582,0.3217966255938181,0.250287807871193,0.250287807871193,0.7192894002108863,0.0,0.7192894002108863,32.0,1,0.7903749454868277,0.9881961579890396,1.0,0,0,0,-1,1,0,Somente técnica,34,33,376,395,0.0,2.7808676307007785,1,1,29.0,"Técnica, excluído na consolidada, reincluído na publicada",1,2.7808676307007785,0.0
4115853,Mercedes,197.136,Mercedes,Mercedes,Oeste Paranaense,Toledo,Cascavel,Marechal Cândido Rondon,5931.0,326.0,817.0,P1,P2,154.0,0.4723926380368098,887.0,1.0856793145654835,0.0,3.0,0.0,27.40071036486924,76.7446892893979,100.0,50.684323836072565,0.0,0.1377508008767493,9.95,0.0,80.06282529462653,53.32261521972133,29.096668800960384,0.0,64.0,0.0882758620689655,0.5116206919236257,0.0,9.98049785091112,53.51884732062756,22.184977435886104,0.3496705426897554,0.2926718498893825,0.3496705426897554,0.3193386273528645,0.0,0.3193386273528645,350.0,0,0.0933010158160292,0.1259256326499256,0.0,0,0,0,0,0,0,Não contemplado,269,288,360,370,0.0,0.0,0,0,262.0,Não contemplado,0,0.0,0.0
4115903,Mirador,221.708,Mirador,Mirador,Noroeste Paranaense,Paranavaí,Maringá,Paranavaí,2238.0,171.0,320.0,P1,P1,85.0,0.4970760233918128,322.0,1.00625,0.0,3.0,0.0,23.60726377346877,82.14799502058528,100.0,49.764523520226064,0.0,0.1429848078641644,12.96,0.0,83.10490842123725,69.45337620578779,41.06619418729745,0.0,95.0,0.28023598820059,0.4836292200402086,0.0,42.997297319801966,58.17782555719924,41.6769779816574,0.4478983943821287,0.4317233033049914,0.4478983943821287,0.3592026768040371,0.0,0.3592026768040371,321.0,0,0.0365438495240261,0.0529117810503795,0.0,0,0,0,0,0,0,Não contemplado,389,369,240,203,0.0,0.0,0,0,262.0,Não contemplado,0,0.0,0.0
4116000,Miraselva,90.294,Miraselva,Miraselva,Norte Central Paranaense,Porecatu,Londrina,Londrina,1966.0,94.0,229.0,P1,P1,49.0,0.5212765957446809,271.0,1.183406113537118,0.0,1.0,0.0,19.88801791713326,70.09666801585794,100.0,41.55475779785606,0.0,0.1164801627670396,3.56,0.0,67.7000123596467,19.078242229367632,0.0,0.0,47.0,0.2136363636363636,0.431173166315015,0.0,31.54228062830053,66.90875666721692,40.26764071313141,0.3272895940439498,0.3247153598745005,0.3272895940439499,0.2613180024900603,0.0,0.2613180024900603,377.0,0,0.0261516923156312,0.0347108690771764,0.0,0,0,0,0,0,0,Não contemplado,395,395,373,219,0.0,0.0,0,0,262.0,Não contemplado,0,0.0,0.0
4116059,Missal,324.397,Missal,Missal,Oeste Paranaense,Foz do Iguaçu,Cascavel,Foz do Iguaçu,11064.0,633.0,1355.0,P1,P2,233.0,0.3680884676145339,1585.0,1.169741697416974,1.0,4.0,0.25,43.43061445081899,71.02621170308733,75.0,51.24933729379675,7.52,0.122469269703543,11.12,13.534917206623469,71.18097086788168,59.59271168274384,35.915950858882,0.0238095238095238,305.0,0.2353395061728395,0.4880004042737524,2.380952380952381,35.27518245229828,57.45027352646122,38.537258143412814,0.4309782834666023,0.4055541251658344,0.4309782834666022,0.4211343892054575,0.0,0.4211343892054575,254.0,0,0.1547403628282981,0.2214300987830373,0.0,0,0,0,0,0,0,Não contemplado,177,192,266,240,0.0,0.0,1,1,29.0,Somente na lista publicada,1,15.797788309636651,0.0
4116109,Moreira Sales,353.772,Moreira Sales,Moreira Sales,Centro Ocidental Paranaense,Goioerê,Maringá,Campo Mourão,11175.0,617.0,1324.0,P1,P2,248.0,0.4019448946515397,1450.0,1.095166163141994,0.0,5.0,0.0,38.22741619039496,76.0993312932376,100.0,59.53362106610128,16.13,0.1184787472035794,10.65,29.031677465802737,68.86161951953835,57.073954983922825,42.57010229755637,0.0303030303030303,411.0,0.3241324921135646,0.4265562693341703,3.0303030303030303,50.54741773432121,67.67720580929264,52.0654973024547,0.5315366780693366,0.5166004305420435,0.5315366780693366,0.4982090386477585,0.0,0.4982090386477585,155.0,1,0.1512001774056581,0.231568617427356,0.0,0,1,1,0,1,1,Técnica e consolidada,173,195,114,93,16.207455429497568,16.207455429497568,1,0,29.0,Nas três etapas,1,16.207455429497568,16.207455429497568
4116208,Morretes,684.58,Morretes,Morretes,Metropolitana de Curitiba,Paranaguá,Curitiba,Paranaguá,18309.0,1170.0,2493.0,P1,P2,169.0,0.1444444444444444,2816.0,1.129562775772162,2.0,3.0,0.6666666666666666,77.80116959064327,73.75944689193389,33.333333333333336,63.80533195126437,4.55,0.1361625430116336,11.14,8.189344852411807,79.139706073771,59.69989281886389,37.614250090344704,0.0303030303030303,716.0,0.2959900785448532,0.391755017063348,3.0303030303030303,45.70697277268571,73.46962278580959,52.558011064975865,0.5406818722456503,0.5181872304730734,0.5406818722456503,0.5936365288621568,0.0,0.5936365288621568,81.0,1,0.2846994276981161,-0.5613687527068013,0.0,1,0,1,0,1,1,Técnica e consolidada,103,104,102,88,8.547008547008547,8.547008547008547,1,0,29.0,Nas três etapas,1,8.547008547008547,8.547008547008547
4116307,Munhoz de Melo,137.018,Munhoz de Melo,Munhoz de Melo,Norte Central Paranaense,Astorga,Maringá,Maringá,3951.0,243.0,479.0,P1,P1,115.0,0.4732510288065844,561.0,1.1711899791231732,0.0,1.0,0.0,27.26878925709336,70.9276900315069,100.0,48.12286933432951,0.0,0.1212351303467476,11.64,0.0,70.46367061929195,62.37942122186495,28.758082821026765,0.0,125.0,0.2450980392156862,0.3964849109911433,0.0,36.95363273819408,72.68236611839775,46.05431029583476,0.4342248841627106,0.4300877660857211,0.4342248841627106,0.3603225969471871,0.0,0.3603225969471871,319.0,0,0.0547015747562766,0.0784543597183386,0.0,0,0,0,0,0,0,Não contemplado,337,333,260,154,0.0,0.0,0,0,262.0,Não contemplado,0,0.0,0.0
4116406,Nossa Senhora das Graças,185.769,Nossa Senhora das Graças,Nossa Senhora das Graças,Norte Central Paranaense,Astorga,Maringá,Paranacity - Colorado,3669.0,212.0,472.0,P1,P1,83.0,0.3915094339622642,496.0,1.0508474576271187,0.0,2.0,0.0,39.83118172790467,79.11418187853265,100.0,62.15469704464548,0.0,0.1286454074679749,15.26,0.0,74.77063449003141,81.77920685959272,43.558106145761855,0.0588235294117647,77.0,0.1666666666666666,0.3966473978949982,5.88235294117647,23.463576486901403,72.65532134733532,42.10438483102919,0.5041525397942225,0.4640519153669898,0.5041525397942225,0.4132276628478488,0.0,0.4132276628478488,267.0,0,0.0539021780479385,0.0810770980112471,0.0,0,0,0,0,0,0,Não contemplado,346,350,152,199,0.0,0.0,0,0,262.0,Não contemplado,0,0.0,0.0
4116505,Nova Aliança do Ivaí,131.272,Nova Aliança do Ivaí,Nova Aliança do Ivaí,Noroeste Paranaense,Paranavaí,Maringá,Paranavaí,1323.0,75.0,176.0,P1,P1,45.0,0.6,208.0,1.181818181818182,0.0,1.0,0.0,7.789473684210536,70.2046896021526,100.0,31.40763439875171,0.0,0.1330309901738473,12.09,0.0,77.31960073749127,64.79099678456592,34.54374737155701,0.0,37.0,0.2256097560975609,0.4193017631961406,0.0,33.60168278551007,68.88466593696744,42.35535587993097,0.3641394558578447,0.3860348988202032,0.3641394558578447,0.2854766389931323,0.0,0.2854766389931323,369.0,0,0.0200991172382143,0.0274179988525607,0.0,0,0,0,0,0,0,Não contemplado,399,398,350,193,0.0,0.0,0,0,262.0,Não contemplado,0,0.0,0.0
4116604,Nova América da Colina,129.476,Nova América da Colina,Nova América da Colina,Norte Pioneiro Paranaense,Cornélio Procópio,Londrina,Cornélio Procópio ¿ Bandeirantes,3280.0,175.0,402.0,P1,P1,92.0,0.5257142857142857,410.0,1.0199004975124375,1.0,2.0,0.5,19.206015037594,81.21939816883093,50.0,24.60378201476525,0.0,0.1225609756097561,13.41,0.0,71.234271711876,71.86495176848875,35.16094237069279,0.0,115.0,0.3108108108108108,0.4536366996394022,0.0,48.256112300087935,63.1698638604823,46.980375813548186,0.3566585160546393,0.4014117036522052,0.3566585160546393,0.2956647728424778,0.0,0.2956647728424778,362.0,0,0.0459082109645578,0.0622817653619003,0.0,0,0,0,0,0,0,Não contemplado,359,366,356,139,0.0,0.0,0,0,262.0,Não contemplado,0,0.0,0.0
4116703,Nova Aurora,470.642,Nova Aurora,Nova Aurora,Oeste Paranaense,Cascavel,Cascavel,Cascavel,13765.0,857.0,1850.0,P1,P2,293.0,0.3418903150525088,1612.0,0.8713513513513513,1.0,4.0,0.25,47.45685684456181,91.32469061918268,75.0,63.1917146645025,13.7,0.1343988376316745,11.19,24.65802735781137,78.11461413377421,59.967845659163984,47.42290010324244,0.0181818181818181,259.0,0.1391724879097259,0.5120170702872512,1.818181818181818,18.734626757220017,53.45287300611954,27.620552426226585,0.4580948685694012,0.3869525440928494,0.4580948685694012,0.4787041264103323,0.0,0.4787041264103323,177.0,1,0.2112691300607761,0.3080504344287391,0.0,0,0,0,-1,1,0,Somente técnica,141,151,228,337,0.0,11.668611435239203,1,1,29.0,"Técnica, excluído na consolidada, reincluído na publicada",1,11.668611435239205,0.0
4116802,Nova Cantu,555.488,Nova Cantu,Nova Cantu,Centro Ocidental Paranaense,Goioerê,Maringá,Campo Mourão,6790.0,418.0,879.0,P1,P2,150.0,0.3588516746411483,1022.0,1.1626848691695109,1.0,3.0,0.3333333333333333,44.85016368672879,71.50626369298695,66.66666666666667,49.13719519222221,10.75,0.1294550810014727,14.73,19.348452123830093,75.24122885496814,78.93890675241157,54.15786561014897,0.0,322.0,0.3748544819557625,0.4162879053779032,0.0,59.27150956021771,69.38630079353273,55.89546508188226,0.5284463723167159,0.5419629120960359,0.5284463723167159,0.4623506078071773,0.0,0.4623506078071773,197.0,0,0.1003813866613093,0.1534275662905997,0.0,0,1,1,1,0,1,Somente consolidada,242,252,119,58,23.92344497607656,0.0,1,0,29.0,Entrou na consolidada,1,23.923444976076553,23.92344497607656
4116901,Nova Esperança,401.587,Nova Esperança,Nova Esperança,Norte Central Paranaense,Astorga,Maringá,Maringá,26585.0,1528.0,3193.0,P2,P3,489.0,0.3200261780104712,3619.0,1.1334168493579706,4.0,11.0,0.3636363636363636,50.81702948470653,73.4972673929852,63.63636363636363,53.7262956798208,7.02,0.1201053225503103,11.4,12.63498920086393,69.80700943368036,61.09324758842444,35.43314952243028,0.0112994350282485,734.0,0.2350304194684598,0.4681127717591147,1.1299435028248588,35.22202009018352,60.76042625614044,39.57507593161053,0.4440717854905858,0.4157693459941653,0.4157693459941653,0.5649759152975308,0.0,0.5649759152975308,110.0,1,0.3646390985319233,0.516244858052443,1.0,0,0,0,-1,1,0,Somente técnica,72,81,247,230,0.0,6.544502617801047,0,0,262.0,Somente na técnica,0,0.0,0.0
4116950,Nova Esperança do Sudoeste,208.472,Nova Esperança do Sudoeste,Nova Esperança do Sudoeste,Sudoeste Paranaense,Francisco Beltrão,Cascavel,Francisco Beltrão,5597.0,359.0,754.0,P1,P2,82.0,0.2284122562674094,818.0,1.0848806366047743,1.0,2.0,0.5,64.89664272100866,76.79902063074309,50.0,61.23462216456566,27.03,0.1347150259067357,14.29,48.65010799136069,78.29838748728875,76.58092175777062,72.8872564226653,0.0925925925925925,113.0,0.1552197802197802,0.4494430880031416,9.25925925925926,21.49473242550052,63.867860215491646,38.28656723940287,0.5438592704612046,0.4979631606108791,0.5438592704612047,0.4648624041618649,0.0,0.4648624041618649,192.0,0,0.0861064454409865,0.1329362340405291,0.0,0,1,1,1,0,1,Somente consolidada,285,275,97,245,27.855153203342617,0.0,1,0,29.0,Entrou na consolidada,1,27.855153203342617,27.855153203342617
4117008,Nova Fátima,283.423,Nova Fátima,Nova Fátima,Norte Pioneiro Paranaense,Cornélio Procópio,Londrina,Cornélio Procópio ¿ Bandeirantes,7225.0,360.0,926.0,P1,P2,183.0,0.5083333333333333,892.0,0.9632829373650108,2.0,4.0,0.5,21.87719298245615,85.07089794449914,50.0,28.476542566959463,15.15,0.1281660899653979,10.1,27.26781857451404,74.49204799016913,54.12647374062165,43.14388525358916,0.1666666666666666,194.0,0.2421972534332085,0.4204879016177656,16.666666666666664,36.45470275511724,68.68724176738719,52.35195245958754,0.4096017506133663,0.4573525703986224,0.4096017506133663,0.3735269388693742,0.0,0.3735269388693742,310.0,0,0.1057487645601506,0.149063643649189,0.0,0,0,0,0,0,0,Não contemplado,236,272,295,91,0.0,0.0,0,0,262.0,Não contemplado,0,0.0,0.0
4117057,Nova Laranjeiras,1210.205,Nova Laranjeiras,Nova Laranjeiras,Centro-Sul Paranaense,Guarapuava,Cascavel,Laranjeiras do Sul - Quedas do Iguaçu,12074.0,1016.0,1939.0,P1,P2,165.0,0.1624015748031496,1853.0,0.9556472408457968,1.0,3.0,0.3333333333333333,75.04144218814753,85.59032837128274,66.66666666666667,80.50503534523062,16.95,0.1605930097730661,16.07,30.50755939524838,93.33905867090635,86.12004287245445,76.90600040548654,0.0272727272727272,807.0,0.4088145896656535,0.4303585388980119,2.727272727272727,65.11258754237414,67.04434551451082,59.1167629692538,0.7122991940689107,0.669522649316957,0.7122991940689107,0.690280647819951,0.0,0.690280647819951,37.0,1,0.2214328882096458,-0.6208406439782721,0.0,1,0,1,0,1,1,Técnica e consolidada,161,123,8,38,9.84251968503937,9.84251968503937,1,0,29.0,Nas três etapas,1,9.84251968503937,9.84251968503937
4117107,Nova Londrina,269.389,Nova Londrina,Nova Londrina,Noroeste Paranaense,Paranavaí,Maringá,Paranavaí,12923.0,810.0,1696.0,P1,P2,374.0,0.4617283950617284,1886.0,1.1120283018867925,2.0,6.0,0.3333333333333333,29.03963612735543,74.95225742739512,66.66666666666667,37.268913781665816,0.0,0.1312388764218834,13.93,0.0,76.27799742688724,74.65166130760986,40.04944993950117,0.0327868852459016,362.0,0.213066509711595,0.5175191670635355,3.278688524590164,31.44426676917365,52.53708875429511,34.47785056752394,0.3670859572757614,0.3615038308474776,0.3670859572757614,0.394682232421922,0.0,0.394682232421922,293.0,0,0.1936824024773385,0.2647804925982016,0.0,0,0,0,0,0,0,Não contemplado,156,158,344,283,0.0,0.0,1,1,29.0,Somente na lista publicada,1,12.345679012345679,0.0
4117206,Nova Olímpia,136.347,Nova Olímpia,Nova Olímpia,Noroeste Paranaense,Umuarama,Maringá,Umuarama,5833.0,325.0,730.0,P1,P2,144.0,0.4430769230769231,816.0,1.1178082191780825,1.0,2.0,0.5,31.90607287449393,74.55906934064576,50.0,32.49760914165936,14.93,0.1251500085719184,10.46,26.87185025197984,72.73905638399633,56.05573419078242,43.00672779951664,0.0,156.0,0.227405247813411,0.4314761575408249,0.0,33.91050415964081,66.85832596700936,41.46677771522901,0.3818710030265868,0.399809340173726,0.3818710030265868,0.3380978708932889,0.0,0.3380978708932889,338.0,0,0.0833656567266846,0.1152005836788738,0.0,0,0,0,0,0,0,Não contemplado,273,289,331,207,0.0,0.0,0,0,262.0,Não contemplado,0,0.0,0.0
4117214,Nova Santa Bárbara,76.887,Nova Santa Bárbara,Nova Santa Bárbara,Norte Pioneiro Paranaense,Assaí,Londrina,Cornélio Procópio ¿ Bandeirantes,4184.0,268.0,539.0,P1,P1,119.0,0.4440298507462686,575.0,1.0667903525046385,1.0,2.0,0.5,31.75962293794188,78.02964104200811,50.0,33.836151158434866,40.82,0.1288240917782026,12.67,73.47012239020879,74.8744884830507,67.89924973204717,80.82482957470523,0.0793650793650793,201.0,0.3589285714285714,0.3869872658452135,7.936507936507936,56.53228134219072,74.26318052565234,61.10744831005655,0.5414240570233761,0.5959666513266195,0.5414240570233761,0.4467534109785505,0.0,0.4467534109785505,215.0,0,0.0615535465420315,0.0948801174349954,0.0,0,1,1,1,0,1,Somente consolidada,327,319,100,30,37.3134328358209,0.0,1,0,29.0,Entrou na consolidada,1,37.3134328358209,37.3134328358209
4117222,Nova Santa Rosa,204.665,Nova Santa Rosa,Nova Santa Rosa,Oeste Paranaense,Toledo,Cascavel,Marechal Cândido Rondon,8322.0,524.0,1060.0,P1,P2,235.0,0.4484732824427481,1384.0,1.3056603773584905,1.0,3.0,0.3333333333333333,31.076737645640826,61.7801268498943,66.66666666666667,33.436561374844445,0.0,0.1273732275895217,11.66,0.0,74.0312245214239,62.486602357985,31.05220434363052,0.0476190476190476,145.0,0.1350093109869646,0.5111963971898332,4.761904761904762,18.018567748600308,53.58946811323412,28.843729261527123,0.3112255712327473,0.3020399070061126,0.3112255712327472,0.3062914917277294,0.0,0.3062914917277294,355.0,0,0.1210515015483365,0.1587258242662994,0.0,0,0,0,0,0,0,Não contemplado,217,215,384,329,0.0,0.0,0,0,262.0,Não contemplado,0,0.0,0.0
4117255,Nova Prata do Iguaçu,352.565,Nova Prata do Iguaçu,Nova Prata do Iguaçu,Sudoeste Paranaense,Francisco Beltrão,Cascavel,Dois Vizinhos,12699.0,916.0,1689.0,P1,P2,289.0,0.3155021834061135,1509.0,0.8934280639431617,0.0,3.0,0.0,51.51229602390256,89.82288705552781,100.0,76.50651776918112,7.46,0.1330025986298133,10.08,13.426925845932324,77.30309914755227,54.019292604501615,36.191089140501234,0.0,252.0,0.1443298969072164,0.4510631570148688,0.0,19.62169191018016,63.59821143464804,32.38763691863758,0.5079587970322773,0.4197210353311902,0.5079587970322773,0.5068061284671865,0.0,0.5068061284671865,149.0,1,0.1928830057690004,0.2908596253473918,0.0,0,1,1,0,1,1,Técnica e consolidada,157,136,145,307,10.91703056768559,10.91703056768559,1,0,29.0,Nas três etapas,1,10.91703056768559,10.91703056768559
4117271,Nova Tebas,545.686,Nova Tebas,Nova Tebas,Norte Central Paranaense,Ivaiporã,Guarapuava,Pitanga,6848.0,386.0,890.0,P1,P2,160.0,0.4145077720207253,999.0,1.1224719101123597,1.0,4.0,0.25,36.29670029997274,74.24181433106247,75.0,46.59376892717139,11.63,0.129964953271028,13.0,20.932325413966883,75.53757424229191,69.66773847802786,49.54372707600132,0.0519480519480519,215.0,0.2644526445264453,0.3620297834768152,5.194805194805195,40.28259034633134,78.41717313019538,53.43114675515318,0.4991871168813009,0.5128618725372645,0.4991871168813009,0.4404703526208684,0.0,0.4404703526208684,227.0,0,0.1016375814886977,0.1523737527588289,0.0,0,1,1,1,0,1,Somente consolidada,239,262,160,81,25.906735751295336,0.0,1,0,29.0,Entrou na consolidada,1,25.906735751295336,25.906735751295336
4117297,Novo Itacolomi,161.411,Novo Itacolomi,Novo Itacolomi,Norte Central Paranaense,Apucarana,Londrina,Apucarana,3125.0,168.0,348.0,P1,P1,54.0,0.3214285714285714,403.0,1.158045977011494,1.0,2.0,0.5,50.60150375939849,71.82183172628663,50.0,47.09487861206948,47.62,0.11136,11.84,85.70914326853851,64.72409719626168,63.45123258306538,79.35187391413496,0.0,85.0,0.238095238095238,0.4580923751272658,0.0,35.74916343004294,62.42824887097255,40.12607764882351,0.5075875728718419,0.4936499709453499,0.5075875728718419,0.4066142452577545,0.0,0.4066142452577545,274.0,0,0.0397414363573784,0.0599136955804609,0.0,0,0,0,0,0,0,Não contemplado,367,370,146,223,0.0,0.0,0,0,262.0,Não contemplado,0,0.0,0.0
4117305,Ortigueira,2429.52,Ortigueira,Ortigueira,Centro Oriental Paranaense,Telêmaco Borba,Ponta Grossa,Telêmaco Borba,24192.0,1733.0,3588.0,P2,P3,321.0,0.1852279284477784,3953.0,1.1017279821627648,2.0,6.0,0.3333333333333333,71.53339204907827,75.65295309501312,66.66666666666667,73.3636624828258,5.75,0.148313492063492,13.97,10.3491720662347,86.20201935914554,74.86602357984995,52.839744558566274,0.034375,1357.0,0.3823612285150746,0.6735088975594896,3.4375000000000004,60.56265658542152,26.573725250717462,36.1923029798623,0.543903350967885,0.4695606319619579,0.4695606319619579,0.6790210127815981,0.0,0.6790210127815981,40.0,1,0.4097479127881431,-0.3978505983379632,0.0,1,0,1,0,1,1,Técnica e consolidada,79,73,96,261,5.770340450086555,5.770340450086555,1,0,29.0,Nas três etapas,1,5.770340450086555,5.770340450086555
4117404,Ourizona,176.457,Ourizona,Ourizona,Norte Central Paranaense,Floraí,Maringá,Maringá,3187.0,157.0,388.0,P1,P1,77.0,0.4904458598726114,439.0,1.131443298969072,0.0,1.0,0.0,24.626215219577613,73.63152130396827,100.0,47.03553206805724,0.0,0.1217445873862566,11.92,0.0,70.75977466870377,63.87995712754555,29.87971753657567,0.0,56.0,0.160458452722063,0.432539578584225,0.0,22.39577475640868,66.68132721831375,35.41792655945464,0.3895732695831989,0.3663380585659937,0.3895732695831989,0.3197434387694556,0.0,0.3197434387694556,349.0,0,0.0443094175478816,0.0615711822153371,0.0,0,0,0,0,0,0,Não contemplado,364,378,323,269,0.0,0.0,0,0,262.0,Não contemplado,0,0.0,0.0
4117453,Ouro Verde do Oeste,293.042,Ouro Verde do Oeste,Ouro Verde do Oeste,Oeste Paranaense,Toledo,Cascavel,Toledo,6785.0,454.0,920.0,P1,P2,206.0,0.4537444933920704,957.0,1.0402173913043478,0.0,1.0,0.0,30.266635752376548,79.83730908413604,100.0,54.401486989414096,27.03,0.135593220338983,12.82,48.65010799136069,78.80880722319024,68.70310825294749,68.28782369218473,0.0,121.0,0.1296891747052518,0.4754772041018656,0.0,17.1035137928635,59.534669705985344,28.982507823947586,0.4701116266378162,0.4192736683068832,0.4701116266378162,0.4201084639985784,0.0,0.4201084639985784,255.0,0,0.1050635673815751,0.1544551719436992,0.0,0,1,1,1,0,1,Somente consolidada,243,238,210,327,22.02643171806168,0.0,1,0,29.0,Entrou na consolidada,1,22.026431718061676,22.02643171806168
4117503,Paiçandu,171.379,Paiçandu,Paiçandu,Norte Central Paranaense,Maringá,Maringá,Maringá,45962.0,3271.0,6371.0,P3,P3,1159.0,0.3543258942219505,7007.0,1.0998273426463665,3.0,10.0,0.3,45.54570467746867,75.78224712767673,70.0,52.928465199026775,11.13,0.1386145076367434,13.08,20.032397408207345,80.56482457877638,70.09646302250803,52.38804784623338,0.0231213872832369,1305.0,0.1950964269696516,0.4306888977608789,2.312138728323699,28.35344457455135,66.98935966886587,39.85577208191567,0.4759130448162365,0.4497676585820143,0.4497676585820143,0.8256251075549847,0.0,0.8256251075549847,16.0,1,0.7275652041174079,1.0548005024390397,1.0,0,1,1,0,1,1,Técnica e consolidada,39,36,204,225,3.057169061449098,3.057169061449098,1,0,29.0,Nas três etapas,1,3.057169061449098,3.057169061449098
4117602,Palmas,1557.903,Palmas,Palmas,Centro-Sul Paranaense,Palmas,Cascavel,Pato Branco,48247.0,3747.0,7729.0,P3,P3,881.0,0.2351214304777155,8081.0,1.0455427610298875,5.0,19.0,0.2631578947368421,63.86554857921425,79.47504232008158,73.6842105263158,71.46977371146212,16.03,0.1601964889008643,16.81,28.85169186465083,93.1085948106986,90.08574490889605,78.20414269383336,0.0347826086956521,2032.0,0.2641362277395034,0.5286527459680859,3.4782608695652173,40.22816722308393,50.68398499371067,38.16682968489358,0.5949546989730895,0.5283488109199524,0.5283488109199524,1.0417305351005244,1.0,0.0417305351005243,398.0,1,0.8826481655349937,1.348994274256085,1.0,0,1,1,0,1,1,Técnica e consolidada,37,31,52,246,2.668801708033093,2.668801708033093,1,0,29.0,Nas três etapas,1,2.6688017080330932,2.668801708033093
4117701,Palmeira,1470.072,Palmeira,Palmeira,Centro Oriental Paranaense,Ponta Grossa,Ponta Grossa,Ponta Grossa,33855.0,2171.0,4569.0,P2,P3,553.0,0.254721326577614,5174.0,1.1324140949879624,5.0,10.0,0.5,60.85335402070354,73.56548135736443,50.0,56.46620911820005,9.32,0.1349579087284005,13.71,16.774658027357813,78.43955461513298,73.47266881028939,51.135208884194974,0.0294117647058823,592.0,0.1334535617673579,0.5384209604989518,2.941176470588235,17.750981656411483,49.05813626739096,25.418978512544804,0.4298111682913693,0.3677167070800589,0.3677167070800589,0.6523190926077407,0.0,0.6523190926077407,48.0,1,0.5217776514852357,0.7136440113173531,1.0,0,0,0,-1,1,0,Somente técnica,54,62,268,353,0.0,4.606172270842929,0,0,262.0,Somente na técnica,0,0.0,0.0
4117800,Palmital,817.647,Palmital,Palmital,Centro-Sul Paranaense,Pitanga,Guarapuava,Pitanga,13033.0,902.0,1841.0,P1,P2,162.0,0.17960088691796,2138.0,1.1613253666485606,2.0,4.0,0.5,72.3981794841872,71.59874601897955,50.0,65.36389004946773,10.31,0.1412568096370751,12.2,18.5565154787617,82.10057001242713,65.38049303322614,49.48126028529112,0.032258064516129,733.0,0.4001091703056768,0.3924760138963955,3.225806451612903,63.615270932445135,73.3496180726671,61.86213694407736,0.6078666285447626,0.6008631223339819,0.6078666285447626,0.5984433788042257,0.0,0.5984433788042257,76.0,1,0.2102413342929129,0.3380400253502982,0.0,0,1,1,0,1,1,Técnica e consolidada,155,141,47,27,11.086474501108649,11.086474501108649,1,0,29.0,Nas três etapas,1,11.086474501108647,11.086474501108649
4117909,Palotina,651.238,Palotina,Palotina,Oeste Paranaense,Toledo,Cascavel,Toledo,35011.0,2435.0,4726.0,P2,P3,1025.0,0.4209445585215606,5534.0,1.1709691070672874,5.0,12.0,0.4166666666666667,35.307467848265425,70.94271520517175,58.33333333333333,37.350122509324194,9.45,0.1349861472108766,15.37,17.00863930885529,78.45596724340575,82.36870310825294,56.84528528096656,0.0242290748898678,483.0,0.0987932092452444,0.7233745524701366,2.4229074889867843,11.789462814946424,18.273947305895195,6.140027949117282,0.287651172395699,0.2252309832752851,0.2252309832752852,0.5373789750894207,0.0,0.5373789750894207,125.0,1,0.539706977657961,0.661265710916396,1.0,0,0,0,-1,1,0,Somente técnica,53,49,392,397,0.0,4.106776180698152,1,1,29.0,"Técnica, excluído na consolidada, reincluído na publicada",1,4.1067761806981515,0.0
4118006,Paraíso do Norte,204.564,Paraíso do Norte,Paraíso do Norte,Noroeste Paranaense,Paranavaí,Maringá,Paranavaí,13245.0,904.0,1766.0,P1,P2,355.0,0.3926991150442478,2052.0,1.161947904869762,3.0,6.0,0.5,39.64834653004192,71.55639686417565,50.0,37.75539371390618,31.58,0.1333333333333333,13.21,56.8394528437725,77.49532710280374,70.79314040728832,73.88519514954098,0.0070921985815602,190.0,0.1056729699666295,0.5774365596673022,0.7092198581560284,12.972769393814652,42.5642717014538,18.432510197034404,0.3725220059428442,0.3338762389091007,0.3725220059428442,0.4039669016638192,0.0,0.4039669016638192,279.0,0,0.2016763695607192,0.2768052553007487,0.0,0,0,0,0,0,0,Não contemplado,151,139,342,379,0.0,0.0,0,0,262.0,Não contemplado,0,0.0,0.0
4118105,Paranacity,348.631,Paranacity,Paranacity,Noroeste Paranaense,Paranavaí,Maringá,Paranacity - Colorado,9557.0,578.0,1315.0,P1,P2,215.0,0.3719723183391003,1485.0,1.129277566539924,2.0,5.0,0.4,42.83372791841195,73.77884870457157,60.0,45.58747969919892,16.95,0.1375954797530605,12.97,30.50755939524838,79.9725503349798,69.50696677384781,58.1898728006252,0.0202020202020202,273.0,0.2241379310344827,0.5026638971801769,2.0202020202020203,33.34853149862448,55.00964108642054,36.09115504653921,0.4430942845842029,0.4241016352788835,0.4430942845842029,0.4277975182832053,0.0,0.4277975182832053,244.0,0,0.1501723816377949,0.2167129056438995,0.0,0,0,0,0,0,0,Não contemplado,201,202,248,262,0.0,0.0,0,0,262.0,Não contemplado,0,0.0,0.0
4118204,Paranaguá,822.838,Paranaguá,Paranaguá,Metropolitana de Curitiba,Paranaguá,Curitiba,Paranaguá,145829.0,10180.0,21072.0,M1,M1,1969.0,0.193418467583497,24308.0,1.153568716780562,23.0,49.0,0.4693877551020408,70.27463550822046,72.1264044901101,53.06122448979591,65.08663201788643,9.41,0.1444980079408074,14.54,16.93664506839453,83.98440293307301,77.92068595927117,57.47484030111916,0.0341047503045067,4679.0,0.2249194827669086,0.6114787270768273,3.41047503045067,33.48295700325441,36.89819891516825,27.5098108489454,0.4853354520695656,0.4101818097316836,0.4853354520695656,1.9199982959317845,1.0,0.9199982959317844,5.0,2,2.406412491157121,2.5743297854187124,3.0,1,2,3,1,1,1,Técnica e consolidada,13,11,184,340,2.9469548133595285,1.9646365422396856,2,-1,9.0,Nas três etapas,1,1.9646365422396856,2.9469548133595285
4118303,Paranapoema,175.875,Paranapoema,Paranapoema,Noroeste Paranaense,Paranavaí,Maringá,Paranacity - Colorado,2398.0,138.0,362.0,P1,P1,71.0,0.5144927536231884,391.0,1.080110497237569,0.0,1.0,0.0,20.930587337910005,77.12351696465183,100.0,45.39303285359417,0.0,0.1509591326105087,12.51,0.0,87.73970520605178,67.04180064308682,42.45414178136025,0.0833333333333333,95.0,0.3035143769968051,0.3446702482081874,8.333333333333332,47.0011386921321,81.30654234058869,60.02566826391945,0.506583088032775,0.5358483588534255,0.506583088032775,0.4068931440929857,0.0,0.4068931440929857,273.0,0,0.0413402297740545,0.0622824910329795,0.0,0,0,0,0,0,0,Não contemplado,386,386,151,35,0.0,0.0,0,0,262.0,Não contemplado,0,0.0,0.0
4118402,Paranavaí,1202.266,Paranavaí,Paranavaí,Noroeste Paranaense,Paranavaí,Maringá,Paranavaí,92001.0,5686.0,11985.0,P4,P4,1332.0,0.2342595849454801,13518.0,1.127909887359199,15.0,29.0,0.5172413793103449,63.99800062943147,73.8718872608787,48.27586206896552,58.51827418106589,9.23,0.1302703231486614,12.34,16.612670986321092,75.71505978145099,66.13076098606645,44.74966851035549,0.0302197802197802,2205.0,0.1871975549707105,0.5719046524932664,3.021978021978022,26.99485267281104,43.48501767858251,27.35988847271753,0.4330119876358446,0.3706952162191479,0.4330119876358446,1.1914054615971272,1.0,0.1914054615971272,392.0,1,1.3686813642045417,1.9613368021588893,2.0,0,2,2,1,1,1,Técnica e consolidada,25,26,262,342,3.5174111853675694,1.758705592683785,2,0,9.0,Nas três etapas,1,3.5174111853675694,3.5174111853675694
4118451,Pato Bragado,135.6,Pato Bragado,Pato Bragado,Oeste Paranaense,Toledo,Cascavel,Marechal Cândido Rondon,5733.0,399.0,738.0,P1,P2,257.0,0.6441102756892231,817.0,1.1070460704607046,0.0,2.0,0.0,1.0104207888141448,75.29118166167753,100.0,27.839106387660696,0.0,0.1287284144427001,10.47,0.0,74.81887938496752,56.10932475884245,27.5626265407442,0.0,118.0,0.1514762516046213,0.5182891145071441,0.0,20.85085217764109,52.40893656572793,27.23465611581692,0.2754203030953989,0.2742114025517113,0.2754203030953988,0.2565276838499761,0.0,0.2565276838499761,380.0,0,0.0842792529647852,0.1074914703610002,0.0,0,0,0,0,0,0,Não contemplado,278,256,397,343,0.0,0.0,0,0,262.0,Não contemplado,0,0.0,0.0
4118501,Pato Branco,539.087,Pato Branco,Pato Branco,Sudoeste Paranaense,Pato Branco,Cascavel,Pato Branco,91836.0,5897.0,11949.0,P4,P4,1960.0,0.3323723927420722,13803.0,1.1551594275671604,15.0,39.0,0.3846153846153846,48.919611220692055,72.01819385330796,61.53846153846154,50.62104099754228,5.94,0.1301123742323272,14.46,10.691144708423328,75.62325750942456,77.491961414791,48.0883222771096,0.0221518987341772,1474.0,0.1224049161268892,0.6870796576271933,2.2151898734177213,15.850634303732312,24.314970295904818,11.259050306820823,0.3436970097716716,0.2649730283902287,0.3436970097716716,1.0905891112617043,1.0,0.0905891112617043,396.0,1,1.3645701811330886,1.83356887201212,2.0,0,2,2,1,1,1,Técnica e consolidada,26,25,363,392,3.391555027980329,1.6957775139901643,2,0,9.0,Nas três etapas,1,3.391555027980329,3.391555027980329
4118600,Paula Freitas,421.409,Paula Freitas,Paula Freitas,Sudeste Paranaense,União da Vitória,Curitiba,União da Vitória,5666.0,322.0,729.0,P1,P2,122.0,0.3788819875776397,778.0,1.06721536351166,0.0,2.0,0.0,41.77182085648906,78.00072899080106,100.0,63.32059797851238,36.36,0.1286621955524179,11.12,65.44276457883369,74.78039197574647,59.59271168274384,70.56890350867606,0.0131578947368421,128.0,0.1813031161473088,0.4266695030201445,1.3157894736842104,25.981019703767995,67.65835888045669,38.45901221924549,0.5482562478083836,0.4985330762898498,0.5482562478083836,0.4663650690599559,0.0,0.4663650690599559,191.0,1,0.083251457196922,0.1288945887442867,0.0,0,1,1,0,1,1,Técnica e consolidada,280,290,93,243,31.05590062111801,31.05590062111801,1,0,29.0,Nas três etapas,1,31.05590062111801,31.05590062111801
4118709,Paulo Frontin,363.351,Paulo Frontin,Paulo Frontin,Sudeste Paranaense,União da Vitória,Curitiba,União da Vitória,6343.0,318.0,747.0,P1,P2,93.0,0.2924528301886792,888.0,1.1887550200803212,1.0,2.0,0.5,55.05461767626614,69.73280012226496,50.0,49.96651044923024,15.15,0.1177676178464449,13.24,27.26781857451404,68.44830050346177,70.95391211146838,49.87609780575675,0.0128205128205128,108.0,0.1569767441860465,0.390718923071943,1.282051282051282,21.79692709538995,73.64207314415813,39.37261250925444,0.4571086874454522,0.4359208915655006,0.4571086874454522,0.3973744644075561,0.0,0.3973744644075561,287.0,0,0.0853070487326485,0.1243016418086747,0.0,0,0,0,0,0,0,Não contemplado,257,294,233,233,0.0,0.0,0,0,262.0,Não contemplado,0,0.0,0.0
4118808,Peabiru,468.594,Peabiru,Peabiru,Centro Ocidental Paranaense,Campo Mourão,Maringá,Campo Mourão,13346.0,851.0,1805.0,P1,P2,335.0,0.3936545240893067,1895.0,1.049861495844875,2.0,5.0,0.4,39.50151524522234,79.18125350036233,60.0,45.05587428986289,6.33,0.1352465158099805,12.06,11.393088552915764,78.60729736656718,64.63022508038586,42.359938765971,0.0555555555555555,448.0,0.2538243626062323,0.4335054121379923,5.555555555555555,38.4545448041134,66.52057120212802,46.51717959595851,0.4510120930752276,0.4539347036874188,0.4510120930752276,0.469730955491958,0.0,0.469730955491958,188.0,1,0.2061301512214599,0.2990973421697637,0.0,0,0,0,-1,1,0,Somente técnica,149,153,237,147,0.0,11.750881316098708,0,0,262.0,Somente na técnica,0,0.0,0.0
4118857,Perobal,409.05,Perobal,Perobal,Noroeste Paranaense,Umuarama,Maringá,Umuarama,7189.0,497.0,903.0,P1,P2,176.0,0.3541247484909456,1022.0,1.131782945736434,0.0,3.0,0.0,45.57661760033888,73.60841629123203,100.0,64.6758246184634,0.0,0.1256085686465433,14.05,0.0,73.0055783563414,75.29474812433013,38.40796894814055,0.0178571428571428,202.0,0.2137566137566137,0.4584015219609223,1.7857142857142856,31.56296343460212,62.37679361431761,38.8575375531541,0.490949386582751,0.4393128124521325,0.490949386582751,0.4350396135911487,0.0,0.4350396135911487,237.0,0,0.1031221753756112,0.1537499441193464,0.0,0,1,1,1,0,1,Somente consolidada,237,223,172,236,20.12072434607646,0.0,1,0,29.0,Entrou na consolidada,1,20.12072434607646,20.12072434607646
4118907,Pérola,236.186,Pérola,Pérola,Noroeste Paranaense,Umuarama,Maringá,Umuarama,11878.0,741.0,1463.0,P1,P2,252.0,0.340080971659919,1720.0,1.1756664388243336,2.0,5.0,0.4,47.734924355422976,70.62317172499716,60.0,48.38729949782312,6.54,0.1231688836504462,10.94,11.771058315334772,71.58759695533878,58.62808145766345,34.4664216025635,0.0,207.0,0.1385542168674698,0.4310216159803556,0.0,18.628285240203123,66.9339811253613,33.599485593282594,0.3968799835695498,0.3673043557604688,0.3968799835695498,0.4019041622485992,0.0,0.4019041622485992,281.0,0,0.1670739120426569,0.2333822035090471,0.0,0,0,0,0,0,0,Não contemplado,165,168,312,293,0.0,0.0,1,1,29.0,Somente na lista publicada,1,13.49527665317139,0.0
4119004,Pérola d'Oeste,205.279,Pérola d'Oeste,Pérola d'Oeste,Sudoeste Paranaense,Capanema,Cascavel,Francisco Beltrão,6221.0,381.0,676.0,P1,P2,140.0,0.3674540682414698,752.0,1.1124260355029585,1.0,3.0,0.3333333333333333,43.52811161762675,74.92520096418035,66.66666666666667,49.46358091124862,0.0,0.1086642018968011,13.98,0.0,63.15725902768284,74.91961414790997,32.02551034408507,0.0,113.0,0.1607396870554765,0.3125625367587998,0.0,22.44414656037235,86.65063891013853,45.77430727375144,0.4450025734281704,0.437624026153176,0.4450025734281704,0.3828712877059952,0.0,0.3828712877059952,303.0,0,0.0771988821195052,0.111552583328463,0.0,0,0,0,0,0,0,Não contemplado,261,264,246,158,0.0,0.0,0,0,262.0,Não contemplado,0,0.0,0.0
4119103,Piên,254.792,Piên,Piên,Metropolitana de Curitiba,Rio Negro,Curitiba,Curitiba,13655.0,1010.0,1978.0,P1,P2,347.0,0.3435643564356436,2182.0,1.103134479271992,1.0,5.0,0.2,47.19958311620636,75.55727388724506,80.0,58.439372725360194,0.0,0.1448553643354082,14.43,0.0,84.19210381326207,77.33118971061093,46.66301127655796,0.0052631578947368,322.0,0.1590909090909091,0.5718870092924707,0.5263157894736842,22.160559689901543,43.48795426187019,23.569170407312548,0.4213601950838068,0.3516197904477116,0.4213601950838068,0.4583768008076758,0.0,0.4583768008076758,203.0,0,0.2258866698703865,0.3210663211538041,0.0,0,0,0,0,0,0,Não contemplado,144,124,283,366,0.0,0.0,1,1,29.0,Somente na lista publicada,1,9.900990099009901,0.0
4119152,Pinhais,60.869,Pinhais,Pinhais,Metropolitana de Curitiba,Curitiba,Curitiba,Curitiba,127019.0,6847.0,16795.0,M1,M1,2373.0,0.3465751423981306,20400.0,1.2146472164334623,17.0,38.0,0.4473684210526316,46.73687285249783,67.97144219398248,55.26315789473684,44.43415958874019,10.53,0.1322243128980703,11.69,18.95248380129589,76.85074784234577,62.64737406216505,44.74474528396509,0.0378378378378378,2807.0,0.1839931830099632,0.6048698640466806,3.783783783783784,26.44370640830408,37.998196412769566,24.630204990787867,0.3657469488860423,0.3261390396901378,0.3657469488860423,1.4557168204800908,1.0,0.4557168204800907,206.0,1,1.91798110236256,2.6194768385727536,3.0,0,2,2,1,1,1,Técnica e consolidada,16,21,348,358,2.9209872937052723,1.4604936468526362,1,-1,29.0,Nas três etapas,1,1.4604936468526362,2.9209872937052723
4119202,Pinhalão,220.625,Pinhalão,Pinhalão,Norte Pioneiro Paranaense,Ibaiti,Londrina,Ibaiti,6566.0,384.0,821.0,P1,P2,166.0,0.4322916666666667,902.0,1.0986601705237515,0.0,3.0,0.0,33.56359649122807,75.86164587175386,100.0,55.504385239553,0.0,0.1250380749314651,10.81,0.0,72.6739988783908,57.931404072883176,27.361103123243257,0.0405405405405405,277.0,0.3493064312736444,0.3904760692170428,4.054054054054054,54.87729038985643,73.68249441351331,57.942162308825175,0.5085083964399992,0.5133839505785436,0.5085083964399992,0.4425621745113654,0.0,0.4425621745113654,222.0,0,0.0937578139350795,0.1414344495529267,0.0,0,1,1,1,0,1,Somente consolidada,250,263,144,42,26.041666666666664,0.0,1,0,29.0,Entrou na consolidada,1,26.041666666666664,26.041666666666664
4119251,Pinhal de São Bento,97.463,Pinhal de São Bento,Pinhal de São Bento,Sudoeste Paranaense,Francisco Beltrão,Cascavel,Francisco Beltrão,2761.0,164.0,352.0,P1,P1,77.0,0.4695121951219512,371.0,1.0539772727272727,1.0,2.0,0.5,27.8433889602054,78.90127121751621,50.0,30.90401267969576,0.0,0.1274900398406374,9.05,0.0,74.0991175484976,48.49946409431941,22.362478487680093,0.0,111.0,0.3284023668639053,0.4206489184685743,0.0,51.2818285790641,68.66044167603211,51.38637933220632,0.3738865250229685,0.4148512583279896,0.3738865250229685,0.3052593778744442,0.0,0.3052593778744442,356.0,0,0.0401982344764287,0.0552278126768791,0.0,0,0,0,0,0,0,Não contemplado,377,373,338,101,0.0,0.0,0,0,262.0,Não contemplado,0,0.0,0.0
4119301,Pinhão,2001.588,Pinhão,Pinhão,Centro-Sul Paranaense,Guarapuava,Guarapuava,Guarapuava,29886.0,2386.0,4655.0,P2,P3,427.0,0.1789606035205364,5045.0,1.083780880773362,3.0,9.0,0.3333333333333333,72.49658093263335,76.87383327415169,66.66666666666667,74.6893931518086,14.71,0.1557585491534497,16.83,26.475881929445645,90.52919786778544,90.19292604501608,75.17754075353513,0.1067961165048543,1604.0,0.3332640764595886,0.4314918422841283,10.679611650485436,52.11803396208512,66.85571535482002,56.41052473787983,0.6747547530658239,0.6381970162379664,0.6381970162379664,0.8756000059040794,0.0,0.8756000059040794,9.0,1,0.5315988110448178,-0.129136413910729,0.0,1,0,1,0,1,1,Técnica e consolidada,67,50,18,54,4.191114836546522,4.191114836546522,1,0,29.0,Nas três etapas,1,4.191114836546522,4.191114836546522
4119400,Piraí do Sul,1345.417,Piraí do Sul,Piraí do Sul,Centro Oriental Paranaense,Jaguariaíva,Ponta Grossa,Ponta Grossa,23651.0,1586.0,3482.0,P2,P3,273.0,0.1721311475409836,3664.0,1.0522688110281448,2.0,5.0,0.4,73.54616048317516,79.01749204783448,60.0,73.66838669625922,5.93,0.1472242188490972,13.19,10.673146148308136,85.5689174787417,70.68595927116827,50.03716093700038,0.0306122448979591,840.0,0.2510460251046025,0.5083481373510176,3.061224489795918,37.9766757070421,54.063540382688615,38.53468800471948,0.5488866206779155,0.478619223294836,0.478619223294836,0.6752572821836405,0.0,0.6752572821836405,41.0,1,0.3976427626333094,0.5879622328336769,1.0,0,1,1,0,1,1,Técnica e consolidada,83,78,92,241,6.305170239596469,6.305170239596469,1,0,29.0,Nas três etapas,1,6.305170239596469,6.305170239596469
4119509,Piraquara,227.042,Piraquara,Piraquara,Metropolitana de Curitiba,Curitiba,Curitiba,Curitiba,118730.0,7896.0,18220.0,M1,M1,1529.0,0.1936423505572441,18075.0,0.9920417124039516,4.0,22.0,0.1818181818181818,70.24022823014984,83.11453643187738,81.81818181818181,81.79961046378918,6.97,0.1534574244083214,12.48,12.544996400287976,89.19174975657485,66.88102893890675,51.092066078165,0.0602409638554216,4118.0,0.2402146648777927,0.4332106596804563,6.024096385542169,36.11370105813671,66.56963061888739,45.57390342632216,0.6116781877167754,0.5392267736418415,0.6116781877167754,1.8715135569190136,1.0,0.8715135569190136,11.0,2,2.0807154322742383,2.3534436770420712,3.0,1,2,3,1,1,1,Técnica e consolidada,19,17,46,161,3.7993920972644375,2.532928064842958,2,-1,9.0,Nas três etapas,1,2.5329280648429586,3.7993920972644375
4119608,Pitanga,1663.747,Pitanga,Pitanga,Centro-Sul Paranaense,Pitanga,Guarapuava,Pitanga,33567.0,2220.0,4506.0,P2,P3,573.0,0.2581081081081081,5028.0,1.1158455392809588,2.0,8.0,0.25,60.33285917496445,74.69258376909865,75.0,67.03332168628246,10.64,0.1342389847171329,13.32,19.150467962562995,78.02170522951864,71.38263665594855,51.05275714064669,0.027906976744186,1297.0,0.2900268336314848,0.5073636151550966,2.7906976744186047,44.68130527883562,54.22740698832198,41.948223975004346,0.5380316969264406,0.4878615015038843,0.4878615015038843,0.7432031650072111,0.0,0.7432031650072111,25.0,1,0.514583081110193,0.7656283557091068,1.0,0,1,1,0,1,1,Técnica e consolidada,55,59,105,202,4.504504504504505,4.504504504504505,1,0,29.0,Nas três etapas,1,4.504504504504505,4.504504504504505
4119657,Pitangueiras,123.229,Pitangueiras,Pitangueiras,Norte Central Paranaense,Londrina,Londrina,Londrina,3046.0,181.0,405.0,P1,P1,94.0,0.5193370165745856,419.0,1.034567901234568,0.0,1.0,0.0,20.18610061064264,80.22162465124522,100.0,46.07085419470568,0.0,0.1329612606697308,9.52,0.0,77.27907290701457,51.0182207931404,25.920160292156385,0.0,91.0,0.2413793103448276,0.4291100894046065,0.0,36.31401800214141,67.2521409117468,42.914008205699815,0.4077797701859347,0.401466078207923,0.4077797701859347,0.3348217447655188,0.0,0.3348217447655188,339.0,0,0.0462508095538455,0.0651109540446261,0.0,0,0,0,0,0,0,Não contemplado,370,365,301,185,0.0,0.0,0,0,262.0,Não contemplado,0,0.0,0.0
4119707,Planaltina do Paraná,356.192,Planaltina do Paraná,Planaltina do Paraná,Noroeste Paranaense,Paranavaí,Maringá,Paranavaí,4070.0,271.0,519.0,P1,P1,136.0,0.5018450184501845,625.0,1.2042389210019269,0.0,2.0,0.0,22.87434453291902,68.67948308121365,100.0,43.473673926104624,37.04,0.1275184275184275,16.22,66.66666666666666,74.11561689131783,86.92390139335477,87.9807101232541,0.0208333333333333,209.0,0.3856088560885609,0.4230656240430095,2.083333333333333,61.12124273820364,68.25819849559522,57.3466458486214,0.5792426993454123,0.6069886431904459,0.5792426993454122,0.4741820419017539,0.0,0.4741820419017539,181.0,1,0.0592695559467798,0.0936010135223965,0.0,0,1,1,0,1,1,Técnica e consolidada,331,317,61,46,36.90036900369004,36.90036900369004,1,0,29.0,Nas três etapas,1,36.90036900369004,36.90036900369004
4119806,Planalto,346.241,Planalto,Planalto,Sudoeste Paranaense,Capanema,Cascavel,Francisco Beltrão,14374.0,899.0,1570.0,P1,P2,303.0,0.3370411568409344,1572.0,1.0012738853503185,1.0,3.0,0.3333333333333333,48.20209589602483,82.4865031514027,66.66666666666667,56.58633322400321,20.98,0.1092249895644914,8.7,37.76097912167026,63.48319720575443,46.62379421221864,38.13805096509866,0.0172413793103448,305.0,0.1798349056603773,0.4748189401142629,1.7241379310344829,25.72849011753559,59.64423299029325,34.393425945179914,0.4401951386069297,0.3958093240492832,0.4401951386069298,0.444004491039517,0.0,0.444004491039517,219.0,0,0.1792932617272532,0.25821728392457,0.0,0,0,0,0,0,0,Não contemplado,131,143,251,286,0.0,0.0,1,1,29.0,Somente na lista publicada,1,11.123470522803114,0.0
4119905,Ponta Grossa,2054.732,Ponta Grossa,Ponta Grossa,Centro Oriental Paranaense,Ponta Grossa,Ponta Grossa,Ponta Grossa,358371.0,22756.0,50454.0,M2,M2,4698.0,0.2064510458780102,54861.0,1.0873468902366512,37.0,105.0,0.3523809523809524,68.2717340019058,76.63124979630267,64.76190476190476,70.22556458541563,9.08,0.1407870614530751,13.01,16.342692584593234,81.82754534361443,69.72132904608789,50.63869742327671,0.0213592233009708,8465.0,0.1750811805828455,0.594994538951176,2.135922330097088,24.91085787912226,39.64187291862287,23.835002895503568,0.4775196647702301,0.3847385413904061,0.4775196647702301,4.072221130232354,4.0,0.0722211302323536,397.0,4,5.761823074641296,8.513206897709386,9.0,0,7,7,3,1,1,Técnica e consolidada,4,4,202,362,3.076111794691509,1.7577781683951486,2,-5,9.0,Nas três etapas,1,0.8788890841975743,3.076111794691509
4119954,Pontal do Paraná,200.41,Pontal do Paraná,Pontal do Paraná,Metropolitana de Curitiba,Paranaguá,Curitiba,Paranaguá,30425.0,1760.0,3873.0,P2,P3,602.0,0.3420454545454545,5041.0,1.3015750064549445,2.0,14.0,0.1428571428571428,47.43301435406699,62.05804071756285,85.71428571428572,55.35674973688182,3.0,0.1272966310599835,10.68,5.399568034557236,73.98670547308765,57.23472668810289,31.116615008102272,0.0495867768595041,868.0,0.2338992185394772,0.4478465348171876,4.958677685950414,35.02745554709904,64.13359495705396,43.20040369084317,0.4564618437271044,0.4321491516350272,0.4321491516350271,0.6250640315863165,0.0,0.6250640315863165,60.0,1,0.4422947787704788,-0.3665679078112567,0.0,1,0,1,0,1,1,Técnica e consolidada,64,71,235,184,5.681818181818182,5.681818181818182,1,0,29.0,Nas três etapas,1,5.681818181818182,5.681818181818182
4120002,Porecatu,291.663,Porecatu,Porecatu,Norte Central Paranaense,Porecatu,Londrina,Londrina,11624.0,577.0,1312.0,P1,P2,171.0,0.2963604852686308,1634.0,1.2454268292682926,3.0,6.0,0.5,54.454072790294624,65.87760996914243,50.0,47.83663565596423,7.94,0.1128699242945629,9.64,14.29085673146148,65.6016877745689,51.66130760986066,27.95321592021885,0.0405405405405405,339.0,0.2688342585249801,0.3688674809325474,4.054054054054054,41.036220142555344,77.27908779594789,52.64206339110152,0.4578212280287007,0.4674320834989753,0.4578212280287007,0.4391902611867458,0.0,0.4391902611867458,229.0,0,0.1498297830485071,0.2184250383190485,0.0,0,0,0,0,0,0,Não contemplado,167,204,229,86,0.0,0.0,0,0,262.0,Não contemplado,0,0.0,0.0
4120101,Porto Amazonas,186.581,Porto Amazonas,Porto Amazonas,Metropolitana de Curitiba,Lapa,Ponta Grossa,Ponta Grossa,4098.0,238.0,566.0,P1,P1,47.0,0.1974789915966386,659.0,1.1643109540636043,2.0,3.0,0.6666666666666666,69.65059708093764,71.39564667613723,33.333333333333336,55.94303062235914,0.0,0.1381161542215715,13.42,0.0,80.2751741218648,71.91854233654877,40.83859582350749,0.05,99.0,0.1968190854870775,0.5199254831060214,5.0,28.649738768399853,52.13657483637939,33.71539903090808,0.4403109102600839,0.3958556470771817,0.4403109102600839,0.37128204623911,0.0,0.37128204623911,311.0,0,0.0646369338456212,0.0930972810236075,0.0,0,0,0,0,0,0,Não contemplado,329,336,250,291,0.0,0.0,0,0,262.0,Não contemplado,0,0.0,0.0
4120150,Porto Barreiro,361.02,Porto Barreiro,Porto Barreiro,Centro-Sul Paranaense,Guarapuava,Cascavel,Laranjeiras do Sul - Quedas do Iguaçu,3110.0,204.0,397.0,P1,P1,55.0,0.2696078431372549,430.0,1.0831234256926952,0.0,1.0,0.0,58.5655314757482,76.91855770397711,100.0,77.01290013483084,19.61,0.127652733118971,13.5,35.29517638588913,74.19367731466178,72.34726688102894,59.344223187874455,0.0344827586206896,136.0,0.3253588516746411,0.537354837293183,3.4482758620689653,50.75834939247742,49.23558477148779,42.84988181105479,0.5981395741592914,0.5298135375117393,0.5981395741592914,0.4792302730486635,0.0,0.4792302730486635,175.0,1,0.0453372133157449,0.0724551947819935,0.0,0,1,1,0,1,1,Técnica e consolidada,368,359,50,187,49.01960784313725,49.01960784313725,1,0,29.0,Nas três etapas,1,49.01960784313725,49.01960784313725
4120200,Porto Rico,217.676,Porto Rico,Porto Rico,Noroeste Paranaense,Paranavaí,Maringá,Loanda,3182.0,188.0,427.0,P1,P1,107.0,0.5691489361702128,515.0,1.2060889929742389,0.0,1.0,0.0,12.530795072788358,68.55362898633962,100.0,34.70655963312136,29.41,0.1341923318667504,8.8,52.933765298776095,77.99458989526367,47.15969989281887,57.00432177183698,0.0,100.0,0.2531645569620253,0.5259447818252057,0.0,38.34105940960867,51.13470605831355,35.62417974121451,0.3953316010410174,0.3971668412572037,0.3953316010410174,0.3269046885501744,0.0,0.3269046885501744,345.0,0,0.0487631992086223,0.0680408328236491,0.0,0,0,0,0,0,0,Não contemplado,365,363,314,265,0.0,0.0,1,1,29.0,Somente na lista publicada,1,53.191489361702125,0.0
4120309,Porto Vitória,213.013,Porto Vitória,Porto Vitória,Sudeste Paranaense,União da Vitória,Curitiba,União da Vitória,3562.0,220.0,497.0,P1,P1,70.0,0.3181818181818182,605.0,1.2173038229376258,0.0,1.0,0.0,51.10047846889952,67.79072230198818,100.0,66.87888782567725,0.0,0.139528354856822,14.32,0.0,81.09596624809123,76.7416934619507,44.36208569451433,0.0,110.0,0.2330508474576271,0.4124462938030413,0.0,34.88153723349339,70.02570928177471,43.60783542971579,0.5306710644106009,0.4841289596186778,0.5306710644106009,0.4353620060548723,0.0,0.4353620060548723,236.0,0,0.056757166292003,0.0868765521411098,0.0,0,1,1,1,0,1,Somente consolidada,350,345,115,182,45.45454545454545,0.0,1,0,29.0,Entrou na consolidada,1,45.45454545454545,45.45454545454545
4120333,Prado Ferreira,152.876,Prado Ferreira,Prado Ferreira,Norte Central Paranaense,Porecatu,Londrina,Londrina,3709.0,250.0,492.0,P1,P1,117.0,0.468,555.0,1.1280487804878048,1.0,3.0,0.3333333333333333,28.07578947368421,73.86243883441395,66.66666666666667,35.99783650150589,52.63,0.132650310056619,14.02,94.7264218862491,77.09834376094523,75.13397642015005,100.0,0.0,128.0,0.2565130260521042,0.5271666158891248,0.0,38.91699012346487,50.93134060700001,35.81693070066621,0.4872590688086884,0.4868972572070091,0.4872590688086884,0.4018022130149155,0.0,0.4018022130149155,282.0,0,0.0561861686431901,0.0835633888561989,0.0,0,0,0,0,0,0,Não contemplado,344,330,178,263,0.0,0.0,0,0,262.0,Não contemplado,0,0.0,0.0
4120358,Pranchita,226.14,Pranchita,Pranchita,Sudoeste Paranaense,Capanema,Cascavel,Francisco Beltrão,5737.0,379.0,701.0,P1,P2,144.0,0.3799472295514511,831.0,1.1854493580599144,1.0,3.0,0.3333333333333333,41.60810998472435,69.95767305032614,66.66666666666667,45.75355319750077,15.15,0.1221892975422694,12.03,27.26781857451404,71.0182468612499,64.46945337620579,47.43228430568608,0.0,141.0,0.1969273743016759,0.5002341244376337,0.0,28.66836425145392,55.41405920256934,32.833871700321495,0.4092142682026612,0.3833749052083027,0.4092142682026612,0.3571125414978274,0.0,0.3571125414978274,323.0,0,0.0800538703635697,0.1128130563411886,0.0,0,0,0,0,0,0,Não contemplado,277,266,296,303,0.0,0.0,1,1,29.0,Somente na lista publicada,1,26.385224274406333,0.0
4120408,Presidente Castelo Branco,155.734,Presidente Castelo Branco,Presidente Castelo Branco,Norte Central Paranaense,Astorga,Maringá,Maringá,4336.0,280.0,523.0,P1,P1,113.0,0.4035714285714286,614.0,1.1739961759082218,0.0,2.0,0.0,37.97744360902256,70.73679402221309,100.0,57.06414672000126,39.22,0.1206180811808118,8.53,70.59035277177826,70.1050324171466,45.71275455519828,62.19851538945227,0.0689655172413793,75.0,0.1401869158878504,0.3981823177163037,6.896551724137931,18.90910656093927,72.39984503397355,40.140610862793366,0.513216061110083,0.4793689893956672,0.5132160611100831,0.4239580196919427,0.0,0.4239580196919427,249.0,0,0.0597263540658302,0.0903788782439618,0.0,0,1,1,1,0,1,Somente consolidada,324,310,137,222,35.714285714285715,0.0,1,0,29.0,Entrou na consolidada,1,35.714285714285715,35.714285714285715
4120507,Primeiro de Maio,414.442,Primeiro de Maio,Primeiro de Maio,Norte Central Paranaense,Porecatu,Londrina,Londrina,10082.0,490.0,1089.0,P1,P2,170.0,0.3469387755102041,1159.0,1.064279155188246,3.0,6.0,0.5,46.680988184747584,78.20046924222653,50.0,46.478869335745664,0.0,0.1080142828803808,9.92,0.0,62.779516376924185,53.161843515541264,18.206403140954613,0.0,273.0,0.261244019138756,0.4152085067124367,0.0,39.73071249997335,69.56595890197154,45.87875530177781,0.4058433048320031,0.4046430767640674,0.4058433048320031,0.3822633743432482,0.0,0.3822633743432482,304.0,0,0.1243632879114514,0.1748352956772088,0.0,0,0,0,0,0,0,Não contemplado,193,226,304,156,0.0,0.0,0,0,262.0,Não contemplado,0,0.0,0.0
4120606,Prudentópolis,2247.141,Prudentópolis,Prudentópolis,Sudeste Paranaense,Prudentópolis,Guarapuava,Guarapuava,49393.0,3046.0,6590.0,P3,P3,733.0,0.2406434668417597,7083.0,1.0748103186646434,4.0,13.0,0.3076923076923077,63.01689878010851,77.4840700603958,69.23076923076923,68.04021089521885,7.89,0.1334197153442795,12.27,14.200863930885529,77.5455336192593,65.7556270096463,44.15255009156133,0.0374707259953161,1691.0,0.2670140533712301,0.4448031082436194,3.747072599531616,40.72314810116483,64.64015131928863,45.78237115588901,0.543595428387554,0.4990797489088944,0.4990797489088944,0.905548613153522,0.0,0.905548613153522,7.0,1,0.7525749011354133,1.1281697938292117,1.0,0,1,1,0,1,1,Técnica e consolidada,36,39,98,157,3.2829940906106367,3.2829940906106367,1,0,29.0,Nas três etapas,1,3.2829940906106367,3.2829940906106367
4120655,Quarto Centenário,321.875,Quarto Centenário,Quarto Centenário,Centro Ocidental Paranaense,Goioerê,Maringá,Campo Mourão,4201.0,281.0,521.0,P1,P1,137.0,0.4875444839857651,589.0,1.1305182341650672,0.0,2.0,0.0,25.07211088218768,73.69445031178539,100.0,47.4376923127609,0.0,0.1240180909307307,10.47,0.0,72.0811689250668,56.10932475884245,25.853485494291164,0.0350877192982456,109.0,0.2014787430683918,0.4967642588494153,3.508771929824561,29.45119156516693,55.99159325746539,35.35297428268812,0.3828696373703784,0.3587002013102328,0.3828696373703784,0.3240618301317454,0.0,0.3240618301317454,346.0,0,0.059497955006305,0.0822779154638481,0.0,0,0,0,0,0,0,Não contemplado,326,307,329,270,0.0,0.0,0,0,262.0,Não contemplado,0,0.0,0.0
4120705,Quatiguá,112.689,Quatiguá,Quatiguá,Norte Pioneiro Paranaense,Wenceslau Braz,Londrina,Santo Antônio da Platina,8099.0,458.0,995.0,P1,P2,175.0,0.3820960698689956,1111.0,1.1165829145728643,2.0,4.0,0.5,41.27786715697541,74.64242263951336,50.0,40.42814888714969,0.0,0.1228546734164711,13.33,0.0,71.4049732688817,71.43622722400858,34.999859712288846,0.03125,244.0,0.250770811921891,0.4476808772496718,3.125,37.9293395302647,64.16116746217244,43.76731756267114,0.406781585223861,0.4134599225749039,0.406781585223861,0.3762718998305966,0.0,0.3762718998305966,306.0,0,0.1136285321137687,0.159850526533668,0.0,0,0,0,0,0,0,Não contemplado,221,235,302,179,0.0,0.0,0,0,262.0,Não contemplado,0,0.0,0.0
4120804,Quatro Barras,180.471,Quatro Barras,Quatro Barras,Metropolitana de Curitiba,Curitiba,Curitiba,Curitiba,24191.0,1474.0,3525.0,P2,P3,482.0,0.3270013568521031,3877.0,1.099858156028369,2.0,11.0,0.1818181818181818,49.74505463115048,75.78015099825042,81.81818181818181,61.44361130061304,3.42,0.1457153486833946,12.24,6.155507559395248,84.69193957589079,65.59485530546624,43.49097006035918,0.0233644859813084,492.0,0.1543287327478042,0.7205946675663747,2.336448598130841,21.34147384887653,18.736639061467848,11.276520074213249,0.3778624656200235,0.2775282831672239,0.2775282831672239,0.5326046784445373,0.0,0.5326046784445373,129.0,1,0.4025533424131004,0.5142732804162358,1.0,0,0,0,-1,1,0,Somente técnica,80,84,334,391,0.0,6.784260515603799,0,0,262.0,Somente na técnica,0,0.0,0.0
4120853,Quatro Pontes,114.393,Quatro Pontes,Quatro Pontes,Oeste Paranaense,Toledo,Cascavel,Marechal Cândido Rondon,4480.0,290.0,522.0,P1,P1,176.0,0.6068965517241379,651.0,1.2471264367816093,0.0,2.0,0.0,6.7295825771324935,65.76199145892726,100.0,28.64329743528568,21.74,0.1165178571428571,10.71,39.12886969042477,67.72192089452605,57.39549839228296,48.36296580674325,0.0,17.0,0.0302491103202846,0.5956154771336766,0.0,0.0,39.53852224486855,9.788567805937893,0.2504533925783808,0.2127439333196852,0.2504533925783808,0.2227980062121955,0.0,0.2227980062121955,389.0,0,0.0596121545360676,0.0745422208785324,0.0,0,0,0,0,0,0,Não contemplado,320,304,398,394,0.0,0.0,0,0,262.0,Não contemplado,0,0.0,0.0
4120903,Quedas do Iguaçu,821.503,Quedas do Iguaçu,Quedas do Iguaçu,Centro-Sul Paranaense,Guarapuava,Cascavel,Laranjeiras do Sul - Quedas do Iguaçu,30738.0,2227.0,4406.0,P2,P3,627.0,0.2815446789402784,4682.0,1.0626418520199727,3.0,12.0,0.25,56.73102828917826,78.31184940005893,75.0,65.52345373946963,22.08,0.1433404905979569,14.74,39.74082073434125,83.31163654473778,78.9924973204716,71.96051268487375,0.053030303030303,1522.0,0.3402638050525374,0.452948243102466,5.303030303030303,53.32197480098405,63.28445247646399,52.40412650970979,0.6156313463664652,0.5893926919069455,0.5893926919069455,0.8038686124518181,0.0,0.8038686124518181,19.0,1,0.5031631281339348,0.799723798693114,1.0,0,1,1,0,1,1,Técnica e consolidada,63,58,43,90,4.49034575662326,4.49034575662326,1,0,29.0,Nas três etapas,1,4.49034575662326,4.49034575662326
4121000,Querência do Norte,914.763,Querência do Norte,Querência do Norte,Noroeste Paranaense,Paranavaí,Maringá,Loanda,10685.0,731.0,1542.0,P1,P2,274.0,0.3748290013679891,1724.0,1.1180285343709468,1.0,4.0,0.25,42.39470084239326,74.54408204847556,75.0,51.85845918876502,6.71,0.1443144595226953,11.79,12.077033837293015,83.87772184781707,63.18327974276527,45.17390474832347,0.0,481.0,0.3145846958796599,0.4111251198234694,0.0,48.90521380386271,70.24560914424663,50.976914889021096,0.5016893058077914,0.4999262172083035,0.5016893058077914,0.4908690696221918,0.0,0.4908690696221918,168.0,1,0.1760956748939009,0.2644409917871766,0.0,0,1,1,0,1,1,Técnica e consolidada,184,174,154,108,13.679890560875512,13.679890560875512,1,0,29.0,Nas três etapas,1,13.679890560875513,13.679890560875512
4121109,Quinta do Sol,326.177,Quinta do Sol,Quinta do Sol,Centro Ocidental Paranaense,Campo Mourão,Maringá,Campo Mourão,5001.0,320.0,640.0,P1,P2,120.0,0.375,713.0,1.1140625,0.0,1.0,0.0,42.36842105263158,74.81387785829531,100.0,62.48080537978337,17.54,0.1279744051189762,11.0,31.56947444204463,74.38063789111337,58.949624866023576,48.77091076448113,0.0,162.0,0.2600321027287319,0.434387736898993,0.0,39.52226503804896,66.37371462108752,44.11936798866042,0.5239425150027375,0.4872196402204915,0.5239425150027374,0.4409386777002801,0.0,0.4409386777002801,225.0,0,0.0730876990480522,0.1113814519030519,0.0,0,1,1,1,0,1,Somente consolidada,297,293,124,174,31.25,0.0,1,0,29.0,Entrou na consolidada,1,31.25,31.25
4121208,Quitandinha,447.024,Quitandinha,Quitandinha,Metropolitana de Curitiba,Rio Negro,Curitiba,Curitiba,18398.0,1179.0,2387.0,P1,P2,229.0,0.1942324003392705,2777.0,1.1633850020946794,1.0,3.0,0.3333333333333333,70.14954689522789,71.45863603476212,66.66666666666667,70.43103133437523,9.39,0.1297423633003587,11.52,16.900647948164146,75.40820162289074,61.73633440514469,41.994459154262096,0.0275229357798165,450.0,0.1909206618582944,0.4302767351969307,2.752293577981652,27.63522041993533,67.05796114946546,39.7474014736528,0.5247026495406364,0.4633353898191915,0.5247026495406364,0.5725371653757864,0.0,0.5725371653757864,102.0,1,0.2725942775432824,0.4156252172198584,1.0,0,1,1,0,1,1,Técnica e consolidada,102,103,123,226,8.481764206955047,8.481764206955047,1,0,29.0,Nas três etapas,1,8.481764206955047,8.481764206955047
4121257,Ramilândia,237.196,Ramilândia,Ramilândia,Oeste Paranaense,Foz do Iguaçu,Cascavel,Cascavel,4221.0,332.0,590.0,P1,P1,136.0,0.4096385542168674,681.0,1.1542372881355931,0.0,1.0,0.0,37.045022194039326,72.08092385800205,100.0,56.84480493171796,16.95,0.1397773039564084,12.79,30.50755939524838,81.24065918737422,68.54233654876741,58.37933322248532,0.0,106.0,0.1666666666666666,0.3999828970234324,0.0,23.463576486901403,72.10015161877648,38.773857817815,0.4992333174431024,0.4630914232152965,0.4992333174431024,0.4182316382731708,0.0,0.4182316382731708,258.0,0,0.0673777225599231,0.1010149265152745,0.0,0,0,0,0,0,0,Não contemplado,325,284,159,239,0.0,0.0,0,0,262.0,Não contemplado,0,0.0,0.0
4121307,Rancho Alegre,167.646,Rancho Alegre,Rancho Alegre,Norte Pioneiro Paranaense,Assaí,Londrina,Cornélio Procópio ¿ Bandeirantes,3512.0,163.0,366.0,P1,P1,84.0,0.5153374233128835,393.0,1.0737704918032789,0.0,1.0,0.0,20.800774943493707,77.55480594009198,100.0,45.46534357004589,0.0,0.1042141230068337,11.39,0.0,60.57080663359803,61.03965702036442,21.745600611722686,0.0,107.0,0.311046511627907,0.3881915867683864,0.0,48.29665242042199,74.06273001007105,52.63690034892827,0.435900176899342,0.4502432904571068,0.435900176899342,0.3534218622968386,0.0,0.3534218622968386,326.0,0,0.0417970278931048,0.060016359745576,0.0,0,0,0,0,0,0,Não contemplado,352,374,258,87,0.0,0.0,0,0,262.0,Não contemplado,0,0.0,0.0
4121356,Rancho Alegre D'Oeste,241.386,Rancho Alegre D'Oeste,Rancho Alegre D'Oeste,Centro Ocidental Paranaense,Goioerê,Maringá,Campo Mourão,2618.0,157.0,341.0,P1,P1,54.0,0.3439490445859872,308.0,0.9032258064516128,0.0,1.0,0.0,47.14046262152197,89.15638000409193,100.0,72.54263673537838,0.0,0.1302521008403361,8.79,0.0,75.70446870336922,47.10610932475884,22.49482693326696,0.0,68.0,0.2111801242236025,0.5197786914002138,0.0,31.119811828279463,52.16100725513589,32.41915238247404,0.4648368103379435,0.3845898416321349,0.4648368103379435,0.373603170712398,0.0,0.373603170712398,308.0,0,0.0389420396490403,0.0570437331475539,0.0,0,0,0,0,0,0,Não contemplado,382,378,218,305,0.0,0.0,0,0,262.0,Não contemplado,0,0.0,0.0
4121406,Realeza,353.416,Realeza,Realeza,Sudoeste Paranaense,Capanema,Cascavel,Francisco Beltrão,19247.0,1161.0,2421.0,P1,P2,457.0,0.3936261843238587,2622.0,1.0830235439900868,3.0,7.0,0.4285714285714285,39.50587061970171,76.92535231600539,57.14285714285714,42.90575780554448,4.83,0.1257858367537798,12.47,8.693304535637148,73.10860923100529,66.82743837084674,38.61337827233315,0.0,292.0,0.1240968975775605,0.4871299987509292,0.0,16.14165209678999,57.595146236432136,27.48144255930968,0.3587755580040829,0.3279269275116134,0.3587755580040829,0.4388876424389328,0.0,0.4388876424389328,230.0,0,0.2764770615552102,0.37567027359001,1.0,0,0,0,0,0,0,Não contemplado,96,106,355,341,0.0,0.0,0,0,262.0,Não contemplado,0,0.0,0.0
4121505,Rebouças,481.84,Rebouças,Rebouças,Sudeste Paranaense,Irati,Ponta Grossa,Irati,14514.0,910.0,1952.0,P1,P2,209.0,0.2296703296703296,2238.0,1.146516393442623,1.0,4.0,0.25,64.70329670329672,72.60615002635865,75.0,69.83639569085553,5.38,0.134490836433788,11.51,9.68322534197264,78.1680852132456,61.68274383708467,39.17818005877805,0.018450184501845,660.0,0.3412616339193381,0.4065451435566343,1.8450184501845013,53.493599587148445,71.00791310025406,54.69969797403154,0.5765007347771043,0.5462273393434564,0.5765007347771044,0.5817218982920939,0.0,0.5817218982920939,92.0,1,0.2229174820965594,0.3514295743198879,0.0,0,1,1,0,1,1,Técnica e consolidada,129,137,65,68,10.989010989010987,10.989010989010987,1,0,29.0,Nas três etapas,1,10.989010989010989,10.989010989010987
4121604,Renascença,425.273,Renascença,Renascença,Sudoeste Paranaense,Francisco Beltrão,Cascavel,Francisco Beltrão,6845.0,449.0,903.0,P1,P2,142.0,0.3162583518930957,870.0,0.9634551495016612,0.0,1.0,0.0,51.39608486695582,85.0591829394027,100.0,74.40198164678107,0.0,0.1319211102994886,12.71,0.0,76.67452195817944,68.11361200428725,36.21532203246678,0.0,80.0,0.087719298245614,0.4810846492229066,0.0,9.884769865534434,58.601350983393374,24.76494366737852,0.4690983453215719,0.3698242693627668,0.4690983453215719,0.4180739905405175,0.0,0.4180739905405175,259.0,0,0.1031221753756112,0.1514966172102714,0.0,0,1,1,1,0,1,Somente consolidada,240,241,212,357,22.271714922049,0.0,1,0,29.0,Entrou na consolidada,1,22.271714922048996,22.271714922049
4121703,Reserva,1635.535,Reserva,Reserva,Centro Oriental Paranaense,Telêmaco Borba,Ponta Grossa,Telêmaco Borba,24573.0,1719.0,3505.0,P2,P3,386.0,0.2245491564863292,4025.0,1.1483594864479316,2.0,7.0,0.2857142857142857,65.49034016104835,72.4807706868393,71.42857142857143,68.94223436902652,11.53,0.1426362267529402,13.75,20.752339812814974,82.90230786696591,73.68703108252947,56.53836219317777,0.0206185567010309,1266.0,0.3708260105448154,0.4110713343445459,2.061855670103093,58.5786196594776,70.25456134857485,57.052920067343535,0.6170573421318357,0.5932787135284697,0.5932787135284697,0.735117776966236,0.0,0.735117776966236,27.0,1,0.4002693518178487,0.6377406379292165,1.0,0,1,1,0,1,1,Técnica e consolidada,77,74,42,47,5.817335660267597,5.817335660267597,1,0,29.0,Nas três etapas,1,5.817335660267597,5.817335660267597
4121752,Reserva do Iguaçu,834.232,Reserva do Iguaçu,Reserva do Iguaçu,Centro-Sul Paranaense,Guarapuava,Guarapuava,Guarapuava,6553.0,544.0,1082.0,P1,P2,146.0,0.2683823529411764,1207.0,1.1155268022181146,1.0,4.0,0.25,58.75386996904025,74.71426636585564,75.0,65.71220863483246,9.8,0.1651152144056157,14.34,17.63858891288697,95.96743162509571,76.84887459807074,64.7248876434247,0.0,383.0,0.3410507569011576,0.4385256245335764,0.0,53.457329115972094,65.68499312351153,50.972516948825486,0.5961886776214812,0.5667092942494673,0.5961886776214813,0.5305479836132729,0.0,0.5305479836132729,131.0,1,0.1235638912031133,0.1972312841012621,0.0,0,1,1,0,1,1,Técnica e consolidada,253,209,51,109,18.38235294117647,18.38235294117647,1,0,29.0,Nas três etapas,1,18.38235294117647,18.38235294117647
4121802,Ribeirão Claro,629.224,Ribeirão Claro,Ribeirão Claro,Norte Pioneiro Paranaense,Jacarezinho,Londrina,Santo Antônio da Platina,12364.0,746.0,1509.0,P1,P2,159.0,0.2131367292225201,1700.0,1.126573889993373,2.0,3.0,0.6666666666666666,67.24425003527585,73.96277061122748,33.333333333333336,54.997121111186296,12.35,0.1220478809446781,10.27,22.22822174226062,70.93605342008908,55.037513397642016,38.34645214154877,0.037037037037037,369.0,0.2380645161290322,0.4637836699583426,3.7037037037037033,35.74387930662654,61.480973970019306,41.54941425544384,0.4628790457496181,0.4359836320381332,0.4628790457496181,0.4575952019136993,0.0,0.4575952019136993,204.0,0,0.1723270904117357,-0.7479063104216719,-1.0,1,0,1,1,0,1,Somente consolidada,159,166,221,205,13.404825737265416,0.0,1,0,29.0,Entrou na consolidada,1,13.404825737265416,13.404825737265416
4121901,Ribeirão do Pinhal,374.732,Ribeirão do Pinhal,Ribeirão do Pinhal,Norte Pioneiro Paranaense,Cornélio Procópio,Londrina,Santo Antônio da Platina,13060.0,790.0,1734.0,P1,P2,175.0,0.2215189873417721,1968.0,1.1349480968858132,3.0,7.0,0.4285714285714285,65.95602931379081,73.3931018391425,57.14285714285714,63.70124438163962,24.24,0.1327718223583461,12.94,43.62850971922246,77.16896852771536,69.34619506966774,64.5305931795063,0.0769230769230769,568.0,0.3417569193742479,0.2825899786651623,7.6923076923076925,53.57878780239999,91.63935463163529,68.44284954145316,0.6576375620513836,0.6671207723710109,0.6576375620513837,0.6300120866779838,0.0,0.6300120866779838,57.0,1,0.1980219846083166,0.3282486797987066,0.0,0,1,1,0,1,1,Técnica e consolidada,154,160,24,10,12.658227848101266,12.658227848101266,1,0,29.0,Nas três etapas,1,12.658227848101266,12.658227848101266
4122008,Rio Azul,599.056,Rio Azul,Rio Azul,Sudeste Paranaense,Irati,Ponta Grossa,Irati,14025.0,899.0,1857.0,P1,P2,149.0,0.1657397107897664,2058.0,1.1082390953150243,0.0,2.0,0.0,74.52842339441484,75.21002424431772,100.0,89.74142008527265,30.12,0.1324064171122994,12.05,54.21166306695464,76.9565895347094,64.57663451232584,68.0274072331794,0.0409356725146198,321.0,0.1755057408419901,0.4681970684093763,4.093567251461988,24.9838814867908,60.74639568780805,35.804262427099616,0.6382375445158478,0.5303632291995019,0.6382375445158478,0.6241106253002401,0.0,0.6241106253002401,61.0,1,0.2120685267691142,0.3474186225633269,0.0,0,1,1,0,1,1,Técnica e consolidada,137,143,32,264,11.123470522803114,11.123470522803114,1,0,29.0,Nas três etapas,1,11.123470522803114,11.123470522803114
4122107,Rio Bom,177.836,Rio Bom,Rio Bom,Norte Central Paranaense,Faxinal,Londrina,Apucarana,3197.0,160.0,372.0,P1,P1,47.0,0.29375,394.0,1.0591397849462365,1.0,2.0,0.5,54.85526315789474,78.55008309493641,50.0,53.51269631850807,0.0,0.1163590866437285,12.51,0.0,67.62964110629417,67.04180064308682,29.89951392603038,0.0,101.0,0.2902298850574712,0.3823567531712347,0.0,44.71622976210602,75.03389590146713,51.28697109935937,0.4789976975235305,0.4745462470852331,0.4789976975235305,0.3866484787699645,0.0,0.3866484787699645,299.0,0,0.0424822250716803,0.0628311130666916,0.0,0,0,0,0,0,0,Não contemplado,363,376,198,102,0.0,0.0,0,0,262.0,Não contemplado,0,0.0,0.0
4122156,Rio Bonito do Iguaçu,681.406,Rio Bonito do Iguaçu,Rio Bonito do Iguaçu,Centro-Sul Paranaense,Guarapuava,Cascavel,Laranjeiras do Sul - Quedas do Iguaçu,13929.0,998.0,2149.0,P1,P2,186.0,0.1863727454909819,2479.0,1.1535597952536063,1.0,3.0,0.3333333333333333,71.35745174559646,72.1270113912019,66.66666666666667,71.73019358575387,21.19,0.1542824323354153,14.5,38.13894888408928,89.67125670036897,77.70632368703109,74.12780205113214,0.03690036900369,886.0,0.4282261962300628,0.413904729695443,3.690036900369003,68.45134926451765,69.78296316572784,62.75906288201574,0.6862126299733426,0.6682703685658664,0.6862126299733426,0.685976811237214,0.0,0.685976811237214,38.0,1,0.245414789459788,-0.5861784824306566,0.0,1,0,1,0,1,1,Técnica e consolidada,138,128,15,23,10.02004008016032,10.02004008016032,1,0,29.0,Nas três etapas,1,10.020040080160319,10.02004008016032
4122172,Rio Branco do Ivaí,376.109,Rio Branco do Ivaí,Rio Branco do Ivaí,Norte Central Paranaense,Ivaiporã,Londrina,Ivaiporã,3808.0,252.0,587.0,P1,P1,50.0,0.1984126984126984,669.0,1.1396933560477005,1.0,2.0,0.5,69.50710108604846,73.07029802085881,50.0,63.54811864610711,0.0,0.1541491596638655,12.08,0.0,89.59379663080188,64.7374062165059,42.17301952426155,0.2,244.0,0.4468864468864469,0.2323586279542365,20.0,71.66087910999515,100.0,88.49083338940723,0.6925018471905805,0.7423872766771807,0.6925018471905805,0.5662797892539294,0.0,0.5662797892539294,109.0,1,0.0670351239706354,0.11345707114695,0.0,0,1,1,0,1,1,Técnica e consolidada,341,327,12,2,39.68253968253968,39.68253968253968,1,0,29.0,Nas três etapas,1,39.682539682539684,39.68253968253968
4122206,Rio Branco do Sul,811.425,Rio Branco do Sul,Rio Branco do Sul,Metropolitana de Curitiba,Curitiba,Curitiba,Curitiba,37558.0,2560.0,5566.0,P2,P3,312.0,0.121875,6535.0,1.174092705713259,4.0,8.0,0.5,81.26973684210526,70.73022742835991,50.0,72.4720362491022,1.73,0.1481974546035465,13.47,3.113750899928005,86.1345766522856,72.18649517684888,46.60777933401409,0.0289389067524115,1696.0,0.3103953147877013,0.4750728802127698,2.893890675241157,48.18464772485776,59.6019664957958,46.59469760906602,0.5694824941007011,0.5177278168206287,0.5177278168206287,0.8518201901960641,0.0,0.8518201901960641,13.0,1,0.6356345826585297,0.9647202874340216,1.0,0,1,1,0,1,1,Técnica e consolidada,49,46,75,145,3.90625,3.90625,2,1,9.0,Nas três etapas,1,7.8125,3.90625
4122305,Rio Negro,604.138,Rio Negro,Rio Negro,Metropolitana de Curitiba,Rio Negro,Curitiba,Curitiba,31324.0,1930.0,4112.0,P2,P3,644.0,0.3336787564766839,4839.0,1.1767996108949417,3.0,10.0,0.3,48.71884374147805,70.54608588865283,70.0,53.39608368821048,5.95,0.1312731451921849,10.5,10.709143268538517,76.29791494861664,56.27009646302251,35.27202406523251,0.0481927710843373,533.0,0.132258064516129,0.5087229991201416,4.819277108433735,17.545358260527845,54.00114734986256,28.841578121197468,0.3994946953680968,0.3503856842340708,0.3503856842340708,0.592930862053153,0.0,0.592930862053153,83.0,1,0.4695884663837358,0.6341255424860291,1.0,0,0,0,-1,1,0,Somente técnica,60,64,311,330,0.0,5.181347150259067,0,0,262.0,Somente na técnica,0,0.0,0.0
4122404,Rolândia,459.024,Rolândia,Rolândia,Norte Central Paranaense,Londrina,Londrina,Londrina,71670.0,4918.0,9508.0,P4,P4,896.0,0.1821878812525416,10810.0,1.1369373159444678,13.0,22.0,0.5909090909090909,72.00059930224097,73.25778204192387,40.90909090909091,61.89838746860688,12.23,0.132663597041998,13.14,22.01223902087833,77.10606635553138,70.41800643086818,51.665504657338126,0.038235294117647,1368.0,0.1390385201748145,0.6028543391067402,3.823529411764706,18.7115845456524,38.33366597541206,20.82402400130899,0.4342206551943398,0.352071928259744,0.4342206551943398,1.0135340493488838,1.0,0.0135340493488838,399.0,1,1.0858091289826266,1.557289880385458,2.0,0,1,1,0,1,1,Técnica e consolidada,30,30,261,374,2.03334688897926,2.03334688897926,1,0,29.0,Nas três etapas,1,2.03334688897926,2.03334688897926
4122503,Roncador,742.121,Roncador,Roncador,Centro Ocidental Paranaense,Campo Mourão,Maringá,Campo Mourão,11251.0,737.0,1425.0,P1,P2,193.0,0.2618724559023066,1585.0,1.112280701754386,1.0,3.0,0.3333333333333333,59.75433835606656,74.9350875240845,66.66666666666667,63.13780797134937,6.06,0.1266554084081415,14.13,10.907127429805614,73.61401727946092,75.72347266881029,45.864739173678295,0.009009009009009,379.0,0.2553908355795148,0.4505673697813234,0.9009009009009008,38.723975362816205,63.680731637254,42.77920911739208,0.5153975467023224,0.4746803489944078,0.5153975467023224,0.4930263316248034,0.0,0.4930263316248034,167.0,1,0.1627343299116789,0.2466072043124045,0.0,0,1,1,0,1,1,Técnica e consolidada,172,171,132,189,13.568521031207595,13.568521031207595,1,0,29.0,Nas três etapas,1,13.568521031207597,13.568521031207595
4122602,Rondon,555.125,Rondon,Rondon,Noroeste Paranaense,Cianorte,Maringá,Cianorte,9097.0,540.0,1184.0,P1,P2,181.0,0.3351851851851852,1257.0,1.0616554054054057,2.0,3.0,0.6666666666666666,48.487329434697855,78.37895400338026,33.333333333333336,41.05527688415296,8.7,0.1301527976255908,14.4,15.65874730021598,75.64675219005136,77.17041800643088,51.00350497980368,0.0,253.0,0.2211538461538461,0.5196160220671419,0.0,32.83527421916963,52.188082390223336,33.32067438084961,0.3995108150196176,0.3840416100130109,0.3995108150196176,0.384088643247064,0.0,0.384088643247064,302.0,0,0.1352122432388967,0.1892309967358991,0.0,0,0,0,0,0,0,Não contemplado,208,210,310,298,0.0,0.0,0,0,262.0,Não contemplado,0,0.0,0.0
4122651,Rosário do Ivaí,377.47,Rosário do Ivaí,Rosário do Ivaí,Norte Central Paranaense,Ivaiporã,Londrina,Ivaiporã,5435.0,293.0,699.0,P1,P2,124.0,0.4232081911262799,810.0,1.158798283261803,0.0,1.0,0.0,34.95958325848751,71.77065489445651,100.0,54.957195497610286,0.0,0.1286108555657773,10.67,0.0,74.75055240781023,57.18113612004287,28.1890975921442,0.0263157894736842,212.0,0.3424878836833602,0.3468983292843999,2.631578947368421,53.70451236040704,80.93569434493395,60.35200510452457,0.5176149975928279,0.5284046168066564,0.5176149975928278,0.4404869462650049,0.0,0.4404869462650049,226.0,0,0.0798254713040446,0.121144332440934,0.0,0,1,1,1,0,1,Somente consolidada,288,302,130,33,34.129692832764505,0.0,1,0,29.0,Entrou na consolidada,1,34.129692832764505,34.129692832764505
4122701,Sabáudia,190.329,Sabáudia,Sabáudia,Norte Central Paranaense,Apucarana,Londrina,Londrina,8822.0,562.0,1205.0,P1,P2,243.0,0.4323843416370106,1395.0,1.157676348547718,2.0,5.0,0.4,33.54935381157521,71.84697629171136,60.0,36.95193029017423,0.0,0.1365903423260031,12.7,0.0,79.38834943228167,68.06002143622723,37.876096667331154,0.1153846153846153,166.0,0.138218151540383,0.647425583961213,11.538461538461538,18.570482603080112,30.915104328537147,20.904353979802632,0.3071773304145698,0.2750821777938265,0.3071773304145698,0.3130809598264567,0.0,0.3130809598264567,352.0,0,0.1376104333639109,0.179881238921829,0.0,0,0,0,0,0,0,Não contemplado,211,207,386,373,0.0,0.0,0,0,262.0,Não contemplado,0,0.0,0.0
4122800,Salgado Filho,181.015,Salgado Filho,Salgado Filho,Sudoeste Paranaense,Francisco Beltrão,Cascavel,Francisco Beltrão,4075.0,252.0,505.0,P1,P1,124.0,0.492063492063492,574.0,1.1366336633663363,1.0,2.0,0.5,24.37761069340017,73.27843849256406,50.0,25.615682598501664,0.0,0.1239263803680981,13.01,0.0,72.02786537469183,69.72132904608789,34.318124945900216,0.0,77.0,0.1463878326996197,0.4050807975823237,0.0,19.97565319759379,71.2516429067301,36.53035442956677,0.3172203980040742,0.3390497416662044,0.3172203980040742,0.2727213496794597,0.0,0.2727213496794597,375.0,0,0.0576707625301037,0.0759651047731017,0.0,0,0,0,0,0,0,Não contemplado,330,327,379,257,0.0,0.0,0,0,262.0,Não contemplado,0,0.0,0.0
4122909,Salto do Itararé,200.52,Salto do Itararé,Salto do Itararé,Norte Pioneiro Paranaense,Wenceslau Braz,Londrina,Santo Antônio da Platina,5192.0,321.0,633.0,P1,P2,116.0,0.3613707165109034,674.0,1.0647709320695102,1.0,3.0,0.3333333333333333,44.46302672569274,78.1670153360014,66.66666666666667,51.616777158561725,0.0,0.1219183359013867,9.44,0.0,70.860759903806,50.58949624866024,21.645583746985714,0.0697674418604651,163.0,0.2527131782945736,0.3451907104228763,6.976744186046512,38.263423083523065,81.21991516566581,54.75844505479623,0.4687920563474032,0.4750753921398722,0.4687920563474032,0.3980295615332395,0.0,0.3980295615332395,286.0,0,0.0722883023397142,0.1061764842434116,0.0,0,1,1,1,0,1,Somente consolidada,292,292,214,67,31.15264797507788,0.0,1,0,29.0,Entrou na consolidada,1,31.15264797507788,31.15264797507788
4123006,Salto do Lontra,312.717,Salto do Lontra,Salto do Lontra,Sudoeste Paranaense,Francisco Beltrão,Cascavel,Dois Vizinhos,15223.0,1022.0,1975.0,P1,P2,267.0,0.261252446183953,1898.0,0.961012658227848,1.0,4.0,0.25,59.849624060150376,85.22533730155936,75.0,71.0629612580434,5.32,0.1297378966038231,11.23,9.575233981281498,75.40560551207255,60.18220793140407,36.44937891929088,0.0127795527156549,350.0,0.1733531451213472,0.3955478649781276,1.2779552715654952,24.613638860479284,72.83833065643594,40.4119263920508,0.5187983084389587,0.4574962387069733,0.5187983084389587,0.5368702655649625,0.0,0.5368702655649625,127.0,1,0.2255440712810988,0.3425559539401688,0.0,0,1,1,0,1,1,Técnica e consolidada,122,122,129,216,9.784735812133071,9.784735812133071,1,0,29.0,Nas três etapas,1,9.784735812133071,9.784735812133071
4123105,Santa Amélia,78.045,Santa Amélia,Santa Amélia,Norte Pioneiro Paranaense,Cornélio Procópio,Londrina,Cornélio Procópio ¿ Bandeirantes,3394.0,192.0,453.0,P1,P1,102.0,0.53125,497.0,1.0971302428256071,0.0,1.0,0.0,18.355263157894743,75.96572164207755,100.0,42.73570466301858,26.32,0.13347083087802,11.49,47.372210223182144,77.57524273181372,61.57556270096463,62.270231934735534,0.1428571428571428,140.0,0.3365384615384615,0.3638183549857583,14.285714285714285,52.68122235809059,78.11947832624138,64.39499421305318,0.5530632593737581,0.5963818384738273,0.5530632593737581,0.4491455444805604,0.0,0.4491455444805604,213.0,0,0.0517323869824495,0.0803436695421476,0.0,0,1,1,1,0,1,Somente consolidada,355,361,88,15,52.08333333333333,0.0,1,0,29.0,Entrou na consolidada,1,52.08333333333333,52.08333333333333
4123204,Santa Cecília do Pavão,105.076,Santa Cecília do Pavão,Santa Cecília do Pavão,Norte Pioneiro Paranaense,Assaí,Londrina,Cornélio Procópio ¿ Bandeirantes,3365.0,196.0,424.0,P1,P1,88.0,0.4489795918367347,431.0,1.0165094339622642,1.0,2.0,0.5,30.998925886143937,81.4500806720819,50.0,34.63609286618306,29.41,0.126002971768202,15.75,52.933765298776095,73.23481134826623,84.40514469453376,77.28498564427791,0.0,116.0,0.2710280373831775,0.4021193035524465,0.0,41.41354619510508,71.7445621890887,47.87651450807401,0.4846204007855841,0.511101244069366,0.4846204007855841,0.3947653989360098,0.0,0.3947653989360098,292.0,0,0.0484206006193346,0.0718862114977552,0.0,0,0,0,0,0,0,Não contemplado,356,360,186,125,0.0,0.0,0,0,262.0,Não contemplado,0,0.0,0.0
4123303,Santa Cruz de Monte Castelo,442.013,Santa Cruz de Monte Castelo,Santa Cruz de Monte Castelo,Noroeste Paranaense,Paranavaí,Maringá,Loanda,8613.0,516.0,1110.0,P1,P2,259.0,0.501937984496124,1218.0,1.0972972972972972,2.0,6.0,0.3333333333333333,22.860057119543047,75.95435749536118,66.66666666666667,32.484939831080766,10.42,0.1288749564611633,11.49,18.7544996400288,74.90405179738084,61.57556270096463,42.73670321962338,0.0384615384615384,327.0,0.2986301369863013,0.3982891847260452,3.8461538461538463,46.1610581179291,72.38205779239271,52.65236290364763,0.4260226173781604,0.4663574635232941,0.4260226173781604,0.3995550885519612,0.0,0.3995550885519612,283.0,0,0.1267614780364656,0.1807647346922849,0.0,0,0,0,0,0,0,Não contemplado,215,218,275,85,0.0,0.0,1,1,29.0,Somente na lista publicada,1,19.37984496124031,0.0
4123402,Santa Fé,276.241,Santa Fé,Santa Fé,Norte Central Paranaense,Astorga,Maringá,Maringá,11378.0,624.0,1374.0,P1,P2,324.0,0.5192307692307693,1411.0,1.026928675400291,2.0,4.0,0.5,20.20242914979757,80.74129516531157,50.0,25.2418351120038,16.13,0.1207593601687467,9.49,29.031677465802737,70.18714587751737,50.85744908896035,39.516684484949735,0.0,193.0,0.1437081161578555,0.4604920110211182,0.0,19.514746729798325,62.02884681552803,31.520378602639127,0.3060822238284711,0.3186393108097418,0.3060822238284711,0.3238139065395388,0.0,0.3238139065395388,347.0,0,0.1569101538937872,0.2049375627388652,0.0,0,0,0,0,0,0,Não contemplado,171,194,387,316,0.0,0.0,0,0,262.0,Não contemplado,0,0.0,0.0
4123501,Santa Helena,754.701,Santa Helena,Santa Helena,Oeste Paranaense,Toledo,Cascavel,Toledo,25492.0,1692.0,3303.0,P2,P3,865.0,0.5112293144208038,4002.0,1.2116257947320617,1.0,9.0,0.1111111111111111,21.432126415329112,68.176979221273,88.88888888888889,37.36660820322889,2.92,0.1295700611956692,13.93,5.255579553635709,75.30805706316514,74.65166130760986,42.7249563369289,0.032,516.0,0.1519434628975265,0.541305306181732,3.2,20.93121168707836,48.57805776995462,26.94983857831022,0.3427156998000142,0.3218821605501769,0.3218821605501769,0.4871530341850128,0.0,0.4871530341850128,171.0,1,0.3772010468058072,0.4986153347134489,1.0,0,0,0,-1,1,0,Somente técnica,74,75,364,346,0.0,5.91016548463357,0,0,262.0,Somente na técnica,0,0.0,0.0
4123600,Santa Inês,156.935,Santa Inês,Santa Inês,Norte Central Paranaense,Astorga,Maringá,Paranacity - Colorado,1748.0,99.0,199.0,P1,P1,60.0,0.6060606060606061,199.0,1.0,0.0,2.0,0.0,6.858054226475284,82.57316123289196,100.0,35.832959467610856,0.0,0.1138443935926773,14.3,0.0,66.16806390213648,76.63451232583066,34.975746747263464,0.0,53.0,0.2511848341232227,0.417382813403051,0.0,38.00055061077662,69.20406126424119,44.796404042583056,0.3924689475353026,0.410395836685247,0.3924689475353026,0.3085055142537286,0.0,0.3085055142537286,353.0,0,0.0227257064227537,0.0316448405044881,0.0,0,0,0,0,0,0,Não contemplado,397,394,318,166,0.0,0.0,0,0,262.0,Não contemplado,0,0.0,0.0
4123709,Santa Isabel do Ivaí,349.497,Santa Isabel do Ivaí,Santa Isabel do Ivaí,Noroeste Paranaense,Paranavaí,Maringá,Loanda,8912.0,525.0,1088.0,P1,P2,178.0,0.339047619047619,1253.0,1.1516544117647058,2.0,4.0,0.5,47.8937343358396,72.25662814015669,50.0,44.99682274539648,39.6,0.1220825852782764,10.55,71.2742980561555,70.95622409771977,56.53804930332262,69.91508056393829,0.0,143.0,0.1327762302692665,0.3929089733111582,0.0,17.634481846283645,73.27755510652156,36.36725145126858,0.4652864579145367,0.448027315326281,0.4652864579145367,0.428666584564552,0.0,0.428666584564552,243.0,0,0.1242490883816888,0.1820605066139151,0.0,0,0,0,0,0,0,Não contemplado,210,214,216,260,0.0,0.0,0,0,262.0,Não contemplado,0,0.0,0.0
4123808,Santa Izabel do Oeste,321.182,Santa Izabel do Oeste,Santa Izabel do Oeste,Sudoeste Paranaense,Capanema,Cascavel,Francisco Beltrão,14070.0,877.0,1797.0,P1,P2,248.0,0.282782212086659,1605.0,0.8931552587646077,2.0,5.0,0.4,56.54083898457662,89.84144506264195,60.0,63.901374730021054,6.1,0.1277185501066098,10.09,10.979121670266377,74.23193113205669,54.072883172561625,32.77907453801048,0.0606060606060606,228.0,0.1252059308072487,0.4365124971780111,6.0606060606060606,16.33240383511633,66.02006362555905,35.074383737908505,0.4614611829477392,0.4038072009635141,0.4614611829477392,0.4775344862249226,0.0,0.4775344862249226,178.0,1,0.2052165549833592,0.29991602920644,0.0,0,0,0,-1,1,0,Somente técnica,136,149,223,275,0.0,11.402508551881414,0,0,262.0,Somente na técnica,0,0.0,0.0
4123824,Santa Lúcia,126.813,Santa Lúcia,Santa Lúcia,Oeste Paranaense,Cascavel,Cascavel,Cascavel,3644.0,230.0,475.0,P1,P1,52.0,0.2260869565217391,563.0,1.1852631578947368,0.0,1.0,0.0,65.25400457665904,69.97033961335966,100.0,79.72089616347971,0.0,0.1303512623490669,15.64,0.0,75.76210285503248,83.81564844587352,45.448417505746654,0.0465116279069767,88.0,0.1968680089485458,0.4200171666275642,4.651162790697675,28.658153516551856,68.76559220510892,42.14249251549322,0.578350389727385,0.503193582431412,0.578350389727385,0.4701304642798803,0.0,0.4701304642798803,187.0,1,0.0542447766372262,0.085617264346041,0.0,0,1,1,0,1,1,Técnica e consolidada,347,342,64,197,43.47826086956522,43.47826086956522,1,0,29.0,Nas três etapas,1,43.47826086956522,43.47826086956522
4123857,Santa Maria do Oeste,836.669,Santa Maria do Oeste,Santa Maria do Oeste,Centro-Sul Paranaense,Pitanga,Guarapuava,Pitanga,9934.0,633.0,1409.0,P1,P2,170.0,0.2685624012638231,1418.0,1.0063875088715402,1.0,3.0,0.3333333333333333,58.72619938471772,82.13864076041388,66.66666666666667,65.30601306766134,9.43,0.1418361183813166,13.89,16.97264218862491,82.43727291714097,74.43729903536978,54.356782728545774,0.0256410256410256,588.0,0.4375,0.4021687929819106,2.564102564102564,70.04642697964641,71.73632503115094,64.01237406547405,0.6259871139896331,0.6233998359852585,0.6259871139896331,0.5793322661304715,0.0,0.5793322661304715,97.0,1,0.1609071374354775,0.2616329320190454,0.0,0,1,1,0,1,1,Técnica e consolidada,194,192,37,17,15.797788309636651,15.797788309636651,1,0,29.0,Nas três etapas,1,15.797788309636651,15.797788309636651
4123907,Santa Mariana,427.193,Santa Mariana,Santa Mariana,Norte Pioneiro Paranaense,Cornélio Procópio,Londrina,Cornélio Procópio ¿ Bandeirantes,11066.0,635.0,1283.0,P1,P2,208.0,0.3275590551181102,1371.0,1.06858924395947,3.0,6.0,0.5,49.65934521342727,77.90726858341584,50.0,48.86453124680705,22.9,0.1159407193204409,12.56,41.21670266378689,67.3864797620395,67.30975348338693,55.64640408043303,0.0,506.0,0.3943881527669524,0.4395239462525398,0.0,62.63126611519182,65.51882968697917,55.63279307033551,0.5292821054294363,0.5428186290764931,0.5292821054294363,0.4933505274860922,0.0,0.4933505274860922,166.0,1,0.1465179966853923,0.2240673504543399,0.0,0,1,1,0,1,1,Técnica e consolidada,176,191,117,61,15.748031496062993,15.748031496062993,1,0,29.0,Nas três etapas,1,15.748031496062993,15.748031496062993
4123956,Santa Mônica,259.957,Santa Mônica,Santa Mônica,Noroeste Paranaense,Paranavaí,Maringá,Loanda,3356.0,221.0,493.0,P1,P1,95.0,0.4298642533936652,521.0,1.0567951318458415,1.0,3.0,0.3333333333333333,33.93665158371041,78.70958185939529,66.66666666666667,42.97719943654169,25.64,0.1469010727056019,10.43,46.14830813534917,85.3811001080503,55.89496248660235,62.83294409039887,0.0454545454545454,167.0,0.3422131147540984,0.3968965116468977,4.545454545454546,53.65725259443096,72.61385816335682,57.01232199144995,0.5256239738927643,0.5536942190025809,0.5256239738927643,0.4312032094370618,0.0,0.4312032094370618,241.0,0,0.0563003681729527,0.0858931914236458,0.0,0,1,1,1,0,1,Somente consolidada,357,344,122,49,45.24886877828055,0.0,1,0,29.0,Entrou na consolidada,1,45.248868778280546,45.24886877828055
4124004,Santana do Itararé,251.269,Santana do Itararé,Santana do Itararé,Norte Pioneiro Paranaense,Wenceslau Braz,Londrina,Santo Antônio da Platina,5514.0,336.0,685.0,P1,P2,123.0,0.3660714285714285,751.0,1.0963503649635036,1.0,2.0,0.5,43.74060150375941,76.01877407674833,50.0,43.08268701541985,0.0,0.1242292346753717,8.52,0.0,72.20388882674179,45.65916398713826,19.406107893803863,0.0,180.0,0.2589928057553957,0.3794718133673109,0.0,39.34350781148962,75.51407328607486,48.75575642619751,0.4061659895540772,0.4175121283756324,0.4061659895540772,0.3536194019640575,0.0,0.3536194019640575,325.0,0,0.0782266778873684,0.1099996939210195,0.0,0,0,0,0,0,0,Não contemplado,287,283,303,122,0.0,0.0,0,0,262.0,Não contemplado,0,0.0,0.0
4124020,Santa Tereza do Oeste,326.19,Santa Tereza do Oeste,Santa Tereza do Oeste,Oeste Paranaense,Cascavel,Cascavel,Cascavel,13174.0,1055.0,1945.0,P1,P2,352.0,0.333649289099526,2201.0,1.1316195372750644,1.0,5.0,0.2,48.72337241207284,73.61953241228476,80.0,58.90687336509475,0.0,0.1476392895096402,15.03,0.0,85.8101627533133,80.54662379421221,49.68054050233612,0.0357142857142857,491.0,0.2380029083858458,0.545002218714545,3.571428571428571,35.73328288463252,47.96273339170752,34.4816794570855,0.4729152922933932,0.4240649044773747,0.4729152922933932,0.4976021438697742,0.0,0.4976021438697742,157.0,1,0.2221180853882213,-0.6728388753367591,-1.0,1,0,1,0,1,1,Técnica e consolidada,153,119,208,282,9.47867298578199,9.47867298578199,1,0,29.0,Nas três etapas,1,9.47867298578199,9.47867298578199
4124053,Santa Terezinha de Itaipu,268.258,Santa Terezinha de Itaipu,Santa Terezinha de Itaipu,Oeste Paranaense,Foz do Iguaçu,Cascavel,Foz do Iguaçu,24262.0,1549.0,3229.0,P2,P3,506.0,0.3266623628147191,3443.0,1.066274388355528,2.0,6.0,0.3333333333333333,49.79715266215896,78.06474032568222,66.66666666666667,56.0675212074328,25.08,0.1330887808094963,11.42,45.14038876889848,77.35318951908951,61.20042872454447,60.50409381893616,0.0588235294117647,479.0,0.1500156592546195,0.4439015123905699,5.88235294117647,20.599632897379003,64.79021543435326,36.55358663932781,0.4914926190249148,0.4524647498887048,0.4524647498887047,0.6076367196445246,0.0,0.6076367196445246,69.0,1,0.3687502816033762,0.5355967855404372,1.0,0,1,1,0,1,1,Técnica e consolidada,78,79,171,256,6.455777921239509,6.455777921239509,1,0,29.0,Nas três etapas,1,6.455777921239509,6.455777921239509
4124103,Santo Antônio da Platina,721.472,Santo Antônio da Platina,Santo Antônio da Platina,Norte Pioneiro Paranaense,Jacarezinho,Londrina,Santo Antônio da Platina,44369.0,2832.0,5851.0,P3,P3,541.0,0.1910310734463277,6815.0,1.16475816099812,7.0,19.0,0.3684210526315789,70.64154029140649,71.36522471158277,63.1578947368421,69.32815911843923,6.72,0.1318713516193738,12.87,12.095032397408206,76.64560146924171,68.97106109324758,44.283446434435,0.0239043824701195,1391.0,0.2444210156387278,0.4573972077010435,2.3904382470119523,36.83718588995216,62.54395446598495,41.98556126895126,0.5338217744184319,0.479136578719456,0.479136578719456,0.8407161927909625,0.0,0.8407161927909625,14.0,1,0.6681814486408654,0.9883316219064594,1.0,0,1,1,0,1,1,Técnica e consolidada,43,41,112,201,3.5310734463276834,3.5310734463276834,1,0,29.0,Nas três etapas,1,3.5310734463276834,3.5310734463276834
4124202,Santo Antônio do Caiuá,219.068,Santo Antônio do Caiuá,Santo Antônio do Caiuá,Noroeste Paranaense,Paranavaí,Maringá,Paranavaí,2493.0,148.0,288.0,P1,P1,76.0,0.5135135135135135,340.0,1.1805555555555556,1.0,2.0,0.5,21.08108108108109,70.29058176625496,50.0,21.579879264282926,0.0,0.1155234657039711,11.23,0.0,67.1439657208408,60.18220793140407,25.313894158747672,0.125,92.0,0.304635761589404,0.369746643244614,12.5,47.19401484285912,77.1327575816815,60.12177234983127,0.3774343947739521,0.4545181809450488,0.3774343947739521,0.3034329986644123,0.0,0.3034329986644123,357.0,0,0.0328894645716235,0.0453030797266535,0.0,0,0,0,0,0,0,Não contemplado,384,382,335,34,0.0,0.0,1,1,29.0,Somente na lista publicada,1,67.56756756756756,0.0
4124301,Santo Antônio do Paraíso,167.014,Santo Antônio do Paraíso,Santo Antônio do Paraíso,Norte Pioneiro Paranaense,Cornélio Procópio,Londrina,Cornélio Procópio ¿ Bandeirantes,2125.0,91.0,252.0,P1,P1,54.0,0.5934065934065934,274.0,1.0873015873015872,1.0,2.0,0.5,8.80277617119723,76.63433160067189,50.0,13.908011414605117,0.0,0.1185882352941176,12.24,0.0,68.92525563496427,65.59485530546624,29.80503874285869,0.0555555555555555,55.0,0.2522935779816513,0.4193162440016542,5.555555555555555,38.1912525777622,68.88225571152388,47.60280717997567,0.3056533518640405,0.3730429433947816,0.3056533518640405,0.2465232883954497,0.0,0.2465232883954497,386.0,0,0.0287782815001705,0.0375744597015846,0.0,0,0,0,0,0,0,Não contemplado,394,396,388,129,0.0,0.0,0,0,262.0,Não contemplado,0,0.0,0.0
4124400,Santo Antônio do Sudoeste,325.651,Santo Antônio do Sudoeste,Santo Antônio do Sudoeste,Sudoeste Paranaense,Francisco Beltrão,Cascavel,Francisco Beltrão,23673.0,1609.0,3219.0,P2,P3,499.0,0.310130515848353,2809.0,0.8726312519415967,2.0,8.0,0.25,52.337836511726806,91.23762334140928,75.0,67.26710388824335,3.88,0.1359776961094918,11.28,6.983441324694025,79.03227029018034,60.45016077170418,37.26272702574901,0.0510948905109489,522.0,0.1636876763875823,0.4722825283365621,5.109489051094891,22.9511954698309,60.06640040330068,34.926424220431265,0.4832995664861964,0.4186182071505723,0.4186182071505723,0.5999800245642584,0.0,0.5999800245642584,74.0,1,0.3676082863057504,0.5214958080527579,1.0,0,1,1,0,1,1,Técnica e consolidada,82,77,188,276,6.215040397762585,6.215040397762585,1,0,29.0,Nas três etapas,1,6.215040397762585,6.215040397762585
4124509,Santo Inácio,280.133,Santo Inácio,Santo Inácio,Norte Central Paranaense,Astorga,Maringá,Paranacity - Colorado,6181.0,455.0,845.0,P1,P2,184.0,0.4043956043956044,953.0,1.127810650887574,1.0,2.0,0.5,37.85078079814922,73.87863798004085,50.0,37.21920958114345,11.11,0.1367092703446044,14.72,19.99640028797696,79.45747217505561,78.88531618435157,57.161103390172045,0.0352112676056338,67.0,0.0762229806598407,0.707621002023935,3.5211267605633805,7.907423736370646,20.89601194698572,6.056342038057355,0.2874244132571473,0.2250986781709751,0.2874244132571473,0.2730714430239549,0.0,0.2730714430239549,374.0,0,0.0964986026493815,0.1242346568960146,0.0,0,0,0,0,0,0,Não contemplado,264,236,393,398,0.0,0.0,0,0,262.0,Não contemplado,0,0.0,0.0
4124608,São Carlos do Ivaí,225.079,São Carlos do Ivaí,São Carlos do Ivaí,Noroeste Paranaense,Paranavaí,Maringá,Paranavaí,6587.0,419.0,863.0,P1,P2,217.0,0.5178997613365155,900.0,1.0428736964078795,0.0,2.0,0.0,20.406984047230257,79.65660969540012,100.0,46.01893796607769,0.0,0.1310156368604827,11.23,0.0,76.14824725563946,60.18220793140407,30.935228989568923,0.0,281.0,0.3200455580865604,0.5312794331522827,0.0,49.84447236784618,50.24679189159643,41.11623115566879,0.4104111344661237,0.400605720845306,0.4104111344661237,0.3696419801800411,0.0,0.3696419801800411,312.0,0,0.098554194185108,0.1390019328270128,0.0,0,0,0,0,0,0,Não contemplado,247,251,294,210,0.0,0.0,0,0,262.0,Não contemplado,0,0.0,0.0
4124707,São Jerônimo da Serra,823.774,São Jerônimo da Serra,São Jerônimo da Serra,Norte Pioneiro Paranaense,Assaí,Londrina,Cornélio Procópio ¿ Bandeirantes,10830.0,735.0,1521.0,P1,P2,73.0,0.0993197278911564,1595.0,1.0486522024983564,2.0,4.0,0.5,84.7361260293591,79.26351760783547,50.0,78.9868633655273,0.0,0.1404432132963989,11.73,0.0,81.62769565329951,62.86173633440515,36.0288436545667,0.0909090909090909,407.0,0.2742587601078167,0.356163000645656,9.090909090909092,41.96922474402341,79.39365674073592,56.82463627881137,0.6153036858864881,0.5709792317130562,0.6153036858864881,0.579575461071757,0.0,0.579575461071757,96.0,1,0.1736974847688867,0.2805741873763949,0.0,0,1,1,0,1,1,Técnica e consolidada,181,172,44,52,13.605442176870747,13.605442176870747,1,0,29.0,Nas três etapas,1,13.605442176870747,13.605442176870747
4124806,São João,388.059,São João,São João,Sudoeste Paranaense,Pato Branco,Cascavel,Pato Branco,11886.0,790.0,1449.0,P1,P2,277.0,0.350632911392405,1586.0,1.0945479641131814,1.0,3.0,0.3333333333333333,46.1132578281146,76.1413852675627,66.66666666666667,52.15377923780069,6.25,0.1219081272084805,12.03,11.24910007199424,70.85482645883559,64.46945337620579,37.32984351549725,0.0272727272727272,234.0,0.1495207667731629,0.5540709028086335,2.727272727272727,20.514512272860824,46.45331645198123,25.39042380375087,0.3848364991972007,0.3313097883291011,0.3848364991972007,0.3913633816904022,0.0,0.3913633816904022,296.0,0,0.1654751186259808,0.2291559839822448,0.0,0,0,0,0,0,0,Não contemplado,164,160,325,354,0.0,0.0,0,0,262.0,Não contemplado,0,0.0,0.0
4124905,São João do Caiuá,304.413,São João do Caiuá,São João do Caiuá,Noroeste Paranaense,Paranavaí,Maringá,Paranavaí,5586.0,369.0,740.0,P1,P2,173.0,0.4688346883468834,822.0,1.1108108108108108,0.0,2.0,0.0,27.94751105405792,75.0350791984819,100.0,50.424840293089865,13.7,0.1324740422484783,9.67,24.65802735781137,76.99589427507354,51.82207931404073,41.63912059946407,0.0103092783505154,292.0,0.3914209115281501,0.3855096498254596,1.0309278350515465,62.12090591210369,74.50911903530682,60.55334523251974,0.5271909833013666,0.5474479931802263,0.5271909833013666,0.4509425208146215,0.0,0.4509425208146215,210.0,0,0.0845076520243104,0.1290593241914964,0.0,0,1,1,1,0,1,Somente consolidada,286,269,121,32,27.100271002710027,0.0,1,0,29.0,Entrou na consolidada,1,27.100271002710027,27.100271002710027
4125001,São João do Ivaí,353.331,São João do Ivaí,São João do Ivaí,Norte Central Paranaense,Ivaiporã,Londrina,Ivaiporã,10667.0,573.0,1213.0,P1,P2,298.0,0.5200698080279232,1310.0,1.0799670239076669,1.0,5.0,0.2,20.07348213465601,77.13327696661048,80.0,36.2503899415243,17.54,0.1137151964001125,11.25,31.56947444204463,66.09297256189717,60.28938906752411,44.43336551343698,0.0,345.0,0.2933673469387755,0.4267424251496655,0.0,45.25586761223581,67.6462215189125,47.74405997829355,0.4248445307061453,0.4478318707796839,0.4248445307061453,0.4060566717390275,0.0,0.4060566717390275,276.0,0,0.1385240296020115,0.1973752059498023,0.0,0,0,0,0,0,0,Não contemplado,186,205,278,127,0.0,0.0,0,0,262.0,Não contemplado,0,0.0,0.0
4125100,São João do Triunfo,720.407,São João do Triunfo,São João do Triunfo,Sudeste Paranaense,São Mateus do Sul,Ponta Grossa,Ponta Grossa,13726.0,908.0,1885.0,P1,P2,123.0,0.1354625550660793,2034.0,1.0790450928381965,1.0,3.0,0.3333333333333333,79.18154416879203,77.19599279714082,66.66666666666667,80.45695927963837,4.93,0.1373306134343581,11.29,8.873290136789056,79.8186060699321,60.5037513397642,38.9669140980203,0.0390625,360.0,0.1984564498346196,0.4234780220854596,3.90625,28.93136251709045,68.18955782130048,41.60043301990811,0.5661633973942265,0.4884503448747659,0.5661633973942266,0.5682726099164915,0.0,0.5682726099164915,105.0,1,0.2152661136024664,0.3371419078234904,0.0,0,1,1,0,1,1,Técnica e consolidada,143,138,77,204,11.013215859030838,11.013215859030838,1,0,29.0,Nas três etapas,1,11.013215859030838,11.013215859030838
4125209,São Jorge d'Oeste,379.545,São Jorge d'Oeste,São Jorge d'Oeste,Sudoeste Paranaense,Francisco Beltrão,Cascavel,Dois Vizinhos,9378.0,559.0,1181.0,P1,P2,234.0,0.4186046511627907,1291.0,1.0931414055884845,1.0,3.0,0.3333333333333333,35.667074663402694,76.237068653216,66.66666666666667,43.39351844490017,0.0,0.1259330347622094,13.86,0.0,73.19416291459632,74.27652733118971,37.89003056004712,0.0202020202020202,170.0,0.1478260869565217,0.5011351906781483,2.0202020202020203,20.223030365666965,55.26408323768434,29.432163408539022,0.367082788533851,0.3391600784611287,0.367082788533851,0.358433049020081,0.0,0.358433049020081,322.0,0,0.1348696446496089,0.1843779698961569,0.0,0,0,0,0,0,0,Não contemplado,205,208,345,325,0.0,0.0,1,1,29.0,Somente na lista publicada,1,17.88908765652952,0.0
4125308,São Jorge do Ivaí,315.088,São Jorge do Ivaí,São Jorge do Ivaí,Norte Central Paranaense,Floraí,Maringá,Maringá,5168.0,243.0,580.0,P1,P2,111.0,0.4567901234567901,642.0,1.106896551724138,0.0,1.0,0.0,29.798570500324896,75.30135291206071,100.0,52.0964604380986,0.0,0.1122291021671826,8.13,0.0,65.22923237174851,43.56913183279743,13.747061182162144,0.1052631578947368,70.0,0.1351351351351351,0.4518222559310556,10.526315789473683,18.04020927776685,63.47186490508185,36.94998324894496,0.3836798971124985,0.3533869427341913,0.3836798971124985,0.3288630578594332,0.0,0.3288630578594332,344.0,0,0.0662357272622973,0.0916490442834671,0.0,0,0,0,0,0,0,Não contemplado,294,333,326,253,0.0,0.0,0,0,262.0,Não contemplado,0,0.0,0.0
4125357,São Jorge do Patrocínio,406.413,São Jorge do Patrocínio,São Jorge do Patrocínio,Noroeste Paranaense,Umuarama,Maringá,Umuarama,6504.0,413.0,733.0,P1,P2,169.0,0.4092009685230024,784.0,1.0695770804911324,0.0,1.0,0.0,37.11227220593858,77.84006942876863,100.0,59.327406246981326,11.36,0.1126998769987699,10.3,20.44636429085673,65.5028537434907,55.19828510182209,33.94249162496181,0.0357142857142857,108.0,0.1348314606741573,0.2905913908723366,3.571428571428571,17.98797781186828,90.30757738568242,47.20853621440308,0.4940287530954612,0.4697910130303048,0.4940287530954612,0.4248341339829246,0.0,0.4248341339829246,247.0,0,0.0837082553159723,0.1250625403135187,0.0,0,1,1,1,0,1,Somente consolidada,254,253,169,135,24.213075060532688,0.0,1,0,29.0,Entrou na consolidada,1,24.213075060532688,24.213075060532688
4125407,São José da Boa Vista,399.667,São José da Boa Vista,São José da Boa Vista,Norte Pioneiro Paranaense,Wenceslau Braz,Londrina,Santo Antônio da Platina,6040.0,391.0,749.0,P1,P2,93.0,0.237851662404092,806.0,1.0761014686248331,0.0,1.0,0.0,63.44595504105533,77.39623752630078,100.0,81.32571129252291,30.77,0.1240066225165563,10.93,55.38156947444204,72.07450331125828,58.57449088960343,61.96279624864839,0.0204081632653061,241.0,0.3062261753494282,0.3662639724627803,2.0408163265306123,47.46756317419997,77.71242296852812,55.15201238695012,0.669836487215189,0.6174890894040433,0.6698364872151891,0.5617284228774585,0.0,0.5617284228774585,113.0,1,0.0855354477921736,0.1428302116736615,0.0,0,1,1,0,1,1,Técnica e consolidada,267,260,21,63,25.57544757033248,25.57544757033248,1,0,29.0,Nas três etapas,1,25.575447570332482,25.57544757033248
4125456,São José das Palmeiras,182.419,São José das Palmeiras,São José das Palmeiras,Oeste Paranaense,Toledo,Cascavel,Toledo,3957.0,270.0,563.0,P1,P1,102.0,0.3777777777777777,554.0,0.9840142095914742,0.0,1.0,0.0,41.94152046783626,83.66062010628734,100.0,65.84770040522577,17.86,0.142279504675259,13.65,32.14542836573074,82.69497566125571,73.15112540192926,63.18701886432575,0.0,146.0,0.263063063063063,0.3853074310220242,0.0,40.04358481196989,74.54277689396304,48.6154379284339,0.5842265910632901,0.5497620661097065,0.5842265910632901,0.4813720057184671,0.0,0.4813720057184671,173.0,1,0.0642943352563334,0.1018567955678214,0.0,0,1,1,0,1,1,Técnica e consolidada,336,318,58,123,37.03703703703704,37.03703703703704,1,0,29.0,Nas três etapas,1,37.03703703703704,37.03703703703704
4125506,São José dos Pinhais,946.435,São José dos Pinhais,São José dos Pinhais,Metropolitana de Curitiba,Curitiba,Curitiba,Curitiba,329628.0,21137.0,47016.0,M2,M2,3447.0,0.1630789610635378,52037.0,1.106793432023141,37.0,82.0,0.4512195121951219,74.93733861549839,75.30836779409064,54.87804878048781,71.12046317048757,9.19,0.1426335141432159,12.92,16.54067674586033,82.9007312576318,69.2390139335477,51.13117623587304,0.0656544932293803,6404.0,0.1416845505431536,0.6941604083470263,6.565449322938038,19.166697051674312,23.136430502081577,14.61557977626408,0.4452065242587527,0.3321967574703057,0.4452065242587527,3.750451321164405,3.0,0.7504513211644053,23.0,4,5.369205091317539,7.759610228055419,8.0,0,7,7,3,1,1,Técnica e consolidada,6,6,245,387,3.3117282490419644,1.8924161423096937,3,-4,5.0,Nas três etapas,1,1.4193121067322705,3.3117282490419644
4125555,São Manoel do Paraná,95.381,São Manoel do Paraná,São Manoel do Paraná,Noroeste Paranaense,Cianorte,Maringá,Cianorte,2138.0,108.0,248.0,P1,P1,68.0,0.6296296296296297,246.0,0.9919354838709676,0.0,1.0,0.0,3.2358674463937662,83.12176279715861,100.0,33.01247559273299,0.0,0.1159962581852198,11.69,0.0,67.41875978073665,62.64737406216505,27.0244397025846,0.0,35.0,0.1502145922746781,0.4506258063726267,0.0,20.633849022172093,63.67100528887776,32.948948883875694,0.3178945773116039,0.3177675238938893,0.3178945773116039,0.255518697798274,0.0,0.255518697798274,381.0,0,0.0283214833811202,0.037324729369399,0.0,0,0,0,0,0,0,Não contemplado,392,392,378,302,0.0,0.0,0,0,262.0,Não contemplado,0,0.0,0.0
4125605,São Mateus do Sul,1341.714,São Mateus do Sul,São Mateus do Sul,Sudeste Paranaense,São Mateus do Sul,Curitiba,União da Vitória,42366.0,2728.0,5750.0,P3,P3,847.0,0.3104838709677419,6342.0,1.1029565217391304,4.0,16.0,0.25,52.28353140916808,75.56937973207677,75.0,60.621363590151766,15.25,0.1357220412595005,12.27,27.447804175665947,78.88367986848915,65.7556270096463,53.25795782481186,0.0198675496688741,1198.0,0.2147723198278953,0.5270507587170674,1.9867549668874167,31.737663068065803,50.95062419613796,33.14046989761279,0.481563249600682,0.4266014622156039,0.4266014622156039,0.7851287612932052,0.0,0.7851287612932052,21.0,1,0.6566472961348446,0.936773992825892,1.0,0,1,1,0,1,1,Técnica e consolidada,44,43,192,299,3.665689149560117,3.665689149560117,1,0,29.0,Nas três etapas,1,3.665689149560117,3.665689149560117
4125704,São Miguel do Iguaçu,851.917,São Miguel do Iguaçu,São Miguel do Iguaçu,Oeste Paranaense,Foz do Iguaçu,Cascavel,Foz do Iguaçu,29122.0,2022.0,3976.0,P2,P3,747.0,0.3694362017804154,4636.0,1.1659959758551308,3.0,9.0,0.3333333333333333,43.223488989536165,71.28102038289602,66.66666666666667,47.67189520347471,9.26,0.1365290845408969,13.74,16.666666666666664,79.35274549157364,73.63344051446946,51.738260626099695,0.0344827586206896,689.0,0.1676807009004624,0.5574644680841782,3.4482758620689653,23.63798856729807,45.88848203280534,27.087186185824013,0.4025128468093942,0.3613434287740929,0.3613434287740928,0.5858446906988929,0.0,0.5858446906988929,87.0,1,0.4540573303360247,0.6181279629396549,1.0,0,0,0,-1,1,0,Somente técnica,68,63,308,344,0.0,4.945598417408506,0,0,262.0,Somente na técnica,0,0.0,0.0
4125753,São Pedro do Iguaçu,308.324,São Pedro do Iguaçu,São Pedro do Iguaçu,Oeste Paranaense,Toledo,Cascavel,Toledo,5784.0,380.0,718.0,P1,P2,172.0,0.4526315789473684,840.0,1.16991643454039,1.0,4.0,0.25,30.43767313019391,71.01432493174138,75.0,40.29820433168873,22.73,0.1241355463347164,11.76,40.91072714182865,72.14943576220577,63.022508038585215,55.75236894299426,0.0,269.0,0.356763925729443,0.4271890825392415,0.0,56.15996614106236,67.57187862383698,53.3469596549481,0.4860853938325358,0.5121829044790546,0.4860853938325358,0.417598291302143,0.0,0.417598291302143,260.0,0,0.0819952623695336,0.1218519617708305,0.0,0,1,1,1,0,1,Somente consolidada,275,265,182,82,26.31578947368421,0.0,1,0,29.0,Entrou na consolidada,1,26.31578947368421,26.31578947368421
4125803,São Pedro do Ivaí,322.692,São Pedro do Ivaí,São Pedro do Ivaí,Norte Central Paranaense,Ivaiporã,Londrina,Apucarana,8690.0,484.0,1084.0,P1,P2,233.0,0.4814049586776859,1154.0,1.0645756457564577,1.0,4.0,0.25,26.01565898216616,78.18029999872715,75.0,39.5913519961136,49.02,0.124741081703107,10.36,88.22894168466523,72.50138197304884,55.5198285101822,80.8287573705864,0.0209790209790209,303.0,0.301792828685259,0.4803778894519776,2.097902097902098,46.705035451715645,58.7189860404192,44.96056893841309,0.4998651984792795,0.5106036323638785,0.4998651984792795,0.455404379371648,0.0,0.455404379371648,207.0,0,0.1237922902626385,0.1856717480049769,0.0,0,1,1,1,0,1,Somente consolidada,213,227,157,165,20.66115702479339,0.0,1,0,29.0,Entrou na consolidada,1,20.66115702479339,20.66115702479339
4125902,São Pedro do Paraná,250.654,São Pedro do Paraná,São Pedro do Paraná,Noroeste Paranaense,Paranavaí,Maringá,Loanda,2661.0,157.0,331.0,P1,P1,84.0,0.535031847133758,364.0,1.0996978851963746,1.0,3.0,0.3333333333333333,17.77405296681194,75.79105367706359,66.66666666666667,28.13135951132677,33.33,0.1243893273205561,12.03,59.98920086393088,72.29693706603169,64.46945337620579,68.65838558022384,0.08,38.0,0.1169230769230769,0.5143655927033692,8.0,14.9077677336777,53.06197841971242,28.63668401098336,0.3643889452496882,0.3653995942490013,0.3643889452496882,0.2965620092857403,0.0,0.2965620092857403,361.0,0,0.0378000443514145,0.0515739626430179,0.0,0,0,0,0,0,0,Não contemplado,379,378,349,331,0.0,0.0,1,1,29.0,Somente na lista publicada,1,63.69426751592357,0.0
4126009,São Sebastião da Amoreira,226.872,São Sebastião da Amoreira,São Sebastião da Amoreira,Norte Pioneiro Paranaense,Assaí,Londrina,Cornélio Procópio ¿ Bandeirantes,8063.0,472.0,1058.0,P1,P2,106.0,0.2245762711864407,1192.0,1.1266540642722118,3.0,4.0,0.75,65.48617305976806,73.95731662811416,25.0,50.00342199732851,0.0,0.1312166687337219,11.16,0.0,76.26508998645018,59.80707395498393,30.77397885874736,0.0555555555555555,349.0,0.3539553752535497,0.3536472950235296,5.555555555555555,55.67690046628132,79.81237776376477,62.30403531450466,0.5107777869648273,0.5353790135991796,0.5107777869648273,0.4619956985902417,0.0,0.4619956985902417,198.0,0,0.1208231024888114,0.182536859392271,0.0,0,1,1,1,0,1,Somente consolidada,224,229,142,26,21.1864406779661,0.0,1,0,29.0,Entrou na consolidada,1,21.1864406779661,21.1864406779661
4126108,São Tomé,218.623,São Tomé,São Tomé,Noroeste Paranaense,Cianorte,Maringá,Cianorte,5232.0,292.0,693.0,P1,P2,121.0,0.4143835616438356,798.0,1.1515151515151516,1.0,3.0,0.3333333333333333,36.31578947368422,72.26610154060916,66.66666666666667,42.2673347292939,0.0,0.1324541284403669,10.51,0.0,76.98432007202264,56.32368703108253,29.048327450236776,0.0909090909090909,132.0,0.2003034901365705,0.4497892983280002,9.090909090909092,29.249050156129915,63.81023600853637,42.18144298524455,0.3958917657586273,0.3957199822705286,0.3958917657586274,0.3462776056275057,0.0,0.3462776056275057,333.0,0,0.0791402741254691,0.1104712569916228,0.0,0,0,0,0,0,0,Não contemplado,291,303,313,196,0.0,0.0,0,0,262.0,Não contemplado,0,0.0,0.0
4126207,Sapopema,677.609,Sapopema,Sapopema,Norte Pioneiro Paranaense,Ibaiti,Londrina,Cornélio Procópio ¿ Bandeirantes,6695.0,412.0,835.0,P1,P2,118.0,0.2864077669902912,1000.0,1.1976047904191616,1.0,2.0,0.5,55.983648441492086,69.13078038870518,50.0,50.49559740686232,0.0,0.1247199402539208,13.29,0.0,72.48909424664801,71.22186495176848,35.54284638889258,0.03125,307.0,0.3676646706586826,0.3972922238331789,3.125,58.03487483508691,72.54799472925416,58.50817178321568,0.5071007695380972,0.5231259182908038,0.5071007695380971,0.4425153424010015,0.0,0.4425153424010015,223.0,0,0.0953566073517557,0.1437120163203732,0.0,0,1,1,1,0,1,Somente consolidada,244,254,147,39,24.271844660194173,0.0,1,0,29.0,Entrou na consolidada,1,24.271844660194173,24.271844660194173
4126256,Sarandi,103.501,Sarandi,Sarandi,Norte Central Paranaense,Maringá,Maringá,Maringá,118455.0,8567.0,16897.0,M1,M1,1184.0,0.1382047391152095,15652.0,0.9263182813517192,14.0,27.0,0.5185185185185185,78.76011377808358,87.58547759032153,48.14814814814815,76.67769621648213,10.78,0.1426448862437212,12.6,19.40244780417566,82.90734089249555,67.52411575562701,51.85129048537826,0.026595744680851,1025.0,0.0589148177951488,0.4515710673068477,2.6595744680851063,4.930450580567485,63.51367343656364,26.11917781521762,0.5148900770975555,0.4137730402950265,0.5148900770975555,1.6484862520784094,1.0,0.6484862520784094,52.0,2,1.9296294543983428,1.92317651294322,2.0,1,1,2,0,1,1,Técnica e consolidada,20,14,135,351,2.334539512081242,2.334539512081242,2,0,9.0,Nas três etapas,1,2.334539512081242,2.334539512081242
4126272,Saudade do Iguaçu,152.084,Saudade do Iguaçu,Saudade do Iguaçu,Sudoeste Paranaense,Pato Branco,Cascavel,Pato Branco,6108.0,445.0,957.0,P1,P2,125.0,0.2808988764044944,1061.0,1.1086729362591432,1.0,2.0,0.5,56.83027794204612,75.18051152256498,50.0,53.757204706573205,23.81,0.1566797642436149,15.55,42.854571634269256,91.06462185336837,83.33333333333334,81.4545356216423,0.0,223.0,0.2472283813747228,0.637059547970948,0.0,37.32004779158285,32.640456117085805,25.52773284268935,0.4800488214403348,0.4235898777125672,0.4800488214403348,0.4305552880669549,0.0,0.4305552880669549,242.0,0,0.1092889499827906,0.161752981618481,0.0,0,1,1,1,0,1,Somente consolidada,266,242,196,352,22.471910112359552,0.0,1,0,29.0,Entrou na consolidada,1,22.471910112359552,22.471910112359552
4126306,Sengés,1441.333,Sengés,Sengés,Centro Oriental Paranaense,Jaguariaíva,Ponta Grossa,Ponta Grossa,17270.0,1215.0,2526.0,P1,P2,365.0,0.3004115226337449,2811.0,1.1128266033254155,2.0,7.0,0.2857142857142857,53.83149231102448,74.89795169956498,71.42857142857143,60.13823616114722,22.42,0.1462651997683844,13.38,40.35277177825774,85.01152124855918,71.70418006430869,68.85371635358011,0.0263736263736263,587.0,0.2333068362480127,0.5319762282362513,2.6373626373626373,34.92556684906393,50.13081538471316,34.702230718247854,0.5170693002247405,0.4661972893389418,0.5170693002247405,0.5766721049069617,0.0,0.5766721049069617,99.0,1,0.2884680121802813,0.4376259653755613,1.0,0,1,1,0,1,1,Técnica e consolidada,109,100,131,279,8.23045267489712,8.23045267489712,1,0,29.0,Nas três etapas,1,8.23045267489712,8.23045267489712
4126355,Serranópolis do Iguaçu,482.394,Serranópolis do Iguaçu,Serranópolis do Iguaçu,Oeste Paranaense,Foz do Iguaçu,Cascavel,Foz do Iguaçu,5007.0,276.0,607.0,P1,P2,109.0,0.394927536231884,659.0,1.085667215815486,0.0,1.0,0.0,39.30587337909993,76.7455123261515,100.0,60.71437892485275,21.74,0.1212302776113441,13.38,39.12886969042477,70.46085013691113,71.70418006430869,59.005717107345376,0.0232558139534883,59.0,0.1033274956217162,0.4458485687894958,2.3255813953488373,12.569351987991883,64.46614196562838,30.3912275017082,0.4824338599209345,0.4217875570746454,0.4824338599209345,0.4065958991763291,0.0,0.4065958991763291,275.0,0,0.069319114565887,0.1027610025722094,0.0,0,1,1,1,0,1,Somente consolidada,296,312,190,321,36.231884057971016,0.0,1,0,29.0,Entrou na consolidada,1,36.231884057971016,36.231884057971016
4126405,Sertaneja,444.492,Sertaneja,Sertaneja,Norte Pioneiro Paranaense,Cornélio Procópio,Londrina,Cornélio Procópio ¿ Bandeirantes,5616.0,266.0,658.0,P1,P2,154.0,0.5789473684210527,699.0,1.0623100303951367,0.0,3.0,0.0,11.02493074792244,78.3344220950018,100.0,37.55791675312528,0.0,0.1171652421652421,9.26,0.0,68.09819075005991,49.62486602357985,19.31870895873742,0.0303030303030303,102.0,0.1728813559322033,0.4856754152227536,3.0303030303030303,24.53249196105044,57.83725115428966,33.51555908113571,0.3229313212545188,0.3148466059105396,0.3229313212545188,0.2876596943952308,0.0,0.2876596943952308,366.0,0,0.0751432905837787,0.0994094126954106,0.0,0,0,0,0,0,0,Não contemplado,283,322,375,294,0.0,0.0,0,0,262.0,Não contemplado,0,0.0,0.0
4126504,Sertanópolis,505.532,Sertanópolis,Sertanópolis,Norte Central Paranaense,Porecatu,Londrina,Londrina,15930.0,899.0,1912.0,P1,P2,29.0,0.032258064516129,2286.0,1.1956066945606694,5.0,6.0,0.8333333333333334,95.04244482173176,69.26670404438211,16.666666666666664,69.41748604334998,12.27,0.1200251098556183,10.55,22.084233261339094,69.76038861608322,56.53804930332262,38.459376395682845,0.0149253731343283,327.0,0.1754291845493562,0.5004257896890794,1.4925373134328357,24.97071394094201,55.38215790638487,31.676526411630373,0.4812948026112871,0.4058128833478479,0.4812948026112871,0.5019307778959012,0.0,0.5019307778959012,152.0,1,0.2183495009060561,0.3234399808449095,0.0,0,1,1,0,1,1,Técnica e consolidada,115,143,193,312,11.123470522803114,11.123470522803114,1,0,29.0,Nas três etapas,1,11.123470522803114,11.123470522803114
4126603,Siqueira Campos,278.035,Siqueira Campos,Siqueira Campos,Norte Pioneiro Paranaense,Wenceslau Braz,Londrina,Santo Antônio da Platina,22811.0,1450.0,2922.0,P2,P3,557.0,0.3841379310344827,3302.0,1.1300479123887748,1.0,7.0,0.1428571428571428,40.96406533575318,73.72644470029604,85.71428571428572,54.82199623714244,6.43,0.1280960939897417,11.7,11.573074154067674,74.45136528244899,62.70096463022507,38.67334308500459,0.0864197530864197,521.0,0.1760729976343359,0.5063156828644224,8.641975308641975,25.081448643771115,54.40182774604371,34.92547577981825,0.4363365742378519,0.3965435333232036,0.3965435333232035,0.5388292059337154,0.0,0.5388292059337154,124.0,1,0.3336910259662636,0.4660140444411706,1.0,0,0,0,-1,1,0,Somente técnica,89,86,257,277,0.0,6.896551724137931,1,1,29.0,"Técnica, excluído na consolidada, reincluído na publicada",1,6.896551724137931,0.0
4126652,Sulina,170.759,Sulina,Sulina,Sudoeste Paranaense,Pato Branco,Cascavel,Pato Branco,3440.0,209.0,415.0,P1,P1,0.0,0.0,441.0,1.0626506024096385,1.0,1.0,1.0,100.0,78.31125414085406,0.0,70.38337197906223,0.0,0.1206395348837209,12.79,0.0,70.11750163008043,68.54233654876741,32.38945292687556,0.0,75.0,0.1820388349514563,0.4548277634943956,0.0,26.107562026444807,62.97161988810767,35.41900264044809,0.4879884043317924,0.4180596656545641,0.4879884043317923,0.3966679099538197,0.0,0.3966679099538197,289.0,0,0.0473928048514713,-0.929480055932251,-1.0,1,0,1,1,0,1,Somente consolidada,354,353,177,268,47.84688995215311,0.0,1,0,29.0,Entrou na consolidada,1,47.846889952153106,47.84688995215311
4126678,Tamarana,472.155,Tamarana,Tamarana,Norte Central Paranaense,Londrina,Londrina,Londrina,10707.0,761.0,1628.0,P1,P2,128.0,0.1681997371879106,1925.0,1.1824324324324325,1.0,3.0,0.3333333333333333,74.15035617954216,70.16290422502173,66.66666666666667,73.25577588687683,0.0,0.152050060707948,15.5,0.0,88.37376892922703,83.06538049303323,52.85343812223021,0.0275229357798165,382.0,0.2445582586427656,0.4247112090776381,2.752293577981652,36.86079144197039,67.98430275711122,44.999611210777125,0.5787284246350763,0.5222160952828768,0.5787284246350763,0.5587097367407625,0.0,0.5587097367407625,116.0,1,0.1859168344534829,0.2935121911698874,0.0,0,1,1,0,1,1,Técnica e consolidada,183,165,62,164,13.140604467805518,13.140604467805518,1,0,29.0,Nas três etapas,1,13.140604467805518,13.140604467805518
4126702,Tamboara,193.346,Tamboara,Tamboara,Noroeste Paranaense,Paranavaí,Maringá,Paranavaí,4880.0,317.0,615.0,P1,P1,101.0,0.3186119873817035,628.0,1.021138211382114,1.0,2.0,0.5,51.034368255022414,81.13520070996859,50.0,51.38265628978714,0.0,0.1260245901639344,11.07,0.0,73.2473762831316,59.32475884244373,28.588925690937344,0.0256410256410256,148.0,0.239870340356564,0.4705451733740721,2.564102564102564,36.05447785434576,60.35557058317378,40.53827965586553,0.4248615951644854,0.4031728418966422,0.4248615951644854,0.3629707518641069,0.0,0.3629707518641069,317.0,0,0.0702327108039877,0.1000718923488959,0.0,0,0,0,0,0,0,Não contemplado,301,295,277,213,0.0,0.0,1,1,29.0,Somente na lista publicada,1,31.545741324921135,0.0
4126801,Tapejara,591.399,Tapejara,Tapejara,Noroeste Paranaense,Cianorte,Maringá,Cianorte,15869.0,986.0,2189.0,P1,P2,381.0,0.3864097363083164,2251.0,1.0283234353586113,2.0,5.0,0.4,40.61492473577453,80.64641439594261,60.0,46.61106011682124,11.83,0.137941899300523,11.28,21.292296616270697,80.17389455607035,60.45016077170418,46.90839598374672,0.029585798816568,339.0,0.1635311143270622,0.5416041652059788,2.9585798816568047,22.924267074539664,48.52831484483915,27.83033232040313,0.3915823617163909,0.3540209061235547,0.3915823617163909,0.4493218250941239,0.0,0.4493218250941239,212.0,0,0.2499827706502913,0.3478716143699393,0.0,0,0,0,0,0,0,Não contemplado,117,129,319,334,0.0,0.0,0,0,262.0,Não contemplado,0,0.0,0.0
4126900,Tapira,434.371,Tapira,Tapira,Noroeste Paranaense,Umuarama,Maringá,Umuarama,5745.0,327.0,690.0,P1,P2,119.0,0.363914373088685,706.0,1.0231884057971017,0.0,2.0,0.0,44.07210687268631,80.9957329669426,100.0,66.52010950094994,0.0,0.1201044386422976,11.31,0.0,69.8064956931261,60.61093247588425,27.24375126271213,0.0,165.0,0.2405247813411078,0.4158650546630007,0.0,36.16704053695252,69.45668123962912,43.97851221557363,0.4964819893915185,0.4513987948207659,0.4964819893915185,0.423537450661566,0.0,0.423537450661566,250.0,0,0.0787976755361813,0.117919302245812,0.0,0,1,1,1,0,1,Somente consolidada,276,287,166,176,30.58103975535168,0.0,1,0,29.0,Entrou na consolidada,1,30.581039755351682,30.58103975535168
4127007,Teixeira Soares,902.793,Teixeira Soares,Teixeira Soares,Sudeste Paranaense,Prudentópolis,Ponta Grossa,Irati,9547.0,639.0,1299.0,P1,P2,126.0,0.1971830985915492,1479.0,1.138568129330254,1.0,4.0,0.25,69.69607116382507,73.14684336188968,75.0,74.27040219017468,8.0,0.1360636849272022,14.56,14.398848092152628,79.08224827684775,78.02786709539122,52.89702273308414,0.03125,485.0,0.3727901614142967,0.4437511055781449,3.125,58.91645010734803,64.8152495614845,54.96363958041891,0.6227302125485427,0.5841166873290311,0.6227302125485427,0.5681904891965746,0.0,0.5681904891965746,106.0,1,0.1483451891615936,0.2407242203387465,0.0,0,1,1,0,1,1,Técnica e consolidada,202,190,38,65,15.64945226917058,15.64945226917058,1,0,29.0,Nas três etapas,1,15.64945226917058,15.64945226917058
4127106,Telêmaco Borba,1382.86,Telêmaco Borba,Telêmaco Borba,Centro Oriental Paranaense,Telêmaco Borba,Ponta Grossa,Telêmaco Borba,75042.0,5110.0,11019.0,P4,P4,1176.0,0.2301369863013698,12367.0,1.122334150104365,9.0,25.0,0.36,64.63157894736842,74.2511856751915,64.0,65.83535090211127,9.62,0.1468377708483249,13.89,17.314614830813532,85.34430812203111,74.43729903536978,56.385124568570646,0.0294117647058823,984.0,0.0918424491319768,0.6073061261535053,2.941176470588235,10.593944467251855,37.5926981888264,15.78442495615031,0.4392493525701876,0.3391475006782657,0.4392493525701876,1.1282421502968176,1.0,0.1282421502968176,395.0,1,1.2583646184538877,1.8111004624069889,2.0,0,2,2,1,1,1,Técnica e consolidada,28,28,253,383,3.913894324853229,1.9569471624266144,1,-1,29.0,Nas três etapas,1,1.9569471624266146,3.913894324853229
4127205,Terra Boa,320.85,Terra Boa,Terra Boa,Centro Ocidental Paranaense,Campo Mourão,Maringá,Cianorte,17568.0,1098.0,2246.0,P1,P2,480.0,0.4371584699453552,2403.0,1.0699020480854853,1.0,4.0,0.25,32.81564567155595,77.8179629901745,75.0,45.16748869052377,12.4,0.1278460837887067,11.95,22.31821454283657,74.30605561513713,64.04072883172562,46.12718163358112,0.0275862068965517,269.0,0.1186067019400352,0.4966450927976147,2.7586206896551726,15.19734823503456,56.01142758572756,27.60074520067468,0.383327298831956,0.3481938118522578,0.383327298831956,0.446640649147289,0.0,0.446640649147289,216.0,0,0.2564921438467585,0.3548125845191539,1.0,0,0,0,0,0,0,Não contemplado,107,111,327,338,0.0,0.0,1,1,29.0,Somente na lista publicada,1,9.107468123861567,0.0
4127304,Terra Rica,700.599,Terra Rica,Terra Rica,Noroeste Paranaense,Paranavaí,Maringá,Paranavaí,14842.0,875.0,2020.0,P1,P2,342.0,0.3908571428571428,2335.0,1.155940594059406,2.0,6.0,0.3333333333333333,39.931428571428576,71.96505375751774,66.66666666666667,45.18658035762985,5.56,0.1361002560301846,10.91,10.007199424046076,79.1035039487587,58.46730975348338,37.9570317798534,0.0397350993377483,432.0,0.2316353887399463,0.425394265756175,3.9735099337748334,34.638080857526475,67.87061290854226,44.42265779493164,0.4343510161699527,0.4328231710445563,0.4343510161699527,0.4719104798546434,0.0,0.4719104798546434,183.0,1,0.230683050120415,0.3308804673534014,0.0,0,0,0,-1,1,0,Somente técnica,126,150,259,171,0.0,11.428571428571429,1,1,29.0,"Técnica, excluído na consolidada, reincluído na publicada",1,11.428571428571429,0.0
4127403,Terra Roxa,800.807,Terra Roxa,Terra Roxa,Oeste Paranaense,Toledo,Cascavel,Toledo,18119.0,1254.0,2405.0,P1,P2,445.0,0.3548644338118022,2579.0,1.0723492723492722,1.0,4.0,0.25,45.46293964576514,77.6514866588306,75.0,55.75229260342973,4.15,0.1327335945692367,12.53,7.469402447804176,77.14674996505451,67.14898177920685,40.57103372958764,0.0792079207920792,323.0,0.1327579120427456,0.4724638061713407,7.920792079207921,17.631331143979708,60.03622801756391,33.61298090598346,0.438603161496828,0.3943245381019356,0.438603161496828,0.5032536044157228,0.0,0.5032536044157228,151.0,1,0.2746498690790089,0.3951121699617522,1.0,0,0,0,-1,1,0,Somente técnica,104,97,254,292,0.0,7.974481658692185,0,0,262.0,Somente na técnica,0,0.0,0.0
4127502,Tibagi,2977.933,Tibagi,Tibagi,Centro Oriental Paranaense,Telêmaco Borba,Ponta Grossa,Telêmaco Borba,19961.0,1432.0,3019.0,P1,P2,316.0,0.2206703910614525,3360.0,1.1129513083802585,2.0,6.0,0.3333333333333333,66.0864451631873,74.8894684394333,66.66666666666667,68.45318346743018,10.45,0.1512449276088372,12.88,18.80849532037437,87.90581353265036,69.02465166130762,55.53779197816026,0.0429184549356223,1171.0,0.3973532405836444,0.5604090883616926,4.291845493562231,63.14125593351609,45.3983712646026,47.70752574435153,0.5757184208034473,0.53422710535729,0.5757184208034473,0.6627015854577212,0.0,0.6627015854577212,47.0,1,0.3447683803532341,0.5432578878331603,1.0,0,1,1,0,1,1,Técnica e consolidada,93,89,66,128,6.983240223463687,6.983240223463687,1,0,29.0,Nas três etapas,1,6.983240223463687,6.983240223463687
4127601,Tijucas do Sul,671.889,Tijucas do Sul,Tijucas do Sul,Metropolitana de Curitiba,Rio Negro,Curitiba,Curitiba,17621.0,1200.0,2516.0,P1,P2,286.0,0.2383333333333333,2808.0,1.1160572337042924,0.0,3.0,0.0,63.3719298245614,74.678182918517,100.0,80.1184116628227,33.82,0.1427841779694682,11.69,60.87113030957523,82.98829932636664,62.64737406216505,74.7460261820529,0.0290456431535269,818.0,0.3278557114228457,0.4173627196402872,2.904564315352697,51.18780481777699,69.20740572586139,53.12342327813818,0.6824593921279493,0.6284694153585804,0.6824593921279493,0.7121426562684947,0.0,0.7121426562684947,33.0,1,0.2873260168826554,-0.5165856442930625,0.0,1,0,1,0,1,1,Técnica e consolidada,106,102,16,84,8.333333333333334,8.333333333333334,1,0,29.0,Nas três etapas,1,8.333333333333334,8.333333333333334
4127700,Toledo,1198.049,Toledo,Toledo,Oeste Paranaense,Toledo,Cascavel,Toledo,150470.0,9412.0,19560.0,M1,M1,3483.0,0.3700594985125371,21824.0,1.1157464212678936,11.0,41.0,0.2682926829268293,43.1276981233364,74.69932642992845,73.17073170731707,51.770830245353416,7.59,0.1299926895726723,13.39,13.660907127429804,75.55369499555599,71.7577706323687,46.31907377381249,0.035890218156228,1500.0,0.0764448068494546,0.6937305362017863,3.589021815622801,7.9455774455134,23.20797961452279,7.307330882285296,0.3289507920581798,0.2400237933320436,0.3289507920581798,1.6015580916807863,1.0,0.6015580916807863,72.0,2,2.233742802156098,2.968534266179604,3.0,0,2,2,0,1,1,Técnica e consolidada,11,13,371,396,2.124946876328092,2.124946876328092,2,0,9.0,Nas três etapas,1,2.124946876328092,2.124946876328092
4127809,Tomazina,591.438,Tomazina,Tomazina,Norte Pioneiro Paranaense,Wenceslau Braz,Londrina,Santo Antônio da Platina,8426.0,469.0,1011.0,P1,P2,128.0,0.2729211087420042,1105.0,1.09297725024728,2.0,4.0,0.5,58.0563348670183,76.24823558195996,50.0,55.23987855979875,25.32,0.1199857583669594,9.14,45.57235421166306,69.73751694244118,48.98177920685959,48.39128472650943,0.0416666666666666,256.0,0.2549800796812749,0.4000193938818887,4.166666666666666,38.65332608061292,72.09407698040236,48.78498147412319,0.5128820095887067,0.4999722154173555,0.5128820095887066,0.4601305537840748,0.0,0.4601305537840748,202.0,0,0.11545572458997,0.1746708886361941,0.0,0,1,1,1,0,1,Somente consolidada,216,232,138,121,21.32196162046908,0.0,1,0,29.0,Entrou na consolidada,1,21.321961620469082,21.32196162046908
4127858,Três Barras do Paraná,505.505,Três Barras do Paraná,Três Barras do Paraná,Oeste Paranaense,Cascavel,Cascavel,Cascavel,11135.0,735.0,1523.0,P1,P2,238.0,0.3238095238095238,1702.0,1.1175311884438608,1.0,3.0,0.3333333333333333,50.235588972431074,74.5779147979196,66.66666666666667,54.96812145285461,14.08,0.1367759317467445,13.56,25.341972642188622,79.49621677878542,72.66881028938907,56.64157136094554,0.0289855072463768,521.0,0.3448047650562541,0.4477674999331078,2.898550724637681,54.1030118260179,64.14674974242544,52.01033916779095,0.5411969852044733,0.535281420634346,0.5411969852044733,0.5208483171191658,0.0,0.5208483171191658,134.0,1,0.1739258838284119,0.2680540478053719,0.0,0,1,1,0,1,1,Técnica e consolidada,174,172,101,95,13.605442176870747,13.605442176870747,1,0,29.0,Nas três etapas,1,13.605442176870747,13.605442176870747
4127882,Tunas do Paraná,668.478,Tunas do Paraná,Tunas do Paraná,Metropolitana de Curitiba,Curitiba,Curitiba,Curitiba,6219.0,533.0,1070.0,P1,P2,110.0,0.2063789868667917,1261.0,1.1785046728971962,1.0,4.0,0.25,68.28280833415621,70.43009632813337,75.0,71.93538969953067,8.55,0.1720533847885512,16.56,15.388768898488122,100.0,88.74598070739549,73.26516285745839,0.0625,486.0,0.4504170528266913,0.4876001507014335,6.25,72.26813703736697,57.51689284145512,59.71215516146414,0.6731205051588961,0.648674036082763,0.6731205051588961,0.5897304202797291,0.0,0.5897304202797291,84.0,1,0.1221934968459624,0.2044444451700485,0.0,0,1,1,0,1,1,Técnica e consolidada,262,213,20,37,18.76172607879925,18.76172607879925,1,0,29.0,Nas três etapas,1,18.76172607879925,18.76172607879925
4127908,Tuneiras do Oeste,698.871,Tuneiras do Oeste,Tuneiras do Oeste,Noroeste Paranaense,Cianorte,Maringá,Cianorte,8067.0,499.0,1049.0,P1,P2,180.0,0.3607214428857715,1207.0,1.1506196377502382,1.0,5.0,0.2,44.56280983018669,72.32702029188863,80.0,54.85728670719484,11.11,0.1300359489277302,11.03,19.99640028797696,75.57883797958455,59.11039657020364,42.394289914954605,0.0,195.0,0.1900584795321637,0.3352836547004035,0.0,27.48692659693606,82.86887300510148,46.426707559476114,0.489924556896593,0.4730633986011555,0.489924556896593,0.4450444367081029,0.0,0.4450444367081029,218.0,0,0.1197953067209481,0.1784859692845001,0.0,0,1,1,1,0,1,Somente consolidada,223,221,174,149,20.04008016032064,0.0,1,0,29.0,Entrou na consolidada,1,20.040080160320638,20.04008016032064
4127957,Tupãssi,299.769,Tupãssi,Tupãssi,Oeste Paranaense,Toledo,Cascavel,Toledo,8077.0,455.0,962.0,P1,P2,194.0,0.4263736263736263,1016.0,1.0561330561330562,1.0,5.0,0.2,34.4731058415269,78.75462061508573,80.0,49.06456381241202,0.0,0.1191036275844991,10.03,0.0,69.22480934093463,53.751339764201504,22.598192255482303,0.0,118.0,0.1275675675675675,0.4895138794953087,0.0,16.738601147574556,57.198366511775134,27.5850024816722,0.3517946496873014,0.3088355270258218,0.3517946496873014,0.3311229896782447,0.0,0.3311229896782447,343.0,0,0.1098599476316035,0.1485080894233288,0.0,0,0,0,0,0,0,Não contemplado,222,236,357,339,0.0,0.0,0,0,262.0,Não contemplado,0,0.0,0.0
4127965,Turvo,938.966,Turvo,Turvo,Centro-Sul Paranaense,Guarapuava,Guarapuava,Guarapuava,14231.0,999.0,2071.0,P1,P2,286.0,0.2862862862862863,2438.0,1.1772090777402222,1.0,3.0,0.3333333333333333,56.00231810758128,70.51823125382512,66.66666666666667,58.11632618752189,0.0,0.1455273698264352,14.55,0.0,84.58268345332718,77.97427652733118,47.30832486815581,0.0311111111111111,474.0,0.2334975369458128,0.4799248813915303,3.111111111111111,34.9583670291051,58.79438595877311,39.44649825245504,0.4848679474962193,0.4475282916260856,0.4848679474962193,0.5165492246777016,0.0,0.5165492246777016,139.0,1,0.2365072261383066,0.3511819994440116,0.0,0,1,1,0,1,1,Técnica e consolidada,134,127,185,232,10.01001001001001,10.01001001001001,1,0,29.0,Nas três etapas,1,10.01001001001001,10.01001001001001
4128005,Ubiratã,652.581,Ubiratã,Ubiratã,Centro Ocidental Paranaense,Goioerê,Maringá,Campo Mourão,24749.0,1545.0,3176.0,P2,P3,611.0,0.3954692556634304,3488.0,1.0982367758186398,3.0,10.0,0.3,39.22261965593596,75.89044797144714,70.0,47.64705179785362,3.04,0.1283284173097903,12.0,5.471562275017998,74.58639507005476,64.30868167202573,35.95218452302124,0.0384615384615384,626.0,0.2001278772378516,0.6202156961343681,3.8461538461538463,29.218845050632247,35.443993546396705,24.776776551922687,0.3615996824451477,0.3158591319532858,0.3158591319532858,0.4942229554044415,0.0,0.4942229554044415,164.0,1,0.3626977065259594,0.4772590892706965,1.0,0,0,0,-1,1,0,Somente técnica,76,80,351,356,0.0,6.472491909385114,1,1,29.0,"Técnica, excluído na consolidada, reincluído na publicada",1,6.472491909385114,0.0
4128104,Umuarama,1234.537,Umuarama,Umuarama,Noroeste Paranaense,Umuarama,Maringá,Umuarama,117095.0,7514.0,14786.0,M1,M1,1884.0,0.2507319669949427,16649.0,1.1259975652644394,14.0,37.0,0.3783783783783784,61.46645559867196,74.00197601955699,62.16216216216216,62.28970410440241,14.61,0.1262735385797856,12.93,26.295896328293733,73.39206882501747,69.29260450160771,51.318557185078674,0.0194986072423398,2318.0,0.1533981867513731,0.5429976299363696,1.949860724233984,21.181421596464084,48.29638270924584,26.28678566437764,0.4569430734452776,0.384937236565228,0.4569430734452775,1.422250167400099,1.0,0.4222501674000987,252.0,1,1.6885542470695327,1.4601274144045613,2.0,1,1,2,1,1,1,Técnica e consolidada,21,19,234,350,2.661698163428268,1.3308490817141336,2,0,9.0,Nas três etapas,1,2.6616981634282673,2.661698163428268
4128203,União da Vitória,719.998,União da Vitória,União da Vitória,Sudeste Paranaense,União da Vitória,Curitiba,União da Vitória,55033.0,3552.0,7207.0,P3,P3,1085.0,0.3054617117117117,8072.0,1.1200222006382683,8.0,22.0,0.3636363636363636,53.05535798956852,74.40845972279865,63.63636363636363,55.99583863793677,6.39,0.1309577889629858,13.65,11.50107991360691,76.11462519259898,73.15112540192926,46.19075461930426,0.0277777777777777,1442.0,0.2006400445248365,0.519331662575669,2.7777777777777777,29.30693691090384,52.2354119728781,32.95685021153509,0.4481922646364959,0.4021142877836925,0.4021142877836926,0.8604902171772129,0.0,0.8604902171772129,12.0,1,0.8230360109989262,1.1539905503820906,1.0,0,0,0,-1,1,0,Somente técnica,33,34,239,301,0.0,2.815315315315315,1,1,29.0,"Técnica, excluído na consolidada, reincluído na publicada",1,2.815315315315315,0.0
4128302,Uniflor,94.819,Uniflor,Uniflor,Norte Central Paranaense,Astorga,Maringá,Maringá,2136.0,116.0,268.0,P1,P1,65.0,0.5603448275862069,256.0,0.9552238805970148,0.0,1.0,0.0,13.88384754990927,85.61912812702926,100.0,43.03502281322972,0.0,0.1254681647940075,8.43,0.0,72.92397353775073,45.17684887459807,19.554546447220623,0.0,50.0,0.205761316872428,0.4211644623163714,0.0,30.18778662450562,68.57463312773965,40.42873803841906,0.3729641363010364,0.3677515667514151,0.3729641363010363,0.2986315559283237,0.0,0.2986315559283237,359.0,0,0.0306054739763718,0.0420202181440532,0.0,0,0,0,0,0,0,Não contemplado,393,389,340,215,0.0,0.0,0,0,262.0,Não contemplado,0,0.0,0.0
4128401,Uraí,237.81,Uraí,Uraí,Norte Pioneiro Paranaense,Assaí,Londrina,Cornélio Procópio ¿ Bandeirantes,10406.0,493.0,1212.0,P1,P2,142.0,0.2880324543610548,1298.0,1.0709570957095709,3.0,8.0,0.375,55.73395964556421,77.74619169383278,62.5,59.17976268128601,0.0,0.1164712665769748,8.46,0.0,67.69484176095388,45.337620578778136,16.390390717389636,0.0,339.0,0.3084622383985441,0.4073687234651006,0.0,47.85216203220361,70.87083417544426,50.75557376306574,0.4725221272121863,0.4556737493757457,0.4725221272121863,0.4434335896882974,0.0,0.4434335896882974,220.0,0,0.138409830072249,0.2038115374050653,0.0,0,1,1,1,0,1,Somente consolidada,190,225,209,111,20.28397565922921,0.0,1,0,29.0,Entrou na consolidada,1,20.28397565922921,20.28397565922921
4128500,Wenceslau Braz,397.916,Wenceslau Braz,Wenceslau Braz,Norte Pioneiro Paranaense,Wenceslau Braz,Londrina,Santo Antônio da Platina,19188.0,1312.0,2583.0,P1,P2,333.0,0.2538109756097561,2977.0,1.1525358110723964,3.0,5.0,0.6,60.993260590500654,72.19666954732782,40.0,51.7951507312518,6.54,0.1346153846153846,14.07,11.771058315334772,78.24047447879224,75.40192926045016,49.09162701618133,0.086092715231788,648.0,0.2457337883959044,0.4921971985349231,8.609271523178808,37.06298046378048,56.75174744653234,42.32309875216993,0.4746562519660496,0.4557121480078858,0.4746562519660496,0.5459187230127852,0.0,0.5459187230127852,119.0,1,0.2949773853767485,-0.565009754465579,0.0,1,0,1,0,1,1,Técnica e consolidada,97,94,205,195,7.621951219512195,7.621951219512195,1,0,29.0,Nas três etapas,1,7.621951219512195,7.621951219512195
4128534,Ventania,819.334,Ventania,Ventania,Centro Oriental Paranaense,Telêmaco Borba,Ponta Grossa,Telêmaco Borba,9681.0,674.0,1362.0,P1,P2,174.0,0.258160237388724,1424.0,1.0455212922173274,1.0,3.0,0.3333333333333333,60.32484772762768,79.4765027702766,66.66666666666667,65.53143987021653,25.0,0.1406879454601797,13.74,44.99640028797696,81.76993764643531,73.63344051446946,70.93343618100714,0.0,302.0,0.221407624633431,0.4682422434454582,0.0,32.87892366522298,60.73887662947419,37.76710949664714,0.555061069829469,0.4995324090823301,0.555061069829469,0.5196471898861389,0.0,0.5196471898861389,136.0,1,0.1555397595366362,0.2418738248660599,0.0,0,1,1,0,1,1,Técnica e consolidada,199,181,86,248,14.83679525222552,14.83679525222552,1,0,29.0,Nas três etapas,1,14.836795252225519,14.83679525222552
4128559,Vera Cruz do Oeste,327.09,Vera Cruz do Oeste,Vera Cruz do Oeste,Oeste Paranaense,Foz do Iguaçu,Cascavel,Cascavel,8215.0,496.0,1030.0,P1,P2,151.0,0.3044354838709677,1104.0,1.071844660194175,0.0,1.0,0.0,53.21307300509338,77.68581370501728,100.0,72.82682383874251,0.0,0.1253804017041996,11.44,0.0,72.87296431760912,61.30760986066453,29.59306738011527,0.03125,174.0,0.1707556427870461,0.381672753036828,3.125,24.16687308979632,75.14774278144849,42.331178097355256,0.5198181425046217,0.4588268510218471,0.5198181425046217,0.4669600032569163,0.0,0.4669600032569163,190.0,1,0.1176255156554591,0.1787693927146282,0.0,0,1,1,0,1,1,Técnica e consolidada,219,224,128,194,20.161290322580644,20.161290322580644,1,0,29.0,Nas três etapas,1,20.161290322580644,20.161290322580644
4128609,Verê,311.801,Verê,Verê,Sudoeste Paranaense,Francisco Beltrão,Cascavel,Francisco Beltrão,7932.0,442.0,978.0,P1,P2,157.0,0.3552036199095023,1073.0,1.0971370143149284,1.0,3.0,0.3333333333333333,45.410812098118605,75.96526100072293,66.66666666666667,51.48780235474821,11.49,0.1232980332829046,12.73,20.680345572354213,71.66266065293311,68.22079314040728,46.06400313687539,0.0129870129870129,139.0,0.1464699683877766,0.4856259457221121,1.2987012987012987,19.989780389525585,57.84548499521888,30.273730199676702,0.4191741364914504,0.3767459921813074,0.4191741364914504,0.3847047029227216,0.0,0.3847047029227216,301.0,0,0.1116871401078049,0.1585035006196936,0.0,0,0,0,0,0,0,Não contemplado,226,246,285,322,0.0,0.0,0,0,262.0,Não contemplado,0,0.0,0.0
4128625,Alto Paraíso,967.772,Alto Paraíso,Alto Paraíso,Noroeste Paranaense,Umuarama,Maringá,Umuarama,3055.0,205.0,436.0,P1,P1,91.0,0.4439024390243902,528.0,1.211009174311927,1.0,2.0,0.5,31.779204107830555,68.21892580822656,50.0,29.720045146021963,30.3,0.1427168576104746,18.66,54.53563714902808,82.94917172705999,100.0,94.0854636289342,0.074074074074074,128.0,0.2915717539863325,0.4939537741022791,7.4074074074074066,44.94702882559158,56.45937813586192,45.628943615713055,0.4895668823048085,0.5213846792441907,0.4895668823048085,0.3994242158187908,0.0,0.3994242158187908,284.0,0,0.0497909949764856,0.074167017153978,0.0,0,0,0,0,0,0,Não contemplado,369,357,175,160,0.0,0.0,0,0,262.0,Não contemplado,0,0.0,0.0
4128633,Doutor Ulysses,777.482,Doutor Ulysses,Doutor Ulysses,Metropolitana de Curitiba,Cerro Azul,Curitiba,Curitiba,5697.0,409.0,784.0,P1,P2,47.0,0.1149144254278728,913.0,1.1645408163265305,0.0,1.0,0.0,82.33946725003217,71.38000992930833,100.0,94.70863714191874,0.0,0.137616289275057,12.29,0.0,79.98464514033455,65.86280814576634,36.87665060020353,0.0555555555555555,386.0,0.4955070603337612,0.3697603124524498,5.555555555555555,80.02353794229714,77.13048244080703,73.51254092712207,0.7466380134765703,0.704245821046977,0.7466380134765703,0.6238647922302117,0.0,0.6238647922302117,62.0,1,0.089532431333864,-0.8436192519932922,-1.0,1,0,1,0,1,1,Técnica e consolidada,279,255,3,5,24.449877750611247,24.449877750611247,1,0,29.0,Nas três etapas,1,24.449877750611247,24.449877750611247
4128658,Virmond,249.094,Virmond,Virmond,Centro-Sul Paranaense,Guarapuava,Cascavel,Laranjeiras do Sul - Quedas do Iguaçu,3811.0,237.0,521.0,P1,P1,84.0,0.3544303797468354,592.0,1.1362763915547025,0.0,1.0,0.0,45.529646902065295,73.30274247703069,100.0,64.5074932806038,19.23,0.1367095250590396,14.17,34.61123110151188,79.45762021889416,75.93783494105037,64.44507274108983,0.0,115.0,0.2263779527559055,0.4455530212565574,0.0,33.733811241207384,64.5153337169435,40.16318937092154,0.547572876088281,0.4988842682689165,0.547572876088281,0.4501000654501136,0.0,0.4501000654501136,211.0,0,0.059497955006305,0.0920774213504786,0.0,0,1,1,1,0,1,Somente consolidada,340,337,94,221,42.19409282700422,0.0,1,0,29.0,Entrou na consolidada,1,42.19409282700422,42.19409282700422
4128708,Vitorino,308.218,Vitorino,Vitorino,Sudoeste Paranaense,Pato Branco,Cascavel,Pato Branco,9706.0,740.0,1538.0,P1,P2,173.0,0.2337837837837837,1144.0,0.7438231469440832,1.0,3.0,0.3333333333333333,64.07112375533428,100.0,66.66666666666667,77.3327400481407,0.0,0.1584586853492685,12.98,0.0,92.09855740066362,69.56055734190782,46.74780388821536,0.0677966101694915,288.0,0.168519602106495,0.5515803315209715,6.779661016949152,23.78227807914596,46.86785404665204,29.39205625401665,0.5203947929850601,0.4245134253968121,0.5203947929850601,0.505442683511858,0.0,0.505442683511858,150.0,1,0.1756388767748506,-0.7329595663057725,-1.0,1,0,1,0,1,1,Técnica e consolidada,198,170,127,326,13.513513513513514,13.513513513513514,1,0,29.0,Nas três etapas,1,13.513513513513514,13.513513513513514
4128807,Xambrê,359.712,Xambrê,Xambrê,Noroeste Paranaense,Umuarama,Maringá,Umuarama,5798.0,360.0,724.0,P1,P2,157.0,0.4361111111111111,814.0,1.1243093922651934,0.0,3.0,0.0,32.97660818713451,74.11681667872624,100.0,54.27488628091588,0.0,0.1248706450500172,11.9,0.0,72.5766861276689,63.77277599142551,30.947094936757708,0.0,179.0,0.2448700410396717,0.336517607650211,0.0,36.91441745839381,82.66349045279946,51.19787224784731,0.4837852239885682,0.4776311959224311,0.4837852239885681,0.4162676197924924,0.0,0.4162676197924924,263.0,0,0.0826804595481091,0.1226800441900688,0.0,0,1,1,1,0,1,Somente consolidada,274,272,187,104,27.77777777777778,0.0,1,0,29.0,Entrou na consolidada,1,27.77777777777778,27.77777777777778
