MUNICÍPIO,POPULAÇÃO,PORTE DO MUNICÍPIO,CALCULO PROPORÇÃO,FATOR EDUCAÇÃO,FATOR DEMOGRÁFICO,FATOR SOCIOECONÔMICO,PCM,IPARDES,PROPORÇÃO CRECHES,APROX. CRECHES ,,,,,111.4367438843133,TOTAL CRECHES,,,,
Curitiba,1773718,G2,23.114213223006058,56.511036138398964,29.90225405983405,0,0.2858486526732639,0,23.114213223006058,29.721379930404883,29.0,57856.33899837396,29.0,0.7213799304048827,29.0,30,,57856.33899837396,1.0,57856.33899837396
Londrina,555965,G1,7.630812578735708,65.89371022824054,39.54064145793567,24.244683451999634,0.439634857636832,0,7.630812578735708,10.985583780441528,4.0,29376.401187293115,10.0,0.9855837804415284,3.0,11,,29376.401187293115,1.0,29376.401187293115
Maringá,409657,M2,29.8345129509447,48.55150750400013,32.36445043701976,12.678384687816605,0.3096484696413065,0,5.201331782566545,6.811916209134964,3.0,14103.249198282945,6.0,0.8119162091349637,21.0,7,,14103.249198282945,1.0,14103.249198282945
Ponta Grossa,358371,M2,29.8345129509447,70.22556458541563,50.63869742327671,23.835002895503568,0.47751966477023017,0,5.761823074641296,8.513206897709386,3.0,24092.77716631719,8.0,0.5132068977093862,63.0,9,,24092.77716631719,1.0,24092.77716631719
Cascavel,348051,M2,29.8345129509447,62.192263982816186,46.363930869705435,12.082409959911693,0.38982655751032236,0,5.152682782887685,7.161335374083499,3.0,17588.974274865745,7.0,0.16133537408349863,230.0,7,,17588.974274865745,1.0,17588.974274865745
São José dos Pinhais,329628,M2,29.8345129509447,71.12046317048757,51.13117623587304,14.61557977626408,0.4452065242587527,0,5.369205091317539,7.759610228055419,3.0,20931.829944549518,7.0,0.7596102280554193,25.0,8,,20931.829944549518,1.0,20931.829944549518
Foz do Iguaçu,285415,M2,29.8345129509447,59.85401837748399,53.393821239306995,30.75739297644016,0.4692332878943106,0,4.508711634556486,6.624349219006758,3.0,18525.799439355276,6.0,0.6243492190067581,43.0,7,,18525.799439355276,1.0,18525.799439355276
Colombo,232212,M2,29.8345129509447,66.40935386950292,50.19248076028837,37.23533085442488,0.5149637004162879,0,3.8407585849751467,5.818609838299574,2.0,17319.259172400594,5.0,0.8186098382995741,20.0,6,,17319.259172400594,1.0,17319.259172400594
Guarapuava,182093,M1,30.046353078654292,61.08340338756191,55.600277119987865,28.3840091657794,0.46907020445334097,1,2.9182547835530124,3.2871211515211645,2.0,11986.620004600674,3.0,0.28712115152116446,144.0,3,,11986.620004600674,1.0,11986.620004600674
Araucária,151666,M1,30.046353078654292,48.892272958045986,49.46860935938413,16.192753341499312,0.35927732391694944,0,2.5503038986579742,3.466570258542774,2.0,8023.381197713315,3.0,0.4665702585427738,71.0,4,,8023.381197713315,1.0,8023.381197713315
Toledo,150470,M1,30.046353078654292,51.770830245353416,46.31907377381249,7.307330882285296,0.32895079205817984,0,2.233742802156098,2.968534266179604,2.0,6434.277492657998,2.0,0.9685342661796041,6.0,3,,6434.277492657998,1.0,6434.277492657998
Fazenda Rio Grande,148873,M1,30.046353078654292,76.70567394692316,60.16516423907385,27.811608072946335,0.5383994565576257,1,2.811364023695236,3.325000886238411,2.0,13254.31782153563,3.0,0.32500088623841084,128.0,3,,13254.31782153563,1.0,13254.31782153563
Paranaguá,145829,M1,30.046353078654292,65.08663201788643,57.47484030111916,27.5098108489454,0.48533545206956563,1,2.406412491157121,2.5743297854187124,2.0,10226.988646009888,2.0,0.5743297854187124,54.0,3,,10226.988646009888,1.0,10226.988646009888
Campo Largo,136327,M1,30.046353078654292,62.554494849485195,45.39320972467573,26.48768600738499,0.44695514287683225,0,2.1169166832089767,3.0630834818109944,2.0,8285.20748350784,3.0,0.06308348181099444,362.0,3,,8285.20748350784,1.0,8285.20748350784
Apucarana,130134,M1,30.046353078654292,47.94666613526456,44.05721727580242,30.732470554840507,0.40283098131202505,0,1.934996832297184,2.7144735050871187,1.0,6825.568147350952,2.0,0.7144735050871187,32.0,3,,6825.568147350952,1.0,6825.568147350952
Pinhais,127019,M1,30.046353078654292,44.43415958874019,44.74474528396509,24.630204990787867,0.36574694888604237,0,1.9179811023625595,2.6194768385727536,1.0,6142.720006541082,2.0,0.6194768385727536,45.0,3,,6142.720006541082,1.0,6142.720006541082
Almirante Tamandaré,119825,M1,30.046353078654292,100,55.36911556305865,38.81377500574621,0.6659933311491021,0,2.160084105459233,3.5986857144162556,2.0,12597.263858685266,3.0,0.5986857144162556,50.0,4,,12597.263858685266,1.0,12597.263858685266
Arapongas,119138,M1,30.046353078654292,53.06456580646262,44.53089756976515,23.0772524561952,0.3936290681901615,0,1.7666667254271387,2.462078102359587,1.0,6089.441684901799,2.0,0.462078102359587,73.0,3,,6089.441684901799,1.0,6089.441684901799
Piraquara,118730,M1,30.046353078654292,81.79961046378918,51.092066078165,45.57390342632216,0.6116781877167754,1,2.0807154322742383,2.3534436770420712,2.0,11144.776580199648,2.0,0.35344367704207125,110.0,3,,11144.776580199648,1.0,11144.776580199648
Sarandi,118455,M1,30.046353078654292,76.67769621648213,51.851290485378264,26.11917781521762,0.5148900770975555,1,1.9296294543983428,1.9231765129432197,2.0,8700.097632717396,1.0,0.9231765129432197,10.0,2,,8700.097632717396,1.0,8700.097632717396
Umuarama,117095,M1,30.046353078654292,62.28970410440241,51.318557185078674,26.28678566437764,0.45694307344527757,1,1.6885542470695327,1.4601274144045613,1.0,6756.360283961874,1.0,0.4601274144045613,75.0,2,,6756.360283961874,1.0,6756.360283961874
Cambé,107208,M1,30.046353078654292,60.84473196630379,38.693440354626965,27.829211958665283,0.4320826564091302,0,1.530730496937645,2.1921325963009304,1.0,5791.635926507981,2.0,0.19213259630093038,202.0,2,,5791.635926507981,1.0,5791.635926507981
Campo Mourão,99432,P4,10.392043008865171,53.827124495985956,45.84659275314048,25.280277700344406,0.4081227942916024,0,1.4549020091752907,2.0486806825803767,1.0,5199.484399275015,2.0,0.04868068258037672,382.0,2,,5199.484399275015,1.0,5199.484399275015
Francisco Beltrão,96666,P4,10.392043008865171,44.92472601253733,46.70369747677215,19.334853979699254,0.3504457149224906,0,1.4143611761095742,1.9100179896299088,1.0,4340.270179315046,1.0,0.9100179896299088,12.0,2,,4340.270179315046,1.0,4340.270179315046
Paranavaí,92001,P4,10.392043008865171,58.51827418106589,44.749668510355484,27.35988847271753,0.43301198763584464,0,1.3686813642045415,1.9613368021588895,1.0,5189.648671815598,1.0,0.9613368021588895,8.0,2,,5189.648671815598,1.0,5189.648671815598
Pato Branco,91836,P4,10.392043008865171,50.62104099754228,48.088322277109604,11.259050306820823,0.3436970097716716,0,1.3645701811330886,1.8335688720121195,1.0,4106.835569761704,1.0,0.8335688720121195,19.0,2,,4106.835569761704,1.0,4106.835569761704
Cianorte,79527,P4,10.392043008865171,48.936339034471274,44.94797309167801,21.94834506950331,0.37343468259925444,0,1.1559276402568517,1.5875911117038743,1.0,3779.9058572696536,1.0,0.5875911117038743,53.0,2,,3779.9058572696536,1.0,3779.9058572696536
Telêmaco Borba,75042,P4,10.392043008865171,65.83535090211127,56.385124568570646,15.78442495615031,0.4392493525701876,0,1.2583646184538875,1.8111004624069886,1.0,4840.088615970897,1.0,0.8111004624069886,22.0,2,,4840.088615970897,1.0,4840.088615970897
Castro,73075,P4,10.392043008865171,73.07245791371993,56.43138741987518,32.40581647431594,0.5347758723918938,0,1.2894268905493098,1.978981280828384,1.0,6038.154375176873,1.0,0.978981280828384,4.0,2,,6038.154375176873,1.0,6038.154375176873
Rolândia,71670,P4,10.392043008865171,61.898387468606884,51.665504657338126,20.82402400130899,0.4342206551943398,0,1.0858091289826266,1.557289880385458,1.0,4128.569989587782,1.0,0.557289880385458,56.0,2,,4128.569989587782,1.0,4128.569989587782
Irati,59250,P3,32.02680132379698,65.32294594104161,42.09022728118674,40.36640337095627,0.4570247666701943,0,0.8761387923385267,1.2765559194777476,1.0,3506.2940098937306,1.0,0.2765559194777476,149.0,1,,3506.2940098937306,1.0,3506.2940098937306
Marechal Cândido Rondon,55836,P3,32.02680132379698,48.265239520585055,43.874611830583156,13.962972699172022,0.26805753889736855,0,0.7931157342011298,1.005716385971864,1.0,1861.6596076422245,1.0,0.00571638597186408,399.0,1,,1861.6596076422245,1.0,1861.6596076422245
União da Vitória,55033,P3,32.02680132379698,55.99583863793677,46.19075461930426,32.95685021153509,0.4021142877836926,0,0.8230360109989262,1.1539905503820906,1.0,2898.0376720570725,1.0,0.15399055038209064,240.0,1,,2898.0376720570725,1.0,2898.0376720570725
Medianeira,54369,P3,32.02680132379698,44.36402911281114,54.95101406828963,8.609620251498582,0.25028780787119304,0,0.7903749454868277,0.9881961579890395,1.0,1732.241918276527,0.0,0.9881961579890395,2.0,1,,1732.241918276527,1.0,1732.241918276527
Ibiporã,51603,P3,32.02680132379698,44.544379208892245,56.08272141554396,34.61804909315463,0.40896249580780014,0,0.7806679854570083,1.099931913186754,1.0,2795.667621342122,1.0,0.09993191318675398,306.0,1,,2795.667621342122,1.0,2795.667621342122
Prudentópolis,49393,P3,32.02680132379698,68.04021089521885,44.15255009156133,45.78237115588901,0.4990797489088944,0,0.7525749011354133,1.1281697938292115,1.0,3288.935545309614,1.0,0.12816979382921145,266.0,1,,3288.935545309614,1.0,3288.935545309614
Palmas,48247,P3,32.02680132379698,71.46977371146212,78.20414269383336,38.16682968489358,0.5283488109199524,0,0.8826481655349937,1.348994274256085,1.0,4083.6079596003124,1.0,0.348994274256085,115.0,1,,4083.6079596003124,1.0,4083.6079596003124
Campina Grande do Sul,47825,P3,32.02680132379698,62.35685349189829,58.974280851528945,32.62185196413962,0.4383933804716922,0,0.8225792128798758,1.1831924947200283,1.0,3157.7475195375987,1.0,0.1831924947200283,208.0,1,,3157.7475195375987,1.0,3157.7475195375987
Paiçandu,45962,P3,32.02680132379698,52.928465199026775,52.38804784623338,39.85577208191567,0.44976765858201434,0,0.7275652041174079,1.0548005024390397,1.0,2865.4697528260135,1.0,0.05480050243903967,375.0,1,,2865.4697528260135,1.0,2865.4697528260135
Cornélio Procópio,45206,P3,32.02680132379698,57.89864007367274,33.91660138366904,23.42753542348088,0.3241956954555688,0,0.5704266511640955,0.7553565160446306,1.0,1619.3574988005662,0.0,0.7553565160446306,26.0,1,,1619.3574988005662,1.0,1619.3574988005662
Lapa,45003,P3,32.02680132379698,66.20210499540941,50.00490505872249,33.92288541318813,0.4359513325873926,0,0.6783452067897352,0.9740707036439906,1.0,2589.550915569112,0.0,0.9740707036439906,5.0,1,,2589.550915569112,1.0,2589.550915569112
Dois Vizinhos,44869,P3,32.02680132379698,45.69160428569216,46.06327137852805,18.16762056921377,0.2925154747437231,0,0.6603016810872473,0.8534501408045618,1.0,1691.324474968207,0.0,0.8534501408045618,17.0,1,,1691.324474968207,1.0,1691.324474968207
Santo Antônio da Platina,44369,P3,32.02680132379698,69.32815911843923,44.283446434435,41.98556126895126,0.47913657871945603,0,0.6681814486408654,0.9883316219064594,1.0,2803.4281220875373,0.0,0.9883316219064594,1.0,1,,2803.4281220875373,1.0,2803.4281220875373
São Mateus do Sul,42366,P3,32.02680132379698,60.621363590151766,53.25795782481186,33.14046989761279,0.42660146221560397,0,0.6566472961348446,0.9367739928258921,1.0,2452.9584077397226,0.0,0.9367739928258921,9.0,1,,2452.9584077397226,1.0,2452.9584077397226
Guaratuba,42062,P3,32.02680132379698,27.17229236164692,52.52842652738313,46.80899591823361,0.4402554132874618,0,0.7051820962839418,1.0156423315263474,1.0,2718.577177050077,1.0,0.01564233152634742,398.0,1,,2718.577177050077,1.0,2718.577177050077
Marialva,41851,P3,32.02680132379698,49.33534951439014,56.08855073496903,27.884883132447445,0.378157099293403,0,0.6219306390870198,0.8571181255258596,1.0,2059.443562751873,0.0,0.8571181255258596,16.0,1,,2059.443562751873,1.0,2059.443562751873
Jacarezinho,40375,P3,32.02680132379698,45.98145349134268,42.94876214773771,36.80949919945622,0.3987174264748981,0,0.6093686908131358,0.8523346069885271,1.0,2127.5561876700563,0.0,0.8523346069885271,18.0,1,,2127.5561876700563,1.0,2127.5561876700563
Matinhos,39259,P3,32.02680132379698,50.079768421486335,55.804533436387246,40.32796977660351,0.4537364223753682,0,0.6087976931643229,0.8850313804110799,1.0,2418.868867683088,0.0,0.8850313804110799,13.0,1,,2418.868867683088,1.0,2418.868867683088
Rio Branco do Sul,37558,P3,32.02680132379698,72.4720362491022,46.60777933401409,46.59469760906602,0.5177278168206287,0,0.6356345826585297,0.9647202874340217,1.0,2881.6730284236196,0.0,0.9647202874340217,7.0,1,,2881.6730284236196,1.0,2881.6730284236196
Assis Chateaubriand,36808,P3,32.02680132379698,44.43058843670858,37.82283099149328,32.2177464625885,0.3578133176319347,0,0.5095583018006394,0.6918850482948209,1.0,1596.5630232736926,0.0,0.6918850482948209,34.0,1,,1596.5630232736926,1.0,1596.5630232736926
Mandaguari,36716,P3,32.02680132379698,47.67584832465538,44.449557671775224,15.09971922344617,0.2748491273335382,0,0.5112712947470781,0.6517937639390008,1.0,1230.4995430722506,0.0,0.6517937639390008,38.0,1,,1230.4995430722506,1.0,1230.4995430722506
Jaguariaíva,35141,P3,32.02680132379698,75.69586600729359,51.50290288329208,31.44350925353808,0.44305859330239983,0,0.600575327021417,0.8666653865836548,1.0,2330.0451421773205,0.0,0.8666653865836548,15.0,1,,2330.0451421773205,1.0,2330.0451421773205
Palotina,35011,P3,32.02680132379698,37.350122509324194,56.845285280966564,6.140027949117282,0.22523098327528523,0,0.539706977657961,0.661265710916396,1.0,1064.441626958998,0.0,0.661265710916396,37.0,1,,1064.441626958998,1.0,1064.441626958998
Palmeira,33855,P3,32.02680132379698,56.46620911820005,51.135208884194974,25.418978512544804,0.3677167070800589,0,0.5217776514852357,0.7136440113173531,1.0,1680.097634648789,0.0,0.7136440113173531,33.0,1,,1680.097634648789,1.0,1680.097634648789
Pitanga,33567,P3,32.02680132379698,67.03332168628246,51.05275714064669,41.948223975004346,0.48786150150388435,0,0.514583081110193,0.7656283557091068,1.0,2198.303925776503,0.0,0.7656283557091068,24.0,1,,2198.303925776503,1.0,2198.303925776503
Ivaiporã,32720,P3,32.02680132379698,47.29050824101688,53.691377884128975,31.61307726211488,0.39164223582298097,0,0.45028874585385953,0.6266408370459912,1.0,1544.245335850014,0.0,0.6266408370459912,42.0,1,,1544.245335850014,1.0,1544.245335850014
Laranjeiras do Sul,32227,P3,32.02680132379698,50.61634528855947,62.72918875508392,32.37183727675716,0.4209220917478298,0,0.5052187196696614,0.7178764399431756,1.0,1862.159333892399,0.0,0.7178764399431756,30.0,1,,1862.159333892399,1.0,1862.159333892399
Guaíra,32097,P3,32.02680132379698,60.948926023522965,48.7946443716267,35.30832648852127,0.431337099721427,0,0.5242900411400124,0.750435786898173,1.0,1980.2686248210712,0.0,0.750435786898173,27.0,1,,1980.2686248210712,1.0,1980.2686248210712
Mandaguaçu,31457,P3,32.02680132379698,46.66949747785156,48.54126500576451,29.85314383969449,0.36954038800539907,0,0.4903727808005257,0.6715853284848385,1.0,1586.8064260951835,0.0,0.6715853284848385,36.0,1,,1586.8064260951835,1.0,1586.8064260951835
Rio Negro,31324,P3,32.02680132379698,53.39608368821048,35.27202406523251,28.841578121197468,0.35038568423407085,0,0.46958846638373586,0.6341255424860291,1.0,1440.7859335704993,0.0,0.6341255424860291,40.0,1,,1440.7859335704993,1.0,1440.7859335704993
Bandeirantes,31273,P3,32.02680132379698,49.31942242441318,36.98092497434619,38.53019306283508,0.40378185317452925,0,0.4409243844133279,0.6189616494615799,1.0,1559.0017351068575,0.0,0.6189616494615799,46.0,1,,1559.0017351068575,1.0,1559.0017351068575
Itaperuçu,31217,P3,32.02680132379698,70.04665156303572,58.96545254903326,62.774834101560764,0.6346732128335024,1,0.5641456770271535,-0.07780617362789166,1.0,3135.285671397502,-1.0,0.9221938263721083,11.0,0,,3135.285671397502,1.0,3135.285671397502
Quedas do Iguaçu,30738,P3,32.02680132379698,65.52345373946963,71.96051268487375,52.40412650970979,0.5893926919069455,0,0.5031631281339348,0.799723798693114,1.0,2596.864200542002,0.0,0.799723798693114,23.0,1,,2596.864200542002,1.0,2596.864200542002
Pontal do Paraná,30425,P3,32.02680132379698,55.35674973688182,31.116615008102272,43.20040369084317,0.43214915163502715,1,0.44229477877047885,-0.3665679078112567,1.0,1673.71366428246,-1.0,0.6334320921887433,41.0,0,,1673.71366428246,1.0,1673.71366428246
Campo Magro,30160,P3,32.02680132379698,84.88309549387711,40.43513022477153,42.47584206221314,0.5054915038105761,0,0.48352080901477085,0.7279364698873537,1.0,2140.251027133979,0.0,0.7279364698873537,28.0,1,,2140.251027133979,1.0,2140.251027133979
Imbituva,29924,P3,32.02680132379698,67.89316085033892,58.5013228283572,36.52572867064789,0.4719433393812795,0,0.48763199208622376,0.7177666628205419,1.0,2015.1980591580636,0.0,0.7177666628205419,31.0,1,,2015.1980591580636,1.0,2015.1980591580636
Pinhão,29886,P3,32.02680132379698,74.6893931518086,75.17754075353513,56.41052473787983,0.6381970162379664,1,0.5315988110448178,-0.12913641391072905,1.0,2970.807110587734,-1.0,0.870863586089271,14.0,0,,2970.807110587734,1.0,2970.807110587734
São Miguel do Iguaçu,29122,P3,32.02680132379698,47.671895203474705,51.738260626099695,27.087186185824013,0.36134342877409287,0,0.45405733033602474,0.6181279629396549,1.0,1436.7014728057932,0.0,0.6181279629396549,47.0,1,,1436.7014728057932,1.0,1436.7014728057932
Ibaiti,28830,P3,32.02680132379698,54.102604911337714,44.745304429203436,37.90593927482993,0.4251314543300619,0,0.4271062413120555,0.6086825388344961,1.0,1589.9916391944314,0.0,0.6086825388344961,48.0,1,,1589.9916391944314,1.0,1589.9916391944314
Goioerê,28437,P3,32.02680132379698,42.472187663263604,36.172444824008174,42.825525589271166,0.4142424185101705,0,0.4044947344190643,0.5720536114794467,1.0,1467.246646363024,0.0,0.5720536114794467,55.0,1,,1467.246646363024,1.0,1467.246646363024
Mandirituba,27439,P3,32.02680132379698,68.40616754355534,55.14822688390561,46.46951790409515,0.5259258962794928,0,0.4493751496157589,0.6857131779431581,1.0,2069.5184018598043,0.0,0.6857131779431581,35.0,1,,2069.5184018598043,1.0,2069.5184018598043
Nova Esperança,26585,P3,32.02680132379698,53.7262956798208,35.43314952243028,39.575075931610534,0.4157693459941653,0,0.3646390985319233,0.516244858052443,1.0,1327.55152175937,0.0,0.516244858052443,60.0,1,,1327.55152175937,1.0,1327.55152175937
Arapoti,25777,P3,32.02680132379698,62.380901367808605,64.68921652056912,34.076690438540844,0.45860037840800044,0,0.42676364272276773,0.6224776107662057,1.0,1713.7896141106976,0.0,0.6224776107662057,44.0,1,,1713.7896141106976,1.0,1713.7896141106976
Santa Helena,25492,P3,32.02680132379698,37.36660820322889,42.7249563369289,26.94983857831022,0.32188216055017693,0,0.37720104680580724,0.4986153347134489,1.0,1063.1767762972345,0.0,0.4986153347134489,65.0,1,,1063.1767762972345,1.0,1063.1767762972345
Astorga,25475,P3,32.02680132379698,50.41426478521226,56.87439319016841,33.40713628074463,0.4150201336352292,0,0.36281190605572194,0.5133861517914199,1.0,1318.518964559123,0.0,0.5133861517914199,62.0,1,,1318.518964559123,1.0,1318.518964559123
Ubiratã,24749,P3,32.02680132379698,47.64705179785362,35.95218452302124,24.776776551922687,0.31585913195328585,0,0.3626977065259594,0.4772590892706965,1.0,1003.1686030836358,0.0,0.4772590892706965,69.0,1,,1003.1686030836358,1.0,1003.1686030836358
Reserva,24573,P3,32.02680132379698,68.94223436902652,56.53836219317777,57.052920067343535,0.5932787135284697,0,0.40026935181784873,0.6377406379292165,1.0,2079.4418909172864,0.0,0.6377406379292165,39.0,1,,2079.4418909172864,1.0,2079.4418909172864
Santa Terezinha de Itaipu,24262,P3,32.02680132379698,56.067521207432804,60.504093818936155,36.553586639327804,0.4524647498887047,0,0.3687502816033762,0.5355967855404372,1.0,1461.0086773906276,0.0,0.5355967855404372,58.0,1,,1461.0086773906276,1.0,1461.0086773906276
Ortigueira,24192,P3,32.02680132379698,73.3636624828258,52.839744558566274,36.1923029798623,0.4695606319619579,1,0.4097479127881431,-0.3978505983379632,1.0,1684.783547479505,-1.0,0.6021494016620368,49.0,0,,1684.783547479505,1.0,1684.783547479505
Quatro Barras,24191,P3,32.02680132379698,61.443611300613036,43.49097006035918,11.276520074213249,0.2775282831672239,0,0.4025533424131004,0.5142732804162358,1.0,978.2871981644643,0.0,0.5142732804162358,61.0,1,,978.2871981644643,1.0,978.2871981644643
Cruzeiro do Oeste,23831,P3,32.02680132379698,42.286846823647814,41.31215794418314,34.502874158446744,0.37421525448634235,0,0.3287804461864726,0.45181510452627666,1.0,1077.3657176661795,0.0,0.45181510452627666,76.0,1,,1077.3657176661795,1.0,1077.3657176661795
Santo Antônio do Sudoeste,23673,P3,32.02680132379698,67.26710388824335,37.26272702574901,34.926424220431265,0.4186182071505723,0,0.36760828630575043,0.5214958080527579,1.0,1347.5320088176923,0.0,0.5214958080527579,59.0,1,,1347.5320088176923,1.0,1347.5320088176923
Piraí do Sul,23651,P3,32.02680132379698,73.66838669625922,50.03716093700038,38.53468800471948,0.478619223294836,0,0.39764276263330944,0.5879622328336769,1.0,1666.552135512619,0.0,0.5879622328336769,52.0,1,,1666.552135512619,1.0,1666.552135512619
Coronel Vivida,23331,P3,32.02680132379698,60.61079449095115,52.74743158504843,31.67564129502341,0.41677029992213965,0,0.35230554931756447,0.49913603877088,1.0,1285.7363752598008,0.0,0.49913603877088,64.0,1,,1285.7363752598008,1.0,1285.7363752598008
Carambeí,23283,P3,32.02680132379698,70.84845619403956,63.984020317774416,18.969668654862012,0.38348296495280004,0,0.4323594196811342,0.5981618918657275,1.0,1451.866505311301,0.0,0.5981618918657275,51.0,1,,1451.866505311301,1.0,1451.866505311301
Loanda,23225,P3,32.02680132379698,34.47354252401901,45.65904750357524,34.437358740635055,0.36688933249899874,0,0.35995691781165745,0.49202127111597344,1.0,1156.435176036844,0.0,0.49202127111597344,67.0,1,,1156.435176036844,1.0,1156.435176036844
Cambará,23212,P3,32.02680132379698,60.28148649009901,36.37076489065574,45.27886038443402,0.46497766506811367,0,0.3246692631150197,0.4756332189976266,1.0,1321.9315017886472,0.0,0.4756332189976266,70.0,1,,1321.9315017886472,1.0,1321.9315017886472
Colorado,22896,P3,32.02680132379698,62.4083267040657,42.643010520037095,24.233120427719314,0.35550139701452144,0,0.29132300042434583,0.39488873405766284,1.0,906.8840637840442,0.0,0.39488873405766284,90.0,1,,906.8840637840442,1.0,906.8840637840442
Siqueira Campos,22811,P3,32.02680132379698,54.821996237142436,38.67334308500459,34.92547577981825,0.3965435333232035,0,0.33369102596626365,0.46601404444117067,1.0,1158.7002043704008,0.0,0.46601404444117067,72.0,1,,1158.7002043704008,1.0,1158.7002043704008
Jandaia do Sul,21408,P3,32.02680132379698,42.64814647006886,35.04491577324534,33.40101961533049,0.35579224217861133,0,0.2756776648468722,0.3737616393413046,1.0,858.8824726191677,0.0,0.3737616393413046,103.0,1,,858.8824726191677,1.0,858.8824726191677
Chopinzinho,21085,P3,32.02680132379698,50.06565318046336,49.33679441339026,35.35289391840305,0.41092225869812554,1,0.3169036950911641,-0.5528735227321926,1.0,1140.3092678872983,-1.0,0.4471264772678074,77.0,0,,1140.3092678872983,1.0,1140.3092678872983
Capanema,20481,P3,32.02680132379698,41.98955486662229,43.289168879549464,23.666388538973422,0.312555778726184,0,0.28138764133500127,0.36933697469638677,1.0,770.1374387813174,0.0,0.36933697469638677,105.0,1,,770.1374387813174,1.0,770.1374387813174
Tibagi,19961,P2,32.63434282213392,68.45318346743018,55.537791978160264,47.70752574435153,0.5757184208034473,0,0.3447683803532341,0.5432578878331603,1.0,1738.0939124056072,0.0,0.5432578878331603,57.0,1,,1738.0939124056072,1.0,1738.0939124056072
Andirá,19878,P2,32.63434282213392,48.312407828864295,38.24728148213852,44.16189143024602,0.4463917600007183,0,0.2712238831861315,0.392295989755818,1.0,1060.1804300017059,0.0,0.392295989755818,92.0,1,,1060.1804300017059,1.0,1060.1804300017059
Ampére,19620,P2,32.63434282213392,62.509268507235596,43.254936679218744,23.827713768182885,0.4318578024601114,0,0.2912088008945833,0.41696959370596215,1.0,1101.237396273284,0.0,0.41696959370596215,83.0,1,,1101.237396273284,1.0,1101.237396273284
Realeza,19247,P2,32.63434282213392,42.90575780554448,38.61337827233315,27.481442559309677,0.35877555800408295,0,0.27647706155521024,0.37567027359001,1.0,868.5956259278848,0.0,0.37567027359001,99.0,1,,868.5956259278848,1.0,868.5956259278848
Wenceslau Braz,19188,P2,32.63434282213392,51.7951507312518,49.09162701618133,42.32309875216993,0.4746562519660496,1,0.2949773853767485,-0.565009754465579,1.0,1226.0370988283062,-1.0,0.434990245534421,81.0,0,,1226.0370988283062,1.0,1226.0370988283062
Contenda,19128,P2,32.63434282213392,81.4305867899522,51.55112068597245,39.23964301938266,0.5857831606092843,1,0.3129067115494738,-0.5037978059832178,1.0,1605.045860069439,-1.0,0.4962021940167822,66.0,0,,1605.045860069439,1.0,1605.045860069439
Cafelândia,18997,P2,32.63434282213392,41.625160117243645,44.56939568332585,15.62361247998589,0.3181338817555699,0,0.2933785919600723,0.38671226224431354,1.0,817.285942230059,0.0,0.38671226224431354,95.0,1,,817.285942230059,1.0,817.285942230059
Altônia,18742,P2,32.63434282213392,48.049698205977556,36.16237984163383,39.89882969846225,0.42411887130102693,0,0.25706314149557136,0.36608847091976926,1.0,954.6915792986116,0.0,0.36608847091976926,107.0,1,,954.6915792986116,1.0,954.6915792986116
Matelândia,18450,P2,32.63434282213392,41.30761488773486,46.31830113624933,10.769299807102648,0.3009442610518487,0,0.28846801218028134,0.3752808049429718,1.0,760.1852034169698,0.0,0.3752808049429718,100.0,1,,760.1852034169698,1.0,760.1852034169698
Quitandinha,18398,P2,32.63434282213392,70.43103133437523,41.994459154262096,39.7474014736528,0.5247026495406364,0,0.27259427754328247,0.4156252172198584,1.0,1252.465224453499,0.0,0.4156252172198584,84.0,1,,1252.465224453499,1.0,1252.465224453499
Morretes,18309,P2,32.63434282213392,63.805331951264364,37.614250090344704,52.558011064975865,0.5406818722456503,1,0.2846994276981161,-0.5613687527068013,1.0,1347.9199075084064,-1.0,0.4386312472931987,79.0,0,,1347.9199075084064,1.0,1347.9199075084064
Terra Roxa,18119,P2,32.63434282213392,55.75229260342973,40.57103372958764,33.61298090598346,0.43860316149682804,0,0.27464986907900896,0.3951121699617522,1.0,1054.8406033998715,0.0,0.3951121699617522,89.0,1,,1054.8406033998715,1.0,1054.8406033998715
Antonina,18091,P2,32.63434282213392,71.11136348686651,30.306251356132957,63.78848713102816,0.6002119051838446,0,0.2882396131207562,0.46124446046141954,1.0,1514.9348486840238,0.0,0.46124446046141954,74.0,1,,1514.9348486840238,1.0,1514.9348486840238
Tijucas do Sul,17621,P2,32.63434282213392,80.1184116628227,74.7460261820529,53.12342327813818,0.6824593921279493,1,0.28732601688265547,-0.5165856442930625,1.0,1717.0678305939202,-1.0,0.48341435570693747,68.0,0,,1717.0678305939202,1.0,1717.0678305939202
Terra Boa,17568,P2,32.63434282213392,45.16748869052377,46.127181633581124,27.60074520067468,0.38332729883195604,0,0.2564921438467585,0.35481258451915393,1.0,860.9531131765733,0.0,0.35481258451915393,109.0,1,,860.9531131765733,1.0,860.9531131765733
Corbélia,17470,P2,32.63434282213392,42.62507392682893,48.57985828537666,35.16884759187444,0.40833540264556684,0,0.2630015170432256,0.37039434740146604,1.0,940.3964322927404,0.0,0.37039434740146604,104.0,1,,940.3964322927404,1.0,940.3964322927404
Sengés,17270,P2,32.63434282213392,60.13823616114722,68.85371635358011,34.702230718247854,0.5170693002247405,0,0.28846801218028134,0.4376259653755613,1.0,1306.1170523676944,0.0,0.4376259653755613,80.0,1,,1306.1170523676944,1.0,1306.1170523676944
Carlópolis,16905,P2,32.63434282213392,62.85003216966911,51.79896940057799,46.211196050313234,0.5398428516810854,1,0.25295195842411844,-0.6104937350018902,1.0,1195.751916473604,-1.0,0.3895062649981098,94.0,0,,1195.751916473604,1.0,1195.751916473604
Mangueirinha,16603,P2,32.63434282213392,58.27643568396933,78.46410402597412,40.53501423384225,0.5521740077231946,0,0.2786468526206993,0.4325084019717252,1.0,1347.3045788445947,0.0,0.4325084019717252,82.0,1,,1347.3045788445947,1.0,1347.3045788445947
Faxinal,16389,P2,32.63434282213392,48.10217175835277,57.646281830850256,57.577580849989396,0.5380115740950692,0,0.26825469541230434,0.4125788263494716,1.0,1263.7891875493174,0.0,0.4125788263494716,86.0,1,,1263.7891875493174,1.0,1263.7891875493174
Cerro Azul,16134,P2,32.63434282213392,91.4560492707425,39.62109068311757,69.73994773357096,0.7240261693834888,1,0.2583193363229598,-0.5546507041214426,1.0,1637.7471951454518,-1.0,0.4453492958785574,78.0,0,,1637.7471951454518,1.0,1637.7471951454518
Cruz Machado,15978,P2,32.63434282213392,74.13514818843119,61.742376798912126,46.05935312502538,0.6042627588516505,0,0.229312655763264,0.36787775377437276,1.0,1213.3596197741142,0.0,0.36787775377437276,106.0,1,,1213.3596197741142,1.0,1213.3596197741142
Sertanópolis,15930,P2,32.63434282213392,69.41748604334998,38.459376395682845,31.676526411630373,0.4812948026112871,0,0.21834950090605618,0.32343998084490955,1.0,920.235662592781,0.0,0.32343998084490955,130.0,0,,920.235662592781,1.0,920.235662592781
Marmeleiro,15901,P2,32.63434282213392,60.67002002298535,43.09750220716001,37.39287886585664,0.478446599969688,1,0.23673562519783184,-0.6499990198345671,1.0,991.8198017371633,-1.0,0.3500009801654329,114.0,-1,,991.8198017371633,1.0,991.8198017371633
Tapejara,15869,P2,32.63434282213392,46.61106011682124,46.90839598374672,27.83033232040313,0.39158236171639094,0,0.2499827706502913,0.3478716143699393,1.0,857.1737897971798,0.0,0.3478716143699393,116.0,0,,857.1737897971798,1.0,857.1737897971798
Iporã,15746,P2,32.63434282213392,53.26167322512089,36.659157879280826,35.5715169172113,0.4286510763278904,0,0.22360267927513494,0.31945020841622157,1.0,839.2988074500093,0.0,0.31945020841622157,134.0,0,,839.2988074500093,1.0,839.2988074500093
Campina da Lagoa,15723,P2,32.63434282213392,56.85255159971552,61.118401119812425,54.03607522448942,0.5657913095364446,0,0.24016161109070927,0.37604296353010397,1.0,1189.859123955143,0.0,0.37604296353010397,98.0,1,,1189.859123955143,1.0,1189.859123955143
Bituruna,15533,P2,32.63434282213392,66.38721509010522,69.79489574183586,46.77696488309336,0.592246511376466,0,0.255806946668183,0.40730771841828,1.0,1326.6321854832838,0.0,0.40730771841828,87.0,1,,1326.6321854832838,1.0,1326.6321854832838
Cândido de Abreu,15244,P2,32.63434282213392,72.62934805636503,46.4263578625584,67.16565441985468,0.6520327256299956,0,0.2362788270787815,0.3903403547076178,1.0,1349.0557093284608,0.0,0.3903403547076178,93.0,1,,1349.0557093284608,1.0,1349.0557093284608
Salto do Lontra,15223,P2,32.63434282213392,71.0629612580434,36.44937891929088,40.4119263920508,0.5187983084389587,0,0.22554407128109882,0.3425559539401688,1.0,1024.6266591669435,0.0,0.3425559539401688,119.0,0,,1024.6266591669435,1.0,1024.6266591669435
Jaguapitã,15122,P2,32.63434282213392,55.08465955609999,55.06776205235614,14.72719499750853,0.3893829423191464,1,0.2349084327216305,-0.6736222305696418,1.0,800.9607123504841,-1.0,0.32637776943035823,126.0,-1,,800.9607123504841,1.0,800.9607123504841
Clevelândia,15070,P2,32.63434282213392,57.66927567534801,75.86194817620304,44.525864531590216,0.5605044571801591,0,0.24541478945978804,0.38297087280992953,1.0,1204.5240784801617,0.0,0.38297087280992953,96.0,1,,1204.5240784801617,1.0,1204.5240784801617
Candói,14973,P2,32.63434282213392,67.1339261538681,54.097368067605615,41.48071404521729,0.5426532969315528,0,0.25592114619794554,0.3947975999367626,1.0,1216.0860384236098,0.0,0.3947975999367626,91.0,1,,1216.0860384236098,1.0,1216.0860384236098
Terra Rica,14842,P2,32.63434282213392,45.18658035762985,37.9570317798534,44.42265779493164,0.43435101616995275,0,0.230683050120415,0.33088046735340143,1.0,877.3890526633046,0.0,0.33088046735340143,123.0,0,,877.3890526633046,1.0,877.3890526633046
Bela Vista do Paraíso,14833,P2,32.63434282213392,62.6078259571324,46.73255237486981,52.13442258931876,0.5524340989355442,0,0.2063585502809851,0.32035805006310625,1.0,998.2484167765283,0.0,0.32035805006310625,132.0,0,,998.2484167765283,1.0,998.2484167765283
Capitão Leônidas Marques,14648,P2,32.63434282213392,53.912189099391064,59.0619372971673,44.724748254365814,0.5126716240093621,0,0.22097609009059554,0.33426426106458024,1.0,992.0195924581155,0.0,0.33426426106458024,122.0,0,,992.0195924581155,1.0,992.0195924581155
Rebouças,14514,P2,32.63434282213392,69.83639569085553,39.17818005877805,54.699697974031544,0.5765007347771044,0,0.22291748209655943,0.3514295743198879,1.0,1125.3294342849078,0.0,0.3514295743198879,112.0,0,,1125.3294342849078,1.0,1125.3294342849078
Araruna,14485,P2,32.63434282213392,69.33559752905917,35.702608935150124,37.29368084414278,0.497922331363108,0,0.2106981324119632,0.3156094377163807,1.0,918.6667013649343,0.0,0.3156094377163807,135.0,0,,918.6667013649343,1.0,918.6667013649343
Planalto,14374,P2,32.63434282213392,56.58633322400321,38.138050965098664,34.393425945179914,0.4401951386069298,0,0.17929326172725324,0.25821728392457005,1.0,691.1063676128798,0.0,0.25821728392457005,160.0,0,,691.1063676128798,1.0,691.1063676128798
Imbaú,14249,P2,32.63434282213392,88.18218666037005,51.708103173250244,45.18371027112993,0.6368797940725004,1,0.24290239980501124,-0.6023979698274571,1.0,1354.6433219922083,-1.0,0.3976020301725429,88.0,0,,1354.6433219922083,1.0,1354.6433219922083
Manoel Ribas,14240,P2,32.63434282213392,62.13453947819148,52.33423768176606,45.73266376880788,0.5361372883515296,1,0.24358759698358673,-0.6258160092935678,1.0,1143.5808360538126,-1.0,0.37418399070643216,102.0,0,,1143.5808360538126,1.0,1143.5808360538126
Turvo,14231,P2,32.63434282213392,58.11632618752189,47.30832486815581,39.44649825245504,0.48486794749621936,0,0.23650722613830666,0.3511819994440116,1.0,1004.1615192646703,0.0,0.3511819994440116,113.0,0,,1004.1615192646703,1.0,1004.1615192646703
Ipiranga,14142,P2,32.63434282213392,73.44265641253574,56.06269804716565,40.99489615004621,0.5698756063446591,0,0.2282848599954008,0.35837883300458545,1.0,1139.1813370829734,0.0,0.35837883300458545,108.0,1,,1139.1813370829734,1.0,1139.1813370829734
Santa Izabel do Oeste,14070,P2,32.63434282213392,63.901374730021054,32.77907453801048,35.074383737908505,0.4614611829477392,0,0.20521655498335928,0.29991602920644,1.0,829.2457457570873,0.0,0.29991602920644,137.0,0,,829.2457457570873,1.0,829.2457457570873
Rio Azul,14025,P2,32.63434282213392,89.74142008527265,68.0274072331794,35.804262427099616,0.6382375445158478,0,0.2120685267691142,0.34741862256332695,1.0,1185.2071201659294,0.0,0.34741862256332695,117.0,0,,1185.2071201659294,1.0,1185.2071201659294
Rio Bonito do Iguaçu,13929,P2,32.63434282213392,71.73019358575387,74.12780205113214,62.75906288201574,0.6862126299733426,1,0.24541478945978804,-0.5861784824306566,1.0,1474.6709418127134,-1.0,0.4138215175693434,85.0,0,,1474.6709418127134,1.0,1474.6709418127134
Alto Paraná,13909,P2,32.63434282213392,68.14892667149967,48.15374345521188,50.45693337077566,0.570730927079525,0,0.21960569573344457,0.34494145805133747,1.0,1097.5155727739266,0.0,0.34494145805133747,118.0,0,,1097.5155727739266,1.0,1097.5155727739266
Assaí,13797,P2,32.63434282213392,42.565118493670994,35.87349824542101,46.61854016345286,0.42848163111933746,0,0.20042017473333085,0.28629653811229105,1.0,751.9852626144373,0.0,0.28629653811229105,145.0,0,,751.9852626144373,1.0,751.9852626144373
Nova Aurora,13765,P2,32.63434282213392,63.1917146645025,47.42290010324244,27.620552426226585,0.4580948685694012,0,0.2112691300607761,0.3080504344287391,1.0,847.4755068533922,0.0,0.3080504344287391,136.0,0,,847.4755068533922,1.0,847.4755068533922
Guaraniaçu,13735,P2,32.63434282213392,67.45057503064125,37.4416374407099,33.06271665731542,0.4769364416332465,0,0.195737994013065,0.2890925763700859,1.0,817.4690609593845,0.0,0.2890925763700859,143.0,0,,817.4690609593845,1.0,817.4690609593845
São João do Triunfo,13726,P2,32.63434282213392,80.45695927963837,38.9669140980203,41.60043301990811,0.5661633973942266,0,0.21526611360246647,0.3371419078234904,1.0,1067.2180040881171,0.0,0.3371419078234904,121.0,0,,1067.2180040881171,1.0,1067.2180040881171
Piên,13655,P2,32.63434282213392,58.439372725360194,46.66301127655796,23.569170407312548,0.42136019508380684,0,0.22588666987038655,0.3210663211538041,1.0,833.45046587577,0.0,0.3210663211538041,131.0,0,,833.45046587577,1.0,833.45046587577
Curiúva,13647,P2,32.63434282213392,70.2780041586458,45.052585532615694,54.24116885607033,0.5881818631240959,0,0.20396036015597088,0.3239261447959714,1.0,1050.4928075396354,0.0,0.3239261447959714,129.0,0,,1050.4928075396354,1.0,1050.4928075396354
Mamborê,13452,P2,32.63434282213392,63.7020196929568,25.916711091530964,61.27098303840035,0.5517254331084905,0,0.19276880623923787,0.2991242593513881,1.0,931.312531087132,0.0,0.2991242593513881,138.0,0,,931.312531087132,1.0,931.312531087132
Mallet,13428,P2,32.63434282213392,73.08482348816551,29.831447796983834,26.60342185852001,0.45841587698070974,0,0.1864878321022959,0.27197681520170125,1.0,748.593127109499,0.0,0.27197681520170125,152.0,0,,748.593127109499,1.0,748.593127109499
Balsa Nova,13395,P2,32.63434282213392,63.47781186199726,60.63275504157293,28.900106269272218,0.4907771826082238,0,0.21857789996558136,0.3258509458911115,1.0,939.3475275121403,0.0,0.3258509458911115,127.0,0,,939.3475275121403,1.0,939.3475275121403
Peabiru,13346,P2,32.63434282213392,45.05587428986289,42.359938765971,46.51717959595851,0.4510120930752276,0,0.20613015122145995,0.29909734216976375,1.0,814.0768280007858,0.0,0.29909734216976375,139.0,0,,814.0768280007858,1.0,814.0768280007858
Bocaiúva do Sul,13299,P2,32.63434282213392,73.09004814285377,60.39156696933489,54.85806765339119,0.6325755971236496,1,0.2295410548227892,-0.6252568753582926,1.0,1271.4769502185359,-1.0,0.37474312464170745,101.0,0,,1271.4769502185359,1.0,1271.4769502185359
Paraíso do Norte,13245,P2,32.63434282213392,37.75539371390618,73.88519514954098,18.432510197034404,0.37252200594284424,0,0.20167636956071924,0.27680525530074873,0.0,657.8738624950629,0.0,0.27680525530074873,148.0,0,,657.8738624950629,1.0,657.8738624950629
Ivaí,13229,P2,32.63434282213392,70.71608607512432,62.164562633636876,56.37762711131026,0.6327039780130121,0,0.21583711125127938,0.3523981101428009,1.0,1195.810518444593,0.0,0.3523981101428009,111.0,1,,1195.810518444593,1.0,1195.810518444593
Santa Tereza do Oeste,13174,P2,32.63434282213392,58.90687336509475,49.680540502336115,34.4816794570855,0.47291529229339324,1,0.22211808538822136,-0.6728388753367591,1.0,919.8202435106499,-1.0,0.3271611246632409,125.0,-1,,919.8202435106499,1.0,919.8202435106499
Ribeirão do Pinhal,13060,P2,32.63434282213392,63.70124438163962,64.5305931795063,68.44284954145316,0.6576375620513837,0,0.19802198460831663,0.3282486797987066,1.0,1140.3435325970993,0.0,0.3282486797987066,124.0,0,,1140.3435325970993,1.0,1140.3435325970993
Palmital,13033,P2,32.63434282213392,65.36389004946773,49.481260285291114,61.86213694407736,0.6078666285447626,0,0.2102413342929129,0.3380400253502982,1.0,1119.0824631509079,0.0,0.3380400253502982,120.0,0,,1119.0824631509079,1.0,1119.0824631509079
Nova Londrina,12923,P2,32.63434282213392,37.268913781665816,40.04944993950117,34.47785056752394,0.3670859572757614,0,0.19368240247733853,0.26478049259820163,0.0,622.5777835396913,0.0,0.26478049259820163,156.0,0,,622.5777835396913,1.0,622.5777835396913
Nova Prata do Iguaçu,12699,P2,32.63434282213392,76.50651776918112,36.191089140501234,32.38763691863758,0.5079587970322773,0,0.19288300576900047,0.2908596253473918,1.0,857.9424081875163,0.0,0.2908596253473918,142.0,0,,857.9424081875163,1.0,857.9424081875163
Engenheiro Beltrão,12454,P2,32.63434282213392,32.32137039394495,28.084924417844842,48.46184819235434,0.3793027231808868,0,0.1651325200366931,0.22776773457233312,0.0,548.4717377195624,0.0,0.22776773457233312,179.0,0,,548.4717377195624,1.0,548.4717377195624
Ribeirão Claro,12364,P2,32.63434282213392,54.997121111186296,38.346452141548774,41.54941425544384,0.4628790457496181,1,0.17232709041173574,-0.7479063104216719,1.0,698.4844800361736,-1.0,0.2520936895783281,164.0,-1,,698.4844800361736,1.0,698.4844800361736
Itapejara d'Oeste,12344,P2,32.63434282213392,54.04010450580824,52.83862152855087,34.45424853166268,0.45965465520698534,0,0.18169145185226745,0.265206773507478,1.0,731.3105564343136,0.0,0.265206773507478,155.0,0,,731.3105564343136,1.0,731.3105564343136
Nova Laranjeiras,12074,P2,32.63434282213392,80.50503534523062,76.90600040548654,59.1167629692538,0.7122991940689107,1,0.22143288820964588,-0.6208406439782721,1.0,1381.148137299618,-1.0,0.3791593560217279,97.0,0,,1381.148137299618,1.0,1381.148137299618
Jardim Alegre,12004,P2,32.63434282213392,58.52490794642931,37.987122492118594,49.235815480094544,0.5070171386903326,0,0.1682159073402828,0.2535042553621511,1.0,746.8362452908599,0.0,0.2535042553621511,163.0,0,,746.8362452908599,1.0,746.8362452908599
Joaquim Távora,11945,P2,32.63434282213392,40.47429960531991,64.14450926727989,20.634758149414196,0.37272524955349623,0,0.18260504809036812,0.2506665602095788,0.0,595.9876740360405,0.0,0.2506665602095788,165.0,0,,595.9876740360405,1.0,595.9876740360405
São João,11886,P2,32.63434282213392,52.15377923780069,37.32984351549725,25.39042380375087,0.3848364991972007,0,0.16547511862598085,0.22915598398224482,0.0,557.6280873367438,0.0,0.22915598398224482,177.0,0,,557.6280873367438,1.0,557.6280873367438
Pérola,11878,P2,32.63434282213392,48.387299497823115,34.4664216025635,33.599485593282594,0.39687998356954984,0,0.16707391204265698,0.2333822035090471,0.0,580.6354159622514,0.0,0.2333822035090471,173.0,0,,580.6354159622514,1.0,580.6354159622514
Jataizinho,11813,P2,32.63434282213392,56.243668408767114,58.45534045941022,46.91919716367428,0.529562143208586,0,0.17883646360820293,0.27354148456040717,1.0,829.2943162646457,0.0,0.27354148456040717,151.0,0,,829.2943162646457,1.0,829.2943162646457
Porecatu,11624,P2,32.63434282213392,47.83663565596423,27.95321592021885,52.642063391101516,0.4578212280287007,0,0.14982978304850716,0.2184250383190485,0.0,600.6614511736553,0.0,0.2184250383190485,185.0,0,,600.6614511736553,1.0,600.6614511736553
Itaipulândia,11485,P2,32.63434282213392,35.137114607743264,58.86243360924463,17.154508918167384,0.32689136132213187,0,0.18865762316778495,0.25032817042889993,0.0,540.0245289041618,0.0,0.25032817042889993,166.0,0,,540.0245289041618,1.0,540.0245289041618
Cidade Gaúcha,11467,P2,32.63434282213392,42.297664016494764,53.18790028502407,29.728442357685264,0.39448022606676825,0,0.1763240739534261,0.2458804345075872,0.0,609.0774690470902,0.0,0.2458804345075872,168.0,0,,609.0774690470902,1.0,609.0774690470902
Florestópolis,11446,P2,32.63434282213392,54.806494965027454,35.11501741761357,56.01365648594383,0.5135106406391123,0,0.16798750828075765,0.2542508812773777,1.0,755.3741523801342,0.0,0.2542508812773777,162.0,0,,755.3741523801342,1.0,755.3741523801342
Santa Fé,11378,P2,32.63434282213392,25.241835112003802,39.516684484949735,31.520378602639127,0.30608222382847117,0,0.1569101538937872,0.20493756273886526,0.0,420.5569755403194,0.0,0.20493756273886526,194.0,0,,420.5569755403194,1.0,420.5569755403194
Roncador,11251,P2,32.63434282213392,63.13780797134937,45.864739173678295,42.77920911739208,0.5153975467023224,0,0.1627343299116789,0.24660720431240457,1.0,734.4415040508094,0.0,0.24660720431240457,167.0,0,,734.4415040508094,1.0,734.4415040508094
Moreira Sales,11175,P2,32.63434282213392,59.53362106610128,42.57010229755637,52.0654973024547,0.5315366780693366,0,0.15120017740565814,0.23156861742735604,1.0,703.7545617638016,0.0,0.23156861742735604,174.0,0,,703.7545617638016,1.0,703.7545617638016
Três Barras do Paraná,11135,P2,32.63434282213392,54.968121452854604,56.64157136094554,52.010339167790946,0.5411969852044733,0,0.17392588382841193,0.2680540478053719,1.0,824.2430084664129,0.0,0.2680540478053719,153.0,0,,824.2430084664129,1.0,824.2430084664129
Céu Azul,11087,P2,32.63434282213392,52.34567797017339,30.80252655973746,23.797600338713057,0.36617816635502065,0,0.1521137736437588,0.20781451635397305,0.0,487.74931758488754,0.0,0.20781451635397305,193.0,0,,487.74931758488754,1.0,487.74931758488754
Santa Mariana,11066,P2,32.63434282213392,48.86453124680705,55.64640408043303,55.63279307033551,0.5292821054294363,0,0.1465179966853923,0.22406735045433993,1.0,679.0689412659668,0.0,0.22406735045433993,181.0,0,,679.0689412659668,1.0,679.0689412659668
Missal,11064,P2,32.63434282213392,51.24933729379675,35.915950858882,38.537258143412814,0.4309782834666022,0,0.15474036282829817,0.22143009878303735,1.0,583.975574097246,0.0,0.22143009878303735,183.0,0,,583.975574097246,1.0,583.975574097246
General Carneiro,11062,P2,32.63434282213392,87.41327542115526,56.08684452661418,63.78940472347855,0.7169844096317636,0,0.18614523351300813,0.3196084638690991,1.0,1168.6845876997747,0.0,0.3196084638690991,133.0,0,,1168.6845876997747,1.0,1168.6845876997747
Cantagalo,10933,P2,32.63434282213392,54.028833162106395,68.34551811956608,57.348124385500384,0.5821988664295593,0,0.1839754424475191,0.29108573649134134,1.0,937.9223738180201,0.0,0.29108573649134134,141.0,0,,937.9223738180201,1.0,937.9223738180201
Centenário do Sul,10832,P2,32.63434282213392,65.36733532739711,23.097705205503686,34.92137143954404,0.447350237478772,0,0.15291317035209687,0.2213189134227393,1.0,599.0019679840757,0.0,0.2213189134227393,184.0,0,,599.0019679840757,1.0,599.0019679840757
São Jerônimo da Serra,10830,P2,32.63434282213392,78.9868633655273,36.0288436545667,56.82463627881137,0.6153036858864881,0,0.17369748476888675,0.2805741873763949,1.0,935.8769062333483,0.0,0.2805741873763949,147.0,0,,935.8769062333483,1.0,935.8769062333483
Barbosa Ferraz,10795,P2,32.63434282213392,66.0865761067876,23.977314707231155,56.23180541933597,0.5372281555189565,0,0.14549020091752907,0.22365163320253562,1.0,684.4286701311506,0.0,0.22365163320253562,182.0,0,,684.4286701311506,1.0,684.4286701311506
Tamarana,10707,P2,32.63434282213392,73.25577588687683,52.85343812223021,44.999611210777125,0.5787284246350763,0,0.18591683445348298,0.29351219116988747,1.0,942.1698753059043,0.0,0.29351219116988747,140.0,0,,942.1698753059043,1.0,942.1698753059043
Querência do Norte,10685,P2,32.63434282213392,51.85845918876502,45.17390474832347,50.976914889021096,0.5016893058077914,0,0.17609567489390093,0.2644409917871766,1.0,773.6049095556143,0.0,0.2644409917871766,157.0,0,,773.6049095556143,1.0,773.6049095556143
Iretama,10684,P2,32.63434282213392,54.204872177291996,57.57420051033903,47.592938107011115,0.5223396421578904,0,0.15839474778070078,0.24113060365616135,1.0,724.485083672994,0.0,0.24113060365616135,170.0,0,,724.485083672994,1.0,724.485083672994
São João do Ivaí,10667,P2,32.63434282213392,36.2503899415243,44.43336551343698,47.74405997829355,0.42484453070614536,0,0.13852402960201157,0.19737520594980237,0.0,515.3364157465543,0.0,0.19737520594980237,198.0,0,,515.3364157465543,1.0,515.3364157465543
Jesuítas,10506,P2,32.63434282213392,52.53026957564736,34.34709702221453,44.684341898726025,0.45755263994192263,0,0.15485456235806075,0.22570867617204254,1.0,620.441379761247,0.0,0.22570867617204254,180.0,0,,620.441379761247,1.0,620.441379761247
Floresta,10458,P2,32.63434282213392,36.26230123109481,44.23786787788161,31.709155921106603,0.3603615643645689,0,0.16810170781052022,0.228679102209475,0.0,530.4522227446454,0.0,0.228679102209475,178.0,0,,530.4522227446454,1.0,530.4522227446454
Catanduvas,10446,P2,32.63434282213392,66.12439201865666,30.792447053379867,42.61421116495313,0.4965393068411989,0,0.15725275248307496,0.23533492519989163,1.0,683.7346255203308,0.0,0.23533492519989163,172.0,0,,683.7346255203308,1.0,683.7346255203308
Uraí,10406,P2,32.63434282213392,59.17976268128601,16.390390717389636,50.75557376306574,0.4725221272121863,0,0.13840983007224902,0.20381153740506536,1.0,572.6968181811698,0.0,0.20381153740506536,196.0,0,,572.6968181811698,1.0,572.6968181811698
Alvorada do Sul,10326,P2,32.63434282213392,51.48217164648356,16.536652153926344,46.9914049840926,0.4269676108301573,0,0.13292825264364508,0.18968431108672976,0.0,496.9902990063031,0.0,0.18968431108672976,203.0,0,,496.9902990063031,1.0,496.9902990063031
Agudos do Sul,10233,P2,32.63434282213392,70.94861576443883,48.391929315177094,59.783831977009314,0.6197136495961467,1,0.16924370310814604,-0.725873663967538,1.0,918.4156287014895,-1.0,0.27412633603246195,150.0,-1,,918.4156287014895,1.0,918.4156287014895
Primeiro de Maio,10082,P2,32.63434282213392,46.478869335745664,18.206403140954613,45.87875530177781,0.4058433048320031,0,0.12436328791145146,0.17483529567720882,0.0,441.96335896205136,0.0,0.17483529567720882,219.0,0,,441.96335896205136,1.0,441.96335896205136
Santa Maria do Oeste,9934,P2,32.63434282213392,65.30601306766134,54.356782728545774,64.01237406547405,0.6259871139896331,0,0.16090713743547758,0.2616329320190454,1.0,882.015843611393,0.0,0.2616329320190454,158.0,0,,882.015843611393,1.0,882.015843611393
Mariluz,9847,P2,32.63434282213392,82.12826583085354,51.0334983030374,53.99324768917412,0.6465530506861854,0,0.1582805482509382,0.2606173195868643,1.0,896.1225282510529,0.0,0.2606173195868643,159.0,0,,896.1225282510529,1.0,896.1225282510529
Barracão,9759,P2,32.63434282213392,53.23533585580189,41.1406715796323,46.34378660140995,0.48059783298811204,1,0.15485456235806075,-0.7707226705443329,1.0,651.6906615318799,-1.0,0.22927732945566714,176.0,-1,,651.6906615318799,1.0,651.6906615318799
Alto Piquiri,9727,P2,32.63434282213392,56.80448049133792,43.114277390566365,46.047778903034,0.4976375923586204,0,0.1453760013877665,0.21772056470509807,1.0,633.4926550725237,0.0,0.21772056470509807,187.0,0,,633.4926550725237,1.0,633.4926550725237
Vitorino,9706,P2,32.63434282213392,77.3327400481407,46.74780388821536,29.39205625401665,0.5203947929850601,1,0.17563887677485063,-0.7329595663057725,1.0,800.3671916110225,-1.0,0.2670404336942275,154.0,-1,,800.3671916110225,1.0,800.3671916110225
Ventania,9681,P2,32.63434282213392,65.53143987021653,70.93343618100714,37.767109496647144,0.555061069829469,0,0.15553975953663626,0.24187382486605996,1.0,755.9931771077368,0.0,0.24187382486605996,169.0,0,,755.9931771077368,1.0,755.9931771077368
Inácio Martins,9670,P2,32.63434282213392,77.69252100939316,58.564596434806404,63.61572459729577,0.6823621752963686,0,0.16810170781052022,0.2828079548231413,1.0,1004.4371220362546,0.0,0.2828079548231413,146.0,0,,1004.4371220362546,1.0,1004.4371220362546
Paranacity,9557,P2,32.63434282213392,45.58747969919892,58.189872800625196,36.09115504653921,0.4430942845842029,0,0.15017238163779492,0.21671290564389956,0.0,582.6689842282268,0.0,0.21671290564389956,188.0,0,,582.6689842282268,1.0,582.6689842282268
Teixeira Soares,9547,P2,32.63434282213392,74.27040219017468,52.89702273308414,54.96363958041891,0.6227302125485427,0,0.14834518916159362,0.24072422033874655,1.0,808.926546100557,0.0,0.24072422033874655,171.0,0,,808.926546100557,1.0,808.926546100557
Cambira,9460,P2,32.63434282213392,53.429573298964414,31.797562234926136,33.46538223344813,0.41117494659950254,0,0.14012282301868773,0.1977378172907682,0.0,504.5116594775896,0.0,0.1977378172907682,197.0,0,,504.5116594775896,1.0,504.5116594775896
Mauá da Serra,9383,P2,32.63434282213392,53.98327830729666,48.53108146107276,49.44101259126138,0.5107593265163777,0,0.17061409746529704,0.25775683898087176,1.0,763.0744338154683,0.0,0.25775683898087176,161.0,0,,763.0744338154683,1.0,763.0744338154683
São Jorge d'Oeste,9378,P2,32.63434282213392,43.39351844490017,37.89003056004712,29.432163408539026,0.367082788533851,0,0.13486964464960896,0.18437796989615698,0.0,433.52477325847804,0.0,0.18437796989615698,207.0,0,,433.52477325847804,1.0,433.52477325847804
Douradina,9161,P2,32.63434282213392,41.480863288666136,30.20566851006217,22.42784561826532,0.3160461726478501,0,0.13795303195319866,0.18155255970717366,0.0,381.78377655860294,0.0,0.18155255970717366,211.0,0,,381.78377655860294,1.0,381.78377655860294
Japurá,9144,P2,32.63434282213392,55.49426192435607,40.90805861787761,39.319095405145234,0.4610695465537604,0,0.1159125227090204,0.1693562569943709,1.0,467.98558975206686,0.0,0.1693562569943709,222.0,0,,467.98558975206686,1.0,467.98558975206686
Rondon,9097,P2,32.63434282213392,41.05527688415296,51.00350497980368,33.32067438084961,0.3995108150196176,0,0.13521224323889672,0.18923099673589913,0.0,473.02080498322726,0.0,0.18923099673589913,205.0,0,,473.02080498322726,1.0,473.02080498322726
Icaraíma,8991,P2,32.63434282213392,57.226352678877646,68.49279768739972,53.16494858293584,0.5785508004220534,1,0.12002370578047335,-0.8105364831706128,1.0,608.0568912435781,-1.0,0.18946351682938722,204.0,-1,,608.0568912435781,1.0,608.0568912435781
Santa Isabel do Ivaí,8912,P2,32.63434282213392,44.99682274539648,69.91508056393829,36.36725145126858,0.46528645791453677,0,0.12424908838168887,0.18206050661391512,0.0,506.231666211016,0.0,0.18206050661391512,210.0,0,,506.231666211016,1.0,506.231666211016
Sabáudia,8822,P2,32.63434282213392,36.95193029017423,37.876096667331154,20.904353979802632,0.3071773304145698,0,0.1376104333639109,0.17988123892182908,0.0,370.1486831495566,0.0,0.17988123892182908,214.0,0,,370.1486831495566,1.0,370.1486831495566
Califórnia,8710,P2,32.63434282213392,38.983673121097404,60.683836732827025,46.88656830469701,0.46484863916883173,0,0.13338505076269538,0.19538891009519987,0.0,542.9432105491954,0.0,0.19538891009519987,201.0,0,,542.9432105491954,1.0,542.9432105491954
São Pedro do Ivaí,8690,P2,32.63434282213392,39.591351996113595,80.8287573705864,44.96056893841309,0.4998651984792795,0,0.12379229026263855,0.18567174800497693,1.0,541.853875151539,0.0,0.18567174800497693,206.0,0,,541.853875151539,1.0,541.853875151539
Marilândia do Sul,8677,P2,32.63434282213392,70.58638544007796,42.834042446564084,50.87364469615762,0.5715082054380705,1,0.13292825264364508,-0.7911021602359669,1.0,665.235551129914,-1.0,0.2088978397640331,192.0,-1,,665.235551129914,1.0,665.235551129914
Santa Cruz de Monte Castelo,8613,P2,32.63434282213392,32.484939831080766,42.73670321962338,52.65236290364763,0.4260226173781604,0,0.12676147803646567,0.18076473469228496,0.0,472.88510528975803,0.0,0.18076473469228496,213.0,0,,472.88510528975803,1.0,472.88510528975803
Tomazina,8426,P2,32.63434282213392,55.23987855979875,48.391284726509426,48.78498147412319,0.5128820095887066,0,0.11545572458997007,0.17467088863619415,1.0,518.5237116941823,0.0,0.17467088863619415,220.0,0,,518.5237116941823,1.0,518.5237116941823
Nova Santa Rosa,8322,P2,32.63434282213392,33.436561374844445,31.052204343630514,28.843729261527123,0.31122557123274724,0,0.12105150154833658,0.15872582426629941,0.0,329.8991055067121,0.0,0.15872582426629941,234.0,0,,329.8991055067121,1.0,329.8991055067121
Congonhinhas,8320,P2,32.63434282213392,67.65186488469327,43.08718518727857,58.413450059523,0.5904356301514222,0,0.13361344982222056,0.2125035912647088,1.0,690.809687277164,0.0,0.2125035912647088,191.0,0,,690.809687277164,1.0,690.809687277164
Vera Cruz do Oeste,8215,P2,32.63434282213392,72.82682383874251,29.59306738011527,42.331178097355256,0.5198181425046217,0,0.11762551565545913,0.17876939271462822,1.0,535.4126867797603,0.0,0.17876939271462822,215.0,0,,535.4126867797603,1.0,535.4126867797603
Francisco Alves,8116,P2,32.63434282213392,83.97999849911695,74.59128327574994,47.12113847567137,0.6735871144506532,1,0.1279034733340915,-0.7859423951345818,1.0,754.4175681847316,-1.0,0.21405760486541825,189.0,-1,,754.4175681847316,1.0,754.4175681847316
Quatiguá,8099,P2,32.63434282213392,40.42814888714969,34.999859712288846,43.76731756267114,0.406781585223861,0,0.11362853211376878,0.15985052653366805,0.0,404.7476772977417,0.0,0.15985052653366805,231.0,0,,404.7476772977417,1.0,404.7476772977417
Tupãssi,8077,P2,32.63434282213392,49.06456381241202,22.598192255482303,27.5850024816722,0.35179464968730145,0,0.10985994763160357,0.14850808942332883,0.0,338.426452999184,0.0,0.14850808942332883,250.0,0,,338.426452999184,1.0,338.426452999184
Tuneiras do Oeste,8067,P2,32.63434282213392,54.85728670719484,42.394289914954605,46.426707559476114,0.48992455689659303,0,0.11979530672094818,0.17848596928450017,1.0,513.9308601845261,0.0,0.17848596928450017,216.0,0,,513.9308601845261,1.0,513.9308601845261
São Sebastião da Amoreira,8063,P2,32.63434282213392,50.00342199732851,30.77397885874736,62.30403531450466,0.5107777869648273,0,0.12082310248881142,0.18253685939227104,1.0,540.4028986087874,0.0,0.18253685939227104,209.0,0,,540.4028986087874,1.0,540.4028986087874
Figueira,8062,P2,32.63434282213392,73.92699243335697,24.88713830412567,53.60006228789877,0.5598824954932743,0,0.11317173399471844,0.17653460684298244,1.0,554.8435530338348,0.0,0.17653460684298244,217.0,0,,554.8435530338348,1.0,554.8435530338348
Verê,7932,P2,32.63434282213392,51.48780235474821,46.06400313687539,30.273730199676706,0.41917413649145047,0,0.1116871401078049,0.15850350061969365,0.0,409.95230548863856,0.0,0.15850350061969365,235.0,0,,409.95230548863856,1.0,409.95230548863856
Boa Vista da Aparecida,7924,P2,32.63434282213392,52.683878246267426,41.82975172507102,60.68190453797174,0.5371226345870987,0,0.1277892738043289,0.19642778522208215,1.0,601.0402281029635,0.0,0.19642778522208215,200.0,0,,601.0402281029635,1.0,601.0402281029635
Guamiranga,7856,P2,32.63434282213392,89.48507961259938,71.52571760568547,49.57297342976217,0.6992836473808173,0,0.12516268461978952,0.21268690323669087,1.0,766.4148775293758,0.0,0.21268690323669087,190.0,0,,766.4148775293758,1.0,766.4148775293758
Juranda,7771,P2,32.63434282213392,63.76453436040293,28.58382126244373,46.09042432112855,0.49658747725101343,1,0.10871795233397777,-0.8372940739845962,1.0,472.7512783429648,-1.0,0.1627059260154038,227.0,-1,,472.7512783429648,1.0,472.7512783429648
Borrazópolis,7735,P2,32.63434282213392,52.405818747968034,39.58788005666352,51.15393560586023,0.4934147775286401,0,0.10517776691133773,0.1570740313728546,1.0,454.4350101038775,0.0,0.1570740313728546,236.0,0,,454.4350101038775,1.0,454.4350101038775
Formosa do Oeste,7635,P2,32.63434282213392,35.48012404966415,20.094737336421375,52.012479550048226,0.39015988907169225,0,0.09421461205412988,0.1309733746421017,0.0,321.8819084841461,0.0,0.1309733746421017,260.0,0,,321.8819084841461,1.0,321.8819084841461
Campo do Tenente,7508,P2,32.63434282213392,70.62221848030612,76.48189602946358,55.06989536848661,0.6557322474540982,1,0.13875242866153673,-0.7702631294525194,1.0,796.7146806567293,-1.0,0.2297368705474806,175.0,-1,,796.7146806567293,1.0,796.7146806567293
Guaraqueçaba,7430,P2,32.63434282213392,88.0587259070134,42.45213896761598,84.56418050251733,0.7753959035733549,1,0.1227644944947753,-0.7820444193697222,1.0,833.5505963413565,-1.0,0.21795558063027776,186.0,-1,,833.5505963413565,1.0,833.5505963413565
Marilena,7253,P2,32.63434282213392,52.756474837661635,50.52886381738543,43.77519176593088,0.48718439404914093,0,0.10928894998279068,0.16253282085642343,1.0,466.23546510502786,0.0,0.16253282085642343,228.0,0,,466.23546510502786,1.0,466.23546510502786
Abatiá,7241,P2,32.63434282213392,49.26067781851006,29.063360060673695,51.81936913580208,0.4624469079385959,0,0.10437837020299966,0.1526478247590469,0.0,422.6764738558766,0.0,0.1526478247590469,243.0,0,,422.6764738558766,1.0,422.6764738558766
Nova Fátima,7225,P2,32.63434282213392,28.476542566959463,43.14388525358916,52.35195245958754,0.40960175061336634,0,0.10574876456015063,0.14906364364918906,0.0,379.29122106797723,0.0,0.14906364364918906,248.0,0,,379.29122106797723,1.0,379.29122106797723
Perobal,7189,P2,32.63434282213392,64.6758246184634,38.40796894814055,38.8575375531541,0.49094938658275106,0,0.10312217537561126,0.15374994411934648,1.0,443.3272960842242,0.0,0.15374994411934648,241.0,0,,443.3272960842242,1.0,443.3272960842242
Antônio Olinto,7018,P2,32.63434282213392,92.69770188437234,31.71595800319047,65.67578974177654,0.6969258825109764,1,0.10083818478035962,-0.8288850743007833,1.0,615.3855542571922,-1.0,0.1711149256992167,221.0,-1,,615.3855542571922,1.0,615.3855542571922
Nova Tebas,6848,P2,32.63434282213392,46.59376892717139,49.54372707600132,53.43114675515318,0.4991871168813009,0,0.1016375814886977,0.15237375275882897,0.0,444.27653402435783,0.0,0.15237375275882897,245.0,0,,444.27653402435783,1.0,444.27653402435783
Renascença,6845,P2,32.63434282213392,74.40198164678107,36.21532203246678,24.764943667378517,0.4690983453215719,0,0.10312217537561126,0.15149661721027147,1.0,423.59580582537944,0.0,0.15149661721027147,246.0,0,,423.59580582537944,1.0,423.59580582537944
Ivaté,6831,P2,32.63434282213392,47.88331295630711,53.46419925620345,41.18772943604229,0.4632125680818045,0,0.1027795767863235,0.15038836849587742,0.0,416.89131127362407,0.0,0.15038836849587742,247.0,0,,416.89131127362407,1.0,416.89131127362407
Nova Cantu,6790,P2,32.63434282213392,49.13719519222221,54.15786561014897,55.895465081882264,0.5284463723167159,0,0.1003813866613093,0.15342756629059978,1.0,464.50436126639323,0.0,0.15342756629059978,242.0,0,,464.50436126639323,1.0,464.50436126639323
Ouro Verde do Oeste,6785,P2,32.63434282213392,54.401486989414096,68.28782369218473,28.982507823947586,0.4701116266378162,0,0.10506356738157514,0.15445517194369926,1.0,432.5026965067909,0.0,0.15445517194369926,238.0,0,,432.5026965067909,1.0,432.5026965067909
Sapopema,6695,P2,32.63434282213392,50.495597406862316,35.54284638889258,58.50817178321568,0.5071007695380971,0,0.0953566073517557,0.1437120163203732,0.0,423.4291425643111,0.0,0.1437120163203732,252.0,0,,423.4291425643111,1.0,423.4291425643111
Luiziana,6690,P2,32.63434282213392,83.60132316363735,39.045672774867185,50.56508441206831,0.614756975852557,0,0.11202973869709262,0.18090080206406944,1.0,603.0765933113584,0.0,0.18090080206406944,212.0,0,,603.0765933113584,1.0,603.0765933113584
Jussara,6690,P2,32.63434282213392,42.28254356868806,25.300408249132428,19.966899884926423,0.2995985903127228,0,0.09992458854225897,0.1298618544070986,0.0,262.14876652363245,0.0,0.1298618544070986,261.0,0,,262.14876652363245,1.0,262.14876652363245
São Carlos do Ivaí,6587,P2,32.63434282213392,46.01893796607769,30.935228989568923,41.116231155668785,0.4104111344661237,0,0.098554194185108,0.13900193282701281,0.0,354.18480904426474,0.0,0.13900193282701281,255.0,0,,354.18480904426474,1.0,354.18480904426474
Guairaçá,6587,P2,32.63434282213392,54.302258472869305,88.2410820876505,43.62184294773935,0.5681785698577356,1,0.10140918242917253,-0.840972293327778,1.0,504.5425700336692,-1.0,0.159027706672222,233.0,-1,,504.5425700336692,1.0,504.5425700336692
Bom Sucesso,6581,P2,32.63434282213392,44.13152014767218,32.157834445977834,49.43736278471929,0.43859120062152157,0,0.1072333584470642,0.15426496587504007,0.0,411.83713738360876,0.0,0.15426496587504007,239.0,0,,411.83713738360876,1.0,411.83713738360876
Goioxim,6566,P2,32.63434282213392,60.64252657308467,70.31749158012678,66.50275171844658,0.6492160963263786,0,0.10689075985777645,0.17628596170600244,1.0,607.6662661614903,0.0,0.17628596170600244,218.0,0,,607.6662661614903,1.0,607.6662661614903
Pinhalão,6566,P2,32.63434282213392,55.504385239553,27.361103123243257,57.942162308825175,0.5085083964399992,0,0.09375781393507956,0.1414344495529267,1.0,417.48539347723937,0.0,0.1414344495529267,254.0,0,,417.48539347723937,1.0,417.48539347723937
Maripá,6555,P2,32.63434282213392,45.226519327916954,51.41021981883159,24.314904132351362,0.3809861334787364,0,0.11043094528041648,0.15250360413920427,0.0,368.4135910739381,0.0,0.15250360413920427,244.0,0,,368.4135910739381,1.0,368.4135910739381
Reserva do Iguaçu,6553,P2,32.63434282213392,65.71220863483246,64.7248876434247,50.972516948825486,0.5961886776214813,0,0.12356389120311337,0.19723128410126212,1.0,645.0761491864428,0.0,0.19723128410126212,199.0,0,,645.0761491864428,1.0,645.0761491864428
São Jorge do Patrocínio,6504,P2,32.63434282213392,59.327406246981326,33.94249162496181,47.20853621440308,0.49402875309546124,0,0.08370825531597237,0.1250625403135187,1.0,362.1230760189731,0.0,0.1250625403135187,269.0,0,,362.1230760189731,1.0,362.1230760189731
Boa Ventura de São Roque,6378,P2,32.63434282213392,77.70347095354639,57.5753049631791,51.927915281585825,0.6336761548668871,0,0.10026718713154671,0.16380411273238388,1.0,556.3676639731269,0.0,0.16380411273238388,226.0,0,,556.3676639731269,1.0,556.3676639731269
Mariópolis,6371,P2,32.63434282213392,34.6116489980764,54.721397878647515,41.27291672541057,0.4129810586512429,0,0.0946714101731802,0.1337689093705062,0.0,342.3612976218804,0.0,0.1337689093705062,256.0,0,,342.3612976218804,1.0,342.3612976218804
Paulo Frontin,6343,P2,32.63434282213392,49.96651044923024,49.87609780575675,39.37261250925444,0.45710868744545224,0,0.08530704873264852,0.12430164180867471,0.0,341.46018952175285,0.0,0.12430164180867471,271.0,0,,341.46018952175285,1.0,341.46018952175285
Doutor Camargo,6327,P2,32.63434282213392,49.805144223950606,53.46897163333768,43.215111768794394,0.4790189672376554,0,0.07868347600641878,0.11637435342168236,0.0,330.04406842674456,0.0,0.11637435342168236,281.0,0,,330.04406842674456,1.0,330.04406842674456
Adrianópolis,6256,P2,32.63434282213392,74.28106674603107,36.216672083134576,39.67450531320315,0.528255632403206,0,0.10426417067323707,0.1593423060892237,1.0,482.29739238412714,0.0,0.1593423060892237,232.0,0,,482.29739238412714,1.0,482.29739238412714
Fernandes Pinheiro,6255,P2,32.63434282213392,63.112700776299846,33.508982456567495,62.737781286813785,0.5704198931655894,0,0.10734755797682678,0.1685807405295552,1.0,536.194699575654,0.0,0.1685807405295552,224.0,0,,536.194699575654,1.0,536.194699575654
Pérola d'Oeste,6221,P2,32.63434282213392,49.46358091124862,32.02551034408507,45.77430727375144,0.44500257342817046,0,0.07719888211950522,0.11155258332846302,0.0,300.8217396374432,0.0,0.11155258332846302,288.0,0,,300.8217396374432,1.0,300.8217396374432
Tunas do Paraná,6219,P2,32.63434282213392,71.93538969953067,73.26516285745839,59.71215516146414,0.6731205051588961,0,0.1221934968459624,0.20444444517004856,1.0,720.2389405200188,0.0,0.20444444517004856,195.0,0,,720.2389405200188,1.0,720.2389405200188
Ibema,6218,P2,32.63434282213392,43.50174910701141,41.78280332609995,55.76810368938094,0.4806450178377694,0,0.1003813866613093,0.14862920004371435,0.0,422.4869706793993,0.0,0.14862920004371435,249.0,0,,422.4869706793993,1.0,422.4869706793993
Santo Inácio,6181,P2,32.63434282213392,37.21920958114345,57.161103390172045,6.056342038057355,0.2874244132571473,0,0.09649860264938152,0.12423465689601461,0.0,242.87362920228946,0.0,0.12423465689601461,272.0,0,,242.87362920228946,1.0,242.87362920228946
Itambé,6111,P2,32.63434282213392,37.68946825375794,34.18644922965108,27.052322694208147,0.3273400622511665,0,0.07948287271475685,0.1055008012171069,0.0,227.8286833268119,0.0,0.1055008012171069,297.0,0,,227.8286833268119,1.0,227.8286833268119
Saudade do Iguaçu,6108,P2,32.63434282213392,53.757204706573205,81.4545356216423,25.52773284268935,0.4800488214403348,0,0.10928894998279068,0.16175298161848106,1.0,459.4067221184004,0.0,0.16175298161848106,229.0,0,,459.4067221184004,1.0,459.4067221184004
São José da Boa Vista,6040,P2,32.63434282213392,81.32571129252291,61.96279624864839,55.15201238695012,0.6698364872151891,0,0.08553544779217367,0.1428302116736615,1.0,501.7075289241766,0.0,0.1428302116736615,253.0,0,,501.7075289241766,1.0,501.7075289241766
Enéas Marques,5999,P2,32.63434282213392,60.57920408962373,42.20452780936345,39.67451600497986,0.48542393599714123,0,0.08930403227433888,0.1326543471213642,1.0,379.60151794976446,0.0,0.1326543471213642,258.0,0,,379.60151794976446,1.0,379.60151794976446
Mercedes,5931,P2,32.63434282213392,50.684323836072565,29.096668800960384,22.184977435886104,0.3496705426897554,0,0.09330101581602923,0.12592563264992562,0.0,285.6808333775302,0.0,0.12592563264992562,268.0,0,,285.6808333775302,1.0,285.6808333775302
Itambaracá,5908,P2,32.63434282213392,55.24476010741889,21.609146739074895,54.479995775849446,0.4821173170112231,0,0.0798254713040446,0.11831071335830698,0.0,337.000004590845,0.0,0.11831071335830698,278.0,0,,337.000004590845,1.0,337.000004590845
Janiópolis,5870,P2,32.63434282213392,57.90837303770148,24.091047532621594,42.88773298635349,0.4513665191614631,0,0.07617108635164198,0.11055216445892985,0.0,301.06146828069586,0.0,0.11055216445892985,290.0,0,,301.06146828069586,1.0,301.06146828069586
Maria Helena,5865,P2,32.63434282213392,55.28435351880111,24.506945137817766,47.1374751471791,0.4587012049395564,1,0.07891187506594394,-0.8848911527572678,0.0,316.96253261323346,-1.0,0.11510884724273218,284.0,-1,,316.96253261323346,1.0,316.96253261323346
Nova Olímpia,5833,P2,32.63434282213392,32.49760914165936,43.00672779951664,41.466777715229014,0.3818710030265868,0,0.08336565672668464,0.11520058367887383,0.0,278.76583220940836,0.0,0.11520058367887383,283.0,0,,278.76583220940836,1.0,278.76583220940836
Xambrê,5798,P2,32.63434282213392,54.27488628091588,30.947094936757708,51.19787224784731,0.48378522398856816,0,0.08268045954810914,0.12268004419006888,0.0,350.26050216772336,0.0,0.12268004419006888,275.0,0,,350.26050216772336,1.0,350.26050216772336
São Pedro do Iguaçu,5784,P2,32.63434282213392,40.29820433168873,55.75236894299426,53.3469596549481,0.48608539383253585,0,0.08199526236953364,0.1218519617708305,0.0,349.00931277176073,0.0,0.1218519617708305,276.0,0,,349.00931277176073,1.0,349.00931277176073
Tapira,5745,P2,32.63434282213392,66.52010950094994,27.243751262712134,43.97851221557363,0.49648198939151855,0,0.07879767553618136,0.11791930224581208,1.0,342.5725726801478,0.0,0.11791930224581208,280.0,0,,342.5725726801478,1.0,342.5725726801478
Pranchita,5737,P2,32.63434282213392,45.753553197500764,47.43228430568608,32.833871700321495,0.4092142682026612,0,0.08005387036356976,0.11281305634118866,0.0,286.85920201006553,0.0,0.11281305634118866,286.0,0,,286.85920201006553,1.0,286.85920201006553
Pato Bragado,5733,P2,32.63434282213392,27.839106387660696,27.5626265407442,27.234656115816918,0.27542030309539883,0,0.08427925296478528,0.10749147036100022,0.0,203.26018368440432,0.0,0.10749147036100022,294.0,0,,203.26018368440432,1.0,203.26018368440432
Doutor Ulysses,5697,P2,32.63434282213392,94.70863714191874,36.87665060020353,73.51254092712207,0.7466380134765703,1,0.08953243133386403,-0.8436192519932922,1.0,585.3642025656311,-1.0,0.15638074800670776,237.0,-1,,585.3642025656311,1.0,585.3642025656311
Paula Freitas,5666,P2,32.63434282213392,63.32059797851238,70.56890350867606,38.459012219245494,0.5482562478083836,0,0.08325145719692205,0.12889458874428678,1.0,399.6788046523116,0.0,0.12889458874428678,265.0,0,,399.6788046523116,1.0,399.6788046523116
Coronel Domingos Soares,5649,P2,32.63434282213392,66.78912899353635,89.25386031932314,61.41028171843321,0.6913053634865246,0,0.09992458854225897,0.16900299254570672,1.0,604.892193050709,0.0,0.16900299254570672,223.0,0,,604.892193050709,1.0,604.892193050709
Grandes Rios,5641,P2,32.63434282213392,55.35133817792922,62.16651473917253,68.70584428783928,0.620561759341419,0,0.08005387036356976,0.1297322409984765,1.0,435.0137932983347,0.0,0.1297322409984765,262.0,0,,435.0137932983347,1.0,435.0137932983347
Sertaneja,5616,P2,32.63434282213392,37.55791675312528,19.31870895873742,33.51555908113571,0.32293132125451884,0,0.07514329058377875,0.09940941269541066,0.0,212.4888093854734,0.0,0.09940941269541066,307.0,0,,212.4888093854734,1.0,212.4888093854734
Laranjal,5600,P2,32.63434282213392,70.34412275644709,65.4149188991558,75.95668824998342,0.7160330818240337,1,0.09661280217914411,-0.8342092353328676,1.0,605.7639872231325,-1.0,0.16579076466713238,225.0,-1,,605.7639872231325,1.0,605.7639872231325
Nova Esperança do Sudoeste,5597,P2,32.63434282213392,61.23462216456566,72.8872564226653,38.28656723940287,0.5438592704612047,0,0.08610644544098658,0.1329362340405291,1.0,410.06988992774836,0.0,0.1329362340405291,257.0,0,,410.06988992774836,1.0,410.06988992774836
São João do Caiuá,5586,P2,32.63434282213392,50.424840293089865,41.63912059946407,60.55334523251974,0.5271909833013666,0,0.08450765202431045,0.1290593241914964,0.0,390.1213276430113,0.0,0.1290593241914964,264.0,0,,390.1213276430113,1.0,390.1213276430113
Santana do Itararé,5514,P2,32.63434282213392,43.08268701541985,19.406107893803863,48.75575642619751,0.4061659895540772,0,0.07822667788736845,0.1099996939210195,0.0,278.22370284454286,0.0,0.1099996939210195,292.0,0,,278.22370284454286,1.0,278.22370284454286
Rosário do Ivaí,5435,P2,32.63434282213392,54.957195497610286,28.189097592144197,60.35200510452457,0.5176149975928278,0,0.0798254713040446,0.121144332440934,0.0,361.81288331738665,0.0,0.121144332440934,277.0,0,,361.81288331738665,1.0,361.81288331738665
Jaboti,5427,P2,32.63434282213392,51.19437279516574,41.00350216389187,51.90180791890108,0.49439172718405094,0,0.08256626001834655,0.12338633591594435,0.0,357.44521875406883,0.0,0.12338633591594435,274.0,0,,357.44521875406883,1.0,357.44521875406883
Iguaraçu,5338,P2,32.63434282213392,40.47672211778411,22.20828781630926,26.600368254945135,0.3127249371235355,0,0.08302305813739688,0.10898643877321795,0.0,227.3510292888103,0.0,0.10898643877321795,293.0,0,,227.3510292888103,1.0,227.3510292888103
São Tomé,5232,P2,32.63434282213392,42.2673347292939,29.048327450236776,42.18144298524455,0.3958917657586274,0,0.0791402741254691,0.11047125699162288,0.0,274.3529936707288,0.0,0.11047125699162288,291.0,0,,274.3529936707288,1.0,274.3529936707288
Salto do Itararé,5192,P2,32.63434282213392,51.616777158561725,21.645583746985714,54.75844505479623,0.46879205634740323,0,0.0722883023397142,0.10617648424341163,0.0,296.7453716679062,0.0,0.10617648424341163,295.0,0,,296.7453716679062,1.0,296.7453716679062
Lindoeste,5175,P2,32.63434282213392,42.944890863655246,85.62417297595019,53.66665532136411,0.5576945306919778,0,0.07993967083380717,0.12452158804313844,1.0,390.3861714843845,0.0,0.12452158804313844,270.0,0,,390.3861714843845,1.0,390.3861714843845
São Jorge do Ivaí,5168,P2,32.63434282213392,52.0964604380986,13.747061182162144,36.94998324894496,0.38367989711249856,0,0.06623572726229737,0.09164904428346715,0.0,222.53434032524916,0.0,0.09164904428346715,317.0,0,,222.53434032524916,1.0,222.53434032524916
Diamante do Norte,5142,P2,32.63434282213392,29.88875744386263,14.863020255470765,47.859242974550256,0.34071804218459306,0,0.06749192208968577,0.09048763764735859,0.0,201.3643629310945,0.0,0.09048763764735859,320.0,0,,201.3643629310945,1.0,201.3643629310945
Serranópolis do Iguaçu,5007,P2,32.63434282213392,60.71437892485275,59.005717107345376,30.3912275017082,0.48243385992093457,0,0.06931911456588707,0.10276100257220945,1.0,292.8373529720073,0.0,0.10276100257220945,298.0,0,,292.8373529720073,1.0,292.8373529720073
Quinta do Sol,5001,P2,32.63434282213392,62.48080537978337,48.77091076448113,44.11936798866042,0.5239425150027374,0,0.07308769904805228,0.11138145190305195,1.0,335.3232096017519,0.0,0.11138145190305195,289.0,0,,335.3232096017519,1.0,335.3232096017519
Japira,4972,P1,5.296345791329013,76.82770535401902,66.62081877254643,53.626861295814365,0.6550599041444264,0,0.07457229293496583,0.12342161199677464,1.0,427.75411740631046,0.0,0.12342161199677464,273.0,0,,427.75411740631046,1.0,427.75411740631046
Honório Serpa,4941,P1,5.296345791329013,80.23718674612286,54.69356845646486,47.42830037824671,0.6200490854104079,0,0.07902607459570651,0.12802611987234902,1.0,429.0739671040023,0.0,0.12802611987234902,267.0,0,,429.0739671040023,1.0,429.0739671040023
Foz do Jordão,4926,P1,5.296345791329013,61.96774722729267,50.25603538912209,53.63966279396838,0.5629417108632883,0,0.08290885860763429,0.12958171331793839,1.0,408.6956820867473,0.0,0.12958171331793839,263.0,0,,408.6956820867473,1.0,408.6956820867473
Tamboara,4880,P1,5.296345791329013,51.38265628978714,28.588925690937344,40.53827965586553,0.4248615951644854,0,0.07023271080398773,0.10007189234889594,0.0,261.2898810261585,0.0,0.10007189234889594,305.0,0,,261.2898810261585,1.0,261.2898810261585
Lunardelli,4872,P1,5.296345791329013,58.65364006723253,18.71089683078879,56.98256567754789,0.49996661664069925,0,0.0654363305539593,0.09815231134640474,0.0,286.4808713351207,0.0,0.09815231134640474,309.0,0,,286.4808713351207,1.0,286.4808713351207
Braganey,4854,P1,5.296345791329013,41.120123920801646,28.459092464889473,47.53679863422807,0.4115458751498979,0,0.06623572726229736,0.09349476760464948,0.0,238.69660758694076,0.0,0.09349476760464948,313.0,0,,238.69660758694076,1.0,238.69660758694076
Lupionópolis,4813,P1,5.296345791329013,30.6900002022766,75.42864855553721,51.2735737369198,0.47871159286786,0,0.06909071550636191,0.10216524197879258,0.0,289.6205136850553,0.0,0.10216524197879258,299.0,0,,289.6205136850553,1.0,289.6205136850553
Espigão Alto do Iguaçu,4797,P1,5.296345791329013,89.4805002082657,41.091382428203296,68.8402850885244,0.715465906043567,1,0.08382245484573494,-0.8562054365512654,1.0,525.1519750359781,-1.0,0.14379456344873465,251.0,-1,,525.1519750359781,1.0,525.1519750359781
Floraí,4792,P1,5.296345791329013,26.47448080195764,17.371806812704328,38.29881968218586,0.2938368155619827,0,0.06052575077416829,0.0783104446411481,0.0,155.73351224785083,0.0,0.0783104446411481,344.0,0,,155.73351224785083,1.0,155.73351224785083
Amaporã,4762,P1,5.296345791329013,61.66856636474126,33.90183565764621,64.33889828009465,0.5718335298946361,0,0.07514329058377874,0.1181127436861993,1.0,376.26646267067053,0.0,0.1181127436861993,279.0,0,,376.26646267067053,1.0,376.26646267067053
Guaraci,4748,P1,5.296345791329013,61.27580216133922,27.974675425800825,51.44011126746961,0.506813004566837,0,0.06486533290514639,0.09773992716703174,1.0,287.8697865939634,0.0,0.09773992716703174,310.0,0,,287.8697865939634,1.0,287.8697865939634
Marumbi,4699,P1,5.296345791329013,49.17870001946662,60.70028323687626,42.12606003628137,0.4866196066967445,0,0.06817711926826125,0.10135344223229958,0.0,290.5119051979565,0.0,0.10135344223229958,302.0,0,,290.5119051979565,1.0,290.5119051979565
Guapirama,4626,P1,5.296345791329013,57.353301338927665,50.595889438036934,39.52449327822686,0.48870295734469194,0,0.07776987976831812,0.1157762500034363,1.0,332.8067139517352,0.0,0.1157762500034363,282.0,0,,332.8067139517352,1.0,332.8067139517352
Lobato,4601,P1,5.296345791329013,41.690698762725994,42.001210153766436,40.76464109405161,0.4138237797346433,0,0.06429433525633348,0.09090086008763573,0.0,232.98278799060418,0.0,0.09090086008763573,319.0,0,,232.98278799060418,1.0,232.98278799060418
Kaloré,4582,P1,5.296345791329013,26.592915921080646,41.198676398489994,53.567514934200574,0.40303907621810486,0,0.05881275782772956,0.0825165974124568,0.0,207.565124252324,0.0,0.0825165974124568,335.0,0,,207.565124252324,1.0,207.565124252324
Entre Rios do Oeste,4575,P1,5.296345791329013,38.543497923031,45.60705897598458,21.955168720797065,0.33320878452728137,0,0.06577892914324704,0.08769704617057454,0.0,191.92825988771406,0.0,0.08769704617057454,323.0,0,,191.92825988771406,1.0,191.92825988771406
Boa Esperança,4558,P1,5.296345791329013,38.07548056451292,18.82987945059674,35.21224302102098,0.33081065324332903,0,0.06052575077416829,0.08054831392581382,0.0,175.3296462189644,0.0,0.08054831392581382,339.0,0,,175.3296462189644,1.0,175.3296462189644
Diamante D'Oeste,4557,P1,5.296345791329013,76.6798523725228,86.696207374668,51.9869622606113,0.6880596732818723,0,0.07834087741713103,0.13224407593737741,1.0,472.00893587136443,0.0,0.13224407593737741,259.0,0,,472.00893587136443,1.0,472.00893587136443
Marquinho,4504,P1,5.296345791329013,59.70673581398152,36.75136744010323,52.446173668613426,0.5221143728105863,0,0.0741154948159155,0.11281225990727348,1.0,338.8522279540705,0.0,0.11281225990727348,287.0,0,,338.8522279540705,1.0,338.8522279540705
Cruzeiro do Sul,4494,P1,5.296345791329013,55.63997713322875,76.28778809445875,49.5034355169476,0.5731492267896229,0,0.06383753713728316,0.10042597218767084,1.0,320.3904177753992,0.0,0.10042597218767084,304.0,0,,320.3904177753992,1.0,320.3904177753992
Fênix,4492,P1,5.296345791329013,29.92576342542324,55.919055540002816,58.117723852725035,0.4640120601925987,0,0.05778496205986632,0.08459788135341605,0.0,234.79010245745496,0.0,0.08459788135341605,329.0,0,,234.79010245745496,1.0,234.79010245745496
Itaguajé,4481,P1,5.296345791329013,39.657962235967545,39.55754840094619,42.5432634001284,0.4079199993462762,0,0.07217410280995161,0.10161536278100514,0.0,257.80543958684655,0.0,0.10161536278100514,301.0,0,,257.80543958684655,1.0,257.80543958684655
Quatro Pontes,4480,P1,5.296345791329013,28.64329743528568,48.362965806743254,9.788567805937891,0.2504533925783808,0,0.059612154536067635,0.07454222087853249,0.0,130.73667092591478,0.0,0.07454222087853249,349.0,0,,130.73667092591478,1.0,130.73667092591478
Cafezal do Sul,4473,P1,5.296345791329013,64.18132428757679,42.93633234791282,46.5180900112953,0.5286703218913139,0,0.05972635406583022,0.09130190489520727,1.0,276.49457834915717,0.0,0.09130190489520727,318.0,0,,276.49457834915717,1.0,276.49457834915717
Indianópolis,4448,P1,5.296345791329013,28.066694470198648,25.937990486133305,30.566692494086894,0.2864095288294088,0,0.06372333760752058,0.0819743087071279,0.0,159.8165170868101,0.0,0.0819743087071279,337.0,0,,159.8165170868101,1.0,159.8165170868101
Flor da Serra do Sul,4364,P1,5.296345791329013,47.260216883001924,59.551713538671876,51.10278493553992,0.5125554343515112,0,0.06509373196467155,0.09845787802538462,0.0,292.1565975803614,0.0,0.09845787802538462,308.0,0,,292.1565975803614,1.0,292.1565975803614
Presidente Castelo Branco,4336,P1,5.296345791329013,57.06414672000126,62.19851538945227,40.140610862793366,0.5132160611100831,0,0.05972635406583022,0.0903788782439618,1.0,268.41199996057344,0.0,0.0903788782439618,322.0,0,,268.41199996057344,1.0,268.41199996057344
Ramilândia,4221,P1,5.296345791329013,56.84480493171796,58.37933322248532,38.773857817815,0.49923331744310245,0,0.06737772255992318,0.10101492651527459,1.0,294.5476572914304,0.0,0.10101492651527459,303.0,0,,294.5476572914304,1.0,294.5476572914304
Quarto Centenário,4201,P1,5.296345791329013,47.4376923127609,25.853485494291164,35.35297428268812,0.38286963737037844,0,0.059497955006305045,0.08227791546384815,0.0,199.47508106996716,0.0,0.08227791546384815,336.0,0,,199.47508106996716,1.0,199.47508106996716
Nova Santa Bárbara,4184,P1,5.296345791329013,33.836151158434866,80.82482957470523,61.10744831005655,0.5414240570233761,0,0.06155354654203152,0.09488011743499543,0.0,291.82756673559976,0.0,0.09488011743499543,311.0,0,,291.82756673559976,1.0,291.82756673559976
Cruzeiro do Iguaçu,4133,P1,5.296345791329013,42.33723032203246,49.55025369591138,35.6094504960022,0.4108872306639613,0,0.06406593619680832,0.09038981130060893,0.0,230.5077364024823,0.0,0.09038981130060893,321.0,0,,230.5077364024823,1.0,230.5077364024823
Porto Amazonas,4098,P1,5.296345791329013,55.94303062235914,40.83859582350749,33.71539903090808,0.4403109102600839,0,0.06463693384562122,0.09309728102360752,0.0,249.2159752072075,0.0,0.09309728102360752,314.0,0,,249.2159752072075,1.0,249.2159752072075
Salgado Filho,4075,P1,5.296345791329013,25.615682598501664,34.318124945900216,36.53035442956677,0.3172203980040742,0,0.057670762530103746,0.0759651047731017,0.0,160.19630099205747,0.0,0.0759651047731017,347.0,0,,160.19630099205747,1.0,160.19630099205747
Planaltina do Paraná,4070,P1,5.296345791329013,43.473673926104624,87.9807101232541,57.3466458486214,0.5792426993454122,0,0.059269555946779885,0.09360101352239658,1.0,300.6269609602689,0.0,0.09360101352239658,312.0,0,,300.6269609602689,1.0,300.6269609602689
Bela Vista da Caroba,4031,P1,5.296345791329013,64.17709804545564,59.46358625265463,47.528236187486826,0.5657485094370791,0,0.05904115688725472,0.09244360339165981,1.0,292.4919793789699,0.0,0.09244360339165981,315.0,0,,292.4919793789699,1.0,292.4919793789699
Campo Bonito,4027,P1,5.296345791329013,34.952930447300936,40.74053193793427,53.76882713347477,0.4363680941989714,0,0.06029735171464312,0.08660919216760701,0.0,230.4023537370569,0.0,0.08660919216760701,325.0,0,,230.4023537370569,1.0,230.4023537370569
Bom Jesus do Sul,3980,P1,5.296345791329013,16.86345006501683,30.062678020796607,51.07639586571181,0.3318847397645078,0,0.062352943250369594,0.08304693359456962,0.0,181.20906791142124,0.0,0.08304693359456962,333.0,0,,181.20906791142124,1.0,181.20906791142124
Atalaia,3980,P1,5.296345791329013,29.46929830112958,12.77831405328181,34.27058416031878,0.28051615795235707,0,0.04807800203004688,0.061564658441541256,0.0,118.09730249794232,0.0,0.061564658441541256,369.0,0,,118.09730249794232,1.0,118.09730249794232
São José das Palmeiras,3957,P1,5.296345791329013,65.84770040522577,63.18701886432575,48.6154379284339,0.5842265910632901,0,0.06429433525633348,0.10185679556782148,1.0,328.91957076863235,0.0,0.10185679556782148,300.0,0,,328.91957076863235,1.0,328.91957076863235
Munhoz de Melo,3951,P1,5.296345791329013,48.12286933432951,28.758082821026765,46.05431029583476,0.43422488416271066,0,0.05470157475627662,0.07845435971833868,0.0,207.9937195139384,0.0,0.07845435971833868,343.0,0,,207.9937195139384,1.0,207.9937195139384
Lidianópolis,3938,P1,5.296345791329013,66.69783933048498,14.392553388753749,53.98811392967527,0.5115289198181485,0,0.05550097146461469,0.08389132344676693,1.0,248.6030550316202,0.0,0.08389132344676693,330.0,0,,248.6030550316202,1.0,248.6030550316202
Campina do Simão,3936,P1,5.296345791329013,79.25570499143944,56.658561886492556,57.735944591264776,0.661283722103802,0,0.06360913807775799,0.10567282566563249,1.0,368.33503321181774,0.0,0.10567282566563249,296.0,0,,368.33503321181774,1.0,368.33503321181774
Virmond,3811,P1,5.296345791329013,64.5074932806038,64.44507274108983,40.16318937092154,0.547572876088281,0,0.059497955006305045,0.09207742135047864,1.0,285.2854684419944,0.0,0.09207742135047864,316.0,0,,285.2854684419944,1.0,285.2854684419944
Rio Branco do Ivaí,3808,P1,5.296345791329013,63.54811864610711,42.17301952426155,88.49083338940723,0.6925018471905805,0,0.06703512397063544,0.11345707114695003,1.0,406.49858430087073,0.0,0.11345707114695003,285.0,0,,406.49858430087073,1.0,406.49858430087073
Corumbataí do Sul,3760,P1,5.296345791329013,63.11398707120358,24.91018090035186,50.03214039718188,0.5024048716742455,0,0.05253178369078757,0.07892400773477692,0.0,231.10624097015295,0.0,0.07892400773477692,342.0,0,,231.10624097015295,1.0,231.10624097015295
Leópolis,3752,P1,5.296345791329013,34.25398916581804,76.75261626827918,38.823213930630295,0.4458140449223517,0,0.052874382280075315,0.07644652451712641,0.0,206.41190279904885,0.0,0.07644652451712641,346.0,0,,206.41190279904885,1.0,206.41190279904885
Prado Ferreira,3709,P1,5.296345791329013,35.99783650150589,100,35.81693070066621,0.4872590688086884,0,0.056186168643190176,0.08356338885619895,0.0,239.7314618538747,0.0,0.08356338885619895,331.0,0,,239.7314618538747,1.0,239.7314618538747
Brasilândia do Sul,3708,P1,5.296345791329013,59.0424616273386,57.380332010006164,37.16302373039414,0.4995826054509432,0,0.053673778988413384,0.08048826533984303,0.0,234.8038245619433,0.0,0.08048826533984303,340.0,0,,234.8038245619433,1.0,234.8038245619433
Nossa Senhora das Graças,3669,P1,5.296345791329013,62.15469704464548,43.558106145761855,42.104384831029186,0.5041525397942225,0,0.053902178047938544,0.08107709801124716,1.0,237.95999878287301,0.0,0.08107709801124716,338.0,0,,237.95999878287301,1.0,237.95999878287301
Santa Lúcia,3644,P1,5.296345791329013,79.72089616347971,45.448417505746654,42.14249251549322,0.578350389727385,0,0.05424477663722629,0.08561726434604106,1.0,274.71643512050787,0.0,0.08561726434604106,328.0,0,,274.71643512050787,1.0,274.71643512050787
Altamira do Paraná,3590,P1,5.296345791329013,57.5846589911575,54.713899207102635,54.135025940834126,0.5563065381421718,0,0.05333118039912564,0.08299966474199888,1.0,259.79515331239423,0.0,0.08299966474199888,334.0,0,,259.79515331239423,1.0,259.79515331239423
Itaúna do Sul,3572,P1,5.296345791329013,60.59857702300743,56.920828978341916,55.882443814273365,0.5797657413058069,0,0.05470157475627662,0.08641567379544436,1.0,277.7077900854815,0.0,0.08641567379544436,326.0,0,,277.7077900854815,1.0,277.7077900854815
Porto Vitória,3562,P1,5.296345791329013,66.87888782567725,44.36208569451433,43.60783542971579,0.5306710644106009,0,0.056757166292003086,0.08687655214110983,1.0,263.74351901206865,0.0,0.08687655214110983,324.0,0,,263.74351901206865,1.0,263.74351901206865
Arapuã,3527,P1,5.296345791329013,59.04468514300268,34.968128786489,66.0063328855755,0.5701403296872907,0,0.04944839638719786,0.07764092140590269,1.0,246.87076275459685,0.0,0.07764092140590269,345.0,0,,246.87076275459685,1.0,246.87076275459685
Rancho Alegre,3512,P1,5.296345791329013,45.46534357004589,21.745600611722686,52.63690034892827,0.435900176899342,0,0.04179702789310489,0.060016359745576044,0.0,159.53946474515917,0.0,0.060016359745576044,370.0,0,,159.53946474515917,1.0,159.53946474515917
Conselheiro Mairinck,3461,P1,5.296345791329013,33.31724226274883,36.49582044673192,55.17293888295923,0.42695236547629606,0,0.051389788393161745,0.07333078010894846,0.0,192.12856446433324,0.0,0.07333078010894846,352.0,0,,192.12856446433324,1.0,192.12856446433324
Sulina,3440,P1,5.296345791329013,70.38337197906223,32.389452926875556,35.41900264044809,0.48798840433179236,1,0.04739280485147139,-0.929480055932251,1.0,202.51518779769384,-1.0,0.07051994406774897,356.0,-1,,202.51518779769384,1.0,202.51518779769384
Santa Amélia,3394,P1,5.296345791329013,42.73570466301858,62.270231934735534,64.39499421305318,0.5530632593737581,0,0.0517323869824495,0.0803436695421476,0.0,250.53765649631242,0.0,0.0803436695421476,341.0,0,,250.53765649631242,1.0,250.53765649631242
Santa Cecília do Pavão,3365,P1,5.296345791329013,34.63609286618306,77.28498564427791,47.87651450807401,0.4846204007855841,0,0.048420600619334626,0.07188621149775527,0.0,205.47904993308765,0.0,0.07188621149775527,354.0,0,,205.47904993308765,1.0,205.47904993308765
Santa Mônica,3356,P1,5.296345791329013,42.97719943654169,62.83294409039887,57.01232199144995,0.5256239738927643,0,0.05630036817295276,0.08589319142364589,0.0,259.13261912913276,0.0,0.08589319142364589,327.0,0,,259.13261912913276,1.0,259.13261912913276
Jundiaí do Sul,3333,P1,5.296345791329013,52.45843801225434,51.04773473420228,63.445499584793,0.565711219856594,1,0.04716440579194623,-0.9261541606736805,0.0,233.63873380077334,-1.0,0.0738458393263195,351.0,-1,,233.63873380077334,1.0,233.63873380077334
Nova América da Colina,3280,P1,5.296345791329013,24.603782014765255,35.16094237069279,46.980375813548186,0.35665851605463933,0,0.04590821096455783,0.062281765361900346,0.0,143.376723453965,0.0,0.062281765361900346,365.0,0,,143.376723453965,1.0,143.376723453965
Mato Rico,3267,P1,5.296345791329013,61.750066935922334,80.02652325038049,62.60923370991286,0.6574902490841018,0,0.044994614726457174,0.0745781351703987,1.0,259.05115813913613,0.0,0.0745781351703987,348.0,0,,259.05115813913613,1.0,259.05115813913613
Ângulo,3235,P1,5.296345791329013,31.489737123036964,40.78961415409558,43.87792847752861,0.3830498907104535,0,0.050361992625298516,0.06965314839637979,0.0,168.92500180330998,0.0,0.06965314839637979,358.0,0,,168.92500180330998,1.0,168.92500180330998
Bom Sucesso do Sul,3202,P1,5.296345791329013,29.85468090799172,34.299464677947405,31.611581218969093,0.3144639778637381,0,0.04705020626218365,0.06184580128269928,0.0,129.5591588798601,0.0,0.06184580128269928,366.0,0,,129.5591588798601,1.0,129.5591588798601
Rio Bom,3197,P1,5.296345791329013,53.51269631850807,29.89951392603038,51.28697109935937,0.4789976975235305,0,0.04248222507168038,0.06283111306669169,0.0,178.18714347875334,0.0,0.06283111306669169,363.0,0,,178.18714347875334,1.0,178.18714347875334
Ourizona,3187,P1,5.296345791329013,47.03553206805724,29.87971753657567,35.41792655945464,0.3895732695831989,0,0.04430941754788169,0.06157118221533712,0.0,151.15442859828116,0.0,0.06157118221533712,368.0,0,,151.15442859828116,1.0,151.15442859828116
Porto Rico,3182,P1,5.296345791329013,34.70655963312136,57.00432177183698,35.62417974121451,0.3953316010410174,0,0.04876319920862237,0.06804083282364913,0.0,168.80659364451444,0.0,0.06804083282364913,359.0,0,,168.80659364451444,1.0,168.80659364451444
Diamante do Sul,3171,P1,5.296345791329013,80.64756423091175,89.06071530995135,72.03541052201979,0.7888533296316288,0,0.046479208613370744,0.08314448708667133,1.0,321.0633051600729,0.0,0.08314448708667133,332.0,0,,321.0633051600729,1.0,321.0633051600729
Novo Itacolomi,3125,P1,5.296345791329013,47.09487861206948,79.35187391413496,40.12607764882351,0.5075875728718419,0,0.03974143635737842,0.059913695580460904,0.0,176.64047535940097,0.0,0.059913695580460904,371.0,0,,176.64047535940097,1.0,176.64047535940097
Porto Barreiro,3110,P1,5.296345791329013,77.01290013483084,59.344223187874455,42.84988181105479,0.5981395741592914,0,0.045337213315744924,0.07245519478199355,1.0,237.46141094123868,0.0,0.07245519478199355,353.0,0,,237.46141094123868,1.0,237.46141094123868
Alto Paraíso,3055,P1,5.296345791329013,29.720045146021963,94.08546362893419,45.628943615713055,0.4895668823048085,0,0.049790994976485606,0.07416701715397804,0.0,213.4511606848965,0.0,0.07416701715397804,350.0,0,,213.4511606848965,1.0,213.4511606848965
Pitangueiras,3046,P1,5.296345791329013,46.07085419470568,25.920160292156382,42.914008205699815,0.40777977018593475,0,0.04625080955384557,0.06511095404462615,0.0,165.15080692530358,0.0,0.06511095404462615,360.0,0,,165.15080692530358,1.0,165.15080692530358
Farol,3039,P1,5.296345791329013,82.74263982875016,24.038957282025432,43.66960692173468,0.5537269015659901,0,0.045337213315744924,0.0704416479707087,1.0,219.8295799216981,0.0,0.0704416479707087,357.0,0,,219.8295799216981,1.0,219.8295799216981
Godoy Moreira,2977,P1,5.296345791329013,46.35552921183065,26.765660510993893,56.65452415962977,0.4655715345078295,0,0.04213962648239264,0.06175863704738695,0.0,171.7958962333891,0.0,0.06175863704738695,367.0,0,,171.7958962333891,1.0,171.7958962333891
Anahy,2918,P1,5.296345791329013,43.07419744334423,29.17554196871067,44.506140213142196,0.4086724345633671,0,0.04179702789310489,0.05887832103969303,0.0,149.57411105019236,0.0,0.05887832103969303,372.0,0,,149.57411105019236,1.0,149.57411105019236
Cruzmaltina,2892,P1,5.296345791329013,56.83855419285192,34.66171533459891,100,0.6966776474406055,0,0.04191122742286747,0.07110984274517897,1.0,255.6806966107022,0.0,0.07110984274517897,355.0,0,,255.6806966107022,1.0,255.6806966107022
Barra do Jacaré,2814,P1,5.296345791329013,48.86842509637129,21.451534567718173,47.43943858614534,0.4281345238655028,0,0.036429649994263555,0.0520264408491445,0.0,136.5749131130954,0.0,0.0520264408491445,380.0,0,,136.5749131130954,1.0,136.5749131130954
Manfrinópolis,2770,P1,5.296345791329013,80.5635638577321,39.53920461019776,36.40975336605484,0.5469716781155434,0,0.04168282836334231,0.06448215494184183,1.0,199.64466251217334,0.0,0.06448215494184183,361.0,0,,199.64466251217334,1.0,199.64466251217334
Pinhal de São Bento,2761,P1,5.296345791329013,30.904012679695754,22.362478487680093,51.386379332206324,0.3738865250229685,0,0.04019823447642875,0.05522781267687918,0.0,131.6080568080849,0.0,0.05522781267687918,374.0,0,,131.6080568080849,1.0,131.6080568080849
Ivatuba,2708,P1,5.296345791329013,0,56.0743302906314,32.071868219132945,0.24043613345779458,0,0.03631545046450097,0.04504699695896365,0.0,76.45869043957867,0.0,0.04504699695896365,386.0,0,,76.45869043957867,1.0,76.45869043957867
São Pedro do Paraná,2661,P1,5.296345791329013,28.131359511326774,68.65838558022384,28.63668401098336,0.36438894524968823,0,0.037800044351414534,0.05157396264301791,0.0,120.6127408776468,0.0,0.05157396264301791,381.0,0,,120.6127408776468,1.0,120.6127408776468
Flórida,2652,P1,5.296345791329013,40.359099305467254,39.28920958487835,34.33651226363062,0.3773608654461482,0,0.03905623917880293,0.05379453539638777,0.0,129.05741598258268,0.0,0.05379453539638777,377.0,0,,129.05741598258268,1.0,129.05741598258268
Cafeara,2627,P1,5.296345791329013,41.83127007765,17.812593012060297,36.894819844882,0.35052954571424855,0,0.035287654696637735,0.04765702026677143,0.0,108.3136296257028,0.0,0.04765702026677143,384.0,0,,108.3136296257028,1.0,108.3136296257028
Rancho Alegre D'Oeste,2618,P1,5.296345791329013,72.54263673537838,22.49482693326696,32.41915238247404,0.46483681033794355,0,0.03894203964904035,0.05704373314755399,0.0,158.50935232523875,0.0,0.05704373314755399,373.0,0,,158.50935232523875,1.0,158.50935232523875
Inajá,2536,P1,5.296345791329013,31.42797292608061,34.496989383818956,57.04247779216376,0.42287578164061546,0,0.03814264294070228,0.054272242888090655,0.0,141.24051106796557,0.0,0.054272242888090655,376.0,0,,141.24051106796557,1.0,141.24051106796557
Santo Antônio do Caiuá,2493,P1,5.296345791329013,21.579879264282926,25.313894158747672,60.12177234983127,0.37743439477395213,0,0.03288946457162352,0.04530307972665359,0.0,108.70110569489822,0.0,0.04530307972665359,385.0,0,,108.70110569489822,1.0,108.70110569489822
Boa Esperança do Iguaçu,2455,P1,5.296345791329013,35.726041583773466,34.2505584663142,39.67367287005961,0.37009997474796064,0,0.03882784011927777,0.05319802276694033,0.0,125.83399141430661,0.0,0.05319802276694033,378.0,0,,125.83399141430661,1.0,125.83399141430661
Paranapoema,2398,P1,5.296345791329013,45.39303285359417,42.45414178136025,60.02566826391945,0.506583088032775,0,0.04134022977405456,0.06228249103297959,0.0,183.38307786786453,0.0,0.06228249103297959,364.0,0,,183.38307786786453,1.0,183.38307786786453
Iracema do Oeste,2343,P1,5.296345791329013,52.15479205687984,26.489870721555413,42.06624619047348,0.42986389443252404,0,0.031062272095422217,0.04441482134828313,0.0,116.92297928564653,0.0,0.04441482134828313,387.0,0,,116.92297928564653,1.0,116.92297928564653
Ariranha do Ivaí,2329,P1,5.296345791329013,32.434239018648256,29.121971810739964,56.87940510596871,0.4154985201199478,0,0.03368886127996159,0.047686533286311845,0.0,122.5720634353846,0.0,0.047686533286311845,383.0,0,,122.5720634353846,1.0,122.5720634353846
Mirador,2238,P1,5.296345791329013,49.764523520226064,41.06619418729745,41.6769779816574,0.44789839438212875,0,0.03654384952402613,0.05291178105037955,0.0,143.3274862022812,0.0,0.05291178105037955,379.0,0,,143.3274862022812,1.0,143.3274862022812
Guaporema,2191,P1,5.296345791329013,29.55744039852756,91.02540940755132,44.38385214064195,0.47781598897178074,0,0.02969187773827123,0.0438791316642125,0.0,124.23215713266299,0.0,0.0438791316642125,388.0,0,,124.23215713266299,1.0,124.23215713266299
Iguatu,2144,P1,5.296345791329013,31.494047854488617,13.48086073451413,40.2250219501725,0.3138380006876727,0,0.027750485732307345,0.03645964269264647,0.0,76.26263416710447,0.0,0.03645964269264647,392.0,0,,76.26263416710447,1.0,76.26263416710447
São Manoel do Paraná,2138,P1,5.296345791329013,33.01247559273299,27.024439702584598,32.948948883875694,0.3178945773116039,0,0.02832148338112025,0.03732472936939909,0.0,78.83785517327777,0.0,0.03732472936939909,391.0,0,,78.83785517327777,1.0,78.83785517327777
Uniflor,2136,P1,5.296345791329013,43.035022813229716,19.554546447220623,40.42873803841906,0.3729641363010363,0,0.030605473976371887,0.042020218144053274,0.0,99.95438852867773,0.0,0.042020218144053274,389.0,0,,99.95438852867773,1.0,99.95438852867773
Santo Antônio do Paraíso,2125,P1,5.296345791329013,13.908011414605115,29.80503874285869,47.60280717997567,0.3056533518640405,0,0.02877828150017058,0.03757445970158463,0.0,77.02464466973821,0.0,0.03757445970158463,390.0,0,,77.02464466973821,1.0,77.02464466973821
Miraselva,1966,P1,5.296345791329013,41.55475779785606,0,40.267640713131414,0.3272895940439499,0,0.026151692315631202,0.03471086907717642,0.0,74.94931703606453,0.0,0.03471086907717642,394.0,0,,74.94931703606453,1.0,74.94931703606453
Esperança Nova,1849,P1,5.296345791329013,35.5365365899835,11.495919322388497,48.86078262987626,0.36058111552421607,0,0.025580694666818293,0.034804610085663996,0.0,80.7701698774244,0.0,0.034804610085663996,393.0,0,,80.7701698774244,1.0,80.7701698774244
Santa Inês,1748,P1,5.296345791329013,35.832959467610856,34.975746747263464,44.796404042583056,0.39246894753530265,0,0.02272570642275375,0.03164484050448818,0.0,78.10132055952522,0.0,0.03164484050448818,396.0,0,,78.10132055952522,1.0,78.10132055952522
Jardim Olinda,1343,P1,5.296345791329013,42.5406205223592,37.69394712860233,44.032286915306855,0.4216795240078689,0,0.02409610077990473,0.034256933087220595,0.0,88.97437956566034,0.0,0.034256933087220595,395.0,0,,88.97437956566034,1.0,88.97437956566034
Nova Aliança do Ivaí,1323,P1,5.296345791329013,31.40763439875171,34.54374737155701,42.35535587993097,0.36413945585784474,0,0.020099117238214375,0.027417998852560785,0.0,64.08854423098067,0.0,0.027417998852560785,397.0,0,,64.08854423098067,1.0,64.08854423098067
,,,,,,,,,,,,0.4296601058453971,,,,,,,,
,,,,,,,,,,,,,,,,,,0.4296601058453971,,0.4296601058453971
,,,,,,,,,,,,,,,,,,,,
,,,,,,,,,,,,,,,,,,,,
,,,,,,,,,,,,,,,,,,,,
,,,,,,,,,,,,,,,,,,,,
,,,,,,,,,,,,,,,,,,,,
,,,,,,,,,,,,,,,,,,,,
,,,,,,,,,,,,,,,,,,,,
,,,,,,,,,,,,,,,,,,,,
,,,,,,,,,,,,,,,,,,,,
,,,,,,,,,,,,,,,,,,,,
,,,,,,,,,,,,,,,,,,,,
,,,,,,,,,,,,,,,,,,,,
,,,,,,,,,,,,,,,,,,,,
,,,,,,,,,,,,,,,,,,,,
,,,,,,,,,,,,,,,,,,,,
,,,,,,,,,,,,,,,,,,,,
,,,,,,,,,,,,,,,,,,,,
,,,,,,,,,,,,,,,,,,,,
,,,,,,,,,,,,,,,,,,,,
,,,,,,,,,,,,,,,,,,,,
,,,,,,,,,,,,,,,,,,,,
,,,,,,,,,,,,,,,,,,,,
,,,,,,,,,,,,,,,,,,,,
,,,,,,,,,,,,,,,,,,,,
,,,,,,,,,,,,,,,,,,,,
,,,,,,,,,,,,,,,,,,,,
,,,,,,,,,,,,,,,,,,,,
,,,,,,,,,,,,,,,,,,,,
,,,,,,,,,,,,,,,,,,,,
,,,,,,,,,,,,,,,,,,,,
,,,,,,,,,,,,,,,,,,,,
,,,,,,,,,,,,,,,,,,,,
,,,,,,,,,,,,,,,,,,,,
,,,,,,,,,,,,,,,,,,,,
,,,,,,,,,,,,,,,,,,,,
,,,,,,,,,,,,,,,,,,,,
,,,,,,,,,,,,,,,,,,,,
,,,,,,,,,,,,,,,,,,,,
,,,,,,,,,,,,,,,,,,,,
,,,,,,,,,,,,,,,,,,,,
,,,,,,,,,,,,,,,,,,,,
,,,,,,,,,,,,,,,,,,,,
,,,,,,,,,,,,,,,,,,,,
,,,,,,,,,,,,,,,,,,,,
,,,,,,,,,,,,,,,,,,,,
,,,,,,,,,,,,,,,,,,,,
,,,,,,,,,,,,,,,,,,,,
,,,,,,,,,,,,,,,,,,,,
,,,,,,,,,,,,,,,,,,,,
,,,,,,,,,,,,,,,,,,,,
,,,,,,,,,,,,,,,,,,,,
,,,,,,,,,,,,,,,,,,,,
,,,,,,,,,,,,,,,,,,,,
,,,,,,,,,,,,,,,,,,,,
,,,,,,,,,,,,,,,,,,,,
,,,,,,,,,,,,,,,,,,,,
,,,,,,,,,,,,,,,,,,,,
,,,,,,,,,,,,,,,,,,,,
,,,,,,,,,,,,,,,,,,,,
,,,,,,,,,,,,,,,,,,,,
,,,,,,,,,,,,,,,,,,,,
,,,,,,,,,,,,,,,,,,,,
,,,,,,,,,,,,,,,,,,,,
,,,,,,,,,,,,,,,,,,,,
,,,,,,,,,,,,,,,,,,,,
,,,,,,,,,,,,,,,,,,,,
,,,,,,,,,,,,,,,,,,,,
,,,,,,,,,,,,,,,,,,,,
,,,,,,,,,,,,,,,,,,,,
,,,,,,,,,,,,,,,,,,,,
,,,,,,,,,,,,,,,,,,,,
,,,,,,,,,,,,,,,,,,,,
,,,,,,,,,,,,,,,,,,,,
,,,,,,,,,,,,,,,,,,,,
,,,,,,,,,,,,,,,,,,,,
,,,,,,,,,,,,,,,,,,,,
,,,,,,,,,,,,,,,,,,,,
,,,,,,,,,,,,,,,,,,,,
,,,,,,,,,,,,,,,,,,,,
,,,,,,,,,,,,,,,,,,,,
,,,,,,,,,,,,,,,,,,,,
,,,,,,,,,,,,,,,,,,,,
,,,,,,,,,,,,,,,,,,,,
,,,,,,,,,,,,,,,,,,,,
,,,,,,,,,,,,,,,,,,,,
,,,,,,,,,,,,,,,,,,,,
,,,,,,,,,,,,,,,,,,,,
,,,,,,,,,,,,,,,,,,,,
,,,,,,,,,,,,,,,,,,,,
,,,,,,,,,,,,,,,,,,,,
,,,,,,,,,,,,,,,,,,,,
,,,,,,,,,,,,,,,,,,,,
,,,,,,,,,,,,,,,,,,,,
,,,,,,,,,,,,,,,,,,,,
,,,,,,,,,,,,,,,,,,,,
,,,,,,,,,,,,,,,,,,,,
,,,,,,,,,,,,,,,,,,,,
,,,,,,,,,,,,,,,,,,,,
,,,,,,,,,,,,,,,,,,,,
,,,,,,,,,,,,,,,,,,,,
,,,,,,,,,,,,,,,,,,,,
,,,,,,,,,,,,,,,,,,,,
,,,,,,,,,,,,,,,,,,,,
,,,,,,,,,,,,,,,,,,,,
,,,,,,,,,,,,,,,,,,,,
,,,,,,,,,,,,,,,,,,,,
,,,,,,,,,,,,,,,,,,,,
,,,,,,,,,,,,,,,,,,,,
,,,,,,,,,,,,,,,,,,,,
,,,,,,,,,,,,,,,,,,,,
,,,,,,,,,,,,,,,,,,,,
,,,,,,,,,,,,,,,,,,,,
,,,,,,,,,,,,,,,,,,,,
,,,,,,,,,,,,,,,,,,,,
,,,,,,,,,,,,,,,,,,,,
,,,,,,,,,,,,,,,,,,,,
,,,,,,,,,,,,,,,,,,,,
,,,,,,,,,,,,,,,,,,,,
,,,,,,,,,,,,,,,,,,,,
,,,,,,,,,,,,,,,,,,,,
,,,,,,,,,,,,,,,,,,,,
,,,,,,,,,,,,,,,,,,,,
,,,,,,,,,,,,,,,,,,,,
,,,,,,,,,,,,,,,,,,,,
,,,,,,,,,,,,,,,,,,,,
,,,,,,,,,,,,,,,,,,,,
,,,,,,,,,,,,,,,,,,,,
,,,,,,,,,,,,,,,,,,,,
,,,,,,,,,,,,,,,,,,,,
,,,,,,,,,,,,,,,,,,,,
,,,,,,,,,,,,,,,,,,,,
,,,,,,,,,,,,,,,,,,,,
,,,,,,,,,,,,,,,,,,,,
,,,,,,,,,,,,,,,,,,,,
,,,,,,,,,,,,,,,,,,,,
,,,,,,,,,,,,,,,,,,,,
,,,,,,,,,,,,,,,,,,,,
,,,,,,,,,,,,,,,,,,,,
,,,,,,,,,,,,,,,,,,,,
,,,,,,,,,,,,,,,,,,,,
,,,,,,,,,,,,,,,,,,,,
,,,,,,,,,,,,,,,,,,,,
,,,,,,,,,,,,,,,,,,,,
,,,,,,,,,,,,,,,,,,,,
,,,,,,,,,,,,,,,,,,,,
,,,,,,,,,,,,,,,,,,,,
,,,,,,,,,,,,,,,,,,,,
,,,,,,,,,,,,,,,,,,,,
