MUNICÍPIO,POPULAÇÃO,PORTE DO MUNICÍPIO,FAIXA DE CRECHES,FAIXA 2,FATOR EDUCAÇÃO,FATOR DEMOGRÁFICO,FATOR SOCIOECONÔMICO,PCM,PROPORÇÃO CRECHES,PROPORÇÃO 2,APROX. CRECHES ,,,,,192.00000000000023,TOTAL CRECHES,,
Curitiba,1773718,G2,23.68907673004304,8.1989249281086,56.511036138398964,29.90225405983405,0,0.2858486526732639,23.68907673004304,8.1989249281086,13.978722034686253,13.0,57856.33899837396,13.0,0.9787220346862533,3.0,14,,57856.33899837396
Londrina,555965,G1,7.820595187307814,2.7067527183338935,65.89371022824054,39.54064145793567,24.244683451999634,0.439634857636832,7.820595187307814,2.7067527183338935,5.174491041756839,4.0,29376.401187293115,5.0,0.1744910417568386,393.0,5,,29376.401187293115
Maringá,409657,M2,30.576514098907197,10.582706388985502,48.55150750400013,32.36445043701976,12.678384687816605,0.3096484696413065,5.3306918347967915,1.8449829289020574,3.3613066498002793,3.0,14103.249198282945,3.0,0.36130664980027927,318.0,3,,14103.249198282945
Ponta Grossa,358371,M2,30.576514098907197,10.582706388985502,70.22556458541563,50.63869742327671,23.835002895503568,0.47751966477023017,5.905122861125837,2.043796792140351,4.072221130232354,3.0,24092.77716631719,4.0,0.07222113023235366,397.0,4,,24092.77716631719
Cascavel,348051,M2,30.576514098907197,10.582706388985502,62.192263982816186,46.363930869705435,12.082409959911693,0.38982655751032236,5.280832907083636,1.827726468889932,3.49802522481001,3.0,17588.974274865745,3.0,0.4980252248100099,156.0,4,,17588.974274865745
São José dos Pinhais,329628,M2,30.576514098907197,10.582706388985502,71.12046317048757,51.13117623587304,14.61557977626408,0.4452065242587527,5.5027402473281075,1.9045298683805194,3.7504513211644053,3.0,20931.829944549518,3.0,0.7504513211644053,23.0,4,,20931.829944549518
Foz do Iguaçu,285415,M2,30.576514098907197,10.582706388985502,59.85401837748399,53.393821239306995,30.75739297644016,0.4692332878943106,4.620845833434597,1.5993011684007845,3.248675971398781,3.0,18525.799439355276,3.0,0.24867597139878095,385.0,3,,18525.799439355276
Colombo,232212,M2,30.576514098907197,10.582706388985502,66.40935386950292,50.19248076028837,37.23533085442488,0.5149637004162879,3.9362804151382274,1.362369162271857,2.8988301329146013,2.0,17319.259172400594,2.0,0.8988301329146013,8.0,3,,17319.259172400594
Guarapuava,182093,M1,30.79362280995862,10.657848955470229,61.08340338756191,55.600277119987865,28.3840091657794,0.46907020445334097,2.990833424370905,1.0351445519949762,2.2265971348928506,2.0,11986.620004600674,2.0,0.2265971348928506,388.0,2,,11986.620004600674
Araucária,151666,M1,30.79362280995862,10.657848955470229,48.892272958045986,49.46860935938413,16.192753341499312,0.35927732391694944,2.613731393639002,0.9046273826074904,1.836124983439165,2.0,8023.381197713315,1.0,0.8361249834391651,15.0,2,,8023.381197713315
Toledo,150470,M1,30.79362280995862,10.657848955470229,51.770830245353416,46.31907377381249,7.307330882285296,0.32895079205817984,2.289297244294236,0.7923388681623907,1.6015580916807863,2.0,6434.277492657998,1.0,0.6015580916807863,72.0,2,,6434.277492657998
Fazenda Rio Grande,148873,M1,30.79362280995862,10.657848955470229,76.70567394692316,60.16516423907385,27.811608072946335,0.5383994565576257,2.8812842310856595,0.9972289497148128,2.259862828526887,2.0,13254.31782153563,2.0,0.25986282852688714,378.0,2,,13254.31782153563
Paranaguá,145829,M1,30.79362280995862,10.657848955470229,65.08663201788643,57.47484030111916,27.5098108489454,0.48533545206956563,2.466261325755017,0.8535871487688087,1.9199982959317843,2.0,10226.988646009888,1.0,0.9199982959317843,5.0,2,,10226.988646009888
Campo Largo,136327,M1,30.79362280995862,10.657848955470229,62.554494849485195,45.39320972467573,26.48768600738499,0.44695514287683225,2.1695655939408103,0.7508990592600326,1.6832066750929697,2.0,8285.20748350784,1.0,0.6832066750929697,39.0,2,,8285.20748350784
Apucarana,130134,M1,30.79362280995862,10.657848955470229,47.94666613526456,44.05721727580242,30.732470554840507,0.40283098131202505,1.9831212938303442,0.6863696207639852,1.5123964492282065,1.0,6825.568147350952,1.0,0.5123964492282065,142.0,2,,6825.568147350952
Pinhais,127019,M1,30.79362280995862,10.657848955470229,44.43415958874019,44.74474528396509,24.630204990787867,0.36574694888604237,1.965682373104381,0.6803339105719507,1.4557168204800908,1.0,6142.720006541082,1.0,0.45571682048009077,206.0,1,,6142.720006541082
Almirante Tamandaré,119825,M1,30.79362280995862,10.657848955470229,100,55.36911556305865,38.81377500574621,0.6659933311491021,2.2138066143060056,0.7662111294116372,1.9962001093924489,2.0,12597.263858685266,1.0,0.9962001093924489,1.0,2,,12597.263858685266
Arapongas,119138,M1,30.79362280995862,10.657848955470229,53.06456580646262,44.53089756976515,23.0772524561952,0.3936290681901615,1.8106047223533654,0.6266606487971464,1.3960451307589876,1.0,6089.441684901799,1.0,0.3960451307589876,291.0,1,,6089.441684901799
Piraquara,118730,M1,30.79362280995862,10.657848955470229,81.79961046378918,51.092066078165,45.57390342632216,0.6116781877167754,2.1324639974969823,0.7380579845561738,1.8715135569190136,2.0,11144.776580199648,1.0,0.8715135569190136,11.0,2,,11144.776580199648
Sarandi,118455,M1,30.79362280995862,10.657848955470229,76.67769621648213,51.851290485378264,26.11917781521762,0.5148900770975555,1.9776204262187986,0.6844657390255582,1.6484862520784094,2.0,8700.097632717396,1.0,0.6484862520784094,52.0,2,,8700.097632717396
Umuarama,117095,M1,30.79362280995862,10.657848955470229,62.28970410440241,51.318557185078674,26.28678566437764,0.45694307344527757,1.7305495426449167,0.5989530932847194,1.4222501674000987,1.0,6756.360283961874,1.0,0.4222501674000987,252.0,1,,6756.360283961874
Cambé,107208,M1,30.79362280995862,10.657848955470229,60.84473196630379,38.693440354626965,27.829211958665283,0.4320826564091302,1.568800626918197,0.5429708685505463,1.2929531860130876,1.0,5791.635926507981,1.0,0.2929531860130876,364.0,1,,5791.635926507981
Campo Mourão,99432,P4,10.65049897410691,3.686198602449356,53.827124495985956,45.84659275314048,25.280277700344406,0.4081227942916024,1.4910862419380655,0.516073475480003,1.2180553337106024,1.0,5199.484399275015,1.0,0.21805533371060237,390.0,1,,5199.484399275015
Francisco Beltrão,96666,P4,10.65049897410691,3.686198602449356,44.92472601253733,46.70369747677215,19.334853979699254,0.3504457149224906,1.4495371355104352,0.501693092136565,1.128484408612064,1.0,4340.270179315046,1.0,0.128484408612064,394.0,1,,4340.270179315046
Paranavaí,92001,P4,10.65049897410691,3.686198602449356,58.51827418106589,44.749668510355484,27.35988847271753,0.43301198763584464,1.4027212409440908,0.4854898432988882,1.1914054615971272,1.0,5189.648671815598,1.0,0.19140546159712724,392.0,1,,5189.648671815598
Pato Branco,91836,P4,10.65049897410691,3.686198602449356,50.62104099754228,48.088322277109604,11.259050306820823,0.3436970097716716,1.3985078104331197,0.4840315509034973,1.0905891112617043,1.0,4106.835569761704,1.0,0.09058911126170432,396.0,1,,4106.835569761704
Cianorte,79527,P4,10.65049897410691,3.686198602449356,48.936339034471274,44.94797309167801,21.94834506950331,0.37343468259925444,1.184676212001342,0.410023211837409,0.9943622701307351,1.0,3779.9058572696536,0.0,0.9943622701307351,2.0,1,,3779.9058572696536
Telêmaco Borba,75042,P4,10.65049897410691,3.686198602449356,65.83535090211127,56.385124568570646,15.78442495615031,0.4392493525701876,1.2896608555663693,0.44635899735589896,1.1282421502968176,1.0,4840.088615970897,1.0,0.12824215029681763,395.0,1,,4840.088615970897
Castro,73075,P4,10.65049897410691,3.686198602449356,73.07245791371993,56.43138741987518,32.40581647431594,0.5347758723918938,1.3214956638714834,0.45737720656551917,1.251164724313175,1.0,6038.154375176873,1.0,0.25116472431317494,384.0,1,,6038.154375176873
Rolândia,71670,P4,10.65049897410691,3.686198602449356,61.898387468606884,51.665504657338126,20.82402400130899,0.4342206551943398,1.1128138138420036,0.3851512248715752,1.0135340493488838,1.0,4128.569989587782,1.0,0.013534049348883803,399.0,1,,4128.569989587782
Irati,59250,P3,12.727954295488436,4.4052177696212595,65.32294594104161,42.09022728118674,40.36640337095627,0.506937851810365,0.8979288577824832,0.31077831270663914,0.9515678693940706,1.0,3889.2271990891204,0.0,0.9515678693940706,4.0,1,,3889.2271990891204
Marechal Cândido Rondon,55836,P3,12.727954295488436,4.4052177696212595,48.265239520585055,43.874611830583156,13.962972699172022,0.3366620725401946,0.8128409694081526,0.28132890794416177,0.7351166590669378,1.0,2338.1180937916515,0.0,0.7351166590669378,28.0,1,,2338.1180937916515
União da Vitória,55033,P3,12.727954295488436,4.4052177696212595,55.99583863793677,46.19075461930426,32.95685021153509,0.4481922646364959,0.843505380349108,0.29194203593283996,0.8604902171772129,1.0,3230.121651235226,0.0,0.8604902171772129,12.0,1,,3230.121651235226
Medianeira,54369,P3,12.727954295488436,4.4052177696212595,44.36402911281114,54.95101406828963,8.609620251498582,0.3217966255938181,0.8100320157341719,0.28035671301390114,0.7192894002108863,1.0,2227.154445734815,0.0,0.7192894002108863,32.0,1,,2227.154445734815
Ibiporã,51603,P3,12.727954295488436,4.4052177696212595,44.544379208892245,56.08272141554396,34.61804909315463,0.4288151560392754,0.8000836381388239,0.2769135226358949,0.8150894160743264,1.0,2931.3804066844864,0.0,0.8150894160743264,18.0,1,,2931.3804066844864
Prudentópolis,49393,P3,12.727954295488436,4.4052177696212595,68.04021089521885,44.15255009156133,45.78237115588901,0.5435954283875541,0.7712918629805221,0.2669485246007237,0.9055486131535219,1.0,3582.293873073982,0.0,0.9055486131535219,7.0,1,,3582.293873073982
Palmas,48247,P3,12.727954295488436,4.4052177696212595,71.46977371146212,78.20414269383336,38.16682968489358,0.5949546989730895,0.9046001227581875,0.31308727566600814,1.0417305351005244,1.0,4598.404868363009,1.0,0.04173053510052438,398.0,1,,4598.404868363009
Campina Grande do Sul,47825,P3,12.727954295488436,4.4052177696212595,62.35685349189829,58.974280851528945,32.62185196413962,0.4978633835272096,0.8430372214034447,0.29178000344446325,0.9079211864514398,1.0,3586.1099515464907,0.0,0.9079211864514398,6.0,1,,3586.1099515464907
Paiçandu,45962,P3,12.727954295488436,4.4052177696212595,52.928465199026775,52.38804784623338,39.85577208191567,0.47591304481623653,0.7456601607054486,0.2580772458620957,0.8256251075549847,1.0,3032.042008524243,0.0,0.8256251075549847,16.0,1,,3032.042008524243
Cornélio Procópio,45206,P3,12.727954295488436,4.4052177696212595,57.89864007367274,33.91660138366904,23.42753542348088,0.39313790475595256,0.5846134833972242,0.20233806986048783,0.6502187818003523,1.0,1963.723834255983,0.0,0.6502187818003523,50.0,1,,1963.723834255983
Lapa,45003,P3,12.727954295488436,4.4052177696212595,66.20210499540941,50.00490505872249,33.92288541318813,0.5005097717518352,0.6952160343102125,0.24061824523949904,0.8166406259837589,1.0,2973.028044205901,0.0,0.8166406259837589,17.0,1,,2973.028044205901
Dois Vizinhos,44869,P3,12.727954295488436,4.4052177696212595,45.69160428569216,46.06327137852805,18.16762056921377,0.3475634421766798,0.6767237559565066,0.23421796194861674,0.6643181015888427,1.0,2009.6118226655626,0.0,0.6643181015888427,46.0,1,,2009.6118226655626
Santo Antônio da Platina,44369,P3,12.727954295488436,4.4052177696212595,69.32815911843923,44.283446434435,41.98556126895126,0.5338217744184319,0.684799497769201,0.23701302237311597,0.8407161927909625,1.0,3123.3912021222454,0.0,0.8407161927909625,14.0,1,,3123.3912021222454
São Mateus do Sul,42366,P3,12.727954295488436,4.4052177696212595,60.621363590151766,53.25795782481186,33.14046989761279,0.481563249600682,0.6729784843911991,0.23292170204160262,0.7851287612932052,1.0,2768.9886852039212,0.0,0.7851287612932052,21.0,1,,2768.9886852039212
Guaratuba,42062,P3,12.727954295488436,4.4052177696212595,27.17229236164692,52.52842652738313,46.80899591823361,0.40098200617428836,0.7227203723679398,0.2501376539316341,0.7414693043752081,1.0,2476.0638881262307,0.0,0.7414693043752081,26.0,1,,2476.0638881262307
Marialva,41851,P3,12.727954295488436,4.4052177696212595,49.33534951439014,56.08855073496903,27.884883132447445,0.4210580320572884,0.6373984045207775,0.22060723292496834,0.7076939793278804,1.0,2293.082042583993,0.0,0.7076939793278804,34.0,1,,2293.082042583993
Jacarezinho,40375,P3,12.727954295488436,4.4052177696212595,45.98145349134268,42.94876214773771,36.80949919945622,0.417061335058671,0.6245240335150327,0.21615133949460721,0.6961567210922183,1.0,2225.4392838730682,0.0,0.6961567210922183,36.0,1,,2225.4392838730682
Matinhos,39259,P2,20.095371623394037,6.955123039206443,50.079768421486335,55.804533436387246,40.32796977660351,0.4732400196651339,0.6239388348329534,0.2159487988841363,0.7466945292367378,1.0,2522.842544834829,0.0,0.7466945292367378,24.0,1,,2522.842544834829
Rio Branco do Sul,37558,P2,20.095371623394037,6.955123039206443,72.4720362491022,46.60777933401409,46.59469760906602,0.5694824941007011,0.6514431728906807,0.22546820757627134,0.8518201901960641,1.0,3169.7395621645023,0.0,0.8518201901960641,13.0,1,,3169.7395621645023
Assis Chateaubriand,36808,P2,20.095371623394037,6.955123039206443,44.43058843670858,37.82283099149328,32.2177464625885,0.3822390015801749,0.5222313038875706,0.18074724078428364,0.602701800793211,1.0,1705.5504250507404,0.0,0.602701800793211,71.0,1,,1705.5504250507404
Mandaguari,36716,P2,20.095371623394037,6.955123039206443,47.67584832465538,44.449557671775224,15.09971922344617,0.3400013855359567,0.5239868999338084,0.1813548626156965,0.5665529790922383,1.0,1522.1862030444781,0.0,0.5665529790922383,108.0,1,,1522.1862030444781
Jaguariaíva,35141,P2,20.095371623394037,6.955123039206443,75.69586600729359,51.50290288329208,31.44350925353808,0.5315633068099108,0.6155119738110115,0.2130322140933545,0.794120529175221,1.0,2795.491430513321,0.0,0.794120529175221,20.0,1,,2795.491430513321
Palotina,35011,P2,20.095371623394037,6.955123039206443,37.350122509324194,56.845285280966564,6.140027949117282,0.287651172395699,0.5531297943013577,0.19144138501715025,0.5373789750894207,1.0,1359.4394407420734,0.0,0.5373789750894207,125.0,1,,1359.4394407420734
Palmeira,33855,P2,20.095371623394037,6.955123039206443,56.46620911820005,51.135208884194974,25.418978512544804,0.4298111682913693,0.5347545556840676,0.18508160984836214,0.6523190926077407,1.0,1963.8072279232663,0.0,0.6523190926077407,48.0,1,,1963.8072279232663
Pitanga,33567,P2,20.095371623394037,6.955123039206443,67.03332168628246,51.05275714064669,41.948223975004346,0.5380316969264406,0.5273810522898684,0.18252959815642808,0.7432031650072111,1.0,2424.3708263505414,0.0,0.7432031650072111,25.0,1,,2424.3708263505414
Ivaiporã,32720,P2,20.095371623394037,6.955123039206443,47.29050824101688,53.691377884128975,31.61307726211488,0.42299709778078504,0.4614876806877388,0.15972352541739812,0.6012143749686969,1.0,1667.8775565496353,0.0,0.6012143749686969,73.0,1,,1667.8775565496353
Laranjeiras do Sul,32227,P2,20.095371623394037,6.955123039206443,50.61634528855947,62.72918875508392,32.37183727675716,0.4574111077714344,0.5177837939037678,0.17920793214470435,0.6661202431019506,1.0,2023.5867407808257,0.0,0.6661202431019506,44.0,1,,2023.5867407808257
Guaíra,32097,P2,20.095371623394037,6.955123039206443,60.948926023522965,48.7946443716267,35.30832648852127,0.48261829879143037,0.5373294298852165,0.18597278853443436,0.7006069268011457,1.0,2215.700609751457,0.0,0.7006069268011457,35.0,1,,2215.700609751457
Mandaguaçu,31457,P2,20.095371623394037,6.955123039206443,46.66949747785156,48.54126500576451,29.85314383969449,0.4031730952817132,0.5025686281697059,0.1739418762724594,0.6091339230607221,1.0,1731.2252711396764,0.0,0.6091339230607221,67.0,1,,1731.2252711396764
Rio Negro,31324,P2,20.095371623394037,6.955123039206443,53.39608368821048,35.27202406523251,28.841578121197468,0.3994946953680968,0.48126739614201924,0.16656939805131651,0.592930862053153,1.0,1642.722187353614,0.0,0.592930862053153,83.0,1,,1642.722187353614
Bandeirantes,31273,P2,20.095371623394037,6.955123039206443,49.31942242441318,36.98092497434619,38.53019306283508,0.4253603118976854,0.45189042230163823,0.1564018594056744,0.5973482967963798,1.0,1642.3161642369635,0.0,0.5973482967963798,77.0,1,,1642.3161642369635
Itaperuçu,31217,P2,20.095371623394037,6.955123039206443,70.04665156303572,58.96545254903326,62.774834101560764,0.6492168477564525,0.578176297894352,0.2001101231453073,0.8753797510415245,1.0,3207.1312279168756,0.0,0.8753797510415245,10.0,1,,3207.1312279168756
Quedas do Iguaçu,30738,P2,20.095371623394037,6.955123039206443,65.52345373946963,71.96051268487375,52.40412650970979,0.6156313463664652,0.5156770786482823,0.1784787859470089,0.8038686124518181,1.0,2712.4717120906457,0.0,0.8038686124518181,19.0,1,,2712.4717120906457
Pontal do Paraná,30425,P2,20.095371623394037,6.955123039206443,55.35674973688182,31.116615008102272,43.20040369084317,0.4564618437271044,0.4532948991386286,0.1568879568708047,0.6250640315863165,1.0,1767.8767207550754,0.0,0.6250640315863165,60.0,1,,1767.8767207550754
Campo Magro,30160,P2,20.095371623394037,6.955123039206443,84.88309549387711,40.43513022477153,42.47584206221314,0.590306010673904,0.4955462439847543,0.17151138894680792,0.768380592309492,1.0,2499.3556491933095,0.0,0.768380592309492,22.0,1,,2499.3556491933095
Imbituva,29924,P2,20.095371623394037,6.955123039206443,67.89316085033892,58.5013228283572,36.52572867064789,0.5346782037406617,0.4997596744957252,0.1729696813421988,0.7224784837014246,1.0,2283.075929972625,0.0,0.7224784837014246,31.0,1,,2283.075929972625
Pinhão,29886,P2,20.095371623394037,6.955123039206443,74.6893931518086,75.17754075353513,56.41052473787983,0.674754753065824,0.5448199730158316,0.18856530834846263,0.8756000059040794,1.0,3140.983375521411,0.0,0.8756000059040794,9.0,1,,3140.983375521411
São Miguel do Iguaçu,29122,P2,20.095371623394037,6.955123039206443,47.671895203474705,51.738260626099695,27.087186185824013,0.40251284680939425,0.4653499919894622,0.16106029344650644,0.5858446906988929,1.0,1600.3910789141516,0.0,0.5858446906988929,87.0,1,,1600.3910789141516
Ibaiti,28830,P2,20.095371623394037,6.955123039206443,54.102604911337714,44.745304429203436,37.90593927482993,0.4575247856030775,0.4377286141953191,0.1515003766322772,0.6162689478158572,1.0,1711.1426981555098,0.0,0.6162689478158572,65.0,1,,1711.1426981555098
Goioerê,28437,P2,20.095371623394037,6.955123039206443,42.472187663263604,36.172444824008174,42.825525589271166,0.4135357426581554,0.41455474638497863,0.14347976845762722,0.5642586211627755,1.0,1464.7436004951865,0.0,0.5642586211627755,111.0,1,,1464.7436004951865
Mandirituba,27439,P2,20.095371623394037,6.955123039206443,68.40616754355534,55.14822688390561,46.46951790409515,0.5697991955584132,0.4605513627964119,0.15939946044064457,0.7276422817070778,1.0,2242.159834522356,0.0,0.7276422817070778,29.0,1,,2242.159834522356
Nova Esperança,26585,P2,20.095371623394037,6.955123039206443,53.7262956798208,35.43314952243028,39.575075931610534,0.44407178549058585,0.37370787837584324,0.12934243384675428,0.5649759152975308,1.0,1417.9212110714407,0.0,0.5649759152975308,110.0,1,,1417.9212110714407
Arapoti,25777,P2,20.095371623394037,6.955123039206443,62.380901367808605,64.68921652056912,34.076690438540844,0.515208800266536,0.43737749498607154,0.15137885226599462,0.6656202967597551,1.0,1925.335286596045,0.0,0.6656202967597551,45.0,1,,1925.335286596045
Santa Helena,25492,P2,20.095371623394037,6.955123039206443,37.36660820322889,42.7249563369289,26.94983857831022,0.34271569980001426,0.3865822493815879,0.13379832727711538,0.4871530341850128,1.0,1131.989956439447,0.0,0.4871530341850128,171.0,1,,1131.989956439447
Astorga,25475,P2,20.095371623394037,6.955123039206443,50.41426478521226,56.87439319016841,33.40713628074463,0.44903439064416445,0.3718352425931895,0.12869430389324724,0.5679970344458207,1.0,1426.5822590765104,0.0,0.5679970344458207,107.0,1,,1426.5822590765104
Ubiratã,24749,P2,20.095371623394037,6.955123039206443,47.64705179785362,35.95218452302124,24.776776551922687,0.3615996824451477,0.37171820285677365,0.12865379577115305,0.4942229554044415,1.0,1148.440591445789,0.0,0.4942229554044415,164.0,1,,1148.440591445789
Reserva,24573,P2,20.095371623394037,6.955123039206443,68.94223436902652,56.53836219317777,57.052920067343535,0.6170573421318357,0.41022427613759177,0.14198096794014212,0.735117776966236,1.0,2162.785984172084,0.0,0.735117776966236,27.0,1,,2162.785984172084
Santa Terezinha de Itaipu,24262,P2,20.095371623394037,6.955123039206443,56.067521207432804,60.504093818936155,36.553586639327804,0.49149261902491476,0.37792130888681424,0.1308007262421452,0.6076367196445246,1.0,1587.0296668314497,0.0,0.6076367196445246,69.0,1,,1587.0296668314497
Ortigueira,24192,P2,20.095371623394037,6.955123039206443,73.3636624828258,52.839744558566274,36.1923029798623,0.543903350967885,0.4199385742601082,0.14534314207396004,0.6790210127815981,1.0,1951.5252232727714,0.0,0.6790210127815981,40.0,1,,1951.5252232727714
Quatro Barras,24191,P2,20.095371623394037,6.955123039206443,61.443611300613036,43.49097006035918,11.276520074213249,0.37786246562002346,0.412565070865909,0.14279113038202595,0.5326046784445373,1.0,1331.9651913105827,0.0,0.5326046784445373,129.0,1,,1331.9651913105827
Cruzeiro do Oeste,23831,P2,20.095371623394037,6.955123039206443,42.286846823647814,41.31215794418314,34.502874158446744,0.38978319981674453,0.33695740114126305,0.1166228835091781,0.49687899628445165,1.0,1122.1858322724074,0.0,0.49687899628445165,159.0,1,,1122.1858322724074
Santo Antônio do Sudoeste,23673,P2,20.095371623394037,6.955123039206443,67.26710388824335,37.26272702574901,34.926424220431265,0.48329956648619643,0.37675091152265566,0.1303956450212033,0.5999800245642584,1.0,1555.7413045190663,0.0,0.5999800245642584,74.0,1,,1555.7413045190663
Piraí do Sul,23651,P2,20.095371623394037,6.955123039206443,73.66838669625922,50.03716093700038,38.53468800471948,0.5488866206779155,0.407532362200027,0.1410492811319757,0.6752572821836405,1.0,1911.2232132005017,0.0,0.6752572821836405,41.0,1,,1911.2232132005017
Coronel Vivida,23331,P2,20.095371623394037,6.955123039206443,60.61079449095115,52.74743158504843,31.67564129502341,0.47464060631399513,0.36106758684293033,0.1249675566605816,0.58281735352653,1.0,1464.2662704786749,0.0,0.58281735352653,90.0,1,,1464.2662704786749
Carambeí,23283,P2,20.095371623394037,6.955123039206443,70.84845619403956,63.984020317774416,18.969668654862012,0.48724054003115513,0.4431124420704487,0.15336375024861001,0.6452069146196684,1.0,1844.6926845579533,0.0,0.6452069146196684,53.0,1,,1844.6926845579533
Loanda,23225,P2,20.095371623394037,6.955123039206443,34.47354252401901,45.65904750357524,34.437358740635055,0.3669617000657668,0.368909249182793,0.12768160084089245,0.49705367928821853,1.0,1156.663278607297,0.0,0.49705367928821853,158.0,1,,1156.663278607297
Cambará,23212,P2,20.095371623394037,6.955123039206443,60.28148649009901,36.37076489065574,45.27886038443402,0.4949829172794436,0.332743970630292,0.11516459111378718,0.581972269274928,1.0,1407.236433825458,0.0,0.581972269274928,91.0,1,,1407.236433825458
Colorado,22896,P2,20.095371623394037,6.955123039206443,62.4083267040657,42.643010520037095,24.233120427719314,0.43185180956721425,0.2985683675968607,0.10333621946228319,0.5082674361278966,1.0,1101.6539662059636,0.0,0.5082674361278966,146.0,1,,1101.6539662059636
Siqueira Campos,22811,P2,20.095371623394037,6.955123039206443,54.821996237142436,38.67334308500459,34.92547577981825,0.4363365742378519,0.34199010980714495,0.11836473275922832,0.5388292059337154,1.0,1274.9754699230032,0.0,0.5388292059337154,124.0,1,,1274.9754699230032
Jandaia do Sul,21408,P2,20.095371623394037,6.955123039206443,42.64814647006886,35.04491577324534,33.40101961533049,0.3742864958880881,0.28253392370788777,0.09778660673537891,0.45112546596310665,1.0,903.5276010738447,0.0,0.45112546596310665,209.0,0,,903.5276010738447
Chopinzinho,21085,P2,20.095371623394037,6.955123039206443,50.06565318046336,49.33679441339026,35.35289391840305,0.4403477772222461,0.32478526855401346,0.11241003881138215,0.5315192969342971,1.0,1221.965081791733,0.0,0.5315192969342971,130.0,1,,1221.965081791733
Capanema,20481,P2,20.095371623394037,6.955123039206443,41.98955486662229,43.289168879549464,23.666388538973422,0.34920211138148183,0.2883859105286808,0.0998120128400885,0.43403331301066955,1.0,860.4340024439712,0.0,0.43403331301066955,239.0,0,,860.4340024439712
Tibagi,19961,P1,38.87404621210965,13.454529704853227,68.45318346743018,55.537791978160264,47.70752574435153,0.5757184208034473,0.3533429642394836,0.12229402060236493,0.6627015854577212,1.0,1738.0939124056072,0.0,0.6627015854577212,47.0,1,,1738.0939124056072
Andirá,19878,P1,38.87404621210965,13.454529704853227,48.312407828864295,38.24728148213852,44.16189143024602,0.4463917600007183,0.27796937398766924,0.09620678997370542,0.5074620654978985,1.0,1060.1804300017059,0.0,0.5074620654978985,148.0,1,,1060.1804300017059
Ampére,19620,P1,38.87404621210965,13.454529704853227,62.509268507235596,43.254936679218744,23.827713768182885,0.4318578024601114,0.29845132786044487,0.10329571134018899,0.5082001009631151,1.0,1101.237396273284,0.0,0.5082001009631151,147.0,1,,1101.237396273284
Realeza,19247,P1,38.87404621210965,13.454529704853227,42.90575780554448,38.61337827233315,27.481442559309677,0.35877555800408295,0.28335320186279883,0.09807016359003826,0.43888764243893286,1.0,868.5956259278848,0.0,0.43888764243893286,230.0,0,,868.5956259278848
Wenceslau Braz,19188,P1,38.87404621210965,13.454529704853227,51.7951507312518,49.09162701618133,42.32309875216993,0.4746562519660496,0.3023136391621683,0.10463247936929732,0.5459187230127852,1.0,1226.0370988283062,0.0,0.5459187230127852,119.0,1,,1226.0370988283062
Contenda,19128,P1,38.87404621210965,13.454529704853227,81.4305867899522,51.55112068597245,39.23964301938266,0.5857831606092843,0.32068887777945837,0.11099225453808541,0.6497173169048658,1.0,1605.045860069439,0.0,0.6497173169048658,51.0,1,,1605.045860069439
Cafelândia,18997,P1,38.87404621210965,13.454529704853227,41.625160117243645,44.56939568332585,15.62361247998589,0.3181338817555699,0.30067508285234623,0.10406536565997863,0.4157319390884966,1.0,817.285942230059,0.0,0.4157319390884966,264.0,0,,817.285942230059
Altônia,18742,P1,38.87404621210965,13.454529704853227,48.049698205977556,36.16237984163383,39.89882969846225,0.42411887130102693,0.2634564466721025,0.09118378283402565,0.48027531496920295,1.0,954.6915792986116,0.0,0.48027531496920295,174.0,1,,954.6915792986116
Matelândia,18450,P1,38.87404621210965,13.454529704853227,41.30761488773486,46.31830113624933,10.769299807102648,0.3009442610518487,0.2956423741864642,0.10232351640992839,0.39860439560173877,1.0,760.1852034169698,0.0,0.39860439560173877,285.0,0,,760.1852034169698
Quitandinha,18398,P1,38.87404621210965,13.454529704853227,70.43103133437523,41.994459154262096,39.7474014736528,0.5247026495406364,0.27937385082465954,0.09669288743883572,0.5725371653757864,1.0,1252.465224453499,0.0,0.5725371653757864,102.0,1,,1252.465224453499
Morretes,18309,P1,38.87404621210965,13.454529704853227,63.805331951264364,37.614250090344704,52.558011064975865,0.5406818722456503,0.2917800628847408,0.10098674838082006,0.5936365288621568,1.0,1347.9199075084064,0.0,0.5936365288621568,81.0,1,,1347.9199075084064
Terra Roxa,18119,P1,38.87404621210965,13.454529704853227,55.75229260342973,40.57103372958764,33.61298090598346,0.43860316149682804,0.28148056608014504,0.09742203363653117,0.5032536044157228,1.0,1054.8406033998715,0.0,0.5032536044157228,151.0,1,,1054.8406033998715
Antonina,18091,P1,38.87404621210965,13.454529704853227,71.11136348686651,30.306251356132957,63.78848713102816,0.6002119051838446,0.2954082947136325,0.10224250016573999,0.6450197715348915,1.0,1514.9348486840238,0.0,0.6450197715348915,54.0,1,,1514.9348486840238
Tijucas do Sul,17621,P1,38.87404621210965,13.454529704853227,80.1184116628227,74.7460261820529,53.12342327813818,0.6824593921279493,0.2944719768223056,0.10191843518898645,0.7121426562684947,1.0,1717.0678305939202,0.0,0.7121426562684947,33.0,1,,1717.0678305939202
Terra Boa,17568,P1,38.87404621210965,13.454529704853227,45.16748869052377,46.127181633581124,27.60074520067468,0.38332729883195604,0.2628712479900232,0.09098124222355469,0.44664064914728907,1.0,860.9531131765733,0.0,0.44664064914728907,216.0,0,,860.9531131765733
Corbélia,17470,P1,38.87404621210965,13.454529704853227,42.62507392682893,48.57985828537666,35.16884759187444,0.40833540264556684,0.2695425129657273,0.09329020518292362,0.47112077175328915,1.0,940.3964322927404,0.0,0.47112077175328915,186.0,1,,940.3964322927404
Sengés,17270,P1,38.87404621210965,13.454529704853227,60.13823616114722,68.85371635358011,34.702230718247854,0.5170693002247405,0.2956423741864642,0.10232351640992839,0.5766721049069617,1.0,1306.1170523676944,0.0,0.5766721049069617,99.0,1,,1306.1170523676944
Carlópolis,16905,P1,38.87404621210965,13.454529704853227,62.85003216966911,51.79896940057799,46.211196050313234,0.5398428516810854,0.25924301616113155,0.08972549043863474,0.5719746329107808,1.0,1195.751916473604,0.0,0.5719746329107808,103.0,1,,1195.751916473604
Mangueirinha,16603,P1,38.87404621210965,13.454529704853227,58.27643568396933,78.46410402597412,40.53501423384225,0.5521740077231946,0.2855769568547002,0.09883981790982789,0.5990766516334053,1.0,1347.3045788445947,0.0,0.5990766516334053,75.0,1,,1347.3045788445947
Faxinal,16389,P1,38.87404621210965,13.454529704853227,48.10217175835277,57.646281830850256,57.577580849989396,0.5380115740950692,0.2749263408408568,0.09515357879925643,0.5805838382299552,1.0,1263.7891875493174,0.0,0.5805838382299552,93.0,1,,1263.7891875493174
Cerro Azul,16134,P1,38.87404621210965,13.454529704853227,91.4560492707425,39.62109068311757,69.73994773357096,0.7240261693834888,0.264743883772677,0.09162937217706175,0.725848002122492,1.0,1637.7471951454518,0.0,0.725848002122492,30.0,1,,1637.7471951454518
Cruz Machado,15978,P1,38.87404621210965,13.454529704853227,74.13514818843119,61.742376798912126,46.05935312502538,0.6042627588516505,0.23501579072304835,0.08134030916513706,0.6084590712123557,1.0,1213.3596197741142,0.0,0.6084590712123557,68.0,1,,1213.3596197741142
Sertanópolis,15930,P1,38.87404621210965,13.454529704853227,69.41748604334998,38.459376395682845,31.676526411630373,0.4812948026112871,0.2237799760271257,0.07745152944409464,0.5019307778959012,1.0,920.235662592781,0.0,0.5019307778959012,152.0,1,,920.235662592781
Marmeleiro,15901,P1,38.87404621210965,13.454529704853227,60.67002002298535,43.09750220716001,37.39287886585664,0.478446599969688,0.2426233735900793,0.08397333710125951,0.5114913782425676,1.0,991.8198017371633,0.0,0.5114913782425676,143.0,1,,991.8198017371633
Tapejara,15869,P1,38.87404621210965,13.454529704853227,46.61106011682124,46.90839598374672,27.83033232040313,0.39158236171639094,0.2561999830143191,0.08867227926418576,0.4493218250941239,1.0,857.1737897971798,0.0,0.4493218250941239,212.0,0,,857.1737897971798
Iporã,15746,P1,38.87404621210965,13.454529704853227,53.26167322512089,36.659157879280826,35.5715169172113,0.4286510763278904,0.22916380390225533,0.07931490306042746,0.46282326331632606,1.0,839.2988074500093,0.0,0.46282326331632606,196.0,0,,839.2988074500093
Campina da Lagoa,15723,P1,38.87404621210965,13.454529704853227,56.85255159971552,61.118401119812425,54.03607522448942,0.5657913095364446,0.24613456568255512,0.08518858076408527,0.5845837587059655,1.0,1189.859123955143,0.0,0.5845837587059655,88.0,1,,1189.859123955143
Bituruna,15533,P1,38.87404621210965,13.454529704853227,66.38721509010522,69.79489574183586,46.77696488309336,0.592246511376466,0.26216900957152806,0.09073819349098954,0.6165979513709139,1.0,1326.6321854832838,0.0,0.6165979513709139,64.0,1,,1326.6321854832838
Cândido de Abreu,15244,P1,38.87404621210965,13.454529704853227,72.62934805636503,46.4263578625584,67.16565441985468,0.6520327256299956,0.24215521464441586,0.08381130461288275,0.6518951075007915,1.0,1349.0557093284608,0.0,0.6518951075007915,49.0,1,,1349.0557093284608
Salto do Lontra,15223,P1,38.87404621210965,13.454529704853227,71.0629612580434,36.44937891929088,40.4119263920508,0.5187983084389587,0.23115347942132497,0.08000354113602873,0.5368702655649625,1.0,1024.6266591669435,0.0,0.5368702655649625,127.0,1,,1024.6266591669435
Jaguapitã,15122,P1,38.87404621210965,13.454529704853227,55.08465955609999,55.06776205235614,14.72719499750853,0.3893829423191464,0.2407507378074255,0.08332520714775245,0.4381548542152707,1.0,800.9607123504841,0.0,0.4381548542152707,232.0,0,,800.9607123504841
Clevelândia,15070,P1,38.87404621210965,13.454529704853227,57.66927567534801,75.86194817620304,44.525864531590216,0.5605044571801591,0.2515183935576847,0.08705195438041809,0.583791202222823,1.0,1204.5240784801617,0.0,0.583791202222823,89.0,1,,1204.5240784801617
Candói,14973,P1,38.87404621210965,13.454529704853227,67.1339261538681,54.097368067605615,41.48071404521729,0.5426532969315528,0.2622860493079439,0.09077870161308373,0.5762281085844904,1.0,1216.0860384236098,0.0,0.5762281085844904,100.0,1,,1216.0860384236098
Terra Rica,14842,P1,38.87404621210965,13.454529704853227,45.18658035762985,37.9570317798534,44.42265779493164,0.43435101616995275,0.23642026756003867,0.08182640663026734,0.47191047985464346,1.0,877.3890526633046,0.0,0.47191047985464346,183.0,1,,877.3890526633046
Bela Vista do Paraíso,14833,P1,38.87404621210965,13.454529704853227,62.6078259571324,46.73255237486981,52.13442258931876,0.5524340989355442,0.21149080370346035,0.07319817662420451,0.5513055904899453,1.0,998.2484167765283,0.0,0.5513055904899453,118.0,1,,998.2484167765283
Capitão Leônidas Marques,14648,P1,38.87404621210965,13.454529704853227,53.912189099391064,59.0619372971673,44.724748254365814,0.5126716240093621,0.22647188996469053,0.07838321625226105,0.5289355305925568,1.0,992.0195924581155,0.0,0.5289355305925568,132.0,1,,992.0195924581155
Rebouças,14514,P1,38.87404621210965,13.454529704853227,69.83639569085553,39.17818005877805,54.699697974031544,0.5765007347771044,0.22846156548376015,0.07907185432786232,0.5817218982920939,1.0,1125.3294342849078,0.0,0.5817218982920939,92.0,1,,1125.3294342849078
Araruna,14485,P1,38.87404621210965,13.454529704853227,69.33559752905917,35.702608935150124,37.29368084414278,0.497922331363108,0.21593831368726307,0.07473748526378379,0.5103595680374297,1.0,918.6667013649343,0.0,0.5103595680374297,144.0,1,,918.6667013649343
Planalto,14374,P1,38.87404621210965,13.454529704853227,56.58633322400321,38.138050965098664,34.393425945179914,0.4401951386069298,0.18375238617290132,0.06359775168788105,0.44400449103951706,1.0,691.1063676128798,0.0,0.44400449103951706,219.0,0,,691.1063676128798
Imbaú,14249,P1,38.87404621210965,13.454529704853227,88.18218666037005,51.708103173250244,45.18371027112993,0.6368797940725004,0.24894351935653578,0.08616077569434587,0.6441530815001372,1.0,1354.6433219922083,0.0,0.6441530815001372,55.0,1,,1354.6433219922083
Manoel Ribas,14240,P1,38.87404621210965,13.454529704853227,62.13453947819148,52.33423768176606,45.73266376880788,0.5361372883515296,0.24964575777503092,0.08640382442691102,0.5627783739330802,1.0,1143.5808360538126,0.0,0.5627783739330802,112.0,1,,1143.5808360538126
Turvo,14231,P1,38.87404621210965,13.454529704853227,58.11632618752189,47.30832486815581,39.44649825245504,0.48486794749621936,0.24238929411724755,0.08389232085707113,0.5165492246777016,1.0,1004.1615192646703,0.0,0.5165492246777016,139.0,1,,1004.1615192646703
Ipiranga,14142,P1,38.87404621210965,13.454529704853227,73.44265641253574,56.06269804716565,40.99489615004621,0.5698756063446591,0.2339624330953056,0.08097573606628931,0.5799614859375524,1.0,1139.1813370829734,0.0,0.5799614859375524,95.0,1,,1139.1813370829734
Santa Izabel do Oeste,14070,P1,38.87404621210965,13.454529704853227,63.901374730021054,32.77907453801048,35.074383737908505,0.4614611829477392,0.21032040633930174,0.07279309540326259,0.4775344862249226,1.0,829.2457457570873,0.0,0.4775344862249226,178.0,1,,829.2457457570873
Rio Azul,14025,P1,38.87404621210965,13.454529704853227,89.74142008527265,68.0274072331794,35.804262427099616,0.6382375445158478,0.21734279052425337,0.07522358272891409,0.6241106253002401,1.0,1185.2071201659294,0.0,0.6241106253002401,61.0,1,,1185.2071201659294
Rio Bonito do Iguaçu,13929,P1,38.87404621210965,13.454529704853227,71.73019358575387,74.12780205113214,62.75906288201574,0.6862126299733426,0.2515183935576847,0.08705195438041809,0.685976811237214,1.0,1474.6709418127134,0.0,0.685976811237214,38.0,1,,1474.6709418127134
Alto Paraná,13909,P1,38.87404621210965,13.454529704853227,68.14892667149967,48.15374345521188,50.45693337077566,0.570730927079525,0.22506741312770018,0.07789711878713075,0.5748511210193575,1.0,1097.5155727739266,0.0,0.5748511210193575,101.0,1,,1097.5155727739266
Assaí,13797,P1,38.87404621210965,13.454529704853227,42.565118493670994,35.87349824542101,46.61854016345286,0.42848163111933746,0.20540473740983556,0.07109175427530653,0.44803426262969326,1.0,751.9852626144373,0.0,0.44803426262969326,214.0,0,,751.9852626144373
Nova Aurora,13765,P1,38.87404621210965,13.454529704853227,63.1917146645025,47.42290010324244,27.620552426226585,0.4580948685694012,0.21652351236934234,0.07494002587425475,0.47870412641033233,1.0,847.4755068533922,0.0,0.47870412641033233,177.0,1,,847.4755068533922
Guaraniaçu,13735,P1,38.87404621210965,13.454529704853227,67.45057503064125,37.4416374407099,33.06271665731542,0.4769364416332465,0.20060610821678532,0.06943092126944468,0.4838461400869166,1.0,817.4690609593845,0.0,0.4838461400869166,172.0,1,,817.4690609593845
São João do Triunfo,13726,P1,38.87404621210965,13.454529704853227,80.45695927963837,38.9669140980203,41.60043301990811,0.5661633973942266,0.22061990314389746,0.07635781014755146,0.5682726099164915,1.0,1067.2180040881171,0.0,0.5682726099164915,105.0,1,,1067.2180040881171
Piên,13655,P1,38.87404621210965,13.454529704853227,58.439372725360194,46.66301127655796,23.569170407312548,0.42136019508380684,0.23150459863057252,0.08012506550231129,0.4583768008076758,1.0,833.45046587577,0.0,0.4583768008076758,203.0,0,,833.45046587577
Curiúva,13647,P1,38.87404621210965,13.454529704853227,70.2780041586458,45.052585532615694,54.24116885607033,0.5881818631240959,0.20903296923872727,0.07234750606022648,0.5783926195232227,1.0,1050.4928075396354,0.0,0.5783926195232227,98.0,1,,1050.4928075396354
Mamborê,13452,P1,38.87404621210965,13.454529704853227,63.7020196929568,25.916711091530964,61.27098303840035,0.5517254331084905,0.19756307506997292,0.06837771009499569,0.5417182694599144,1.0,931.312531087132,0.0,0.5417182694599144,122.0,1,,931.312531087132
Mallet,13428,P1,38.87404621210965,13.454529704853227,73.08482348816551,29.831447796983834,26.60342185852001,0.45841587698070974,0.19112588956710058,0.06614976337981514,0.463109488232074,1.0,748.593127109499,0.0,0.463109488232074,195.0,0,,748.593127109499
Balsa Nova,13395,P1,38.87404621210965,13.454529704853227,63.47781186199726,60.63275504157293,28.900106269272218,0.4907771826082238,0.22401405549995745,0.07753254568828302,0.5097210568530973,1.0,939.3475275121403,0.0,0.5097210568530973,145.0,1,,939.3475275121403
Peabiru,13346,P1,38.87404621210965,13.454529704853227,45.05587428986289,42.359938765971,46.51717959595851,0.4510120930752276,0.21125672423062863,0.07311716038001613,0.469730955491958,1.0,814.0768280007858,0.0,0.469730955491958,188.0,1,,814.0768280007858
Bocaiúva do Sul,13299,P1,38.87404621210965,13.454529704853227,73.09004814285377,60.39156696933489,54.85806765339119,0.6325755971236496,0.2352498701958801,0.08142132540932544,0.6315134912268063,1.0,1271.4769502185359,0.0,0.6315134912268063,56.0,1,,1271.4769502185359
Paraíso do Norte,13245,P1,38.87404621210965,13.454529704853227,37.75539371390618,73.88519514954098,18.432510197034404,0.37252200594284424,0.20669217451041005,0.07153734361834264,0.40396690166381927,0.0,657.8738624950629,0.0,0.40396690166381927,279.0,0,,657.8738624950629
Ivaí,13229,P1,38.87404621210965,13.454529704853227,70.71608607512432,62.164562633636876,56.37762711131026,0.6327039780130121,0.22120510182597677,0.07656035075802242,0.6222388590052873,1.0,1195.810518444593,0.0,0.6222388590052873,63.0,1,,1195.810518444593
Santa Tereza do Oeste,13174,P1,38.87404621210965,13.454529704853227,58.90687336509475,49.680540502336115,34.4816794570855,0.47291529229339324,0.2276422873288491,0.07878829747320297,0.4976021438697742,1.0,919.8202435106499,0.0,0.4976021438697742,157.0,1,,919.8202435106499
Ribeirão do Pinhal,13060,P1,38.87404621210965,13.454529704853227,63.70124438163962,64.5305931795063,68.44284954145316,0.6576375620513837,0.20294690294510254,0.07024108371132852,0.6300120866779838,1.0,1140.3435325970993,0.0,0.6300120866779838,57.0,1,,1140.3435325970993
Palmital,13033,P1,38.87404621210965,13.454529704853227,65.36389004946773,49.481260285291114,61.86213694407736,0.6078666285447626,0.2154701547415996,0.07457545277540703,0.5984433788042257,1.0,1119.0824631509079,0.0,0.5984433788042257,76.0,1,,1119.0824631509079
Nova Londrina,12923,P1,38.87404621210965,13.454529704853227,37.268913781665816,40.04944993950117,34.47785056752394,0.3670859572757614,0.19849939296129981,0.06870177507174922,0.394682232421922,0.0,622.5777835396913,0.0,0.394682232421922,293.0,0,,622.5777835396913
Nova Prata do Iguaçu,12699,P1,38.87404621210965,13.454529704853227,76.50651776918112,36.191089140501234,32.38763691863758,0.5079587970322773,0.19768011480638878,0.06841821821708988,0.5068061284671865,1.0,857.9424081875163,0.0,0.5068061284671865,149.0,1,,857.9424081875163
Engenheiro Beltrão,12454,P1,38.87404621210965,13.454529704853227,32.32137039394495,28.084924417844842,48.46184819235434,0.3793027231808868,0.1692394588573346,0.05857474454820128,0.3867662124147114,0.0,548.4717377195624,0.0,0.3867662124147114,298.0,0,,548.4717377195624
Ribeirão Claro,12364,P1,38.87404621210965,13.454529704853227,54.997121111186296,38.346452141548774,41.54941425544384,0.4628790457496181,0.17661296225153386,0.06112675624013537,0.45759520191369935,1.0,698.4844800361736,0.0,0.45759520191369935,204.0,0,,698.4844800361736
Itapejara d'Oeste,12344,P1,38.87404621210965,13.454529704853227,54.04010450580824,52.83862152855087,34.45424853166268,0.45965465520698534,0.18621022063763443,0.06444842225185908,0.46102796194434403,1.0,731.3105564343136,0.0,0.46102796194434403,199.0,0,,731.3105564343136
Nova Laranjeiras,12074,P1,38.87404621210965,13.454529704853227,80.50503534523062,76.90600040548654,59.1167629692538,0.7122991940689107,0.22694004891035396,0.07854524874063783,0.690280647819951,1.0,1381.148137299618,0.0,0.690280647819951,37.0,1,,1381.148137299618
Jardim Alegre,12004,P1,38.87404621210965,13.454529704853227,58.52490794642931,37.987122492118594,49.235815480094544,0.5070171386903326,0.17239953174056288,0.05966846384474447,0.48996646416011186,1.0,746.8362452908599,0.0,0.48996646416011186,169.0,1,,746.8362452908599
Joaquim Távora,11945,P1,38.87404621210965,13.454529704853227,40.47429960531991,64.14450926727989,20.634758149414196,0.37272524955349623,0.18714653852896132,0.06477248722861262,0.392348497287892,0.0,595.9876740360405,0.0,0.392348497287892,295.0,0,,595.9876740360405
São João,11886,P1,38.87404621210965,13.454529704853227,52.15377923780069,37.32984351549725,25.39042380375087,0.3848364991972007,0.1695905780665822,0.05869626891448386,0.39136338169040225,0.0,557.6280873367438,0.0,0.39136338169040225,296.0,0,,557.6280873367438
Pérola,11878,P1,38.87404621210965,13.454529704853227,48.387299497823115,34.4664216025635,33.599485593282594,0.39687998356954984,0.17122913437640425,0.05926338262380254,0.4019041622485992,0.0,580.6354159622514,0.0,0.4019041622485992,281.0,0,,580.6354159622514
Jataizinho,11813,P1,38.87404621210965,13.454529704853227,56.243668408767114,58.45534045941022,46.91919716367428,0.529562143208586,0.18328422722723792,0.0634357191995043,0.5148345506595736,1.0,829.2943162646457,0.0,0.5148345506595736,140.0,1,,829.2943162646457
Porecatu,11624,P1,38.87404621210965,13.454529704853227,47.83663565596423,27.95321592021885,52.642063391101516,0.4578212280287007,0.15355613417760927,0.053146656187579584,0.4391902611867458,0.0,600.6614511736553,0.0,0.4391902611867458,229.0,0,,600.6614511736553
Itaipulândia,11485,P1,38.87404621210965,13.454529704853227,35.137114607743264,58.86243360924463,17.154508918167384,0.32689136132213187,0.19334964455900192,0.06691941769960479,0.3594965775363136,0.0,540.0245289041618,0.0,0.3594965775363136,320.0,0,,540.0245289041618
Cidade Gaúcha,11467,P1,38.87404621210965,13.454529704853227,42.297664016494764,53.18790028502407,29.728442357685264,0.39448022606676825,0.18070935302608898,0.06254454051343207,0.4057674798002002,0.0,609.0774690470902,0.0,0.4057674798002002,277.0,0,,609.0774690470902
Florestópolis,11446,P1,38.87404621210965,13.454529704853227,54.806494965027454,35.11501741761357,56.01365648594383,0.5135106406391123,0.17216545226773114,0.05958744760055608,0.49496712716916547,1.0,755.3741523801342,0.0,0.49496712716916547,162.0,1,,755.3741523801342
Santa Fé,11378,P1,38.87404621210965,13.454529704853227,25.241835112003802,39.516684484949735,31.520378602639127,0.30608222382847117,0.16081259783539265,0.05565815975741947,0.3238139065395388,0.0,420.5569755403194,0.0,0.3238139065395388,347.0,0,,420.5569755403194
Roncador,11251,P1,38.87404621210965,13.454529704853227,63.13780797134937,45.864739173678295,42.77920911739208,0.5153975467023224,0.16678162439260152,0.05772407398422325,0.4930263316248034,1.0,734.4415040508094,0.0,0.4930263316248034,167.0,1,,734.4415040508094
Moreira Sales,11175,P1,38.87404621210965,13.454529704853227,59.53362106610128,42.57010229755637,52.0654973024547,0.5315366780693366,0.15496061101459963,0.05363275365270989,0.4982090386477585,1.0,703.7545617638016,0.0,0.4982090386477585,155.0,1,,703.7545617638016
Três Barras do Paraná,11135,P1,38.87404621210965,13.454529704853227,54.968121452854604,56.64157136094554,52.010339167790946,0.5411969852044733,0.1782515185613559,0.06169386994945405,0.5208483171191658,1.0,824.2430084664129,0.0,0.5208483171191658,134.0,1,,824.2430084664129
Céu Azul,11087,P1,38.87404621210965,13.454529704853227,52.34567797017339,30.80252655973746,23.797600338713057,0.36617816635502065,0.1558969289059265,0.053956818629463416,0.36834698385663245,0.0,487.74931758488754,0.0,0.36834698385663245,314.0,0,,487.74931758488754
Santa Mariana,11066,P1,38.87404621210965,13.454529704853227,48.86453124680705,55.64640408043303,55.63279307033551,0.5292821054294363,0.15016198182154933,0.051971920646848024,0.4933505274860922,1.0,679.0689412659668,0.0,0.4933505274860922,166.0,1,,679.0689412659668
Missal,11064,P1,38.87404621210965,13.454529704853227,51.24933729379675,35.915950858882,38.537258143412814,0.4309782834666022,0.15858884284349128,0.05488850543762983,0.42113438920545754,1.0,583.975574097246,0.0,0.42113438920545754,254.0,0,,583.975574097246
General Carneiro,11062,P1,38.87404621210965,13.454529704853227,87.41327542115526,56.08684452661418,63.78940472347855,0.7169844096317636,0.19077477035785298,0.06602823901353257,0.6691488130978506,1.0,1168.6845876997747,0.0,0.6691488130978506,43.0,1,,1168.6845876997747
Cantagalo,10933,P1,38.87404621210965,13.454529704853227,54.028833162106395,68.34551811956608,57.348124385500384,0.5821988664295593,0.18855101536595162,0.06525858469374292,0.5601743890365144,1.0,937.9223738180201,0.0,0.5601743890365144,115.0,1,,937.9223738180201
Centenário do Sul,10832,P1,38.87404621210965,13.454529704853227,65.36733532739711,23.097705205503686,34.92137143954404,0.447350237478772,0.15671620706083753,0.05424037548412276,0.43289876959873996,1.0,599.0019679840757,0.0,0.43289876959873996,240.0,0,,599.0019679840757
São Jerônimo da Serra,10830,P1,38.87404621210965,13.454529704853227,78.9868633655273,36.0288436545667,56.82463627881137,0.6153036858864881,0.17801743908852416,0.06161285370526566,0.579575461071757,1.0,935.8769062333483,0.0,0.579575461071757,96.0,1,,935.8769062333483
Barbosa Ferraz,10795,P1,38.87404621210965,13.454529704853227,66.0865761067876,23.977314707231155,56.23180541933597,0.5372281555189565,0.14910862419380658,0.0516073475480003,0.4989301211355713,1.0,684.4286701311506,0.0,0.4989301211355713,154.0,1,,684.4286701311506
Tamarana,10707,P1,38.87404621210965,13.454529704853227,73.25577588687683,52.85343812223021,44.999611210777125,0.5787284246350763,0.19054069088502126,0.06594722276934417,0.5587097367407625,1.0,942.1698753059043,0.0,0.5587097367407625,116.0,1,,942.1698753059043
Querência do Norte,10685,P1,38.87404621210965,13.454529704853227,51.85845918876502,45.17390474832347,50.976914889021096,0.5016893058077914,0.18047527355325724,0.06246352426924369,0.49086906962219184,1.0,773.6049095556143,0.0,0.49086906962219184,168.0,1,,773.6049095556143
Iretama,10684,P1,38.87404621210965,13.454529704853227,54.204872177291996,57.57420051033903,47.592938107011115,0.5223396421578904,0.16233411440879883,0.056184765344643964,0.495675220036678,1.0,724.485083672994,0.0,0.495675220036678,160.0,1,,724.485083672994
São João do Ivaí,10667,P1,38.87404621210965,13.454529704853227,36.2503899415243,44.43336551343698,47.74405997829355,0.42484453070614536,0.14196920027243906,0.0491363521002546,0.4060566717390275,0.0,515.3364157465543,0.0,0.4060566717390275,276.0,0,,515.3364157465543
Jesuítas,10506,P1,38.87404621210965,13.454529704853227,52.53026957564736,34.34709702221453,44.684341898726025,0.45755263994192263,0.15870588257990714,0.05492901355972402,0.4421917846583991,1.0,620.441379761247,0.0,0.4421917846583991,224.0,0,,620.441379761247
Floresta,10458,P1,38.87404621210965,13.454529704853227,36.26230123109481,44.23786787788161,31.709155921106603,0.3603615643645689,0.172282492004147,0.05962795572265027,0.3735837601492613,0.0,530.4522227446454,0.0,0.3735837601492613,309.0,0,,530.4522227446454
Catanduvas,10446,P1,38.87404621210965,13.454529704853227,66.12439201865666,30.792447053379867,42.61421116495313,0.4965393068411989,0.16116371704464022,0.05577968412370205,0.47453620257216,1.0,683.7346255203308,0.0,0.47453620257216,180.0,1,,683.7346255203308
Uraí,10406,P1,38.87404621210965,13.454529704853227,59.17976268128601,16.390390717389636,50.75557376306574,0.4725221272121863,0.1418521605360232,0.04909584397816041,0.4434335896882974,1.0,572.6968181811698,0.0,0.4434335896882974,220.0,0,,572.6968181811698
Alvorada do Sul,10326,P1,38.87404621210965,13.454529704853227,51.48217164648356,16.536652153926344,46.9914049840926,0.4269676108301573,0.1362342531880619,0.047151454117639206,0.4041897654070972,0.0,496.9902990063031,0.0,0.4041897654070972,278.0,0,,496.9902990063031
Agudos do Sul,10233,P1,38.87404621210965,13.454529704853227,70.94861576443883,48.391929315177094,59.783831977009314,0.6197136495961467,0.1734528893683056,0.06003303694359218,0.5800460180227379,1.0,918.4156287014895,0.0,0.5800460180227379,94.0,1,,918.4156287014895
Primeiro de Maio,10082,P1,38.87404621210965,13.454529704853227,46.478869335745664,18.206403140954613,45.87875530177781,0.4058433048320031,0.12745627295687234,0.04411334496057483,0.38226337434324825,0.0,441.96335896205136,0.0,0.38226337434324825,304.0,0,,441.96335896205136
Santa Maria do Oeste,9934,P1,38.87404621210965,13.454529704853227,65.30601306766134,54.356782728545774,64.01237406547405,0.6259871139896331,0.16490898860994777,0.05707594403071618,0.5793322661304715,1.0,882.015843611393,0.0,0.5793322661304715,97.0,1,,882.015843611393
Mariluz,9847,P1,38.87404621210965,13.454529704853227,82.12826583085354,51.0334983030374,53.99324768917412,0.6465530506861854,0.16221707467238297,0.05614425722254977,0.5937977357253517,1.0,896.1225282510529,0.0,0.5937977357253517,80.0,1,,896.1225282510529
Barracão,9759,P1,38.87404621210965,13.454529704853227,53.23533585580189,41.1406715796323,46.34378660140995,0.48059783298811204,0.15870588257990714,0.05492901355972402,0.46039003136844614,1.0,651.6906615318799,0.0,0.46039003136844614,201.0,0,,651.6906615318799
Alto Piquiri,9727,P1,38.87404621210965,13.454529704853227,56.80448049133792,43.114277390566365,46.047778903034,0.4976375923586204,0.14899158445739072,0.05156683942590611,0.46768717329551057,1.0,633.4926550725237,0.0,0.46768717329551057,189.0,1,,633.4926550725237
Vitorino,9706,P1,38.87404621210965,13.454529704853227,77.3327400481407,46.74780388821536,29.39205625401665,0.5203947929850601,0.1800071146075938,0.06230149178086692,0.505442683511858,1.0,800.3671916110225,0.0,0.505442683511858,150.0,1,,800.3671916110225
Ventania,9681,P1,38.87404621210965,13.454529704853227,65.53143987021653,70.93343618100714,37.767109496647144,0.555061069829469,0.15940812099840232,0.05517206229228918,0.5196471898861389,1.0,755.9931771077368,0.0,0.5196471898861389,136.0,1,,755.9931771077368
Inácio Martins,9670,P1,38.87404621210965,13.454529704853227,77.69252100939316,58.564596434806404,63.61572459729577,0.6823621752963686,0.172282492004147,0.05962795572265027,0.6289529852676581,1.0,1004.4371220362546,0.0,0.6289529852676581,58.0,1,,1004.4371220362546
Paranacity,9557,P1,38.87404621210965,13.454529704853227,45.58747969919892,58.189872800625196,36.09115504653921,0.4430942845842029,0.15390725338685685,0.05326818055386216,0.4277975182832053,0.0,582.6689842282268,0.0,0.4277975182832053,244.0,0,,582.6689842282268
Teixeira Soares,9547,P1,38.87404621210965,13.454529704853227,74.27040219017468,52.89702273308414,54.96363958041891,0.6227302125485427,0.1520346176042031,0.052620050600355094,0.5681904891965746,1.0,808.926546100557,0.0,0.5681904891965746,106.0,1,,808.926546100557
Cambira,9460,P1,38.87404621210965,13.454529704853227,53.429573298964414,31.797562234926136,33.46538223344813,0.41117494659950254,0.14360775658226113,0.049703465809573286,0.3963227263633685,0.0,504.5116594775896,0.0,0.3963227263633685,290.0,0,,504.5116594775896
Mauá da Serra,9383,P1,38.87404621210965,13.454529704853227,53.98327830729666,48.53108146107276,49.44101259126138,0.5107593265163777,0.17485736620529596,0.06051913440872249,0.49450069489501025,1.0,763.0744338154683,0.0,0.49450069489501025,163.0,1,,763.0744338154683
São Jorge d'Oeste,9378,P1,38.87404621210965,13.454529704853227,43.39351844490017,37.89003056004712,29.432163408539026,0.367082788533851,0.13822392870713152,0.047840092193240466,0.358433049020081,0.0,433.52477325847804,0.0,0.358433049020081,322.0,0,,433.52477325847804
Douradina,9161,P1,38.87404621210965,13.454529704853227,41.480863288666136,30.20566851006217,22.42784561826532,0.3160461726478501,0.14138400159035977,0.048933811489783645,0.32025195664488293,0.0,381.78377655860294,0.0,0.32025195664488293,348.0,0,,381.78377655860294
Japurá,9144,P1,38.87404621210965,13.454529704853227,55.49426192435607,40.90805861787761,39.319095405145234,0.4610695465537604,0.11879533246209865,0.04111574392560464,0.4200310284927993,1.0,467.98558975206686,0.0,0.4200310284927993,256.0,0,,467.98558975206686
Rondon,9097,P1,38.87404621210965,13.454529704853227,41.05527688415296,51.00350497980368,33.32067438084961,0.3995108150196176,0.1385750479163791,0.04796161655952304,0.384088643247064,0.0,473.02080498322726,0.0,0.384088643247064,302.0,0,,473.02080498322726
Icaraíma,8991,P1,38.87404621210965,13.454529704853227,57.226352678877646,68.49279768739972,53.16494858293584,0.5785508004220534,0.12300876297306963,0.04257403632099554,0.5143875228698032,1.0,608.0568912435781,0.0,0.5143875228698032,141.0,1,,608.0568912435781
Santa Isabel do Ivaí,8912,P1,38.87404621210965,13.454529704853227,44.99682274539648,69.91508056393829,36.36725145126858,0.46528645791453677,0.12733923322045648,0.044072836838480636,0.42866658456455203,0.0,506.231666211016,0.0,0.42866658456455203,243.0,0,,506.231666211016
Sabáudia,8822,P1,38.87404621210965,13.454529704853227,36.95193029017423,37.876096667331154,20.904353979802632,0.3071773304145698,0.14103288238111217,0.048812287123501066,0.3130809598264567,0.0,370.1486831495566,0.0,0.3130809598264567,352.0,0,,370.1486831495566
Califórnia,8710,P1,38.87404621210965,13.454529704853227,38.983673121097404,60.683836732827025,46.88656830469701,0.46484863916883173,0.13670241213372533,0.047313486606015975,0.43418367992743184,0.0,542.9432105491954,0.0,0.43418367992743184,238.0,0,,542.9432105491954
São Pedro do Ivaí,8690,P1,38.87404621210965,13.454529704853227,39.591351996113595,80.8287573705864,44.96056893841309,0.4998651984792795,0.12687107427479302,0.04391080435010387,0.455404379371648,1.0,541.853875151539,0.0,0.455404379371648,207.0,0,,541.853875151539
Marilândia do Sul,8677,P1,38.87404621210965,13.454529704853227,70.58638544007796,42.834042446564084,50.87364469615762,0.5715082054380705,0.1362342531880619,0.047151454117639206,0.517518056353474,1.0,665.235551129914,0.0,0.517518056353474,138.0,1,,665.235551129914
Santa Cruz de Monte Castelo,8613,P1,38.87404621210965,13.454529704853227,32.484939831080766,42.73670321962338,52.65236290364763,0.4260226173781604,0.12991410742160542,0.04496401552455285,0.39955508855196126,0.0,472.88510528975803,0.0,0.39955508855196126,283.0,0,,472.88510528975803
Tomazina,8426,P1,38.87404621210965,13.454529704853227,55.23987855979875,48.391284726509426,48.78498147412319,0.5128820095887066,0.1183271735164352,0.04095371143722787,0.4601305537840748,1.0,518.5237116941823,0.0,0.4601305537840748,202.0,0,,518.5237116941823
Nova Santa Rosa,8322,P1,38.87404621210965,13.454529704853227,33.436561374844445,31.052204343630514,28.843729261527123,0.31122557123274724,0.12406212060081238,0.04293860941984327,0.3062914917277294,0.0,329.8991055067121,0.0,0.3062914917277294,355.0,0,,329.8991055067121
Congonhinhas,8320,P1,38.87404621210965,13.454529704853227,67.65186488469327,43.08718518727857,58.413450059523,0.5904356301514222,0.13693649160655705,0.047394502850204356,0.5328197685809698,1.0,690.809687277164,0.0,0.5328197685809698,128.0,1,,690.809687277164
Vera Cruz do Oeste,8215,P1,38.87404621210965,13.454529704853227,72.82682383874251,29.59306738011527,42.331178097355256,0.5198181425046217,0.12055092850833656,0.04172336575701751,0.4669600032569163,1.0,535.4126867797603,0.0,0.4669600032569163,190.0,1,,535.4126867797603
Francisco Alves,8116,P1,38.87404621210965,13.454529704853227,83.97999849911695,74.59128327574994,47.12113847567137,0.6735871144506532,0.13108450478576403,0.04536909674549477,0.5940624929255108,1.0,754.4175681847316,0.0,0.5940624929255108,79.0,1,,754.4175681847316
Quatiguá,8099,P1,38.87404621210965,13.454529704853227,40.42814888714969,34.999859712288846,43.76731756267114,0.406781585223861,0.11645453773378144,0.0403055814837208,0.3762718998305966,0.0,404.7476772977417,0.0,0.3762718998305966,306.0,0,,404.7476772977417
Tupãssi,8077,P1,38.87404621210965,13.454529704853227,49.06456381241202,22.598192255482303,27.5850024816722,0.35179464968730145,0.11259222643205802,0.03896881345461247,0.3311229896782447,0.0,338.426452999184,0.0,0.3311229896782447,343.0,0,,338.426452999184
Tuneiras do Oeste,8067,P1,38.87404621210965,13.454529704853227,54.85728670719484,42.394289914954605,46.426707559476114,0.48992455689659303,0.1227746835002379,0.04249302007680716,0.44504443670810295,1.0,513.9308601845261,0.0,0.44504443670810295,218.0,0,,513.9308601845261
São Sebastião da Amoreira,8063,P1,38.87404621210965,13.454529704853227,50.00342199732851,30.77397885874736,62.30403531450466,0.5107777869648273,0.12382804112798065,0.04285759317565488,0.4619956985902417,1.0,540.4028986087874,0.0,0.4619956985902417,198.0,0,,540.4028986087874
Figueira,8062,P1,38.87404621210965,13.454529704853227,73.92699243335697,24.88713830412567,53.60006228789877,0.5598824954932743,0.11598637878811797,0.04014354899534403,0.49525081386327313,1.0,554.8435530338348,0.0,0.49525081386327313,161.0,1,,554.8435530338348
Verê,7932,P1,38.87404621210965,13.454529704853227,51.48780235474821,46.06400313687539,30.273730199676706,0.41917413649145047,0.1144648622147118,0.03961694340811954,0.38470470292272163,0.0,409.95230548863856,0.0,0.38470470292272163,301.0,0,,409.95230548863856
Boa Vista da Aparecida,7924,P1,38.87404621210965,13.454529704853227,52.683878246267426,41.82975172507102,60.68190453797174,0.5371226345870987,0.13096746504934814,0.04532858862340058,0.4871666811383365,1.0,601.0402281029635,0.0,0.4871666811383365,170.0,1,,601.0402281029635
Guamiranga,7856,P1,38.87404621210965,13.454529704853227,89.48507961259938,71.52571760568547,49.57297342976217,0.6992836473808173,0.12827555111178338,0.04439690181523417,0.6122545484877925,1.0,766.4148775293758,0.0,0.6122545484877925,66.0,1,,766.4148775293758
Juranda,7771,P1,38.87404621210965,13.454529704853227,63.76453436040293,28.58382126244373,46.09042432112855,0.49658747725101343,0.11142182906789941,0.03856373223367055,0.44305153563236827,1.0,472.7512783429648,0.0,0.44305153563236827,221.0,0,,472.7512783429648
Borrazópolis,7735,P1,38.87404621210965,13.454529704853227,52.405818747968034,39.58788005666352,51.15393560586023,0.4934147775286401,0.10779359723900774,0.03730798044875061,0.43828720624296924,1.0,454.4350101038775,0.0,0.43828720624296924,231.0,0,,454.4350101038775
Formosa do Oeste,7635,P1,38.87404621210965,13.454529704853227,35.48012404966415,20.094737336421375,52.012479550048226,0.39015988907169225,0.0965577825430851,0.0334192007277082,0.35124200641682624,0.0,321.8819084841461,0.0,0.35124200641682624,328.0,0,,321.8819084841461
Campo do Tenente,7508,P1,38.87404621210965,13.454529704853227,70.62221848030612,76.48189602946358,55.06989536848661,0.6557322474540982,0.14220327974527078,0.049217368344442985,0.5875748508409012,1.0,796.7146806567293,0.0,0.5875748508409012,86.0,1,,796.7146806567293
Guaraqueçaba,7430,P1,38.87404621210965,13.454529704853227,88.0587259070134,42.45213896761598,84.56418050251733,0.7753959035733549,0.12581771664705027,0.04354623125125614,0.6700506658014898,1.0,833.5505963413565,0.0,0.6700506658014898,42.0,1,,833.5505963413565
Marilena,7253,P1,38.87404621210965,13.454529704853227,52.756474837661635,50.52886381738543,43.77519176593088,0.48718439404914093,0.11200702774997873,0.03876627284414151,0.4361067760933612,1.0,466.23546510502786,0.0,0.4361067760933612,234.0,0,,466.23546510502786
Abatiá,7241,P1,38.87404621210965,13.454529704853227,49.26067781851006,29.063360060673695,51.81936913580208,0.4624469079385959,0.10697431908409671,0.03702442359409127,0.41371456419285885,0.0,422.6764738558766,0.0,0.41371456419285885,265.0,0,,422.6764738558766
Nova Fátima,7225,P1,38.87404621210965,13.454529704853227,28.476542566959463,43.14388525358916,52.35195245958754,0.40960175061336634,0.10837879592108704,0.03751052105922156,0.3735269388693742,0.0,379.29122106797723,0.0,0.3735269388693742,310.0,0,,379.29122106797723
Perobal,7189,P1,38.87404621210965,13.454529704853227,64.6758246184634,38.40796894814055,38.8575375531541,0.49094938658275106,0.10568688198352225,0.03657883425105516,0.43503961359114873,1.0,443.3272960842242,0.0,0.43503961359114873,237.0,0,,443.3272960842242
Antônio Olinto,7018,P1,38.87404621210965,13.454529704853227,92.69770188437234,31.71595800319047,65.67578974177654,0.6969258825109764,0.10334608725520503,0.03576867180917132,0.5933635783200096,1.0,615.3855542571922,0.0,0.5933635783200096,82.0,1,,615.3855542571922
Nova Tebas,6848,P1,38.87404621210965,13.454529704853227,46.59376892717139,49.54372707600132,53.43114675515318,0.4991871168813009,0.10416536541011605,0.03605222866383066,0.4404703526208684,0.0,444.27653402435783,0.0,0.4404703526208684,227.0,0,,444.27653402435783
Renascença,6845,P1,38.87404621210965,13.454529704853227,74.40198164678107,36.21532203246678,24.764943667378517,0.4690983453215719,0.10568688198352225,0.03657883425105516,0.4180739905405175,1.0,423.59580582537944,0.0,0.4180739905405175,259.0,0,,423.59580582537944
Ivaté,6831,P1,38.87404621210965,13.454529704853227,47.88331295630711,53.46419925620345,41.18772943604229,0.4632125680818045,0.10533576277427466,0.03645730988477258,0.41328456146488335,0.0,416.89131127362407,0.0,0.41328456146488335,266.0,0,,416.89131127362407
Nova Cantu,6790,P1,38.87404621210965,13.454529704853227,49.13719519222221,54.15786561014897,55.895465081882264,0.5284463723167159,0.10287792830954158,0.03560663932079455,0.4623506078071773,1.0,464.50436126639323,0.0,0.4623506078071773,197.0,0,,464.50436126639323
Ouro Verde do Oeste,6785,P1,38.87404621210965,13.454529704853227,54.401486989414096,68.28782369218473,28.982507823947586,0.4701116266378162,0.10767655750259188,0.03726747232665642,0.42010846399857843,1.0,432.5026965067909,0.0,0.42010846399857843,255.0,0,,432.5026965067909
Sapopema,6695,P1,38.87404621210965,13.454529704853227,50.495597406862316,35.54284638889258,58.50817178321568,0.5071007695380971,0.09772817990724371,0.033824281948650115,0.44251534240100154,0.0,423.4291425643111,0.0,0.44251534240100154,223.0,0,,423.4291425643111
Luiziana,6690,P1,38.87404621210965,13.454529704853227,83.60132316363735,39.045672774867185,50.56508441206831,0.614756975852557,0.11481598142395938,0.03973846777440211,0.5372215594561434,1.0,603.0765933113584,0.0,0.5372215594561434,126.0,1,,603.0765933113584
Jussara,6690,P1,38.87404621210965,13.454529704853227,42.28254356868806,25.300408249132428,19.966899884926423,0.2995985903127228,0.10240976936387815,0.03544460683241779,0.2845552958337422,0.0,262.14876652363245,0.0,0.2845552958337422,371.0,0,,262.14876652363245
Guairaçá,6587,P1,38.87404621210965,13.454529704853227,54.302258472869305,88.2410820876505,43.62184294773935,0.5681785698577356,0.10393128593728432,0.03597121241964228,0.4938580405441849,1.0,504.5425700336692,0.0,0.4938580405441849,165.0,1,,504.5425700336692
São Carlos do Ivaí,6587,P1,38.87404621210965,13.454529704853227,46.01893796607769,30.935228989568923,41.116231155668785,0.4104111344661237,0.10100529252688781,0.034958509367287484,0.3696419801800411,0.0,354.18480904426474,0.0,0.3696419801800411,312.0,0,,354.18480904426474
Bom Sucesso,6581,P1,38.87404621210965,13.454529704853227,44.13152014767218,32.157834445977834,49.43736278471929,0.43859120062152157,0.10990031249449322,0.03803712664644606,0.39699665107600907,0.0,411.83713738360876,0.0,0.39699665107600907,288.0,0,,411.83713738360876
Goioxim,6566,P1,38.87404621210965,13.454529704853227,60.64252657308467,70.31749158012678,66.50275171844658,0.6492160963263786,0.10954919328524564,0.03791560228016348,0.5605163471813057,1.0,607.6662661614903,0.0,0.5605163471813057,114.0,1,,607.6662661614903
Pinhalão,6566,P1,38.87404621210965,13.454529704853227,55.504385239553,27.361103123243257,57.942162308825175,0.5085083964399992,0.09608962359742167,0.03325716823933143,0.4425621745113654,1.0,417.48539347723937,0.0,0.4425621745113654,222.0,0,,417.48539347723937
Maripá,6555,P1,38.87404621210965,13.454529704853227,45.226519327916954,51.41021981883159,24.314904132351362,0.3809861334787364,0.11317742511413734,0.03917135406508343,0.3541922293342278,0.0,368.4135910739381,0.0,0.3541922293342278,324.0,0,,368.4135910739381
Reserva do Iguaçu,6553,P1,38.87404621210965,13.454529704853227,65.71220863483246,64.7248876434247,50.972516948825486,0.5961886776214813,0.1266369948019613,0.04382978810591548,0.5305479836132729,1.0,645.0761491864428,0.0,0.5305479836132729,131.0,1,,645.0761491864428
São Jorge do Patrocínio,6504,P1,38.87404621210965,13.454529704853227,59.327406246981326,33.94249162496181,47.20853621440308,0.49402875309546124,0.08579012679282591,0.02969245349504256,0.42483413398292463,1.0,362.1230760189731,0.0,0.42483413398292463,247.0,0,,362.1230760189731
Boa Ventura de São Roque,6378,P1,38.87404621210965,13.454529704853227,77.70347095354639,57.5753049631791,51.927915281585825,0.6336761548668871,0.10276088857312572,0.03556613119870036,0.5439012178779028,1.0,556.3676639731269,0.0,0.5439012178779028,120.0,1,,556.3676639731269
Mariópolis,6371,P1,38.87404621210965,13.454529704853227,34.6116489980764,54.721397878647515,41.27291672541057,0.4129810586512429,0.09702594148874855,0.03358123321608497,0.3691956732808473,0.0,342.3612976218804,0.0,0.3691956732808473,313.0,0,,342.3612976218804
Paulo Frontin,6343,P1,38.87404621210965,13.454529704853227,49.96651044923024,49.87609780575675,39.37261250925444,0.45710868744545224,0.08742868310264798,0.030259567204361244,0.3973744644075561,0.0,341.46018952175285,0.0,0.3973744644075561,287.0,0,,341.46018952175285
Doutor Camargo,6327,P1,38.87404621210965,13.454529704853227,49.805144223950606,53.46897163333768,43.215111768794394,0.4790189672376554,0.08064037839052805,0.02791009612289812,0.41001395981161826,0.0,330.04406842674456,0.0,0.41001395981161826,270.0,0,,330.04406842674456
Adrianópolis,6256,P1,38.87404621210965,13.454529704853227,74.28106674603107,36.216672083134576,39.67450531320315,0.528255632403206,0.10685727934768086,0.03698391547199708,0.4647559706629964,1.0,482.29739238412714,0.0,0.4647559706629964,193.0,0,,482.29739238412714
Fernandes Pinheiro,6255,P1,38.87404621210965,13.454529704853227,63.112700776299846,33.508982456567495,62.737781286813785,0.5704198931655894,0.1100173522309091,0.03807763476854025,0.49956650558480353,1.0,536.194699575654,0.0,0.49956650558480353,153.0,1,,536.194699575654
Pérola d'Oeste,6221,P1,38.87404621210965,13.454529704853227,49.46358091124862,32.02551034408507,45.77430727375144,0.44500257342817046,0.07911886181712185,0.027383490535673627,0.38287128770599527,0.0,300.8217396374432,0.0,0.38287128770599527,303.0,0,,300.8217396374432
Tunas do Paraná,6219,P1,38.87404621210965,13.454529704853227,71.93538969953067,73.26516285745839,59.71215516146414,0.6731205051588961,0.12523251796497098,0.043343690640785186,0.5897304202797291,1.0,720.2389405200188,0.0,0.5897304202797291,84.0,1,,720.2389405200188
Ibema,6218,P1,38.87404621210965,13.454529704853227,43.50174910701141,41.78280332609995,55.76810368938094,0.4806450178377694,0.10287792830954158,0.03560663932079455,0.4252701658681715,0.0,422.4869706793993,0.0,0.4252701658681715,246.0,0,,422.4869706793993
Santo Inácio,6181,P1,38.87404621210965,13.454529704853227,37.21920958114345,57.161103390172045,6.056342038057355,0.2874244132571473,0.09889857727140232,0.034229363169592034,0.2730714430239549,0.0,242.87362920228946,0.0,0.2730714430239549,374.0,0,,242.87362920228946
Itambé,6111,P1,38.87404621210965,13.454529704853227,37.68946825375794,34.18644922965108,27.052322694208147,0.3273400622511665,0.08145965654543907,0.028193652977557465,0.2936814528190384,0.0,227.8286833268119,0.0,0.2936814528190384,363.0,0,,227.8286833268119
Saudade do Iguaçu,6108,P1,38.87404621210965,13.454529704853227,53.757204706573205,81.4545356216423,25.52773284268935,0.4800488214403348,0.11200702774997873,0.03876627284414151,0.4305552880669549,1.0,459.4067221184004,0.0,0.4305552880669549,242.0,0,,459.4067221184004
São José da Boa Vista,6040,P1,38.87404621210965,13.454529704853227,81.32571129252291,61.96279624864839,55.15201238695012,0.6698364872151891,0.08766276257547968,0.030340583448549625,0.5617284228774585,1.0,501.7075289241766,0.0,0.5617284228774585,113.0,1,,501.7075289241766
Enéas Marques,5999,P1,38.87404621210965,13.454529704853227,60.57920408962373,42.20452780936345,39.67451600497986,0.48542393599714123,0.0915250738772031,0.031677351477657954,0.4218143494763754,1.0,379.60151794976446,0.0,0.4218143494763754,253.0,0,,379.60151794976446
Mercedes,5931,P1,38.87404621210965,13.454529704853227,50.684323836072565,29.096668800960384,22.184977435886104,0.3496705426897554,0.09562146465175822,0.033095135750954664,0.3193386273528645,0.0,285.6808333775302,0.0,0.3193386273528645,350.0,0,,285.6808333775302
Itambaracá,5908,P1,38.87404621210965,13.454529704853227,55.24476010741889,21.609146739074895,54.479995775849446,0.4821173170112231,0.08181077575468666,0.02831517734384004,0.41313766263233315,0.0,337.000004590845,0.0,0.41313766263233315,268.0,0,,337.000004590845
Janiópolis,5870,P1,38.87404621210965,13.454529704853227,57.90837303770148,24.091047532621594,42.88773298635349,0.4513665191614631,0.0780655041893791,0.027018917436825902,0.3871144922191977,0.0,301.06146828069586,0.0,0.3871144922191977,297.0,0,,301.06146828069586
Maria Helena,5865,P1,38.87404621210965,13.454529704853227,55.28435351880111,24.506945137817766,47.1374751471791,0.4587012049395564,0.08087445786335977,0.02799111236708651,0.3945121552635113,0.0,316.96253261323346,0.0,0.3945121552635113,294.0,0,,316.96253261323346
Nova Olímpia,5833,P1,38.87404621210965,13.454529704853227,32.49760914165936,43.00672779951664,41.466777715229014,0.3818710030265868,0.08543900758357832,0.02957092912875998,0.33809787089328897,0.0,278.76583220940836,0.0,0.33809787089328897,338.0,0,,278.76583220940836
Xambrê,5798,P1,38.87404621210965,13.454529704853227,54.27488628091588,30.947094936757708,51.19787224784731,0.48378522398856816,0.08473676916508317,0.029327880396194835,0.4162676197924924,0.0,350.26050216772336,0.0,0.4162676197924924,263.0,0,,350.26050216772336
São Pedro do Iguaçu,5784,P1,38.87404621210965,13.454529704853227,40.29820433168873,55.75236894299426,53.3469596549481,0.48608539383253585,0.08403453074658801,0.029084831663629684,0.41759829130214304,0.0,349.00931277176073,0.0,0.41759829130214304,260.0,0,,349.00931277176073
Tapira,5745,P1,38.87404621210965,13.454529704853227,66.52010950094994,27.243751262712134,43.97851221557363,0.49648198939151855,0.08075741812694391,0.027950604244992315,0.42353745066156606,1.0,342.5725726801478,0.0,0.42353745066156606,250.0,0,,342.5725726801478
Pranchita,5737,P1,38.87404621210965,13.454529704853227,45.753553197500764,47.43228430568608,32.833871700321495,0.4092142682026612,0.08204485522751837,0.02839619358802842,0.3571125414978274,0.0,286.85920201006553,0.0,0.3571125414978274,323.0,0,,286.85920201006553
Pato Bragado,5733,P1,38.87404621210965,13.454529704853227,27.839106387660696,27.5626265407442,27.234656115816918,0.27542030309539883,0.08637532547490523,0.02989499410551352,0.2565276838499761,0.0,203.26018368440432,0.0,0.2565276838499761,380.0,0,,203.26018368440432
Doutor Ulysses,5697,P1,38.87404621210965,13.454529704853227,94.70863714191874,36.87665060020353,73.51254092712207,0.7466380134765703,0.09175915335003482,0.03175836772184634,0.6238647922302117,1.0,585.3642025656311,0.0,0.6238647922302117,62.0,1,,585.3642025656311
Paula Freitas,5666,P1,38.87404621210965,13.454529704853227,63.32059797851238,70.56890350867606,38.459012219245494,0.5482562478083836,0.08532196784716246,0.02953042100666579,0.4663650690599559,1.0,399.6788046523116,0.0,0.4663650690599559,191.0,1,,399.6788046523116
Coronel Domingos Soares,5649,P1,38.87404621210965,13.454529704853227,66.78912899353635,89.25386031932314,61.41028171843321,0.6913053634865246,0.10240976936387815,0.03544460683241779,0.5883640257888431,1.0,604.892193050709,0.0,0.5883640257888431,85.0,1,,604.892193050709
Grandes Rios,5641,P1,38.87404621210965,13.454529704853227,55.35133817792922,62.16651473917253,68.70584428783928,0.620561759341419,0.08204485522751837,0.02839619358802842,0.5199581534301904,1.0,435.0137932983347,0.0,0.5199581534301904,135.0,1,,435.0137932983347
Sertaneja,5616,P1,38.87404621210965,13.454529704853227,37.55791675312528,19.31870895873742,33.51555908113571,0.32293132125451884,0.07701214656163637,0.026654344337978177,0.28765969439523087,0.0,212.4888093854734,0.0,0.28765969439523087,366.0,0,,212.4888093854734
Laranjal,5600,P1,38.87404621210965,13.454529704853227,70.34412275644709,65.4149188991558,75.95668824998342,0.7160330818240337,0.09901561700781818,0.03426987129168623,0.6052057334374485,1.0,605.7639872231325,0.0,0.6052057334374485,70.0,1,,605.7639872231325
Nova Esperança do Sudoeste,5597,P1,38.87404621210965,13.454529704853227,61.23462216456566,72.8872564226653,38.28656723940287,0.5438592704612047,0.088247961257559,0.03054312405902059,0.4648624041618649,1.0,410.06988992774836,0.0,0.4648624041618649,192.0,0,,410.06988992774836
São João do Caiuá,5586,P1,38.87404621210965,13.454529704853227,50.424840293089865,41.63912059946407,60.55334523251974,0.5271909833013666,0.08660940494773693,0.0299760103497019,0.4509425208146215,0.0,390.1213276430113,0.0,0.4509425208146215,210.0,0,,390.1213276430113
Santana do Itararé,5514,P1,38.87404621210965,13.454529704853227,43.08268701541985,19.406107893803863,48.75575642619751,0.4061659895540772,0.08017221944486459,0.027748063634521352,0.35361940196405756,0.0,278.22370284454286,0.0,0.35361940196405756,325.0,0,,278.22370284454286
Rosário do Ivaí,5435,P1,38.87404621210965,13.454529704853227,54.957195497610286,28.189097592144197,60.35200510452457,0.5176149975928278,0.08181077575468666,0.02831517734384004,0.44048694626500495,0.0,361.81288331738665,0.0,0.44048694626500495,226.0,0,,361.81288331738665
Jaboti,5427,P1,38.87404621210965,13.454529704853227,51.19437279516574,41.00350216389187,51.90180791890108,0.49439172718405094,0.0846197294286673,0.02928737227410064,0.42437308049730205,0.0,357.44521875406883,0.0,0.42437308049730205,248.0,0,,357.44521875406883
Iguaraçu,5338,P1,38.87404621210965,13.454529704853227,40.47672211778411,22.20828781630926,26.600368254945135,0.3127249371235355,0.08508788837433076,0.02944940476247741,0.28455500464355166,0.0,227.3510292888103,0.0,0.28455500464355166,372.0,0,,227.3510292888103
São Tomé,5232,P1,38.87404621210965,13.454529704853227,42.2673347292939,29.048327450236776,42.18144298524455,0.3958917657586274,0.08110853733619149,0.028072128611274887,0.3462776056275057,0.0,274.3529936707288,0.0,0.3462776056275057,333.0,0,,274.3529936707288
Salto do Itararé,5192,P1,38.87404621210965,13.454529704853227,51.616777158561725,21.645583746985714,54.75844505479623,0.46879205634740323,0.07408615315123984,0.025641641285623382,0.39802956153323954,0.0,296.7453716679062,0.0,0.39802956153323954,286.0,0,,296.7453716679062
Lindoeste,5175,P1,38.87404621210965,13.454529704853227,42.944890863655246,85.62417297595019,53.66665532136411,0.5576945306919778,0.08192781549110252,0.028355685465934234,0.471442289643942,1.0,390.3861714843845,0.0,0.471442289643942,185.0,1,,390.3861714843845
São Jorge do Ivaí,5168,P1,38.87404621210965,13.454529704853227,52.0964604380986,13.747061182162144,36.94998324894496,0.38367989711249856,0.06788304712119922,0.02349471081463122,0.32886305785943326,0.0,222.53434032524916,0.0,0.32886305785943326,344.0,0,,222.53434032524916
Diamante do Norte,5142,P1,38.87404621210965,13.454529704853227,29.88875744386263,14.863020255470765,47.859242974550256,0.34071804218459306,0.0691704842217737,0.02394030015766733,0.2966782858023895,0.0,201.3643629310945,0.0,0.2966782858023895,360.0,0,,201.3643629310945
Serranópolis do Iguaçu,5007,P1,38.87404621210965,13.454529704853227,60.71437892485275,59.005717107345376,30.3912275017082,0.48243385992093457,0.07104312000442746,0.024588430111174397,0.4065958991763291,1.0,292.8373529720073,0.0,0.4065958991763291,275.0,0,,292.8373529720073
Quinta do Sol,5001,P1,38.87404621210965,13.454529704853227,62.48080537978337,48.77091076448113,44.11936798866042,0.5239425150027374,0.07490543130615086,0.025925198140282726,0.4409386777002801,1.0,335.3232096017519,0.0,0.4409386777002801,225.0,0,,335.3232096017519
Japira,4972,P1,38.87404621210965,13.454529704853227,76.82770535401902,66.62081877254643,53.626861295814365,0.6550599041444264,0.07642694787955706,0.02645180372750722,0.5427565751618479,1.0,427.75411740631046,0.0,0.5427565751618479,121.0,1,,427.75411740631046
Honório Serpa,4941,P1,38.87404621210965,13.454529704853227,80.23718674612286,54.69356845646486,47.42830037824671,0.6200490854104079,0.08099149759977561,0.028031620489180693,0.5188630798278254,1.0,429.0739671040023,0.0,0.5188630798278254,137.0,1,,429.0739671040023
Foz do Jordão,4926,P1,38.87404621210965,13.454529704853227,61.96774722729267,50.25603538912209,53.63966279396838,0.5629417108632883,0.08497084863791489,0.02940889664038322,0.4774640765136657,1.0,408.6956820867473,0.0,0.4774640765136657,179.0,1,,408.6956820867473
Tamboara,4880,P1,38.87404621210965,13.454529704853227,51.38265628978714,28.588925690937344,40.53827965586553,0.4248615951644854,0.07197943789575435,0.024912495087927932,0.36297075186410693,0.0,261.2898810261585,0.0,0.36297075186410693,317.0,0,,261.2898810261585
Lunardelli,4872,P1,38.87404621210965,13.454529704853227,58.65364006723253,18.71089683078879,56.98256567754789,0.49996661664069925,0.0670637689662882,0.023211153959971878,0.4175316816093876,0.0,286.4808713351207,0.0,0.4175316816093876,261.0,0,,286.4808713351207
Braganey,4854,P1,38.87404621210965,13.454529704853227,41.120123920801646,28.459092464889473,47.53679863422807,0.4115458751498979,0.06788304712119922,0.02349471081463122,0.3502354482625305,0.0,238.69660758694076,0.0,0.3502354482625305,331.0,0,,238.69660758694076
Lupionópolis,4813,P1,38.87404621210965,13.454529704853227,30.6900002022766,75.42864855553721,51.2735737369198,0.47871159286786,0.07080904053159574,0.024507413866986013,0.40359079232961464,0.0,289.6205136850553,0.0,0.40359079232961464,280.0,0,,289.6205136850553
Espigão Alto do Iguaçu,4797,P1,38.87404621210965,13.454529704853227,89.4805002082657,41.091382428203296,68.8402850885244,0.715465906043567,0.08590716652924178,0.02973296161713675,0.5957418545619582,1.0,525.1519750359781,0.0,0.5957418545619582,78.0,1,,525.1519750359781
Floraí,4792,P1,38.87404621210965,13.454529704853227,26.47448080195764,17.371806812704328,38.29881968218586,0.2938368155619827,0.06203106030040619,0.021469304709921633,0.256544107585181,0.0,155.73351224785083,0.0,0.256544107585181,379.0,0,,155.73351224785083
Amaporã,4762,P1,38.87404621210965,13.454529704853227,61.66856636474126,33.90183565764621,64.33889828009465,0.5718335298946361,0.07701214656163637,0.026654344337978177,0.4791284742181457,1.0,376.26646267067053,0.0,0.4791284742181457,176.0,1,,376.26646267067053
Guaraci,4748,P1,38.87404621210965,13.454529704853227,61.27580216133922,27.974675425800825,51.44011126746961,0.506813004566837,0.0664785702842089,0.02300861334950092,0.4224089069945675,1.0,287.8697865939634,0.0,0.4224089069945675,251.0,0,,287.8697865939634
Marumbi,4699,P1,38.87404621210965,13.454529704853227,49.17870001946662,60.70028323687626,42.12606003628137,0.4866196066967445,0.06987272264026885,0.02418334889023248,0.4090707565528095,0.0,290.5119051979565,0.0,0.4090707565528095,272.0,0,,290.5119051979565
Guapirama,4626,P1,38.87404621210965,13.454529704853227,57.353301338927665,50.595889438036934,39.52449327822686,0.48870295734469194,0.07970406049920116,0.02758603114614459,0.4168806590125126,1.0,332.8067139517352,0.0,0.4168806590125126,262.0,0,,332.8067139517352
Lobato,4601,P1,38.87404621210965,13.454529704853227,41.690698762725994,42.001210153766436,40.76464109405161,0.4138237797346433,0.06589337160212959,0.02280607273902996,0.35076279327975046,0.0,232.98278799060418,0.0,0.35076279327975046,330.0,0,,232.98278799060418
Kaloré,4582,P1,38.87404621210965,13.454529704853227,26.592915921080646,41.198676398489994,53.567514934200574,0.40303907621810486,0.06027546425416828,0.020861682878508755,0.3390677772439066,0.0,207.565124252324,0.0,0.3390677772439066,337.0,0,,207.565124252324
Entre Rios do Oeste,4575,P1,38.87404621210965,13.454529704853227,38.543497923031,45.60705897598458,21.955168720797065,0.33320878452728137,0.06741488817553579,0.023332678326254453,0.289875627421039,0.0,191.92825988771406,0.0,0.289875627421039,365.0,0,,191.92825988771406
Boa Esperança,4558,P1,38.87404621210965,13.454529704853227,38.07548056451292,18.82987945059674,35.21224302102098,0.33081065324332903,0.06203106030040619,0.021469304709921633,0.28484786743487794,0.0,175.3296462189644,0.0,0.28484786743487794,370.0,0,,175.3296462189644
Diamante D'Oeste,4557,P1,38.87404621210965,13.454529704853227,76.6798523725228,86.696207374668,51.9869622606113,0.6880596732818723,0.08028925918128046,0.027788571756615546,0.5707694489342648,1.0,472.00893587136443,0.0,0.5707694489342648,104.0,1,,472.00893587136443
Marquinho,4504,P1,38.87404621210965,13.454529704853227,59.70673581398152,36.75136744010323,52.446173668613426,0.5221143728105863,0.07595878893389361,0.02628977123913045,0.44020759913167884,1.0,338.8522279540705,0.0,0.44020759913167884,228.0,0,,338.8522279540705
Cruzeiro do Sul,4494,P1,38.87404621210965,13.454529704853227,55.63997713322875,76.28778809445875,49.5034355169476,0.5731492267896229,0.06542521265646616,0.022644040250653193,0.47257585595597357,1.0,320.3904177753992,0.0,0.47257585595597357,182.0,1,,320.3904177753992
Fênix,4492,P1,38.87404621210965,13.454529704853227,29.92576342542324,55.919055540002816,58.117723852725035,0.4640120601925987,0.05922210662642553,0.02049710977966103,0.3850573470619696,0.0,234.79010245745496,0.0,0.3850573470619696,300.0,0,,234.79010245745496
Itaguajé,4481,P1,38.87404621210965,13.454529704853227,39.657962235967545,39.55754840094619,42.5432634001284,0.4079199993462762,0.07396911341482398,0.025601133163529192,0.35117649791001493,0.0,257.80543958684655,0.0,0.35117649791001493,329.0,0,,257.80543958684655
Quatro Pontes,4480,P1,38.87404621210965,13.454529704853227,28.64329743528568,48.362965806743254,9.788567805937891,0.2504533925783808,0.061094742409079306,0.0211452397331681,0.22279800621219556,0.0,130.73667092591478,0.0,0.22279800621219556,389.0,0,,130.73667092591478
Cafezal do Sul,4473,P1,38.87404621210965,13.454529704853227,64.18132428757679,42.93633234791282,46.5180900112953,0.5286703218913139,0.06121178214549516,0.02118574785526229,0.43578521098890594,1.0,276.49457834915717,0.0,0.43578521098890594,235.0,0,,276.49457834915717
Indianópolis,4448,P1,38.87404621210965,13.454529704853227,28.066694470198648,25.937990486133305,30.566692494086894,0.2864095288294088,0.06530817292005028,0.022603532128559003,0.25276305970717367,0.0,159.8165170868101,0.0,0.25276305970717367,382.0,0,,159.8165170868101
Flor da Serra do Sul,4364,P1,38.87404621210965,13.454529704853227,47.260216883001924,59.551713538671876,51.10278493553992,0.5125554343515112,0.06671264975704061,0.023089629593689303,0.4269604431914006,0.0,292.1565975803614,0.0,0.4269604431914006,245.0,0,,292.1565975803614
Presidente Castelo Branco,4336,P1,38.87404621210965,13.454529704853227,57.06414672000126,62.19851538945227,40.140610862793366,0.5132160611100831,0.06121178214549516,0.02118574785526229,0.42395801969194274,1.0,268.41199996057344,0.0,0.42395801969194274,249.0,0,,268.41199996057344
Ramilândia,4221,P1,38.87404621210965,13.454529704853227,56.84480493171796,58.37933322248532,38.773857817815,0.49923331744310245,0.06905344448535783,0.023899792035573138,0.4182316382731708,1.0,294.5476572914304,0.0,0.4182316382731708,258.0,0,,294.5476572914304
Quarto Centenário,4201,P1,38.87404621210965,13.454529704853227,47.4376923127609,25.853485494291164,35.35297428268812,0.38286963737037844,0.06097770267266344,0.02110473161107391,0.32406183013174544,0.0,199.47508106996716,0.0,0.32406183013174544,346.0,0,,199.47508106996716
Nova Santa Bárbara,4184,P1,38.87404621210965,13.454529704853227,33.836151158434866,80.82482957470523,61.10744831005655,0.5414240570233761,0.06308441792814894,0.02183387780876936,0.4467534109785505,0.0,291.82756673559976,0.0,0.4467534109785505,215.0,0,,291.82756673559976
Cruzeiro do Iguaçu,4133,P1,38.87404621210965,13.454529704853227,42.33723032203246,49.55025369591138,35.6094504960022,0.4108872306639613,0.06565929212929787,0.022725056494841574,0.34836867957901746,0.0,230.5077364024823,0.0,0.34836867957901746,332.0,0,,230.5077364024823
Porto Amazonas,4098,P1,38.87404621210965,13.454529704853227,55.94303062235914,40.83859582350749,33.71539903090808,0.4403109102600839,0.06624449081137718,0.022927597105312534,0.37128204623911,0.0,249.2159752072075,0.0,0.37128204623911,311.0,0,,249.2159752072075
Salgado Filho,4075,P1,38.87404621210965,13.454529704853227,25.615682598501664,34.318124945900216,36.53035442956677,0.3172203980040742,0.05910506689000967,0.020456601657566836,0.27272134967945977,0.0,160.19630099205747,0.0,0.27272134967945977,375.0,0,,160.19630099205747
Planaltina do Paraná,4070,P1,38.87404621210965,13.454529704853227,43.473673926104624,87.9807101232541,57.3466458486214,0.5792426993454122,0.06074362319983172,0.02102371536688552,0.47418204190175395,1.0,300.6269609602689,0.0,0.47418204190175395,181.0,1,,300.6269609602689
Bela Vista da Caroba,4031,P1,38.87404621210965,13.454529704853227,64.17709804545564,59.46358625265463,47.528236187486826,0.5657485094370791,0.060509543727,0.02094269912269714,0.4637040883941491,1.0,292.4919793789699,0.0,0.4637040883941491,194.0,0,,292.4919793789699
Campo Bonito,4027,P1,38.87404621210965,13.454529704853227,34.952930447300936,40.74053193793427,53.76882713347477,0.4363680941989714,0.06179698082757446,0.02138828846573325,0.36550808989316685,0.0,230.4023537370569,0.0,0.36550808989316685,316.0,0,,230.4023537370569
Bom Jesus do Sul,3980,P1,38.87404621210965,13.454529704853227,16.86345006501683,30.062678020796607,51.07639586571181,0.3318847397645078,0.06390369608305996,0.0221174346634287,0.2867797202278465,0.0,181.20906791142124,0.0,0.2867797202278465,367.0,0,,181.20906791142124
Atalaia,3980,P1,38.87404621210965,13.454529704853227,29.46929830112958,12.77831405328181,34.27058416031878,0.28051615795235707,0.049273729031077365,0.017053919401654728,0.23895150956222405,0.0,118.09730249794232,0.0,0.23895150956222405,387.0,0,,118.09730249794232
São José das Palmeiras,3957,P1,38.87404621210965,13.454529704853227,65.84770040522577,63.18701886432575,48.6154379284339,0.5842265910632901,0.06589337160212959,0.02280607273902996,0.4813720057184671,1.0,328.91957076863235,0.0,0.4813720057184671,173.0,1,,328.91957076863235
Munhoz de Melo,3951,P1,38.87404621210965,13.454529704853227,48.12286933432951,28.758082821026765,46.05431029583476,0.43422488416271066,0.05606203374319729,0.019403390483117854,0.36032259694718716,0.0,207.9937195139384,0.0,0.36032259694718716,319.0,0,,207.9937195139384
Lidianópolis,3938,P1,38.87404621210965,13.454529704853227,66.69783933048498,14.392553388753749,53.98811392967527,0.5115289198181485,0.056881311898108314,0.019686947337777195,0.41990633734974103,1.0,248.6030550316202,0.0,0.41990633734974103,257.0,0,,248.6030550316202
Campina do Simão,3936,P1,38.87404621210965,13.454529704853227,79.25570499143944,56.658561886492556,57.735944591264776,0.661283722103802,0.06519113318363443,0.02256302400646481,0.5399603016785683,1.0,368.33503321181774,0.0,0.5399603016785683,123.0,1,,368.33503321181774
Virmond,3811,P1,38.87404621210965,13.454529704853227,64.5074932806038,64.44507274108983,40.16318937092154,0.547572876088281,0.06097770267266344,0.02110473161107391,0.45010006545011366,1.0,285.2854684419944,0.0,0.45010006545011366,211.0,0,,285.2854684419944
Rio Branco do Ivaí,3808,P1,38.87404621210965,13.454529704853227,63.54811864610711,42.17301952426155,88.49083338940723,0.6925018471905805,0.06870232527611025,0.023778267669290563,0.5662797892539294,1.0,406.49858430087073,0.0,0.5662797892539294,109.0,1,,406.49858430087073
Corumbataí do Sul,3760,P1,38.87404621210965,13.454529704853227,63.11398707120358,24.91018090035186,50.03214039718188,0.5024048716742455,0.05383827875129594,0.01863373616332821,0.41100067894780606,0.0,231.10624097015295,0.0,0.41100067894780606,269.0,0,,231.10624097015295
Leópolis,3752,P1,38.87404621210965,13.454529704853227,34.25398916581804,76.75261626827918,38.823213930630295,0.4458140449223517,0.05418939796054352,0.01875526052961078,0.368013927253282,0.0,206.41190279904885,0.0,0.368013927253282,315.0,0,,206.41190279904885
Prado Ferreira,3709,P1,38.87404621210965,13.454529704853227,35.99783650150589,100,35.81693070066621,0.4872590688086884,0.05758355031660348,0.019929996070342345,0.40180221301491553,0.0,239.7314618538747,0.0,0.40180221301491553,282.0,0,,239.7314618538747
Brasilândia do Sul,3708,P1,38.87404621210965,13.454529704853227,59.0424616273386,57.380332010006164,37.16302373039414,0.4995826054509432,0.05500867611545455,0.019038817384270126,0.4095885805893151,0.0,234.8038245619433,0.0,0.4095885805893151,271.0,0,,234.8038245619433
Nossa Senhora das Graças,3669,P1,38.87404621210965,13.454529704853227,62.15469704464548,43.558106145761855,42.104384831029186,0.5041525397942225,0.055242755588286264,0.01911983362845851,0.4132276628478488,1.0,237.95999878287301,0.0,0.4132276628478488,267.0,0,,237.95999878287301
Santa Lúcia,3644,P1,38.87404621210965,13.454529704853227,79.72089616347971,45.448417505746654,42.14249251549322,0.578350389727385,0.05559387479753385,0.019241357994741085,0.47013046427988037,1.0,274.71643512050787,0.0,0.47013046427988037,187.0,1,,274.71643512050787
Altamira do Paraná,3590,P1,38.87404621210965,13.454529704853227,57.5846589911575,54.713899207102635,54.135025940834126,0.5563065381421718,0.05465755690620696,0.01891729301798755,0.4526838516631214,1.0,259.79515331239423,0.0,0.4526838516631214,208.0,0,,259.79515331239423
Itaúna do Sul,3572,P1,38.87404621210965,13.454529704853227,60.59857702300743,56.920828978341916,55.882443814273365,0.5797657413058069,0.05606203374319729,0.019403390483117854,0.4715180689155519,1.0,277.7077900854815,0.0,0.4715180689155519,184.0,1,,277.7077900854815
Porto Vitória,3562,P1,38.87404621210965,13.454529704853227,66.87888782567725,44.36208569451433,43.60783542971579,0.5306710644106009,0.05816874899868278,0.020132536680813305,0.4353620060548723,1.0,263.74351901206865,0.0,0.4353620060548723,236.0,0,,263.74351901206865
Arapuã,3527,P1,38.87404621210965,13.454529704853227,59.04468514300268,34.968128786489,66.0063328855755,0.5701403296872907,0.0506782058680677,0.01754001686678503,0.46065323363296884,1.0,246.87076275459685,0.0,0.46065323363296884,200.0,0,,246.87076275459685
Rancho Alegre,3512,P1,38.87404621210965,13.454529704853227,45.46534357004589,21.745600611722686,52.63690034892827,0.435900176899342,0.042836543528205026,0.014825972686474183,0.35342186229683864,0.0,159.53946474515917,0.0,0.35342186229683864,326.0,0,,159.53946474515917
Conselheiro Mairinck,3461,P1,38.87404621210965,13.454529704853227,33.31724226274883,36.49582044673192,55.17293888295923,0.42695236547629606,0.05266788138713733,0.01822865494238629,0.3526744047965119,0.0,192.12856446433324,0.0,0.3526744047965119,327.0,0,,192.12856446433324
Sulina,3440,P1,38.87404621210965,13.454529704853227,70.38337197906223,32.389452926875556,35.41900264044809,0.48798840433179236,0.04857149061258221,0.01681087066908958,0.3966679099538197,1.0,202.51518779769384,0.0,0.3966679099538197,289.0,0,,202.51518779769384
Santa Amélia,3394,P1,38.87404621210965,13.454529704853227,42.73570466301858,62.270231934735534,64.39499421305318,0.5530632593737581,0.05301900059638491,0.018350179308668866,0.44914554448056043,0.0,250.53765649631242,0.0,0.44914554448056043,213.0,0,,250.53765649631242
Santa Cecília do Pavão,3365,P1,38.87404621210965,13.454529704853227,34.63609286618306,77.28498564427791,47.87651450807401,0.4846204007855841,0.049624848240324954,0.017175443767937306,0.39476539893600987,0.0,205.47904993308765,0.0,0.39476539893600987,292.0,0,,205.47904993308765
Santa Mônica,3356,P1,38.87404621210965,13.454529704853227,42.97719943654169,62.83294409039887,57.01232199144995,0.5256239738927643,0.05770059005301934,0.01997050419243654,0.4312032094370618,0.0,259.13261912913276,0.0,0.4312032094370618,241.0,0,,259.13261912913276
Jundiaí do Sul,3333,P1,38.87404621210965,13.454529704853227,52.45843801225434,51.04773473420228,63.445499584793,0.565711219856594,0.04833741113975048,0.016729854424901196,0.4557514124512035,0.0,233.63873380077334,0.0,0.4557514124512035,205.0,0,,233.63873380077334
Nova América da Colina,3280,P1,38.87404621210965,13.454529704853227,24.603782014765255,35.16094237069279,46.980375813548186,0.35665851605463933,0.04704997403917601,0.016284265081865087,0.2956647728424778,0.0,143.376723453965,0.0,0.2956647728424778,362.0,0,,143.376723453965
Mato Rico,3267,P1,38.87404621210965,13.454529704853227,61.750066935922334,80.02652325038049,62.60923370991286,0.6574902490841018,0.046113656147849125,0.015960200105111552,0.5241960707455793,1.0,259.05115813913613,0.0,0.5241960707455793,133.0,1,,259.05115813913613
Ângulo,3235,P1,38.87404621210965,13.454529704853227,31.489737123036964,40.78961415409558,43.87792847752861,0.3830498907104535,0.051614523759394584,0.017864081843538566,0.3185318447766197,0.0,168.92500180330998,0.0,0.3185318447766197,351.0,0,,168.92500180330998
Bom Sucesso do Sul,3202,P1,38.87404621210965,13.454529704853227,29.85468090799172,34.299464677947405,31.611581218969093,0.3144639778637381,0.04822037140333462,0.016689346302807002,0.2642109784271323,0.0,129.5591588798601,0.0,0.2642109784271323,376.0,0,,129.5591588798601
Rio Bom,3197,P1,38.87404621210965,13.454529704853227,53.51269631850807,29.89951392603038,51.28697109935937,0.4789976975235305,0.043538781946700196,0.015069021419039335,0.38664847876996455,0.0,178.18714347875334,0.0,0.38664847876996455,299.0,0,,178.18714347875334
Ourizona,3187,P1,38.87404621210965,13.454529704853227,47.03553206805724,29.87971753657567,35.41792655945464,0.3895732695831989,0.04541141772935396,0.015717151372546402,0.31974343876945566,0.0,151.15442859828116,0.0,0.31974343876945566,349.0,0,,151.15442859828116
Porto Rico,3182,P1,38.87404621210965,13.454529704853227,34.70655963312136,57.00432177183698,35.62417974121451,0.3953316010410174,0.049975967449572535,0.01729696813421988,0.3269046885501744,0.0,168.80659364451444,0.0,0.3269046885501744,345.0,0,,168.80659364451444
Diamante do Sul,3171,P1,38.87404621210965,13.454529704853227,80.64756423091175,89.06071530995135,72.03541052201979,0.7888533296316288,0.047635172721255316,0.016486805692336043,0.6253081858254725,1.0,321.0633051600729,0.0,0.6253081858254725,59.0,1,,321.0633051600729
Novo Itacolomi,3125,P1,38.87404621210965,13.454529704853227,47.09487861206948,79.35187391413496,40.12607764882351,0.5075875728718419,0.04072982827271954,0.014096826488778733,0.4066142452577545,0.0,176.64047535940097,0.0,0.4066142452577545,274.0,0,,176.64047535940097
Porto Barreiro,3110,P1,38.87404621210965,13.454529704853227,77.01290013483084,59.344223187874455,42.84988181105479,0.5981395741592914,0.046464775357096706,0.016081724471394127,0.47923027304866356,1.0,237.46141094123868,0.0,0.47923027304866356,175.0,1,,237.46141094123868
Alto Paraíso,3055,P1,38.87404621210965,13.454529704853227,29.720045146021963,94.08546362893419,45.628943615713055,0.4895668823048085,0.05102932507731528,0.017661541233067606,0.39942421581879084,0.0,213.4511606848965,0.0,0.39942421581879084,284.0,0,,213.4511606848965
Pitangueiras,3046,P1,38.87404621210965,13.454529704853227,46.07085419470568,25.920160292156382,42.914008205699815,0.40777977018593475,0.0474010932484236,0.016405789448147662,0.3348217447655188,0.0,165.15080692530358,0.0,0.3348217447655188,339.0,0,,165.15080692530358
Farol,3039,P1,38.87404621210965,13.454529704853227,82.74263982875016,24.038957282025432,43.66960692173468,0.5537269015659901,0.046464775357096706,0.016081724471394127,0.4454048623899236,1.0,219.8295799216981,0.0,0.4454048623899236,217.0,0,,219.8295799216981
Godoy Moreira,2977,P1,38.87404621210965,13.454529704853227,46.35552921183065,26.765660510993893,56.65452415962977,0.4655715345078295,0.043187662737452615,0.01494749705275676,0.3762129259579235,0.0,171.7958962333891,0.0,0.3762129259579235,307.0,0,,171.7958962333891
Anahy,2918,P1,38.87404621210965,13.454529704853227,43.07419744334423,29.17554196871067,44.506140213142196,0.4086724345633671,0.042836543528205026,0.014825972686474183,0.33270946995242,0.0,149.57411105019236,0.0,0.33270946995242,341.0,0,,149.57411105019236
Cruzmaltina,2892,P1,38.87404621210965,13.454529704853227,56.83855419285192,34.66171533459891,100,0.6966776474406055,0.04295358326462089,0.014866480808568375,0.5518776923375206,1.0,255.6806966107022,0.0,0.5518776923375206,117.0,1,,255.6806966107022
Barra do Jacaré,2814,P1,38.87404621210965,13.454529704853227,48.86842509637129,21.451534567718173,47.43943858614534,0.4281345238655028,0.03733567591665957,0.012922090948047171,0.34412255304727135,0.0,136.5749131130954,0.0,0.34412255304727135,334.0,0,,136.5749131130954
Manfrinópolis,2770,P1,38.87404621210965,13.454529704853227,80.5635638577321,39.53920461019776,36.40975336605484,0.5469716781155434,0.04271950379178916,0.01478546456437999,0.4378393226272044,1.0,199.64466251217334,0.0,0.4378393226272044,233.0,0,,199.64466251217334
Pinhal de São Bento,2761,P1,38.87404621210965,13.454529704853227,30.904012679695754,22.362478487680093,51.386379332206324,0.3738865250229685,0.04119798721838298,0.014258858977155498,0.30525937787444424,0.0,131.6080568080849,0.0,0.30525937787444424,356.0,0,,131.6080568080849
Ivatuba,2708,P1,38.87404621210965,13.454529704853227,0,56.0743302906314,32.071868219132945,0.24043613345779458,0.037218636180243715,0.012881582825952979,0.20153012250180913,0.0,76.45869043957867,0.0,0.20153012250180913,391.0,0,,76.45869043957867
São Pedro do Paraná,2661,P1,38.87404621210965,13.454529704853227,28.131359511326774,68.65838558022384,28.63668401098336,0.36438894524968823,0.038740152753649906,0.013408188413177473,0.2965620092857403,0.0,120.6127408776468,0.0,0.2965620092857403,361.0,0,,120.6127408776468
Flórida,2652,P1,38.87404621210965,13.454529704853227,40.359099305467254,39.28920958487835,34.33651226363062,0.3773608654461482,0.04002758985422437,0.01385377775621358,0.3071940913526059,0.0,129.05741598258268,0.0,0.3071940913526059,354.0,0,,129.05741598258268
Cafeara,2627,P1,38.87404621210965,13.454529704853227,41.83127007765,17.812593012060297,36.894819844882,0.35052954571424855,0.036165278552500964,0.012517009727105254,0.2844954858845499,0.0,108.3136296257028,0.0,0.2844954858845499,373.0,0,,108.3136296257028
Rancho Alegre D'Oeste,2618,P1,38.87404621210965,13.454529704853227,72.54263673537838,22.49482693326696,32.41915238247404,0.46483681033794355,0.039910550117808516,0.01381326963411939,0.373603170712398,0.0,158.50935232523875,0.0,0.373603170712398,308.0,0,,158.50935232523875
Inajá,2536,P1,38.87404621210965,13.454529704853227,31.42797292608061,34.496989383818956,57.04247779216376,0.42287578164061546,0.03909127196289748,0.013529712779460048,0.34120962685244,0.0,141.24051106796557,0.0,0.34120962685244,336.0,0,,141.24051106796557
Santo Antônio do Caiuá,2493,P1,38.87404621210965,13.454529704853227,21.579879264282926,25.313894158747672,60.12177234983127,0.37743439477395213,0.03370744408776789,0.011666339163127227,0.30343299866441237,0.0,108.70110569489822,0.0,0.30343299866441237,357.0,0,,108.70110569489822
Boa Esperança do Iguaçu,2455,P1,38.87404621210965,13.454529704853227,35.726041583773466,34.2505584663142,39.67367287005961,0.37009997474796064,0.03979351038139265,0.013772761512025198,0.3015348240871591,0.0,125.83399141430661,0.0,0.3015348240871591,358.0,0,,125.83399141430661
Paranapoema,2398,P1,38.87404621210965,13.454529704853227,45.39303285359417,42.45414178136025,60.02566826391945,0.506583088032775,0.042368384582541586,0.014663940198097417,0.4068931440929857,0.0,183.38307786786453,0.0,0.4068931440929857,273.0,0,,183.38307786786453
Iracema do Oeste,2343,P1,38.87404621210965,13.454529704853227,52.15479205687984,26.489870721555413,42.06624619047348,0.42986389443252404,0.03183480830511412,0.011018209209620159,0.342041438477024,0.0,116.92297928564653,0.0,0.342041438477024,335.0,0,,116.92297928564653
Ariranha do Ivaí,2329,P1,38.87404621210965,13.454529704853227,32.434239018648256,29.121971810739964,56.87940510596871,0.4154985201199478,0.034526722242678914,0.011949896017786569,0.33280444316307695,0.0,122.5720634353846,0.0,0.33280444316307695,340.0,0,,122.5720634353846
Mirador,2238,P1,38.87404621210965,13.454529704853227,49.764523520226064,41.06619418729745,41.6769779816574,0.44789839438212875,0.03745271565307543,0.012962599070141363,0.35920267680403717,0.0,143.3274862022812,0.0,0.35920267680403717,321.0,0,,143.3274862022812
Guaporema,2191,P1,38.87404621210965,13.454529704853227,29.55744039852756,91.02540940755132,44.38385214064195,0.47781598897178074,0.03043033146812379,0.010532111744489857,0.37750368313552907,0.0,124.23215713266299,0.0,0.37750368313552907,305.0,0,,124.23215713266299
Iguatu,2144,P1,38.87404621210965,13.454529704853227,31.494047854488617,13.48086073451413,40.2250219501725,0.3138380006876727,0.028440655949054157,0.009843473668888597,0.2521027094050088,0.0,76.26263416710447,0.0,0.2521027094050088,383.0,0,,76.26263416710447
São Manoel do Paraná,2138,P1,38.87404621210965,13.454529704853227,33.01247559273299,27.024439702584598,32.948948883875694,0.3178945773116039,0.02902585463113346,0.010046014279359555,0.255518697798274,0.0,78.83785517327777,0.0,0.255518697798274,381.0,0,,78.83785517327777
Uniflor,2136,P1,38.87404621210965,13.454529704853227,43.035022813229716,19.554546447220623,40.42873803841906,0.3729641363010363,0.03136664935945068,0.010856176721243392,0.2986315559283237,0.0,99.95438852867773,0.0,0.2986315559283237,359.0,0,,99.95438852867773
Santo Antônio do Paraíso,2125,P1,38.87404621210965,13.454529704853227,13.908011414605115,29.80503874285869,47.60280717997567,0.3056533518640405,0.0294940135767969,0.010208046767736323,0.24652328839544974,0.0,77.02464466973821,0.0,0.24652328839544974,386.0,0,,77.02464466973821
Miraselva,1966,P1,38.87404621210965,13.454529704853227,41.55475779785606,0,40.267640713131414,0.3272895940439499,0.026802099639232108,0.009276359959569913,0.2613180024900603,0.0,74.94931703606453,0.0,0.2613180024900603,377.0,0,,74.94931703606453
Esperança Nova,1849,P1,38.87404621210965,13.454529704853227,35.5365365899835,11.495919322388497,48.86078262987626,0.36058111552421607,0.026216900957152803,0.009073819349098953,0.286158756242454,0.0,80.7701698774244,0.0,0.286158756242454,368.0,0,,80.7701698774244
Santa Inês,1748,P1,38.87404621210965,13.454529704853227,35.832959467610856,34.975746747263464,44.796404042583056,0.39246894753530265,0.023290907546756286,0.008061116296744159,0.3085055142537286,0.0,78.10132055952522,0.0,0.3085055142537286,353.0,0,,78.10132055952522
Jardim Olinda,1343,P1,38.87404621210965,13.454529704853227,42.5406205223592,37.69394712860233,44.032286915306855,0.4216795240078689,0.024695384383746615,0.00854721376187446,0.3314472839062766,0.0,88.97437956566034,0.0,0.3314472839062766,342.0,0,,88.97437956566034
Nova Aliança do Ivaí,1323,P1,38.87404621210965,13.454529704853227,31.40763439875171,34.54374737155701,42.35535587993097,0.36413945585784474,0.02059899360919149,0.007129429488577749,0.2854766389931323,0.0,64.08854423098067,0.0,0.2854766389931323,369.0,0,,64.08854423098067
,,,,,,,,,,,,,0.43812895370626903,,,,,,
,,,,,,,,,,,,,,,,,,,0.43812895370626903
,,,,,,,,,,,,,,,,,,,
,,,,,,,,,,,,,,,,,,,
,,,,,,,,,,,,,,,,,,,
,,,,,,,,,,,,,,,,,,,
,,,,,,,,,,,,,,,,,,,
,,,,,,,,,,,,,,,,,,,
,,,,,,,,,,,,,,,,,,,
,,,,,,,,,,,,,,,,,,,
,,,,,,,,,,,,,,,,,,,
,,,,,,,,,,,,,,,,,,,
,,,,,,,,,,,,,,,,,,,
,,,,,,,,,,,,,,,,,,,
,,,,,,,,,,,,,,,,,,,
,,,,,,,,,,,,,,,,,,,
,,,,,,,,,,,,,,,,,,,
,,,,,,,,,,,,,,,,,,,
,,,,,,,,,,,,,,,,,,,
,,,,,,,,,,,,,,,,,,,
,,,,,,,,,,,,,,,,,,,
,,,,,,,,,,,,,,,,,,,
,,,,,,,,,,,,,,,,,,,
,,,,,,,,,,,,,,,,,,,
,,,,,,,,,,,,,,,,,,,
,,,,,,,,,,,,,,,,,,,
,,,,,,,,,,,,,,,,,,,
,,,,,,,,,,,,,,,,,,,
,,,,,,,,,,,,,,,,,,,
,,,,,,,,,,,,,,,,,,,
,,,,,,,,,,,,,,,,,,,
,,,,,,,,,,,,,,,,,,,
,,,,,,,,,,,,,,,,,,,
,,,,,,,,,,,,,,,,,,,
,,,,,,,,,,,,,,,,,,,
,,,,,,,,,,,,,,,,,,,
,,,,,,,,,,,,,,,,,,,
,,,,,,,,,,,,,,,,,,,
,,,,,,,,,,,,,,,,,,,
,,,,,,,,,,,,,,,,,,,
,,,,,,,,,,,,,,,,,,,
,,,,,,,,,,,,,,,,,,,
,,,,,,,,,,,,,,,,,,,
,,,,,,,,,,,,,,,,,,,
,,,,,,,,,,,,,,,,,,,
,,,,,,,,,,,,,,,,,,,
,,,,,,,,,,,,,,,,,,,
,,,,,,,,,,,,,,,,,,,
,,,,,,,,,,,,,,,,,,,
,,,,,,,,,,,,,,,,,,,
,,,,,,,,,,,,,,,,,,,
,,,,,,,,,,,,,,,,,,,
,,,,,,,,,,,,,,,,,,,
,,,,,,,,,,,,,,,,,,,
,,,,,,,,,,,,,,,,,,,
,,,,,,,,,,,,,,,,,,,
,,,,,,,,,,,,,,,,,,,
,,,,,,,,,,,,,,,,,,,
,,,,,,,,,,,,,,,,,,,
,,,,,,,,,,,,,,,,,,,
,,,,,,,,,,,,,,,,,,,
,,,,,,,,,,,,,,,,,,,
,,,,,,,,,,,,,,,,,,,
,,,,,,,,,,,,,,,,,,,
,,,,,,,,,,,,,,,,,,,
,,,,,,,,,,,,,,,,,,,
,,,,,,,,,,,,,,,,,,,
,,,,,,,,,,,,,,,,,,,
,,,,,,,,,,,,,,,,,,,
,,,,,,,,,,,,,,,,,,,
,,,,,,,,,,,,,,,,,,,
,,,,,,,,,,,,,,,,,,,
,,,,,,,,,,,,,,,,,,,
,,,,,,,,,,,,,,,,,,,
,,,,,,,,,,,,,,,,,,,
,,,,,,,,,,,,,,,,,,,
,,,,,,,,,,,,,,,,,,,
,,,,,,,,,,,,,,,,,,,
,,,,,,,,,,,,,,,,,,,
,,,,,,,,,,,,,,,,,,,
,,,,,,,,,,,,,,,,,,,
,,,,,,,,,,,,,,,,,,,
,,,,,,,,,,,,,,,,,,,
,,,,,,,,,,,,,,,,,,,
,,,,,,,,,,,,,,,,,,,
,,,,,,,,,,,,,,,,,,,
,,,,,,,,,,,,,,,,,,,
,,,,,,,,,,,,,,,,,,,
,,,,,,,,,,,,,,,,,,,
,,,,,,,,,,,,,,,,,,,
,,,,,,,,,,,,,,,,,,,
,,,,,,,,,,,,,,,,,,,
,,,,,,,,,,,,,,,,,,,
,,,,,,,,,,,,,,,,,,,
,,,,,,,,,,,,,,,,,,,
,,,,,,,,,,,,,,,,,,,
,,,,,,,,,,,,,,,,,,,
,,,,,,,,,,,,,,,,,,,
,,,,,,,,,,,,,,,,,,,
,,,,,,,,,,,,,,,,,,,
,,,,,,,,,,,,,,,,,,,
,,,,,,,,,,,,,,,,,,,
,,,,,,,,,,,,,,,,,,,
,,,,,,,,,,,,,,,,,,,
,,,,,,,,,,,,,,,,,,,
,,,,,,,,,,,,,,,,,,,
,,,,,,,,,,,,,,,,,,,
,,,,,,,,,,,,,,,,,,,
,,,,,,,,,,,,,,,,,,,
,,,,,,,,,,,,,,,,,,,
,,,,,,,,,,,,,,,,,,,
,,,,,,,,,,,,,,,,,,,
,,,,,,,,,,,,,,,,,,,
,,,,,,,,,,,,,,,,,,,
,,,,,,,,,,,,,,,,,,,
,,,,,,,,,,,,,,,,,,,
,,,,,,,,,,,,,,,,,,,
,,,,,,,,,,,,,,,,,,,
,,,,,,,,,,,,,,,,,,,
,,,,,,,,,,,,,,,,,,,
,,,,,,,,,,,,,,,,,,,
,,,,,,,,,,,,,,,,,,,
,,,,,,,,,,,,,,,,,,,
,,,,,,,,,,,,,,,,,,,
,,,,,,,,,,,,,,,,,,,
,,,,,,,,,,,,,,,,,,,
,,,,,,,,,,,,,,,,,,,
,,,,,,,,,,,,,,,,,,,
,,,,,,,,,,,,,,,,,,,
,,,,,,,,,,,,,,,,,,,
,,,,,,,,,,,,,,,,,,,
,,,,,,,,,,,,,,,,,,,
,,,,,,,,,,,,,,,,,,,
,,,,,,,,,,,,,,,,,,,
,,,,,,,,,,,,,,,,,,,
,,,,,,,,,,,,,,,,,,,
,,,,,,,,,,,,,,,,,,,
,,,,,,,,,,,,,,,,,,,
,,,,,,,,,,,,,,,,,,,
,,,,,,,,,,,,,,,,,,,
,,,,,,,,,,,,,,,,,,,
,,,,,,,,,,,,,,,,,,,
,,,,,,,,,,,,,,,,,,,
,,,,,,,,,,,,,,,,,,,
,,,,,,,,,,,,,,,,,,,
,,,,,,,,,,,,,,,,,,,
,,,,,,,,,,,,,,,,,,,
,,,,,,,,,,,,,,,,,,,
,,,,,,,,,,,,,,,,,,,
,,,,,,,,,,,,,,,,,,,
