MUNICÍPIO,POPULAÇÃO,PORTE DO MUNICÍPIO,FAIXA DE CRECHES,FAIXA 2,FATOR EDUCAÇÃO,FATOR DEMOGRÁFICO,FATOR SOCIOECONÔMICO,PCM,PROPORÇÃO CRECHES,PROPORÇÃO 2,APROX. CRECHES ,,,,,=SUM(L$2:L$400)-(SUM(O$2:O$400)),TOTAL CRECHES,,
Curitiba,1773718,"=_xlfn.IFS(B2<20000, ""P1"",B2<40000, ""P2"",B2<70000, ""P3"",B2<100000, ""P4"",B2<200000,""M1"",B2<500000,""M2"",B2<1000000,""G1"",B2>1000000,""G2"")","=VLOOKUP(C2,Controle!A$2:H$9,8,FALSE)","=VLOOKUP(C2,Controle!A$16:H$23,8,FALSE)","=VLOOKUP(A2,Educacional!A$2:P$405,16,FALSE)","=VLOOKUP(A2,Demográfico!A$2:L$405,12,FALSE)","=VLOOKUP(A2,Socioeconômico!A$2:M$405,13,FALSE)",=(2*F2+G2+2*H2)/5/100,"=VLOOKUP(A2,Demográfico!A$2:E$400,5,FALSE)/(VLOOKUP(C2,Controle!A$2:G$9,7,FALSE))*D2","=VLOOKUP(A2,Demográfico!A$2:E$400,5,FALSE)/(VLOOKUP(C2,Controle!A$16:G$24,7,FALSE))*E2",=((J2*(1+I2))+3*(I2+K2))/4,=INT(L2),"=VLOOKUP(A2,Demográfico!A$2:E$400,5,FALSE)*I2","=FLOOR(L2,1)",=L2-O2,"=RANK(P2,P$2:P$400,0)","=O2+IF(Q2<Q$1,1,0)",,"=VLOOKUP(A2,Demográfico!A$2:E$400,5,FALSE)*(I2)"
Londrina,555965,"=_xlfn.IFS(B3<20000, ""P1"",B3<40000, ""P2"",B3<70000, ""P3"",B3<100000, ""P4"",B3<200000,""M1"",B3<500000,""M2"",B3<1000000,""G1"",B3>1000000,""G2"")","=VLOOKUP(C3,Controle!A$2:H$9,8,FALSE)","=VLOOKUP(C3,Controle!A$16:H$23,8,FALSE)","=VLOOKUP(A3,Educacional!A$2:P$405,16,FALSE)","=VLOOKUP(A3,Demográfico!A$2:L$405,12,FALSE)","=VLOOKUP(A3,Socioeconômico!A$2:M$405,13,FALSE)",=(2*F3+G3+2*H3)/5/100,"=VLOOKUP(A3,Demográfico!A$2:E$400,5,FALSE)/(VLOOKUP(C3,Controle!A$2:G$9,7,FALSE))*D3","=VLOOKUP(A3,Demográfico!A$2:E$400,5,FALSE)/(VLOOKUP(C3,Controle!A$16:G$24,7,FALSE))*E3",=((J3*(1+I3))+3*(I3+K3))/4,4,"=VLOOKUP(A3,Demográfico!A$2:E$400,5,FALSE)*I3","=FLOOR(L3,1)",=L3-O3,"=RANK(P3,P$2:P$400,0)","=O3+IF(Q3<Q$1,1,0)",,"=VLOOKUP(A3,Demográfico!A$2:E$400,5,FALSE)*(I3)"
Maringá,409657,"=_xlfn.IFS(B4<20000, ""P1"",B4<40000, ""P2"",B4<70000, ""P3"",B4<100000, ""P4"",B4<200000,""M1"",B4<500000,""M2"",B4<1000000,""G1"",B4>1000000,""G2"")","=VLOOKUP(C4,Controle!A$2:H$9,8,FALSE)","=VLOOKUP(C4,Controle!A$16:H$23,8,FALSE)","=VLOOKUP(A4,Educacional!A$2:P$405,16,FALSE)","=VLOOKUP(A4,Demográfico!A$2:L$405,12,FALSE)","=VLOOKUP(A4,Socioeconômico!A$2:M$405,13,FALSE)",=(2*F4+G4+2*H4)/5/100,"=VLOOKUP(A4,Demográfico!A$2:E$400,5,FALSE)/(VLOOKUP(C4,Controle!A$2:G$9,7,FALSE))*D4","=VLOOKUP(A4,Demográfico!A$2:E$400,5,FALSE)/(VLOOKUP(C4,Controle!A$16:G$24,7,FALSE))*E4",=((J4*(1+I4))+3*(I4+K4))/4,3,"=VLOOKUP(A4,Demográfico!A$2:E$400,5,FALSE)*I4","=FLOOR(L4,1)",=L4-O4,"=RANK(P4,P$2:P$400,0)","=O4+IF(Q4<Q$1,1,0)",,"=VLOOKUP(A4,Demográfico!A$2:E$400,5,FALSE)*(I4)"
Ponta Grossa,358371,"=_xlfn.IFS(B5<20000, ""P1"",B5<40000, ""P2"",B5<70000, ""P3"",B5<100000, ""P4"",B5<200000,""M1"",B5<500000,""M2"",B5<1000000,""G1"",B5>1000000,""G2"")","=VLOOKUP(C5,Controle!A$2:H$9,8,FALSE)","=VLOOKUP(C5,Controle!A$16:H$23,8,FALSE)","=VLOOKUP(A5,Educacional!A$2:P$405,16,FALSE)","=VLOOKUP(A5,Demográfico!A$2:L$405,12,FALSE)","=VLOOKUP(A5,Socioeconômico!A$2:M$405,13,FALSE)",=(2*F5+G5+2*H5)/5/100,"=VLOOKUP(A5,Demográfico!A$2:E$400,5,FALSE)/(VLOOKUP(C5,Controle!A$2:G$9,7,FALSE))*D5","=VLOOKUP(A5,Demográfico!A$2:E$400,5,FALSE)/(VLOOKUP(C5,Controle!A$16:G$24,7,FALSE))*E5",=((J5*(1+I5))+3*(I5+K5))/4,3,"=VLOOKUP(A5,Demográfico!A$2:E$400,5,FALSE)*I5","=FLOOR(L5,1)",=L5-O5,"=RANK(P5,P$2:P$400,0)","=O5+IF(Q5<Q$1,1,0)",,"=VLOOKUP(A5,Demográfico!A$2:E$400,5,FALSE)*(I5)"
Cascavel,348051,"=_xlfn.IFS(B6<20000, ""P1"",B6<40000, ""P2"",B6<70000, ""P3"",B6<100000, ""P4"",B6<200000,""M1"",B6<500000,""M2"",B6<1000000,""G1"",B6>1000000,""G2"")","=VLOOKUP(C6,Controle!A$2:H$9,8,FALSE)","=VLOOKUP(C6,Controle!A$16:H$23,8,FALSE)","=VLOOKUP(A6,Educacional!A$2:P$405,16,FALSE)","=VLOOKUP(A6,Demográfico!A$2:L$405,12,FALSE)","=VLOOKUP(A6,Socioeconômico!A$2:M$405,13,FALSE)",=(2*F6+G6+2*H6)/5/100,"=VLOOKUP(A6,Demográfico!A$2:E$400,5,FALSE)/(VLOOKUP(C6,Controle!A$2:G$9,7,FALSE))*D6","=VLOOKUP(A6,Demográfico!A$2:E$400,5,FALSE)/(VLOOKUP(C6,Controle!A$16:G$24,7,FALSE))*E6",=((J6*(1+I6))+3*(I6+K6))/4,3,"=VLOOKUP(A6,Demográfico!A$2:E$400,5,FALSE)*I6","=FLOOR(L6,1)",=L6-O6,"=RANK(P6,P$2:P$400,0)","=O6+IF(Q6<Q$1,1,0)",,"=VLOOKUP(A6,Demográfico!A$2:E$400,5,FALSE)*(I6)"
São José dos Pinhais,329628,"=_xlfn.IFS(B7<20000, ""P1"",B7<40000, ""P2"",B7<70000, ""P3"",B7<100000, ""P4"",B7<200000,""M1"",B7<500000,""M2"",B7<1000000,""G1"",B7>1000000,""G2"")","=VLOOKUP(C7,Controle!A$2:H$9,8,FALSE)","=VLOOKUP(C7,Controle!A$16:H$23,8,FALSE)","=VLOOKUP(A7,Educacional!A$2:P$405,16,FALSE)","=VLOOKUP(A7,Demográfico!A$2:L$405,12,FALSE)","=VLOOKUP(A7,Socioeconômico!A$2:M$405,13,FALSE)",=(2*F7+G7+2*H7)/5/100,"=VLOOKUP(A7,Demográfico!A$2:E$400,5,FALSE)/(VLOOKUP(C7,Controle!A$2:G$9,7,FALSE))*D7","=VLOOKUP(A7,Demográfico!A$2:E$400,5,FALSE)/(VLOOKUP(C7,Controle!A$16:G$24,7,FALSE))*E7",=((J7*(1+I7))+3*(I7+K7))/4,3,"=VLOOKUP(A7,Demográfico!A$2:E$400,5,FALSE)*I7","=FLOOR(L7,1)",=L7-O7,"=RANK(P7,P$2:P$400,0)","=O7+IF(Q7<Q$1,1,0)",,"=VLOOKUP(A7,Demográfico!A$2:E$400,5,FALSE)*(I7)"
Foz do Iguaçu,285415,"=_xlfn.IFS(B8<20000, ""P1"",B8<40000, ""P2"",B8<70000, ""P3"",B8<100000, ""P4"",B8<200000,""M1"",B8<500000,""M2"",B8<1000000,""G1"",B8>1000000,""G2"")","=VLOOKUP(C8,Controle!A$2:H$9,8,FALSE)","=VLOOKUP(C8,Controle!A$16:H$23,8,FALSE)","=VLOOKUP(A8,Educacional!A$2:P$405,16,FALSE)","=VLOOKUP(A8,Demográfico!A$2:L$405,12,FALSE)","=VLOOKUP(A8,Socioeconômico!A$2:M$405,13,FALSE)",=(2*F8+G8+2*H8)/5/100,"=VLOOKUP(A8,Demográfico!A$2:E$400,5,FALSE)/(VLOOKUP(C8,Controle!A$2:G$9,7,FALSE))*D8","=VLOOKUP(A8,Demográfico!A$2:E$400,5,FALSE)/(VLOOKUP(C8,Controle!A$16:G$24,7,FALSE))*E8",=((J8*(1+I8))+3*(I8+K8))/4,3,"=VLOOKUP(A8,Demográfico!A$2:E$400,5,FALSE)*I8","=FLOOR(L8,1)",=L8-O8,"=RANK(P8,P$2:P$400,0)","=O8+IF(Q8<Q$1,1,0)",,"=VLOOKUP(A8,Demográfico!A$2:E$400,5,FALSE)*(I8)"
Colombo,232212,"=_xlfn.IFS(B9<20000, ""P1"",B9<40000, ""P2"",B9<70000, ""P3"",B9<100000, ""P4"",B9<200000,""M1"",B9<500000,""M2"",B9<1000000,""G1"",B9>1000000,""G2"")","=VLOOKUP(C9,Controle!A$2:H$9,8,FALSE)","=VLOOKUP(C9,Controle!A$16:H$23,8,FALSE)","=VLOOKUP(A9,Educacional!A$2:P$405,16,FALSE)","=VLOOKUP(A9,Demográfico!A$2:L$405,12,FALSE)","=VLOOKUP(A9,Socioeconômico!A$2:M$405,13,FALSE)",=(2*F9+G9+2*H9)/5/100,"=VLOOKUP(A9,Demográfico!A$2:E$400,5,FALSE)/(VLOOKUP(C9,Controle!A$2:G$9,7,FALSE))*D9","=VLOOKUP(A9,Demográfico!A$2:E$400,5,FALSE)/(VLOOKUP(C9,Controle!A$16:G$24,7,FALSE))*E9",=((J9*(1+I9))+3*(I9+K9))/4,2,"=VLOOKUP(A9,Demográfico!A$2:E$400,5,FALSE)*I9","=FLOOR(L9,1)",=L9-O9,"=RANK(P9,P$2:P$400,0)","=O9+IF(Q9<Q$1,1,0)",,"=VLOOKUP(A9,Demográfico!A$2:E$400,5,FALSE)*(I9)"
Guarapuava,182093,"=_xlfn.IFS(B10<20000, ""P1"",B10<40000, ""P2"",B10<70000, ""P3"",B10<100000, ""P4"",B10<200000,""M1"",B10<500000,""M2"",B10<1000000,""G1"",B10>1000000,""G2"")","=VLOOKUP(C10,Controle!A$2:H$9,8,FALSE)","=VLOOKUP(C10,Controle!A$16:H$23,8,FALSE)","=VLOOKUP(A10,Educacional!A$2:P$405,16,FALSE)","=VLOOKUP(A10,Demográfico!A$2:L$405,12,FALSE)","=VLOOKUP(A10,Socioeconômico!A$2:M$405,13,FALSE)",=(2*F10+G10+2*H10)/5/100,"=VLOOKUP(A10,Demográfico!A$2:E$400,5,FALSE)/(VLOOKUP(C10,Controle!A$2:G$9,7,FALSE))*D10","=VLOOKUP(A10,Demográfico!A$2:E$400,5,FALSE)/(VLOOKUP(C10,Controle!A$16:G$24,7,FALSE))*E10",=((J10*(1+I10))+3*(I10+K10))/4,2,"=VLOOKUP(A10,Demográfico!A$2:E$400,5,FALSE)*I10","=FLOOR(L10,1)",=L10-O10,"=RANK(P10,P$2:P$400,0)","=O10+IF(Q10<Q$1,1,0)",,"=VLOOKUP(A10,Demográfico!A$2:E$400,5,FALSE)*(I10)"
Araucária,151666,"=_xlfn.IFS(B11<20000, ""P1"",B11<40000, ""P2"",B11<70000, ""P3"",B11<100000, ""P4"",B11<200000,""M1"",B11<500000,""M2"",B11<1000000,""G1"",B11>1000000,""G2"")","=VLOOKUP(C11,Controle!A$2:H$9,8,FALSE)","=VLOOKUP(C11,Controle!A$16:H$23,8,FALSE)","=VLOOKUP(A11,Educacional!A$2:P$405,16,FALSE)","=VLOOKUP(A11,Demográfico!A$2:L$405,12,FALSE)","=VLOOKUP(A11,Socioeconômico!A$2:M$405,13,FALSE)",=(2*F11+G11+2*H11)/5/100,"=VLOOKUP(A11,Demográfico!A$2:E$400,5,FALSE)/(VLOOKUP(C11,Controle!A$2:G$9,7,FALSE))*D11","=VLOOKUP(A11,Demográfico!A$2:E$400,5,FALSE)/(VLOOKUP(C11,Controle!A$16:G$24,7,FALSE))*E11",=((J11*(1+I11))+3*(I11+K11))/4,2,"=VLOOKUP(A11,Demográfico!A$2:E$400,5,FALSE)*I11","=FLOOR(L11,1)",=L11-O11,"=RANK(P11,P$2:P$400,0)","=O11+IF(Q11<Q$1,1,0)",,"=VLOOKUP(A11,Demográfico!A$2:E$400,5,FALSE)*(I11)"
Toledo,150470,"=_xlfn.IFS(B12<20000, ""P1"",B12<40000, ""P2"",B12<70000, ""P3"",B12<100000, ""P4"",B12<200000,""M1"",B12<500000,""M2"",B12<1000000,""G1"",B12>1000000,""G2"")","=VLOOKUP(C12,Controle!A$2:H$9,8,FALSE)","=VLOOKUP(C12,Controle!A$16:H$23,8,FALSE)","=VLOOKUP(A12,Educacional!A$2:P$405,16,FALSE)","=VLOOKUP(A12,Demográfico!A$2:L$405,12,FALSE)","=VLOOKUP(A12,Socioeconômico!A$2:M$405,13,FALSE)",=(2*F12+G12+2*H12)/5/100,"=VLOOKUP(A12,Demográfico!A$2:E$400,5,FALSE)/(VLOOKUP(C12,Controle!A$2:G$9,7,FALSE))*D12","=VLOOKUP(A12,Demográfico!A$2:E$400,5,FALSE)/(VLOOKUP(C12,Controle!A$16:G$24,7,FALSE))*E12",=((J12*(1+I12))+3*(I12+K12))/4,2,"=VLOOKUP(A12,Demográfico!A$2:E$400,5,FALSE)*I12","=FLOOR(L12,1)",=L12-O12,"=RANK(P12,P$2:P$400,0)","=O12+IF(Q12<Q$1,1,0)",,"=VLOOKUP(A12,Demográfico!A$2:E$400,5,FALSE)*(I12)"
Fazenda Rio Grande,148873,"=_xlfn.IFS(B13<20000, ""P1"",B13<40000, ""P2"",B13<70000, ""P3"",B13<100000, ""P4"",B13<200000,""M1"",B13<500000,""M2"",B13<1000000,""G1"",B13>1000000,""G2"")","=VLOOKUP(C13,Controle!A$2:H$9,8,FALSE)","=VLOOKUP(C13,Controle!A$16:H$23,8,FALSE)","=VLOOKUP(A13,Educacional!A$2:P$405,16,FALSE)","=VLOOKUP(A13,Demográfico!A$2:L$405,12,FALSE)","=VLOOKUP(A13,Socioeconômico!A$2:M$405,13,FALSE)",=(2*F13+G13+2*H13)/5/100,"=VLOOKUP(A13,Demográfico!A$2:E$400,5,FALSE)/(VLOOKUP(C13,Controle!A$2:G$9,7,FALSE))*D13","=VLOOKUP(A13,Demográfico!A$2:E$400,5,FALSE)/(VLOOKUP(C13,Controle!A$16:G$24,7,FALSE))*E13",=((J13*(1+I13))+3*(I13+K13))/4,2,"=VLOOKUP(A13,Demográfico!A$2:E$400,5,FALSE)*I13","=FLOOR(L13,1)",=L13-O13,"=RANK(P13,P$2:P$400,0)","=O13+IF(Q13<Q$1,1,0)",,"=VLOOKUP(A13,Demográfico!A$2:E$400,5,FALSE)*(I13)"
Paranaguá,145829,"=_xlfn.IFS(B14<20000, ""P1"",B14<40000, ""P2"",B14<70000, ""P3"",B14<100000, ""P4"",B14<200000,""M1"",B14<500000,""M2"",B14<1000000,""G1"",B14>1000000,""G2"")","=VLOOKUP(C14,Controle!A$2:H$9,8,FALSE)","=VLOOKUP(C14,Controle!A$16:H$23,8,FALSE)","=VLOOKUP(A14,Educacional!A$2:P$405,16,FALSE)","=VLOOKUP(A14,Demográfico!A$2:L$405,12,FALSE)","=VLOOKUP(A14,Socioeconômico!A$2:M$405,13,FALSE)",=(2*F14+G14+2*H14)/5/100,"=VLOOKUP(A14,Demográfico!A$2:E$400,5,FALSE)/(VLOOKUP(C14,Controle!A$2:G$9,7,FALSE))*D14","=VLOOKUP(A14,Demográfico!A$2:E$400,5,FALSE)/(VLOOKUP(C14,Controle!A$16:G$24,7,FALSE))*E14",=((J14*(1+I14))+3*(I14+K14))/4,2,"=VLOOKUP(A14,Demográfico!A$2:E$400,5,FALSE)*I14","=FLOOR(L14,1)",=L14-O14,"=RANK(P14,P$2:P$400,0)","=O14+IF(Q14<Q$1,1,0)",,"=VLOOKUP(A14,Demográfico!A$2:E$400,5,FALSE)*(I14)"
Campo Largo,136327,"=_xlfn.IFS(B15<20000, ""P1"",B15<40000, ""P2"",B15<70000, ""P3"",B15<100000, ""P4"",B15<200000,""M1"",B15<500000,""M2"",B15<1000000,""G1"",B15>1000000,""G2"")","=VLOOKUP(C15,Controle!A$2:H$9,8,FALSE)","=VLOOKUP(C15,Controle!A$16:H$23,8,FALSE)","=VLOOKUP(A15,Educacional!A$2:P$405,16,FALSE)","=VLOOKUP(A15,Demográfico!A$2:L$405,12,FALSE)","=VLOOKUP(A15,Socioeconômico!A$2:M$405,13,FALSE)",=(2*F15+G15+2*H15)/5/100,"=VLOOKUP(A15,Demográfico!A$2:E$400,5,FALSE)/(VLOOKUP(C15,Controle!A$2:G$9,7,FALSE))*D15","=VLOOKUP(A15,Demográfico!A$2:E$400,5,FALSE)/(VLOOKUP(C15,Controle!A$16:G$24,7,FALSE))*E15",=((J15*(1+I15))+3*(I15+K15))/4,2,"=VLOOKUP(A15,Demográfico!A$2:E$400,5,FALSE)*I15","=FLOOR(L15,1)",=L15-O15,"=RANK(P15,P$2:P$400,0)","=O15+IF(Q15<Q$1,1,0)",,"=VLOOKUP(A15,Demográfico!A$2:E$400,5,FALSE)*(I15)"
Apucarana,130134,"=_xlfn.IFS(B16<20000, ""P1"",B16<40000, ""P2"",B16<70000, ""P3"",B16<100000, ""P4"",B16<200000,""M1"",B16<500000,""M2"",B16<1000000,""G1"",B16>1000000,""G2"")","=VLOOKUP(C16,Controle!A$2:H$9,8,FALSE)","=VLOOKUP(C16,Controle!A$16:H$23,8,FALSE)","=VLOOKUP(A16,Educacional!A$2:P$405,16,FALSE)","=VLOOKUP(A16,Demográfico!A$2:L$405,12,FALSE)","=VLOOKUP(A16,Socioeconômico!A$2:M$405,13,FALSE)",=(2*F16+G16+2*H16)/5/100,"=VLOOKUP(A16,Demográfico!A$2:E$400,5,FALSE)/(VLOOKUP(C16,Controle!A$2:G$9,7,FALSE))*D16","=VLOOKUP(A16,Demográfico!A$2:E$400,5,FALSE)/(VLOOKUP(C16,Controle!A$16:G$24,7,FALSE))*E16",=((J16*(1+I16))+3*(I16+K16))/4,1,"=VLOOKUP(A16,Demográfico!A$2:E$400,5,FALSE)*I16","=FLOOR(L16,1)",=L16-O16,"=RANK(P16,P$2:P$400,0)","=O16+IF(Q16<Q$1,1,0)",,"=VLOOKUP(A16,Demográfico!A$2:E$400,5,FALSE)*(I16)"
Pinhais,127019,"=_xlfn.IFS(B17<20000, ""P1"",B17<40000, ""P2"",B17<70000, ""P3"",B17<100000, ""P4"",B17<200000,""M1"",B17<500000,""M2"",B17<1000000,""G1"",B17>1000000,""G2"")","=VLOOKUP(C17,Controle!A$2:H$9,8,FALSE)","=VLOOKUP(C17,Controle!A$16:H$23,8,FALSE)","=VLOOKUP(A17,Educacional!A$2:P$405,16,FALSE)","=VLOOKUP(A17,Demográfico!A$2:L$405,12,FALSE)","=VLOOKUP(A17,Socioeconômico!A$2:M$405,13,FALSE)",=(2*F17+G17+2*H17)/5/100,"=VLOOKUP(A17,Demográfico!A$2:E$400,5,FALSE)/(VLOOKUP(C17,Controle!A$2:G$9,7,FALSE))*D17","=VLOOKUP(A17,Demográfico!A$2:E$400,5,FALSE)/(VLOOKUP(C17,Controle!A$16:G$24,7,FALSE))*E17",=((J17*(1+I17))+3*(I17+K17))/4,1,"=VLOOKUP(A17,Demográfico!A$2:E$400,5,FALSE)*I17","=FLOOR(L17,1)",=L17-O17,"=RANK(P17,P$2:P$400,0)","=O17+IF(Q17<Q$1,1,0)",,"=VLOOKUP(A17,Demográfico!A$2:E$400,5,FALSE)*(I17)"
Almirante Tamandaré,119825,"=_xlfn.IFS(B18<20000, ""P1"",B18<40000, ""P2"",B18<70000, ""P3"",B18<100000, ""P4"",B18<200000,""M1"",B18<500000,""M2"",B18<1000000,""G1"",B18>1000000,""G2"")","=VLOOKUP(C18,Controle!A$2:H$9,8,FALSE)","=VLOOKUP(C18,Controle!A$16:H$23,8,FALSE)","=VLOOKUP(A18,Educacional!A$2:P$405,16,FALSE)","=VLOOKUP(A18,Demográfico!A$2:L$405,12,FALSE)","=VLOOKUP(A18,Socioeconômico!A$2:M$405,13,FALSE)",=(2*F18+G18+2*H18)/5/100,"=VLOOKUP(A18,Demográfico!A$2:E$400,5,FALSE)/(VLOOKUP(C18,Controle!A$2:G$9,7,FALSE))*D18","=VLOOKUP(A18,Demográfico!A$2:E$400,5,FALSE)/(VLOOKUP(C18,Controle!A$16:G$24,7,FALSE))*E18",=((J18*(1+I18))+3*(I18+K18))/4,2,"=VLOOKUP(A18,Demográfico!A$2:E$400,5,FALSE)*I18","=FLOOR(L18,1)",=L18-O18,"=RANK(P18,P$2:P$400,0)","=O18+IF(Q18<Q$1,1,0)",,"=VLOOKUP(A18,Demográfico!A$2:E$400,5,FALSE)*(I18)"
Arapongas,119138,"=_xlfn.IFS(B19<20000, ""P1"",B19<40000, ""P2"",B19<70000, ""P3"",B19<100000, ""P4"",B19<200000,""M1"",B19<500000,""M2"",B19<1000000,""G1"",B19>1000000,""G2"")","=VLOOKUP(C19,Controle!A$2:H$9,8,FALSE)","=VLOOKUP(C19,Controle!A$16:H$23,8,FALSE)","=VLOOKUP(A19,Educacional!A$2:P$405,16,FALSE)","=VLOOKUP(A19,Demográfico!A$2:L$405,12,FALSE)","=VLOOKUP(A19,Socioeconômico!A$2:M$405,13,FALSE)",=(2*F19+G19+2*H19)/5/100,"=VLOOKUP(A19,Demográfico!A$2:E$400,5,FALSE)/(VLOOKUP(C19,Controle!A$2:G$9,7,FALSE))*D19","=VLOOKUP(A19,Demográfico!A$2:E$400,5,FALSE)/(VLOOKUP(C19,Controle!A$16:G$24,7,FALSE))*E19",=((J19*(1+I19))+3*(I19+K19))/4,1,"=VLOOKUP(A19,Demográfico!A$2:E$400,5,FALSE)*I19","=FLOOR(L19,1)",=L19-O19,"=RANK(P19,P$2:P$400,0)","=O19+IF(Q19<Q$1,1,0)",,"=VLOOKUP(A19,Demográfico!A$2:E$400,5,FALSE)*(I19)"
Piraquara,118730,"=_xlfn.IFS(B20<20000, ""P1"",B20<40000, ""P2"",B20<70000, ""P3"",B20<100000, ""P4"",B20<200000,""M1"",B20<500000,""M2"",B20<1000000,""G1"",B20>1000000,""G2"")","=VLOOKUP(C20,Controle!A$2:H$9,8,FALSE)","=VLOOKUP(C20,Controle!A$16:H$23,8,FALSE)","=VLOOKUP(A20,Educacional!A$2:P$405,16,FALSE)","=VLOOKUP(A20,Demográfico!A$2:L$405,12,FALSE)","=VLOOKUP(A20,Socioeconômico!A$2:M$405,13,FALSE)",=(2*F20+G20+2*H20)/5/100,"=VLOOKUP(A20,Demográfico!A$2:E$400,5,FALSE)/(VLOOKUP(C20,Controle!A$2:G$9,7,FALSE))*D20","=VLOOKUP(A20,Demográfico!A$2:E$400,5,FALSE)/(VLOOKUP(C20,Controle!A$16:G$24,7,FALSE))*E20",=((J20*(1+I20))+3*(I20+K20))/4,2,"=VLOOKUP(A20,Demográfico!A$2:E$400,5,FALSE)*I20","=FLOOR(L20,1)",=L20-O20,"=RANK(P20,P$2:P$400,0)","=O20+IF(Q20<Q$1,1,0)",,"=VLOOKUP(A20,Demográfico!A$2:E$400,5,FALSE)*(I20)"
Sarandi,118455,"=_xlfn.IFS(B21<20000, ""P1"",B21<40000, ""P2"",B21<70000, ""P3"",B21<100000, ""P4"",B21<200000,""M1"",B21<500000,""M2"",B21<1000000,""G1"",B21>1000000,""G2"")","=VLOOKUP(C21,Controle!A$2:H$9,8,FALSE)","=VLOOKUP(C21,Controle!A$16:H$23,8,FALSE)","=VLOOKUP(A21,Educacional!A$2:P$405,16,FALSE)","=VLOOKUP(A21,Demográfico!A$2:L$405,12,FALSE)","=VLOOKUP(A21,Socioeconômico!A$2:M$405,13,FALSE)",=(2*F21+G21+2*H21)/5/100,"=VLOOKUP(A21,Demográfico!A$2:E$400,5,FALSE)/(VLOOKUP(C21,Controle!A$2:G$9,7,FALSE))*D21","=VLOOKUP(A21,Demográfico!A$2:E$400,5,FALSE)/(VLOOKUP(C21,Controle!A$16:G$24,7,FALSE))*E21",=((J21*(1+I21))+3*(I21+K21))/4,2,"=VLOOKUP(A21,Demográfico!A$2:E$400,5,FALSE)*I21","=FLOOR(L21,1)",=L21-O21,"=RANK(P21,P$2:P$400,0)","=O21+IF(Q21<Q$1,1,0)",,"=VLOOKUP(A21,Demográfico!A$2:E$400,5,FALSE)*(I21)"
Umuarama,117095,"=_xlfn.IFS(B22<20000, ""P1"",B22<40000, ""P2"",B22<70000, ""P3"",B22<100000, ""P4"",B22<200000,""M1"",B22<500000,""M2"",B22<1000000,""G1"",B22>1000000,""G2"")","=VLOOKUP(C22,Controle!A$2:H$9,8,FALSE)","=VLOOKUP(C22,Controle!A$16:H$23,8,FALSE)","=VLOOKUP(A22,Educacional!A$2:P$405,16,FALSE)","=VLOOKUP(A22,Demográfico!A$2:L$405,12,FALSE)","=VLOOKUP(A22,Socioeconômico!A$2:M$405,13,FALSE)",=(2*F22+G22+2*H22)/5/100,"=VLOOKUP(A22,Demográfico!A$2:E$400,5,FALSE)/(VLOOKUP(C22,Controle!A$2:G$9,7,FALSE))*D22","=VLOOKUP(A22,Demográfico!A$2:E$400,5,FALSE)/(VLOOKUP(C22,Controle!A$16:G$24,7,FALSE))*E22",=((J22*(1+I22))+3*(I22+K22))/4,1,"=VLOOKUP(A22,Demográfico!A$2:E$400,5,FALSE)*I22","=FLOOR(L22,1)",=L22-O22,"=RANK(P22,P$2:P$400,0)","=O22+IF(Q22<Q$1,1,0)",,"=VLOOKUP(A22,Demográfico!A$2:E$400,5,FALSE)*(I22)"
Cambé,107208,"=_xlfn.IFS(B23<20000, ""P1"",B23<40000, ""P2"",B23<70000, ""P3"",B23<100000, ""P4"",B23<200000,""M1"",B23<500000,""M2"",B23<1000000,""G1"",B23>1000000,""G2"")","=VLOOKUP(C23,Controle!A$2:H$9,8,FALSE)","=VLOOKUP(C23,Controle!A$16:H$23,8,FALSE)","=VLOOKUP(A23,Educacional!A$2:P$405,16,FALSE)","=VLOOKUP(A23,Demográfico!A$2:L$405,12,FALSE)","=VLOOKUP(A23,Socioeconômico!A$2:M$405,13,FALSE)",=(2*F23+G23+2*H23)/5/100,"=VLOOKUP(A23,Demográfico!A$2:E$400,5,FALSE)/(VLOOKUP(C23,Controle!A$2:G$9,7,FALSE))*D23","=VLOOKUP(A23,Demográfico!A$2:E$400,5,FALSE)/(VLOOKUP(C23,Controle!A$16:G$24,7,FALSE))*E23",=((J23*(1+I23))+3*(I23+K23))/4,1,"=VLOOKUP(A23,Demográfico!A$2:E$400,5,FALSE)*I23","=FLOOR(L23,1)",=L23-O23,"=RANK(P23,P$2:P$400,0)","=O23+IF(Q23<Q$1,1,0)",,"=VLOOKUP(A23,Demográfico!A$2:E$400,5,FALSE)*(I23)"
Campo Mourão,99432,"=_xlfn.IFS(B24<20000, ""P1"",B24<40000, ""P2"",B24<70000, ""P3"",B24<100000, ""P4"",B24<200000,""M1"",B24<500000,""M2"",B24<1000000,""G1"",B24>1000000,""G2"")","=VLOOKUP(C24,Controle!A$2:H$9,8,FALSE)","=VLOOKUP(C24,Controle!A$16:H$23,8,FALSE)","=VLOOKUP(A24,Educacional!A$2:P$405,16,FALSE)","=VLOOKUP(A24,Demográfico!A$2:L$405,12,FALSE)","=VLOOKUP(A24,Socioeconômico!A$2:M$405,13,FALSE)",=(2*F24+G24+2*H24)/5/100,"=VLOOKUP(A24,Demográfico!A$2:E$400,5,FALSE)/(VLOOKUP(C24,Controle!A$2:G$9,7,FALSE))*D24","=VLOOKUP(A24,Demográfico!A$2:E$400,5,FALSE)/(VLOOKUP(C24,Controle!A$16:G$24,7,FALSE))*E24",=((J24*(1+I24))+3*(I24+K24))/4,1,"=VLOOKUP(A24,Demográfico!A$2:E$400,5,FALSE)*I24","=FLOOR(L24,1)",=L24-O24,"=RANK(P24,P$2:P$400,0)","=O24+IF(Q24<Q$1,1,0)",,"=VLOOKUP(A24,Demográfico!A$2:E$400,5,FALSE)*(I24)"
Francisco Beltrão,96666,"=_xlfn.IFS(B25<20000, ""P1"",B25<40000, ""P2"",B25<70000, ""P3"",B25<100000, ""P4"",B25<200000,""M1"",B25<500000,""M2"",B25<1000000,""G1"",B25>1000000,""G2"")","=VLOOKUP(C25,Controle!A$2:H$9,8,FALSE)","=VLOOKUP(C25,Controle!A$16:H$23,8,FALSE)","=VLOOKUP(A25,Educacional!A$2:P$405,16,FALSE)","=VLOOKUP(A25,Demográfico!A$2:L$405,12,FALSE)","=VLOOKUP(A25,Socioeconômico!A$2:M$405,13,FALSE)",=(2*F25+G25+2*H25)/5/100,"=VLOOKUP(A25,Demográfico!A$2:E$400,5,FALSE)/(VLOOKUP(C25,Controle!A$2:G$9,7,FALSE))*D25","=VLOOKUP(A25,Demográfico!A$2:E$400,5,FALSE)/(VLOOKUP(C25,Controle!A$16:G$24,7,FALSE))*E25",=((J25*(1+I25))+3*(I25+K25))/4,1,"=VLOOKUP(A25,Demográfico!A$2:E$400,5,FALSE)*I25","=FLOOR(L25,1)",=L25-O25,"=RANK(P25,P$2:P$400,0)","=O25+IF(Q25<Q$1,1,0)",,"=VLOOKUP(A25,Demográfico!A$2:E$400,5,FALSE)*(I25)"
Paranavaí,92001,"=_xlfn.IFS(B26<20000, ""P1"",B26<40000, ""P2"",B26<70000, ""P3"",B26<100000, ""P4"",B26<200000,""M1"",B26<500000,""M2"",B26<1000000,""G1"",B26>1000000,""G2"")","=VLOOKUP(C26,Controle!A$2:H$9,8,FALSE)","=VLOOKUP(C26,Controle!A$16:H$23,8,FALSE)","=VLOOKUP(A26,Educacional!A$2:P$405,16,FALSE)","=VLOOKUP(A26,Demográfico!A$2:L$405,12,FALSE)","=VLOOKUP(A26,Socioeconômico!A$2:M$405,13,FALSE)",=(2*F26+G26+2*H26)/5/100,"=VLOOKUP(A26,Demográfico!A$2:E$400,5,FALSE)/(VLOOKUP(C26,Controle!A$2:G$9,7,FALSE))*D26","=VLOOKUP(A26,Demográfico!A$2:E$400,5,FALSE)/(VLOOKUP(C26,Controle!A$16:G$24,7,FALSE))*E26",=((J26*(1+I26))+3*(I26+K26))/4,1,"=VLOOKUP(A26,Demográfico!A$2:E$400,5,FALSE)*I26","=FLOOR(L26,1)",=L26-O26,"=RANK(P26,P$2:P$400,0)","=O26+IF(Q26<Q$1,1,0)",,"=VLOOKUP(A26,Demográfico!A$2:E$400,5,FALSE)*(I26)"
Pato Branco,91836,"=_xlfn.IFS(B27<20000, ""P1"",B27<40000, ""P2"",B27<70000, ""P3"",B27<100000, ""P4"",B27<200000,""M1"",B27<500000,""M2"",B27<1000000,""G1"",B27>1000000,""G2"")","=VLOOKUP(C27,Controle!A$2:H$9,8,FALSE)","=VLOOKUP(C27,Controle!A$16:H$23,8,FALSE)","=VLOOKUP(A27,Educacional!A$2:P$405,16,FALSE)","=VLOOKUP(A27,Demográfico!A$2:L$405,12,FALSE)","=VLOOKUP(A27,Socioeconômico!A$2:M$405,13,FALSE)",=(2*F27+G27+2*H27)/5/100,"=VLOOKUP(A27,Demográfico!A$2:E$400,5,FALSE)/(VLOOKUP(C27,Controle!A$2:G$9,7,FALSE))*D27","=VLOOKUP(A27,Demográfico!A$2:E$400,5,FALSE)/(VLOOKUP(C27,Controle!A$16:G$24,7,FALSE))*E27",=((J27*(1+I27))+3*(I27+K27))/4,1,"=VLOOKUP(A27,Demográfico!A$2:E$400,5,FALSE)*I27","=FLOOR(L27,1)",=L27-O27,"=RANK(P27,P$2:P$400,0)","=O27+IF(Q27<Q$1,1,0)",,"=VLOOKUP(A27,Demográfico!A$2:E$400,5,FALSE)*(I27)"
Cianorte,79527,"=_xlfn.IFS(B28<20000, ""P1"",B28<40000, ""P2"",B28<70000, ""P3"",B28<100000, ""P4"",B28<200000,""M1"",B28<500000,""M2"",B28<1000000,""G1"",B28>1000000,""G2"")","=VLOOKUP(C28,Controle!A$2:H$9,8,FALSE)","=VLOOKUP(C28,Controle!A$16:H$23,8,FALSE)","=VLOOKUP(A28,Educacional!A$2:P$405,16,FALSE)","=VLOOKUP(A28,Demográfico!A$2:L$405,12,FALSE)","=VLOOKUP(A28,Socioeconômico!A$2:M$405,13,FALSE)",=(2*F28+G28+2*H28)/5/100,"=VLOOKUP(A28,Demográfico!A$2:E$400,5,FALSE)/(VLOOKUP(C28,Controle!A$2:G$9,7,FALSE))*D28","=VLOOKUP(A28,Demográfico!A$2:E$400,5,FALSE)/(VLOOKUP(C28,Controle!A$16:G$24,7,FALSE))*E28",=((J28*(1+I28))+3*(I28+K28))/4,1,"=VLOOKUP(A28,Demográfico!A$2:E$400,5,FALSE)*I28","=FLOOR(L28,1)",=L28-O28,"=RANK(P28,P$2:P$400,0)","=O28+IF(Q28<Q$1,1,0)",,"=VLOOKUP(A28,Demográfico!A$2:E$400,5,FALSE)*(I28)"
Telêmaco Borba,75042,"=_xlfn.IFS(B29<20000, ""P1"",B29<40000, ""P2"",B29<70000, ""P3"",B29<100000, ""P4"",B29<200000,""M1"",B29<500000,""M2"",B29<1000000,""G1"",B29>1000000,""G2"")","=VLOOKUP(C29,Controle!A$2:H$9,8,FALSE)","=VLOOKUP(C29,Controle!A$16:H$23,8,FALSE)","=VLOOKUP(A29,Educacional!A$2:P$405,16,FALSE)","=VLOOKUP(A29,Demográfico!A$2:L$405,12,FALSE)","=VLOOKUP(A29,Socioeconômico!A$2:M$405,13,FALSE)",=(2*F29+G29+2*H29)/5/100,"=VLOOKUP(A29,Demográfico!A$2:E$400,5,FALSE)/(VLOOKUP(C29,Controle!A$2:G$9,7,FALSE))*D29","=VLOOKUP(A29,Demográfico!A$2:E$400,5,FALSE)/(VLOOKUP(C29,Controle!A$16:G$24,7,FALSE))*E29",=((J29*(1+I29))+3*(I29+K29))/4,1,"=VLOOKUP(A29,Demográfico!A$2:E$400,5,FALSE)*I29","=FLOOR(L29,1)",=L29-O29,"=RANK(P29,P$2:P$400,0)","=O29+IF(Q29<Q$1,1,0)",,"=VLOOKUP(A29,Demográfico!A$2:E$400,5,FALSE)*(I29)"
Castro,73075,"=_xlfn.IFS(B30<20000, ""P1"",B30<40000, ""P2"",B30<70000, ""P3"",B30<100000, ""P4"",B30<200000,""M1"",B30<500000,""M2"",B30<1000000,""G1"",B30>1000000,""G2"")","=VLOOKUP(C30,Controle!A$2:H$9,8,FALSE)","=VLOOKUP(C30,Controle!A$16:H$23,8,FALSE)","=VLOOKUP(A30,Educacional!A$2:P$405,16,FALSE)","=VLOOKUP(A30,Demográfico!A$2:L$405,12,FALSE)","=VLOOKUP(A30,Socioeconômico!A$2:M$405,13,FALSE)",=(2*F30+G30+2*H30)/5/100,"=VLOOKUP(A30,Demográfico!A$2:E$400,5,FALSE)/(VLOOKUP(C30,Controle!A$2:G$9,7,FALSE))*D30","=VLOOKUP(A30,Demográfico!A$2:E$400,5,FALSE)/(VLOOKUP(C30,Controle!A$16:G$24,7,FALSE))*E30",=((J30*(1+I30))+3*(I30+K30))/4,1,"=VLOOKUP(A30,Demográfico!A$2:E$400,5,FALSE)*I30","=FLOOR(L30,1)",=L30-O30,"=RANK(P30,P$2:P$400,0)","=O30+IF(Q30<Q$1,1,0)",,"=VLOOKUP(A30,Demográfico!A$2:E$400,5,FALSE)*(I30)"
Rolândia,71670,"=_xlfn.IFS(B31<20000, ""P1"",B31<40000, ""P2"",B31<70000, ""P3"",B31<100000, ""P4"",B31<200000,""M1"",B31<500000,""M2"",B31<1000000,""G1"",B31>1000000,""G2"")","=VLOOKUP(C31,Controle!A$2:H$9,8,FALSE)","=VLOOKUP(C31,Controle!A$16:H$23,8,FALSE)","=VLOOKUP(A31,Educacional!A$2:P$405,16,FALSE)","=VLOOKUP(A31,Demográfico!A$2:L$405,12,FALSE)","=VLOOKUP(A31,Socioeconômico!A$2:M$405,13,FALSE)",=(2*F31+G31+2*H31)/5/100,"=VLOOKUP(A31,Demográfico!A$2:E$400,5,FALSE)/(VLOOKUP(C31,Controle!A$2:G$9,7,FALSE))*D31","=VLOOKUP(A31,Demográfico!A$2:E$400,5,FALSE)/(VLOOKUP(C31,Controle!A$16:G$24,7,FALSE))*E31",=((J31*(1+I31))+3*(I31+K31))/4,1,"=VLOOKUP(A31,Demográfico!A$2:E$400,5,FALSE)*I31","=FLOOR(L31,1)",=L31-O31,"=RANK(P31,P$2:P$400,0)","=O31+IF(Q31<Q$1,1,0)",,"=VLOOKUP(A31,Demográfico!A$2:E$400,5,FALSE)*(I31)"
Irati,59250,"=_xlfn.IFS(B32<20000, ""P1"",B32<40000, ""P2"",B32<70000, ""P3"",B32<100000, ""P4"",B32<200000,""M1"",B32<500000,""M2"",B32<1000000,""G1"",B32>1000000,""G2"")","=VLOOKUP(C32,Controle!A$2:H$9,8,FALSE)","=VLOOKUP(C32,Controle!A$16:H$23,8,FALSE)","=VLOOKUP(A32,Educacional!A$2:P$405,16,FALSE)","=VLOOKUP(A32,Demográfico!A$2:L$405,12,FALSE)","=VLOOKUP(A32,Socioeconômico!A$2:M$405,13,FALSE)",=(2*F32+G32+2*H32)/5/100,"=VLOOKUP(A32,Demográfico!A$2:E$400,5,FALSE)/(VLOOKUP(C32,Controle!A$2:G$9,7,FALSE))*D32","=VLOOKUP(A32,Demográfico!A$2:E$400,5,FALSE)/(VLOOKUP(C32,Controle!A$16:G$24,7,FALSE))*E32",=((J32*(1+I32))+3*(I32+K32))/4,1,"=VLOOKUP(A32,Demográfico!A$2:E$400,5,FALSE)*I32","=FLOOR(L32,1)",=L32-O32,"=RANK(P32,P$2:P$400,0)","=O32+IF(Q32<Q$1,1,0)",,"=VLOOKUP(A32,Demográfico!A$2:E$400,5,FALSE)*(I32)"
Marechal Cândido Rondon,55836,"=_xlfn.IFS(B33<20000, ""P1"",B33<40000, ""P2"",B33<70000, ""P3"",B33<100000, ""P4"",B33<200000,""M1"",B33<500000,""M2"",B33<1000000,""G1"",B33>1000000,""G2"")","=VLOOKUP(C33,Controle!A$2:H$9,8,FALSE)","=VLOOKUP(C33,Controle!A$16:H$23,8,FALSE)","=VLOOKUP(A33,Educacional!A$2:P$405,16,FALSE)","=VLOOKUP(A33,Demográfico!A$2:L$405,12,FALSE)","=VLOOKUP(A33,Socioeconômico!A$2:M$405,13,FALSE)",=(2*F33+G33+2*H33)/5/100,"=VLOOKUP(A33,Demográfico!A$2:E$400,5,FALSE)/(VLOOKUP(C33,Controle!A$2:G$9,7,FALSE))*D33","=VLOOKUP(A33,Demográfico!A$2:E$400,5,FALSE)/(VLOOKUP(C33,Controle!A$16:G$24,7,FALSE))*E33",=((J33*(1+I33))+3*(I33+K33))/4,1,"=VLOOKUP(A33,Demográfico!A$2:E$400,5,FALSE)*I33","=FLOOR(L33,1)",=L33-O33,"=RANK(P33,P$2:P$400,0)","=O33+IF(Q33<Q$1,1,0)",,"=VLOOKUP(A33,Demográfico!A$2:E$400,5,FALSE)*(I33)"
União da Vitória,55033,"=_xlfn.IFS(B34<20000, ""P1"",B34<40000, ""P2"",B34<70000, ""P3"",B34<100000, ""P4"",B34<200000,""M1"",B34<500000,""M2"",B34<1000000,""G1"",B34>1000000,""G2"")","=VLOOKUP(C34,Controle!A$2:H$9,8,FALSE)","=VLOOKUP(C34,Controle!A$16:H$23,8,FALSE)","=VLOOKUP(A34,Educacional!A$2:P$405,16,FALSE)","=VLOOKUP(A34,Demográfico!A$2:L$405,12,FALSE)","=VLOOKUP(A34,Socioeconômico!A$2:M$405,13,FALSE)",=(2*F34+G34+2*H34)/5/100,"=VLOOKUP(A34,Demográfico!A$2:E$400,5,FALSE)/(VLOOKUP(C34,Controle!A$2:G$9,7,FALSE))*D34","=VLOOKUP(A34,Demográfico!A$2:E$400,5,FALSE)/(VLOOKUP(C34,Controle!A$16:G$24,7,FALSE))*E34",=((J34*(1+I34))+3*(I34+K34))/4,1,"=VLOOKUP(A34,Demográfico!A$2:E$400,5,FALSE)*I34","=FLOOR(L34,1)",=L34-O34,"=RANK(P34,P$2:P$400,0)","=O34+IF(Q34<Q$1,1,0)",,"=VLOOKUP(A34,Demográfico!A$2:E$400,5,FALSE)*(I34)"
Medianeira,54369,"=_xlfn.IFS(B35<20000, ""P1"",B35<40000, ""P2"",B35<70000, ""P3"",B35<100000, ""P4"",B35<200000,""M1"",B35<500000,""M2"",B35<1000000,""G1"",B35>1000000,""G2"")","=VLOOKUP(C35,Controle!A$2:H$9,8,FALSE)","=VLOOKUP(C35,Controle!A$16:H$23,8,FALSE)","=VLOOKUP(A35,Educacional!A$2:P$405,16,FALSE)","=VLOOKUP(A35,Demográfico!A$2:L$405,12,FALSE)","=VLOOKUP(A35,Socioeconômico!A$2:M$405,13,FALSE)",=(2*F35+G35+2*H35)/5/100,"=VLOOKUP(A35,Demográfico!A$2:E$400,5,FALSE)/(VLOOKUP(C35,Controle!A$2:G$9,7,FALSE))*D35","=VLOOKUP(A35,Demográfico!A$2:E$400,5,FALSE)/(VLOOKUP(C35,Controle!A$16:G$24,7,FALSE))*E35",=((J35*(1+I35))+3*(I35+K35))/4,1,"=VLOOKUP(A35,Demográfico!A$2:E$400,5,FALSE)*I35","=FLOOR(L35,1)",=L35-O35,"=RANK(P35,P$2:P$400,0)","=O35+IF(Q35<Q$1,1,0)",,"=VLOOKUP(A35,Demográfico!A$2:E$400,5,FALSE)*(I35)"
Ibiporã,51603,"=_xlfn.IFS(B36<20000, ""P1"",B36<40000, ""P2"",B36<70000, ""P3"",B36<100000, ""P4"",B36<200000,""M1"",B36<500000,""M2"",B36<1000000,""G1"",B36>1000000,""G2"")","=VLOOKUP(C36,Controle!A$2:H$9,8,FALSE)","=VLOOKUP(C36,Controle!A$16:H$23,8,FALSE)","=VLOOKUP(A36,Educacional!A$2:P$405,16,FALSE)","=VLOOKUP(A36,Demográfico!A$2:L$405,12,FALSE)","=VLOOKUP(A36,Socioeconômico!A$2:M$405,13,FALSE)",=(2*F36+G36+2*H36)/5/100,"=VLOOKUP(A36,Demográfico!A$2:E$400,5,FALSE)/(VLOOKUP(C36,Controle!A$2:G$9,7,FALSE))*D36","=VLOOKUP(A36,Demográfico!A$2:E$400,5,FALSE)/(VLOOKUP(C36,Controle!A$16:G$24,7,FALSE))*E36",=((J36*(1+I36))+3*(I36+K36))/4,1,"=VLOOKUP(A36,Demográfico!A$2:E$400,5,FALSE)*I36","=FLOOR(L36,1)",=L36-O36,"=RANK(P36,P$2:P$400,0)","=O36+IF(Q36<Q$1,1,0)",,"=VLOOKUP(A36,Demográfico!A$2:E$400,5,FALSE)*(I36)"
Prudentópolis,49393,"=_xlfn.IFS(B37<20000, ""P1"",B37<40000, ""P2"",B37<70000, ""P3"",B37<100000, ""P4"",B37<200000,""M1"",B37<500000,""M2"",B37<1000000,""G1"",B37>1000000,""G2"")","=VLOOKUP(C37,Controle!A$2:H$9,8,FALSE)","=VLOOKUP(C37,Controle!A$16:H$23,8,FALSE)","=VLOOKUP(A37,Educacional!A$2:P$405,16,FALSE)","=VLOOKUP(A37,Demográfico!A$2:L$405,12,FALSE)","=VLOOKUP(A37,Socioeconômico!A$2:M$405,13,FALSE)",=(2*F37+G37+2*H37)/5/100,"=VLOOKUP(A37,Demográfico!A$2:E$400,5,FALSE)/(VLOOKUP(C37,Controle!A$2:G$9,7,FALSE))*D37","=VLOOKUP(A37,Demográfico!A$2:E$400,5,FALSE)/(VLOOKUP(C37,Controle!A$16:G$24,7,FALSE))*E37",=((J37*(1+I37))+3*(I37+K37))/4,1,"=VLOOKUP(A37,Demográfico!A$2:E$400,5,FALSE)*I37","=FLOOR(L37,1)",=L37-O37,"=RANK(P37,P$2:P$400,0)","=O37+IF(Q37<Q$1,1,0)",,"=VLOOKUP(A37,Demográfico!A$2:E$400,5,FALSE)*(I37)"
Palmas,48247,"=_xlfn.IFS(B38<20000, ""P1"",B38<40000, ""P2"",B38<70000, ""P3"",B38<100000, ""P4"",B38<200000,""M1"",B38<500000,""M2"",B38<1000000,""G1"",B38>1000000,""G2"")","=VLOOKUP(C38,Controle!A$2:H$9,8,FALSE)","=VLOOKUP(C38,Controle!A$16:H$23,8,FALSE)","=VLOOKUP(A38,Educacional!A$2:P$405,16,FALSE)","=VLOOKUP(A38,Demográfico!A$2:L$405,12,FALSE)","=VLOOKUP(A38,Socioeconômico!A$2:M$405,13,FALSE)",=(2*F38+G38+2*H38)/5/100,"=VLOOKUP(A38,Demográfico!A$2:E$400,5,FALSE)/(VLOOKUP(C38,Controle!A$2:G$9,7,FALSE))*D38","=VLOOKUP(A38,Demográfico!A$2:E$400,5,FALSE)/(VLOOKUP(C38,Controle!A$16:G$24,7,FALSE))*E38",=((J38*(1+I38))+3*(I38+K38))/4,1,"=VLOOKUP(A38,Demográfico!A$2:E$400,5,FALSE)*I38","=FLOOR(L38,1)",=L38-O38,"=RANK(P38,P$2:P$400,0)","=O38+IF(Q38<Q$1,1,0)",,"=VLOOKUP(A38,Demográfico!A$2:E$400,5,FALSE)*(I38)"
Campina Grande do Sul,47825,"=_xlfn.IFS(B39<20000, ""P1"",B39<40000, ""P2"",B39<70000, ""P3"",B39<100000, ""P4"",B39<200000,""M1"",B39<500000,""M2"",B39<1000000,""G1"",B39>1000000,""G2"")","=VLOOKUP(C39,Controle!A$2:H$9,8,FALSE)","=VLOOKUP(C39,Controle!A$16:H$23,8,FALSE)","=VLOOKUP(A39,Educacional!A$2:P$405,16,FALSE)","=VLOOKUP(A39,Demográfico!A$2:L$405,12,FALSE)","=VLOOKUP(A39,Socioeconômico!A$2:M$405,13,FALSE)",=(2*F39+G39+2*H39)/5/100,"=VLOOKUP(A39,Demográfico!A$2:E$400,5,FALSE)/(VLOOKUP(C39,Controle!A$2:G$9,7,FALSE))*D39","=VLOOKUP(A39,Demográfico!A$2:E$400,5,FALSE)/(VLOOKUP(C39,Controle!A$16:G$24,7,FALSE))*E39",=((J39*(1+I39))+3*(I39+K39))/4,1,"=VLOOKUP(A39,Demográfico!A$2:E$400,5,FALSE)*I39","=FLOOR(L39,1)",=L39-O39,"=RANK(P39,P$2:P$400,0)","=O39+IF(Q39<Q$1,1,0)",,"=VLOOKUP(A39,Demográfico!A$2:E$400,5,FALSE)*(I39)"
Paiçandu,45962,"=_xlfn.IFS(B40<20000, ""P1"",B40<40000, ""P2"",B40<70000, ""P3"",B40<100000, ""P4"",B40<200000,""M1"",B40<500000,""M2"",B40<1000000,""G1"",B40>1000000,""G2"")","=VLOOKUP(C40,Controle!A$2:H$9,8,FALSE)","=VLOOKUP(C40,Controle!A$16:H$23,8,FALSE)","=VLOOKUP(A40,Educacional!A$2:P$405,16,FALSE)","=VLOOKUP(A40,Demográfico!A$2:L$405,12,FALSE)","=VLOOKUP(A40,Socioeconômico!A$2:M$405,13,FALSE)",=(2*F40+G40+2*H40)/5/100,"=VLOOKUP(A40,Demográfico!A$2:E$400,5,FALSE)/(VLOOKUP(C40,Controle!A$2:G$9,7,FALSE))*D40","=VLOOKUP(A40,Demográfico!A$2:E$400,5,FALSE)/(VLOOKUP(C40,Controle!A$16:G$24,7,FALSE))*E40",=((J40*(1+I40))+3*(I40+K40))/4,1,"=VLOOKUP(A40,Demográfico!A$2:E$400,5,FALSE)*I40","=FLOOR(L40,1)",=L40-O40,"=RANK(P40,P$2:P$400,0)","=O40+IF(Q40<Q$1,1,0)",,"=VLOOKUP(A40,Demográfico!A$2:E$400,5,FALSE)*(I40)"
Cornélio Procópio,45206,"=_xlfn.IFS(B41<20000, ""P1"",B41<40000, ""P2"",B41<70000, ""P3"",B41<100000, ""P4"",B41<200000,""M1"",B41<500000,""M2"",B41<1000000,""G1"",B41>1000000,""G2"")","=VLOOKUP(C41,Controle!A$2:H$9,8,FALSE)","=VLOOKUP(C41,Controle!A$16:H$23,8,FALSE)","=VLOOKUP(A41,Educacional!A$2:P$405,16,FALSE)","=VLOOKUP(A41,Demográfico!A$2:L$405,12,FALSE)","=VLOOKUP(A41,Socioeconômico!A$2:M$405,13,FALSE)",=(2*F41+G41+2*H41)/5/100,"=VLOOKUP(A41,Demográfico!A$2:E$400,5,FALSE)/(VLOOKUP(C41,Controle!A$2:G$9,7,FALSE))*D41","=VLOOKUP(A41,Demográfico!A$2:E$400,5,FALSE)/(VLOOKUP(C41,Controle!A$16:G$24,7,FALSE))*E41",=((J41*(1+I41))+3*(I41+K41))/4,1,"=VLOOKUP(A41,Demográfico!A$2:E$400,5,FALSE)*I41","=FLOOR(L41,1)",=L41-O41,"=RANK(P41,P$2:P$400,0)","=O41+IF(Q41<Q$1,1,0)",,"=VLOOKUP(A41,Demográfico!A$2:E$400,5,FALSE)*(I41)"
Lapa,45003,"=_xlfn.IFS(B42<20000, ""P1"",B42<40000, ""P2"",B42<70000, ""P3"",B42<100000, ""P4"",B42<200000,""M1"",B42<500000,""M2"",B42<1000000,""G1"",B42>1000000,""G2"")","=VLOOKUP(C42,Controle!A$2:H$9,8,FALSE)","=VLOOKUP(C42,Controle!A$16:H$23,8,FALSE)","=VLOOKUP(A42,Educacional!A$2:P$405,16,FALSE)","=VLOOKUP(A42,Demográfico!A$2:L$405,12,FALSE)","=VLOOKUP(A42,Socioeconômico!A$2:M$405,13,FALSE)",=(2*F42+G42+2*H42)/5/100,"=VLOOKUP(A42,Demográfico!A$2:E$400,5,FALSE)/(VLOOKUP(C42,Controle!A$2:G$9,7,FALSE))*D42","=VLOOKUP(A42,Demográfico!A$2:E$400,5,FALSE)/(VLOOKUP(C42,Controle!A$16:G$24,7,FALSE))*E42",=((J42*(1+I42))+3*(I42+K42))/4,1,"=VLOOKUP(A42,Demográfico!A$2:E$400,5,FALSE)*I42","=FLOOR(L42,1)",=L42-O42,"=RANK(P42,P$2:P$400,0)","=O42+IF(Q42<Q$1,1,0)",,"=VLOOKUP(A42,Demográfico!A$2:E$400,5,FALSE)*(I42)"
Dois Vizinhos,44869,"=_xlfn.IFS(B43<20000, ""P1"",B43<40000, ""P2"",B43<70000, ""P3"",B43<100000, ""P4"",B43<200000,""M1"",B43<500000,""M2"",B43<1000000,""G1"",B43>1000000,""G2"")","=VLOOKUP(C43,Controle!A$2:H$9,8,FALSE)","=VLOOKUP(C43,Controle!A$16:H$23,8,FALSE)","=VLOOKUP(A43,Educacional!A$2:P$405,16,FALSE)","=VLOOKUP(A43,Demográfico!A$2:L$405,12,FALSE)","=VLOOKUP(A43,Socioeconômico!A$2:M$405,13,FALSE)",=(2*F43+G43+2*H43)/5/100,"=VLOOKUP(A43,Demográfico!A$2:E$400,5,FALSE)/(VLOOKUP(C43,Controle!A$2:G$9,7,FALSE))*D43","=VLOOKUP(A43,Demográfico!A$2:E$400,5,FALSE)/(VLOOKUP(C43,Controle!A$16:G$24,7,FALSE))*E43",=((J43*(1+I43))+3*(I43+K43))/4,1,"=VLOOKUP(A43,Demográfico!A$2:E$400,5,FALSE)*I43","=FLOOR(L43,1)",=L43-O43,"=RANK(P43,P$2:P$400,0)","=O43+IF(Q43<Q$1,1,0)",,"=VLOOKUP(A43,Demográfico!A$2:E$400,5,FALSE)*(I43)"
Santo Antônio da Platina,44369,"=_xlfn.IFS(B44<20000, ""P1"",B44<40000, ""P2"",B44<70000, ""P3"",B44<100000, ""P4"",B44<200000,""M1"",B44<500000,""M2"",B44<1000000,""G1"",B44>1000000,""G2"")","=VLOOKUP(C44,Controle!A$2:H$9,8,FALSE)","=VLOOKUP(C44,Controle!A$16:H$23,8,FALSE)","=VLOOKUP(A44,Educacional!A$2:P$405,16,FALSE)","=VLOOKUP(A44,Demográfico!A$2:L$405,12,FALSE)","=VLOOKUP(A44,Socioeconômico!A$2:M$405,13,FALSE)",=(2*F44+G44+2*H44)/5/100,"=VLOOKUP(A44,Demográfico!A$2:E$400,5,FALSE)/(VLOOKUP(C44,Controle!A$2:G$9,7,FALSE))*D44","=VLOOKUP(A44,Demográfico!A$2:E$400,5,FALSE)/(VLOOKUP(C44,Controle!A$16:G$24,7,FALSE))*E44",=((J44*(1+I44))+3*(I44+K44))/4,1,"=VLOOKUP(A44,Demográfico!A$2:E$400,5,FALSE)*I44","=FLOOR(L44,1)",=L44-O44,"=RANK(P44,P$2:P$400,0)","=O44+IF(Q44<Q$1,1,0)",,"=VLOOKUP(A44,Demográfico!A$2:E$400,5,FALSE)*(I44)"
São Mateus do Sul,42366,"=_xlfn.IFS(B45<20000, ""P1"",B45<40000, ""P2"",B45<70000, ""P3"",B45<100000, ""P4"",B45<200000,""M1"",B45<500000,""M2"",B45<1000000,""G1"",B45>1000000,""G2"")","=VLOOKUP(C45,Controle!A$2:H$9,8,FALSE)","=VLOOKUP(C45,Controle!A$16:H$23,8,FALSE)","=VLOOKUP(A45,Educacional!A$2:P$405,16,FALSE)","=VLOOKUP(A45,Demográfico!A$2:L$405,12,FALSE)","=VLOOKUP(A45,Socioeconômico!A$2:M$405,13,FALSE)",=(2*F45+G45+2*H45)/5/100,"=VLOOKUP(A45,Demográfico!A$2:E$400,5,FALSE)/(VLOOKUP(C45,Controle!A$2:G$9,7,FALSE))*D45","=VLOOKUP(A45,Demográfico!A$2:E$400,5,FALSE)/(VLOOKUP(C45,Controle!A$16:G$24,7,FALSE))*E45",=((J45*(1+I45))+3*(I45+K45))/4,1,"=VLOOKUP(A45,Demográfico!A$2:E$400,5,FALSE)*I45","=FLOOR(L45,1)",=L45-O45,"=RANK(P45,P$2:P$400,0)","=O45+IF(Q45<Q$1,1,0)",,"=VLOOKUP(A45,Demográfico!A$2:E$400,5,FALSE)*(I45)"
Guaratuba,42062,"=_xlfn.IFS(B46<20000, ""P1"",B46<40000, ""P2"",B46<70000, ""P3"",B46<100000, ""P4"",B46<200000,""M1"",B46<500000,""M2"",B46<1000000,""G1"",B46>1000000,""G2"")","=VLOOKUP(C46,Controle!A$2:H$9,8,FALSE)","=VLOOKUP(C46,Controle!A$16:H$23,8,FALSE)","=VLOOKUP(A46,Educacional!A$2:P$405,16,FALSE)","=VLOOKUP(A46,Demográfico!A$2:L$405,12,FALSE)","=VLOOKUP(A46,Socioeconômico!A$2:M$405,13,FALSE)",=(2*F46+G46+2*H46)/5/100,"=VLOOKUP(A46,Demográfico!A$2:E$400,5,FALSE)/(VLOOKUP(C46,Controle!A$2:G$9,7,FALSE))*D46","=VLOOKUP(A46,Demográfico!A$2:E$400,5,FALSE)/(VLOOKUP(C46,Controle!A$16:G$24,7,FALSE))*E46",=((J46*(1+I46))+3*(I46+K46))/4,1,"=VLOOKUP(A46,Demográfico!A$2:E$400,5,FALSE)*I46","=FLOOR(L46,1)",=L46-O46,"=RANK(P46,P$2:P$400,0)","=O46+IF(Q46<Q$1,1,0)",,"=VLOOKUP(A46,Demográfico!A$2:E$400,5,FALSE)*(I46)"
Marialva,41851,"=_xlfn.IFS(B47<20000, ""P1"",B47<40000, ""P2"",B47<70000, ""P3"",B47<100000, ""P4"",B47<200000,""M1"",B47<500000,""M2"",B47<1000000,""G1"",B47>1000000,""G2"")","=VLOOKUP(C47,Controle!A$2:H$9,8,FALSE)","=VLOOKUP(C47,Controle!A$16:H$23,8,FALSE)","=VLOOKUP(A47,Educacional!A$2:P$405,16,FALSE)","=VLOOKUP(A47,Demográfico!A$2:L$405,12,FALSE)","=VLOOKUP(A47,Socioeconômico!A$2:M$405,13,FALSE)",=(2*F47+G47+2*H47)/5/100,"=VLOOKUP(A47,Demográfico!A$2:E$400,5,FALSE)/(VLOOKUP(C47,Controle!A$2:G$9,7,FALSE))*D47","=VLOOKUP(A47,Demográfico!A$2:E$400,5,FALSE)/(VLOOKUP(C47,Controle!A$16:G$24,7,FALSE))*E47",=((J47*(1+I47))+3*(I47+K47))/4,1,"=VLOOKUP(A47,Demográfico!A$2:E$400,5,FALSE)*I47","=FLOOR(L47,1)",=L47-O47,"=RANK(P47,P$2:P$400,0)","=O47+IF(Q47<Q$1,1,0)",,"=VLOOKUP(A47,Demográfico!A$2:E$400,5,FALSE)*(I47)"
Jacarezinho,40375,"=_xlfn.IFS(B48<20000, ""P1"",B48<40000, ""P2"",B48<70000, ""P3"",B48<100000, ""P4"",B48<200000,""M1"",B48<500000,""M2"",B48<1000000,""G1"",B48>1000000,""G2"")","=VLOOKUP(C48,Controle!A$2:H$9,8,FALSE)","=VLOOKUP(C48,Controle!A$16:H$23,8,FALSE)","=VLOOKUP(A48,Educacional!A$2:P$405,16,FALSE)","=VLOOKUP(A48,Demográfico!A$2:L$405,12,FALSE)","=VLOOKUP(A48,Socioeconômico!A$2:M$405,13,FALSE)",=(2*F48+G48+2*H48)/5/100,"=VLOOKUP(A48,Demográfico!A$2:E$400,5,FALSE)/(VLOOKUP(C48,Controle!A$2:G$9,7,FALSE))*D48","=VLOOKUP(A48,Demográfico!A$2:E$400,5,FALSE)/(VLOOKUP(C48,Controle!A$16:G$24,7,FALSE))*E48",=((J48*(1+I48))+3*(I48+K48))/4,1,"=VLOOKUP(A48,Demográfico!A$2:E$400,5,FALSE)*I48","=FLOOR(L48,1)",=L48-O48,"=RANK(P48,P$2:P$400,0)","=O48+IF(Q48<Q$1,1,0)",,"=VLOOKUP(A48,Demográfico!A$2:E$400,5,FALSE)*(I48)"
Matinhos,39259,"=_xlfn.IFS(B49<20000, ""P1"",B49<40000, ""P2"",B49<70000, ""P3"",B49<100000, ""P4"",B49<200000,""M1"",B49<500000,""M2"",B49<1000000,""G1"",B49>1000000,""G2"")","=VLOOKUP(C49,Controle!A$2:H$9,8,FALSE)","=VLOOKUP(C49,Controle!A$16:H$23,8,FALSE)","=VLOOKUP(A49,Educacional!A$2:P$405,16,FALSE)","=VLOOKUP(A49,Demográfico!A$2:L$405,12,FALSE)","=VLOOKUP(A49,Socioeconômico!A$2:M$405,13,FALSE)",=(2*F49+G49+2*H49)/5/100,"=VLOOKUP(A49,Demográfico!A$2:E$400,5,FALSE)/(VLOOKUP(C49,Controle!A$2:G$9,7,FALSE))*D49","=VLOOKUP(A49,Demográfico!A$2:E$400,5,FALSE)/(VLOOKUP(C49,Controle!A$16:G$24,7,FALSE))*E49",=((J49*(1+I49))+3*(I49+K49))/4,1,"=VLOOKUP(A49,Demográfico!A$2:E$400,5,FALSE)*I49","=FLOOR(L49,1)",=L49-O49,"=RANK(P49,P$2:P$400,0)","=O49+IF(Q49<Q$1,1,0)",,"=VLOOKUP(A49,Demográfico!A$2:E$400,5,FALSE)*(I49)"
Rio Branco do Sul,37558,"=_xlfn.IFS(B50<20000, ""P1"",B50<40000, ""P2"",B50<70000, ""P3"",B50<100000, ""P4"",B50<200000,""M1"",B50<500000,""M2"",B50<1000000,""G1"",B50>1000000,""G2"")","=VLOOKUP(C50,Controle!A$2:H$9,8,FALSE)","=VLOOKUP(C50,Controle!A$16:H$23,8,FALSE)","=VLOOKUP(A50,Educacional!A$2:P$405,16,FALSE)","=VLOOKUP(A50,Demográfico!A$2:L$405,12,FALSE)","=VLOOKUP(A50,Socioeconômico!A$2:M$405,13,FALSE)",=(2*F50+G50+2*H50)/5/100,"=VLOOKUP(A50,Demográfico!A$2:E$400,5,FALSE)/(VLOOKUP(C50,Controle!A$2:G$9,7,FALSE))*D50","=VLOOKUP(A50,Demográfico!A$2:E$400,5,FALSE)/(VLOOKUP(C50,Controle!A$16:G$24,7,FALSE))*E50",=((J50*(1+I50))+3*(I50+K50))/4,1,"=VLOOKUP(A50,Demográfico!A$2:E$400,5,FALSE)*I50","=FLOOR(L50,1)",=L50-O50,"=RANK(P50,P$2:P$400,0)","=O50+IF(Q50<Q$1,1,0)",,"=VLOOKUP(A50,Demográfico!A$2:E$400,5,FALSE)*(I50)"
Assis Chateaubriand,36808,"=_xlfn.IFS(B51<20000, ""P1"",B51<40000, ""P2"",B51<70000, ""P3"",B51<100000, ""P4"",B51<200000,""M1"",B51<500000,""M2"",B51<1000000,""G1"",B51>1000000,""G2"")","=VLOOKUP(C51,Controle!A$2:H$9,8,FALSE)","=VLOOKUP(C51,Controle!A$16:H$23,8,FALSE)","=VLOOKUP(A51,Educacional!A$2:P$405,16,FALSE)","=VLOOKUP(A51,Demográfico!A$2:L$405,12,FALSE)","=VLOOKUP(A51,Socioeconômico!A$2:M$405,13,FALSE)",=(2*F51+G51+2*H51)/5/100,"=VLOOKUP(A51,Demográfico!A$2:E$400,5,FALSE)/(VLOOKUP(C51,Controle!A$2:G$9,7,FALSE))*D51","=VLOOKUP(A51,Demográfico!A$2:E$400,5,FALSE)/(VLOOKUP(C51,Controle!A$16:G$24,7,FALSE))*E51",=((J51*(1+I51))+3*(I51+K51))/4,1,"=VLOOKUP(A51,Demográfico!A$2:E$400,5,FALSE)*I51","=FLOOR(L51,1)",=L51-O51,"=RANK(P51,P$2:P$400,0)","=O51+IF(Q51<Q$1,1,0)",,"=VLOOKUP(A51,Demográfico!A$2:E$400,5,FALSE)*(I51)"
Mandaguari,36716,"=_xlfn.IFS(B52<20000, ""P1"",B52<40000, ""P2"",B52<70000, ""P3"",B52<100000, ""P4"",B52<200000,""M1"",B52<500000,""M2"",B52<1000000,""G1"",B52>1000000,""G2"")","=VLOOKUP(C52,Controle!A$2:H$9,8,FALSE)","=VLOOKUP(C52,Controle!A$16:H$23,8,FALSE)","=VLOOKUP(A52,Educacional!A$2:P$405,16,FALSE)","=VLOOKUP(A52,Demográfico!A$2:L$405,12,FALSE)","=VLOOKUP(A52,Socioeconômico!A$2:M$405,13,FALSE)",=(2*F52+G52+2*H52)/5/100,"=VLOOKUP(A52,Demográfico!A$2:E$400,5,FALSE)/(VLOOKUP(C52,Controle!A$2:G$9,7,FALSE))*D52","=VLOOKUP(A52,Demográfico!A$2:E$400,5,FALSE)/(VLOOKUP(C52,Controle!A$16:G$24,7,FALSE))*E52",=((J52*(1+I52))+3*(I52+K52))/4,1,"=VLOOKUP(A52,Demográfico!A$2:E$400,5,FALSE)*I52","=FLOOR(L52,1)",=L52-O52,"=RANK(P52,P$2:P$400,0)","=O52+IF(Q52<Q$1,1,0)",,"=VLOOKUP(A52,Demográfico!A$2:E$400,5,FALSE)*(I52)"
Jaguariaíva,35141,"=_xlfn.IFS(B53<20000, ""P1"",B53<40000, ""P2"",B53<70000, ""P3"",B53<100000, ""P4"",B53<200000,""M1"",B53<500000,""M2"",B53<1000000,""G1"",B53>1000000,""G2"")","=VLOOKUP(C53,Controle!A$2:H$9,8,FALSE)","=VLOOKUP(C53,Controle!A$16:H$23,8,FALSE)","=VLOOKUP(A53,Educacional!A$2:P$405,16,FALSE)","=VLOOKUP(A53,Demográfico!A$2:L$405,12,FALSE)","=VLOOKUP(A53,Socioeconômico!A$2:M$405,13,FALSE)",=(2*F53+G53+2*H53)/5/100,"=VLOOKUP(A53,Demográfico!A$2:E$400,5,FALSE)/(VLOOKUP(C53,Controle!A$2:G$9,7,FALSE))*D53","=VLOOKUP(A53,Demográfico!A$2:E$400,5,FALSE)/(VLOOKUP(C53,Controle!A$16:G$24,7,FALSE))*E53",=((J53*(1+I53))+3*(I53+K53))/4,1,"=VLOOKUP(A53,Demográfico!A$2:E$400,5,FALSE)*I53","=FLOOR(L53,1)",=L53-O53,"=RANK(P53,P$2:P$400,0)","=O53+IF(Q53<Q$1,1,0)",,"=VLOOKUP(A53,Demográfico!A$2:E$400,5,FALSE)*(I53)"
Palotina,35011,"=_xlfn.IFS(B54<20000, ""P1"",B54<40000, ""P2"",B54<70000, ""P3"",B54<100000, ""P4"",B54<200000,""M1"",B54<500000,""M2"",B54<1000000,""G1"",B54>1000000,""G2"")","=VLOOKUP(C54,Controle!A$2:H$9,8,FALSE)","=VLOOKUP(C54,Controle!A$16:H$23,8,FALSE)","=VLOOKUP(A54,Educacional!A$2:P$405,16,FALSE)","=VLOOKUP(A54,Demográfico!A$2:L$405,12,FALSE)","=VLOOKUP(A54,Socioeconômico!A$2:M$405,13,FALSE)",=(2*F54+G54+2*H54)/5/100,"=VLOOKUP(A54,Demográfico!A$2:E$400,5,FALSE)/(VLOOKUP(C54,Controle!A$2:G$9,7,FALSE))*D54","=VLOOKUP(A54,Demográfico!A$2:E$400,5,FALSE)/(VLOOKUP(C54,Controle!A$16:G$24,7,FALSE))*E54",=((J54*(1+I54))+3*(I54+K54))/4,1,"=VLOOKUP(A54,Demográfico!A$2:E$400,5,FALSE)*I54","=FLOOR(L54,1)",=L54-O54,"=RANK(P54,P$2:P$400,0)","=O54+IF(Q54<Q$1,1,0)",,"=VLOOKUP(A54,Demográfico!A$2:E$400,5,FALSE)*(I54)"
Palmeira,33855,"=_xlfn.IFS(B55<20000, ""P1"",B55<40000, ""P2"",B55<70000, ""P3"",B55<100000, ""P4"",B55<200000,""M1"",B55<500000,""M2"",B55<1000000,""G1"",B55>1000000,""G2"")","=VLOOKUP(C55,Controle!A$2:H$9,8,FALSE)","=VLOOKUP(C55,Controle!A$16:H$23,8,FALSE)","=VLOOKUP(A55,Educacional!A$2:P$405,16,FALSE)","=VLOOKUP(A55,Demográfico!A$2:L$405,12,FALSE)","=VLOOKUP(A55,Socioeconômico!A$2:M$405,13,FALSE)",=(2*F55+G55+2*H55)/5/100,"=VLOOKUP(A55,Demográfico!A$2:E$400,5,FALSE)/(VLOOKUP(C55,Controle!A$2:G$9,7,FALSE))*D55","=VLOOKUP(A55,Demográfico!A$2:E$400,5,FALSE)/(VLOOKUP(C55,Controle!A$16:G$24,7,FALSE))*E55",=((J55*(1+I55))+3*(I55+K55))/4,1,"=VLOOKUP(A55,Demográfico!A$2:E$400,5,FALSE)*I55","=FLOOR(L55,1)",=L55-O55,"=RANK(P55,P$2:P$400,0)","=O55+IF(Q55<Q$1,1,0)",,"=VLOOKUP(A55,Demográfico!A$2:E$400,5,FALSE)*(I55)"
Pitanga,33567,"=_xlfn.IFS(B56<20000, ""P1"",B56<40000, ""P2"",B56<70000, ""P3"",B56<100000, ""P4"",B56<200000,""M1"",B56<500000,""M2"",B56<1000000,""G1"",B56>1000000,""G2"")","=VLOOKUP(C56,Controle!A$2:H$9,8,FALSE)","=VLOOKUP(C56,Controle!A$16:H$23,8,FALSE)","=VLOOKUP(A56,Educacional!A$2:P$405,16,FALSE)","=VLOOKUP(A56,Demográfico!A$2:L$405,12,FALSE)","=VLOOKUP(A56,Socioeconômico!A$2:M$405,13,FALSE)",=(2*F56+G56+2*H56)/5/100,"=VLOOKUP(A56,Demográfico!A$2:E$400,5,FALSE)/(VLOOKUP(C56,Controle!A$2:G$9,7,FALSE))*D56","=VLOOKUP(A56,Demográfico!A$2:E$400,5,FALSE)/(VLOOKUP(C56,Controle!A$16:G$24,7,FALSE))*E56",=((J56*(1+I56))+3*(I56+K56))/4,1,"=VLOOKUP(A56,Demográfico!A$2:E$400,5,FALSE)*I56","=FLOOR(L56,1)",=L56-O56,"=RANK(P56,P$2:P$400,0)","=O56+IF(Q56<Q$1,1,0)",,"=VLOOKUP(A56,Demográfico!A$2:E$400,5,FALSE)*(I56)"
Ivaiporã,32720,"=_xlfn.IFS(B57<20000, ""P1"",B57<40000, ""P2"",B57<70000, ""P3"",B57<100000, ""P4"",B57<200000,""M1"",B57<500000,""M2"",B57<1000000,""G1"",B57>1000000,""G2"")","=VLOOKUP(C57,Controle!A$2:H$9,8,FALSE)","=VLOOKUP(C57,Controle!A$16:H$23,8,FALSE)","=VLOOKUP(A57,Educacional!A$2:P$405,16,FALSE)","=VLOOKUP(A57,Demográfico!A$2:L$405,12,FALSE)","=VLOOKUP(A57,Socioeconômico!A$2:M$405,13,FALSE)",=(2*F57+G57+2*H57)/5/100,"=VLOOKUP(A57,Demográfico!A$2:E$400,5,FALSE)/(VLOOKUP(C57,Controle!A$2:G$9,7,FALSE))*D57","=VLOOKUP(A57,Demográfico!A$2:E$400,5,FALSE)/(VLOOKUP(C57,Controle!A$16:G$24,7,FALSE))*E57",=((J57*(1+I57))+3*(I57+K57))/4,1,"=VLOOKUP(A57,Demográfico!A$2:E$400,5,FALSE)*I57","=FLOOR(L57,1)",=L57-O57,"=RANK(P57,P$2:P$400,0)","=O57+IF(Q57<Q$1,1,0)",,"=VLOOKUP(A57,Demográfico!A$2:E$400,5,FALSE)*(I57)"
Laranjeiras do Sul,32227,"=_xlfn.IFS(B58<20000, ""P1"",B58<40000, ""P2"",B58<70000, ""P3"",B58<100000, ""P4"",B58<200000,""M1"",B58<500000,""M2"",B58<1000000,""G1"",B58>1000000,""G2"")","=VLOOKUP(C58,Controle!A$2:H$9,8,FALSE)","=VLOOKUP(C58,Controle!A$16:H$23,8,FALSE)","=VLOOKUP(A58,Educacional!A$2:P$405,16,FALSE)","=VLOOKUP(A58,Demográfico!A$2:L$405,12,FALSE)","=VLOOKUP(A58,Socioeconômico!A$2:M$405,13,FALSE)",=(2*F58+G58+2*H58)/5/100,"=VLOOKUP(A58,Demográfico!A$2:E$400,5,FALSE)/(VLOOKUP(C58,Controle!A$2:G$9,7,FALSE))*D58","=VLOOKUP(A58,Demográfico!A$2:E$400,5,FALSE)/(VLOOKUP(C58,Controle!A$16:G$24,7,FALSE))*E58",=((J58*(1+I58))+3*(I58+K58))/4,1,"=VLOOKUP(A58,Demográfico!A$2:E$400,5,FALSE)*I58","=FLOOR(L58,1)",=L58-O58,"=RANK(P58,P$2:P$400,0)","=O58+IF(Q58<Q$1,1,0)",,"=VLOOKUP(A58,Demográfico!A$2:E$400,5,FALSE)*(I58)"
Guaíra,32097,"=_xlfn.IFS(B59<20000, ""P1"",B59<40000, ""P2"",B59<70000, ""P3"",B59<100000, ""P4"",B59<200000,""M1"",B59<500000,""M2"",B59<1000000,""G1"",B59>1000000,""G2"")","=VLOOKUP(C59,Controle!A$2:H$9,8,FALSE)","=VLOOKUP(C59,Controle!A$16:H$23,8,FALSE)","=VLOOKUP(A59,Educacional!A$2:P$405,16,FALSE)","=VLOOKUP(A59,Demográfico!A$2:L$405,12,FALSE)","=VLOOKUP(A59,Socioeconômico!A$2:M$405,13,FALSE)",=(2*F59+G59+2*H59)/5/100,"=VLOOKUP(A59,Demográfico!A$2:E$400,5,FALSE)/(VLOOKUP(C59,Controle!A$2:G$9,7,FALSE))*D59","=VLOOKUP(A59,Demográfico!A$2:E$400,5,FALSE)/(VLOOKUP(C59,Controle!A$16:G$24,7,FALSE))*E59",=((J59*(1+I59))+3*(I59+K59))/4,1,"=VLOOKUP(A59,Demográfico!A$2:E$400,5,FALSE)*I59","=FLOOR(L59,1)",=L59-O59,"=RANK(P59,P$2:P$400,0)","=O59+IF(Q59<Q$1,1,0)",,"=VLOOKUP(A59,Demográfico!A$2:E$400,5,FALSE)*(I59)"
Mandaguaçu,31457,"=_xlfn.IFS(B60<20000, ""P1"",B60<40000, ""P2"",B60<70000, ""P3"",B60<100000, ""P4"",B60<200000,""M1"",B60<500000,""M2"",B60<1000000,""G1"",B60>1000000,""G2"")","=VLOOKUP(C60,Controle!A$2:H$9,8,FALSE)","=VLOOKUP(C60,Controle!A$16:H$23,8,FALSE)","=VLOOKUP(A60,Educacional!A$2:P$405,16,FALSE)","=VLOOKUP(A60,Demográfico!A$2:L$405,12,FALSE)","=VLOOKUP(A60,Socioeconômico!A$2:M$405,13,FALSE)",=(2*F60+G60+2*H60)/5/100,"=VLOOKUP(A60,Demográfico!A$2:E$400,5,FALSE)/(VLOOKUP(C60,Controle!A$2:G$9,7,FALSE))*D60","=VLOOKUP(A60,Demográfico!A$2:E$400,5,FALSE)/(VLOOKUP(C60,Controle!A$16:G$24,7,FALSE))*E60",=((J60*(1+I60))+3*(I60+K60))/4,1,"=VLOOKUP(A60,Demográfico!A$2:E$400,5,FALSE)*I60","=FLOOR(L60,1)",=L60-O60,"=RANK(P60,P$2:P$400,0)","=O60+IF(Q60<Q$1,1,0)",,"=VLOOKUP(A60,Demográfico!A$2:E$400,5,FALSE)*(I60)"
Rio Negro,31324,"=_xlfn.IFS(B61<20000, ""P1"",B61<40000, ""P2"",B61<70000, ""P3"",B61<100000, ""P4"",B61<200000,""M1"",B61<500000,""M2"",B61<1000000,""G1"",B61>1000000,""G2"")","=VLOOKUP(C61,Controle!A$2:H$9,8,FALSE)","=VLOOKUP(C61,Controle!A$16:H$23,8,FALSE)","=VLOOKUP(A61,Educacional!A$2:P$405,16,FALSE)","=VLOOKUP(A61,Demográfico!A$2:L$405,12,FALSE)","=VLOOKUP(A61,Socioeconômico!A$2:M$405,13,FALSE)",=(2*F61+G61+2*H61)/5/100,"=VLOOKUP(A61,Demográfico!A$2:E$400,5,FALSE)/(VLOOKUP(C61,Controle!A$2:G$9,7,FALSE))*D61","=VLOOKUP(A61,Demográfico!A$2:E$400,5,FALSE)/(VLOOKUP(C61,Controle!A$16:G$24,7,FALSE))*E61",=((J61*(1+I61))+3*(I61+K61))/4,1,"=VLOOKUP(A61,Demográfico!A$2:E$400,5,FALSE)*I61","=FLOOR(L61,1)",=L61-O61,"=RANK(P61,P$2:P$400,0)","=O61+IF(Q61<Q$1,1,0)",,"=VLOOKUP(A61,Demográfico!A$2:E$400,5,FALSE)*(I61)"
Bandeirantes,31273,"=_xlfn.IFS(B62<20000, ""P1"",B62<40000, ""P2"",B62<70000, ""P3"",B62<100000, ""P4"",B62<200000,""M1"",B62<500000,""M2"",B62<1000000,""G1"",B62>1000000,""G2"")","=VLOOKUP(C62,Controle!A$2:H$9,8,FALSE)","=VLOOKUP(C62,Controle!A$16:H$23,8,FALSE)","=VLOOKUP(A62,Educacional!A$2:P$405,16,FALSE)","=VLOOKUP(A62,Demográfico!A$2:L$405,12,FALSE)","=VLOOKUP(A62,Socioeconômico!A$2:M$405,13,FALSE)",=(2*F62+G62+2*H62)/5/100,"=VLOOKUP(A62,Demográfico!A$2:E$400,5,FALSE)/(VLOOKUP(C62,Controle!A$2:G$9,7,FALSE))*D62","=VLOOKUP(A62,Demográfico!A$2:E$400,5,FALSE)/(VLOOKUP(C62,Controle!A$16:G$24,7,FALSE))*E62",=((J62*(1+I62))+3*(I62+K62))/4,1,"=VLOOKUP(A62,Demográfico!A$2:E$400,5,FALSE)*I62","=FLOOR(L62,1)",=L62-O62,"=RANK(P62,P$2:P$400,0)","=O62+IF(Q62<Q$1,1,0)",,"=VLOOKUP(A62,Demográfico!A$2:E$400,5,FALSE)*(I62)"
Itaperuçu,31217,"=_xlfn.IFS(B63<20000, ""P1"",B63<40000, ""P2"",B63<70000, ""P3"",B63<100000, ""P4"",B63<200000,""M1"",B63<500000,""M2"",B63<1000000,""G1"",B63>1000000,""G2"")","=VLOOKUP(C63,Controle!A$2:H$9,8,FALSE)","=VLOOKUP(C63,Controle!A$16:H$23,8,FALSE)","=VLOOKUP(A63,Educacional!A$2:P$405,16,FALSE)","=VLOOKUP(A63,Demográfico!A$2:L$405,12,FALSE)","=VLOOKUP(A63,Socioeconômico!A$2:M$405,13,FALSE)",=(2*F63+G63+2*H63)/5/100,"=VLOOKUP(A63,Demográfico!A$2:E$400,5,FALSE)/(VLOOKUP(C63,Controle!A$2:G$9,7,FALSE))*D63","=VLOOKUP(A63,Demográfico!A$2:E$400,5,FALSE)/(VLOOKUP(C63,Controle!A$16:G$24,7,FALSE))*E63",=((J63*(1+I63))+3*(I63+K63))/4,1,"=VLOOKUP(A63,Demográfico!A$2:E$400,5,FALSE)*I63","=FLOOR(L63,1)",=L63-O63,"=RANK(P63,P$2:P$400,0)","=O63+IF(Q63<Q$1,1,0)",,"=VLOOKUP(A63,Demográfico!A$2:E$400,5,FALSE)*(I63)"
Quedas do Iguaçu,30738,"=_xlfn.IFS(B64<20000, ""P1"",B64<40000, ""P2"",B64<70000, ""P3"",B64<100000, ""P4"",B64<200000,""M1"",B64<500000,""M2"",B64<1000000,""G1"",B64>1000000,""G2"")","=VLOOKUP(C64,Controle!A$2:H$9,8,FALSE)","=VLOOKUP(C64,Controle!A$16:H$23,8,FALSE)","=VLOOKUP(A64,Educacional!A$2:P$405,16,FALSE)","=VLOOKUP(A64,Demográfico!A$2:L$405,12,FALSE)","=VLOOKUP(A64,Socioeconômico!A$2:M$405,13,FALSE)",=(2*F64+G64+2*H64)/5/100,"=VLOOKUP(A64,Demográfico!A$2:E$400,5,FALSE)/(VLOOKUP(C64,Controle!A$2:G$9,7,FALSE))*D64","=VLOOKUP(A64,Demográfico!A$2:E$400,5,FALSE)/(VLOOKUP(C64,Controle!A$16:G$24,7,FALSE))*E64",=((J64*(1+I64))+3*(I64+K64))/4,1,"=VLOOKUP(A64,Demográfico!A$2:E$400,5,FALSE)*I64","=FLOOR(L64,1)",=L64-O64,"=RANK(P64,P$2:P$400,0)","=O64+IF(Q64<Q$1,1,0)",,"=VLOOKUP(A64,Demográfico!A$2:E$400,5,FALSE)*(I64)"
Pontal do Paraná,30425,"=_xlfn.IFS(B65<20000, ""P1"",B65<40000, ""P2"",B65<70000, ""P3"",B65<100000, ""P4"",B65<200000,""M1"",B65<500000,""M2"",B65<1000000,""G1"",B65>1000000,""G2"")","=VLOOKUP(C65,Controle!A$2:H$9,8,FALSE)","=VLOOKUP(C65,Controle!A$16:H$23,8,FALSE)","=VLOOKUP(A65,Educacional!A$2:P$405,16,FALSE)","=VLOOKUP(A65,Demográfico!A$2:L$405,12,FALSE)","=VLOOKUP(A65,Socioeconômico!A$2:M$405,13,FALSE)",=(2*F65+G65+2*H65)/5/100,"=VLOOKUP(A65,Demográfico!A$2:E$400,5,FALSE)/(VLOOKUP(C65,Controle!A$2:G$9,7,FALSE))*D65","=VLOOKUP(A65,Demográfico!A$2:E$400,5,FALSE)/(VLOOKUP(C65,Controle!A$16:G$24,7,FALSE))*E65",=((J65*(1+I65))+3*(I65+K65))/4,1,"=VLOOKUP(A65,Demográfico!A$2:E$400,5,FALSE)*I65","=FLOOR(L65,1)",=L65-O65,"=RANK(P65,P$2:P$400,0)","=O65+IF(Q65<Q$1,1,0)",,"=VLOOKUP(A65,Demográfico!A$2:E$400,5,FALSE)*(I65)"
Campo Magro,30160,"=_xlfn.IFS(B66<20000, ""P1"",B66<40000, ""P2"",B66<70000, ""P3"",B66<100000, ""P4"",B66<200000,""M1"",B66<500000,""M2"",B66<1000000,""G1"",B66>1000000,""G2"")","=VLOOKUP(C66,Controle!A$2:H$9,8,FALSE)","=VLOOKUP(C66,Controle!A$16:H$23,8,FALSE)","=VLOOKUP(A66,Educacional!A$2:P$405,16,FALSE)","=VLOOKUP(A66,Demográfico!A$2:L$405,12,FALSE)","=VLOOKUP(A66,Socioeconômico!A$2:M$405,13,FALSE)",=(2*F66+G66+2*H66)/5/100,"=VLOOKUP(A66,Demográfico!A$2:E$400,5,FALSE)/(VLOOKUP(C66,Controle!A$2:G$9,7,FALSE))*D66","=VLOOKUP(A66,Demográfico!A$2:E$400,5,FALSE)/(VLOOKUP(C66,Controle!A$16:G$24,7,FALSE))*E66",=((J66*(1+I66))+3*(I66+K66))/4,1,"=VLOOKUP(A66,Demográfico!A$2:E$400,5,FALSE)*I66","=FLOOR(L66,1)",=L66-O66,"=RANK(P66,P$2:P$400,0)","=O66+IF(Q66<Q$1,1,0)",,"=VLOOKUP(A66,Demográfico!A$2:E$400,5,FALSE)*(I66)"
Imbituva,29924,"=_xlfn.IFS(B67<20000, ""P1"",B67<40000, ""P2"",B67<70000, ""P3"",B67<100000, ""P4"",B67<200000,""M1"",B67<500000,""M2"",B67<1000000,""G1"",B67>1000000,""G2"")","=VLOOKUP(C67,Controle!A$2:H$9,8,FALSE)","=VLOOKUP(C67,Controle!A$16:H$23,8,FALSE)","=VLOOKUP(A67,Educacional!A$2:P$405,16,FALSE)","=VLOOKUP(A67,Demográfico!A$2:L$405,12,FALSE)","=VLOOKUP(A67,Socioeconômico!A$2:M$405,13,FALSE)",=(2*F67+G67+2*H67)/5/100,"=VLOOKUP(A67,Demográfico!A$2:E$400,5,FALSE)/(VLOOKUP(C67,Controle!A$2:G$9,7,FALSE))*D67","=VLOOKUP(A67,Demográfico!A$2:E$400,5,FALSE)/(VLOOKUP(C67,Controle!A$16:G$24,7,FALSE))*E67",=((J67*(1+I67))+3*(I67+K67))/4,1,"=VLOOKUP(A67,Demográfico!A$2:E$400,5,FALSE)*I67","=FLOOR(L67,1)",=L67-O67,"=RANK(P67,P$2:P$400,0)","=O67+IF(Q67<Q$1,1,0)",,"=VLOOKUP(A67,Demográfico!A$2:E$400,5,FALSE)*(I67)"
Pinhão,29886,"=_xlfn.IFS(B68<20000, ""P1"",B68<40000, ""P2"",B68<70000, ""P3"",B68<100000, ""P4"",B68<200000,""M1"",B68<500000,""M2"",B68<1000000,""G1"",B68>1000000,""G2"")","=VLOOKUP(C68,Controle!A$2:H$9,8,FALSE)","=VLOOKUP(C68,Controle!A$16:H$23,8,FALSE)","=VLOOKUP(A68,Educacional!A$2:P$405,16,FALSE)","=VLOOKUP(A68,Demográfico!A$2:L$405,12,FALSE)","=VLOOKUP(A68,Socioeconômico!A$2:M$405,13,FALSE)",=(2*F68+G68+2*H68)/5/100,"=VLOOKUP(A68,Demográfico!A$2:E$400,5,FALSE)/(VLOOKUP(C68,Controle!A$2:G$9,7,FALSE))*D68","=VLOOKUP(A68,Demográfico!A$2:E$400,5,FALSE)/(VLOOKUP(C68,Controle!A$16:G$24,7,FALSE))*E68",=((J68*(1+I68))+3*(I68+K68))/4,1,"=VLOOKUP(A68,Demográfico!A$2:E$400,5,FALSE)*I68","=FLOOR(L68,1)",=L68-O68,"=RANK(P68,P$2:P$400,0)","=O68+IF(Q68<Q$1,1,0)",,"=VLOOKUP(A68,Demográfico!A$2:E$400,5,FALSE)*(I68)"
São Miguel do Iguaçu,29122,"=_xlfn.IFS(B69<20000, ""P1"",B69<40000, ""P2"",B69<70000, ""P3"",B69<100000, ""P4"",B69<200000,""M1"",B69<500000,""M2"",B69<1000000,""G1"",B69>1000000,""G2"")","=VLOOKUP(C69,Controle!A$2:H$9,8,FALSE)","=VLOOKUP(C69,Controle!A$16:H$23,8,FALSE)","=VLOOKUP(A69,Educacional!A$2:P$405,16,FALSE)","=VLOOKUP(A69,Demográfico!A$2:L$405,12,FALSE)","=VLOOKUP(A69,Socioeconômico!A$2:M$405,13,FALSE)",=(2*F69+G69+2*H69)/5/100,"=VLOOKUP(A69,Demográfico!A$2:E$400,5,FALSE)/(VLOOKUP(C69,Controle!A$2:G$9,7,FALSE))*D69","=VLOOKUP(A69,Demográfico!A$2:E$400,5,FALSE)/(VLOOKUP(C69,Controle!A$16:G$24,7,FALSE))*E69",=((J69*(1+I69))+3*(I69+K69))/4,1,"=VLOOKUP(A69,Demográfico!A$2:E$400,5,FALSE)*I69","=FLOOR(L69,1)",=L69-O69,"=RANK(P69,P$2:P$400,0)","=O69+IF(Q69<Q$1,1,0)",,"=VLOOKUP(A69,Demográfico!A$2:E$400,5,FALSE)*(I69)"
Ibaiti,28830,"=_xlfn.IFS(B70<20000, ""P1"",B70<40000, ""P2"",B70<70000, ""P3"",B70<100000, ""P4"",B70<200000,""M1"",B70<500000,""M2"",B70<1000000,""G1"",B70>1000000,""G2"")","=VLOOKUP(C70,Controle!A$2:H$9,8,FALSE)","=VLOOKUP(C70,Controle!A$16:H$23,8,FALSE)","=VLOOKUP(A70,Educacional!A$2:P$405,16,FALSE)","=VLOOKUP(A70,Demográfico!A$2:L$405,12,FALSE)","=VLOOKUP(A70,Socioeconômico!A$2:M$405,13,FALSE)",=(2*F70+G70+2*H70)/5/100,"=VLOOKUP(A70,Demográfico!A$2:E$400,5,FALSE)/(VLOOKUP(C70,Controle!A$2:G$9,7,FALSE))*D70","=VLOOKUP(A70,Demográfico!A$2:E$400,5,FALSE)/(VLOOKUP(C70,Controle!A$16:G$24,7,FALSE))*E70",=((J70*(1+I70))+3*(I70+K70))/4,1,"=VLOOKUP(A70,Demográfico!A$2:E$400,5,FALSE)*I70","=FLOOR(L70,1)",=L70-O70,"=RANK(P70,P$2:P$400,0)","=O70+IF(Q70<Q$1,1,0)",,"=VLOOKUP(A70,Demográfico!A$2:E$400,5,FALSE)*(I70)"
Goioerê,28437,"=_xlfn.IFS(B71<20000, ""P1"",B71<40000, ""P2"",B71<70000, ""P3"",B71<100000, ""P4"",B71<200000,""M1"",B71<500000,""M2"",B71<1000000,""G1"",B71>1000000,""G2"")","=VLOOKUP(C71,Controle!A$2:H$9,8,FALSE)","=VLOOKUP(C71,Controle!A$16:H$23,8,FALSE)","=VLOOKUP(A71,Educacional!A$2:P$405,16,FALSE)","=VLOOKUP(A71,Demográfico!A$2:L$405,12,FALSE)","=VLOOKUP(A71,Socioeconômico!A$2:M$405,13,FALSE)",=(2*F71+G71+2*H71)/5/100,"=VLOOKUP(A71,Demográfico!A$2:E$400,5,FALSE)/(VLOOKUP(C71,Controle!A$2:G$9,7,FALSE))*D71","=VLOOKUP(A71,Demográfico!A$2:E$400,5,FALSE)/(VLOOKUP(C71,Controle!A$16:G$24,7,FALSE))*E71",=((J71*(1+I71))+3*(I71+K71))/4,1,"=VLOOKUP(A71,Demográfico!A$2:E$400,5,FALSE)*I71","=FLOOR(L71,1)",=L71-O71,"=RANK(P71,P$2:P$400,0)","=O71+IF(Q71<Q$1,1,0)",,"=VLOOKUP(A71,Demográfico!A$2:E$400,5,FALSE)*(I71)"
Mandirituba,27439,"=_xlfn.IFS(B72<20000, ""P1"",B72<40000, ""P2"",B72<70000, ""P3"",B72<100000, ""P4"",B72<200000,""M1"",B72<500000,""M2"",B72<1000000,""G1"",B72>1000000,""G2"")","=VLOOKUP(C72,Controle!A$2:H$9,8,FALSE)","=VLOOKUP(C72,Controle!A$16:H$23,8,FALSE)","=VLOOKUP(A72,Educacional!A$2:P$405,16,FALSE)","=VLOOKUP(A72,Demográfico!A$2:L$405,12,FALSE)","=VLOOKUP(A72,Socioeconômico!A$2:M$405,13,FALSE)",=(2*F72+G72+2*H72)/5/100,"=VLOOKUP(A72,Demográfico!A$2:E$400,5,FALSE)/(VLOOKUP(C72,Controle!A$2:G$9,7,FALSE))*D72","=VLOOKUP(A72,Demográfico!A$2:E$400,5,FALSE)/(VLOOKUP(C72,Controle!A$16:G$24,7,FALSE))*E72",=((J72*(1+I72))+3*(I72+K72))/4,1,"=VLOOKUP(A72,Demográfico!A$2:E$400,5,FALSE)*I72","=FLOOR(L72,1)",=L72-O72,"=RANK(P72,P$2:P$400,0)","=O72+IF(Q72<Q$1,1,0)",,"=VLOOKUP(A72,Demográfico!A$2:E$400,5,FALSE)*(I72)"
Nova Esperança,26585,"=_xlfn.IFS(B73<20000, ""P1"",B73<40000, ""P2"",B73<70000, ""P3"",B73<100000, ""P4"",B73<200000,""M1"",B73<500000,""M2"",B73<1000000,""G1"",B73>1000000,""G2"")","=VLOOKUP(C73,Controle!A$2:H$9,8,FALSE)","=VLOOKUP(C73,Controle!A$16:H$23,8,FALSE)","=VLOOKUP(A73,Educacional!A$2:P$405,16,FALSE)","=VLOOKUP(A73,Demográfico!A$2:L$405,12,FALSE)","=VLOOKUP(A73,Socioeconômico!A$2:M$405,13,FALSE)",=(2*F73+G73+2*H73)/5/100,"=VLOOKUP(A73,Demográfico!A$2:E$400,5,FALSE)/(VLOOKUP(C73,Controle!A$2:G$9,7,FALSE))*D73","=VLOOKUP(A73,Demográfico!A$2:E$400,5,FALSE)/(VLOOKUP(C73,Controle!A$16:G$24,7,FALSE))*E73",=((J73*(1+I73))+3*(I73+K73))/4,1,"=VLOOKUP(A73,Demográfico!A$2:E$400,5,FALSE)*I73","=FLOOR(L73,1)",=L73-O73,"=RANK(P73,P$2:P$400,0)","=O73+IF(Q73<Q$1,1,0)",,"=VLOOKUP(A73,Demográfico!A$2:E$400,5,FALSE)*(I73)"
Arapoti,25777,"=_xlfn.IFS(B74<20000, ""P1"",B74<40000, ""P2"",B74<70000, ""P3"",B74<100000, ""P4"",B74<200000,""M1"",B74<500000,""M2"",B74<1000000,""G1"",B74>1000000,""G2"")","=VLOOKUP(C74,Controle!A$2:H$9,8,FALSE)","=VLOOKUP(C74,Controle!A$16:H$23,8,FALSE)","=VLOOKUP(A74,Educacional!A$2:P$405,16,FALSE)","=VLOOKUP(A74,Demográfico!A$2:L$405,12,FALSE)","=VLOOKUP(A74,Socioeconômico!A$2:M$405,13,FALSE)",=(2*F74+G74+2*H74)/5/100,"=VLOOKUP(A74,Demográfico!A$2:E$400,5,FALSE)/(VLOOKUP(C74,Controle!A$2:G$9,7,FALSE))*D74","=VLOOKUP(A74,Demográfico!A$2:E$400,5,FALSE)/(VLOOKUP(C74,Controle!A$16:G$24,7,FALSE))*E74",=((J74*(1+I74))+3*(I74+K74))/4,1,"=VLOOKUP(A74,Demográfico!A$2:E$400,5,FALSE)*I74","=FLOOR(L74,1)",=L74-O74,"=RANK(P74,P$2:P$400,0)","=O74+IF(Q74<Q$1,1,0)",,"=VLOOKUP(A74,Demográfico!A$2:E$400,5,FALSE)*(I74)"
Santa Helena,25492,"=_xlfn.IFS(B75<20000, ""P1"",B75<40000, ""P2"",B75<70000, ""P3"",B75<100000, ""P4"",B75<200000,""M1"",B75<500000,""M2"",B75<1000000,""G1"",B75>1000000,""G2"")","=VLOOKUP(C75,Controle!A$2:H$9,8,FALSE)","=VLOOKUP(C75,Controle!A$16:H$23,8,FALSE)","=VLOOKUP(A75,Educacional!A$2:P$405,16,FALSE)","=VLOOKUP(A75,Demográfico!A$2:L$405,12,FALSE)","=VLOOKUP(A75,Socioeconômico!A$2:M$405,13,FALSE)",=(2*F75+G75+2*H75)/5/100,"=VLOOKUP(A75,Demográfico!A$2:E$400,5,FALSE)/(VLOOKUP(C75,Controle!A$2:G$9,7,FALSE))*D75","=VLOOKUP(A75,Demográfico!A$2:E$400,5,FALSE)/(VLOOKUP(C75,Controle!A$16:G$24,7,FALSE))*E75",=((J75*(1+I75))+3*(I75+K75))/4,1,"=VLOOKUP(A75,Demográfico!A$2:E$400,5,FALSE)*I75","=FLOOR(L75,1)",=L75-O75,"=RANK(P75,P$2:P$400,0)","=O75+IF(Q75<Q$1,1,0)",,"=VLOOKUP(A75,Demográfico!A$2:E$400,5,FALSE)*(I75)"
Astorga,25475,"=_xlfn.IFS(B76<20000, ""P1"",B76<40000, ""P2"",B76<70000, ""P3"",B76<100000, ""P4"",B76<200000,""M1"",B76<500000,""M2"",B76<1000000,""G1"",B76>1000000,""G2"")","=VLOOKUP(C76,Controle!A$2:H$9,8,FALSE)","=VLOOKUP(C76,Controle!A$16:H$23,8,FALSE)","=VLOOKUP(A76,Educacional!A$2:P$405,16,FALSE)","=VLOOKUP(A76,Demográfico!A$2:L$405,12,FALSE)","=VLOOKUP(A76,Socioeconômico!A$2:M$405,13,FALSE)",=(2*F76+G76+2*H76)/5/100,"=VLOOKUP(A76,Demográfico!A$2:E$400,5,FALSE)/(VLOOKUP(C76,Controle!A$2:G$9,7,FALSE))*D76","=VLOOKUP(A76,Demográfico!A$2:E$400,5,FALSE)/(VLOOKUP(C76,Controle!A$16:G$24,7,FALSE))*E76",=((J76*(1+I76))+3*(I76+K76))/4,1,"=VLOOKUP(A76,Demográfico!A$2:E$400,5,FALSE)*I76","=FLOOR(L76,1)",=L76-O76,"=RANK(P76,P$2:P$400,0)","=O76+IF(Q76<Q$1,1,0)",,"=VLOOKUP(A76,Demográfico!A$2:E$400,5,FALSE)*(I76)"
Ubiratã,24749,"=_xlfn.IFS(B77<20000, ""P1"",B77<40000, ""P2"",B77<70000, ""P3"",B77<100000, ""P4"",B77<200000,""M1"",B77<500000,""M2"",B77<1000000,""G1"",B77>1000000,""G2"")","=VLOOKUP(C77,Controle!A$2:H$9,8,FALSE)","=VLOOKUP(C77,Controle!A$16:H$23,8,FALSE)","=VLOOKUP(A77,Educacional!A$2:P$405,16,FALSE)","=VLOOKUP(A77,Demográfico!A$2:L$405,12,FALSE)","=VLOOKUP(A77,Socioeconômico!A$2:M$405,13,FALSE)",=(2*F77+G77+2*H77)/5/100,"=VLOOKUP(A77,Demográfico!A$2:E$400,5,FALSE)/(VLOOKUP(C77,Controle!A$2:G$9,7,FALSE))*D77","=VLOOKUP(A77,Demográfico!A$2:E$400,5,FALSE)/(VLOOKUP(C77,Controle!A$16:G$24,7,FALSE))*E77",=((J77*(1+I77))+3*(I77+K77))/4,1,"=VLOOKUP(A77,Demográfico!A$2:E$400,5,FALSE)*I77","=FLOOR(L77,1)",=L77-O77,"=RANK(P77,P$2:P$400,0)","=O77+IF(Q77<Q$1,1,0)",,"=VLOOKUP(A77,Demográfico!A$2:E$400,5,FALSE)*(I77)"
Reserva,24573,"=_xlfn.IFS(B78<20000, ""P1"",B78<40000, ""P2"",B78<70000, ""P3"",B78<100000, ""P4"",B78<200000,""M1"",B78<500000,""M2"",B78<1000000,""G1"",B78>1000000,""G2"")","=VLOOKUP(C78,Controle!A$2:H$9,8,FALSE)","=VLOOKUP(C78,Controle!A$16:H$23,8,FALSE)","=VLOOKUP(A78,Educacional!A$2:P$405,16,FALSE)","=VLOOKUP(A78,Demográfico!A$2:L$405,12,FALSE)","=VLOOKUP(A78,Socioeconômico!A$2:M$405,13,FALSE)",=(2*F78+G78+2*H78)/5/100,"=VLOOKUP(A78,Demográfico!A$2:E$400,5,FALSE)/(VLOOKUP(C78,Controle!A$2:G$9,7,FALSE))*D78","=VLOOKUP(A78,Demográfico!A$2:E$400,5,FALSE)/(VLOOKUP(C78,Controle!A$16:G$24,7,FALSE))*E78",=((J78*(1+I78))+3*(I78+K78))/4,1,"=VLOOKUP(A78,Demográfico!A$2:E$400,5,FALSE)*I78","=FLOOR(L78,1)",=L78-O78,"=RANK(P78,P$2:P$400,0)","=O78+IF(Q78<Q$1,1,0)",,"=VLOOKUP(A78,Demográfico!A$2:E$400,5,FALSE)*(I78)"
Santa Terezinha de Itaipu,24262,"=_xlfn.IFS(B79<20000, ""P1"",B79<40000, ""P2"",B79<70000, ""P3"",B79<100000, ""P4"",B79<200000,""M1"",B79<500000,""M2"",B79<1000000,""G1"",B79>1000000,""G2"")","=VLOOKUP(C79,Controle!A$2:H$9,8,FALSE)","=VLOOKUP(C79,Controle!A$16:H$23,8,FALSE)","=VLOOKUP(A79,Educacional!A$2:P$405,16,FALSE)","=VLOOKUP(A79,Demográfico!A$2:L$405,12,FALSE)","=VLOOKUP(A79,Socioeconômico!A$2:M$405,13,FALSE)",=(2*F79+G79+2*H79)/5/100,"=VLOOKUP(A79,Demográfico!A$2:E$400,5,FALSE)/(VLOOKUP(C79,Controle!A$2:G$9,7,FALSE))*D79","=VLOOKUP(A79,Demográfico!A$2:E$400,5,FALSE)/(VLOOKUP(C79,Controle!A$16:G$24,7,FALSE))*E79",=((J79*(1+I79))+3*(I79+K79))/4,1,"=VLOOKUP(A79,Demográfico!A$2:E$400,5,FALSE)*I79","=FLOOR(L79,1)",=L79-O79,"=RANK(P79,P$2:P$400,0)","=O79+IF(Q79<Q$1,1,0)",,"=VLOOKUP(A79,Demográfico!A$2:E$400,5,FALSE)*(I79)"
Ortigueira,24192,"=_xlfn.IFS(B80<20000, ""P1"",B80<40000, ""P2"",B80<70000, ""P3"",B80<100000, ""P4"",B80<200000,""M1"",B80<500000,""M2"",B80<1000000,""G1"",B80>1000000,""G2"")","=VLOOKUP(C80,Controle!A$2:H$9,8,FALSE)","=VLOOKUP(C80,Controle!A$16:H$23,8,FALSE)","=VLOOKUP(A80,Educacional!A$2:P$405,16,FALSE)","=VLOOKUP(A80,Demográfico!A$2:L$405,12,FALSE)","=VLOOKUP(A80,Socioeconômico!A$2:M$405,13,FALSE)",=(2*F80+G80+2*H80)/5/100,"=VLOOKUP(A80,Demográfico!A$2:E$400,5,FALSE)/(VLOOKUP(C80,Controle!A$2:G$9,7,FALSE))*D80","=VLOOKUP(A80,Demográfico!A$2:E$400,5,FALSE)/(VLOOKUP(C80,Controle!A$16:G$24,7,FALSE))*E80",=((J80*(1+I80))+3*(I80+K80))/4,1,"=VLOOKUP(A80,Demográfico!A$2:E$400,5,FALSE)*I80","=FLOOR(L80,1)",=L80-O80,"=RANK(P80,P$2:P$400,0)","=O80+IF(Q80<Q$1,1,0)",,"=VLOOKUP(A80,Demográfico!A$2:E$400,5,FALSE)*(I80)"
Quatro Barras,24191,"=_xlfn.IFS(B81<20000, ""P1"",B81<40000, ""P2"",B81<70000, ""P3"",B81<100000, ""P4"",B81<200000,""M1"",B81<500000,""M2"",B81<1000000,""G1"",B81>1000000,""G2"")","=VLOOKUP(C81,Controle!A$2:H$9,8,FALSE)","=VLOOKUP(C81,Controle!A$16:H$23,8,FALSE)","=VLOOKUP(A81,Educacional!A$2:P$405,16,FALSE)","=VLOOKUP(A81,Demográfico!A$2:L$405,12,FALSE)","=VLOOKUP(A81,Socioeconômico!A$2:M$405,13,FALSE)",=(2*F81+G81+2*H81)/5/100,"=VLOOKUP(A81,Demográfico!A$2:E$400,5,FALSE)/(VLOOKUP(C81,Controle!A$2:G$9,7,FALSE))*D81","=VLOOKUP(A81,Demográfico!A$2:E$400,5,FALSE)/(VLOOKUP(C81,Controle!A$16:G$24,7,FALSE))*E81",=((J81*(1+I81))+3*(I81+K81))/4,1,"=VLOOKUP(A81,Demográfico!A$2:E$400,5,FALSE)*I81","=FLOOR(L81,1)",=L81-O81,"=RANK(P81,P$2:P$400,0)","=O81+IF(Q81<Q$1,1,0)",,"=VLOOKUP(A81,Demográfico!A$2:E$400,5,FALSE)*(I81)"
Cruzeiro do Oeste,23831,"=_xlfn.IFS(B82<20000, ""P1"",B82<40000, ""P2"",B82<70000, ""P3"",B82<100000, ""P4"",B82<200000,""M1"",B82<500000,""M2"",B82<1000000,""G1"",B82>1000000,""G2"")","=VLOOKUP(C82,Controle!A$2:H$9,8,FALSE)","=VLOOKUP(C82,Controle!A$16:H$23,8,FALSE)","=VLOOKUP(A82,Educacional!A$2:P$405,16,FALSE)","=VLOOKUP(A82,Demográfico!A$2:L$405,12,FALSE)","=VLOOKUP(A82,Socioeconômico!A$2:M$405,13,FALSE)",=(2*F82+G82+2*H82)/5/100,"=VLOOKUP(A82,Demográfico!A$2:E$400,5,FALSE)/(VLOOKUP(C82,Controle!A$2:G$9,7,FALSE))*D82","=VLOOKUP(A82,Demográfico!A$2:E$400,5,FALSE)/(VLOOKUP(C82,Controle!A$16:G$24,7,FALSE))*E82",=((J82*(1+I82))+3*(I82+K82))/4,1,"=VLOOKUP(A82,Demográfico!A$2:E$400,5,FALSE)*I82","=FLOOR(L82,1)",=L82-O82,"=RANK(P82,P$2:P$400,0)","=O82+IF(Q82<Q$1,1,0)",,"=VLOOKUP(A82,Demográfico!A$2:E$400,5,FALSE)*(I82)"
Santo Antônio do Sudoeste,23673,"=_xlfn.IFS(B83<20000, ""P1"",B83<40000, ""P2"",B83<70000, ""P3"",B83<100000, ""P4"",B83<200000,""M1"",B83<500000,""M2"",B83<1000000,""G1"",B83>1000000,""G2"")","=VLOOKUP(C83,Controle!A$2:H$9,8,FALSE)","=VLOOKUP(C83,Controle!A$16:H$23,8,FALSE)","=VLOOKUP(A83,Educacional!A$2:P$405,16,FALSE)","=VLOOKUP(A83,Demográfico!A$2:L$405,12,FALSE)","=VLOOKUP(A83,Socioeconômico!A$2:M$405,13,FALSE)",=(2*F83+G83+2*H83)/5/100,"=VLOOKUP(A83,Demográfico!A$2:E$400,5,FALSE)/(VLOOKUP(C83,Controle!A$2:G$9,7,FALSE))*D83","=VLOOKUP(A83,Demográfico!A$2:E$400,5,FALSE)/(VLOOKUP(C83,Controle!A$16:G$24,7,FALSE))*E83",=((J83*(1+I83))+3*(I83+K83))/4,1,"=VLOOKUP(A83,Demográfico!A$2:E$400,5,FALSE)*I83","=FLOOR(L83,1)",=L83-O83,"=RANK(P83,P$2:P$400,0)","=O83+IF(Q83<Q$1,1,0)",,"=VLOOKUP(A83,Demográfico!A$2:E$400,5,FALSE)*(I83)"
Piraí do Sul,23651,"=_xlfn.IFS(B84<20000, ""P1"",B84<40000, ""P2"",B84<70000, ""P3"",B84<100000, ""P4"",B84<200000,""M1"",B84<500000,""M2"",B84<1000000,""G1"",B84>1000000,""G2"")","=VLOOKUP(C84,Controle!A$2:H$9,8,FALSE)","=VLOOKUP(C84,Controle!A$16:H$23,8,FALSE)","=VLOOKUP(A84,Educacional!A$2:P$405,16,FALSE)","=VLOOKUP(A84,Demográfico!A$2:L$405,12,FALSE)","=VLOOKUP(A84,Socioeconômico!A$2:M$405,13,FALSE)",=(2*F84+G84+2*H84)/5/100,"=VLOOKUP(A84,Demográfico!A$2:E$400,5,FALSE)/(VLOOKUP(C84,Controle!A$2:G$9,7,FALSE))*D84","=VLOOKUP(A84,Demográfico!A$2:E$400,5,FALSE)/(VLOOKUP(C84,Controle!A$16:G$24,7,FALSE))*E84",=((J84*(1+I84))+3*(I84+K84))/4,1,"=VLOOKUP(A84,Demográfico!A$2:E$400,5,FALSE)*I84","=FLOOR(L84,1)",=L84-O84,"=RANK(P84,P$2:P$400,0)","=O84+IF(Q84<Q$1,1,0)",,"=VLOOKUP(A84,Demográfico!A$2:E$400,5,FALSE)*(I84)"
Coronel Vivida,23331,"=_xlfn.IFS(B85<20000, ""P1"",B85<40000, ""P2"",B85<70000, ""P3"",B85<100000, ""P4"",B85<200000,""M1"",B85<500000,""M2"",B85<1000000,""G1"",B85>1000000,""G2"")","=VLOOKUP(C85,Controle!A$2:H$9,8,FALSE)","=VLOOKUP(C85,Controle!A$16:H$23,8,FALSE)","=VLOOKUP(A85,Educacional!A$2:P$405,16,FALSE)","=VLOOKUP(A85,Demográfico!A$2:L$405,12,FALSE)","=VLOOKUP(A85,Socioeconômico!A$2:M$405,13,FALSE)",=(2*F85+G85+2*H85)/5/100,"=VLOOKUP(A85,Demográfico!A$2:E$400,5,FALSE)/(VLOOKUP(C85,Controle!A$2:G$9,7,FALSE))*D85","=VLOOKUP(A85,Demográfico!A$2:E$400,5,FALSE)/(VLOOKUP(C85,Controle!A$16:G$24,7,FALSE))*E85",=((J85*(1+I85))+3*(I85+K85))/4,1,"=VLOOKUP(A85,Demográfico!A$2:E$400,5,FALSE)*I85","=FLOOR(L85,1)",=L85-O85,"=RANK(P85,P$2:P$400,0)","=O85+IF(Q85<Q$1,1,0)",,"=VLOOKUP(A85,Demográfico!A$2:E$400,5,FALSE)*(I85)"
Carambeí,23283,"=_xlfn.IFS(B86<20000, ""P1"",B86<40000, ""P2"",B86<70000, ""P3"",B86<100000, ""P4"",B86<200000,""M1"",B86<500000,""M2"",B86<1000000,""G1"",B86>1000000,""G2"")","=VLOOKUP(C86,Controle!A$2:H$9,8,FALSE)","=VLOOKUP(C86,Controle!A$16:H$23,8,FALSE)","=VLOOKUP(A86,Educacional!A$2:P$405,16,FALSE)","=VLOOKUP(A86,Demográfico!A$2:L$405,12,FALSE)","=VLOOKUP(A86,Socioeconômico!A$2:M$405,13,FALSE)",=(2*F86+G86+2*H86)/5/100,"=VLOOKUP(A86,Demográfico!A$2:E$400,5,FALSE)/(VLOOKUP(C86,Controle!A$2:G$9,7,FALSE))*D86","=VLOOKUP(A86,Demográfico!A$2:E$400,5,FALSE)/(VLOOKUP(C86,Controle!A$16:G$24,7,FALSE))*E86",=((J86*(1+I86))+3*(I86+K86))/4,1,"=VLOOKUP(A86,Demográfico!A$2:E$400,5,FALSE)*I86","=FLOOR(L86,1)",=L86-O86,"=RANK(P86,P$2:P$400,0)","=O86+IF(Q86<Q$1,1,0)",,"=VLOOKUP(A86,Demográfico!A$2:E$400,5,FALSE)*(I86)"
Loanda,23225,"=_xlfn.IFS(B87<20000, ""P1"",B87<40000, ""P2"",B87<70000, ""P3"",B87<100000, ""P4"",B87<200000,""M1"",B87<500000,""M2"",B87<1000000,""G1"",B87>1000000,""G2"")","=VLOOKUP(C87,Controle!A$2:H$9,8,FALSE)","=VLOOKUP(C87,Controle!A$16:H$23,8,FALSE)","=VLOOKUP(A87,Educacional!A$2:P$405,16,FALSE)","=VLOOKUP(A87,Demográfico!A$2:L$405,12,FALSE)","=VLOOKUP(A87,Socioeconômico!A$2:M$405,13,FALSE)",=(2*F87+G87+2*H87)/5/100,"=VLOOKUP(A87,Demográfico!A$2:E$400,5,FALSE)/(VLOOKUP(C87,Controle!A$2:G$9,7,FALSE))*D87","=VLOOKUP(A87,Demográfico!A$2:E$400,5,FALSE)/(VLOOKUP(C87,Controle!A$16:G$24,7,FALSE))*E87",=((J87*(1+I87))+3*(I87+K87))/4,1,"=VLOOKUP(A87,Demográfico!A$2:E$400,5,FALSE)*I87","=FLOOR(L87,1)",=L87-O87,"=RANK(P87,P$2:P$400,0)","=O87+IF(Q87<Q$1,1,0)",,"=VLOOKUP(A87,Demográfico!A$2:E$400,5,FALSE)*(I87)"
Cambará,23212,"=_xlfn.IFS(B88<20000, ""P1"",B88<40000, ""P2"",B88<70000, ""P3"",B88<100000, ""P4"",B88<200000,""M1"",B88<500000,""M2"",B88<1000000,""G1"",B88>1000000,""G2"")","=VLOOKUP(C88,Controle!A$2:H$9,8,FALSE)","=VLOOKUP(C88,Controle!A$16:H$23,8,FALSE)","=VLOOKUP(A88,Educacional!A$2:P$405,16,FALSE)","=VLOOKUP(A88,Demográfico!A$2:L$405,12,FALSE)","=VLOOKUP(A88,Socioeconômico!A$2:M$405,13,FALSE)",=(2*F88+G88+2*H88)/5/100,"=VLOOKUP(A88,Demográfico!A$2:E$400,5,FALSE)/(VLOOKUP(C88,Controle!A$2:G$9,7,FALSE))*D88","=VLOOKUP(A88,Demográfico!A$2:E$400,5,FALSE)/(VLOOKUP(C88,Controle!A$16:G$24,7,FALSE))*E88",=((J88*(1+I88))+3*(I88+K88))/4,1,"=VLOOKUP(A88,Demográfico!A$2:E$400,5,FALSE)*I88","=FLOOR(L88,1)",=L88-O88,"=RANK(P88,P$2:P$400,0)","=O88+IF(Q88<Q$1,1,0)",,"=VLOOKUP(A88,Demográfico!A$2:E$400,5,FALSE)*(I88)"
Colorado,22896,"=_xlfn.IFS(B89<20000, ""P1"",B89<40000, ""P2"",B89<70000, ""P3"",B89<100000, ""P4"",B89<200000,""M1"",B89<500000,""M2"",B89<1000000,""G1"",B89>1000000,""G2"")","=VLOOKUP(C89,Controle!A$2:H$9,8,FALSE)","=VLOOKUP(C89,Controle!A$16:H$23,8,FALSE)","=VLOOKUP(A89,Educacional!A$2:P$405,16,FALSE)","=VLOOKUP(A89,Demográfico!A$2:L$405,12,FALSE)","=VLOOKUP(A89,Socioeconômico!A$2:M$405,13,FALSE)",=(2*F89+G89+2*H89)/5/100,"=VLOOKUP(A89,Demográfico!A$2:E$400,5,FALSE)/(VLOOKUP(C89,Controle!A$2:G$9,7,FALSE))*D89","=VLOOKUP(A89,Demográfico!A$2:E$400,5,FALSE)/(VLOOKUP(C89,Controle!A$16:G$24,7,FALSE))*E89",=((J89*(1+I89))+3*(I89+K89))/4,1,"=VLOOKUP(A89,Demográfico!A$2:E$400,5,FALSE)*I89","=FLOOR(L89,1)",=L89-O89,"=RANK(P89,P$2:P$400,0)","=O89+IF(Q89<Q$1,1,0)",,"=VLOOKUP(A89,Demográfico!A$2:E$400,5,FALSE)*(I89)"
Siqueira Campos,22811,"=_xlfn.IFS(B90<20000, ""P1"",B90<40000, ""P2"",B90<70000, ""P3"",B90<100000, ""P4"",B90<200000,""M1"",B90<500000,""M2"",B90<1000000,""G1"",B90>1000000,""G2"")","=VLOOKUP(C90,Controle!A$2:H$9,8,FALSE)","=VLOOKUP(C90,Controle!A$16:H$23,8,FALSE)","=VLOOKUP(A90,Educacional!A$2:P$405,16,FALSE)","=VLOOKUP(A90,Demográfico!A$2:L$405,12,FALSE)","=VLOOKUP(A90,Socioeconômico!A$2:M$405,13,FALSE)",=(2*F90+G90+2*H90)/5/100,"=VLOOKUP(A90,Demográfico!A$2:E$400,5,FALSE)/(VLOOKUP(C90,Controle!A$2:G$9,7,FALSE))*D90","=VLOOKUP(A90,Demográfico!A$2:E$400,5,FALSE)/(VLOOKUP(C90,Controle!A$16:G$24,7,FALSE))*E90",=((J90*(1+I90))+3*(I90+K90))/4,1,"=VLOOKUP(A90,Demográfico!A$2:E$400,5,FALSE)*I90","=FLOOR(L90,1)",=L90-O90,"=RANK(P90,P$2:P$400,0)","=O90+IF(Q90<Q$1,1,0)",,"=VLOOKUP(A90,Demográfico!A$2:E$400,5,FALSE)*(I90)"
Jandaia do Sul,21408,"=_xlfn.IFS(B91<20000, ""P1"",B91<40000, ""P2"",B91<70000, ""P3"",B91<100000, ""P4"",B91<200000,""M1"",B91<500000,""M2"",B91<1000000,""G1"",B91>1000000,""G2"")","=VLOOKUP(C91,Controle!A$2:H$9,8,FALSE)","=VLOOKUP(C91,Controle!A$16:H$23,8,FALSE)","=VLOOKUP(A91,Educacional!A$2:P$405,16,FALSE)","=VLOOKUP(A91,Demográfico!A$2:L$405,12,FALSE)","=VLOOKUP(A91,Socioeconômico!A$2:M$405,13,FALSE)",=(2*F91+G91+2*H91)/5/100,"=VLOOKUP(A91,Demográfico!A$2:E$400,5,FALSE)/(VLOOKUP(C91,Controle!A$2:G$9,7,FALSE))*D91","=VLOOKUP(A91,Demográfico!A$2:E$400,5,FALSE)/(VLOOKUP(C91,Controle!A$16:G$24,7,FALSE))*E91",=((J91*(1+I91))+3*(I91+K91))/4,1,"=VLOOKUP(A91,Demográfico!A$2:E$400,5,FALSE)*I91","=FLOOR(L91,1)",=L91-O91,"=RANK(P91,P$2:P$400,0)","=O91+IF(Q91<Q$1,1,0)",,"=VLOOKUP(A91,Demográfico!A$2:E$400,5,FALSE)*(I91)"
Chopinzinho,21085,"=_xlfn.IFS(B92<20000, ""P1"",B92<40000, ""P2"",B92<70000, ""P3"",B92<100000, ""P4"",B92<200000,""M1"",B92<500000,""M2"",B92<1000000,""G1"",B92>1000000,""G2"")","=VLOOKUP(C92,Controle!A$2:H$9,8,FALSE)","=VLOOKUP(C92,Controle!A$16:H$23,8,FALSE)","=VLOOKUP(A92,Educacional!A$2:P$405,16,FALSE)","=VLOOKUP(A92,Demográfico!A$2:L$405,12,FALSE)","=VLOOKUP(A92,Socioeconômico!A$2:M$405,13,FALSE)",=(2*F92+G92+2*H92)/5/100,"=VLOOKUP(A92,Demográfico!A$2:E$400,5,FALSE)/(VLOOKUP(C92,Controle!A$2:G$9,7,FALSE))*D92","=VLOOKUP(A92,Demográfico!A$2:E$400,5,FALSE)/(VLOOKUP(C92,Controle!A$16:G$24,7,FALSE))*E92",=((J92*(1+I92))+3*(I92+K92))/4,1,"=VLOOKUP(A92,Demográfico!A$2:E$400,5,FALSE)*I92","=FLOOR(L92,1)",=L92-O92,"=RANK(P92,P$2:P$400,0)","=O92+IF(Q92<Q$1,1,0)",,"=VLOOKUP(A92,Demográfico!A$2:E$400,5,FALSE)*(I92)"
Capanema,20481,"=_xlfn.IFS(B93<20000, ""P1"",B93<40000, ""P2"",B93<70000, ""P3"",B93<100000, ""P4"",B93<200000,""M1"",B93<500000,""M2"",B93<1000000,""G1"",B93>1000000,""G2"")","=VLOOKUP(C93,Controle!A$2:H$9,8,FALSE)","=VLOOKUP(C93,Controle!A$16:H$23,8,FALSE)","=VLOOKUP(A93,Educacional!A$2:P$405,16,FALSE)","=VLOOKUP(A93,Demográfico!A$2:L$405,12,FALSE)","=VLOOKUP(A93,Socioeconômico!A$2:M$405,13,FALSE)",=(2*F93+G93+2*H93)/5/100,"=VLOOKUP(A93,Demográfico!A$2:E$400,5,FALSE)/(VLOOKUP(C93,Controle!A$2:G$9,7,FALSE))*D93","=VLOOKUP(A93,Demográfico!A$2:E$400,5,FALSE)/(VLOOKUP(C93,Controle!A$16:G$24,7,FALSE))*E93",=((J93*(1+I93))+3*(I93+K93))/4,1,"=VLOOKUP(A93,Demográfico!A$2:E$400,5,FALSE)*I93","=FLOOR(L93,1)",=L93-O93,"=RANK(P93,P$2:P$400,0)","=O93+IF(Q93<Q$1,1,0)",,"=VLOOKUP(A93,Demográfico!A$2:E$400,5,FALSE)*(I93)"
Tibagi,19961,"=_xlfn.IFS(B94<20000, ""P1"",B94<40000, ""P2"",B94<70000, ""P3"",B94<100000, ""P4"",B94<200000,""M1"",B94<500000,""M2"",B94<1000000,""G1"",B94>1000000,""G2"")","=VLOOKUP(C94,Controle!A$2:H$9,8,FALSE)","=VLOOKUP(C94,Controle!A$16:H$23,8,FALSE)","=VLOOKUP(A94,Educacional!A$2:P$405,16,FALSE)","=VLOOKUP(A94,Demográfico!A$2:L$405,12,FALSE)","=VLOOKUP(A94,Socioeconômico!A$2:M$405,13,FALSE)",=(2*F94+G94+2*H94)/5/100,"=VLOOKUP(A94,Demográfico!A$2:E$400,5,FALSE)/(VLOOKUP(C94,Controle!A$2:G$9,7,FALSE))*D94","=VLOOKUP(A94,Demográfico!A$2:E$400,5,FALSE)/(VLOOKUP(C94,Controle!A$16:G$24,7,FALSE))*E94",=((J94*(1+I94))+3*(I94+K94))/4,1,"=VLOOKUP(A94,Demográfico!A$2:E$400,5,FALSE)*I94","=FLOOR(L94,1)",=L94-O94,"=RANK(P94,P$2:P$400,0)","=O94+IF(Q94<Q$1,1,0)",,"=VLOOKUP(A94,Demográfico!A$2:E$400,5,FALSE)*(I94)"
Andirá,19878,"=_xlfn.IFS(B95<20000, ""P1"",B95<40000, ""P2"",B95<70000, ""P3"",B95<100000, ""P4"",B95<200000,""M1"",B95<500000,""M2"",B95<1000000,""G1"",B95>1000000,""G2"")","=VLOOKUP(C95,Controle!A$2:H$9,8,FALSE)","=VLOOKUP(C95,Controle!A$16:H$23,8,FALSE)","=VLOOKUP(A95,Educacional!A$2:P$405,16,FALSE)","=VLOOKUP(A95,Demográfico!A$2:L$405,12,FALSE)","=VLOOKUP(A95,Socioeconômico!A$2:M$405,13,FALSE)",=(2*F95+G95+2*H95)/5/100,"=VLOOKUP(A95,Demográfico!A$2:E$400,5,FALSE)/(VLOOKUP(C95,Controle!A$2:G$9,7,FALSE))*D95","=VLOOKUP(A95,Demográfico!A$2:E$400,5,FALSE)/(VLOOKUP(C95,Controle!A$16:G$24,7,FALSE))*E95",=((J95*(1+I95))+3*(I95+K95))/4,1,"=VLOOKUP(A95,Demográfico!A$2:E$400,5,FALSE)*I95","=FLOOR(L95,1)",=L95-O95,"=RANK(P95,P$2:P$400,0)","=O95+IF(Q95<Q$1,1,0)",,"=VLOOKUP(A95,Demográfico!A$2:E$400,5,FALSE)*(I95)"
Ampére,19620,"=_xlfn.IFS(B96<20000, ""P1"",B96<40000, ""P2"",B96<70000, ""P3"",B96<100000, ""P4"",B96<200000,""M1"",B96<500000,""M2"",B96<1000000,""G1"",B96>1000000,""G2"")","=VLOOKUP(C96,Controle!A$2:H$9,8,FALSE)","=VLOOKUP(C96,Controle!A$16:H$23,8,FALSE)","=VLOOKUP(A96,Educacional!A$2:P$405,16,FALSE)","=VLOOKUP(A96,Demográfico!A$2:L$405,12,FALSE)","=VLOOKUP(A96,Socioeconômico!A$2:M$405,13,FALSE)",=(2*F96+G96+2*H96)/5/100,"=VLOOKUP(A96,Demográfico!A$2:E$400,5,FALSE)/(VLOOKUP(C96,Controle!A$2:G$9,7,FALSE))*D96","=VLOOKUP(A96,Demográfico!A$2:E$400,5,FALSE)/(VLOOKUP(C96,Controle!A$16:G$24,7,FALSE))*E96",=((J96*(1+I96))+3*(I96+K96))/4,1,"=VLOOKUP(A96,Demográfico!A$2:E$400,5,FALSE)*I96","=FLOOR(L96,1)",=L96-O96,"=RANK(P96,P$2:P$400,0)","=O96+IF(Q96<Q$1,1,0)",,"=VLOOKUP(A96,Demográfico!A$2:E$400,5,FALSE)*(I96)"
Realeza,19247,"=_xlfn.IFS(B97<20000, ""P1"",B97<40000, ""P2"",B97<70000, ""P3"",B97<100000, ""P4"",B97<200000,""M1"",B97<500000,""M2"",B97<1000000,""G1"",B97>1000000,""G2"")","=VLOOKUP(C97,Controle!A$2:H$9,8,FALSE)","=VLOOKUP(C97,Controle!A$16:H$23,8,FALSE)","=VLOOKUP(A97,Educacional!A$2:P$405,16,FALSE)","=VLOOKUP(A97,Demográfico!A$2:L$405,12,FALSE)","=VLOOKUP(A97,Socioeconômico!A$2:M$405,13,FALSE)",=(2*F97+G97+2*H97)/5/100,"=VLOOKUP(A97,Demográfico!A$2:E$400,5,FALSE)/(VLOOKUP(C97,Controle!A$2:G$9,7,FALSE))*D97","=VLOOKUP(A97,Demográfico!A$2:E$400,5,FALSE)/(VLOOKUP(C97,Controle!A$16:G$24,7,FALSE))*E97",=((J97*(1+I97))+3*(I97+K97))/4,1,"=VLOOKUP(A97,Demográfico!A$2:E$400,5,FALSE)*I97","=FLOOR(L97,1)",=L97-O97,"=RANK(P97,P$2:P$400,0)","=O97+IF(Q97<Q$1,1,0)",,"=VLOOKUP(A97,Demográfico!A$2:E$400,5,FALSE)*(I97)"
Wenceslau Braz,19188,"=_xlfn.IFS(B98<20000, ""P1"",B98<40000, ""P2"",B98<70000, ""P3"",B98<100000, ""P4"",B98<200000,""M1"",B98<500000,""M2"",B98<1000000,""G1"",B98>1000000,""G2"")","=VLOOKUP(C98,Controle!A$2:H$9,8,FALSE)","=VLOOKUP(C98,Controle!A$16:H$23,8,FALSE)","=VLOOKUP(A98,Educacional!A$2:P$405,16,FALSE)","=VLOOKUP(A98,Demográfico!A$2:L$405,12,FALSE)","=VLOOKUP(A98,Socioeconômico!A$2:M$405,13,FALSE)",=(2*F98+G98+2*H98)/5/100,"=VLOOKUP(A98,Demográfico!A$2:E$400,5,FALSE)/(VLOOKUP(C98,Controle!A$2:G$9,7,FALSE))*D98","=VLOOKUP(A98,Demográfico!A$2:E$400,5,FALSE)/(VLOOKUP(C98,Controle!A$16:G$24,7,FALSE))*E98",=((J98*(1+I98))+3*(I98+K98))/4,1,"=VLOOKUP(A98,Demográfico!A$2:E$400,5,FALSE)*I98","=FLOOR(L98,1)",=L98-O98,"=RANK(P98,P$2:P$400,0)","=O98+IF(Q98<Q$1,1,0)",,"=VLOOKUP(A98,Demográfico!A$2:E$400,5,FALSE)*(I98)"
Contenda,19128,"=_xlfn.IFS(B99<20000, ""P1"",B99<40000, ""P2"",B99<70000, ""P3"",B99<100000, ""P4"",B99<200000,""M1"",B99<500000,""M2"",B99<1000000,""G1"",B99>1000000,""G2"")","=VLOOKUP(C99,Controle!A$2:H$9,8,FALSE)","=VLOOKUP(C99,Controle!A$16:H$23,8,FALSE)","=VLOOKUP(A99,Educacional!A$2:P$405,16,FALSE)","=VLOOKUP(A99,Demográfico!A$2:L$405,12,FALSE)","=VLOOKUP(A99,Socioeconômico!A$2:M$405,13,FALSE)",=(2*F99+G99+2*H99)/5/100,"=VLOOKUP(A99,Demográfico!A$2:E$400,5,FALSE)/(VLOOKUP(C99,Controle!A$2:G$9,7,FALSE))*D99","=VLOOKUP(A99,Demográfico!A$2:E$400,5,FALSE)/(VLOOKUP(C99,Controle!A$16:G$24,7,FALSE))*E99",=((J99*(1+I99))+3*(I99+K99))/4,1,"=VLOOKUP(A99,Demográfico!A$2:E$400,5,FALSE)*I99","=FLOOR(L99,1)",=L99-O99,"=RANK(P99,P$2:P$400,0)","=O99+IF(Q99<Q$1,1,0)",,"=VLOOKUP(A99,Demográfico!A$2:E$400,5,FALSE)*(I99)"
Cafelândia,18997,"=_xlfn.IFS(B100<20000, ""P1"",B100<40000, ""P2"",B100<70000, ""P3"",B100<100000, ""P4"",B100<200000,""M1"",B100<500000,""M2"",B100<1000000,""G1"",B100>1000000,""G2"")","=VLOOKUP(C100,Controle!A$2:H$9,8,FALSE)","=VLOOKUP(C100,Controle!A$16:H$23,8,FALSE)","=VLOOKUP(A100,Educacional!A$2:P$405,16,FALSE)","=VLOOKUP(A100,Demográfico!A$2:L$405,12,FALSE)","=VLOOKUP(A100,Socioeconômico!A$2:M$405,13,FALSE)",=(2*F100+G100+2*H100)/5/100,"=VLOOKUP(A100,Demográfico!A$2:E$400,5,FALSE)/(VLOOKUP(C100,Controle!A$2:G$9,7,FALSE))*D100","=VLOOKUP(A100,Demográfico!A$2:E$400,5,FALSE)/(VLOOKUP(C100,Controle!A$16:G$24,7,FALSE))*E100",=((J100*(1+I100))+3*(I100+K100))/4,1,"=VLOOKUP(A100,Demográfico!A$2:E$400,5,FALSE)*I100","=FLOOR(L100,1)",=L100-O100,"=RANK(P100,P$2:P$400,0)","=O100+IF(Q100<Q$1,1,0)",,"=VLOOKUP(A100,Demográfico!A$2:E$400,5,FALSE)*(I100)"
Altônia,18742,"=_xlfn.IFS(B101<20000, ""P1"",B101<40000, ""P2"",B101<70000, ""P3"",B101<100000, ""P4"",B101<200000,""M1"",B101<500000,""M2"",B101<1000000,""G1"",B101>1000000,""G2"")","=VLOOKUP(C101,Controle!A$2:H$9,8,FALSE)","=VLOOKUP(C101,Controle!A$16:H$23,8,FALSE)","=VLOOKUP(A101,Educacional!A$2:P$405,16,FALSE)","=VLOOKUP(A101,Demográfico!A$2:L$405,12,FALSE)","=VLOOKUP(A101,Socioeconômico!A$2:M$405,13,FALSE)",=(2*F101+G101+2*H101)/5/100,"=VLOOKUP(A101,Demográfico!A$2:E$400,5,FALSE)/(VLOOKUP(C101,Controle!A$2:G$9,7,FALSE))*D101","=VLOOKUP(A101,Demográfico!A$2:E$400,5,FALSE)/(VLOOKUP(C101,Controle!A$16:G$24,7,FALSE))*E101",=((J101*(1+I101))+3*(I101+K101))/4,1,"=VLOOKUP(A101,Demográfico!A$2:E$400,5,FALSE)*I101","=FLOOR(L101,1)",=L101-O101,"=RANK(P101,P$2:P$400,0)","=O101+IF(Q101<Q$1,1,0)",,"=VLOOKUP(A101,Demográfico!A$2:E$400,5,FALSE)*(I101)"
Matelândia,18450,"=_xlfn.IFS(B102<20000, ""P1"",B102<40000, ""P2"",B102<70000, ""P3"",B102<100000, ""P4"",B102<200000,""M1"",B102<500000,""M2"",B102<1000000,""G1"",B102>1000000,""G2"")","=VLOOKUP(C102,Controle!A$2:H$9,8,FALSE)","=VLOOKUP(C102,Controle!A$16:H$23,8,FALSE)","=VLOOKUP(A102,Educacional!A$2:P$405,16,FALSE)","=VLOOKUP(A102,Demográfico!A$2:L$405,12,FALSE)","=VLOOKUP(A102,Socioeconômico!A$2:M$405,13,FALSE)",=(2*F102+G102+2*H102)/5/100,"=VLOOKUP(A102,Demográfico!A$2:E$400,5,FALSE)/(VLOOKUP(C102,Controle!A$2:G$9,7,FALSE))*D102","=VLOOKUP(A102,Demográfico!A$2:E$400,5,FALSE)/(VLOOKUP(C102,Controle!A$16:G$24,7,FALSE))*E102",=((J102*(1+I102))+3*(I102+K102))/4,1,"=VLOOKUP(A102,Demográfico!A$2:E$400,5,FALSE)*I102","=FLOOR(L102,1)",=L102-O102,"=RANK(P102,P$2:P$400,0)","=O102+IF(Q102<Q$1,1,0)",,"=VLOOKUP(A102,Demográfico!A$2:E$400,5,FALSE)*(I102)"
Quitandinha,18398,"=_xlfn.IFS(B103<20000, ""P1"",B103<40000, ""P2"",B103<70000, ""P3"",B103<100000, ""P4"",B103<200000,""M1"",B103<500000,""M2"",B103<1000000,""G1"",B103>1000000,""G2"")","=VLOOKUP(C103,Controle!A$2:H$9,8,FALSE)","=VLOOKUP(C103,Controle!A$16:H$23,8,FALSE)","=VLOOKUP(A103,Educacional!A$2:P$405,16,FALSE)","=VLOOKUP(A103,Demográfico!A$2:L$405,12,FALSE)","=VLOOKUP(A103,Socioeconômico!A$2:M$405,13,FALSE)",=(2*F103+G103+2*H103)/5/100,"=VLOOKUP(A103,Demográfico!A$2:E$400,5,FALSE)/(VLOOKUP(C103,Controle!A$2:G$9,7,FALSE))*D103","=VLOOKUP(A103,Demográfico!A$2:E$400,5,FALSE)/(VLOOKUP(C103,Controle!A$16:G$24,7,FALSE))*E103",=((J103*(1+I103))+3*(I103+K103))/4,1,"=VLOOKUP(A103,Demográfico!A$2:E$400,5,FALSE)*I103","=FLOOR(L103,1)",=L103-O103,"=RANK(P103,P$2:P$400,0)","=O103+IF(Q103<Q$1,1,0)",,"=VLOOKUP(A103,Demográfico!A$2:E$400,5,FALSE)*(I103)"
Morretes,18309,"=_xlfn.IFS(B104<20000, ""P1"",B104<40000, ""P2"",B104<70000, ""P3"",B104<100000, ""P4"",B104<200000,""M1"",B104<500000,""M2"",B104<1000000,""G1"",B104>1000000,""G2"")","=VLOOKUP(C104,Controle!A$2:H$9,8,FALSE)","=VLOOKUP(C104,Controle!A$16:H$23,8,FALSE)","=VLOOKUP(A104,Educacional!A$2:P$405,16,FALSE)","=VLOOKUP(A104,Demográfico!A$2:L$405,12,FALSE)","=VLOOKUP(A104,Socioeconômico!A$2:M$405,13,FALSE)",=(2*F104+G104+2*H104)/5/100,"=VLOOKUP(A104,Demográfico!A$2:E$400,5,FALSE)/(VLOOKUP(C104,Controle!A$2:G$9,7,FALSE))*D104","=VLOOKUP(A104,Demográfico!A$2:E$400,5,FALSE)/(VLOOKUP(C104,Controle!A$16:G$24,7,FALSE))*E104",=((J104*(1+I104))+3*(I104+K104))/4,1,"=VLOOKUP(A104,Demográfico!A$2:E$400,5,FALSE)*I104","=FLOOR(L104,1)",=L104-O104,"=RANK(P104,P$2:P$400,0)","=O104+IF(Q104<Q$1,1,0)",,"=VLOOKUP(A104,Demográfico!A$2:E$400,5,FALSE)*(I104)"
Terra Roxa,18119,"=_xlfn.IFS(B105<20000, ""P1"",B105<40000, ""P2"",B105<70000, ""P3"",B105<100000, ""P4"",B105<200000,""M1"",B105<500000,""M2"",B105<1000000,""G1"",B105>1000000,""G2"")","=VLOOKUP(C105,Controle!A$2:H$9,8,FALSE)","=VLOOKUP(C105,Controle!A$16:H$23,8,FALSE)","=VLOOKUP(A105,Educacional!A$2:P$405,16,FALSE)","=VLOOKUP(A105,Demográfico!A$2:L$405,12,FALSE)","=VLOOKUP(A105,Socioeconômico!A$2:M$405,13,FALSE)",=(2*F105+G105+2*H105)/5/100,"=VLOOKUP(A105,Demográfico!A$2:E$400,5,FALSE)/(VLOOKUP(C105,Controle!A$2:G$9,7,FALSE))*D105","=VLOOKUP(A105,Demográfico!A$2:E$400,5,FALSE)/(VLOOKUP(C105,Controle!A$16:G$24,7,FALSE))*E105",=((J105*(1+I105))+3*(I105+K105))/4,1,"=VLOOKUP(A105,Demográfico!A$2:E$400,5,FALSE)*I105","=FLOOR(L105,1)",=L105-O105,"=RANK(P105,P$2:P$400,0)","=O105+IF(Q105<Q$1,1,0)",,"=VLOOKUP(A105,Demográfico!A$2:E$400,5,FALSE)*(I105)"
Antonina,18091,"=_xlfn.IFS(B106<20000, ""P1"",B106<40000, ""P2"",B106<70000, ""P3"",B106<100000, ""P4"",B106<200000,""M1"",B106<500000,""M2"",B106<1000000,""G1"",B106>1000000,""G2"")","=VLOOKUP(C106,Controle!A$2:H$9,8,FALSE)","=VLOOKUP(C106,Controle!A$16:H$23,8,FALSE)","=VLOOKUP(A106,Educacional!A$2:P$405,16,FALSE)","=VLOOKUP(A106,Demográfico!A$2:L$405,12,FALSE)","=VLOOKUP(A106,Socioeconômico!A$2:M$405,13,FALSE)",=(2*F106+G106+2*H106)/5/100,"=VLOOKUP(A106,Demográfico!A$2:E$400,5,FALSE)/(VLOOKUP(C106,Controle!A$2:G$9,7,FALSE))*D106","=VLOOKUP(A106,Demográfico!A$2:E$400,5,FALSE)/(VLOOKUP(C106,Controle!A$16:G$24,7,FALSE))*E106",=((J106*(1+I106))+3*(I106+K106))/4,1,"=VLOOKUP(A106,Demográfico!A$2:E$400,5,FALSE)*I106","=FLOOR(L106,1)",=L106-O106,"=RANK(P106,P$2:P$400,0)","=O106+IF(Q106<Q$1,1,0)",,"=VLOOKUP(A106,Demográfico!A$2:E$400,5,FALSE)*(I106)"
Tijucas do Sul,17621,"=_xlfn.IFS(B107<20000, ""P1"",B107<40000, ""P2"",B107<70000, ""P3"",B107<100000, ""P4"",B107<200000,""M1"",B107<500000,""M2"",B107<1000000,""G1"",B107>1000000,""G2"")","=VLOOKUP(C107,Controle!A$2:H$9,8,FALSE)","=VLOOKUP(C107,Controle!A$16:H$23,8,FALSE)","=VLOOKUP(A107,Educacional!A$2:P$405,16,FALSE)","=VLOOKUP(A107,Demográfico!A$2:L$405,12,FALSE)","=VLOOKUP(A107,Socioeconômico!A$2:M$405,13,FALSE)",=(2*F107+G107+2*H107)/5/100,"=VLOOKUP(A107,Demográfico!A$2:E$400,5,FALSE)/(VLOOKUP(C107,Controle!A$2:G$9,7,FALSE))*D107","=VLOOKUP(A107,Demográfico!A$2:E$400,5,FALSE)/(VLOOKUP(C107,Controle!A$16:G$24,7,FALSE))*E107",=((J107*(1+I107))+3*(I107+K107))/4,1,"=VLOOKUP(A107,Demográfico!A$2:E$400,5,FALSE)*I107","=FLOOR(L107,1)",=L107-O107,"=RANK(P107,P$2:P$400,0)","=O107+IF(Q107<Q$1,1,0)",,"=VLOOKUP(A107,Demográfico!A$2:E$400,5,FALSE)*(I107)"
Terra Boa,17568,"=_xlfn.IFS(B108<20000, ""P1"",B108<40000, ""P2"",B108<70000, ""P3"",B108<100000, ""P4"",B108<200000,""M1"",B108<500000,""M2"",B108<1000000,""G1"",B108>1000000,""G2"")","=VLOOKUP(C108,Controle!A$2:H$9,8,FALSE)","=VLOOKUP(C108,Controle!A$16:H$23,8,FALSE)","=VLOOKUP(A108,Educacional!A$2:P$405,16,FALSE)","=VLOOKUP(A108,Demográfico!A$2:L$405,12,FALSE)","=VLOOKUP(A108,Socioeconômico!A$2:M$405,13,FALSE)",=(2*F108+G108+2*H108)/5/100,"=VLOOKUP(A108,Demográfico!A$2:E$400,5,FALSE)/(VLOOKUP(C108,Controle!A$2:G$9,7,FALSE))*D108","=VLOOKUP(A108,Demográfico!A$2:E$400,5,FALSE)/(VLOOKUP(C108,Controle!A$16:G$24,7,FALSE))*E108",=((J108*(1+I108))+3*(I108+K108))/4,1,"=VLOOKUP(A108,Demográfico!A$2:E$400,5,FALSE)*I108","=FLOOR(L108,1)",=L108-O108,"=RANK(P108,P$2:P$400,0)","=O108+IF(Q108<Q$1,1,0)",,"=VLOOKUP(A108,Demográfico!A$2:E$400,5,FALSE)*(I108)"
Corbélia,17470,"=_xlfn.IFS(B109<20000, ""P1"",B109<40000, ""P2"",B109<70000, ""P3"",B109<100000, ""P4"",B109<200000,""M1"",B109<500000,""M2"",B109<1000000,""G1"",B109>1000000,""G2"")","=VLOOKUP(C109,Controle!A$2:H$9,8,FALSE)","=VLOOKUP(C109,Controle!A$16:H$23,8,FALSE)","=VLOOKUP(A109,Educacional!A$2:P$405,16,FALSE)","=VLOOKUP(A109,Demográfico!A$2:L$405,12,FALSE)","=VLOOKUP(A109,Socioeconômico!A$2:M$405,13,FALSE)",=(2*F109+G109+2*H109)/5/100,"=VLOOKUP(A109,Demográfico!A$2:E$400,5,FALSE)/(VLOOKUP(C109,Controle!A$2:G$9,7,FALSE))*D109","=VLOOKUP(A109,Demográfico!A$2:E$400,5,FALSE)/(VLOOKUP(C109,Controle!A$16:G$24,7,FALSE))*E109",=((J109*(1+I109))+3*(I109+K109))/4,1,"=VLOOKUP(A109,Demográfico!A$2:E$400,5,FALSE)*I109","=FLOOR(L109,1)",=L109-O109,"=RANK(P109,P$2:P$400,0)","=O109+IF(Q109<Q$1,1,0)",,"=VLOOKUP(A109,Demográfico!A$2:E$400,5,FALSE)*(I109)"
Sengés,17270,"=_xlfn.IFS(B110<20000, ""P1"",B110<40000, ""P2"",B110<70000, ""P3"",B110<100000, ""P4"",B110<200000,""M1"",B110<500000,""M2"",B110<1000000,""G1"",B110>1000000,""G2"")","=VLOOKUP(C110,Controle!A$2:H$9,8,FALSE)","=VLOOKUP(C110,Controle!A$16:H$23,8,FALSE)","=VLOOKUP(A110,Educacional!A$2:P$405,16,FALSE)","=VLOOKUP(A110,Demográfico!A$2:L$405,12,FALSE)","=VLOOKUP(A110,Socioeconômico!A$2:M$405,13,FALSE)",=(2*F110+G110+2*H110)/5/100,"=VLOOKUP(A110,Demográfico!A$2:E$400,5,FALSE)/(VLOOKUP(C110,Controle!A$2:G$9,7,FALSE))*D110","=VLOOKUP(A110,Demográfico!A$2:E$400,5,FALSE)/(VLOOKUP(C110,Controle!A$16:G$24,7,FALSE))*E110",=((J110*(1+I110))+3*(I110+K110))/4,1,"=VLOOKUP(A110,Demográfico!A$2:E$400,5,FALSE)*I110","=FLOOR(L110,1)",=L110-O110,"=RANK(P110,P$2:P$400,0)","=O110+IF(Q110<Q$1,1,0)",,"=VLOOKUP(A110,Demográfico!A$2:E$400,5,FALSE)*(I110)"
Carlópolis,16905,"=_xlfn.IFS(B111<20000, ""P1"",B111<40000, ""P2"",B111<70000, ""P3"",B111<100000, ""P4"",B111<200000,""M1"",B111<500000,""M2"",B111<1000000,""G1"",B111>1000000,""G2"")","=VLOOKUP(C111,Controle!A$2:H$9,8,FALSE)","=VLOOKUP(C111,Controle!A$16:H$23,8,FALSE)","=VLOOKUP(A111,Educacional!A$2:P$405,16,FALSE)","=VLOOKUP(A111,Demográfico!A$2:L$405,12,FALSE)","=VLOOKUP(A111,Socioeconômico!A$2:M$405,13,FALSE)",=(2*F111+G111+2*H111)/5/100,"=VLOOKUP(A111,Demográfico!A$2:E$400,5,FALSE)/(VLOOKUP(C111,Controle!A$2:G$9,7,FALSE))*D111","=VLOOKUP(A111,Demográfico!A$2:E$400,5,FALSE)/(VLOOKUP(C111,Controle!A$16:G$24,7,FALSE))*E111",=((J111*(1+I111))+3*(I111+K111))/4,1,"=VLOOKUP(A111,Demográfico!A$2:E$400,5,FALSE)*I111","=FLOOR(L111,1)",=L111-O111,"=RANK(P111,P$2:P$400,0)","=O111+IF(Q111<Q$1,1,0)",,"=VLOOKUP(A111,Demográfico!A$2:E$400,5,FALSE)*(I111)"
Mangueirinha,16603,"=_xlfn.IFS(B112<20000, ""P1"",B112<40000, ""P2"",B112<70000, ""P3"",B112<100000, ""P4"",B112<200000,""M1"",B112<500000,""M2"",B112<1000000,""G1"",B112>1000000,""G2"")","=VLOOKUP(C112,Controle!A$2:H$9,8,FALSE)","=VLOOKUP(C112,Controle!A$16:H$23,8,FALSE)","=VLOOKUP(A112,Educacional!A$2:P$405,16,FALSE)","=VLOOKUP(A112,Demográfico!A$2:L$405,12,FALSE)","=VLOOKUP(A112,Socioeconômico!A$2:M$405,13,FALSE)",=(2*F112+G112+2*H112)/5/100,"=VLOOKUP(A112,Demográfico!A$2:E$400,5,FALSE)/(VLOOKUP(C112,Controle!A$2:G$9,7,FALSE))*D112","=VLOOKUP(A112,Demográfico!A$2:E$400,5,FALSE)/(VLOOKUP(C112,Controle!A$16:G$24,7,FALSE))*E112",=((J112*(1+I112))+3*(I112+K112))/4,1,"=VLOOKUP(A112,Demográfico!A$2:E$400,5,FALSE)*I112","=FLOOR(L112,1)",=L112-O112,"=RANK(P112,P$2:P$400,0)","=O112+IF(Q112<Q$1,1,0)",,"=VLOOKUP(A112,Demográfico!A$2:E$400,5,FALSE)*(I112)"
Faxinal,16389,"=_xlfn.IFS(B113<20000, ""P1"",B113<40000, ""P2"",B113<70000, ""P3"",B113<100000, ""P4"",B113<200000,""M1"",B113<500000,""M2"",B113<1000000,""G1"",B113>1000000,""G2"")","=VLOOKUP(C113,Controle!A$2:H$9,8,FALSE)","=VLOOKUP(C113,Controle!A$16:H$23,8,FALSE)","=VLOOKUP(A113,Educacional!A$2:P$405,16,FALSE)","=VLOOKUP(A113,Demográfico!A$2:L$405,12,FALSE)","=VLOOKUP(A113,Socioeconômico!A$2:M$405,13,FALSE)",=(2*F113+G113+2*H113)/5/100,"=VLOOKUP(A113,Demográfico!A$2:E$400,5,FALSE)/(VLOOKUP(C113,Controle!A$2:G$9,7,FALSE))*D113","=VLOOKUP(A113,Demográfico!A$2:E$400,5,FALSE)/(VLOOKUP(C113,Controle!A$16:G$24,7,FALSE))*E113",=((J113*(1+I113))+3*(I113+K113))/4,1,"=VLOOKUP(A113,Demográfico!A$2:E$400,5,FALSE)*I113","=FLOOR(L113,1)",=L113-O113,"=RANK(P113,P$2:P$400,0)","=O113+IF(Q113<Q$1,1,0)",,"=VLOOKUP(A113,Demográfico!A$2:E$400,5,FALSE)*(I113)"
Cerro Azul,16134,"=_xlfn.IFS(B114<20000, ""P1"",B114<40000, ""P2"",B114<70000, ""P3"",B114<100000, ""P4"",B114<200000,""M1"",B114<500000,""M2"",B114<1000000,""G1"",B114>1000000,""G2"")","=VLOOKUP(C114,Controle!A$2:H$9,8,FALSE)","=VLOOKUP(C114,Controle!A$16:H$23,8,FALSE)","=VLOOKUP(A114,Educacional!A$2:P$405,16,FALSE)","=VLOOKUP(A114,Demográfico!A$2:L$405,12,FALSE)","=VLOOKUP(A114,Socioeconômico!A$2:M$405,13,FALSE)",=(2*F114+G114+2*H114)/5/100,"=VLOOKUP(A114,Demográfico!A$2:E$400,5,FALSE)/(VLOOKUP(C114,Controle!A$2:G$9,7,FALSE))*D114","=VLOOKUP(A114,Demográfico!A$2:E$400,5,FALSE)/(VLOOKUP(C114,Controle!A$16:G$24,7,FALSE))*E114",=((J114*(1+I114))+3*(I114+K114))/4,1,"=VLOOKUP(A114,Demográfico!A$2:E$400,5,FALSE)*I114","=FLOOR(L114,1)",=L114-O114,"=RANK(P114,P$2:P$400,0)","=O114+IF(Q114<Q$1,1,0)",,"=VLOOKUP(A114,Demográfico!A$2:E$400,5,FALSE)*(I114)"
Cruz Machado,15978,"=_xlfn.IFS(B115<20000, ""P1"",B115<40000, ""P2"",B115<70000, ""P3"",B115<100000, ""P4"",B115<200000,""M1"",B115<500000,""M2"",B115<1000000,""G1"",B115>1000000,""G2"")","=VLOOKUP(C115,Controle!A$2:H$9,8,FALSE)","=VLOOKUP(C115,Controle!A$16:H$23,8,FALSE)","=VLOOKUP(A115,Educacional!A$2:P$405,16,FALSE)","=VLOOKUP(A115,Demográfico!A$2:L$405,12,FALSE)","=VLOOKUP(A115,Socioeconômico!A$2:M$405,13,FALSE)",=(2*F115+G115+2*H115)/5/100,"=VLOOKUP(A115,Demográfico!A$2:E$400,5,FALSE)/(VLOOKUP(C115,Controle!A$2:G$9,7,FALSE))*D115","=VLOOKUP(A115,Demográfico!A$2:E$400,5,FALSE)/(VLOOKUP(C115,Controle!A$16:G$24,7,FALSE))*E115",=((J115*(1+I115))+3*(I115+K115))/4,1,"=VLOOKUP(A115,Demográfico!A$2:E$400,5,FALSE)*I115","=FLOOR(L115,1)",=L115-O115,"=RANK(P115,P$2:P$400,0)","=O115+IF(Q115<Q$1,1,0)",,"=VLOOKUP(A115,Demográfico!A$2:E$400,5,FALSE)*(I115)"
Sertanópolis,15930,"=_xlfn.IFS(B116<20000, ""P1"",B116<40000, ""P2"",B116<70000, ""P3"",B116<100000, ""P4"",B116<200000,""M1"",B116<500000,""M2"",B116<1000000,""G1"",B116>1000000,""G2"")","=VLOOKUP(C116,Controle!A$2:H$9,8,FALSE)","=VLOOKUP(C116,Controle!A$16:H$23,8,FALSE)","=VLOOKUP(A116,Educacional!A$2:P$405,16,FALSE)","=VLOOKUP(A116,Demográfico!A$2:L$405,12,FALSE)","=VLOOKUP(A116,Socioeconômico!A$2:M$405,13,FALSE)",=(2*F116+G116+2*H116)/5/100,"=VLOOKUP(A116,Demográfico!A$2:E$400,5,FALSE)/(VLOOKUP(C116,Controle!A$2:G$9,7,FALSE))*D116","=VLOOKUP(A116,Demográfico!A$2:E$400,5,FALSE)/(VLOOKUP(C116,Controle!A$16:G$24,7,FALSE))*E116",=((J116*(1+I116))+3*(I116+K116))/4,1,"=VLOOKUP(A116,Demográfico!A$2:E$400,5,FALSE)*I116","=FLOOR(L116,1)",=L116-O116,"=RANK(P116,P$2:P$400,0)","=O116+IF(Q116<Q$1,1,0)",,"=VLOOKUP(A116,Demográfico!A$2:E$400,5,FALSE)*(I116)"
Marmeleiro,15901,"=_xlfn.IFS(B117<20000, ""P1"",B117<40000, ""P2"",B117<70000, ""P3"",B117<100000, ""P4"",B117<200000,""M1"",B117<500000,""M2"",B117<1000000,""G1"",B117>1000000,""G2"")","=VLOOKUP(C117,Controle!A$2:H$9,8,FALSE)","=VLOOKUP(C117,Controle!A$16:H$23,8,FALSE)","=VLOOKUP(A117,Educacional!A$2:P$405,16,FALSE)","=VLOOKUP(A117,Demográfico!A$2:L$405,12,FALSE)","=VLOOKUP(A117,Socioeconômico!A$2:M$405,13,FALSE)",=(2*F117+G117+2*H117)/5/100,"=VLOOKUP(A117,Demográfico!A$2:E$400,5,FALSE)/(VLOOKUP(C117,Controle!A$2:G$9,7,FALSE))*D117","=VLOOKUP(A117,Demográfico!A$2:E$400,5,FALSE)/(VLOOKUP(C117,Controle!A$16:G$24,7,FALSE))*E117",=((J117*(1+I117))+3*(I117+K117))/4,1,"=VLOOKUP(A117,Demográfico!A$2:E$400,5,FALSE)*I117","=FLOOR(L117,1)",=L117-O117,"=RANK(P117,P$2:P$400,0)","=O117+IF(Q117<Q$1,1,0)",,"=VLOOKUP(A117,Demográfico!A$2:E$400,5,FALSE)*(I117)"
Tapejara,15869,"=_xlfn.IFS(B118<20000, ""P1"",B118<40000, ""P2"",B118<70000, ""P3"",B118<100000, ""P4"",B118<200000,""M1"",B118<500000,""M2"",B118<1000000,""G1"",B118>1000000,""G2"")","=VLOOKUP(C118,Controle!A$2:H$9,8,FALSE)","=VLOOKUP(C118,Controle!A$16:H$23,8,FALSE)","=VLOOKUP(A118,Educacional!A$2:P$405,16,FALSE)","=VLOOKUP(A118,Demográfico!A$2:L$405,12,FALSE)","=VLOOKUP(A118,Socioeconômico!A$2:M$405,13,FALSE)",=(2*F118+G118+2*H118)/5/100,"=VLOOKUP(A118,Demográfico!A$2:E$400,5,FALSE)/(VLOOKUP(C118,Controle!A$2:G$9,7,FALSE))*D118","=VLOOKUP(A118,Demográfico!A$2:E$400,5,FALSE)/(VLOOKUP(C118,Controle!A$16:G$24,7,FALSE))*E118",=((J118*(1+I118))+3*(I118+K118))/4,1,"=VLOOKUP(A118,Demográfico!A$2:E$400,5,FALSE)*I118","=FLOOR(L118,1)",=L118-O118,"=RANK(P118,P$2:P$400,0)","=O118+IF(Q118<Q$1,1,0)",,"=VLOOKUP(A118,Demográfico!A$2:E$400,5,FALSE)*(I118)"
Iporã,15746,"=_xlfn.IFS(B119<20000, ""P1"",B119<40000, ""P2"",B119<70000, ""P3"",B119<100000, ""P4"",B119<200000,""M1"",B119<500000,""M2"",B119<1000000,""G1"",B119>1000000,""G2"")","=VLOOKUP(C119,Controle!A$2:H$9,8,FALSE)","=VLOOKUP(C119,Controle!A$16:H$23,8,FALSE)","=VLOOKUP(A119,Educacional!A$2:P$405,16,FALSE)","=VLOOKUP(A119,Demográfico!A$2:L$405,12,FALSE)","=VLOOKUP(A119,Socioeconômico!A$2:M$405,13,FALSE)",=(2*F119+G119+2*H119)/5/100,"=VLOOKUP(A119,Demográfico!A$2:E$400,5,FALSE)/(VLOOKUP(C119,Controle!A$2:G$9,7,FALSE))*D119","=VLOOKUP(A119,Demográfico!A$2:E$400,5,FALSE)/(VLOOKUP(C119,Controle!A$16:G$24,7,FALSE))*E119",=((J119*(1+I119))+3*(I119+K119))/4,1,"=VLOOKUP(A119,Demográfico!A$2:E$400,5,FALSE)*I119","=FLOOR(L119,1)",=L119-O119,"=RANK(P119,P$2:P$400,0)","=O119+IF(Q119<Q$1,1,0)",,"=VLOOKUP(A119,Demográfico!A$2:E$400,5,FALSE)*(I119)"
Campina da Lagoa,15723,"=_xlfn.IFS(B120<20000, ""P1"",B120<40000, ""P2"",B120<70000, ""P3"",B120<100000, ""P4"",B120<200000,""M1"",B120<500000,""M2"",B120<1000000,""G1"",B120>1000000,""G2"")","=VLOOKUP(C120,Controle!A$2:H$9,8,FALSE)","=VLOOKUP(C120,Controle!A$16:H$23,8,FALSE)","=VLOOKUP(A120,Educacional!A$2:P$405,16,FALSE)","=VLOOKUP(A120,Demográfico!A$2:L$405,12,FALSE)","=VLOOKUP(A120,Socioeconômico!A$2:M$405,13,FALSE)",=(2*F120+G120+2*H120)/5/100,"=VLOOKUP(A120,Demográfico!A$2:E$400,5,FALSE)/(VLOOKUP(C120,Controle!A$2:G$9,7,FALSE))*D120","=VLOOKUP(A120,Demográfico!A$2:E$400,5,FALSE)/(VLOOKUP(C120,Controle!A$16:G$24,7,FALSE))*E120",=((J120*(1+I120))+3*(I120+K120))/4,1,"=VLOOKUP(A120,Demográfico!A$2:E$400,5,FALSE)*I120","=FLOOR(L120,1)",=L120-O120,"=RANK(P120,P$2:P$400,0)","=O120+IF(Q120<Q$1,1,0)",,"=VLOOKUP(A120,Demográfico!A$2:E$400,5,FALSE)*(I120)"
Bituruna,15533,"=_xlfn.IFS(B121<20000, ""P1"",B121<40000, ""P2"",B121<70000, ""P3"",B121<100000, ""P4"",B121<200000,""M1"",B121<500000,""M2"",B121<1000000,""G1"",B121>1000000,""G2"")","=VLOOKUP(C121,Controle!A$2:H$9,8,FALSE)","=VLOOKUP(C121,Controle!A$16:H$23,8,FALSE)","=VLOOKUP(A121,Educacional!A$2:P$405,16,FALSE)","=VLOOKUP(A121,Demográfico!A$2:L$405,12,FALSE)","=VLOOKUP(A121,Socioeconômico!A$2:M$405,13,FALSE)",=(2*F121+G121+2*H121)/5/100,"=VLOOKUP(A121,Demográfico!A$2:E$400,5,FALSE)/(VLOOKUP(C121,Controle!A$2:G$9,7,FALSE))*D121","=VLOOKUP(A121,Demográfico!A$2:E$400,5,FALSE)/(VLOOKUP(C121,Controle!A$16:G$24,7,FALSE))*E121",=((J121*(1+I121))+3*(I121+K121))/4,1,"=VLOOKUP(A121,Demográfico!A$2:E$400,5,FALSE)*I121","=FLOOR(L121,1)",=L121-O121,"=RANK(P121,P$2:P$400,0)","=O121+IF(Q121<Q$1,1,0)",,"=VLOOKUP(A121,Demográfico!A$2:E$400,5,FALSE)*(I121)"
Cândido de Abreu,15244,"=_xlfn.IFS(B122<20000, ""P1"",B122<40000, ""P2"",B122<70000, ""P3"",B122<100000, ""P4"",B122<200000,""M1"",B122<500000,""M2"",B122<1000000,""G1"",B122>1000000,""G2"")","=VLOOKUP(C122,Controle!A$2:H$9,8,FALSE)","=VLOOKUP(C122,Controle!A$16:H$23,8,FALSE)","=VLOOKUP(A122,Educacional!A$2:P$405,16,FALSE)","=VLOOKUP(A122,Demográfico!A$2:L$405,12,FALSE)","=VLOOKUP(A122,Socioeconômico!A$2:M$405,13,FALSE)",=(2*F122+G122+2*H122)/5/100,"=VLOOKUP(A122,Demográfico!A$2:E$400,5,FALSE)/(VLOOKUP(C122,Controle!A$2:G$9,7,FALSE))*D122","=VLOOKUP(A122,Demográfico!A$2:E$400,5,FALSE)/(VLOOKUP(C122,Controle!A$16:G$24,7,FALSE))*E122",=((J122*(1+I122))+3*(I122+K122))/4,1,"=VLOOKUP(A122,Demográfico!A$2:E$400,5,FALSE)*I122","=FLOOR(L122,1)",=L122-O122,"=RANK(P122,P$2:P$400,0)","=O122+IF(Q122<Q$1,1,0)",,"=VLOOKUP(A122,Demográfico!A$2:E$400,5,FALSE)*(I122)"
Salto do Lontra,15223,"=_xlfn.IFS(B123<20000, ""P1"",B123<40000, ""P2"",B123<70000, ""P3"",B123<100000, ""P4"",B123<200000,""M1"",B123<500000,""M2"",B123<1000000,""G1"",B123>1000000,""G2"")","=VLOOKUP(C123,Controle!A$2:H$9,8,FALSE)","=VLOOKUP(C123,Controle!A$16:H$23,8,FALSE)","=VLOOKUP(A123,Educacional!A$2:P$405,16,FALSE)","=VLOOKUP(A123,Demográfico!A$2:L$405,12,FALSE)","=VLOOKUP(A123,Socioeconômico!A$2:M$405,13,FALSE)",=(2*F123+G123+2*H123)/5/100,"=VLOOKUP(A123,Demográfico!A$2:E$400,5,FALSE)/(VLOOKUP(C123,Controle!A$2:G$9,7,FALSE))*D123","=VLOOKUP(A123,Demográfico!A$2:E$400,5,FALSE)/(VLOOKUP(C123,Controle!A$16:G$24,7,FALSE))*E123",=((J123*(1+I123))+3*(I123+K123))/4,1,"=VLOOKUP(A123,Demográfico!A$2:E$400,5,FALSE)*I123","=FLOOR(L123,1)",=L123-O123,"=RANK(P123,P$2:P$400,0)","=O123+IF(Q123<Q$1,1,0)",,"=VLOOKUP(A123,Demográfico!A$2:E$400,5,FALSE)*(I123)"
Jaguapitã,15122,"=_xlfn.IFS(B124<20000, ""P1"",B124<40000, ""P2"",B124<70000, ""P3"",B124<100000, ""P4"",B124<200000,""M1"",B124<500000,""M2"",B124<1000000,""G1"",B124>1000000,""G2"")","=VLOOKUP(C124,Controle!A$2:H$9,8,FALSE)","=VLOOKUP(C124,Controle!A$16:H$23,8,FALSE)","=VLOOKUP(A124,Educacional!A$2:P$405,16,FALSE)","=VLOOKUP(A124,Demográfico!A$2:L$405,12,FALSE)","=VLOOKUP(A124,Socioeconômico!A$2:M$405,13,FALSE)",=(2*F124+G124+2*H124)/5/100,"=VLOOKUP(A124,Demográfico!A$2:E$400,5,FALSE)/(VLOOKUP(C124,Controle!A$2:G$9,7,FALSE))*D124","=VLOOKUP(A124,Demográfico!A$2:E$400,5,FALSE)/(VLOOKUP(C124,Controle!A$16:G$24,7,FALSE))*E124",=((J124*(1+I124))+3*(I124+K124))/4,1,"=VLOOKUP(A124,Demográfico!A$2:E$400,5,FALSE)*I124","=FLOOR(L124,1)",=L124-O124,"=RANK(P124,P$2:P$400,0)","=O124+IF(Q124<Q$1,1,0)",,"=VLOOKUP(A124,Demográfico!A$2:E$400,5,FALSE)*(I124)"
Clevelândia,15070,"=_xlfn.IFS(B125<20000, ""P1"",B125<40000, ""P2"",B125<70000, ""P3"",B125<100000, ""P4"",B125<200000,""M1"",B125<500000,""M2"",B125<1000000,""G1"",B125>1000000,""G2"")","=VLOOKUP(C125,Controle!A$2:H$9,8,FALSE)","=VLOOKUP(C125,Controle!A$16:H$23,8,FALSE)","=VLOOKUP(A125,Educacional!A$2:P$405,16,FALSE)","=VLOOKUP(A125,Demográfico!A$2:L$405,12,FALSE)","=VLOOKUP(A125,Socioeconômico!A$2:M$405,13,FALSE)",=(2*F125+G125+2*H125)/5/100,"=VLOOKUP(A125,Demográfico!A$2:E$400,5,FALSE)/(VLOOKUP(C125,Controle!A$2:G$9,7,FALSE))*D125","=VLOOKUP(A125,Demográfico!A$2:E$400,5,FALSE)/(VLOOKUP(C125,Controle!A$16:G$24,7,FALSE))*E125",=((J125*(1+I125))+3*(I125+K125))/4,1,"=VLOOKUP(A125,Demográfico!A$2:E$400,5,FALSE)*I125","=FLOOR(L125,1)",=L125-O125,"=RANK(P125,P$2:P$400,0)","=O125+IF(Q125<Q$1,1,0)",,"=VLOOKUP(A125,Demográfico!A$2:E$400,5,FALSE)*(I125)"
Candói,14973,"=_xlfn.IFS(B126<20000, ""P1"",B126<40000, ""P2"",B126<70000, ""P3"",B126<100000, ""P4"",B126<200000,""M1"",B126<500000,""M2"",B126<1000000,""G1"",B126>1000000,""G2"")","=VLOOKUP(C126,Controle!A$2:H$9,8,FALSE)","=VLOOKUP(C126,Controle!A$16:H$23,8,FALSE)","=VLOOKUP(A126,Educacional!A$2:P$405,16,FALSE)","=VLOOKUP(A126,Demográfico!A$2:L$405,12,FALSE)","=VLOOKUP(A126,Socioeconômico!A$2:M$405,13,FALSE)",=(2*F126+G126+2*H126)/5/100,"=VLOOKUP(A126,Demográfico!A$2:E$400,5,FALSE)/(VLOOKUP(C126,Controle!A$2:G$9,7,FALSE))*D126","=VLOOKUP(A126,Demográfico!A$2:E$400,5,FALSE)/(VLOOKUP(C126,Controle!A$16:G$24,7,FALSE))*E126",=((J126*(1+I126))+3*(I126+K126))/4,1,"=VLOOKUP(A126,Demográfico!A$2:E$400,5,FALSE)*I126","=FLOOR(L126,1)",=L126-O126,"=RANK(P126,P$2:P$400,0)","=O126+IF(Q126<Q$1,1,0)",,"=VLOOKUP(A126,Demográfico!A$2:E$400,5,FALSE)*(I126)"
Terra Rica,14842,"=_xlfn.IFS(B127<20000, ""P1"",B127<40000, ""P2"",B127<70000, ""P3"",B127<100000, ""P4"",B127<200000,""M1"",B127<500000,""M2"",B127<1000000,""G1"",B127>1000000,""G2"")","=VLOOKUP(C127,Controle!A$2:H$9,8,FALSE)","=VLOOKUP(C127,Controle!A$16:H$23,8,FALSE)","=VLOOKUP(A127,Educacional!A$2:P$405,16,FALSE)","=VLOOKUP(A127,Demográfico!A$2:L$405,12,FALSE)","=VLOOKUP(A127,Socioeconômico!A$2:M$405,13,FALSE)",=(2*F127+G127+2*H127)/5/100,"=VLOOKUP(A127,Demográfico!A$2:E$400,5,FALSE)/(VLOOKUP(C127,Controle!A$2:G$9,7,FALSE))*D127","=VLOOKUP(A127,Demográfico!A$2:E$400,5,FALSE)/(VLOOKUP(C127,Controle!A$16:G$24,7,FALSE))*E127",=((J127*(1+I127))+3*(I127+K127))/4,1,"=VLOOKUP(A127,Demográfico!A$2:E$400,5,FALSE)*I127","=FLOOR(L127,1)",=L127-O127,"=RANK(P127,P$2:P$400,0)","=O127+IF(Q127<Q$1,1,0)",,"=VLOOKUP(A127,Demográfico!A$2:E$400,5,FALSE)*(I127)"
Bela Vista do Paraíso,14833,"=_xlfn.IFS(B128<20000, ""P1"",B128<40000, ""P2"",B128<70000, ""P3"",B128<100000, ""P4"",B128<200000,""M1"",B128<500000,""M2"",B128<1000000,""G1"",B128>1000000,""G2"")","=VLOOKUP(C128,Controle!A$2:H$9,8,FALSE)","=VLOOKUP(C128,Controle!A$16:H$23,8,FALSE)","=VLOOKUP(A128,Educacional!A$2:P$405,16,FALSE)","=VLOOKUP(A128,Demográfico!A$2:L$405,12,FALSE)","=VLOOKUP(A128,Socioeconômico!A$2:M$405,13,FALSE)",=(2*F128+G128+2*H128)/5/100,"=VLOOKUP(A128,Demográfico!A$2:E$400,5,FALSE)/(VLOOKUP(C128,Controle!A$2:G$9,7,FALSE))*D128","=VLOOKUP(A128,Demográfico!A$2:E$400,5,FALSE)/(VLOOKUP(C128,Controle!A$16:G$24,7,FALSE))*E128",=((J128*(1+I128))+3*(I128+K128))/4,1,"=VLOOKUP(A128,Demográfico!A$2:E$400,5,FALSE)*I128","=FLOOR(L128,1)",=L128-O128,"=RANK(P128,P$2:P$400,0)","=O128+IF(Q128<Q$1,1,0)",,"=VLOOKUP(A128,Demográfico!A$2:E$400,5,FALSE)*(I128)"
Capitão Leônidas Marques,14648,"=_xlfn.IFS(B129<20000, ""P1"",B129<40000, ""P2"",B129<70000, ""P3"",B129<100000, ""P4"",B129<200000,""M1"",B129<500000,""M2"",B129<1000000,""G1"",B129>1000000,""G2"")","=VLOOKUP(C129,Controle!A$2:H$9,8,FALSE)","=VLOOKUP(C129,Controle!A$16:H$23,8,FALSE)","=VLOOKUP(A129,Educacional!A$2:P$405,16,FALSE)","=VLOOKUP(A129,Demográfico!A$2:L$405,12,FALSE)","=VLOOKUP(A129,Socioeconômico!A$2:M$405,13,FALSE)",=(2*F129+G129+2*H129)/5/100,"=VLOOKUP(A129,Demográfico!A$2:E$400,5,FALSE)/(VLOOKUP(C129,Controle!A$2:G$9,7,FALSE))*D129","=VLOOKUP(A129,Demográfico!A$2:E$400,5,FALSE)/(VLOOKUP(C129,Controle!A$16:G$24,7,FALSE))*E129",=((J129*(1+I129))+3*(I129+K129))/4,1,"=VLOOKUP(A129,Demográfico!A$2:E$400,5,FALSE)*I129","=FLOOR(L129,1)",=L129-O129,"=RANK(P129,P$2:P$400,0)","=O129+IF(Q129<Q$1,1,0)",,"=VLOOKUP(A129,Demográfico!A$2:E$400,5,FALSE)*(I129)"
Rebouças,14514,"=_xlfn.IFS(B130<20000, ""P1"",B130<40000, ""P2"",B130<70000, ""P3"",B130<100000, ""P4"",B130<200000,""M1"",B130<500000,""M2"",B130<1000000,""G1"",B130>1000000,""G2"")","=VLOOKUP(C130,Controle!A$2:H$9,8,FALSE)","=VLOOKUP(C130,Controle!A$16:H$23,8,FALSE)","=VLOOKUP(A130,Educacional!A$2:P$405,16,FALSE)","=VLOOKUP(A130,Demográfico!A$2:L$405,12,FALSE)","=VLOOKUP(A130,Socioeconômico!A$2:M$405,13,FALSE)",=(2*F130+G130+2*H130)/5/100,"=VLOOKUP(A130,Demográfico!A$2:E$400,5,FALSE)/(VLOOKUP(C130,Controle!A$2:G$9,7,FALSE))*D130","=VLOOKUP(A130,Demográfico!A$2:E$400,5,FALSE)/(VLOOKUP(C130,Controle!A$16:G$24,7,FALSE))*E130",=((J130*(1+I130))+3*(I130+K130))/4,1,"=VLOOKUP(A130,Demográfico!A$2:E$400,5,FALSE)*I130","=FLOOR(L130,1)",=L130-O130,"=RANK(P130,P$2:P$400,0)","=O130+IF(Q130<Q$1,1,0)",,"=VLOOKUP(A130,Demográfico!A$2:E$400,5,FALSE)*(I130)"
Araruna,14485,"=_xlfn.IFS(B131<20000, ""P1"",B131<40000, ""P2"",B131<70000, ""P3"",B131<100000, ""P4"",B131<200000,""M1"",B131<500000,""M2"",B131<1000000,""G1"",B131>1000000,""G2"")","=VLOOKUP(C131,Controle!A$2:H$9,8,FALSE)","=VLOOKUP(C131,Controle!A$16:H$23,8,FALSE)","=VLOOKUP(A131,Educacional!A$2:P$405,16,FALSE)","=VLOOKUP(A131,Demográfico!A$2:L$405,12,FALSE)","=VLOOKUP(A131,Socioeconômico!A$2:M$405,13,FALSE)",=(2*F131+G131+2*H131)/5/100,"=VLOOKUP(A131,Demográfico!A$2:E$400,5,FALSE)/(VLOOKUP(C131,Controle!A$2:G$9,7,FALSE))*D131","=VLOOKUP(A131,Demográfico!A$2:E$400,5,FALSE)/(VLOOKUP(C131,Controle!A$16:G$24,7,FALSE))*E131",=((J131*(1+I131))+3*(I131+K131))/4,1,"=VLOOKUP(A131,Demográfico!A$2:E$400,5,FALSE)*I131","=FLOOR(L131,1)",=L131-O131,"=RANK(P131,P$2:P$400,0)","=O131+IF(Q131<Q$1,1,0)",,"=VLOOKUP(A131,Demográfico!A$2:E$400,5,FALSE)*(I131)"
Planalto,14374,"=_xlfn.IFS(B132<20000, ""P1"",B132<40000, ""P2"",B132<70000, ""P3"",B132<100000, ""P4"",B132<200000,""M1"",B132<500000,""M2"",B132<1000000,""G1"",B132>1000000,""G2"")","=VLOOKUP(C132,Controle!A$2:H$9,8,FALSE)","=VLOOKUP(C132,Controle!A$16:H$23,8,FALSE)","=VLOOKUP(A132,Educacional!A$2:P$405,16,FALSE)","=VLOOKUP(A132,Demográfico!A$2:L$405,12,FALSE)","=VLOOKUP(A132,Socioeconômico!A$2:M$405,13,FALSE)",=(2*F132+G132+2*H132)/5/100,"=VLOOKUP(A132,Demográfico!A$2:E$400,5,FALSE)/(VLOOKUP(C132,Controle!A$2:G$9,7,FALSE))*D132","=VLOOKUP(A132,Demográfico!A$2:E$400,5,FALSE)/(VLOOKUP(C132,Controle!A$16:G$24,7,FALSE))*E132",=((J132*(1+I132))+3*(I132+K132))/4,1,"=VLOOKUP(A132,Demográfico!A$2:E$400,5,FALSE)*I132","=FLOOR(L132,1)",=L132-O132,"=RANK(P132,P$2:P$400,0)","=O132+IF(Q132<Q$1,1,0)",,"=VLOOKUP(A132,Demográfico!A$2:E$400,5,FALSE)*(I132)"
Imbaú,14249,"=_xlfn.IFS(B133<20000, ""P1"",B133<40000, ""P2"",B133<70000, ""P3"",B133<100000, ""P4"",B133<200000,""M1"",B133<500000,""M2"",B133<1000000,""G1"",B133>1000000,""G2"")","=VLOOKUP(C133,Controle!A$2:H$9,8,FALSE)","=VLOOKUP(C133,Controle!A$16:H$23,8,FALSE)","=VLOOKUP(A133,Educacional!A$2:P$405,16,FALSE)","=VLOOKUP(A133,Demográfico!A$2:L$405,12,FALSE)","=VLOOKUP(A133,Socioeconômico!A$2:M$405,13,FALSE)",=(2*F133+G133+2*H133)/5/100,"=VLOOKUP(A133,Demográfico!A$2:E$400,5,FALSE)/(VLOOKUP(C133,Controle!A$2:G$9,7,FALSE))*D133","=VLOOKUP(A133,Demográfico!A$2:E$400,5,FALSE)/(VLOOKUP(C133,Controle!A$16:G$24,7,FALSE))*E133",=((J133*(1+I133))+3*(I133+K133))/4,1,"=VLOOKUP(A133,Demográfico!A$2:E$400,5,FALSE)*I133","=FLOOR(L133,1)",=L133-O133,"=RANK(P133,P$2:P$400,0)","=O133+IF(Q133<Q$1,1,0)",,"=VLOOKUP(A133,Demográfico!A$2:E$400,5,FALSE)*(I133)"
Manoel Ribas,14240,"=_xlfn.IFS(B134<20000, ""P1"",B134<40000, ""P2"",B134<70000, ""P3"",B134<100000, ""P4"",B134<200000,""M1"",B134<500000,""M2"",B134<1000000,""G1"",B134>1000000,""G2"")","=VLOOKUP(C134,Controle!A$2:H$9,8,FALSE)","=VLOOKUP(C134,Controle!A$16:H$23,8,FALSE)","=VLOOKUP(A134,Educacional!A$2:P$405,16,FALSE)","=VLOOKUP(A134,Demográfico!A$2:L$405,12,FALSE)","=VLOOKUP(A134,Socioeconômico!A$2:M$405,13,FALSE)",=(2*F134+G134+2*H134)/5/100,"=VLOOKUP(A134,Demográfico!A$2:E$400,5,FALSE)/(VLOOKUP(C134,Controle!A$2:G$9,7,FALSE))*D134","=VLOOKUP(A134,Demográfico!A$2:E$400,5,FALSE)/(VLOOKUP(C134,Controle!A$16:G$24,7,FALSE))*E134",=((J134*(1+I134))+3*(I134+K134))/4,1,"=VLOOKUP(A134,Demográfico!A$2:E$400,5,FALSE)*I134","=FLOOR(L134,1)",=L134-O134,"=RANK(P134,P$2:P$400,0)","=O134+IF(Q134<Q$1,1,0)",,"=VLOOKUP(A134,Demográfico!A$2:E$400,5,FALSE)*(I134)"
Turvo,14231,"=_xlfn.IFS(B135<20000, ""P1"",B135<40000, ""P2"",B135<70000, ""P3"",B135<100000, ""P4"",B135<200000,""M1"",B135<500000,""M2"",B135<1000000,""G1"",B135>1000000,""G2"")","=VLOOKUP(C135,Controle!A$2:H$9,8,FALSE)","=VLOOKUP(C135,Controle!A$16:H$23,8,FALSE)","=VLOOKUP(A135,Educacional!A$2:P$405,16,FALSE)","=VLOOKUP(A135,Demográfico!A$2:L$405,12,FALSE)","=VLOOKUP(A135,Socioeconômico!A$2:M$405,13,FALSE)",=(2*F135+G135+2*H135)/5/100,"=VLOOKUP(A135,Demográfico!A$2:E$400,5,FALSE)/(VLOOKUP(C135,Controle!A$2:G$9,7,FALSE))*D135","=VLOOKUP(A135,Demográfico!A$2:E$400,5,FALSE)/(VLOOKUP(C135,Controle!A$16:G$24,7,FALSE))*E135",=((J135*(1+I135))+3*(I135+K135))/4,1,"=VLOOKUP(A135,Demográfico!A$2:E$400,5,FALSE)*I135","=FLOOR(L135,1)",=L135-O135,"=RANK(P135,P$2:P$400,0)","=O135+IF(Q135<Q$1,1,0)",,"=VLOOKUP(A135,Demográfico!A$2:E$400,5,FALSE)*(I135)"
Ipiranga,14142,"=_xlfn.IFS(B136<20000, ""P1"",B136<40000, ""P2"",B136<70000, ""P3"",B136<100000, ""P4"",B136<200000,""M1"",B136<500000,""M2"",B136<1000000,""G1"",B136>1000000,""G2"")","=VLOOKUP(C136,Controle!A$2:H$9,8,FALSE)","=VLOOKUP(C136,Controle!A$16:H$23,8,FALSE)","=VLOOKUP(A136,Educacional!A$2:P$405,16,FALSE)","=VLOOKUP(A136,Demográfico!A$2:L$405,12,FALSE)","=VLOOKUP(A136,Socioeconômico!A$2:M$405,13,FALSE)",=(2*F136+G136+2*H136)/5/100,"=VLOOKUP(A136,Demográfico!A$2:E$400,5,FALSE)/(VLOOKUP(C136,Controle!A$2:G$9,7,FALSE))*D136","=VLOOKUP(A136,Demográfico!A$2:E$400,5,FALSE)/(VLOOKUP(C136,Controle!A$16:G$24,7,FALSE))*E136",=((J136*(1+I136))+3*(I136+K136))/4,1,"=VLOOKUP(A136,Demográfico!A$2:E$400,5,FALSE)*I136","=FLOOR(L136,1)",=L136-O136,"=RANK(P136,P$2:P$400,0)","=O136+IF(Q136<Q$1,1,0)",,"=VLOOKUP(A136,Demográfico!A$2:E$400,5,FALSE)*(I136)"
Santa Izabel do Oeste,14070,"=_xlfn.IFS(B137<20000, ""P1"",B137<40000, ""P2"",B137<70000, ""P3"",B137<100000, ""P4"",B137<200000,""M1"",B137<500000,""M2"",B137<1000000,""G1"",B137>1000000,""G2"")","=VLOOKUP(C137,Controle!A$2:H$9,8,FALSE)","=VLOOKUP(C137,Controle!A$16:H$23,8,FALSE)","=VLOOKUP(A137,Educacional!A$2:P$405,16,FALSE)","=VLOOKUP(A137,Demográfico!A$2:L$405,12,FALSE)","=VLOOKUP(A137,Socioeconômico!A$2:M$405,13,FALSE)",=(2*F137+G137+2*H137)/5/100,"=VLOOKUP(A137,Demográfico!A$2:E$400,5,FALSE)/(VLOOKUP(C137,Controle!A$2:G$9,7,FALSE))*D137","=VLOOKUP(A137,Demográfico!A$2:E$400,5,FALSE)/(VLOOKUP(C137,Controle!A$16:G$24,7,FALSE))*E137",=((J137*(1+I137))+3*(I137+K137))/4,1,"=VLOOKUP(A137,Demográfico!A$2:E$400,5,FALSE)*I137","=FLOOR(L137,1)",=L137-O137,"=RANK(P137,P$2:P$400,0)","=O137+IF(Q137<Q$1,1,0)",,"=VLOOKUP(A137,Demográfico!A$2:E$400,5,FALSE)*(I137)"
Rio Azul,14025,"=_xlfn.IFS(B138<20000, ""P1"",B138<40000, ""P2"",B138<70000, ""P3"",B138<100000, ""P4"",B138<200000,""M1"",B138<500000,""M2"",B138<1000000,""G1"",B138>1000000,""G2"")","=VLOOKUP(C138,Controle!A$2:H$9,8,FALSE)","=VLOOKUP(C138,Controle!A$16:H$23,8,FALSE)","=VLOOKUP(A138,Educacional!A$2:P$405,16,FALSE)","=VLOOKUP(A138,Demográfico!A$2:L$405,12,FALSE)","=VLOOKUP(A138,Socioeconômico!A$2:M$405,13,FALSE)",=(2*F138+G138+2*H138)/5/100,"=VLOOKUP(A138,Demográfico!A$2:E$400,5,FALSE)/(VLOOKUP(C138,Controle!A$2:G$9,7,FALSE))*D138","=VLOOKUP(A138,Demográfico!A$2:E$400,5,FALSE)/(VLOOKUP(C138,Controle!A$16:G$24,7,FALSE))*E138",=((J138*(1+I138))+3*(I138+K138))/4,1,"=VLOOKUP(A138,Demográfico!A$2:E$400,5,FALSE)*I138","=FLOOR(L138,1)",=L138-O138,"=RANK(P138,P$2:P$400,0)","=O138+IF(Q138<Q$1,1,0)",,"=VLOOKUP(A138,Demográfico!A$2:E$400,5,FALSE)*(I138)"
Rio Bonito do Iguaçu,13929,"=_xlfn.IFS(B139<20000, ""P1"",B139<40000, ""P2"",B139<70000, ""P3"",B139<100000, ""P4"",B139<200000,""M1"",B139<500000,""M2"",B139<1000000,""G1"",B139>1000000,""G2"")","=VLOOKUP(C139,Controle!A$2:H$9,8,FALSE)","=VLOOKUP(C139,Controle!A$16:H$23,8,FALSE)","=VLOOKUP(A139,Educacional!A$2:P$405,16,FALSE)","=VLOOKUP(A139,Demográfico!A$2:L$405,12,FALSE)","=VLOOKUP(A139,Socioeconômico!A$2:M$405,13,FALSE)",=(2*F139+G139+2*H139)/5/100,"=VLOOKUP(A139,Demográfico!A$2:E$400,5,FALSE)/(VLOOKUP(C139,Controle!A$2:G$9,7,FALSE))*D139","=VLOOKUP(A139,Demográfico!A$2:E$400,5,FALSE)/(VLOOKUP(C139,Controle!A$16:G$24,7,FALSE))*E139",=((J139*(1+I139))+3*(I139+K139))/4,1,"=VLOOKUP(A139,Demográfico!A$2:E$400,5,FALSE)*I139","=FLOOR(L139,1)",=L139-O139,"=RANK(P139,P$2:P$400,0)","=O139+IF(Q139<Q$1,1,0)",,"=VLOOKUP(A139,Demográfico!A$2:E$400,5,FALSE)*(I139)"
Alto Paraná,13909,"=_xlfn.IFS(B140<20000, ""P1"",B140<40000, ""P2"",B140<70000, ""P3"",B140<100000, ""P4"",B140<200000,""M1"",B140<500000,""M2"",B140<1000000,""G1"",B140>1000000,""G2"")","=VLOOKUP(C140,Controle!A$2:H$9,8,FALSE)","=VLOOKUP(C140,Controle!A$16:H$23,8,FALSE)","=VLOOKUP(A140,Educacional!A$2:P$405,16,FALSE)","=VLOOKUP(A140,Demográfico!A$2:L$405,12,FALSE)","=VLOOKUP(A140,Socioeconômico!A$2:M$405,13,FALSE)",=(2*F140+G140+2*H140)/5/100,"=VLOOKUP(A140,Demográfico!A$2:E$400,5,FALSE)/(VLOOKUP(C140,Controle!A$2:G$9,7,FALSE))*D140","=VLOOKUP(A140,Demográfico!A$2:E$400,5,FALSE)/(VLOOKUP(C140,Controle!A$16:G$24,7,FALSE))*E140",=((J140*(1+I140))+3*(I140+K140))/4,1,"=VLOOKUP(A140,Demográfico!A$2:E$400,5,FALSE)*I140","=FLOOR(L140,1)",=L140-O140,"=RANK(P140,P$2:P$400,0)","=O140+IF(Q140<Q$1,1,0)",,"=VLOOKUP(A140,Demográfico!A$2:E$400,5,FALSE)*(I140)"
Assaí,13797,"=_xlfn.IFS(B141<20000, ""P1"",B141<40000, ""P2"",B141<70000, ""P3"",B141<100000, ""P4"",B141<200000,""M1"",B141<500000,""M2"",B141<1000000,""G1"",B141>1000000,""G2"")","=VLOOKUP(C141,Controle!A$2:H$9,8,FALSE)","=VLOOKUP(C141,Controle!A$16:H$23,8,FALSE)","=VLOOKUP(A141,Educacional!A$2:P$405,16,FALSE)","=VLOOKUP(A141,Demográfico!A$2:L$405,12,FALSE)","=VLOOKUP(A141,Socioeconômico!A$2:M$405,13,FALSE)",=(2*F141+G141+2*H141)/5/100,"=VLOOKUP(A141,Demográfico!A$2:E$400,5,FALSE)/(VLOOKUP(C141,Controle!A$2:G$9,7,FALSE))*D141","=VLOOKUP(A141,Demográfico!A$2:E$400,5,FALSE)/(VLOOKUP(C141,Controle!A$16:G$24,7,FALSE))*E141",=((J141*(1+I141))+3*(I141+K141))/4,1,"=VLOOKUP(A141,Demográfico!A$2:E$400,5,FALSE)*I141","=FLOOR(L141,1)",=L141-O141,"=RANK(P141,P$2:P$400,0)","=O141+IF(Q141<Q$1,1,0)",,"=VLOOKUP(A141,Demográfico!A$2:E$400,5,FALSE)*(I141)"
Nova Aurora,13765,"=_xlfn.IFS(B142<20000, ""P1"",B142<40000, ""P2"",B142<70000, ""P3"",B142<100000, ""P4"",B142<200000,""M1"",B142<500000,""M2"",B142<1000000,""G1"",B142>1000000,""G2"")","=VLOOKUP(C142,Controle!A$2:H$9,8,FALSE)","=VLOOKUP(C142,Controle!A$16:H$23,8,FALSE)","=VLOOKUP(A142,Educacional!A$2:P$405,16,FALSE)","=VLOOKUP(A142,Demográfico!A$2:L$405,12,FALSE)","=VLOOKUP(A142,Socioeconômico!A$2:M$405,13,FALSE)",=(2*F142+G142+2*H142)/5/100,"=VLOOKUP(A142,Demográfico!A$2:E$400,5,FALSE)/(VLOOKUP(C142,Controle!A$2:G$9,7,FALSE))*D142","=VLOOKUP(A142,Demográfico!A$2:E$400,5,FALSE)/(VLOOKUP(C142,Controle!A$16:G$24,7,FALSE))*E142",=((J142*(1+I142))+3*(I142+K142))/4,1,"=VLOOKUP(A142,Demográfico!A$2:E$400,5,FALSE)*I142","=FLOOR(L142,1)",=L142-O142,"=RANK(P142,P$2:P$400,0)","=O142+IF(Q142<Q$1,1,0)",,"=VLOOKUP(A142,Demográfico!A$2:E$400,5,FALSE)*(I142)"
Guaraniaçu,13735,"=_xlfn.IFS(B143<20000, ""P1"",B143<40000, ""P2"",B143<70000, ""P3"",B143<100000, ""P4"",B143<200000,""M1"",B143<500000,""M2"",B143<1000000,""G1"",B143>1000000,""G2"")","=VLOOKUP(C143,Controle!A$2:H$9,8,FALSE)","=VLOOKUP(C143,Controle!A$16:H$23,8,FALSE)","=VLOOKUP(A143,Educacional!A$2:P$405,16,FALSE)","=VLOOKUP(A143,Demográfico!A$2:L$405,12,FALSE)","=VLOOKUP(A143,Socioeconômico!A$2:M$405,13,FALSE)",=(2*F143+G143+2*H143)/5/100,"=VLOOKUP(A143,Demográfico!A$2:E$400,5,FALSE)/(VLOOKUP(C143,Controle!A$2:G$9,7,FALSE))*D143","=VLOOKUP(A143,Demográfico!A$2:E$400,5,FALSE)/(VLOOKUP(C143,Controle!A$16:G$24,7,FALSE))*E143",=((J143*(1+I143))+3*(I143+K143))/4,1,"=VLOOKUP(A143,Demográfico!A$2:E$400,5,FALSE)*I143","=FLOOR(L143,1)",=L143-O143,"=RANK(P143,P$2:P$400,0)","=O143+IF(Q143<Q$1,1,0)",,"=VLOOKUP(A143,Demográfico!A$2:E$400,5,FALSE)*(I143)"
São João do Triunfo,13726,"=_xlfn.IFS(B144<20000, ""P1"",B144<40000, ""P2"",B144<70000, ""P3"",B144<100000, ""P4"",B144<200000,""M1"",B144<500000,""M2"",B144<1000000,""G1"",B144>1000000,""G2"")","=VLOOKUP(C144,Controle!A$2:H$9,8,FALSE)","=VLOOKUP(C144,Controle!A$16:H$23,8,FALSE)","=VLOOKUP(A144,Educacional!A$2:P$405,16,FALSE)","=VLOOKUP(A144,Demográfico!A$2:L$405,12,FALSE)","=VLOOKUP(A144,Socioeconômico!A$2:M$405,13,FALSE)",=(2*F144+G144+2*H144)/5/100,"=VLOOKUP(A144,Demográfico!A$2:E$400,5,FALSE)/(VLOOKUP(C144,Controle!A$2:G$9,7,FALSE))*D144","=VLOOKUP(A144,Demográfico!A$2:E$400,5,FALSE)/(VLOOKUP(C144,Controle!A$16:G$24,7,FALSE))*E144",=((J144*(1+I144))+3*(I144+K144))/4,1,"=VLOOKUP(A144,Demográfico!A$2:E$400,5,FALSE)*I144","=FLOOR(L144,1)",=L144-O144,"=RANK(P144,P$2:P$400,0)","=O144+IF(Q144<Q$1,1,0)",,"=VLOOKUP(A144,Demográfico!A$2:E$400,5,FALSE)*(I144)"
Piên,13655,"=_xlfn.IFS(B145<20000, ""P1"",B145<40000, ""P2"",B145<70000, ""P3"",B145<100000, ""P4"",B145<200000,""M1"",B145<500000,""M2"",B145<1000000,""G1"",B145>1000000,""G2"")","=VLOOKUP(C145,Controle!A$2:H$9,8,FALSE)","=VLOOKUP(C145,Controle!A$16:H$23,8,FALSE)","=VLOOKUP(A145,Educacional!A$2:P$405,16,FALSE)","=VLOOKUP(A145,Demográfico!A$2:L$405,12,FALSE)","=VLOOKUP(A145,Socioeconômico!A$2:M$405,13,FALSE)",=(2*F145+G145+2*H145)/5/100,"=VLOOKUP(A145,Demográfico!A$2:E$400,5,FALSE)/(VLOOKUP(C145,Controle!A$2:G$9,7,FALSE))*D145","=VLOOKUP(A145,Demográfico!A$2:E$400,5,FALSE)/(VLOOKUP(C145,Controle!A$16:G$24,7,FALSE))*E145",=((J145*(1+I145))+3*(I145+K145))/4,1,"=VLOOKUP(A145,Demográfico!A$2:E$400,5,FALSE)*I145","=FLOOR(L145,1)",=L145-O145,"=RANK(P145,P$2:P$400,0)","=O145+IF(Q145<Q$1,1,0)",,"=VLOOKUP(A145,Demográfico!A$2:E$400,5,FALSE)*(I145)"
Curiúva,13647,"=_xlfn.IFS(B146<20000, ""P1"",B146<40000, ""P2"",B146<70000, ""P3"",B146<100000, ""P4"",B146<200000,""M1"",B146<500000,""M2"",B146<1000000,""G1"",B146>1000000,""G2"")","=VLOOKUP(C146,Controle!A$2:H$9,8,FALSE)","=VLOOKUP(C146,Controle!A$16:H$23,8,FALSE)","=VLOOKUP(A146,Educacional!A$2:P$405,16,FALSE)","=VLOOKUP(A146,Demográfico!A$2:L$405,12,FALSE)","=VLOOKUP(A146,Socioeconômico!A$2:M$405,13,FALSE)",=(2*F146+G146+2*H146)/5/100,"=VLOOKUP(A146,Demográfico!A$2:E$400,5,FALSE)/(VLOOKUP(C146,Controle!A$2:G$9,7,FALSE))*D146","=VLOOKUP(A146,Demográfico!A$2:E$400,5,FALSE)/(VLOOKUP(C146,Controle!A$16:G$24,7,FALSE))*E146",=((J146*(1+I146))+3*(I146+K146))/4,1,"=VLOOKUP(A146,Demográfico!A$2:E$400,5,FALSE)*I146","=FLOOR(L146,1)",=L146-O146,"=RANK(P146,P$2:P$400,0)","=O146+IF(Q146<Q$1,1,0)",,"=VLOOKUP(A146,Demográfico!A$2:E$400,5,FALSE)*(I146)"
Mamborê,13452,"=_xlfn.IFS(B147<20000, ""P1"",B147<40000, ""P2"",B147<70000, ""P3"",B147<100000, ""P4"",B147<200000,""M1"",B147<500000,""M2"",B147<1000000,""G1"",B147>1000000,""G2"")","=VLOOKUP(C147,Controle!A$2:H$9,8,FALSE)","=VLOOKUP(C147,Controle!A$16:H$23,8,FALSE)","=VLOOKUP(A147,Educacional!A$2:P$405,16,FALSE)","=VLOOKUP(A147,Demográfico!A$2:L$405,12,FALSE)","=VLOOKUP(A147,Socioeconômico!A$2:M$405,13,FALSE)",=(2*F147+G147+2*H147)/5/100,"=VLOOKUP(A147,Demográfico!A$2:E$400,5,FALSE)/(VLOOKUP(C147,Controle!A$2:G$9,7,FALSE))*D147","=VLOOKUP(A147,Demográfico!A$2:E$400,5,FALSE)/(VLOOKUP(C147,Controle!A$16:G$24,7,FALSE))*E147",=((J147*(1+I147))+3*(I147+K147))/4,1,"=VLOOKUP(A147,Demográfico!A$2:E$400,5,FALSE)*I147","=FLOOR(L147,1)",=L147-O147,"=RANK(P147,P$2:P$400,0)","=O147+IF(Q147<Q$1,1,0)",,"=VLOOKUP(A147,Demográfico!A$2:E$400,5,FALSE)*(I147)"
Mallet,13428,"=_xlfn.IFS(B148<20000, ""P1"",B148<40000, ""P2"",B148<70000, ""P3"",B148<100000, ""P4"",B148<200000,""M1"",B148<500000,""M2"",B148<1000000,""G1"",B148>1000000,""G2"")","=VLOOKUP(C148,Controle!A$2:H$9,8,FALSE)","=VLOOKUP(C148,Controle!A$16:H$23,8,FALSE)","=VLOOKUP(A148,Educacional!A$2:P$405,16,FALSE)","=VLOOKUP(A148,Demográfico!A$2:L$405,12,FALSE)","=VLOOKUP(A148,Socioeconômico!A$2:M$405,13,FALSE)",=(2*F148+G148+2*H148)/5/100,"=VLOOKUP(A148,Demográfico!A$2:E$400,5,FALSE)/(VLOOKUP(C148,Controle!A$2:G$9,7,FALSE))*D148","=VLOOKUP(A148,Demográfico!A$2:E$400,5,FALSE)/(VLOOKUP(C148,Controle!A$16:G$24,7,FALSE))*E148",=((J148*(1+I148))+3*(I148+K148))/4,1,"=VLOOKUP(A148,Demográfico!A$2:E$400,5,FALSE)*I148","=FLOOR(L148,1)",=L148-O148,"=RANK(P148,P$2:P$400,0)","=O148+IF(Q148<Q$1,1,0)",,"=VLOOKUP(A148,Demográfico!A$2:E$400,5,FALSE)*(I148)"
Balsa Nova,13395,"=_xlfn.IFS(B149<20000, ""P1"",B149<40000, ""P2"",B149<70000, ""P3"",B149<100000, ""P4"",B149<200000,""M1"",B149<500000,""M2"",B149<1000000,""G1"",B149>1000000,""G2"")","=VLOOKUP(C149,Controle!A$2:H$9,8,FALSE)","=VLOOKUP(C149,Controle!A$16:H$23,8,FALSE)","=VLOOKUP(A149,Educacional!A$2:P$405,16,FALSE)","=VLOOKUP(A149,Demográfico!A$2:L$405,12,FALSE)","=VLOOKUP(A149,Socioeconômico!A$2:M$405,13,FALSE)",=(2*F149+G149+2*H149)/5/100,"=VLOOKUP(A149,Demográfico!A$2:E$400,5,FALSE)/(VLOOKUP(C149,Controle!A$2:G$9,7,FALSE))*D149","=VLOOKUP(A149,Demográfico!A$2:E$400,5,FALSE)/(VLOOKUP(C149,Controle!A$16:G$24,7,FALSE))*E149",=((J149*(1+I149))+3*(I149+K149))/4,1,"=VLOOKUP(A149,Demográfico!A$2:E$400,5,FALSE)*I149","=FLOOR(L149,1)",=L149-O149,"=RANK(P149,P$2:P$400,0)","=O149+IF(Q149<Q$1,1,0)",,"=VLOOKUP(A149,Demográfico!A$2:E$400,5,FALSE)*(I149)"
Peabiru,13346,"=_xlfn.IFS(B150<20000, ""P1"",B150<40000, ""P2"",B150<70000, ""P3"",B150<100000, ""P4"",B150<200000,""M1"",B150<500000,""M2"",B150<1000000,""G1"",B150>1000000,""G2"")","=VLOOKUP(C150,Controle!A$2:H$9,8,FALSE)","=VLOOKUP(C150,Controle!A$16:H$23,8,FALSE)","=VLOOKUP(A150,Educacional!A$2:P$405,16,FALSE)","=VLOOKUP(A150,Demográfico!A$2:L$405,12,FALSE)","=VLOOKUP(A150,Socioeconômico!A$2:M$405,13,FALSE)",=(2*F150+G150+2*H150)/5/100,"=VLOOKUP(A150,Demográfico!A$2:E$400,5,FALSE)/(VLOOKUP(C150,Controle!A$2:G$9,7,FALSE))*D150","=VLOOKUP(A150,Demográfico!A$2:E$400,5,FALSE)/(VLOOKUP(C150,Controle!A$16:G$24,7,FALSE))*E150",=((J150*(1+I150))+3*(I150+K150))/4,1,"=VLOOKUP(A150,Demográfico!A$2:E$400,5,FALSE)*I150","=FLOOR(L150,1)",=L150-O150,"=RANK(P150,P$2:P$400,0)","=O150+IF(Q150<Q$1,1,0)",,"=VLOOKUP(A150,Demográfico!A$2:E$400,5,FALSE)*(I150)"
Bocaiúva do Sul,13299,"=_xlfn.IFS(B151<20000, ""P1"",B151<40000, ""P2"",B151<70000, ""P3"",B151<100000, ""P4"",B151<200000,""M1"",B151<500000,""M2"",B151<1000000,""G1"",B151>1000000,""G2"")","=VLOOKUP(C151,Controle!A$2:H$9,8,FALSE)","=VLOOKUP(C151,Controle!A$16:H$23,8,FALSE)","=VLOOKUP(A151,Educacional!A$2:P$405,16,FALSE)","=VLOOKUP(A151,Demográfico!A$2:L$405,12,FALSE)","=VLOOKUP(A151,Socioeconômico!A$2:M$405,13,FALSE)",=(2*F151+G151+2*H151)/5/100,"=VLOOKUP(A151,Demográfico!A$2:E$400,5,FALSE)/(VLOOKUP(C151,Controle!A$2:G$9,7,FALSE))*D151","=VLOOKUP(A151,Demográfico!A$2:E$400,5,FALSE)/(VLOOKUP(C151,Controle!A$16:G$24,7,FALSE))*E151",=((J151*(1+I151))+3*(I151+K151))/4,1,"=VLOOKUP(A151,Demográfico!A$2:E$400,5,FALSE)*I151","=FLOOR(L151,1)",=L151-O151,"=RANK(P151,P$2:P$400,0)","=O151+IF(Q151<Q$1,1,0)",,"=VLOOKUP(A151,Demográfico!A$2:E$400,5,FALSE)*(I151)"
Paraíso do Norte,13245,"=_xlfn.IFS(B152<20000, ""P1"",B152<40000, ""P2"",B152<70000, ""P3"",B152<100000, ""P4"",B152<200000,""M1"",B152<500000,""M2"",B152<1000000,""G1"",B152>1000000,""G2"")","=VLOOKUP(C152,Controle!A$2:H$9,8,FALSE)","=VLOOKUP(C152,Controle!A$16:H$23,8,FALSE)","=VLOOKUP(A152,Educacional!A$2:P$405,16,FALSE)","=VLOOKUP(A152,Demográfico!A$2:L$405,12,FALSE)","=VLOOKUP(A152,Socioeconômico!A$2:M$405,13,FALSE)",=(2*F152+G152+2*H152)/5/100,"=VLOOKUP(A152,Demográfico!A$2:E$400,5,FALSE)/(VLOOKUP(C152,Controle!A$2:G$9,7,FALSE))*D152","=VLOOKUP(A152,Demográfico!A$2:E$400,5,FALSE)/(VLOOKUP(C152,Controle!A$16:G$24,7,FALSE))*E152",=((J152*(1+I152))+3*(I152+K152))/4,0,"=VLOOKUP(A152,Demográfico!A$2:E$400,5,FALSE)*I152","=FLOOR(L152,1)",=L152-O152,"=RANK(P152,P$2:P$400,0)","=O152+IF(Q152<Q$1,1,0)",,"=VLOOKUP(A152,Demográfico!A$2:E$400,5,FALSE)*(I152)"
Ivaí,13229,"=_xlfn.IFS(B153<20000, ""P1"",B153<40000, ""P2"",B153<70000, ""P3"",B153<100000, ""P4"",B153<200000,""M1"",B153<500000,""M2"",B153<1000000,""G1"",B153>1000000,""G2"")","=VLOOKUP(C153,Controle!A$2:H$9,8,FALSE)","=VLOOKUP(C153,Controle!A$16:H$23,8,FALSE)","=VLOOKUP(A153,Educacional!A$2:P$405,16,FALSE)","=VLOOKUP(A153,Demográfico!A$2:L$405,12,FALSE)","=VLOOKUP(A153,Socioeconômico!A$2:M$405,13,FALSE)",=(2*F153+G153+2*H153)/5/100,"=VLOOKUP(A153,Demográfico!A$2:E$400,5,FALSE)/(VLOOKUP(C153,Controle!A$2:G$9,7,FALSE))*D153","=VLOOKUP(A153,Demográfico!A$2:E$400,5,FALSE)/(VLOOKUP(C153,Controle!A$16:G$24,7,FALSE))*E153",=((J153*(1+I153))+3*(I153+K153))/4,1,"=VLOOKUP(A153,Demográfico!A$2:E$400,5,FALSE)*I153","=FLOOR(L153,1)",=L153-O153,"=RANK(P153,P$2:P$400,0)","=O153+IF(Q153<Q$1,1,0)",,"=VLOOKUP(A153,Demográfico!A$2:E$400,5,FALSE)*(I153)"
Santa Tereza do Oeste,13174,"=_xlfn.IFS(B154<20000, ""P1"",B154<40000, ""P2"",B154<70000, ""P3"",B154<100000, ""P4"",B154<200000,""M1"",B154<500000,""M2"",B154<1000000,""G1"",B154>1000000,""G2"")","=VLOOKUP(C154,Controle!A$2:H$9,8,FALSE)","=VLOOKUP(C154,Controle!A$16:H$23,8,FALSE)","=VLOOKUP(A154,Educacional!A$2:P$405,16,FALSE)","=VLOOKUP(A154,Demográfico!A$2:L$405,12,FALSE)","=VLOOKUP(A154,Socioeconômico!A$2:M$405,13,FALSE)",=(2*F154+G154+2*H154)/5/100,"=VLOOKUP(A154,Demográfico!A$2:E$400,5,FALSE)/(VLOOKUP(C154,Controle!A$2:G$9,7,FALSE))*D154","=VLOOKUP(A154,Demográfico!A$2:E$400,5,FALSE)/(VLOOKUP(C154,Controle!A$16:G$24,7,FALSE))*E154",=((J154*(1+I154))+3*(I154+K154))/4,1,"=VLOOKUP(A154,Demográfico!A$2:E$400,5,FALSE)*I154","=FLOOR(L154,1)",=L154-O154,"=RANK(P154,P$2:P$400,0)","=O154+IF(Q154<Q$1,1,0)",,"=VLOOKUP(A154,Demográfico!A$2:E$400,5,FALSE)*(I154)"
Ribeirão do Pinhal,13060,"=_xlfn.IFS(B155<20000, ""P1"",B155<40000, ""P2"",B155<70000, ""P3"",B155<100000, ""P4"",B155<200000,""M1"",B155<500000,""M2"",B155<1000000,""G1"",B155>1000000,""G2"")","=VLOOKUP(C155,Controle!A$2:H$9,8,FALSE)","=VLOOKUP(C155,Controle!A$16:H$23,8,FALSE)","=VLOOKUP(A155,Educacional!A$2:P$405,16,FALSE)","=VLOOKUP(A155,Demográfico!A$2:L$405,12,FALSE)","=VLOOKUP(A155,Socioeconômico!A$2:M$405,13,FALSE)",=(2*F155+G155+2*H155)/5/100,"=VLOOKUP(A155,Demográfico!A$2:E$400,5,FALSE)/(VLOOKUP(C155,Controle!A$2:G$9,7,FALSE))*D155","=VLOOKUP(A155,Demográfico!A$2:E$400,5,FALSE)/(VLOOKUP(C155,Controle!A$16:G$24,7,FALSE))*E155",=((J155*(1+I155))+3*(I155+K155))/4,1,"=VLOOKUP(A155,Demográfico!A$2:E$400,5,FALSE)*I155","=FLOOR(L155,1)",=L155-O155,"=RANK(P155,P$2:P$400,0)","=O155+IF(Q155<Q$1,1,0)",,"=VLOOKUP(A155,Demográfico!A$2:E$400,5,FALSE)*(I155)"
Palmital,13033,"=_xlfn.IFS(B156<20000, ""P1"",B156<40000, ""P2"",B156<70000, ""P3"",B156<100000, ""P4"",B156<200000,""M1"",B156<500000,""M2"",B156<1000000,""G1"",B156>1000000,""G2"")","=VLOOKUP(C156,Controle!A$2:H$9,8,FALSE)","=VLOOKUP(C156,Controle!A$16:H$23,8,FALSE)","=VLOOKUP(A156,Educacional!A$2:P$405,16,FALSE)","=VLOOKUP(A156,Demográfico!A$2:L$405,12,FALSE)","=VLOOKUP(A156,Socioeconômico!A$2:M$405,13,FALSE)",=(2*F156+G156+2*H156)/5/100,"=VLOOKUP(A156,Demográfico!A$2:E$400,5,FALSE)/(VLOOKUP(C156,Controle!A$2:G$9,7,FALSE))*D156","=VLOOKUP(A156,Demográfico!A$2:E$400,5,FALSE)/(VLOOKUP(C156,Controle!A$16:G$24,7,FALSE))*E156",=((J156*(1+I156))+3*(I156+K156))/4,1,"=VLOOKUP(A156,Demográfico!A$2:E$400,5,FALSE)*I156","=FLOOR(L156,1)",=L156-O156,"=RANK(P156,P$2:P$400,0)","=O156+IF(Q156<Q$1,1,0)",,"=VLOOKUP(A156,Demográfico!A$2:E$400,5,FALSE)*(I156)"
Nova Londrina,12923,"=_xlfn.IFS(B157<20000, ""P1"",B157<40000, ""P2"",B157<70000, ""P3"",B157<100000, ""P4"",B157<200000,""M1"",B157<500000,""M2"",B157<1000000,""G1"",B157>1000000,""G2"")","=VLOOKUP(C157,Controle!A$2:H$9,8,FALSE)","=VLOOKUP(C157,Controle!A$16:H$23,8,FALSE)","=VLOOKUP(A157,Educacional!A$2:P$405,16,FALSE)","=VLOOKUP(A157,Demográfico!A$2:L$405,12,FALSE)","=VLOOKUP(A157,Socioeconômico!A$2:M$405,13,FALSE)",=(2*F157+G157+2*H157)/5/100,"=VLOOKUP(A157,Demográfico!A$2:E$400,5,FALSE)/(VLOOKUP(C157,Controle!A$2:G$9,7,FALSE))*D157","=VLOOKUP(A157,Demográfico!A$2:E$400,5,FALSE)/(VLOOKUP(C157,Controle!A$16:G$24,7,FALSE))*E157",=((J157*(1+I157))+3*(I157+K157))/4,0,"=VLOOKUP(A157,Demográfico!A$2:E$400,5,FALSE)*I157","=FLOOR(L157,1)",=L157-O157,"=RANK(P157,P$2:P$400,0)","=O157+IF(Q157<Q$1,1,0)",,"=VLOOKUP(A157,Demográfico!A$2:E$400,5,FALSE)*(I157)"
Nova Prata do Iguaçu,12699,"=_xlfn.IFS(B158<20000, ""P1"",B158<40000, ""P2"",B158<70000, ""P3"",B158<100000, ""P4"",B158<200000,""M1"",B158<500000,""M2"",B158<1000000,""G1"",B158>1000000,""G2"")","=VLOOKUP(C158,Controle!A$2:H$9,8,FALSE)","=VLOOKUP(C158,Controle!A$16:H$23,8,FALSE)","=VLOOKUP(A158,Educacional!A$2:P$405,16,FALSE)","=VLOOKUP(A158,Demográfico!A$2:L$405,12,FALSE)","=VLOOKUP(A158,Socioeconômico!A$2:M$405,13,FALSE)",=(2*F158+G158+2*H158)/5/100,"=VLOOKUP(A158,Demográfico!A$2:E$400,5,FALSE)/(VLOOKUP(C158,Controle!A$2:G$9,7,FALSE))*D158","=VLOOKUP(A158,Demográfico!A$2:E$400,5,FALSE)/(VLOOKUP(C158,Controle!A$16:G$24,7,FALSE))*E158",=((J158*(1+I158))+3*(I158+K158))/4,1,"=VLOOKUP(A158,Demográfico!A$2:E$400,5,FALSE)*I158","=FLOOR(L158,1)",=L158-O158,"=RANK(P158,P$2:P$400,0)","=O158+IF(Q158<Q$1,1,0)",,"=VLOOKUP(A158,Demográfico!A$2:E$400,5,FALSE)*(I158)"
Engenheiro Beltrão,12454,"=_xlfn.IFS(B159<20000, ""P1"",B159<40000, ""P2"",B159<70000, ""P3"",B159<100000, ""P4"",B159<200000,""M1"",B159<500000,""M2"",B159<1000000,""G1"",B159>1000000,""G2"")","=VLOOKUP(C159,Controle!A$2:H$9,8,FALSE)","=VLOOKUP(C159,Controle!A$16:H$23,8,FALSE)","=VLOOKUP(A159,Educacional!A$2:P$405,16,FALSE)","=VLOOKUP(A159,Demográfico!A$2:L$405,12,FALSE)","=VLOOKUP(A159,Socioeconômico!A$2:M$405,13,FALSE)",=(2*F159+G159+2*H159)/5/100,"=VLOOKUP(A159,Demográfico!A$2:E$400,5,FALSE)/(VLOOKUP(C159,Controle!A$2:G$9,7,FALSE))*D159","=VLOOKUP(A159,Demográfico!A$2:E$400,5,FALSE)/(VLOOKUP(C159,Controle!A$16:G$24,7,FALSE))*E159",=((J159*(1+I159))+3*(I159+K159))/4,0,"=VLOOKUP(A159,Demográfico!A$2:E$400,5,FALSE)*I159","=FLOOR(L159,1)",=L159-O159,"=RANK(P159,P$2:P$400,0)","=O159+IF(Q159<Q$1,1,0)",,"=VLOOKUP(A159,Demográfico!A$2:E$400,5,FALSE)*(I159)"
Ribeirão Claro,12364,"=_xlfn.IFS(B160<20000, ""P1"",B160<40000, ""P2"",B160<70000, ""P3"",B160<100000, ""P4"",B160<200000,""M1"",B160<500000,""M2"",B160<1000000,""G1"",B160>1000000,""G2"")","=VLOOKUP(C160,Controle!A$2:H$9,8,FALSE)","=VLOOKUP(C160,Controle!A$16:H$23,8,FALSE)","=VLOOKUP(A160,Educacional!A$2:P$405,16,FALSE)","=VLOOKUP(A160,Demográfico!A$2:L$405,12,FALSE)","=VLOOKUP(A160,Socioeconômico!A$2:M$405,13,FALSE)",=(2*F160+G160+2*H160)/5/100,"=VLOOKUP(A160,Demográfico!A$2:E$400,5,FALSE)/(VLOOKUP(C160,Controle!A$2:G$9,7,FALSE))*D160","=VLOOKUP(A160,Demográfico!A$2:E$400,5,FALSE)/(VLOOKUP(C160,Controle!A$16:G$24,7,FALSE))*E160",=((J160*(1+I160))+3*(I160+K160))/4,1,"=VLOOKUP(A160,Demográfico!A$2:E$400,5,FALSE)*I160","=FLOOR(L160,1)",=L160-O160,"=RANK(P160,P$2:P$400,0)","=O160+IF(Q160<Q$1,1,0)",,"=VLOOKUP(A160,Demográfico!A$2:E$400,5,FALSE)*(I160)"
Itapejara d'Oeste,12344,"=_xlfn.IFS(B161<20000, ""P1"",B161<40000, ""P2"",B161<70000, ""P3"",B161<100000, ""P4"",B161<200000,""M1"",B161<500000,""M2"",B161<1000000,""G1"",B161>1000000,""G2"")","=VLOOKUP(C161,Controle!A$2:H$9,8,FALSE)","=VLOOKUP(C161,Controle!A$16:H$23,8,FALSE)","=VLOOKUP(A161,Educacional!A$2:P$405,16,FALSE)","=VLOOKUP(A161,Demográfico!A$2:L$405,12,FALSE)","=VLOOKUP(A161,Socioeconômico!A$2:M$405,13,FALSE)",=(2*F161+G161+2*H161)/5/100,"=VLOOKUP(A161,Demográfico!A$2:E$400,5,FALSE)/(VLOOKUP(C161,Controle!A$2:G$9,7,FALSE))*D161","=VLOOKUP(A161,Demográfico!A$2:E$400,5,FALSE)/(VLOOKUP(C161,Controle!A$16:G$24,7,FALSE))*E161",=((J161*(1+I161))+3*(I161+K161))/4,1,"=VLOOKUP(A161,Demográfico!A$2:E$400,5,FALSE)*I161","=FLOOR(L161,1)",=L161-O161,"=RANK(P161,P$2:P$400,0)","=O161+IF(Q161<Q$1,1,0)",,"=VLOOKUP(A161,Demográfico!A$2:E$400,5,FALSE)*(I161)"
Nova Laranjeiras,12074,"=_xlfn.IFS(B162<20000, ""P1"",B162<40000, ""P2"",B162<70000, ""P3"",B162<100000, ""P4"",B162<200000,""M1"",B162<500000,""M2"",B162<1000000,""G1"",B162>1000000,""G2"")","=VLOOKUP(C162,Controle!A$2:H$9,8,FALSE)","=VLOOKUP(C162,Controle!A$16:H$23,8,FALSE)","=VLOOKUP(A162,Educacional!A$2:P$405,16,FALSE)","=VLOOKUP(A162,Demográfico!A$2:L$405,12,FALSE)","=VLOOKUP(A162,Socioeconômico!A$2:M$405,13,FALSE)",=(2*F162+G162+2*H162)/5/100,"=VLOOKUP(A162,Demográfico!A$2:E$400,5,FALSE)/(VLOOKUP(C162,Controle!A$2:G$9,7,FALSE))*D162","=VLOOKUP(A162,Demográfico!A$2:E$400,5,FALSE)/(VLOOKUP(C162,Controle!A$16:G$24,7,FALSE))*E162",=((J162*(1+I162))+3*(I162+K162))/4,1,"=VLOOKUP(A162,Demográfico!A$2:E$400,5,FALSE)*I162","=FLOOR(L162,1)",=L162-O162,"=RANK(P162,P$2:P$400,0)","=O162+IF(Q162<Q$1,1,0)",,"=VLOOKUP(A162,Demográfico!A$2:E$400,5,FALSE)*(I162)"
Jardim Alegre,12004,"=_xlfn.IFS(B163<20000, ""P1"",B163<40000, ""P2"",B163<70000, ""P3"",B163<100000, ""P4"",B163<200000,""M1"",B163<500000,""M2"",B163<1000000,""G1"",B163>1000000,""G2"")","=VLOOKUP(C163,Controle!A$2:H$9,8,FALSE)","=VLOOKUP(C163,Controle!A$16:H$23,8,FALSE)","=VLOOKUP(A163,Educacional!A$2:P$405,16,FALSE)","=VLOOKUP(A163,Demográfico!A$2:L$405,12,FALSE)","=VLOOKUP(A163,Socioeconômico!A$2:M$405,13,FALSE)",=(2*F163+G163+2*H163)/5/100,"=VLOOKUP(A163,Demográfico!A$2:E$400,5,FALSE)/(VLOOKUP(C163,Controle!A$2:G$9,7,FALSE))*D163","=VLOOKUP(A163,Demográfico!A$2:E$400,5,FALSE)/(VLOOKUP(C163,Controle!A$16:G$24,7,FALSE))*E163",=((J163*(1+I163))+3*(I163+K163))/4,1,"=VLOOKUP(A163,Demográfico!A$2:E$400,5,FALSE)*I163","=FLOOR(L163,1)",=L163-O163,"=RANK(P163,P$2:P$400,0)","=O163+IF(Q163<Q$1,1,0)",,"=VLOOKUP(A163,Demográfico!A$2:E$400,5,FALSE)*(I163)"
Joaquim Távora,11945,"=_xlfn.IFS(B164<20000, ""P1"",B164<40000, ""P2"",B164<70000, ""P3"",B164<100000, ""P4"",B164<200000,""M1"",B164<500000,""M2"",B164<1000000,""G1"",B164>1000000,""G2"")","=VLOOKUP(C164,Controle!A$2:H$9,8,FALSE)","=VLOOKUP(C164,Controle!A$16:H$23,8,FALSE)","=VLOOKUP(A164,Educacional!A$2:P$405,16,FALSE)","=VLOOKUP(A164,Demográfico!A$2:L$405,12,FALSE)","=VLOOKUP(A164,Socioeconômico!A$2:M$405,13,FALSE)",=(2*F164+G164+2*H164)/5/100,"=VLOOKUP(A164,Demográfico!A$2:E$400,5,FALSE)/(VLOOKUP(C164,Controle!A$2:G$9,7,FALSE))*D164","=VLOOKUP(A164,Demográfico!A$2:E$400,5,FALSE)/(VLOOKUP(C164,Controle!A$16:G$24,7,FALSE))*E164",=((J164*(1+I164))+3*(I164+K164))/4,0,"=VLOOKUP(A164,Demográfico!A$2:E$400,5,FALSE)*I164","=FLOOR(L164,1)",=L164-O164,"=RANK(P164,P$2:P$400,0)","=O164+IF(Q164<Q$1,1,0)",,"=VLOOKUP(A164,Demográfico!A$2:E$400,5,FALSE)*(I164)"
São João,11886,"=_xlfn.IFS(B165<20000, ""P1"",B165<40000, ""P2"",B165<70000, ""P3"",B165<100000, ""P4"",B165<200000,""M1"",B165<500000,""M2"",B165<1000000,""G1"",B165>1000000,""G2"")","=VLOOKUP(C165,Controle!A$2:H$9,8,FALSE)","=VLOOKUP(C165,Controle!A$16:H$23,8,FALSE)","=VLOOKUP(A165,Educacional!A$2:P$405,16,FALSE)","=VLOOKUP(A165,Demográfico!A$2:L$405,12,FALSE)","=VLOOKUP(A165,Socioeconômico!A$2:M$405,13,FALSE)",=(2*F165+G165+2*H165)/5/100,"=VLOOKUP(A165,Demográfico!A$2:E$400,5,FALSE)/(VLOOKUP(C165,Controle!A$2:G$9,7,FALSE))*D165","=VLOOKUP(A165,Demográfico!A$2:E$400,5,FALSE)/(VLOOKUP(C165,Controle!A$16:G$24,7,FALSE))*E165",=((J165*(1+I165))+3*(I165+K165))/4,0,"=VLOOKUP(A165,Demográfico!A$2:E$400,5,FALSE)*I165","=FLOOR(L165,1)",=L165-O165,"=RANK(P165,P$2:P$400,0)","=O165+IF(Q165<Q$1,1,0)",,"=VLOOKUP(A165,Demográfico!A$2:E$400,5,FALSE)*(I165)"
Pérola,11878,"=_xlfn.IFS(B166<20000, ""P1"",B166<40000, ""P2"",B166<70000, ""P3"",B166<100000, ""P4"",B166<200000,""M1"",B166<500000,""M2"",B166<1000000,""G1"",B166>1000000,""G2"")","=VLOOKUP(C166,Controle!A$2:H$9,8,FALSE)","=VLOOKUP(C166,Controle!A$16:H$23,8,FALSE)","=VLOOKUP(A166,Educacional!A$2:P$405,16,FALSE)","=VLOOKUP(A166,Demográfico!A$2:L$405,12,FALSE)","=VLOOKUP(A166,Socioeconômico!A$2:M$405,13,FALSE)",=(2*F166+G166+2*H166)/5/100,"=VLOOKUP(A166,Demográfico!A$2:E$400,5,FALSE)/(VLOOKUP(C166,Controle!A$2:G$9,7,FALSE))*D166","=VLOOKUP(A166,Demográfico!A$2:E$400,5,FALSE)/(VLOOKUP(C166,Controle!A$16:G$24,7,FALSE))*E166",=((J166*(1+I166))+3*(I166+K166))/4,0,"=VLOOKUP(A166,Demográfico!A$2:E$400,5,FALSE)*I166","=FLOOR(L166,1)",=L166-O166,"=RANK(P166,P$2:P$400,0)","=O166+IF(Q166<Q$1,1,0)",,"=VLOOKUP(A166,Demográfico!A$2:E$400,5,FALSE)*(I166)"
Jataizinho,11813,"=_xlfn.IFS(B167<20000, ""P1"",B167<40000, ""P2"",B167<70000, ""P3"",B167<100000, ""P4"",B167<200000,""M1"",B167<500000,""M2"",B167<1000000,""G1"",B167>1000000,""G2"")","=VLOOKUP(C167,Controle!A$2:H$9,8,FALSE)","=VLOOKUP(C167,Controle!A$16:H$23,8,FALSE)","=VLOOKUP(A167,Educacional!A$2:P$405,16,FALSE)","=VLOOKUP(A167,Demográfico!A$2:L$405,12,FALSE)","=VLOOKUP(A167,Socioeconômico!A$2:M$405,13,FALSE)",=(2*F167+G167+2*H167)/5/100,"=VLOOKUP(A167,Demográfico!A$2:E$400,5,FALSE)/(VLOOKUP(C167,Controle!A$2:G$9,7,FALSE))*D167","=VLOOKUP(A167,Demográfico!A$2:E$400,5,FALSE)/(VLOOKUP(C167,Controle!A$16:G$24,7,FALSE))*E167",=((J167*(1+I167))+3*(I167+K167))/4,1,"=VLOOKUP(A167,Demográfico!A$2:E$400,5,FALSE)*I167","=FLOOR(L167,1)",=L167-O167,"=RANK(P167,P$2:P$400,0)","=O167+IF(Q167<Q$1,1,0)",,"=VLOOKUP(A167,Demográfico!A$2:E$400,5,FALSE)*(I167)"
Porecatu,11624,"=_xlfn.IFS(B168<20000, ""P1"",B168<40000, ""P2"",B168<70000, ""P3"",B168<100000, ""P4"",B168<200000,""M1"",B168<500000,""M2"",B168<1000000,""G1"",B168>1000000,""G2"")","=VLOOKUP(C168,Controle!A$2:H$9,8,FALSE)","=VLOOKUP(C168,Controle!A$16:H$23,8,FALSE)","=VLOOKUP(A168,Educacional!A$2:P$405,16,FALSE)","=VLOOKUP(A168,Demográfico!A$2:L$405,12,FALSE)","=VLOOKUP(A168,Socioeconômico!A$2:M$405,13,FALSE)",=(2*F168+G168+2*H168)/5/100,"=VLOOKUP(A168,Demográfico!A$2:E$400,5,FALSE)/(VLOOKUP(C168,Controle!A$2:G$9,7,FALSE))*D168","=VLOOKUP(A168,Demográfico!A$2:E$400,5,FALSE)/(VLOOKUP(C168,Controle!A$16:G$24,7,FALSE))*E168",=((J168*(1+I168))+3*(I168+K168))/4,0,"=VLOOKUP(A168,Demográfico!A$2:E$400,5,FALSE)*I168","=FLOOR(L168,1)",=L168-O168,"=RANK(P168,P$2:P$400,0)","=O168+IF(Q168<Q$1,1,0)",,"=VLOOKUP(A168,Demográfico!A$2:E$400,5,FALSE)*(I168)"
Itaipulândia,11485,"=_xlfn.IFS(B169<20000, ""P1"",B169<40000, ""P2"",B169<70000, ""P3"",B169<100000, ""P4"",B169<200000,""M1"",B169<500000,""M2"",B169<1000000,""G1"",B169>1000000,""G2"")","=VLOOKUP(C169,Controle!A$2:H$9,8,FALSE)","=VLOOKUP(C169,Controle!A$16:H$23,8,FALSE)","=VLOOKUP(A169,Educacional!A$2:P$405,16,FALSE)","=VLOOKUP(A169,Demográfico!A$2:L$405,12,FALSE)","=VLOOKUP(A169,Socioeconômico!A$2:M$405,13,FALSE)",=(2*F169+G169+2*H169)/5/100,"=VLOOKUP(A169,Demográfico!A$2:E$400,5,FALSE)/(VLOOKUP(C169,Controle!A$2:G$9,7,FALSE))*D169","=VLOOKUP(A169,Demográfico!A$2:E$400,5,FALSE)/(VLOOKUP(C169,Controle!A$16:G$24,7,FALSE))*E169",=((J169*(1+I169))+3*(I169+K169))/4,0,"=VLOOKUP(A169,Demográfico!A$2:E$400,5,FALSE)*I169","=FLOOR(L169,1)",=L169-O169,"=RANK(P169,P$2:P$400,0)","=O169+IF(Q169<Q$1,1,0)",,"=VLOOKUP(A169,Demográfico!A$2:E$400,5,FALSE)*(I169)"
Cidade Gaúcha,11467,"=_xlfn.IFS(B170<20000, ""P1"",B170<40000, ""P2"",B170<70000, ""P3"",B170<100000, ""P4"",B170<200000,""M1"",B170<500000,""M2"",B170<1000000,""G1"",B170>1000000,""G2"")","=VLOOKUP(C170,Controle!A$2:H$9,8,FALSE)","=VLOOKUP(C170,Controle!A$16:H$23,8,FALSE)","=VLOOKUP(A170,Educacional!A$2:P$405,16,FALSE)","=VLOOKUP(A170,Demográfico!A$2:L$405,12,FALSE)","=VLOOKUP(A170,Socioeconômico!A$2:M$405,13,FALSE)",=(2*F170+G170+2*H170)/5/100,"=VLOOKUP(A170,Demográfico!A$2:E$400,5,FALSE)/(VLOOKUP(C170,Controle!A$2:G$9,7,FALSE))*D170","=VLOOKUP(A170,Demográfico!A$2:E$400,5,FALSE)/(VLOOKUP(C170,Controle!A$16:G$24,7,FALSE))*E170",=((J170*(1+I170))+3*(I170+K170))/4,0,"=VLOOKUP(A170,Demográfico!A$2:E$400,5,FALSE)*I170","=FLOOR(L170,1)",=L170-O170,"=RANK(P170,P$2:P$400,0)","=O170+IF(Q170<Q$1,1,0)",,"=VLOOKUP(A170,Demográfico!A$2:E$400,5,FALSE)*(I170)"
Florestópolis,11446,"=_xlfn.IFS(B171<20000, ""P1"",B171<40000, ""P2"",B171<70000, ""P3"",B171<100000, ""P4"",B171<200000,""M1"",B171<500000,""M2"",B171<1000000,""G1"",B171>1000000,""G2"")","=VLOOKUP(C171,Controle!A$2:H$9,8,FALSE)","=VLOOKUP(C171,Controle!A$16:H$23,8,FALSE)","=VLOOKUP(A171,Educacional!A$2:P$405,16,FALSE)","=VLOOKUP(A171,Demográfico!A$2:L$405,12,FALSE)","=VLOOKUP(A171,Socioeconômico!A$2:M$405,13,FALSE)",=(2*F171+G171+2*H171)/5/100,"=VLOOKUP(A171,Demográfico!A$2:E$400,5,FALSE)/(VLOOKUP(C171,Controle!A$2:G$9,7,FALSE))*D171","=VLOOKUP(A171,Demográfico!A$2:E$400,5,FALSE)/(VLOOKUP(C171,Controle!A$16:G$24,7,FALSE))*E171",=((J171*(1+I171))+3*(I171+K171))/4,1,"=VLOOKUP(A171,Demográfico!A$2:E$400,5,FALSE)*I171","=FLOOR(L171,1)",=L171-O171,"=RANK(P171,P$2:P$400,0)","=O171+IF(Q171<Q$1,1,0)",,"=VLOOKUP(A171,Demográfico!A$2:E$400,5,FALSE)*(I171)"
Santa Fé,11378,"=_xlfn.IFS(B172<20000, ""P1"",B172<40000, ""P2"",B172<70000, ""P3"",B172<100000, ""P4"",B172<200000,""M1"",B172<500000,""M2"",B172<1000000,""G1"",B172>1000000,""G2"")","=VLOOKUP(C172,Controle!A$2:H$9,8,FALSE)","=VLOOKUP(C172,Controle!A$16:H$23,8,FALSE)","=VLOOKUP(A172,Educacional!A$2:P$405,16,FALSE)","=VLOOKUP(A172,Demográfico!A$2:L$405,12,FALSE)","=VLOOKUP(A172,Socioeconômico!A$2:M$405,13,FALSE)",=(2*F172+G172+2*H172)/5/100,"=VLOOKUP(A172,Demográfico!A$2:E$400,5,FALSE)/(VLOOKUP(C172,Controle!A$2:G$9,7,FALSE))*D172","=VLOOKUP(A172,Demográfico!A$2:E$400,5,FALSE)/(VLOOKUP(C172,Controle!A$16:G$24,7,FALSE))*E172",=((J172*(1+I172))+3*(I172+K172))/4,0,"=VLOOKUP(A172,Demográfico!A$2:E$400,5,FALSE)*I172","=FLOOR(L172,1)",=L172-O172,"=RANK(P172,P$2:P$400,0)","=O172+IF(Q172<Q$1,1,0)",,"=VLOOKUP(A172,Demográfico!A$2:E$400,5,FALSE)*(I172)"
Roncador,11251,"=_xlfn.IFS(B173<20000, ""P1"",B173<40000, ""P2"",B173<70000, ""P3"",B173<100000, ""P4"",B173<200000,""M1"",B173<500000,""M2"",B173<1000000,""G1"",B173>1000000,""G2"")","=VLOOKUP(C173,Controle!A$2:H$9,8,FALSE)","=VLOOKUP(C173,Controle!A$16:H$23,8,FALSE)","=VLOOKUP(A173,Educacional!A$2:P$405,16,FALSE)","=VLOOKUP(A173,Demográfico!A$2:L$405,12,FALSE)","=VLOOKUP(A173,Socioeconômico!A$2:M$405,13,FALSE)",=(2*F173+G173+2*H173)/5/100,"=VLOOKUP(A173,Demográfico!A$2:E$400,5,FALSE)/(VLOOKUP(C173,Controle!A$2:G$9,7,FALSE))*D173","=VLOOKUP(A173,Demográfico!A$2:E$400,5,FALSE)/(VLOOKUP(C173,Controle!A$16:G$24,7,FALSE))*E173",=((J173*(1+I173))+3*(I173+K173))/4,1,"=VLOOKUP(A173,Demográfico!A$2:E$400,5,FALSE)*I173","=FLOOR(L173,1)",=L173-O173,"=RANK(P173,P$2:P$400,0)","=O173+IF(Q173<Q$1,1,0)",,"=VLOOKUP(A173,Demográfico!A$2:E$400,5,FALSE)*(I173)"
Moreira Sales,11175,"=_xlfn.IFS(B174<20000, ""P1"",B174<40000, ""P2"",B174<70000, ""P3"",B174<100000, ""P4"",B174<200000,""M1"",B174<500000,""M2"",B174<1000000,""G1"",B174>1000000,""G2"")","=VLOOKUP(C174,Controle!A$2:H$9,8,FALSE)","=VLOOKUP(C174,Controle!A$16:H$23,8,FALSE)","=VLOOKUP(A174,Educacional!A$2:P$405,16,FALSE)","=VLOOKUP(A174,Demográfico!A$2:L$405,12,FALSE)","=VLOOKUP(A174,Socioeconômico!A$2:M$405,13,FALSE)",=(2*F174+G174+2*H174)/5/100,"=VLOOKUP(A174,Demográfico!A$2:E$400,5,FALSE)/(VLOOKUP(C174,Controle!A$2:G$9,7,FALSE))*D174","=VLOOKUP(A174,Demográfico!A$2:E$400,5,FALSE)/(VLOOKUP(C174,Controle!A$16:G$24,7,FALSE))*E174",=((J174*(1+I174))+3*(I174+K174))/4,1,"=VLOOKUP(A174,Demográfico!A$2:E$400,5,FALSE)*I174","=FLOOR(L174,1)",=L174-O174,"=RANK(P174,P$2:P$400,0)","=O174+IF(Q174<Q$1,1,0)",,"=VLOOKUP(A174,Demográfico!A$2:E$400,5,FALSE)*(I174)"
Três Barras do Paraná,11135,"=_xlfn.IFS(B175<20000, ""P1"",B175<40000, ""P2"",B175<70000, ""P3"",B175<100000, ""P4"",B175<200000,""M1"",B175<500000,""M2"",B175<1000000,""G1"",B175>1000000,""G2"")","=VLOOKUP(C175,Controle!A$2:H$9,8,FALSE)","=VLOOKUP(C175,Controle!A$16:H$23,8,FALSE)","=VLOOKUP(A175,Educacional!A$2:P$405,16,FALSE)","=VLOOKUP(A175,Demográfico!A$2:L$405,12,FALSE)","=VLOOKUP(A175,Socioeconômico!A$2:M$405,13,FALSE)",=(2*F175+G175+2*H175)/5/100,"=VLOOKUP(A175,Demográfico!A$2:E$400,5,FALSE)/(VLOOKUP(C175,Controle!A$2:G$9,7,FALSE))*D175","=VLOOKUP(A175,Demográfico!A$2:E$400,5,FALSE)/(VLOOKUP(C175,Controle!A$16:G$24,7,FALSE))*E175",=((J175*(1+I175))+3*(I175+K175))/4,1,"=VLOOKUP(A175,Demográfico!A$2:E$400,5,FALSE)*I175","=FLOOR(L175,1)",=L175-O175,"=RANK(P175,P$2:P$400,0)","=O175+IF(Q175<Q$1,1,0)",,"=VLOOKUP(A175,Demográfico!A$2:E$400,5,FALSE)*(I175)"
Céu Azul,11087,"=_xlfn.IFS(B176<20000, ""P1"",B176<40000, ""P2"",B176<70000, ""P3"",B176<100000, ""P4"",B176<200000,""M1"",B176<500000,""M2"",B176<1000000,""G1"",B176>1000000,""G2"")","=VLOOKUP(C176,Controle!A$2:H$9,8,FALSE)","=VLOOKUP(C176,Controle!A$16:H$23,8,FALSE)","=VLOOKUP(A176,Educacional!A$2:P$405,16,FALSE)","=VLOOKUP(A176,Demográfico!A$2:L$405,12,FALSE)","=VLOOKUP(A176,Socioeconômico!A$2:M$405,13,FALSE)",=(2*F176+G176+2*H176)/5/100,"=VLOOKUP(A176,Demográfico!A$2:E$400,5,FALSE)/(VLOOKUP(C176,Controle!A$2:G$9,7,FALSE))*D176","=VLOOKUP(A176,Demográfico!A$2:E$400,5,FALSE)/(VLOOKUP(C176,Controle!A$16:G$24,7,FALSE))*E176",=((J176*(1+I176))+3*(I176+K176))/4,0,"=VLOOKUP(A176,Demográfico!A$2:E$400,5,FALSE)*I176","=FLOOR(L176,1)",=L176-O176,"=RANK(P176,P$2:P$400,0)","=O176+IF(Q176<Q$1,1,0)",,"=VLOOKUP(A176,Demográfico!A$2:E$400,5,FALSE)*(I176)"
Santa Mariana,11066,"=_xlfn.IFS(B177<20000, ""P1"",B177<40000, ""P2"",B177<70000, ""P3"",B177<100000, ""P4"",B177<200000,""M1"",B177<500000,""M2"",B177<1000000,""G1"",B177>1000000,""G2"")","=VLOOKUP(C177,Controle!A$2:H$9,8,FALSE)","=VLOOKUP(C177,Controle!A$16:H$23,8,FALSE)","=VLOOKUP(A177,Educacional!A$2:P$405,16,FALSE)","=VLOOKUP(A177,Demográfico!A$2:L$405,12,FALSE)","=VLOOKUP(A177,Socioeconômico!A$2:M$405,13,FALSE)",=(2*F177+G177+2*H177)/5/100,"=VLOOKUP(A177,Demográfico!A$2:E$400,5,FALSE)/(VLOOKUP(C177,Controle!A$2:G$9,7,FALSE))*D177","=VLOOKUP(A177,Demográfico!A$2:E$400,5,FALSE)/(VLOOKUP(C177,Controle!A$16:G$24,7,FALSE))*E177",=((J177*(1+I177))+3*(I177+K177))/4,1,"=VLOOKUP(A177,Demográfico!A$2:E$400,5,FALSE)*I177","=FLOOR(L177,1)",=L177-O177,"=RANK(P177,P$2:P$400,0)","=O177+IF(Q177<Q$1,1,0)",,"=VLOOKUP(A177,Demográfico!A$2:E$400,5,FALSE)*(I177)"
Missal,11064,"=_xlfn.IFS(B178<20000, ""P1"",B178<40000, ""P2"",B178<70000, ""P3"",B178<100000, ""P4"",B178<200000,""M1"",B178<500000,""M2"",B178<1000000,""G1"",B178>1000000,""G2"")","=VLOOKUP(C178,Controle!A$2:H$9,8,FALSE)","=VLOOKUP(C178,Controle!A$16:H$23,8,FALSE)","=VLOOKUP(A178,Educacional!A$2:P$405,16,FALSE)","=VLOOKUP(A178,Demográfico!A$2:L$405,12,FALSE)","=VLOOKUP(A178,Socioeconômico!A$2:M$405,13,FALSE)",=(2*F178+G178+2*H178)/5/100,"=VLOOKUP(A178,Demográfico!A$2:E$400,5,FALSE)/(VLOOKUP(C178,Controle!A$2:G$9,7,FALSE))*D178","=VLOOKUP(A178,Demográfico!A$2:E$400,5,FALSE)/(VLOOKUP(C178,Controle!A$16:G$24,7,FALSE))*E178",=((J178*(1+I178))+3*(I178+K178))/4,1,"=VLOOKUP(A178,Demográfico!A$2:E$400,5,FALSE)*I178","=FLOOR(L178,1)",=L178-O178,"=RANK(P178,P$2:P$400,0)","=O178+IF(Q178<Q$1,1,0)",,"=VLOOKUP(A178,Demográfico!A$2:E$400,5,FALSE)*(I178)"
General Carneiro,11062,"=_xlfn.IFS(B179<20000, ""P1"",B179<40000, ""P2"",B179<70000, ""P3"",B179<100000, ""P4"",B179<200000,""M1"",B179<500000,""M2"",B179<1000000,""G1"",B179>1000000,""G2"")","=VLOOKUP(C179,Controle!A$2:H$9,8,FALSE)","=VLOOKUP(C179,Controle!A$16:H$23,8,FALSE)","=VLOOKUP(A179,Educacional!A$2:P$405,16,FALSE)","=VLOOKUP(A179,Demográfico!A$2:L$405,12,FALSE)","=VLOOKUP(A179,Socioeconômico!A$2:M$405,13,FALSE)",=(2*F179+G179+2*H179)/5/100,"=VLOOKUP(A179,Demográfico!A$2:E$400,5,FALSE)/(VLOOKUP(C179,Controle!A$2:G$9,7,FALSE))*D179","=VLOOKUP(A179,Demográfico!A$2:E$400,5,FALSE)/(VLOOKUP(C179,Controle!A$16:G$24,7,FALSE))*E179",=((J179*(1+I179))+3*(I179+K179))/4,1,"=VLOOKUP(A179,Demográfico!A$2:E$400,5,FALSE)*I179","=FLOOR(L179,1)",=L179-O179,"=RANK(P179,P$2:P$400,0)","=O179+IF(Q179<Q$1,1,0)",,"=VLOOKUP(A179,Demográfico!A$2:E$400,5,FALSE)*(I179)"
Cantagalo,10933,"=_xlfn.IFS(B180<20000, ""P1"",B180<40000, ""P2"",B180<70000, ""P3"",B180<100000, ""P4"",B180<200000,""M1"",B180<500000,""M2"",B180<1000000,""G1"",B180>1000000,""G2"")","=VLOOKUP(C180,Controle!A$2:H$9,8,FALSE)","=VLOOKUP(C180,Controle!A$16:H$23,8,FALSE)","=VLOOKUP(A180,Educacional!A$2:P$405,16,FALSE)","=VLOOKUP(A180,Demográfico!A$2:L$405,12,FALSE)","=VLOOKUP(A180,Socioeconômico!A$2:M$405,13,FALSE)",=(2*F180+G180+2*H180)/5/100,"=VLOOKUP(A180,Demográfico!A$2:E$400,5,FALSE)/(VLOOKUP(C180,Controle!A$2:G$9,7,FALSE))*D180","=VLOOKUP(A180,Demográfico!A$2:E$400,5,FALSE)/(VLOOKUP(C180,Controle!A$16:G$24,7,FALSE))*E180",=((J180*(1+I180))+3*(I180+K180))/4,1,"=VLOOKUP(A180,Demográfico!A$2:E$400,5,FALSE)*I180","=FLOOR(L180,1)",=L180-O180,"=RANK(P180,P$2:P$400,0)","=O180+IF(Q180<Q$1,1,0)",,"=VLOOKUP(A180,Demográfico!A$2:E$400,5,FALSE)*(I180)"
Centenário do Sul,10832,"=_xlfn.IFS(B181<20000, ""P1"",B181<40000, ""P2"",B181<70000, ""P3"",B181<100000, ""P4"",B181<200000,""M1"",B181<500000,""M2"",B181<1000000,""G1"",B181>1000000,""G2"")","=VLOOKUP(C181,Controle!A$2:H$9,8,FALSE)","=VLOOKUP(C181,Controle!A$16:H$23,8,FALSE)","=VLOOKUP(A181,Educacional!A$2:P$405,16,FALSE)","=VLOOKUP(A181,Demográfico!A$2:L$405,12,FALSE)","=VLOOKUP(A181,Socioeconômico!A$2:M$405,13,FALSE)",=(2*F181+G181+2*H181)/5/100,"=VLOOKUP(A181,Demográfico!A$2:E$400,5,FALSE)/(VLOOKUP(C181,Controle!A$2:G$9,7,FALSE))*D181","=VLOOKUP(A181,Demográfico!A$2:E$400,5,FALSE)/(VLOOKUP(C181,Controle!A$16:G$24,7,FALSE))*E181",=((J181*(1+I181))+3*(I181+K181))/4,1,"=VLOOKUP(A181,Demográfico!A$2:E$400,5,FALSE)*I181","=FLOOR(L181,1)",=L181-O181,"=RANK(P181,P$2:P$400,0)","=O181+IF(Q181<Q$1,1,0)",,"=VLOOKUP(A181,Demográfico!A$2:E$400,5,FALSE)*(I181)"
São Jerônimo da Serra,10830,"=_xlfn.IFS(B182<20000, ""P1"",B182<40000, ""P2"",B182<70000, ""P3"",B182<100000, ""P4"",B182<200000,""M1"",B182<500000,""M2"",B182<1000000,""G1"",B182>1000000,""G2"")","=VLOOKUP(C182,Controle!A$2:H$9,8,FALSE)","=VLOOKUP(C182,Controle!A$16:H$23,8,FALSE)","=VLOOKUP(A182,Educacional!A$2:P$405,16,FALSE)","=VLOOKUP(A182,Demográfico!A$2:L$405,12,FALSE)","=VLOOKUP(A182,Socioeconômico!A$2:M$405,13,FALSE)",=(2*F182+G182+2*H182)/5/100,"=VLOOKUP(A182,Demográfico!A$2:E$400,5,FALSE)/(VLOOKUP(C182,Controle!A$2:G$9,7,FALSE))*D182","=VLOOKUP(A182,Demográfico!A$2:E$400,5,FALSE)/(VLOOKUP(C182,Controle!A$16:G$24,7,FALSE))*E182",=((J182*(1+I182))+3*(I182+K182))/4,1,"=VLOOKUP(A182,Demográfico!A$2:E$400,5,FALSE)*I182","=FLOOR(L182,1)",=L182-O182,"=RANK(P182,P$2:P$400,0)","=O182+IF(Q182<Q$1,1,0)",,"=VLOOKUP(A182,Demográfico!A$2:E$400,5,FALSE)*(I182)"
Barbosa Ferraz,10795,"=_xlfn.IFS(B183<20000, ""P1"",B183<40000, ""P2"",B183<70000, ""P3"",B183<100000, ""P4"",B183<200000,""M1"",B183<500000,""M2"",B183<1000000,""G1"",B183>1000000,""G2"")","=VLOOKUP(C183,Controle!A$2:H$9,8,FALSE)","=VLOOKUP(C183,Controle!A$16:H$23,8,FALSE)","=VLOOKUP(A183,Educacional!A$2:P$405,16,FALSE)","=VLOOKUP(A183,Demográfico!A$2:L$405,12,FALSE)","=VLOOKUP(A183,Socioeconômico!A$2:M$405,13,FALSE)",=(2*F183+G183+2*H183)/5/100,"=VLOOKUP(A183,Demográfico!A$2:E$400,5,FALSE)/(VLOOKUP(C183,Controle!A$2:G$9,7,FALSE))*D183","=VLOOKUP(A183,Demográfico!A$2:E$400,5,FALSE)/(VLOOKUP(C183,Controle!A$16:G$24,7,FALSE))*E183",=((J183*(1+I183))+3*(I183+K183))/4,1,"=VLOOKUP(A183,Demográfico!A$2:E$400,5,FALSE)*I183","=FLOOR(L183,1)",=L183-O183,"=RANK(P183,P$2:P$400,0)","=O183+IF(Q183<Q$1,1,0)",,"=VLOOKUP(A183,Demográfico!A$2:E$400,5,FALSE)*(I183)"
Tamarana,10707,"=_xlfn.IFS(B184<20000, ""P1"",B184<40000, ""P2"",B184<70000, ""P3"",B184<100000, ""P4"",B184<200000,""M1"",B184<500000,""M2"",B184<1000000,""G1"",B184>1000000,""G2"")","=VLOOKUP(C184,Controle!A$2:H$9,8,FALSE)","=VLOOKUP(C184,Controle!A$16:H$23,8,FALSE)","=VLOOKUP(A184,Educacional!A$2:P$405,16,FALSE)","=VLOOKUP(A184,Demográfico!A$2:L$405,12,FALSE)","=VLOOKUP(A184,Socioeconômico!A$2:M$405,13,FALSE)",=(2*F184+G184+2*H184)/5/100,"=VLOOKUP(A184,Demográfico!A$2:E$400,5,FALSE)/(VLOOKUP(C184,Controle!A$2:G$9,7,FALSE))*D184","=VLOOKUP(A184,Demográfico!A$2:E$400,5,FALSE)/(VLOOKUP(C184,Controle!A$16:G$24,7,FALSE))*E184",=((J184*(1+I184))+3*(I184+K184))/4,1,"=VLOOKUP(A184,Demográfico!A$2:E$400,5,FALSE)*I184","=FLOOR(L184,1)",=L184-O184,"=RANK(P184,P$2:P$400,0)","=O184+IF(Q184<Q$1,1,0)",,"=VLOOKUP(A184,Demográfico!A$2:E$400,5,FALSE)*(I184)"
Querência do Norte,10685,"=_xlfn.IFS(B185<20000, ""P1"",B185<40000, ""P2"",B185<70000, ""P3"",B185<100000, ""P4"",B185<200000,""M1"",B185<500000,""M2"",B185<1000000,""G1"",B185>1000000,""G2"")","=VLOOKUP(C185,Controle!A$2:H$9,8,FALSE)","=VLOOKUP(C185,Controle!A$16:H$23,8,FALSE)","=VLOOKUP(A185,Educacional!A$2:P$405,16,FALSE)","=VLOOKUP(A185,Demográfico!A$2:L$405,12,FALSE)","=VLOOKUP(A185,Socioeconômico!A$2:M$405,13,FALSE)",=(2*F185+G185+2*H185)/5/100,"=VLOOKUP(A185,Demográfico!A$2:E$400,5,FALSE)/(VLOOKUP(C185,Controle!A$2:G$9,7,FALSE))*D185","=VLOOKUP(A185,Demográfico!A$2:E$400,5,FALSE)/(VLOOKUP(C185,Controle!A$16:G$24,7,FALSE))*E185",=((J185*(1+I185))+3*(I185+K185))/4,1,"=VLOOKUP(A185,Demográfico!A$2:E$400,5,FALSE)*I185","=FLOOR(L185,1)",=L185-O185,"=RANK(P185,P$2:P$400,0)","=O185+IF(Q185<Q$1,1,0)",,"=VLOOKUP(A185,Demográfico!A$2:E$400,5,FALSE)*(I185)"
Iretama,10684,"=_xlfn.IFS(B186<20000, ""P1"",B186<40000, ""P2"",B186<70000, ""P3"",B186<100000, ""P4"",B186<200000,""M1"",B186<500000,""M2"",B186<1000000,""G1"",B186>1000000,""G2"")","=VLOOKUP(C186,Controle!A$2:H$9,8,FALSE)","=VLOOKUP(C186,Controle!A$16:H$23,8,FALSE)","=VLOOKUP(A186,Educacional!A$2:P$405,16,FALSE)","=VLOOKUP(A186,Demográfico!A$2:L$405,12,FALSE)","=VLOOKUP(A186,Socioeconômico!A$2:M$405,13,FALSE)",=(2*F186+G186+2*H186)/5/100,"=VLOOKUP(A186,Demográfico!A$2:E$400,5,FALSE)/(VLOOKUP(C186,Controle!A$2:G$9,7,FALSE))*D186","=VLOOKUP(A186,Demográfico!A$2:E$400,5,FALSE)/(VLOOKUP(C186,Controle!A$16:G$24,7,FALSE))*E186",=((J186*(1+I186))+3*(I186+K186))/4,1,"=VLOOKUP(A186,Demográfico!A$2:E$400,5,FALSE)*I186","=FLOOR(L186,1)",=L186-O186,"=RANK(P186,P$2:P$400,0)","=O186+IF(Q186<Q$1,1,0)",,"=VLOOKUP(A186,Demográfico!A$2:E$400,5,FALSE)*(I186)"
São João do Ivaí,10667,"=_xlfn.IFS(B187<20000, ""P1"",B187<40000, ""P2"",B187<70000, ""P3"",B187<100000, ""P4"",B187<200000,""M1"",B187<500000,""M2"",B187<1000000,""G1"",B187>1000000,""G2"")","=VLOOKUP(C187,Controle!A$2:H$9,8,FALSE)","=VLOOKUP(C187,Controle!A$16:H$23,8,FALSE)","=VLOOKUP(A187,Educacional!A$2:P$405,16,FALSE)","=VLOOKUP(A187,Demográfico!A$2:L$405,12,FALSE)","=VLOOKUP(A187,Socioeconômico!A$2:M$405,13,FALSE)",=(2*F187+G187+2*H187)/5/100,"=VLOOKUP(A187,Demográfico!A$2:E$400,5,FALSE)/(VLOOKUP(C187,Controle!A$2:G$9,7,FALSE))*D187","=VLOOKUP(A187,Demográfico!A$2:E$400,5,FALSE)/(VLOOKUP(C187,Controle!A$16:G$24,7,FALSE))*E187",=((J187*(1+I187))+3*(I187+K187))/4,0,"=VLOOKUP(A187,Demográfico!A$2:E$400,5,FALSE)*I187","=FLOOR(L187,1)",=L187-O187,"=RANK(P187,P$2:P$400,0)","=O187+IF(Q187<Q$1,1,0)",,"=VLOOKUP(A187,Demográfico!A$2:E$400,5,FALSE)*(I187)"
Jesuítas,10506,"=_xlfn.IFS(B188<20000, ""P1"",B188<40000, ""P2"",B188<70000, ""P3"",B188<100000, ""P4"",B188<200000,""M1"",B188<500000,""M2"",B188<1000000,""G1"",B188>1000000,""G2"")","=VLOOKUP(C188,Controle!A$2:H$9,8,FALSE)","=VLOOKUP(C188,Controle!A$16:H$23,8,FALSE)","=VLOOKUP(A188,Educacional!A$2:P$405,16,FALSE)","=VLOOKUP(A188,Demográfico!A$2:L$405,12,FALSE)","=VLOOKUP(A188,Socioeconômico!A$2:M$405,13,FALSE)",=(2*F188+G188+2*H188)/5/100,"=VLOOKUP(A188,Demográfico!A$2:E$400,5,FALSE)/(VLOOKUP(C188,Controle!A$2:G$9,7,FALSE))*D188","=VLOOKUP(A188,Demográfico!A$2:E$400,5,FALSE)/(VLOOKUP(C188,Controle!A$16:G$24,7,FALSE))*E188",=((J188*(1+I188))+3*(I188+K188))/4,1,"=VLOOKUP(A188,Demográfico!A$2:E$400,5,FALSE)*I188","=FLOOR(L188,1)",=L188-O188,"=RANK(P188,P$2:P$400,0)","=O188+IF(Q188<Q$1,1,0)",,"=VLOOKUP(A188,Demográfico!A$2:E$400,5,FALSE)*(I188)"
Floresta,10458,"=_xlfn.IFS(B189<20000, ""P1"",B189<40000, ""P2"",B189<70000, ""P3"",B189<100000, ""P4"",B189<200000,""M1"",B189<500000,""M2"",B189<1000000,""G1"",B189>1000000,""G2"")","=VLOOKUP(C189,Controle!A$2:H$9,8,FALSE)","=VLOOKUP(C189,Controle!A$16:H$23,8,FALSE)","=VLOOKUP(A189,Educacional!A$2:P$405,16,FALSE)","=VLOOKUP(A189,Demográfico!A$2:L$405,12,FALSE)","=VLOOKUP(A189,Socioeconômico!A$2:M$405,13,FALSE)",=(2*F189+G189+2*H189)/5/100,"=VLOOKUP(A189,Demográfico!A$2:E$400,5,FALSE)/(VLOOKUP(C189,Controle!A$2:G$9,7,FALSE))*D189","=VLOOKUP(A189,Demográfico!A$2:E$400,5,FALSE)/(VLOOKUP(C189,Controle!A$16:G$24,7,FALSE))*E189",=((J189*(1+I189))+3*(I189+K189))/4,0,"=VLOOKUP(A189,Demográfico!A$2:E$400,5,FALSE)*I189","=FLOOR(L189,1)",=L189-O189,"=RANK(P189,P$2:P$400,0)","=O189+IF(Q189<Q$1,1,0)",,"=VLOOKUP(A189,Demográfico!A$2:E$400,5,FALSE)*(I189)"
Catanduvas,10446,"=_xlfn.IFS(B190<20000, ""P1"",B190<40000, ""P2"",B190<70000, ""P3"",B190<100000, ""P4"",B190<200000,""M1"",B190<500000,""M2"",B190<1000000,""G1"",B190>1000000,""G2"")","=VLOOKUP(C190,Controle!A$2:H$9,8,FALSE)","=VLOOKUP(C190,Controle!A$16:H$23,8,FALSE)","=VLOOKUP(A190,Educacional!A$2:P$405,16,FALSE)","=VLOOKUP(A190,Demográfico!A$2:L$405,12,FALSE)","=VLOOKUP(A190,Socioeconômico!A$2:M$405,13,FALSE)",=(2*F190+G190+2*H190)/5/100,"=VLOOKUP(A190,Demográfico!A$2:E$400,5,FALSE)/(VLOOKUP(C190,Controle!A$2:G$9,7,FALSE))*D190","=VLOOKUP(A190,Demográfico!A$2:E$400,5,FALSE)/(VLOOKUP(C190,Controle!A$16:G$24,7,FALSE))*E190",=((J190*(1+I190))+3*(I190+K190))/4,1,"=VLOOKUP(A190,Demográfico!A$2:E$400,5,FALSE)*I190","=FLOOR(L190,1)",=L190-O190,"=RANK(P190,P$2:P$400,0)","=O190+IF(Q190<Q$1,1,0)",,"=VLOOKUP(A190,Demográfico!A$2:E$400,5,FALSE)*(I190)"
Uraí,10406,"=_xlfn.IFS(B191<20000, ""P1"",B191<40000, ""P2"",B191<70000, ""P3"",B191<100000, ""P4"",B191<200000,""M1"",B191<500000,""M2"",B191<1000000,""G1"",B191>1000000,""G2"")","=VLOOKUP(C191,Controle!A$2:H$9,8,FALSE)","=VLOOKUP(C191,Controle!A$16:H$23,8,FALSE)","=VLOOKUP(A191,Educacional!A$2:P$405,16,FALSE)","=VLOOKUP(A191,Demográfico!A$2:L$405,12,FALSE)","=VLOOKUP(A191,Socioeconômico!A$2:M$405,13,FALSE)",=(2*F191+G191+2*H191)/5/100,"=VLOOKUP(A191,Demográfico!A$2:E$400,5,FALSE)/(VLOOKUP(C191,Controle!A$2:G$9,7,FALSE))*D191","=VLOOKUP(A191,Demográfico!A$2:E$400,5,FALSE)/(VLOOKUP(C191,Controle!A$16:G$24,7,FALSE))*E191",=((J191*(1+I191))+3*(I191+K191))/4,1,"=VLOOKUP(A191,Demográfico!A$2:E$400,5,FALSE)*I191","=FLOOR(L191,1)",=L191-O191,"=RANK(P191,P$2:P$400,0)","=O191+IF(Q191<Q$1,1,0)",,"=VLOOKUP(A191,Demográfico!A$2:E$400,5,FALSE)*(I191)"
Alvorada do Sul,10326,"=_xlfn.IFS(B192<20000, ""P1"",B192<40000, ""P2"",B192<70000, ""P3"",B192<100000, ""P4"",B192<200000,""M1"",B192<500000,""M2"",B192<1000000,""G1"",B192>1000000,""G2"")","=VLOOKUP(C192,Controle!A$2:H$9,8,FALSE)","=VLOOKUP(C192,Controle!A$16:H$23,8,FALSE)","=VLOOKUP(A192,Educacional!A$2:P$405,16,FALSE)","=VLOOKUP(A192,Demográfico!A$2:L$405,12,FALSE)","=VLOOKUP(A192,Socioeconômico!A$2:M$405,13,FALSE)",=(2*F192+G192+2*H192)/5/100,"=VLOOKUP(A192,Demográfico!A$2:E$400,5,FALSE)/(VLOOKUP(C192,Controle!A$2:G$9,7,FALSE))*D192","=VLOOKUP(A192,Demográfico!A$2:E$400,5,FALSE)/(VLOOKUP(C192,Controle!A$16:G$24,7,FALSE))*E192",=((J192*(1+I192))+3*(I192+K192))/4,0,"=VLOOKUP(A192,Demográfico!A$2:E$400,5,FALSE)*I192","=FLOOR(L192,1)",=L192-O192,"=RANK(P192,P$2:P$400,0)","=O192+IF(Q192<Q$1,1,0)",,"=VLOOKUP(A192,Demográfico!A$2:E$400,5,FALSE)*(I192)"
Agudos do Sul,10233,"=_xlfn.IFS(B193<20000, ""P1"",B193<40000, ""P2"",B193<70000, ""P3"",B193<100000, ""P4"",B193<200000,""M1"",B193<500000,""M2"",B193<1000000,""G1"",B193>1000000,""G2"")","=VLOOKUP(C193,Controle!A$2:H$9,8,FALSE)","=VLOOKUP(C193,Controle!A$16:H$23,8,FALSE)","=VLOOKUP(A193,Educacional!A$2:P$405,16,FALSE)","=VLOOKUP(A193,Demográfico!A$2:L$405,12,FALSE)","=VLOOKUP(A193,Socioeconômico!A$2:M$405,13,FALSE)",=(2*F193+G193+2*H193)/5/100,"=VLOOKUP(A193,Demográfico!A$2:E$400,5,FALSE)/(VLOOKUP(C193,Controle!A$2:G$9,7,FALSE))*D193","=VLOOKUP(A193,Demográfico!A$2:E$400,5,FALSE)/(VLOOKUP(C193,Controle!A$16:G$24,7,FALSE))*E193",=((J193*(1+I193))+3*(I193+K193))/4,1,"=VLOOKUP(A193,Demográfico!A$2:E$400,5,FALSE)*I193","=FLOOR(L193,1)",=L193-O193,"=RANK(P193,P$2:P$400,0)","=O193+IF(Q193<Q$1,1,0)",,"=VLOOKUP(A193,Demográfico!A$2:E$400,5,FALSE)*(I193)"
Primeiro de Maio,10082,"=_xlfn.IFS(B194<20000, ""P1"",B194<40000, ""P2"",B194<70000, ""P3"",B194<100000, ""P4"",B194<200000,""M1"",B194<500000,""M2"",B194<1000000,""G1"",B194>1000000,""G2"")","=VLOOKUP(C194,Controle!A$2:H$9,8,FALSE)","=VLOOKUP(C194,Controle!A$16:H$23,8,FALSE)","=VLOOKUP(A194,Educacional!A$2:P$405,16,FALSE)","=VLOOKUP(A194,Demográfico!A$2:L$405,12,FALSE)","=VLOOKUP(A194,Socioeconômico!A$2:M$405,13,FALSE)",=(2*F194+G194+2*H194)/5/100,"=VLOOKUP(A194,Demográfico!A$2:E$400,5,FALSE)/(VLOOKUP(C194,Controle!A$2:G$9,7,FALSE))*D194","=VLOOKUP(A194,Demográfico!A$2:E$400,5,FALSE)/(VLOOKUP(C194,Controle!A$16:G$24,7,FALSE))*E194",=((J194*(1+I194))+3*(I194+K194))/4,0,"=VLOOKUP(A194,Demográfico!A$2:E$400,5,FALSE)*I194","=FLOOR(L194,1)",=L194-O194,"=RANK(P194,P$2:P$400,0)","=O194+IF(Q194<Q$1,1,0)",,"=VLOOKUP(A194,Demográfico!A$2:E$400,5,FALSE)*(I194)"
Santa Maria do Oeste,9934,"=_xlfn.IFS(B195<20000, ""P1"",B195<40000, ""P2"",B195<70000, ""P3"",B195<100000, ""P4"",B195<200000,""M1"",B195<500000,""M2"",B195<1000000,""G1"",B195>1000000,""G2"")","=VLOOKUP(C195,Controle!A$2:H$9,8,FALSE)","=VLOOKUP(C195,Controle!A$16:H$23,8,FALSE)","=VLOOKUP(A195,Educacional!A$2:P$405,16,FALSE)","=VLOOKUP(A195,Demográfico!A$2:L$405,12,FALSE)","=VLOOKUP(A195,Socioeconômico!A$2:M$405,13,FALSE)",=(2*F195+G195+2*H195)/5/100,"=VLOOKUP(A195,Demográfico!A$2:E$400,5,FALSE)/(VLOOKUP(C195,Controle!A$2:G$9,7,FALSE))*D195","=VLOOKUP(A195,Demográfico!A$2:E$400,5,FALSE)/(VLOOKUP(C195,Controle!A$16:G$24,7,FALSE))*E195",=((J195*(1+I195))+3*(I195+K195))/4,1,"=VLOOKUP(A195,Demográfico!A$2:E$400,5,FALSE)*I195","=FLOOR(L195,1)",=L195-O195,"=RANK(P195,P$2:P$400,0)","=O195+IF(Q195<Q$1,1,0)",,"=VLOOKUP(A195,Demográfico!A$2:E$400,5,FALSE)*(I195)"
Mariluz,9847,"=_xlfn.IFS(B196<20000, ""P1"",B196<40000, ""P2"",B196<70000, ""P3"",B196<100000, ""P4"",B196<200000,""M1"",B196<500000,""M2"",B196<1000000,""G1"",B196>1000000,""G2"")","=VLOOKUP(C196,Controle!A$2:H$9,8,FALSE)","=VLOOKUP(C196,Controle!A$16:H$23,8,FALSE)","=VLOOKUP(A196,Educacional!A$2:P$405,16,FALSE)","=VLOOKUP(A196,Demográfico!A$2:L$405,12,FALSE)","=VLOOKUP(A196,Socioeconômico!A$2:M$405,13,FALSE)",=(2*F196+G196+2*H196)/5/100,"=VLOOKUP(A196,Demográfico!A$2:E$400,5,FALSE)/(VLOOKUP(C196,Controle!A$2:G$9,7,FALSE))*D196","=VLOOKUP(A196,Demográfico!A$2:E$400,5,FALSE)/(VLOOKUP(C196,Controle!A$16:G$24,7,FALSE))*E196",=((J196*(1+I196))+3*(I196+K196))/4,1,"=VLOOKUP(A196,Demográfico!A$2:E$400,5,FALSE)*I196","=FLOOR(L196,1)",=L196-O196,"=RANK(P196,P$2:P$400,0)","=O196+IF(Q196<Q$1,1,0)",,"=VLOOKUP(A196,Demográfico!A$2:E$400,5,FALSE)*(I196)"
Barracão,9759,"=_xlfn.IFS(B197<20000, ""P1"",B197<40000, ""P2"",B197<70000, ""P3"",B197<100000, ""P4"",B197<200000,""M1"",B197<500000,""M2"",B197<1000000,""G1"",B197>1000000,""G2"")","=VLOOKUP(C197,Controle!A$2:H$9,8,FALSE)","=VLOOKUP(C197,Controle!A$16:H$23,8,FALSE)","=VLOOKUP(A197,Educacional!A$2:P$405,16,FALSE)","=VLOOKUP(A197,Demográfico!A$2:L$405,12,FALSE)","=VLOOKUP(A197,Socioeconômico!A$2:M$405,13,FALSE)",=(2*F197+G197+2*H197)/5/100,"=VLOOKUP(A197,Demográfico!A$2:E$400,5,FALSE)/(VLOOKUP(C197,Controle!A$2:G$9,7,FALSE))*D197","=VLOOKUP(A197,Demográfico!A$2:E$400,5,FALSE)/(VLOOKUP(C197,Controle!A$16:G$24,7,FALSE))*E197",=((J197*(1+I197))+3*(I197+K197))/4,1,"=VLOOKUP(A197,Demográfico!A$2:E$400,5,FALSE)*I197","=FLOOR(L197,1)",=L197-O197,"=RANK(P197,P$2:P$400,0)","=O197+IF(Q197<Q$1,1,0)",,"=VLOOKUP(A197,Demográfico!A$2:E$400,5,FALSE)*(I197)"
Alto Piquiri,9727,"=_xlfn.IFS(B198<20000, ""P1"",B198<40000, ""P2"",B198<70000, ""P3"",B198<100000, ""P4"",B198<200000,""M1"",B198<500000,""M2"",B198<1000000,""G1"",B198>1000000,""G2"")","=VLOOKUP(C198,Controle!A$2:H$9,8,FALSE)","=VLOOKUP(C198,Controle!A$16:H$23,8,FALSE)","=VLOOKUP(A198,Educacional!A$2:P$405,16,FALSE)","=VLOOKUP(A198,Demográfico!A$2:L$405,12,FALSE)","=VLOOKUP(A198,Socioeconômico!A$2:M$405,13,FALSE)",=(2*F198+G198+2*H198)/5/100,"=VLOOKUP(A198,Demográfico!A$2:E$400,5,FALSE)/(VLOOKUP(C198,Controle!A$2:G$9,7,FALSE))*D198","=VLOOKUP(A198,Demográfico!A$2:E$400,5,FALSE)/(VLOOKUP(C198,Controle!A$16:G$24,7,FALSE))*E198",=((J198*(1+I198))+3*(I198+K198))/4,1,"=VLOOKUP(A198,Demográfico!A$2:E$400,5,FALSE)*I198","=FLOOR(L198,1)",=L198-O198,"=RANK(P198,P$2:P$400,0)","=O198+IF(Q198<Q$1,1,0)",,"=VLOOKUP(A198,Demográfico!A$2:E$400,5,FALSE)*(I198)"
Vitorino,9706,"=_xlfn.IFS(B199<20000, ""P1"",B199<40000, ""P2"",B199<70000, ""P3"",B199<100000, ""P4"",B199<200000,""M1"",B199<500000,""M2"",B199<1000000,""G1"",B199>1000000,""G2"")","=VLOOKUP(C199,Controle!A$2:H$9,8,FALSE)","=VLOOKUP(C199,Controle!A$16:H$23,8,FALSE)","=VLOOKUP(A199,Educacional!A$2:P$405,16,FALSE)","=VLOOKUP(A199,Demográfico!A$2:L$405,12,FALSE)","=VLOOKUP(A199,Socioeconômico!A$2:M$405,13,FALSE)",=(2*F199+G199+2*H199)/5/100,"=VLOOKUP(A199,Demográfico!A$2:E$400,5,FALSE)/(VLOOKUP(C199,Controle!A$2:G$9,7,FALSE))*D199","=VLOOKUP(A199,Demográfico!A$2:E$400,5,FALSE)/(VLOOKUP(C199,Controle!A$16:G$24,7,FALSE))*E199",=((J199*(1+I199))+3*(I199+K199))/4,1,"=VLOOKUP(A199,Demográfico!A$2:E$400,5,FALSE)*I199","=FLOOR(L199,1)",=L199-O199,"=RANK(P199,P$2:P$400,0)","=O199+IF(Q199<Q$1,1,0)",,"=VLOOKUP(A199,Demográfico!A$2:E$400,5,FALSE)*(I199)"
Ventania,9681,"=_xlfn.IFS(B200<20000, ""P1"",B200<40000, ""P2"",B200<70000, ""P3"",B200<100000, ""P4"",B200<200000,""M1"",B200<500000,""M2"",B200<1000000,""G1"",B200>1000000,""G2"")","=VLOOKUP(C200,Controle!A$2:H$9,8,FALSE)","=VLOOKUP(C200,Controle!A$16:H$23,8,FALSE)","=VLOOKUP(A200,Educacional!A$2:P$405,16,FALSE)","=VLOOKUP(A200,Demográfico!A$2:L$405,12,FALSE)","=VLOOKUP(A200,Socioeconômico!A$2:M$405,13,FALSE)",=(2*F200+G200+2*H200)/5/100,"=VLOOKUP(A200,Demográfico!A$2:E$400,5,FALSE)/(VLOOKUP(C200,Controle!A$2:G$9,7,FALSE))*D200","=VLOOKUP(A200,Demográfico!A$2:E$400,5,FALSE)/(VLOOKUP(C200,Controle!A$16:G$24,7,FALSE))*E200",=((J200*(1+I200))+3*(I200+K200))/4,1,"=VLOOKUP(A200,Demográfico!A$2:E$400,5,FALSE)*I200","=FLOOR(L200,1)",=L200-O200,"=RANK(P200,P$2:P$400,0)","=O200+IF(Q200<Q$1,1,0)",,"=VLOOKUP(A200,Demográfico!A$2:E$400,5,FALSE)*(I200)"
Inácio Martins,9670,"=_xlfn.IFS(B201<20000, ""P1"",B201<40000, ""P2"",B201<70000, ""P3"",B201<100000, ""P4"",B201<200000,""M1"",B201<500000,""M2"",B201<1000000,""G1"",B201>1000000,""G2"")","=VLOOKUP(C201,Controle!A$2:H$9,8,FALSE)","=VLOOKUP(C201,Controle!A$16:H$23,8,FALSE)","=VLOOKUP(A201,Educacional!A$2:P$405,16,FALSE)","=VLOOKUP(A201,Demográfico!A$2:L$405,12,FALSE)","=VLOOKUP(A201,Socioeconômico!A$2:M$405,13,FALSE)",=(2*F201+G201+2*H201)/5/100,"=VLOOKUP(A201,Demográfico!A$2:E$400,5,FALSE)/(VLOOKUP(C201,Controle!A$2:G$9,7,FALSE))*D201","=VLOOKUP(A201,Demográfico!A$2:E$400,5,FALSE)/(VLOOKUP(C201,Controle!A$16:G$24,7,FALSE))*E201",=((J201*(1+I201))+3*(I201+K201))/4,1,"=VLOOKUP(A201,Demográfico!A$2:E$400,5,FALSE)*I201","=FLOOR(L201,1)",=L201-O201,"=RANK(P201,P$2:P$400,0)","=O201+IF(Q201<Q$1,1,0)",,"=VLOOKUP(A201,Demográfico!A$2:E$400,5,FALSE)*(I201)"
Paranacity,9557,"=_xlfn.IFS(B202<20000, ""P1"",B202<40000, ""P2"",B202<70000, ""P3"",B202<100000, ""P4"",B202<200000,""M1"",B202<500000,""M2"",B202<1000000,""G1"",B202>1000000,""G2"")","=VLOOKUP(C202,Controle!A$2:H$9,8,FALSE)","=VLOOKUP(C202,Controle!A$16:H$23,8,FALSE)","=VLOOKUP(A202,Educacional!A$2:P$405,16,FALSE)","=VLOOKUP(A202,Demográfico!A$2:L$405,12,FALSE)","=VLOOKUP(A202,Socioeconômico!A$2:M$405,13,FALSE)",=(2*F202+G202+2*H202)/5/100,"=VLOOKUP(A202,Demográfico!A$2:E$400,5,FALSE)/(VLOOKUP(C202,Controle!A$2:G$9,7,FALSE))*D202","=VLOOKUP(A202,Demográfico!A$2:E$400,5,FALSE)/(VLOOKUP(C202,Controle!A$16:G$24,7,FALSE))*E202",=((J202*(1+I202))+3*(I202+K202))/4,0,"=VLOOKUP(A202,Demográfico!A$2:E$400,5,FALSE)*I202","=FLOOR(L202,1)",=L202-O202,"=RANK(P202,P$2:P$400,0)","=O202+IF(Q202<Q$1,1,0)",,"=VLOOKUP(A202,Demográfico!A$2:E$400,5,FALSE)*(I202)"
Teixeira Soares,9547,"=_xlfn.IFS(B203<20000, ""P1"",B203<40000, ""P2"",B203<70000, ""P3"",B203<100000, ""P4"",B203<200000,""M1"",B203<500000,""M2"",B203<1000000,""G1"",B203>1000000,""G2"")","=VLOOKUP(C203,Controle!A$2:H$9,8,FALSE)","=VLOOKUP(C203,Controle!A$16:H$23,8,FALSE)","=VLOOKUP(A203,Educacional!A$2:P$405,16,FALSE)","=VLOOKUP(A203,Demográfico!A$2:L$405,12,FALSE)","=VLOOKUP(A203,Socioeconômico!A$2:M$405,13,FALSE)",=(2*F203+G203+2*H203)/5/100,"=VLOOKUP(A203,Demográfico!A$2:E$400,5,FALSE)/(VLOOKUP(C203,Controle!A$2:G$9,7,FALSE))*D203","=VLOOKUP(A203,Demográfico!A$2:E$400,5,FALSE)/(VLOOKUP(C203,Controle!A$16:G$24,7,FALSE))*E203",=((J203*(1+I203))+3*(I203+K203))/4,1,"=VLOOKUP(A203,Demográfico!A$2:E$400,5,FALSE)*I203","=FLOOR(L203,1)",=L203-O203,"=RANK(P203,P$2:P$400,0)","=O203+IF(Q203<Q$1,1,0)",,"=VLOOKUP(A203,Demográfico!A$2:E$400,5,FALSE)*(I203)"
Cambira,9460,"=_xlfn.IFS(B204<20000, ""P1"",B204<40000, ""P2"",B204<70000, ""P3"",B204<100000, ""P4"",B204<200000,""M1"",B204<500000,""M2"",B204<1000000,""G1"",B204>1000000,""G2"")","=VLOOKUP(C204,Controle!A$2:H$9,8,FALSE)","=VLOOKUP(C204,Controle!A$16:H$23,8,FALSE)","=VLOOKUP(A204,Educacional!A$2:P$405,16,FALSE)","=VLOOKUP(A204,Demográfico!A$2:L$405,12,FALSE)","=VLOOKUP(A204,Socioeconômico!A$2:M$405,13,FALSE)",=(2*F204+G204+2*H204)/5/100,"=VLOOKUP(A204,Demográfico!A$2:E$400,5,FALSE)/(VLOOKUP(C204,Controle!A$2:G$9,7,FALSE))*D204","=VLOOKUP(A204,Demográfico!A$2:E$400,5,FALSE)/(VLOOKUP(C204,Controle!A$16:G$24,7,FALSE))*E204",=((J204*(1+I204))+3*(I204+K204))/4,0,"=VLOOKUP(A204,Demográfico!A$2:E$400,5,FALSE)*I204","=FLOOR(L204,1)",=L204-O204,"=RANK(P204,P$2:P$400,0)","=O204+IF(Q204<Q$1,1,0)",,"=VLOOKUP(A204,Demográfico!A$2:E$400,5,FALSE)*(I204)"
Mauá da Serra,9383,"=_xlfn.IFS(B205<20000, ""P1"",B205<40000, ""P2"",B205<70000, ""P3"",B205<100000, ""P4"",B205<200000,""M1"",B205<500000,""M2"",B205<1000000,""G1"",B205>1000000,""G2"")","=VLOOKUP(C205,Controle!A$2:H$9,8,FALSE)","=VLOOKUP(C205,Controle!A$16:H$23,8,FALSE)","=VLOOKUP(A205,Educacional!A$2:P$405,16,FALSE)","=VLOOKUP(A205,Demográfico!A$2:L$405,12,FALSE)","=VLOOKUP(A205,Socioeconômico!A$2:M$405,13,FALSE)",=(2*F205+G205+2*H205)/5/100,"=VLOOKUP(A205,Demográfico!A$2:E$400,5,FALSE)/(VLOOKUP(C205,Controle!A$2:G$9,7,FALSE))*D205","=VLOOKUP(A205,Demográfico!A$2:E$400,5,FALSE)/(VLOOKUP(C205,Controle!A$16:G$24,7,FALSE))*E205",=((J205*(1+I205))+3*(I205+K205))/4,1,"=VLOOKUP(A205,Demográfico!A$2:E$400,5,FALSE)*I205","=FLOOR(L205,1)",=L205-O205,"=RANK(P205,P$2:P$400,0)","=O205+IF(Q205<Q$1,1,0)",,"=VLOOKUP(A205,Demográfico!A$2:E$400,5,FALSE)*(I205)"
São Jorge d'Oeste,9378,"=_xlfn.IFS(B206<20000, ""P1"",B206<40000, ""P2"",B206<70000, ""P3"",B206<100000, ""P4"",B206<200000,""M1"",B206<500000,""M2"",B206<1000000,""G1"",B206>1000000,""G2"")","=VLOOKUP(C206,Controle!A$2:H$9,8,FALSE)","=VLOOKUP(C206,Controle!A$16:H$23,8,FALSE)","=VLOOKUP(A206,Educacional!A$2:P$405,16,FALSE)","=VLOOKUP(A206,Demográfico!A$2:L$405,12,FALSE)","=VLOOKUP(A206,Socioeconômico!A$2:M$405,13,FALSE)",=(2*F206+G206+2*H206)/5/100,"=VLOOKUP(A206,Demográfico!A$2:E$400,5,FALSE)/(VLOOKUP(C206,Controle!A$2:G$9,7,FALSE))*D206","=VLOOKUP(A206,Demográfico!A$2:E$400,5,FALSE)/(VLOOKUP(C206,Controle!A$16:G$24,7,FALSE))*E206",=((J206*(1+I206))+3*(I206+K206))/4,0,"=VLOOKUP(A206,Demográfico!A$2:E$400,5,FALSE)*I206","=FLOOR(L206,1)",=L206-O206,"=RANK(P206,P$2:P$400,0)","=O206+IF(Q206<Q$1,1,0)",,"=VLOOKUP(A206,Demográfico!A$2:E$400,5,FALSE)*(I206)"
Douradina,9161,"=_xlfn.IFS(B207<20000, ""P1"",B207<40000, ""P2"",B207<70000, ""P3"",B207<100000, ""P4"",B207<200000,""M1"",B207<500000,""M2"",B207<1000000,""G1"",B207>1000000,""G2"")","=VLOOKUP(C207,Controle!A$2:H$9,8,FALSE)","=VLOOKUP(C207,Controle!A$16:H$23,8,FALSE)","=VLOOKUP(A207,Educacional!A$2:P$405,16,FALSE)","=VLOOKUP(A207,Demográfico!A$2:L$405,12,FALSE)","=VLOOKUP(A207,Socioeconômico!A$2:M$405,13,FALSE)",=(2*F207+G207+2*H207)/5/100,"=VLOOKUP(A207,Demográfico!A$2:E$400,5,FALSE)/(VLOOKUP(C207,Controle!A$2:G$9,7,FALSE))*D207","=VLOOKUP(A207,Demográfico!A$2:E$400,5,FALSE)/(VLOOKUP(C207,Controle!A$16:G$24,7,FALSE))*E207",=((J207*(1+I207))+3*(I207+K207))/4,0,"=VLOOKUP(A207,Demográfico!A$2:E$400,5,FALSE)*I207","=FLOOR(L207,1)",=L207-O207,"=RANK(P207,P$2:P$400,0)","=O207+IF(Q207<Q$1,1,0)",,"=VLOOKUP(A207,Demográfico!A$2:E$400,5,FALSE)*(I207)"
Japurá,9144,"=_xlfn.IFS(B208<20000, ""P1"",B208<40000, ""P2"",B208<70000, ""P3"",B208<100000, ""P4"",B208<200000,""M1"",B208<500000,""M2"",B208<1000000,""G1"",B208>1000000,""G2"")","=VLOOKUP(C208,Controle!A$2:H$9,8,FALSE)","=VLOOKUP(C208,Controle!A$16:H$23,8,FALSE)","=VLOOKUP(A208,Educacional!A$2:P$405,16,FALSE)","=VLOOKUP(A208,Demográfico!A$2:L$405,12,FALSE)","=VLOOKUP(A208,Socioeconômico!A$2:M$405,13,FALSE)",=(2*F208+G208+2*H208)/5/100,"=VLOOKUP(A208,Demográfico!A$2:E$400,5,FALSE)/(VLOOKUP(C208,Controle!A$2:G$9,7,FALSE))*D208","=VLOOKUP(A208,Demográfico!A$2:E$400,5,FALSE)/(VLOOKUP(C208,Controle!A$16:G$24,7,FALSE))*E208",=((J208*(1+I208))+3*(I208+K208))/4,1,"=VLOOKUP(A208,Demográfico!A$2:E$400,5,FALSE)*I208","=FLOOR(L208,1)",=L208-O208,"=RANK(P208,P$2:P$400,0)","=O208+IF(Q208<Q$1,1,0)",,"=VLOOKUP(A208,Demográfico!A$2:E$400,5,FALSE)*(I208)"
Rondon,9097,"=_xlfn.IFS(B209<20000, ""P1"",B209<40000, ""P2"",B209<70000, ""P3"",B209<100000, ""P4"",B209<200000,""M1"",B209<500000,""M2"",B209<1000000,""G1"",B209>1000000,""G2"")","=VLOOKUP(C209,Controle!A$2:H$9,8,FALSE)","=VLOOKUP(C209,Controle!A$16:H$23,8,FALSE)","=VLOOKUP(A209,Educacional!A$2:P$405,16,FALSE)","=VLOOKUP(A209,Demográfico!A$2:L$405,12,FALSE)","=VLOOKUP(A209,Socioeconômico!A$2:M$405,13,FALSE)",=(2*F209+G209+2*H209)/5/100,"=VLOOKUP(A209,Demográfico!A$2:E$400,5,FALSE)/(VLOOKUP(C209,Controle!A$2:G$9,7,FALSE))*D209","=VLOOKUP(A209,Demográfico!A$2:E$400,5,FALSE)/(VLOOKUP(C209,Controle!A$16:G$24,7,FALSE))*E209",=((J209*(1+I209))+3*(I209+K209))/4,0,"=VLOOKUP(A209,Demográfico!A$2:E$400,5,FALSE)*I209","=FLOOR(L209,1)",=L209-O209,"=RANK(P209,P$2:P$400,0)","=O209+IF(Q209<Q$1,1,0)",,"=VLOOKUP(A209,Demográfico!A$2:E$400,5,FALSE)*(I209)"
Icaraíma,8991,"=_xlfn.IFS(B210<20000, ""P1"",B210<40000, ""P2"",B210<70000, ""P3"",B210<100000, ""P4"",B210<200000,""M1"",B210<500000,""M2"",B210<1000000,""G1"",B210>1000000,""G2"")","=VLOOKUP(C210,Controle!A$2:H$9,8,FALSE)","=VLOOKUP(C210,Controle!A$16:H$23,8,FALSE)","=VLOOKUP(A210,Educacional!A$2:P$405,16,FALSE)","=VLOOKUP(A210,Demográfico!A$2:L$405,12,FALSE)","=VLOOKUP(A210,Socioeconômico!A$2:M$405,13,FALSE)",=(2*F210+G210+2*H210)/5/100,"=VLOOKUP(A210,Demográfico!A$2:E$400,5,FALSE)/(VLOOKUP(C210,Controle!A$2:G$9,7,FALSE))*D210","=VLOOKUP(A210,Demográfico!A$2:E$400,5,FALSE)/(VLOOKUP(C210,Controle!A$16:G$24,7,FALSE))*E210",=((J210*(1+I210))+3*(I210+K210))/4,1,"=VLOOKUP(A210,Demográfico!A$2:E$400,5,FALSE)*I210","=FLOOR(L210,1)",=L210-O210,"=RANK(P210,P$2:P$400,0)","=O210+IF(Q210<Q$1,1,0)",,"=VLOOKUP(A210,Demográfico!A$2:E$400,5,FALSE)*(I210)"
Santa Isabel do Ivaí,8912,"=_xlfn.IFS(B211<20000, ""P1"",B211<40000, ""P2"",B211<70000, ""P3"",B211<100000, ""P4"",B211<200000,""M1"",B211<500000,""M2"",B211<1000000,""G1"",B211>1000000,""G2"")","=VLOOKUP(C211,Controle!A$2:H$9,8,FALSE)","=VLOOKUP(C211,Controle!A$16:H$23,8,FALSE)","=VLOOKUP(A211,Educacional!A$2:P$405,16,FALSE)","=VLOOKUP(A211,Demográfico!A$2:L$405,12,FALSE)","=VLOOKUP(A211,Socioeconômico!A$2:M$405,13,FALSE)",=(2*F211+G211+2*H211)/5/100,"=VLOOKUP(A211,Demográfico!A$2:E$400,5,FALSE)/(VLOOKUP(C211,Controle!A$2:G$9,7,FALSE))*D211","=VLOOKUP(A211,Demográfico!A$2:E$400,5,FALSE)/(VLOOKUP(C211,Controle!A$16:G$24,7,FALSE))*E211",=((J211*(1+I211))+3*(I211+K211))/4,0,"=VLOOKUP(A211,Demográfico!A$2:E$400,5,FALSE)*I211","=FLOOR(L211,1)",=L211-O211,"=RANK(P211,P$2:P$400,0)","=O211+IF(Q211<Q$1,1,0)",,"=VLOOKUP(A211,Demográfico!A$2:E$400,5,FALSE)*(I211)"
Sabáudia,8822,"=_xlfn.IFS(B212<20000, ""P1"",B212<40000, ""P2"",B212<70000, ""P3"",B212<100000, ""P4"",B212<200000,""M1"",B212<500000,""M2"",B212<1000000,""G1"",B212>1000000,""G2"")","=VLOOKUP(C212,Controle!A$2:H$9,8,FALSE)","=VLOOKUP(C212,Controle!A$16:H$23,8,FALSE)","=VLOOKUP(A212,Educacional!A$2:P$405,16,FALSE)","=VLOOKUP(A212,Demográfico!A$2:L$405,12,FALSE)","=VLOOKUP(A212,Socioeconômico!A$2:M$405,13,FALSE)",=(2*F212+G212+2*H212)/5/100,"=VLOOKUP(A212,Demográfico!A$2:E$400,5,FALSE)/(VLOOKUP(C212,Controle!A$2:G$9,7,FALSE))*D212","=VLOOKUP(A212,Demográfico!A$2:E$400,5,FALSE)/(VLOOKUP(C212,Controle!A$16:G$24,7,FALSE))*E212",=((J212*(1+I212))+3*(I212+K212))/4,0,"=VLOOKUP(A212,Demográfico!A$2:E$400,5,FALSE)*I212","=FLOOR(L212,1)",=L212-O212,"=RANK(P212,P$2:P$400,0)","=O212+IF(Q212<Q$1,1,0)",,"=VLOOKUP(A212,Demográfico!A$2:E$400,5,FALSE)*(I212)"
Califórnia,8710,"=_xlfn.IFS(B213<20000, ""P1"",B213<40000, ""P2"",B213<70000, ""P3"",B213<100000, ""P4"",B213<200000,""M1"",B213<500000,""M2"",B213<1000000,""G1"",B213>1000000,""G2"")","=VLOOKUP(C213,Controle!A$2:H$9,8,FALSE)","=VLOOKUP(C213,Controle!A$16:H$23,8,FALSE)","=VLOOKUP(A213,Educacional!A$2:P$405,16,FALSE)","=VLOOKUP(A213,Demográfico!A$2:L$405,12,FALSE)","=VLOOKUP(A213,Socioeconômico!A$2:M$405,13,FALSE)",=(2*F213+G213+2*H213)/5/100,"=VLOOKUP(A213,Demográfico!A$2:E$400,5,FALSE)/(VLOOKUP(C213,Controle!A$2:G$9,7,FALSE))*D213","=VLOOKUP(A213,Demográfico!A$2:E$400,5,FALSE)/(VLOOKUP(C213,Controle!A$16:G$24,7,FALSE))*E213",=((J213*(1+I213))+3*(I213+K213))/4,0,"=VLOOKUP(A213,Demográfico!A$2:E$400,5,FALSE)*I213","=FLOOR(L213,1)",=L213-O213,"=RANK(P213,P$2:P$400,0)","=O213+IF(Q213<Q$1,1,0)",,"=VLOOKUP(A213,Demográfico!A$2:E$400,5,FALSE)*(I213)"
São Pedro do Ivaí,8690,"=_xlfn.IFS(B214<20000, ""P1"",B214<40000, ""P2"",B214<70000, ""P3"",B214<100000, ""P4"",B214<200000,""M1"",B214<500000,""M2"",B214<1000000,""G1"",B214>1000000,""G2"")","=VLOOKUP(C214,Controle!A$2:H$9,8,FALSE)","=VLOOKUP(C214,Controle!A$16:H$23,8,FALSE)","=VLOOKUP(A214,Educacional!A$2:P$405,16,FALSE)","=VLOOKUP(A214,Demográfico!A$2:L$405,12,FALSE)","=VLOOKUP(A214,Socioeconômico!A$2:M$405,13,FALSE)",=(2*F214+G214+2*H214)/5/100,"=VLOOKUP(A214,Demográfico!A$2:E$400,5,FALSE)/(VLOOKUP(C214,Controle!A$2:G$9,7,FALSE))*D214","=VLOOKUP(A214,Demográfico!A$2:E$400,5,FALSE)/(VLOOKUP(C214,Controle!A$16:G$24,7,FALSE))*E214",=((J214*(1+I214))+3*(I214+K214))/4,1,"=VLOOKUP(A214,Demográfico!A$2:E$400,5,FALSE)*I214","=FLOOR(L214,1)",=L214-O214,"=RANK(P214,P$2:P$400,0)","=O214+IF(Q214<Q$1,1,0)",,"=VLOOKUP(A214,Demográfico!A$2:E$400,5,FALSE)*(I214)"
Marilândia do Sul,8677,"=_xlfn.IFS(B215<20000, ""P1"",B215<40000, ""P2"",B215<70000, ""P3"",B215<100000, ""P4"",B215<200000,""M1"",B215<500000,""M2"",B215<1000000,""G1"",B215>1000000,""G2"")","=VLOOKUP(C215,Controle!A$2:H$9,8,FALSE)","=VLOOKUP(C215,Controle!A$16:H$23,8,FALSE)","=VLOOKUP(A215,Educacional!A$2:P$405,16,FALSE)","=VLOOKUP(A215,Demográfico!A$2:L$405,12,FALSE)","=VLOOKUP(A215,Socioeconômico!A$2:M$405,13,FALSE)",=(2*F215+G215+2*H215)/5/100,"=VLOOKUP(A215,Demográfico!A$2:E$400,5,FALSE)/(VLOOKUP(C215,Controle!A$2:G$9,7,FALSE))*D215","=VLOOKUP(A215,Demográfico!A$2:E$400,5,FALSE)/(VLOOKUP(C215,Controle!A$16:G$24,7,FALSE))*E215",=((J215*(1+I215))+3*(I215+K215))/4,1,"=VLOOKUP(A215,Demográfico!A$2:E$400,5,FALSE)*I215","=FLOOR(L215,1)",=L215-O215,"=RANK(P215,P$2:P$400,0)","=O215+IF(Q215<Q$1,1,0)",,"=VLOOKUP(A215,Demográfico!A$2:E$400,5,FALSE)*(I215)"
Santa Cruz de Monte Castelo,8613,"=_xlfn.IFS(B216<20000, ""P1"",B216<40000, ""P2"",B216<70000, ""P3"",B216<100000, ""P4"",B216<200000,""M1"",B216<500000,""M2"",B216<1000000,""G1"",B216>1000000,""G2"")","=VLOOKUP(C216,Controle!A$2:H$9,8,FALSE)","=VLOOKUP(C216,Controle!A$16:H$23,8,FALSE)","=VLOOKUP(A216,Educacional!A$2:P$405,16,FALSE)","=VLOOKUP(A216,Demográfico!A$2:L$405,12,FALSE)","=VLOOKUP(A216,Socioeconômico!A$2:M$405,13,FALSE)",=(2*F216+G216+2*H216)/5/100,"=VLOOKUP(A216,Demográfico!A$2:E$400,5,FALSE)/(VLOOKUP(C216,Controle!A$2:G$9,7,FALSE))*D216","=VLOOKUP(A216,Demográfico!A$2:E$400,5,FALSE)/(VLOOKUP(C216,Controle!A$16:G$24,7,FALSE))*E216",=((J216*(1+I216))+3*(I216+K216))/4,0,"=VLOOKUP(A216,Demográfico!A$2:E$400,5,FALSE)*I216","=FLOOR(L216,1)",=L216-O216,"=RANK(P216,P$2:P$400,0)","=O216+IF(Q216<Q$1,1,0)",,"=VLOOKUP(A216,Demográfico!A$2:E$400,5,FALSE)*(I216)"
Tomazina,8426,"=_xlfn.IFS(B217<20000, ""P1"",B217<40000, ""P2"",B217<70000, ""P3"",B217<100000, ""P4"",B217<200000,""M1"",B217<500000,""M2"",B217<1000000,""G1"",B217>1000000,""G2"")","=VLOOKUP(C217,Controle!A$2:H$9,8,FALSE)","=VLOOKUP(C217,Controle!A$16:H$23,8,FALSE)","=VLOOKUP(A217,Educacional!A$2:P$405,16,FALSE)","=VLOOKUP(A217,Demográfico!A$2:L$405,12,FALSE)","=VLOOKUP(A217,Socioeconômico!A$2:M$405,13,FALSE)",=(2*F217+G217+2*H217)/5/100,"=VLOOKUP(A217,Demográfico!A$2:E$400,5,FALSE)/(VLOOKUP(C217,Controle!A$2:G$9,7,FALSE))*D217","=VLOOKUP(A217,Demográfico!A$2:E$400,5,FALSE)/(VLOOKUP(C217,Controle!A$16:G$24,7,FALSE))*E217",=((J217*(1+I217))+3*(I217+K217))/4,1,"=VLOOKUP(A217,Demográfico!A$2:E$400,5,FALSE)*I217","=FLOOR(L217,1)",=L217-O217,"=RANK(P217,P$2:P$400,0)","=O217+IF(Q217<Q$1,1,0)",,"=VLOOKUP(A217,Demográfico!A$2:E$400,5,FALSE)*(I217)"
Nova Santa Rosa,8322,"=_xlfn.IFS(B218<20000, ""P1"",B218<40000, ""P2"",B218<70000, ""P3"",B218<100000, ""P4"",B218<200000,""M1"",B218<500000,""M2"",B218<1000000,""G1"",B218>1000000,""G2"")","=VLOOKUP(C218,Controle!A$2:H$9,8,FALSE)","=VLOOKUP(C218,Controle!A$16:H$23,8,FALSE)","=VLOOKUP(A218,Educacional!A$2:P$405,16,FALSE)","=VLOOKUP(A218,Demográfico!A$2:L$405,12,FALSE)","=VLOOKUP(A218,Socioeconômico!A$2:M$405,13,FALSE)",=(2*F218+G218+2*H218)/5/100,"=VLOOKUP(A218,Demográfico!A$2:E$400,5,FALSE)/(VLOOKUP(C218,Controle!A$2:G$9,7,FALSE))*D218","=VLOOKUP(A218,Demográfico!A$2:E$400,5,FALSE)/(VLOOKUP(C218,Controle!A$16:G$24,7,FALSE))*E218",=((J218*(1+I218))+3*(I218+K218))/4,0,"=VLOOKUP(A218,Demográfico!A$2:E$400,5,FALSE)*I218","=FLOOR(L218,1)",=L218-O218,"=RANK(P218,P$2:P$400,0)","=O218+IF(Q218<Q$1,1,0)",,"=VLOOKUP(A218,Demográfico!A$2:E$400,5,FALSE)*(I218)"
Congonhinhas,8320,"=_xlfn.IFS(B219<20000, ""P1"",B219<40000, ""P2"",B219<70000, ""P3"",B219<100000, ""P4"",B219<200000,""M1"",B219<500000,""M2"",B219<1000000,""G1"",B219>1000000,""G2"")","=VLOOKUP(C219,Controle!A$2:H$9,8,FALSE)","=VLOOKUP(C219,Controle!A$16:H$23,8,FALSE)","=VLOOKUP(A219,Educacional!A$2:P$405,16,FALSE)","=VLOOKUP(A219,Demográfico!A$2:L$405,12,FALSE)","=VLOOKUP(A219,Socioeconômico!A$2:M$405,13,FALSE)",=(2*F219+G219+2*H219)/5/100,"=VLOOKUP(A219,Demográfico!A$2:E$400,5,FALSE)/(VLOOKUP(C219,Controle!A$2:G$9,7,FALSE))*D219","=VLOOKUP(A219,Demográfico!A$2:E$400,5,FALSE)/(VLOOKUP(C219,Controle!A$16:G$24,7,FALSE))*E219",=((J219*(1+I219))+3*(I219+K219))/4,1,"=VLOOKUP(A219,Demográfico!A$2:E$400,5,FALSE)*I219","=FLOOR(L219,1)",=L219-O219,"=RANK(P219,P$2:P$400,0)","=O219+IF(Q219<Q$1,1,0)",,"=VLOOKUP(A219,Demográfico!A$2:E$400,5,FALSE)*(I219)"
Vera Cruz do Oeste,8215,"=_xlfn.IFS(B220<20000, ""P1"",B220<40000, ""P2"",B220<70000, ""P3"",B220<100000, ""P4"",B220<200000,""M1"",B220<500000,""M2"",B220<1000000,""G1"",B220>1000000,""G2"")","=VLOOKUP(C220,Controle!A$2:H$9,8,FALSE)","=VLOOKUP(C220,Controle!A$16:H$23,8,FALSE)","=VLOOKUP(A220,Educacional!A$2:P$405,16,FALSE)","=VLOOKUP(A220,Demográfico!A$2:L$405,12,FALSE)","=VLOOKUP(A220,Socioeconômico!A$2:M$405,13,FALSE)",=(2*F220+G220+2*H220)/5/100,"=VLOOKUP(A220,Demográfico!A$2:E$400,5,FALSE)/(VLOOKUP(C220,Controle!A$2:G$9,7,FALSE))*D220","=VLOOKUP(A220,Demográfico!A$2:E$400,5,FALSE)/(VLOOKUP(C220,Controle!A$16:G$24,7,FALSE))*E220",=((J220*(1+I220))+3*(I220+K220))/4,1,"=VLOOKUP(A220,Demográfico!A$2:E$400,5,FALSE)*I220","=FLOOR(L220,1)",=L220-O220,"=RANK(P220,P$2:P$400,0)","=O220+IF(Q220<Q$1,1,0)",,"=VLOOKUP(A220,Demográfico!A$2:E$400,5,FALSE)*(I220)"
Francisco Alves,8116,"=_xlfn.IFS(B221<20000, ""P1"",B221<40000, ""P2"",B221<70000, ""P3"",B221<100000, ""P4"",B221<200000,""M1"",B221<500000,""M2"",B221<1000000,""G1"",B221>1000000,""G2"")","=VLOOKUP(C221,Controle!A$2:H$9,8,FALSE)","=VLOOKUP(C221,Controle!A$16:H$23,8,FALSE)","=VLOOKUP(A221,Educacional!A$2:P$405,16,FALSE)","=VLOOKUP(A221,Demográfico!A$2:L$405,12,FALSE)","=VLOOKUP(A221,Socioeconômico!A$2:M$405,13,FALSE)",=(2*F221+G221+2*H221)/5/100,"=VLOOKUP(A221,Demográfico!A$2:E$400,5,FALSE)/(VLOOKUP(C221,Controle!A$2:G$9,7,FALSE))*D221","=VLOOKUP(A221,Demográfico!A$2:E$400,5,FALSE)/(VLOOKUP(C221,Controle!A$16:G$24,7,FALSE))*E221",=((J221*(1+I221))+3*(I221+K221))/4,1,"=VLOOKUP(A221,Demográfico!A$2:E$400,5,FALSE)*I221","=FLOOR(L221,1)",=L221-O221,"=RANK(P221,P$2:P$400,0)","=O221+IF(Q221<Q$1,1,0)",,"=VLOOKUP(A221,Demográfico!A$2:E$400,5,FALSE)*(I221)"
Quatiguá,8099,"=_xlfn.IFS(B222<20000, ""P1"",B222<40000, ""P2"",B222<70000, ""P3"",B222<100000, ""P4"",B222<200000,""M1"",B222<500000,""M2"",B222<1000000,""G1"",B222>1000000,""G2"")","=VLOOKUP(C222,Controle!A$2:H$9,8,FALSE)","=VLOOKUP(C222,Controle!A$16:H$23,8,FALSE)","=VLOOKUP(A222,Educacional!A$2:P$405,16,FALSE)","=VLOOKUP(A222,Demográfico!A$2:L$405,12,FALSE)","=VLOOKUP(A222,Socioeconômico!A$2:M$405,13,FALSE)",=(2*F222+G222+2*H222)/5/100,"=VLOOKUP(A222,Demográfico!A$2:E$400,5,FALSE)/(VLOOKUP(C222,Controle!A$2:G$9,7,FALSE))*D222","=VLOOKUP(A222,Demográfico!A$2:E$400,5,FALSE)/(VLOOKUP(C222,Controle!A$16:G$24,7,FALSE))*E222",=((J222*(1+I222))+3*(I222+K222))/4,0,"=VLOOKUP(A222,Demográfico!A$2:E$400,5,FALSE)*I222","=FLOOR(L222,1)",=L222-O222,"=RANK(P222,P$2:P$400,0)","=O222+IF(Q222<Q$1,1,0)",,"=VLOOKUP(A222,Demográfico!A$2:E$400,5,FALSE)*(I222)"
Tupãssi,8077,"=_xlfn.IFS(B223<20000, ""P1"",B223<40000, ""P2"",B223<70000, ""P3"",B223<100000, ""P4"",B223<200000,""M1"",B223<500000,""M2"",B223<1000000,""G1"",B223>1000000,""G2"")","=VLOOKUP(C223,Controle!A$2:H$9,8,FALSE)","=VLOOKUP(C223,Controle!A$16:H$23,8,FALSE)","=VLOOKUP(A223,Educacional!A$2:P$405,16,FALSE)","=VLOOKUP(A223,Demográfico!A$2:L$405,12,FALSE)","=VLOOKUP(A223,Socioeconômico!A$2:M$405,13,FALSE)",=(2*F223+G223+2*H223)/5/100,"=VLOOKUP(A223,Demográfico!A$2:E$400,5,FALSE)/(VLOOKUP(C223,Controle!A$2:G$9,7,FALSE))*D223","=VLOOKUP(A223,Demográfico!A$2:E$400,5,FALSE)/(VLOOKUP(C223,Controle!A$16:G$24,7,FALSE))*E223",=((J223*(1+I223))+3*(I223+K223))/4,0,"=VLOOKUP(A223,Demográfico!A$2:E$400,5,FALSE)*I223","=FLOOR(L223,1)",=L223-O223,"=RANK(P223,P$2:P$400,0)","=O223+IF(Q223<Q$1,1,0)",,"=VLOOKUP(A223,Demográfico!A$2:E$400,5,FALSE)*(I223)"
Tuneiras do Oeste,8067,"=_xlfn.IFS(B224<20000, ""P1"",B224<40000, ""P2"",B224<70000, ""P3"",B224<100000, ""P4"",B224<200000,""M1"",B224<500000,""M2"",B224<1000000,""G1"",B224>1000000,""G2"")","=VLOOKUP(C224,Controle!A$2:H$9,8,FALSE)","=VLOOKUP(C224,Controle!A$16:H$23,8,FALSE)","=VLOOKUP(A224,Educacional!A$2:P$405,16,FALSE)","=VLOOKUP(A224,Demográfico!A$2:L$405,12,FALSE)","=VLOOKUP(A224,Socioeconômico!A$2:M$405,13,FALSE)",=(2*F224+G224+2*H224)/5/100,"=VLOOKUP(A224,Demográfico!A$2:E$400,5,FALSE)/(VLOOKUP(C224,Controle!A$2:G$9,7,FALSE))*D224","=VLOOKUP(A224,Demográfico!A$2:E$400,5,FALSE)/(VLOOKUP(C224,Controle!A$16:G$24,7,FALSE))*E224",=((J224*(1+I224))+3*(I224+K224))/4,1,"=VLOOKUP(A224,Demográfico!A$2:E$400,5,FALSE)*I224","=FLOOR(L224,1)",=L224-O224,"=RANK(P224,P$2:P$400,0)","=O224+IF(Q224<Q$1,1,0)",,"=VLOOKUP(A224,Demográfico!A$2:E$400,5,FALSE)*(I224)"
São Sebastião da Amoreira,8063,"=_xlfn.IFS(B225<20000, ""P1"",B225<40000, ""P2"",B225<70000, ""P3"",B225<100000, ""P4"",B225<200000,""M1"",B225<500000,""M2"",B225<1000000,""G1"",B225>1000000,""G2"")","=VLOOKUP(C225,Controle!A$2:H$9,8,FALSE)","=VLOOKUP(C225,Controle!A$16:H$23,8,FALSE)","=VLOOKUP(A225,Educacional!A$2:P$405,16,FALSE)","=VLOOKUP(A225,Demográfico!A$2:L$405,12,FALSE)","=VLOOKUP(A225,Socioeconômico!A$2:M$405,13,FALSE)",=(2*F225+G225+2*H225)/5/100,"=VLOOKUP(A225,Demográfico!A$2:E$400,5,FALSE)/(VLOOKUP(C225,Controle!A$2:G$9,7,FALSE))*D225","=VLOOKUP(A225,Demográfico!A$2:E$400,5,FALSE)/(VLOOKUP(C225,Controle!A$16:G$24,7,FALSE))*E225",=((J225*(1+I225))+3*(I225+K225))/4,1,"=VLOOKUP(A225,Demográfico!A$2:E$400,5,FALSE)*I225","=FLOOR(L225,1)",=L225-O225,"=RANK(P225,P$2:P$400,0)","=O225+IF(Q225<Q$1,1,0)",,"=VLOOKUP(A225,Demográfico!A$2:E$400,5,FALSE)*(I225)"
Figueira,8062,"=_xlfn.IFS(B226<20000, ""P1"",B226<40000, ""P2"",B226<70000, ""P3"",B226<100000, ""P4"",B226<200000,""M1"",B226<500000,""M2"",B226<1000000,""G1"",B226>1000000,""G2"")","=VLOOKUP(C226,Controle!A$2:H$9,8,FALSE)","=VLOOKUP(C226,Controle!A$16:H$23,8,FALSE)","=VLOOKUP(A226,Educacional!A$2:P$405,16,FALSE)","=VLOOKUP(A226,Demográfico!A$2:L$405,12,FALSE)","=VLOOKUP(A226,Socioeconômico!A$2:M$405,13,FALSE)",=(2*F226+G226+2*H226)/5/100,"=VLOOKUP(A226,Demográfico!A$2:E$400,5,FALSE)/(VLOOKUP(C226,Controle!A$2:G$9,7,FALSE))*D226","=VLOOKUP(A226,Demográfico!A$2:E$400,5,FALSE)/(VLOOKUP(C226,Controle!A$16:G$24,7,FALSE))*E226",=((J226*(1+I226))+3*(I226+K226))/4,1,"=VLOOKUP(A226,Demográfico!A$2:E$400,5,FALSE)*I226","=FLOOR(L226,1)",=L226-O226,"=RANK(P226,P$2:P$400,0)","=O226+IF(Q226<Q$1,1,0)",,"=VLOOKUP(A226,Demográfico!A$2:E$400,5,FALSE)*(I226)"
Verê,7932,"=_xlfn.IFS(B227<20000, ""P1"",B227<40000, ""P2"",B227<70000, ""P3"",B227<100000, ""P4"",B227<200000,""M1"",B227<500000,""M2"",B227<1000000,""G1"",B227>1000000,""G2"")","=VLOOKUP(C227,Controle!A$2:H$9,8,FALSE)","=VLOOKUP(C227,Controle!A$16:H$23,8,FALSE)","=VLOOKUP(A227,Educacional!A$2:P$405,16,FALSE)","=VLOOKUP(A227,Demográfico!A$2:L$405,12,FALSE)","=VLOOKUP(A227,Socioeconômico!A$2:M$405,13,FALSE)",=(2*F227+G227+2*H227)/5/100,"=VLOOKUP(A227,Demográfico!A$2:E$400,5,FALSE)/(VLOOKUP(C227,Controle!A$2:G$9,7,FALSE))*D227","=VLOOKUP(A227,Demográfico!A$2:E$400,5,FALSE)/(VLOOKUP(C227,Controle!A$16:G$24,7,FALSE))*E227",=((J227*(1+I227))+3*(I227+K227))/4,0,"=VLOOKUP(A227,Demográfico!A$2:E$400,5,FALSE)*I227","=FLOOR(L227,1)",=L227-O227,"=RANK(P227,P$2:P$400,0)","=O227+IF(Q227<Q$1,1,0)",,"=VLOOKUP(A227,Demográfico!A$2:E$400,5,FALSE)*(I227)"
Boa Vista da Aparecida,7924,"=_xlfn.IFS(B228<20000, ""P1"",B228<40000, ""P2"",B228<70000, ""P3"",B228<100000, ""P4"",B228<200000,""M1"",B228<500000,""M2"",B228<1000000,""G1"",B228>1000000,""G2"")","=VLOOKUP(C228,Controle!A$2:H$9,8,FALSE)","=VLOOKUP(C228,Controle!A$16:H$23,8,FALSE)","=VLOOKUP(A228,Educacional!A$2:P$405,16,FALSE)","=VLOOKUP(A228,Demográfico!A$2:L$405,12,FALSE)","=VLOOKUP(A228,Socioeconômico!A$2:M$405,13,FALSE)",=(2*F228+G228+2*H228)/5/100,"=VLOOKUP(A228,Demográfico!A$2:E$400,5,FALSE)/(VLOOKUP(C228,Controle!A$2:G$9,7,FALSE))*D228","=VLOOKUP(A228,Demográfico!A$2:E$400,5,FALSE)/(VLOOKUP(C228,Controle!A$16:G$24,7,FALSE))*E228",=((J228*(1+I228))+3*(I228+K228))/4,1,"=VLOOKUP(A228,Demográfico!A$2:E$400,5,FALSE)*I228","=FLOOR(L228,1)",=L228-O228,"=RANK(P228,P$2:P$400,0)","=O228+IF(Q228<Q$1,1,0)",,"=VLOOKUP(A228,Demográfico!A$2:E$400,5,FALSE)*(I228)"
Guamiranga,7856,"=_xlfn.IFS(B229<20000, ""P1"",B229<40000, ""P2"",B229<70000, ""P3"",B229<100000, ""P4"",B229<200000,""M1"",B229<500000,""M2"",B229<1000000,""G1"",B229>1000000,""G2"")","=VLOOKUP(C229,Controle!A$2:H$9,8,FALSE)","=VLOOKUP(C229,Controle!A$16:H$23,8,FALSE)","=VLOOKUP(A229,Educacional!A$2:P$405,16,FALSE)","=VLOOKUP(A229,Demográfico!A$2:L$405,12,FALSE)","=VLOOKUP(A229,Socioeconômico!A$2:M$405,13,FALSE)",=(2*F229+G229+2*H229)/5/100,"=VLOOKUP(A229,Demográfico!A$2:E$400,5,FALSE)/(VLOOKUP(C229,Controle!A$2:G$9,7,FALSE))*D229","=VLOOKUP(A229,Demográfico!A$2:E$400,5,FALSE)/(VLOOKUP(C229,Controle!A$16:G$24,7,FALSE))*E229",=((J229*(1+I229))+3*(I229+K229))/4,1,"=VLOOKUP(A229,Demográfico!A$2:E$400,5,FALSE)*I229","=FLOOR(L229,1)",=L229-O229,"=RANK(P229,P$2:P$400,0)","=O229+IF(Q229<Q$1,1,0)",,"=VLOOKUP(A229,Demográfico!A$2:E$400,5,FALSE)*(I229)"
Juranda,7771,"=_xlfn.IFS(B230<20000, ""P1"",B230<40000, ""P2"",B230<70000, ""P3"",B230<100000, ""P4"",B230<200000,""M1"",B230<500000,""M2"",B230<1000000,""G1"",B230>1000000,""G2"")","=VLOOKUP(C230,Controle!A$2:H$9,8,FALSE)","=VLOOKUP(C230,Controle!A$16:H$23,8,FALSE)","=VLOOKUP(A230,Educacional!A$2:P$405,16,FALSE)","=VLOOKUP(A230,Demográfico!A$2:L$405,12,FALSE)","=VLOOKUP(A230,Socioeconômico!A$2:M$405,13,FALSE)",=(2*F230+G230+2*H230)/5/100,"=VLOOKUP(A230,Demográfico!A$2:E$400,5,FALSE)/(VLOOKUP(C230,Controle!A$2:G$9,7,FALSE))*D230","=VLOOKUP(A230,Demográfico!A$2:E$400,5,FALSE)/(VLOOKUP(C230,Controle!A$16:G$24,7,FALSE))*E230",=((J230*(1+I230))+3*(I230+K230))/4,1,"=VLOOKUP(A230,Demográfico!A$2:E$400,5,FALSE)*I230","=FLOOR(L230,1)",=L230-O230,"=RANK(P230,P$2:P$400,0)","=O230+IF(Q230<Q$1,1,0)",,"=VLOOKUP(A230,Demográfico!A$2:E$400,5,FALSE)*(I230)"
Borrazópolis,7735,"=_xlfn.IFS(B231<20000, ""P1"",B231<40000, ""P2"",B231<70000, ""P3"",B231<100000, ""P4"",B231<200000,""M1"",B231<500000,""M2"",B231<1000000,""G1"",B231>1000000,""G2"")","=VLOOKUP(C231,Controle!A$2:H$9,8,FALSE)","=VLOOKUP(C231,Controle!A$16:H$23,8,FALSE)","=VLOOKUP(A231,Educacional!A$2:P$405,16,FALSE)","=VLOOKUP(A231,Demográfico!A$2:L$405,12,FALSE)","=VLOOKUP(A231,Socioeconômico!A$2:M$405,13,FALSE)",=(2*F231+G231+2*H231)/5/100,"=VLOOKUP(A231,Demográfico!A$2:E$400,5,FALSE)/(VLOOKUP(C231,Controle!A$2:G$9,7,FALSE))*D231","=VLOOKUP(A231,Demográfico!A$2:E$400,5,FALSE)/(VLOOKUP(C231,Controle!A$16:G$24,7,FALSE))*E231",=((J231*(1+I231))+3*(I231+K231))/4,1,"=VLOOKUP(A231,Demográfico!A$2:E$400,5,FALSE)*I231","=FLOOR(L231,1)",=L231-O231,"=RANK(P231,P$2:P$400,0)","=O231+IF(Q231<Q$1,1,0)",,"=VLOOKUP(A231,Demográfico!A$2:E$400,5,FALSE)*(I231)"
Formosa do Oeste,7635,"=_xlfn.IFS(B232<20000, ""P1"",B232<40000, ""P2"",B232<70000, ""P3"",B232<100000, ""P4"",B232<200000,""M1"",B232<500000,""M2"",B232<1000000,""G1"",B232>1000000,""G2"")","=VLOOKUP(C232,Controle!A$2:H$9,8,FALSE)","=VLOOKUP(C232,Controle!A$16:H$23,8,FALSE)","=VLOOKUP(A232,Educacional!A$2:P$405,16,FALSE)","=VLOOKUP(A232,Demográfico!A$2:L$405,12,FALSE)","=VLOOKUP(A232,Socioeconômico!A$2:M$405,13,FALSE)",=(2*F232+G232+2*H232)/5/100,"=VLOOKUP(A232,Demográfico!A$2:E$400,5,FALSE)/(VLOOKUP(C232,Controle!A$2:G$9,7,FALSE))*D232","=VLOOKUP(A232,Demográfico!A$2:E$400,5,FALSE)/(VLOOKUP(C232,Controle!A$16:G$24,7,FALSE))*E232",=((J232*(1+I232))+3*(I232+K232))/4,0,"=VLOOKUP(A232,Demográfico!A$2:E$400,5,FALSE)*I232","=FLOOR(L232,1)",=L232-O232,"=RANK(P232,P$2:P$400,0)","=O232+IF(Q232<Q$1,1,0)",,"=VLOOKUP(A232,Demográfico!A$2:E$400,5,FALSE)*(I232)"
Campo do Tenente,7508,"=_xlfn.IFS(B233<20000, ""P1"",B233<40000, ""P2"",B233<70000, ""P3"",B233<100000, ""P4"",B233<200000,""M1"",B233<500000,""M2"",B233<1000000,""G1"",B233>1000000,""G2"")","=VLOOKUP(C233,Controle!A$2:H$9,8,FALSE)","=VLOOKUP(C233,Controle!A$16:H$23,8,FALSE)","=VLOOKUP(A233,Educacional!A$2:P$405,16,FALSE)","=VLOOKUP(A233,Demográfico!A$2:L$405,12,FALSE)","=VLOOKUP(A233,Socioeconômico!A$2:M$405,13,FALSE)",=(2*F233+G233+2*H233)/5/100,"=VLOOKUP(A233,Demográfico!A$2:E$400,5,FALSE)/(VLOOKUP(C233,Controle!A$2:G$9,7,FALSE))*D233","=VLOOKUP(A233,Demográfico!A$2:E$400,5,FALSE)/(VLOOKUP(C233,Controle!A$16:G$24,7,FALSE))*E233",=((J233*(1+I233))+3*(I233+K233))/4,1,"=VLOOKUP(A233,Demográfico!A$2:E$400,5,FALSE)*I233","=FLOOR(L233,1)",=L233-O233,"=RANK(P233,P$2:P$400,0)","=O233+IF(Q233<Q$1,1,0)",,"=VLOOKUP(A233,Demográfico!A$2:E$400,5,FALSE)*(I233)"
Guaraqueçaba,7430,"=_xlfn.IFS(B234<20000, ""P1"",B234<40000, ""P2"",B234<70000, ""P3"",B234<100000, ""P4"",B234<200000,""M1"",B234<500000,""M2"",B234<1000000,""G1"",B234>1000000,""G2"")","=VLOOKUP(C234,Controle!A$2:H$9,8,FALSE)","=VLOOKUP(C234,Controle!A$16:H$23,8,FALSE)","=VLOOKUP(A234,Educacional!A$2:P$405,16,FALSE)","=VLOOKUP(A234,Demográfico!A$2:L$405,12,FALSE)","=VLOOKUP(A234,Socioeconômico!A$2:M$405,13,FALSE)",=(2*F234+G234+2*H234)/5/100,"=VLOOKUP(A234,Demográfico!A$2:E$400,5,FALSE)/(VLOOKUP(C234,Controle!A$2:G$9,7,FALSE))*D234","=VLOOKUP(A234,Demográfico!A$2:E$400,5,FALSE)/(VLOOKUP(C234,Controle!A$16:G$24,7,FALSE))*E234",=((J234*(1+I234))+3*(I234+K234))/4,1,"=VLOOKUP(A234,Demográfico!A$2:E$400,5,FALSE)*I234","=FLOOR(L234,1)",=L234-O234,"=RANK(P234,P$2:P$400,0)","=O234+IF(Q234<Q$1,1,0)",,"=VLOOKUP(A234,Demográfico!A$2:E$400,5,FALSE)*(I234)"
Marilena,7253,"=_xlfn.IFS(B235<20000, ""P1"",B235<40000, ""P2"",B235<70000, ""P3"",B235<100000, ""P4"",B235<200000,""M1"",B235<500000,""M2"",B235<1000000,""G1"",B235>1000000,""G2"")","=VLOOKUP(C235,Controle!A$2:H$9,8,FALSE)","=VLOOKUP(C235,Controle!A$16:H$23,8,FALSE)","=VLOOKUP(A235,Educacional!A$2:P$405,16,FALSE)","=VLOOKUP(A235,Demográfico!A$2:L$405,12,FALSE)","=VLOOKUP(A235,Socioeconômico!A$2:M$405,13,FALSE)",=(2*F235+G235+2*H235)/5/100,"=VLOOKUP(A235,Demográfico!A$2:E$400,5,FALSE)/(VLOOKUP(C235,Controle!A$2:G$9,7,FALSE))*D235","=VLOOKUP(A235,Demográfico!A$2:E$400,5,FALSE)/(VLOOKUP(C235,Controle!A$16:G$24,7,FALSE))*E235",=((J235*(1+I235))+3*(I235+K235))/4,1,"=VLOOKUP(A235,Demográfico!A$2:E$400,5,FALSE)*I235","=FLOOR(L235,1)",=L235-O235,"=RANK(P235,P$2:P$400,0)","=O235+IF(Q235<Q$1,1,0)",,"=VLOOKUP(A235,Demográfico!A$2:E$400,5,FALSE)*(I235)"
Abatiá,7241,"=_xlfn.IFS(B236<20000, ""P1"",B236<40000, ""P2"",B236<70000, ""P3"",B236<100000, ""P4"",B236<200000,""M1"",B236<500000,""M2"",B236<1000000,""G1"",B236>1000000,""G2"")","=VLOOKUP(C236,Controle!A$2:H$9,8,FALSE)","=VLOOKUP(C236,Controle!A$16:H$23,8,FALSE)","=VLOOKUP(A236,Educacional!A$2:P$405,16,FALSE)","=VLOOKUP(A236,Demográfico!A$2:L$405,12,FALSE)","=VLOOKUP(A236,Socioeconômico!A$2:M$405,13,FALSE)",=(2*F236+G236+2*H236)/5/100,"=VLOOKUP(A236,Demográfico!A$2:E$400,5,FALSE)/(VLOOKUP(C236,Controle!A$2:G$9,7,FALSE))*D236","=VLOOKUP(A236,Demográfico!A$2:E$400,5,FALSE)/(VLOOKUP(C236,Controle!A$16:G$24,7,FALSE))*E236",=((J236*(1+I236))+3*(I236+K236))/4,0,"=VLOOKUP(A236,Demográfico!A$2:E$400,5,FALSE)*I236","=FLOOR(L236,1)",=L236-O236,"=RANK(P236,P$2:P$400,0)","=O236+IF(Q236<Q$1,1,0)",,"=VLOOKUP(A236,Demográfico!A$2:E$400,5,FALSE)*(I236)"
Nova Fátima,7225,"=_xlfn.IFS(B237<20000, ""P1"",B237<40000, ""P2"",B237<70000, ""P3"",B237<100000, ""P4"",B237<200000,""M1"",B237<500000,""M2"",B237<1000000,""G1"",B237>1000000,""G2"")","=VLOOKUP(C237,Controle!A$2:H$9,8,FALSE)","=VLOOKUP(C237,Controle!A$16:H$23,8,FALSE)","=VLOOKUP(A237,Educacional!A$2:P$405,16,FALSE)","=VLOOKUP(A237,Demográfico!A$2:L$405,12,FALSE)","=VLOOKUP(A237,Socioeconômico!A$2:M$405,13,FALSE)",=(2*F237+G237+2*H237)/5/100,"=VLOOKUP(A237,Demográfico!A$2:E$400,5,FALSE)/(VLOOKUP(C237,Controle!A$2:G$9,7,FALSE))*D237","=VLOOKUP(A237,Demográfico!A$2:E$400,5,FALSE)/(VLOOKUP(C237,Controle!A$16:G$24,7,FALSE))*E237",=((J237*(1+I237))+3*(I237+K237))/4,0,"=VLOOKUP(A237,Demográfico!A$2:E$400,5,FALSE)*I237","=FLOOR(L237,1)",=L237-O237,"=RANK(P237,P$2:P$400,0)","=O237+IF(Q237<Q$1,1,0)",,"=VLOOKUP(A237,Demográfico!A$2:E$400,5,FALSE)*(I237)"
Perobal,7189,"=_xlfn.IFS(B238<20000, ""P1"",B238<40000, ""P2"",B238<70000, ""P3"",B238<100000, ""P4"",B238<200000,""M1"",B238<500000,""M2"",B238<1000000,""G1"",B238>1000000,""G2"")","=VLOOKUP(C238,Controle!A$2:H$9,8,FALSE)","=VLOOKUP(C238,Controle!A$16:H$23,8,FALSE)","=VLOOKUP(A238,Educacional!A$2:P$405,16,FALSE)","=VLOOKUP(A238,Demográfico!A$2:L$405,12,FALSE)","=VLOOKUP(A238,Socioeconômico!A$2:M$405,13,FALSE)",=(2*F238+G238+2*H238)/5/100,"=VLOOKUP(A238,Demográfico!A$2:E$400,5,FALSE)/(VLOOKUP(C238,Controle!A$2:G$9,7,FALSE))*D238","=VLOOKUP(A238,Demográfico!A$2:E$400,5,FALSE)/(VLOOKUP(C238,Controle!A$16:G$24,7,FALSE))*E238",=((J238*(1+I238))+3*(I238+K238))/4,1,"=VLOOKUP(A238,Demográfico!A$2:E$400,5,FALSE)*I238","=FLOOR(L238,1)",=L238-O238,"=RANK(P238,P$2:P$400,0)","=O238+IF(Q238<Q$1,1,0)",,"=VLOOKUP(A238,Demográfico!A$2:E$400,5,FALSE)*(I238)"
Antônio Olinto,7018,"=_xlfn.IFS(B239<20000, ""P1"",B239<40000, ""P2"",B239<70000, ""P3"",B239<100000, ""P4"",B239<200000,""M1"",B239<500000,""M2"",B239<1000000,""G1"",B239>1000000,""G2"")","=VLOOKUP(C239,Controle!A$2:H$9,8,FALSE)","=VLOOKUP(C239,Controle!A$16:H$23,8,FALSE)","=VLOOKUP(A239,Educacional!A$2:P$405,16,FALSE)","=VLOOKUP(A239,Demográfico!A$2:L$405,12,FALSE)","=VLOOKUP(A239,Socioeconômico!A$2:M$405,13,FALSE)",=(2*F239+G239+2*H239)/5/100,"=VLOOKUP(A239,Demográfico!A$2:E$400,5,FALSE)/(VLOOKUP(C239,Controle!A$2:G$9,7,FALSE))*D239","=VLOOKUP(A239,Demográfico!A$2:E$400,5,FALSE)/(VLOOKUP(C239,Controle!A$16:G$24,7,FALSE))*E239",=((J239*(1+I239))+3*(I239+K239))/4,1,"=VLOOKUP(A239,Demográfico!A$2:E$400,5,FALSE)*I239","=FLOOR(L239,1)",=L239-O239,"=RANK(P239,P$2:P$400,0)","=O239+IF(Q239<Q$1,1,0)",,"=VLOOKUP(A239,Demográfico!A$2:E$400,5,FALSE)*(I239)"
Nova Tebas,6848,"=_xlfn.IFS(B240<20000, ""P1"",B240<40000, ""P2"",B240<70000, ""P3"",B240<100000, ""P4"",B240<200000,""M1"",B240<500000,""M2"",B240<1000000,""G1"",B240>1000000,""G2"")","=VLOOKUP(C240,Controle!A$2:H$9,8,FALSE)","=VLOOKUP(C240,Controle!A$16:H$23,8,FALSE)","=VLOOKUP(A240,Educacional!A$2:P$405,16,FALSE)","=VLOOKUP(A240,Demográfico!A$2:L$405,12,FALSE)","=VLOOKUP(A240,Socioeconômico!A$2:M$405,13,FALSE)",=(2*F240+G240+2*H240)/5/100,"=VLOOKUP(A240,Demográfico!A$2:E$400,5,FALSE)/(VLOOKUP(C240,Controle!A$2:G$9,7,FALSE))*D240","=VLOOKUP(A240,Demográfico!A$2:E$400,5,FALSE)/(VLOOKUP(C240,Controle!A$16:G$24,7,FALSE))*E240",=((J240*(1+I240))+3*(I240+K240))/4,0,"=VLOOKUP(A240,Demográfico!A$2:E$400,5,FALSE)*I240","=FLOOR(L240,1)",=L240-O240,"=RANK(P240,P$2:P$400,0)","=O240+IF(Q240<Q$1,1,0)",,"=VLOOKUP(A240,Demográfico!A$2:E$400,5,FALSE)*(I240)"
Renascença,6845,"=_xlfn.IFS(B241<20000, ""P1"",B241<40000, ""P2"",B241<70000, ""P3"",B241<100000, ""P4"",B241<200000,""M1"",B241<500000,""M2"",B241<1000000,""G1"",B241>1000000,""G2"")","=VLOOKUP(C241,Controle!A$2:H$9,8,FALSE)","=VLOOKUP(C241,Controle!A$16:H$23,8,FALSE)","=VLOOKUP(A241,Educacional!A$2:P$405,16,FALSE)","=VLOOKUP(A241,Demográfico!A$2:L$405,12,FALSE)","=VLOOKUP(A241,Socioeconômico!A$2:M$405,13,FALSE)",=(2*F241+G241+2*H241)/5/100,"=VLOOKUP(A241,Demográfico!A$2:E$400,5,FALSE)/(VLOOKUP(C241,Controle!A$2:G$9,7,FALSE))*D241","=VLOOKUP(A241,Demográfico!A$2:E$400,5,FALSE)/(VLOOKUP(C241,Controle!A$16:G$24,7,FALSE))*E241",=((J241*(1+I241))+3*(I241+K241))/4,1,"=VLOOKUP(A241,Demográfico!A$2:E$400,5,FALSE)*I241","=FLOOR(L241,1)",=L241-O241,"=RANK(P241,P$2:P$400,0)","=O241+IF(Q241<Q$1,1,0)",,"=VLOOKUP(A241,Demográfico!A$2:E$400,5,FALSE)*(I241)"
Ivaté,6831,"=_xlfn.IFS(B242<20000, ""P1"",B242<40000, ""P2"",B242<70000, ""P3"",B242<100000, ""P4"",B242<200000,""M1"",B242<500000,""M2"",B242<1000000,""G1"",B242>1000000,""G2"")","=VLOOKUP(C242,Controle!A$2:H$9,8,FALSE)","=VLOOKUP(C242,Controle!A$16:H$23,8,FALSE)","=VLOOKUP(A242,Educacional!A$2:P$405,16,FALSE)","=VLOOKUP(A242,Demográfico!A$2:L$405,12,FALSE)","=VLOOKUP(A242,Socioeconômico!A$2:M$405,13,FALSE)",=(2*F242+G242+2*H242)/5/100,"=VLOOKUP(A242,Demográfico!A$2:E$400,5,FALSE)/(VLOOKUP(C242,Controle!A$2:G$9,7,FALSE))*D242","=VLOOKUP(A242,Demográfico!A$2:E$400,5,FALSE)/(VLOOKUP(C242,Controle!A$16:G$24,7,FALSE))*E242",=((J242*(1+I242))+3*(I242+K242))/4,0,"=VLOOKUP(A242,Demográfico!A$2:E$400,5,FALSE)*I242","=FLOOR(L242,1)",=L242-O242,"=RANK(P242,P$2:P$400,0)","=O242+IF(Q242<Q$1,1,0)",,"=VLOOKUP(A242,Demográfico!A$2:E$400,5,FALSE)*(I242)"
Nova Cantu,6790,"=_xlfn.IFS(B243<20000, ""P1"",B243<40000, ""P2"",B243<70000, ""P3"",B243<100000, ""P4"",B243<200000,""M1"",B243<500000,""M2"",B243<1000000,""G1"",B243>1000000,""G2"")","=VLOOKUP(C243,Controle!A$2:H$9,8,FALSE)","=VLOOKUP(C243,Controle!A$16:H$23,8,FALSE)","=VLOOKUP(A243,Educacional!A$2:P$405,16,FALSE)","=VLOOKUP(A243,Demográfico!A$2:L$405,12,FALSE)","=VLOOKUP(A243,Socioeconômico!A$2:M$405,13,FALSE)",=(2*F243+G243+2*H243)/5/100,"=VLOOKUP(A243,Demográfico!A$2:E$400,5,FALSE)/(VLOOKUP(C243,Controle!A$2:G$9,7,FALSE))*D243","=VLOOKUP(A243,Demográfico!A$2:E$400,5,FALSE)/(VLOOKUP(C243,Controle!A$16:G$24,7,FALSE))*E243",=((J243*(1+I243))+3*(I243+K243))/4,1,"=VLOOKUP(A243,Demográfico!A$2:E$400,5,FALSE)*I243","=FLOOR(L243,1)",=L243-O243,"=RANK(P243,P$2:P$400,0)","=O243+IF(Q243<Q$1,1,0)",,"=VLOOKUP(A243,Demográfico!A$2:E$400,5,FALSE)*(I243)"
Ouro Verde do Oeste,6785,"=_xlfn.IFS(B244<20000, ""P1"",B244<40000, ""P2"",B244<70000, ""P3"",B244<100000, ""P4"",B244<200000,""M1"",B244<500000,""M2"",B244<1000000,""G1"",B244>1000000,""G2"")","=VLOOKUP(C244,Controle!A$2:H$9,8,FALSE)","=VLOOKUP(C244,Controle!A$16:H$23,8,FALSE)","=VLOOKUP(A244,Educacional!A$2:P$405,16,FALSE)","=VLOOKUP(A244,Demográfico!A$2:L$405,12,FALSE)","=VLOOKUP(A244,Socioeconômico!A$2:M$405,13,FALSE)",=(2*F244+G244+2*H244)/5/100,"=VLOOKUP(A244,Demográfico!A$2:E$400,5,FALSE)/(VLOOKUP(C244,Controle!A$2:G$9,7,FALSE))*D244","=VLOOKUP(A244,Demográfico!A$2:E$400,5,FALSE)/(VLOOKUP(C244,Controle!A$16:G$24,7,FALSE))*E244",=((J244*(1+I244))+3*(I244+K244))/4,1,"=VLOOKUP(A244,Demográfico!A$2:E$400,5,FALSE)*I244","=FLOOR(L244,1)",=L244-O244,"=RANK(P244,P$2:P$400,0)","=O244+IF(Q244<Q$1,1,0)",,"=VLOOKUP(A244,Demográfico!A$2:E$400,5,FALSE)*(I244)"
Sapopema,6695,"=_xlfn.IFS(B245<20000, ""P1"",B245<40000, ""P2"",B245<70000, ""P3"",B245<100000, ""P4"",B245<200000,""M1"",B245<500000,""M2"",B245<1000000,""G1"",B245>1000000,""G2"")","=VLOOKUP(C245,Controle!A$2:H$9,8,FALSE)","=VLOOKUP(C245,Controle!A$16:H$23,8,FALSE)","=VLOOKUP(A245,Educacional!A$2:P$405,16,FALSE)","=VLOOKUP(A245,Demográfico!A$2:L$405,12,FALSE)","=VLOOKUP(A245,Socioeconômico!A$2:M$405,13,FALSE)",=(2*F245+G245+2*H245)/5/100,"=VLOOKUP(A245,Demográfico!A$2:E$400,5,FALSE)/(VLOOKUP(C245,Controle!A$2:G$9,7,FALSE))*D245","=VLOOKUP(A245,Demográfico!A$2:E$400,5,FALSE)/(VLOOKUP(C245,Controle!A$16:G$24,7,FALSE))*E245",=((J245*(1+I245))+3*(I245+K245))/4,0,"=VLOOKUP(A245,Demográfico!A$2:E$400,5,FALSE)*I245","=FLOOR(L245,1)",=L245-O245,"=RANK(P245,P$2:P$400,0)","=O245+IF(Q245<Q$1,1,0)",,"=VLOOKUP(A245,Demográfico!A$2:E$400,5,FALSE)*(I245)"
Luiziana,6690,"=_xlfn.IFS(B246<20000, ""P1"",B246<40000, ""P2"",B246<70000, ""P3"",B246<100000, ""P4"",B246<200000,""M1"",B246<500000,""M2"",B246<1000000,""G1"",B246>1000000,""G2"")","=VLOOKUP(C246,Controle!A$2:H$9,8,FALSE)","=VLOOKUP(C246,Controle!A$16:H$23,8,FALSE)","=VLOOKUP(A246,Educacional!A$2:P$405,16,FALSE)","=VLOOKUP(A246,Demográfico!A$2:L$405,12,FALSE)","=VLOOKUP(A246,Socioeconômico!A$2:M$405,13,FALSE)",=(2*F246+G246+2*H246)/5/100,"=VLOOKUP(A246,Demográfico!A$2:E$400,5,FALSE)/(VLOOKUP(C246,Controle!A$2:G$9,7,FALSE))*D246","=VLOOKUP(A246,Demográfico!A$2:E$400,5,FALSE)/(VLOOKUP(C246,Controle!A$16:G$24,7,FALSE))*E246",=((J246*(1+I246))+3*(I246+K246))/4,1,"=VLOOKUP(A246,Demográfico!A$2:E$400,5,FALSE)*I246","=FLOOR(L246,1)",=L246-O246,"=RANK(P246,P$2:P$400,0)","=O246+IF(Q246<Q$1,1,0)",,"=VLOOKUP(A246,Demográfico!A$2:E$400,5,FALSE)*(I246)"
Jussara,6690,"=_xlfn.IFS(B247<20000, ""P1"",B247<40000, ""P2"",B247<70000, ""P3"",B247<100000, ""P4"",B247<200000,""M1"",B247<500000,""M2"",B247<1000000,""G1"",B247>1000000,""G2"")","=VLOOKUP(C247,Controle!A$2:H$9,8,FALSE)","=VLOOKUP(C247,Controle!A$16:H$23,8,FALSE)","=VLOOKUP(A247,Educacional!A$2:P$405,16,FALSE)","=VLOOKUP(A247,Demográfico!A$2:L$405,12,FALSE)","=VLOOKUP(A247,Socioeconômico!A$2:M$405,13,FALSE)",=(2*F247+G247+2*H247)/5/100,"=VLOOKUP(A247,Demográfico!A$2:E$400,5,FALSE)/(VLOOKUP(C247,Controle!A$2:G$9,7,FALSE))*D247","=VLOOKUP(A247,Demográfico!A$2:E$400,5,FALSE)/(VLOOKUP(C247,Controle!A$16:G$24,7,FALSE))*E247",=((J247*(1+I247))+3*(I247+K247))/4,0,"=VLOOKUP(A247,Demográfico!A$2:E$400,5,FALSE)*I247","=FLOOR(L247,1)",=L247-O247,"=RANK(P247,P$2:P$400,0)","=O247+IF(Q247<Q$1,1,0)",,"=VLOOKUP(A247,Demográfico!A$2:E$400,5,FALSE)*(I247)"
Guairaçá,6587,"=_xlfn.IFS(B248<20000, ""P1"",B248<40000, ""P2"",B248<70000, ""P3"",B248<100000, ""P4"",B248<200000,""M1"",B248<500000,""M2"",B248<1000000,""G1"",B248>1000000,""G2"")","=VLOOKUP(C248,Controle!A$2:H$9,8,FALSE)","=VLOOKUP(C248,Controle!A$16:H$23,8,FALSE)","=VLOOKUP(A248,Educacional!A$2:P$405,16,FALSE)","=VLOOKUP(A248,Demográfico!A$2:L$405,12,FALSE)","=VLOOKUP(A248,Socioeconômico!A$2:M$405,13,FALSE)",=(2*F248+G248+2*H248)/5/100,"=VLOOKUP(A248,Demográfico!A$2:E$400,5,FALSE)/(VLOOKUP(C248,Controle!A$2:G$9,7,FALSE))*D248","=VLOOKUP(A248,Demográfico!A$2:E$400,5,FALSE)/(VLOOKUP(C248,Controle!A$16:G$24,7,FALSE))*E248",=((J248*(1+I248))+3*(I248+K248))/4,1,"=VLOOKUP(A248,Demográfico!A$2:E$400,5,FALSE)*I248","=FLOOR(L248,1)",=L248-O248,"=RANK(P248,P$2:P$400,0)","=O248+IF(Q248<Q$1,1,0)",,"=VLOOKUP(A248,Demográfico!A$2:E$400,5,FALSE)*(I248)"
São Carlos do Ivaí,6587,"=_xlfn.IFS(B249<20000, ""P1"",B249<40000, ""P2"",B249<70000, ""P3"",B249<100000, ""P4"",B249<200000,""M1"",B249<500000,""M2"",B249<1000000,""G1"",B249>1000000,""G2"")","=VLOOKUP(C249,Controle!A$2:H$9,8,FALSE)","=VLOOKUP(C249,Controle!A$16:H$23,8,FALSE)","=VLOOKUP(A249,Educacional!A$2:P$405,16,FALSE)","=VLOOKUP(A249,Demográfico!A$2:L$405,12,FALSE)","=VLOOKUP(A249,Socioeconômico!A$2:M$405,13,FALSE)",=(2*F249+G249+2*H249)/5/100,"=VLOOKUP(A249,Demográfico!A$2:E$400,5,FALSE)/(VLOOKUP(C249,Controle!A$2:G$9,7,FALSE))*D249","=VLOOKUP(A249,Demográfico!A$2:E$400,5,FALSE)/(VLOOKUP(C249,Controle!A$16:G$24,7,FALSE))*E249",=((J249*(1+I249))+3*(I249+K249))/4,0,"=VLOOKUP(A249,Demográfico!A$2:E$400,5,FALSE)*I249","=FLOOR(L249,1)",=L249-O249,"=RANK(P249,P$2:P$400,0)","=O249+IF(Q249<Q$1,1,0)",,"=VLOOKUP(A249,Demográfico!A$2:E$400,5,FALSE)*(I249)"
Bom Sucesso,6581,"=_xlfn.IFS(B250<20000, ""P1"",B250<40000, ""P2"",B250<70000, ""P3"",B250<100000, ""P4"",B250<200000,""M1"",B250<500000,""M2"",B250<1000000,""G1"",B250>1000000,""G2"")","=VLOOKUP(C250,Controle!A$2:H$9,8,FALSE)","=VLOOKUP(C250,Controle!A$16:H$23,8,FALSE)","=VLOOKUP(A250,Educacional!A$2:P$405,16,FALSE)","=VLOOKUP(A250,Demográfico!A$2:L$405,12,FALSE)","=VLOOKUP(A250,Socioeconômico!A$2:M$405,13,FALSE)",=(2*F250+G250+2*H250)/5/100,"=VLOOKUP(A250,Demográfico!A$2:E$400,5,FALSE)/(VLOOKUP(C250,Controle!A$2:G$9,7,FALSE))*D250","=VLOOKUP(A250,Demográfico!A$2:E$400,5,FALSE)/(VLOOKUP(C250,Controle!A$16:G$24,7,FALSE))*E250",=((J250*(1+I250))+3*(I250+K250))/4,0,"=VLOOKUP(A250,Demográfico!A$2:E$400,5,FALSE)*I250","=FLOOR(L250,1)",=L250-O250,"=RANK(P250,P$2:P$400,0)","=O250+IF(Q250<Q$1,1,0)",,"=VLOOKUP(A250,Demográfico!A$2:E$400,5,FALSE)*(I250)"
Goioxim,6566,"=_xlfn.IFS(B251<20000, ""P1"",B251<40000, ""P2"",B251<70000, ""P3"",B251<100000, ""P4"",B251<200000,""M1"",B251<500000,""M2"",B251<1000000,""G1"",B251>1000000,""G2"")","=VLOOKUP(C251,Controle!A$2:H$9,8,FALSE)","=VLOOKUP(C251,Controle!A$16:H$23,8,FALSE)","=VLOOKUP(A251,Educacional!A$2:P$405,16,FALSE)","=VLOOKUP(A251,Demográfico!A$2:L$405,12,FALSE)","=VLOOKUP(A251,Socioeconômico!A$2:M$405,13,FALSE)",=(2*F251+G251+2*H251)/5/100,"=VLOOKUP(A251,Demográfico!A$2:E$400,5,FALSE)/(VLOOKUP(C251,Controle!A$2:G$9,7,FALSE))*D251","=VLOOKUP(A251,Demográfico!A$2:E$400,5,FALSE)/(VLOOKUP(C251,Controle!A$16:G$24,7,FALSE))*E251",=((J251*(1+I251))+3*(I251+K251))/4,1,"=VLOOKUP(A251,Demográfico!A$2:E$400,5,FALSE)*I251","=FLOOR(L251,1)",=L251-O251,"=RANK(P251,P$2:P$400,0)","=O251+IF(Q251<Q$1,1,0)",,"=VLOOKUP(A251,Demográfico!A$2:E$400,5,FALSE)*(I251)"
Pinhalão,6566,"=_xlfn.IFS(B252<20000, ""P1"",B252<40000, ""P2"",B252<70000, ""P3"",B252<100000, ""P4"",B252<200000,""M1"",B252<500000,""M2"",B252<1000000,""G1"",B252>1000000,""G2"")","=VLOOKUP(C252,Controle!A$2:H$9,8,FALSE)","=VLOOKUP(C252,Controle!A$16:H$23,8,FALSE)","=VLOOKUP(A252,Educacional!A$2:P$405,16,FALSE)","=VLOOKUP(A252,Demográfico!A$2:L$405,12,FALSE)","=VLOOKUP(A252,Socioeconômico!A$2:M$405,13,FALSE)",=(2*F252+G252+2*H252)/5/100,"=VLOOKUP(A252,Demográfico!A$2:E$400,5,FALSE)/(VLOOKUP(C252,Controle!A$2:G$9,7,FALSE))*D252","=VLOOKUP(A252,Demográfico!A$2:E$400,5,FALSE)/(VLOOKUP(C252,Controle!A$16:G$24,7,FALSE))*E252",=((J252*(1+I252))+3*(I252+K252))/4,1,"=VLOOKUP(A252,Demográfico!A$2:E$400,5,FALSE)*I252","=FLOOR(L252,1)",=L252-O252,"=RANK(P252,P$2:P$400,0)","=O252+IF(Q252<Q$1,1,0)",,"=VLOOKUP(A252,Demográfico!A$2:E$400,5,FALSE)*(I252)"
Maripá,6555,"=_xlfn.IFS(B253<20000, ""P1"",B253<40000, ""P2"",B253<70000, ""P3"",B253<100000, ""P4"",B253<200000,""M1"",B253<500000,""M2"",B253<1000000,""G1"",B253>1000000,""G2"")","=VLOOKUP(C253,Controle!A$2:H$9,8,FALSE)","=VLOOKUP(C253,Controle!A$16:H$23,8,FALSE)","=VLOOKUP(A253,Educacional!A$2:P$405,16,FALSE)","=VLOOKUP(A253,Demográfico!A$2:L$405,12,FALSE)","=VLOOKUP(A253,Socioeconômico!A$2:M$405,13,FALSE)",=(2*F253+G253+2*H253)/5/100,"=VLOOKUP(A253,Demográfico!A$2:E$400,5,FALSE)/(VLOOKUP(C253,Controle!A$2:G$9,7,FALSE))*D253","=VLOOKUP(A253,Demográfico!A$2:E$400,5,FALSE)/(VLOOKUP(C253,Controle!A$16:G$24,7,FALSE))*E253",=((J253*(1+I253))+3*(I253+K253))/4,0,"=VLOOKUP(A253,Demográfico!A$2:E$400,5,FALSE)*I253","=FLOOR(L253,1)",=L253-O253,"=RANK(P253,P$2:P$400,0)","=O253+IF(Q253<Q$1,1,0)",,"=VLOOKUP(A253,Demográfico!A$2:E$400,5,FALSE)*(I253)"
Reserva do Iguaçu,6553,"=_xlfn.IFS(B254<20000, ""P1"",B254<40000, ""P2"",B254<70000, ""P3"",B254<100000, ""P4"",B254<200000,""M1"",B254<500000,""M2"",B254<1000000,""G1"",B254>1000000,""G2"")","=VLOOKUP(C254,Controle!A$2:H$9,8,FALSE)","=VLOOKUP(C254,Controle!A$16:H$23,8,FALSE)","=VLOOKUP(A254,Educacional!A$2:P$405,16,FALSE)","=VLOOKUP(A254,Demográfico!A$2:L$405,12,FALSE)","=VLOOKUP(A254,Socioeconômico!A$2:M$405,13,FALSE)",=(2*F254+G254+2*H254)/5/100,"=VLOOKUP(A254,Demográfico!A$2:E$400,5,FALSE)/(VLOOKUP(C254,Controle!A$2:G$9,7,FALSE))*D254","=VLOOKUP(A254,Demográfico!A$2:E$400,5,FALSE)/(VLOOKUP(C254,Controle!A$16:G$24,7,FALSE))*E254",=((J254*(1+I254))+3*(I254+K254))/4,1,"=VLOOKUP(A254,Demográfico!A$2:E$400,5,FALSE)*I254","=FLOOR(L254,1)",=L254-O254,"=RANK(P254,P$2:P$400,0)","=O254+IF(Q254<Q$1,1,0)",,"=VLOOKUP(A254,Demográfico!A$2:E$400,5,FALSE)*(I254)"
São Jorge do Patrocínio,6504,"=_xlfn.IFS(B255<20000, ""P1"",B255<40000, ""P2"",B255<70000, ""P3"",B255<100000, ""P4"",B255<200000,""M1"",B255<500000,""M2"",B255<1000000,""G1"",B255>1000000,""G2"")","=VLOOKUP(C255,Controle!A$2:H$9,8,FALSE)","=VLOOKUP(C255,Controle!A$16:H$23,8,FALSE)","=VLOOKUP(A255,Educacional!A$2:P$405,16,FALSE)","=VLOOKUP(A255,Demográfico!A$2:L$405,12,FALSE)","=VLOOKUP(A255,Socioeconômico!A$2:M$405,13,FALSE)",=(2*F255+G255+2*H255)/5/100,"=VLOOKUP(A255,Demográfico!A$2:E$400,5,FALSE)/(VLOOKUP(C255,Controle!A$2:G$9,7,FALSE))*D255","=VLOOKUP(A255,Demográfico!A$2:E$400,5,FALSE)/(VLOOKUP(C255,Controle!A$16:G$24,7,FALSE))*E255",=((J255*(1+I255))+3*(I255+K255))/4,1,"=VLOOKUP(A255,Demográfico!A$2:E$400,5,FALSE)*I255","=FLOOR(L255,1)",=L255-O255,"=RANK(P255,P$2:P$400,0)","=O255+IF(Q255<Q$1,1,0)",,"=VLOOKUP(A255,Demográfico!A$2:E$400,5,FALSE)*(I255)"
Boa Ventura de São Roque,6378,"=_xlfn.IFS(B256<20000, ""P1"",B256<40000, ""P2"",B256<70000, ""P3"",B256<100000, ""P4"",B256<200000,""M1"",B256<500000,""M2"",B256<1000000,""G1"",B256>1000000,""G2"")","=VLOOKUP(C256,Controle!A$2:H$9,8,FALSE)","=VLOOKUP(C256,Controle!A$16:H$23,8,FALSE)","=VLOOKUP(A256,Educacional!A$2:P$405,16,FALSE)","=VLOOKUP(A256,Demográfico!A$2:L$405,12,FALSE)","=VLOOKUP(A256,Socioeconômico!A$2:M$405,13,FALSE)",=(2*F256+G256+2*H256)/5/100,"=VLOOKUP(A256,Demográfico!A$2:E$400,5,FALSE)/(VLOOKUP(C256,Controle!A$2:G$9,7,FALSE))*D256","=VLOOKUP(A256,Demográfico!A$2:E$400,5,FALSE)/(VLOOKUP(C256,Controle!A$16:G$24,7,FALSE))*E256",=((J256*(1+I256))+3*(I256+K256))/4,1,"=VLOOKUP(A256,Demográfico!A$2:E$400,5,FALSE)*I256","=FLOOR(L256,1)",=L256-O256,"=RANK(P256,P$2:P$400,0)","=O256+IF(Q256<Q$1,1,0)",,"=VLOOKUP(A256,Demográfico!A$2:E$400,5,FALSE)*(I256)"
Mariópolis,6371,"=_xlfn.IFS(B257<20000, ""P1"",B257<40000, ""P2"",B257<70000, ""P3"",B257<100000, ""P4"",B257<200000,""M1"",B257<500000,""M2"",B257<1000000,""G1"",B257>1000000,""G2"")","=VLOOKUP(C257,Controle!A$2:H$9,8,FALSE)","=VLOOKUP(C257,Controle!A$16:H$23,8,FALSE)","=VLOOKUP(A257,Educacional!A$2:P$405,16,FALSE)","=VLOOKUP(A257,Demográfico!A$2:L$405,12,FALSE)","=VLOOKUP(A257,Socioeconômico!A$2:M$405,13,FALSE)",=(2*F257+G257+2*H257)/5/100,"=VLOOKUP(A257,Demográfico!A$2:E$400,5,FALSE)/(VLOOKUP(C257,Controle!A$2:G$9,7,FALSE))*D257","=VLOOKUP(A257,Demográfico!A$2:E$400,5,FALSE)/(VLOOKUP(C257,Controle!A$16:G$24,7,FALSE))*E257",=((J257*(1+I257))+3*(I257+K257))/4,0,"=VLOOKUP(A257,Demográfico!A$2:E$400,5,FALSE)*I257","=FLOOR(L257,1)",=L257-O257,"=RANK(P257,P$2:P$400,0)","=O257+IF(Q257<Q$1,1,0)",,"=VLOOKUP(A257,Demográfico!A$2:E$400,5,FALSE)*(I257)"
Paulo Frontin,6343,"=_xlfn.IFS(B258<20000, ""P1"",B258<40000, ""P2"",B258<70000, ""P3"",B258<100000, ""P4"",B258<200000,""M1"",B258<500000,""M2"",B258<1000000,""G1"",B258>1000000,""G2"")","=VLOOKUP(C258,Controle!A$2:H$9,8,FALSE)","=VLOOKUP(C258,Controle!A$16:H$23,8,FALSE)","=VLOOKUP(A258,Educacional!A$2:P$405,16,FALSE)","=VLOOKUP(A258,Demográfico!A$2:L$405,12,FALSE)","=VLOOKUP(A258,Socioeconômico!A$2:M$405,13,FALSE)",=(2*F258+G258+2*H258)/5/100,"=VLOOKUP(A258,Demográfico!A$2:E$400,5,FALSE)/(VLOOKUP(C258,Controle!A$2:G$9,7,FALSE))*D258","=VLOOKUP(A258,Demográfico!A$2:E$400,5,FALSE)/(VLOOKUP(C258,Controle!A$16:G$24,7,FALSE))*E258",=((J258*(1+I258))+3*(I258+K258))/4,0,"=VLOOKUP(A258,Demográfico!A$2:E$400,5,FALSE)*I258","=FLOOR(L258,1)",=L258-O258,"=RANK(P258,P$2:P$400,0)","=O258+IF(Q258<Q$1,1,0)",,"=VLOOKUP(A258,Demográfico!A$2:E$400,5,FALSE)*(I258)"
Doutor Camargo,6327,"=_xlfn.IFS(B259<20000, ""P1"",B259<40000, ""P2"",B259<70000, ""P3"",B259<100000, ""P4"",B259<200000,""M1"",B259<500000,""M2"",B259<1000000,""G1"",B259>1000000,""G2"")","=VLOOKUP(C259,Controle!A$2:H$9,8,FALSE)","=VLOOKUP(C259,Controle!A$16:H$23,8,FALSE)","=VLOOKUP(A259,Educacional!A$2:P$405,16,FALSE)","=VLOOKUP(A259,Demográfico!A$2:L$405,12,FALSE)","=VLOOKUP(A259,Socioeconômico!A$2:M$405,13,FALSE)",=(2*F259+G259+2*H259)/5/100,"=VLOOKUP(A259,Demográfico!A$2:E$400,5,FALSE)/(VLOOKUP(C259,Controle!A$2:G$9,7,FALSE))*D259","=VLOOKUP(A259,Demográfico!A$2:E$400,5,FALSE)/(VLOOKUP(C259,Controle!A$16:G$24,7,FALSE))*E259",=((J259*(1+I259))+3*(I259+K259))/4,0,"=VLOOKUP(A259,Demográfico!A$2:E$400,5,FALSE)*I259","=FLOOR(L259,1)",=L259-O259,"=RANK(P259,P$2:P$400,0)","=O259+IF(Q259<Q$1,1,0)",,"=VLOOKUP(A259,Demográfico!A$2:E$400,5,FALSE)*(I259)"
Adrianópolis,6256,"=_xlfn.IFS(B260<20000, ""P1"",B260<40000, ""P2"",B260<70000, ""P3"",B260<100000, ""P4"",B260<200000,""M1"",B260<500000,""M2"",B260<1000000,""G1"",B260>1000000,""G2"")","=VLOOKUP(C260,Controle!A$2:H$9,8,FALSE)","=VLOOKUP(C260,Controle!A$16:H$23,8,FALSE)","=VLOOKUP(A260,Educacional!A$2:P$405,16,FALSE)","=VLOOKUP(A260,Demográfico!A$2:L$405,12,FALSE)","=VLOOKUP(A260,Socioeconômico!A$2:M$405,13,FALSE)",=(2*F260+G260+2*H260)/5/100,"=VLOOKUP(A260,Demográfico!A$2:E$400,5,FALSE)/(VLOOKUP(C260,Controle!A$2:G$9,7,FALSE))*D260","=VLOOKUP(A260,Demográfico!A$2:E$400,5,FALSE)/(VLOOKUP(C260,Controle!A$16:G$24,7,FALSE))*E260",=((J260*(1+I260))+3*(I260+K260))/4,1,"=VLOOKUP(A260,Demográfico!A$2:E$400,5,FALSE)*I260","=FLOOR(L260,1)",=L260-O260,"=RANK(P260,P$2:P$400,0)","=O260+IF(Q260<Q$1,1,0)",,"=VLOOKUP(A260,Demográfico!A$2:E$400,5,FALSE)*(I260)"
Fernandes Pinheiro,6255,"=_xlfn.IFS(B261<20000, ""P1"",B261<40000, ""P2"",B261<70000, ""P3"",B261<100000, ""P4"",B261<200000,""M1"",B261<500000,""M2"",B261<1000000,""G1"",B261>1000000,""G2"")","=VLOOKUP(C261,Controle!A$2:H$9,8,FALSE)","=VLOOKUP(C261,Controle!A$16:H$23,8,FALSE)","=VLOOKUP(A261,Educacional!A$2:P$405,16,FALSE)","=VLOOKUP(A261,Demográfico!A$2:L$405,12,FALSE)","=VLOOKUP(A261,Socioeconômico!A$2:M$405,13,FALSE)",=(2*F261+G261+2*H261)/5/100,"=VLOOKUP(A261,Demográfico!A$2:E$400,5,FALSE)/(VLOOKUP(C261,Controle!A$2:G$9,7,FALSE))*D261","=VLOOKUP(A261,Demográfico!A$2:E$400,5,FALSE)/(VLOOKUP(C261,Controle!A$16:G$24,7,FALSE))*E261",=((J261*(1+I261))+3*(I261+K261))/4,1,"=VLOOKUP(A261,Demográfico!A$2:E$400,5,FALSE)*I261","=FLOOR(L261,1)",=L261-O261,"=RANK(P261,P$2:P$400,0)","=O261+IF(Q261<Q$1,1,0)",,"=VLOOKUP(A261,Demográfico!A$2:E$400,5,FALSE)*(I261)"
Pérola d'Oeste,6221,"=_xlfn.IFS(B262<20000, ""P1"",B262<40000, ""P2"",B262<70000, ""P3"",B262<100000, ""P4"",B262<200000,""M1"",B262<500000,""M2"",B262<1000000,""G1"",B262>1000000,""G2"")","=VLOOKUP(C262,Controle!A$2:H$9,8,FALSE)","=VLOOKUP(C262,Controle!A$16:H$23,8,FALSE)","=VLOOKUP(A262,Educacional!A$2:P$405,16,FALSE)","=VLOOKUP(A262,Demográfico!A$2:L$405,12,FALSE)","=VLOOKUP(A262,Socioeconômico!A$2:M$405,13,FALSE)",=(2*F262+G262+2*H262)/5/100,"=VLOOKUP(A262,Demográfico!A$2:E$400,5,FALSE)/(VLOOKUP(C262,Controle!A$2:G$9,7,FALSE))*D262","=VLOOKUP(A262,Demográfico!A$2:E$400,5,FALSE)/(VLOOKUP(C262,Controle!A$16:G$24,7,FALSE))*E262",=((J262*(1+I262))+3*(I262+K262))/4,0,"=VLOOKUP(A262,Demográfico!A$2:E$400,5,FALSE)*I262","=FLOOR(L262,1)",=L262-O262,"=RANK(P262,P$2:P$400,0)","=O262+IF(Q262<Q$1,1,0)",,"=VLOOKUP(A262,Demográfico!A$2:E$400,5,FALSE)*(I262)"
Tunas do Paraná,6219,"=_xlfn.IFS(B263<20000, ""P1"",B263<40000, ""P2"",B263<70000, ""P3"",B263<100000, ""P4"",B263<200000,""M1"",B263<500000,""M2"",B263<1000000,""G1"",B263>1000000,""G2"")","=VLOOKUP(C263,Controle!A$2:H$9,8,FALSE)","=VLOOKUP(C263,Controle!A$16:H$23,8,FALSE)","=VLOOKUP(A263,Educacional!A$2:P$405,16,FALSE)","=VLOOKUP(A263,Demográfico!A$2:L$405,12,FALSE)","=VLOOKUP(A263,Socioeconômico!A$2:M$405,13,FALSE)",=(2*F263+G263+2*H263)/5/100,"=VLOOKUP(A263,Demográfico!A$2:E$400,5,FALSE)/(VLOOKUP(C263,Controle!A$2:G$9,7,FALSE))*D263","=VLOOKUP(A263,Demográfico!A$2:E$400,5,FALSE)/(VLOOKUP(C263,Controle!A$16:G$24,7,FALSE))*E263",=((J263*(1+I263))+3*(I263+K263))/4,1,"=VLOOKUP(A263,Demográfico!A$2:E$400,5,FALSE)*I263","=FLOOR(L263,1)",=L263-O263,"=RANK(P263,P$2:P$400,0)","=O263+IF(Q263<Q$1,1,0)",,"=VLOOKUP(A263,Demográfico!A$2:E$400,5,FALSE)*(I263)"
Ibema,6218,"=_xlfn.IFS(B264<20000, ""P1"",B264<40000, ""P2"",B264<70000, ""P3"",B264<100000, ""P4"",B264<200000,""M1"",B264<500000,""M2"",B264<1000000,""G1"",B264>1000000,""G2"")","=VLOOKUP(C264,Controle!A$2:H$9,8,FALSE)","=VLOOKUP(C264,Controle!A$16:H$23,8,FALSE)","=VLOOKUP(A264,Educacional!A$2:P$405,16,FALSE)","=VLOOKUP(A264,Demográfico!A$2:L$405,12,FALSE)","=VLOOKUP(A264,Socioeconômico!A$2:M$405,13,FALSE)",=(2*F264+G264+2*H264)/5/100,"=VLOOKUP(A264,Demográfico!A$2:E$400,5,FALSE)/(VLOOKUP(C264,Controle!A$2:G$9,7,FALSE))*D264","=VLOOKUP(A264,Demográfico!A$2:E$400,5,FALSE)/(VLOOKUP(C264,Controle!A$16:G$24,7,FALSE))*E264",=((J264*(1+I264))+3*(I264+K264))/4,0,"=VLOOKUP(A264,Demográfico!A$2:E$400,5,FALSE)*I264","=FLOOR(L264,1)",=L264-O264,"=RANK(P264,P$2:P$400,0)","=O264+IF(Q264<Q$1,1,0)",,"=VLOOKUP(A264,Demográfico!A$2:E$400,5,FALSE)*(I264)"
Santo Inácio,6181,"=_xlfn.IFS(B265<20000, ""P1"",B265<40000, ""P2"",B265<70000, ""P3"",B265<100000, ""P4"",B265<200000,""M1"",B265<500000,""M2"",B265<1000000,""G1"",B265>1000000,""G2"")","=VLOOKUP(C265,Controle!A$2:H$9,8,FALSE)","=VLOOKUP(C265,Controle!A$16:H$23,8,FALSE)","=VLOOKUP(A265,Educacional!A$2:P$405,16,FALSE)","=VLOOKUP(A265,Demográfico!A$2:L$405,12,FALSE)","=VLOOKUP(A265,Socioeconômico!A$2:M$405,13,FALSE)",=(2*F265+G265+2*H265)/5/100,"=VLOOKUP(A265,Demográfico!A$2:E$400,5,FALSE)/(VLOOKUP(C265,Controle!A$2:G$9,7,FALSE))*D265","=VLOOKUP(A265,Demográfico!A$2:E$400,5,FALSE)/(VLOOKUP(C265,Controle!A$16:G$24,7,FALSE))*E265",=((J265*(1+I265))+3*(I265+K265))/4,0,"=VLOOKUP(A265,Demográfico!A$2:E$400,5,FALSE)*I265","=FLOOR(L265,1)",=L265-O265,"=RANK(P265,P$2:P$400,0)","=O265+IF(Q265<Q$1,1,0)",,"=VLOOKUP(A265,Demográfico!A$2:E$400,5,FALSE)*(I265)"
Itambé,6111,"=_xlfn.IFS(B266<20000, ""P1"",B266<40000, ""P2"",B266<70000, ""P3"",B266<100000, ""P4"",B266<200000,""M1"",B266<500000,""M2"",B266<1000000,""G1"",B266>1000000,""G2"")","=VLOOKUP(C266,Controle!A$2:H$9,8,FALSE)","=VLOOKUP(C266,Controle!A$16:H$23,8,FALSE)","=VLOOKUP(A266,Educacional!A$2:P$405,16,FALSE)","=VLOOKUP(A266,Demográfico!A$2:L$405,12,FALSE)","=VLOOKUP(A266,Socioeconômico!A$2:M$405,13,FALSE)",=(2*F266+G266+2*H266)/5/100,"=VLOOKUP(A266,Demográfico!A$2:E$400,5,FALSE)/(VLOOKUP(C266,Controle!A$2:G$9,7,FALSE))*D266","=VLOOKUP(A266,Demográfico!A$2:E$400,5,FALSE)/(VLOOKUP(C266,Controle!A$16:G$24,7,FALSE))*E266",=((J266*(1+I266))+3*(I266+K266))/4,0,"=VLOOKUP(A266,Demográfico!A$2:E$400,5,FALSE)*I266","=FLOOR(L266,1)",=L266-O266,"=RANK(P266,P$2:P$400,0)","=O266+IF(Q266<Q$1,1,0)",,"=VLOOKUP(A266,Demográfico!A$2:E$400,5,FALSE)*(I266)"
Saudade do Iguaçu,6108,"=_xlfn.IFS(B267<20000, ""P1"",B267<40000, ""P2"",B267<70000, ""P3"",B267<100000, ""P4"",B267<200000,""M1"",B267<500000,""M2"",B267<1000000,""G1"",B267>1000000,""G2"")","=VLOOKUP(C267,Controle!A$2:H$9,8,FALSE)","=VLOOKUP(C267,Controle!A$16:H$23,8,FALSE)","=VLOOKUP(A267,Educacional!A$2:P$405,16,FALSE)","=VLOOKUP(A267,Demográfico!A$2:L$405,12,FALSE)","=VLOOKUP(A267,Socioeconômico!A$2:M$405,13,FALSE)",=(2*F267+G267+2*H267)/5/100,"=VLOOKUP(A267,Demográfico!A$2:E$400,5,FALSE)/(VLOOKUP(C267,Controle!A$2:G$9,7,FALSE))*D267","=VLOOKUP(A267,Demográfico!A$2:E$400,5,FALSE)/(VLOOKUP(C267,Controle!A$16:G$24,7,FALSE))*E267",=((J267*(1+I267))+3*(I267+K267))/4,1,"=VLOOKUP(A267,Demográfico!A$2:E$400,5,FALSE)*I267","=FLOOR(L267,1)",=L267-O267,"=RANK(P267,P$2:P$400,0)","=O267+IF(Q267<Q$1,1,0)",,"=VLOOKUP(A267,Demográfico!A$2:E$400,5,FALSE)*(I267)"
São José da Boa Vista,6040,"=_xlfn.IFS(B268<20000, ""P1"",B268<40000, ""P2"",B268<70000, ""P3"",B268<100000, ""P4"",B268<200000,""M1"",B268<500000,""M2"",B268<1000000,""G1"",B268>1000000,""G2"")","=VLOOKUP(C268,Controle!A$2:H$9,8,FALSE)","=VLOOKUP(C268,Controle!A$16:H$23,8,FALSE)","=VLOOKUP(A268,Educacional!A$2:P$405,16,FALSE)","=VLOOKUP(A268,Demográfico!A$2:L$405,12,FALSE)","=VLOOKUP(A268,Socioeconômico!A$2:M$405,13,FALSE)",=(2*F268+G268+2*H268)/5/100,"=VLOOKUP(A268,Demográfico!A$2:E$400,5,FALSE)/(VLOOKUP(C268,Controle!A$2:G$9,7,FALSE))*D268","=VLOOKUP(A268,Demográfico!A$2:E$400,5,FALSE)/(VLOOKUP(C268,Controle!A$16:G$24,7,FALSE))*E268",=((J268*(1+I268))+3*(I268+K268))/4,1,"=VLOOKUP(A268,Demográfico!A$2:E$400,5,FALSE)*I268","=FLOOR(L268,1)",=L268-O268,"=RANK(P268,P$2:P$400,0)","=O268+IF(Q268<Q$1,1,0)",,"=VLOOKUP(A268,Demográfico!A$2:E$400,5,FALSE)*(I268)"
Enéas Marques,5999,"=_xlfn.IFS(B269<20000, ""P1"",B269<40000, ""P2"",B269<70000, ""P3"",B269<100000, ""P4"",B269<200000,""M1"",B269<500000,""M2"",B269<1000000,""G1"",B269>1000000,""G2"")","=VLOOKUP(C269,Controle!A$2:H$9,8,FALSE)","=VLOOKUP(C269,Controle!A$16:H$23,8,FALSE)","=VLOOKUP(A269,Educacional!A$2:P$405,16,FALSE)","=VLOOKUP(A269,Demográfico!A$2:L$405,12,FALSE)","=VLOOKUP(A269,Socioeconômico!A$2:M$405,13,FALSE)",=(2*F269+G269+2*H269)/5/100,"=VLOOKUP(A269,Demográfico!A$2:E$400,5,FALSE)/(VLOOKUP(C269,Controle!A$2:G$9,7,FALSE))*D269","=VLOOKUP(A269,Demográfico!A$2:E$400,5,FALSE)/(VLOOKUP(C269,Controle!A$16:G$24,7,FALSE))*E269",=((J269*(1+I269))+3*(I269+K269))/4,1,"=VLOOKUP(A269,Demográfico!A$2:E$400,5,FALSE)*I269","=FLOOR(L269,1)",=L269-O269,"=RANK(P269,P$2:P$400,0)","=O269+IF(Q269<Q$1,1,0)",,"=VLOOKUP(A269,Demográfico!A$2:E$400,5,FALSE)*(I269)"
Mercedes,5931,"=_xlfn.IFS(B270<20000, ""P1"",B270<40000, ""P2"",B270<70000, ""P3"",B270<100000, ""P4"",B270<200000,""M1"",B270<500000,""M2"",B270<1000000,""G1"",B270>1000000,""G2"")","=VLOOKUP(C270,Controle!A$2:H$9,8,FALSE)","=VLOOKUP(C270,Controle!A$16:H$23,8,FALSE)","=VLOOKUP(A270,Educacional!A$2:P$405,16,FALSE)","=VLOOKUP(A270,Demográfico!A$2:L$405,12,FALSE)","=VLOOKUP(A270,Socioeconômico!A$2:M$405,13,FALSE)",=(2*F270+G270+2*H270)/5/100,"=VLOOKUP(A270,Demográfico!A$2:E$400,5,FALSE)/(VLOOKUP(C270,Controle!A$2:G$9,7,FALSE))*D270","=VLOOKUP(A270,Demográfico!A$2:E$400,5,FALSE)/(VLOOKUP(C270,Controle!A$16:G$24,7,FALSE))*E270",=((J270*(1+I270))+3*(I270+K270))/4,0,"=VLOOKUP(A270,Demográfico!A$2:E$400,5,FALSE)*I270","=FLOOR(L270,1)",=L270-O270,"=RANK(P270,P$2:P$400,0)","=O270+IF(Q270<Q$1,1,0)",,"=VLOOKUP(A270,Demográfico!A$2:E$400,5,FALSE)*(I270)"
Itambaracá,5908,"=_xlfn.IFS(B271<20000, ""P1"",B271<40000, ""P2"",B271<70000, ""P3"",B271<100000, ""P4"",B271<200000,""M1"",B271<500000,""M2"",B271<1000000,""G1"",B271>1000000,""G2"")","=VLOOKUP(C271,Controle!A$2:H$9,8,FALSE)","=VLOOKUP(C271,Controle!A$16:H$23,8,FALSE)","=VLOOKUP(A271,Educacional!A$2:P$405,16,FALSE)","=VLOOKUP(A271,Demográfico!A$2:L$405,12,FALSE)","=VLOOKUP(A271,Socioeconômico!A$2:M$405,13,FALSE)",=(2*F271+G271+2*H271)/5/100,"=VLOOKUP(A271,Demográfico!A$2:E$400,5,FALSE)/(VLOOKUP(C271,Controle!A$2:G$9,7,FALSE))*D271","=VLOOKUP(A271,Demográfico!A$2:E$400,5,FALSE)/(VLOOKUP(C271,Controle!A$16:G$24,7,FALSE))*E271",=((J271*(1+I271))+3*(I271+K271))/4,0,"=VLOOKUP(A271,Demográfico!A$2:E$400,5,FALSE)*I271","=FLOOR(L271,1)",=L271-O271,"=RANK(P271,P$2:P$400,0)","=O271+IF(Q271<Q$1,1,0)",,"=VLOOKUP(A271,Demográfico!A$2:E$400,5,FALSE)*(I271)"
Janiópolis,5870,"=_xlfn.IFS(B272<20000, ""P1"",B272<40000, ""P2"",B272<70000, ""P3"",B272<100000, ""P4"",B272<200000,""M1"",B272<500000,""M2"",B272<1000000,""G1"",B272>1000000,""G2"")","=VLOOKUP(C272,Controle!A$2:H$9,8,FALSE)","=VLOOKUP(C272,Controle!A$16:H$23,8,FALSE)","=VLOOKUP(A272,Educacional!A$2:P$405,16,FALSE)","=VLOOKUP(A272,Demográfico!A$2:L$405,12,FALSE)","=VLOOKUP(A272,Socioeconômico!A$2:M$405,13,FALSE)",=(2*F272+G272+2*H272)/5/100,"=VLOOKUP(A272,Demográfico!A$2:E$400,5,FALSE)/(VLOOKUP(C272,Controle!A$2:G$9,7,FALSE))*D272","=VLOOKUP(A272,Demográfico!A$2:E$400,5,FALSE)/(VLOOKUP(C272,Controle!A$16:G$24,7,FALSE))*E272",=((J272*(1+I272))+3*(I272+K272))/4,0,"=VLOOKUP(A272,Demográfico!A$2:E$400,5,FALSE)*I272","=FLOOR(L272,1)",=L272-O272,"=RANK(P272,P$2:P$400,0)","=O272+IF(Q272<Q$1,1,0)",,"=VLOOKUP(A272,Demográfico!A$2:E$400,5,FALSE)*(I272)"
Maria Helena,5865,"=_xlfn.IFS(B273<20000, ""P1"",B273<40000, ""P2"",B273<70000, ""P3"",B273<100000, ""P4"",B273<200000,""M1"",B273<500000,""M2"",B273<1000000,""G1"",B273>1000000,""G2"")","=VLOOKUP(C273,Controle!A$2:H$9,8,FALSE)","=VLOOKUP(C273,Controle!A$16:H$23,8,FALSE)","=VLOOKUP(A273,Educacional!A$2:P$405,16,FALSE)","=VLOOKUP(A273,Demográfico!A$2:L$405,12,FALSE)","=VLOOKUP(A273,Socioeconômico!A$2:M$405,13,FALSE)",=(2*F273+G273+2*H273)/5/100,"=VLOOKUP(A273,Demográfico!A$2:E$400,5,FALSE)/(VLOOKUP(C273,Controle!A$2:G$9,7,FALSE))*D273","=VLOOKUP(A273,Demográfico!A$2:E$400,5,FALSE)/(VLOOKUP(C273,Controle!A$16:G$24,7,FALSE))*E273",=((J273*(1+I273))+3*(I273+K273))/4,0,"=VLOOKUP(A273,Demográfico!A$2:E$400,5,FALSE)*I273","=FLOOR(L273,1)",=L273-O273,"=RANK(P273,P$2:P$400,0)","=O273+IF(Q273<Q$1,1,0)",,"=VLOOKUP(A273,Demográfico!A$2:E$400,5,FALSE)*(I273)"
Nova Olímpia,5833,"=_xlfn.IFS(B274<20000, ""P1"",B274<40000, ""P2"",B274<70000, ""P3"",B274<100000, ""P4"",B274<200000,""M1"",B274<500000,""M2"",B274<1000000,""G1"",B274>1000000,""G2"")","=VLOOKUP(C274,Controle!A$2:H$9,8,FALSE)","=VLOOKUP(C274,Controle!A$16:H$23,8,FALSE)","=VLOOKUP(A274,Educacional!A$2:P$405,16,FALSE)","=VLOOKUP(A274,Demográfico!A$2:L$405,12,FALSE)","=VLOOKUP(A274,Socioeconômico!A$2:M$405,13,FALSE)",=(2*F274+G274+2*H274)/5/100,"=VLOOKUP(A274,Demográfico!A$2:E$400,5,FALSE)/(VLOOKUP(C274,Controle!A$2:G$9,7,FALSE))*D274","=VLOOKUP(A274,Demográfico!A$2:E$400,5,FALSE)/(VLOOKUP(C274,Controle!A$16:G$24,7,FALSE))*E274",=((J274*(1+I274))+3*(I274+K274))/4,0,"=VLOOKUP(A274,Demográfico!A$2:E$400,5,FALSE)*I274","=FLOOR(L274,1)",=L274-O274,"=RANK(P274,P$2:P$400,0)","=O274+IF(Q274<Q$1,1,0)",,"=VLOOKUP(A274,Demográfico!A$2:E$400,5,FALSE)*(I274)"
Xambrê,5798,"=_xlfn.IFS(B275<20000, ""P1"",B275<40000, ""P2"",B275<70000, ""P3"",B275<100000, ""P4"",B275<200000,""M1"",B275<500000,""M2"",B275<1000000,""G1"",B275>1000000,""G2"")","=VLOOKUP(C275,Controle!A$2:H$9,8,FALSE)","=VLOOKUP(C275,Controle!A$16:H$23,8,FALSE)","=VLOOKUP(A275,Educacional!A$2:P$405,16,FALSE)","=VLOOKUP(A275,Demográfico!A$2:L$405,12,FALSE)","=VLOOKUP(A275,Socioeconômico!A$2:M$405,13,FALSE)",=(2*F275+G275+2*H275)/5/100,"=VLOOKUP(A275,Demográfico!A$2:E$400,5,FALSE)/(VLOOKUP(C275,Controle!A$2:G$9,7,FALSE))*D275","=VLOOKUP(A275,Demográfico!A$2:E$400,5,FALSE)/(VLOOKUP(C275,Controle!A$16:G$24,7,FALSE))*E275",=((J275*(1+I275))+3*(I275+K275))/4,0,"=VLOOKUP(A275,Demográfico!A$2:E$400,5,FALSE)*I275","=FLOOR(L275,1)",=L275-O275,"=RANK(P275,P$2:P$400,0)","=O275+IF(Q275<Q$1,1,0)",,"=VLOOKUP(A275,Demográfico!A$2:E$400,5,FALSE)*(I275)"
São Pedro do Iguaçu,5784,"=_xlfn.IFS(B276<20000, ""P1"",B276<40000, ""P2"",B276<70000, ""P3"",B276<100000, ""P4"",B276<200000,""M1"",B276<500000,""M2"",B276<1000000,""G1"",B276>1000000,""G2"")","=VLOOKUP(C276,Controle!A$2:H$9,8,FALSE)","=VLOOKUP(C276,Controle!A$16:H$23,8,FALSE)","=VLOOKUP(A276,Educacional!A$2:P$405,16,FALSE)","=VLOOKUP(A276,Demográfico!A$2:L$405,12,FALSE)","=VLOOKUP(A276,Socioeconômico!A$2:M$405,13,FALSE)",=(2*F276+G276+2*H276)/5/100,"=VLOOKUP(A276,Demográfico!A$2:E$400,5,FALSE)/(VLOOKUP(C276,Controle!A$2:G$9,7,FALSE))*D276","=VLOOKUP(A276,Demográfico!A$2:E$400,5,FALSE)/(VLOOKUP(C276,Controle!A$16:G$24,7,FALSE))*E276",=((J276*(1+I276))+3*(I276+K276))/4,0,"=VLOOKUP(A276,Demográfico!A$2:E$400,5,FALSE)*I276","=FLOOR(L276,1)",=L276-O276,"=RANK(P276,P$2:P$400,0)","=O276+IF(Q276<Q$1,1,0)",,"=VLOOKUP(A276,Demográfico!A$2:E$400,5,FALSE)*(I276)"
Tapira,5745,"=_xlfn.IFS(B277<20000, ""P1"",B277<40000, ""P2"",B277<70000, ""P3"",B277<100000, ""P4"",B277<200000,""M1"",B277<500000,""M2"",B277<1000000,""G1"",B277>1000000,""G2"")","=VLOOKUP(C277,Controle!A$2:H$9,8,FALSE)","=VLOOKUP(C277,Controle!A$16:H$23,8,FALSE)","=VLOOKUP(A277,Educacional!A$2:P$405,16,FALSE)","=VLOOKUP(A277,Demográfico!A$2:L$405,12,FALSE)","=VLOOKUP(A277,Socioeconômico!A$2:M$405,13,FALSE)",=(2*F277+G277+2*H277)/5/100,"=VLOOKUP(A277,Demográfico!A$2:E$400,5,FALSE)/(VLOOKUP(C277,Controle!A$2:G$9,7,FALSE))*D277","=VLOOKUP(A277,Demográfico!A$2:E$400,5,FALSE)/(VLOOKUP(C277,Controle!A$16:G$24,7,FALSE))*E277",=((J277*(1+I277))+3*(I277+K277))/4,1,"=VLOOKUP(A277,Demográfico!A$2:E$400,5,FALSE)*I277","=FLOOR(L277,1)",=L277-O277,"=RANK(P277,P$2:P$400,0)","=O277+IF(Q277<Q$1,1,0)",,"=VLOOKUP(A277,Demográfico!A$2:E$400,5,FALSE)*(I277)"
Pranchita,5737,"=_xlfn.IFS(B278<20000, ""P1"",B278<40000, ""P2"",B278<70000, ""P3"",B278<100000, ""P4"",B278<200000,""M1"",B278<500000,""M2"",B278<1000000,""G1"",B278>1000000,""G2"")","=VLOOKUP(C278,Controle!A$2:H$9,8,FALSE)","=VLOOKUP(C278,Controle!A$16:H$23,8,FALSE)","=VLOOKUP(A278,Educacional!A$2:P$405,16,FALSE)","=VLOOKUP(A278,Demográfico!A$2:L$405,12,FALSE)","=VLOOKUP(A278,Socioeconômico!A$2:M$405,13,FALSE)",=(2*F278+G278+2*H278)/5/100,"=VLOOKUP(A278,Demográfico!A$2:E$400,5,FALSE)/(VLOOKUP(C278,Controle!A$2:G$9,7,FALSE))*D278","=VLOOKUP(A278,Demográfico!A$2:E$400,5,FALSE)/(VLOOKUP(C278,Controle!A$16:G$24,7,FALSE))*E278",=((J278*(1+I278))+3*(I278+K278))/4,0,"=VLOOKUP(A278,Demográfico!A$2:E$400,5,FALSE)*I278","=FLOOR(L278,1)",=L278-O278,"=RANK(P278,P$2:P$400,0)","=O278+IF(Q278<Q$1,1,0)",,"=VLOOKUP(A278,Demográfico!A$2:E$400,5,FALSE)*(I278)"
Pato Bragado,5733,"=_xlfn.IFS(B279<20000, ""P1"",B279<40000, ""P2"",B279<70000, ""P3"",B279<100000, ""P4"",B279<200000,""M1"",B279<500000,""M2"",B279<1000000,""G1"",B279>1000000,""G2"")","=VLOOKUP(C279,Controle!A$2:H$9,8,FALSE)","=VLOOKUP(C279,Controle!A$16:H$23,8,FALSE)","=VLOOKUP(A279,Educacional!A$2:P$405,16,FALSE)","=VLOOKUP(A279,Demográfico!A$2:L$405,12,FALSE)","=VLOOKUP(A279,Socioeconômico!A$2:M$405,13,FALSE)",=(2*F279+G279+2*H279)/5/100,"=VLOOKUP(A279,Demográfico!A$2:E$400,5,FALSE)/(VLOOKUP(C279,Controle!A$2:G$9,7,FALSE))*D279","=VLOOKUP(A279,Demográfico!A$2:E$400,5,FALSE)/(VLOOKUP(C279,Controle!A$16:G$24,7,FALSE))*E279",=((J279*(1+I279))+3*(I279+K279))/4,0,"=VLOOKUP(A279,Demográfico!A$2:E$400,5,FALSE)*I279","=FLOOR(L279,1)",=L279-O279,"=RANK(P279,P$2:P$400,0)","=O279+IF(Q279<Q$1,1,0)",,"=VLOOKUP(A279,Demográfico!A$2:E$400,5,FALSE)*(I279)"
Doutor Ulysses,5697,"=_xlfn.IFS(B280<20000, ""P1"",B280<40000, ""P2"",B280<70000, ""P3"",B280<100000, ""P4"",B280<200000,""M1"",B280<500000,""M2"",B280<1000000,""G1"",B280>1000000,""G2"")","=VLOOKUP(C280,Controle!A$2:H$9,8,FALSE)","=VLOOKUP(C280,Controle!A$16:H$23,8,FALSE)","=VLOOKUP(A280,Educacional!A$2:P$405,16,FALSE)","=VLOOKUP(A280,Demográfico!A$2:L$405,12,FALSE)","=VLOOKUP(A280,Socioeconômico!A$2:M$405,13,FALSE)",=(2*F280+G280+2*H280)/5/100,"=VLOOKUP(A280,Demográfico!A$2:E$400,5,FALSE)/(VLOOKUP(C280,Controle!A$2:G$9,7,FALSE))*D280","=VLOOKUP(A280,Demográfico!A$2:E$400,5,FALSE)/(VLOOKUP(C280,Controle!A$16:G$24,7,FALSE))*E280",=((J280*(1+I280))+3*(I280+K280))/4,1,"=VLOOKUP(A280,Demográfico!A$2:E$400,5,FALSE)*I280","=FLOOR(L280,1)",=L280-O280,"=RANK(P280,P$2:P$400,0)","=O280+IF(Q280<Q$1,1,0)",,"=VLOOKUP(A280,Demográfico!A$2:E$400,5,FALSE)*(I280)"
Paula Freitas,5666,"=_xlfn.IFS(B281<20000, ""P1"",B281<40000, ""P2"",B281<70000, ""P3"",B281<100000, ""P4"",B281<200000,""M1"",B281<500000,""M2"",B281<1000000,""G1"",B281>1000000,""G2"")","=VLOOKUP(C281,Controle!A$2:H$9,8,FALSE)","=VLOOKUP(C281,Controle!A$16:H$23,8,FALSE)","=VLOOKUP(A281,Educacional!A$2:P$405,16,FALSE)","=VLOOKUP(A281,Demográfico!A$2:L$405,12,FALSE)","=VLOOKUP(A281,Socioeconômico!A$2:M$405,13,FALSE)",=(2*F281+G281+2*H281)/5/100,"=VLOOKUP(A281,Demográfico!A$2:E$400,5,FALSE)/(VLOOKUP(C281,Controle!A$2:G$9,7,FALSE))*D281","=VLOOKUP(A281,Demográfico!A$2:E$400,5,FALSE)/(VLOOKUP(C281,Controle!A$16:G$24,7,FALSE))*E281",=((J281*(1+I281))+3*(I281+K281))/4,1,"=VLOOKUP(A281,Demográfico!A$2:E$400,5,FALSE)*I281","=FLOOR(L281,1)",=L281-O281,"=RANK(P281,P$2:P$400,0)","=O281+IF(Q281<Q$1,1,0)",,"=VLOOKUP(A281,Demográfico!A$2:E$400,5,FALSE)*(I281)"
Coronel Domingos Soares,5649,"=_xlfn.IFS(B282<20000, ""P1"",B282<40000, ""P2"",B282<70000, ""P3"",B282<100000, ""P4"",B282<200000,""M1"",B282<500000,""M2"",B282<1000000,""G1"",B282>1000000,""G2"")","=VLOOKUP(C282,Controle!A$2:H$9,8,FALSE)","=VLOOKUP(C282,Controle!A$16:H$23,8,FALSE)","=VLOOKUP(A282,Educacional!A$2:P$405,16,FALSE)","=VLOOKUP(A282,Demográfico!A$2:L$405,12,FALSE)","=VLOOKUP(A282,Socioeconômico!A$2:M$405,13,FALSE)",=(2*F282+G282+2*H282)/5/100,"=VLOOKUP(A282,Demográfico!A$2:E$400,5,FALSE)/(VLOOKUP(C282,Controle!A$2:G$9,7,FALSE))*D282","=VLOOKUP(A282,Demográfico!A$2:E$400,5,FALSE)/(VLOOKUP(C282,Controle!A$16:G$24,7,FALSE))*E282",=((J282*(1+I282))+3*(I282+K282))/4,1,"=VLOOKUP(A282,Demográfico!A$2:E$400,5,FALSE)*I282","=FLOOR(L282,1)",=L282-O282,"=RANK(P282,P$2:P$400,0)","=O282+IF(Q282<Q$1,1,0)",,"=VLOOKUP(A282,Demográfico!A$2:E$400,5,FALSE)*(I282)"
Grandes Rios,5641,"=_xlfn.IFS(B283<20000, ""P1"",B283<40000, ""P2"",B283<70000, ""P3"",B283<100000, ""P4"",B283<200000,""M1"",B283<500000,""M2"",B283<1000000,""G1"",B283>1000000,""G2"")","=VLOOKUP(C283,Controle!A$2:H$9,8,FALSE)","=VLOOKUP(C283,Controle!A$16:H$23,8,FALSE)","=VLOOKUP(A283,Educacional!A$2:P$405,16,FALSE)","=VLOOKUP(A283,Demográfico!A$2:L$405,12,FALSE)","=VLOOKUP(A283,Socioeconômico!A$2:M$405,13,FALSE)",=(2*F283+G283+2*H283)/5/100,"=VLOOKUP(A283,Demográfico!A$2:E$400,5,FALSE)/(VLOOKUP(C283,Controle!A$2:G$9,7,FALSE))*D283","=VLOOKUP(A283,Demográfico!A$2:E$400,5,FALSE)/(VLOOKUP(C283,Controle!A$16:G$24,7,FALSE))*E283",=((J283*(1+I283))+3*(I283+K283))/4,1,"=VLOOKUP(A283,Demográfico!A$2:E$400,5,FALSE)*I283","=FLOOR(L283,1)",=L283-O283,"=RANK(P283,P$2:P$400,0)","=O283+IF(Q283<Q$1,1,0)",,"=VLOOKUP(A283,Demográfico!A$2:E$400,5,FALSE)*(I283)"
Sertaneja,5616,"=_xlfn.IFS(B284<20000, ""P1"",B284<40000, ""P2"",B284<70000, ""P3"",B284<100000, ""P4"",B284<200000,""M1"",B284<500000,""M2"",B284<1000000,""G1"",B284>1000000,""G2"")","=VLOOKUP(C284,Controle!A$2:H$9,8,FALSE)","=VLOOKUP(C284,Controle!A$16:H$23,8,FALSE)","=VLOOKUP(A284,Educacional!A$2:P$405,16,FALSE)","=VLOOKUP(A284,Demográfico!A$2:L$405,12,FALSE)","=VLOOKUP(A284,Socioeconômico!A$2:M$405,13,FALSE)",=(2*F284+G284+2*H284)/5/100,"=VLOOKUP(A284,Demográfico!A$2:E$400,5,FALSE)/(VLOOKUP(C284,Controle!A$2:G$9,7,FALSE))*D284","=VLOOKUP(A284,Demográfico!A$2:E$400,5,FALSE)/(VLOOKUP(C284,Controle!A$16:G$24,7,FALSE))*E284",=((J284*(1+I284))+3*(I284+K284))/4,0,"=VLOOKUP(A284,Demográfico!A$2:E$400,5,FALSE)*I284","=FLOOR(L284,1)",=L284-O284,"=RANK(P284,P$2:P$400,0)","=O284+IF(Q284<Q$1,1,0)",,"=VLOOKUP(A284,Demográfico!A$2:E$400,5,FALSE)*(I284)"
Laranjal,5600,"=_xlfn.IFS(B285<20000, ""P1"",B285<40000, ""P2"",B285<70000, ""P3"",B285<100000, ""P4"",B285<200000,""M1"",B285<500000,""M2"",B285<1000000,""G1"",B285>1000000,""G2"")","=VLOOKUP(C285,Controle!A$2:H$9,8,FALSE)","=VLOOKUP(C285,Controle!A$16:H$23,8,FALSE)","=VLOOKUP(A285,Educacional!A$2:P$405,16,FALSE)","=VLOOKUP(A285,Demográfico!A$2:L$405,12,FALSE)","=VLOOKUP(A285,Socioeconômico!A$2:M$405,13,FALSE)",=(2*F285+G285+2*H285)/5/100,"=VLOOKUP(A285,Demográfico!A$2:E$400,5,FALSE)/(VLOOKUP(C285,Controle!A$2:G$9,7,FALSE))*D285","=VLOOKUP(A285,Demográfico!A$2:E$400,5,FALSE)/(VLOOKUP(C285,Controle!A$16:G$24,7,FALSE))*E285",=((J285*(1+I285))+3*(I285+K285))/4,1,"=VLOOKUP(A285,Demográfico!A$2:E$400,5,FALSE)*I285","=FLOOR(L285,1)",=L285-O285,"=RANK(P285,P$2:P$400,0)","=O285+IF(Q285<Q$1,1,0)",,"=VLOOKUP(A285,Demográfico!A$2:E$400,5,FALSE)*(I285)"
Nova Esperança do Sudoeste,5597,"=_xlfn.IFS(B286<20000, ""P1"",B286<40000, ""P2"",B286<70000, ""P3"",B286<100000, ""P4"",B286<200000,""M1"",B286<500000,""M2"",B286<1000000,""G1"",B286>1000000,""G2"")","=VLOOKUP(C286,Controle!A$2:H$9,8,FALSE)","=VLOOKUP(C286,Controle!A$16:H$23,8,FALSE)","=VLOOKUP(A286,Educacional!A$2:P$405,16,FALSE)","=VLOOKUP(A286,Demográfico!A$2:L$405,12,FALSE)","=VLOOKUP(A286,Socioeconômico!A$2:M$405,13,FALSE)",=(2*F286+G286+2*H286)/5/100,"=VLOOKUP(A286,Demográfico!A$2:E$400,5,FALSE)/(VLOOKUP(C286,Controle!A$2:G$9,7,FALSE))*D286","=VLOOKUP(A286,Demográfico!A$2:E$400,5,FALSE)/(VLOOKUP(C286,Controle!A$16:G$24,7,FALSE))*E286",=((J286*(1+I286))+3*(I286+K286))/4,1,"=VLOOKUP(A286,Demográfico!A$2:E$400,5,FALSE)*I286","=FLOOR(L286,1)",=L286-O286,"=RANK(P286,P$2:P$400,0)","=O286+IF(Q286<Q$1,1,0)",,"=VLOOKUP(A286,Demográfico!A$2:E$400,5,FALSE)*(I286)"
São João do Caiuá,5586,"=_xlfn.IFS(B287<20000, ""P1"",B287<40000, ""P2"",B287<70000, ""P3"",B287<100000, ""P4"",B287<200000,""M1"",B287<500000,""M2"",B287<1000000,""G1"",B287>1000000,""G2"")","=VLOOKUP(C287,Controle!A$2:H$9,8,FALSE)","=VLOOKUP(C287,Controle!A$16:H$23,8,FALSE)","=VLOOKUP(A287,Educacional!A$2:P$405,16,FALSE)","=VLOOKUP(A287,Demográfico!A$2:L$405,12,FALSE)","=VLOOKUP(A287,Socioeconômico!A$2:M$405,13,FALSE)",=(2*F287+G287+2*H287)/5/100,"=VLOOKUP(A287,Demográfico!A$2:E$400,5,FALSE)/(VLOOKUP(C287,Controle!A$2:G$9,7,FALSE))*D287","=VLOOKUP(A287,Demográfico!A$2:E$400,5,FALSE)/(VLOOKUP(C287,Controle!A$16:G$24,7,FALSE))*E287",=((J287*(1+I287))+3*(I287+K287))/4,0,"=VLOOKUP(A287,Demográfico!A$2:E$400,5,FALSE)*I287","=FLOOR(L287,1)",=L287-O287,"=RANK(P287,P$2:P$400,0)","=O287+IF(Q287<Q$1,1,0)",,"=VLOOKUP(A287,Demográfico!A$2:E$400,5,FALSE)*(I287)"
Santana do Itararé,5514,"=_xlfn.IFS(B288<20000, ""P1"",B288<40000, ""P2"",B288<70000, ""P3"",B288<100000, ""P4"",B288<200000,""M1"",B288<500000,""M2"",B288<1000000,""G1"",B288>1000000,""G2"")","=VLOOKUP(C288,Controle!A$2:H$9,8,FALSE)","=VLOOKUP(C288,Controle!A$16:H$23,8,FALSE)","=VLOOKUP(A288,Educacional!A$2:P$405,16,FALSE)","=VLOOKUP(A288,Demográfico!A$2:L$405,12,FALSE)","=VLOOKUP(A288,Socioeconômico!A$2:M$405,13,FALSE)",=(2*F288+G288+2*H288)/5/100,"=VLOOKUP(A288,Demográfico!A$2:E$400,5,FALSE)/(VLOOKUP(C288,Controle!A$2:G$9,7,FALSE))*D288","=VLOOKUP(A288,Demográfico!A$2:E$400,5,FALSE)/(VLOOKUP(C288,Controle!A$16:G$24,7,FALSE))*E288",=((J288*(1+I288))+3*(I288+K288))/4,0,"=VLOOKUP(A288,Demográfico!A$2:E$400,5,FALSE)*I288","=FLOOR(L288,1)",=L288-O288,"=RANK(P288,P$2:P$400,0)","=O288+IF(Q288<Q$1,1,0)",,"=VLOOKUP(A288,Demográfico!A$2:E$400,5,FALSE)*(I288)"
Rosário do Ivaí,5435,"=_xlfn.IFS(B289<20000, ""P1"",B289<40000, ""P2"",B289<70000, ""P3"",B289<100000, ""P4"",B289<200000,""M1"",B289<500000,""M2"",B289<1000000,""G1"",B289>1000000,""G2"")","=VLOOKUP(C289,Controle!A$2:H$9,8,FALSE)","=VLOOKUP(C289,Controle!A$16:H$23,8,FALSE)","=VLOOKUP(A289,Educacional!A$2:P$405,16,FALSE)","=VLOOKUP(A289,Demográfico!A$2:L$405,12,FALSE)","=VLOOKUP(A289,Socioeconômico!A$2:M$405,13,FALSE)",=(2*F289+G289+2*H289)/5/100,"=VLOOKUP(A289,Demográfico!A$2:E$400,5,FALSE)/(VLOOKUP(C289,Controle!A$2:G$9,7,FALSE))*D289","=VLOOKUP(A289,Demográfico!A$2:E$400,5,FALSE)/(VLOOKUP(C289,Controle!A$16:G$24,7,FALSE))*E289",=((J289*(1+I289))+3*(I289+K289))/4,0,"=VLOOKUP(A289,Demográfico!A$2:E$400,5,FALSE)*I289","=FLOOR(L289,1)",=L289-O289,"=RANK(P289,P$2:P$400,0)","=O289+IF(Q289<Q$1,1,0)",,"=VLOOKUP(A289,Demográfico!A$2:E$400,5,FALSE)*(I289)"
Jaboti,5427,"=_xlfn.IFS(B290<20000, ""P1"",B290<40000, ""P2"",B290<70000, ""P3"",B290<100000, ""P4"",B290<200000,""M1"",B290<500000,""M2"",B290<1000000,""G1"",B290>1000000,""G2"")","=VLOOKUP(C290,Controle!A$2:H$9,8,FALSE)","=VLOOKUP(C290,Controle!A$16:H$23,8,FALSE)","=VLOOKUP(A290,Educacional!A$2:P$405,16,FALSE)","=VLOOKUP(A290,Demográfico!A$2:L$405,12,FALSE)","=VLOOKUP(A290,Socioeconômico!A$2:M$405,13,FALSE)",=(2*F290+G290+2*H290)/5/100,"=VLOOKUP(A290,Demográfico!A$2:E$400,5,FALSE)/(VLOOKUP(C290,Controle!A$2:G$9,7,FALSE))*D290","=VLOOKUP(A290,Demográfico!A$2:E$400,5,FALSE)/(VLOOKUP(C290,Controle!A$16:G$24,7,FALSE))*E290",=((J290*(1+I290))+3*(I290+K290))/4,0,"=VLOOKUP(A290,Demográfico!A$2:E$400,5,FALSE)*I290","=FLOOR(L290,1)",=L290-O290,"=RANK(P290,P$2:P$400,0)","=O290+IF(Q290<Q$1,1,0)",,"=VLOOKUP(A290,Demográfico!A$2:E$400,5,FALSE)*(I290)"
Iguaraçu,5338,"=_xlfn.IFS(B291<20000, ""P1"",B291<40000, ""P2"",B291<70000, ""P3"",B291<100000, ""P4"",B291<200000,""M1"",B291<500000,""M2"",B291<1000000,""G1"",B291>1000000,""G2"")","=VLOOKUP(C291,Controle!A$2:H$9,8,FALSE)","=VLOOKUP(C291,Controle!A$16:H$23,8,FALSE)","=VLOOKUP(A291,Educacional!A$2:P$405,16,FALSE)","=VLOOKUP(A291,Demográfico!A$2:L$405,12,FALSE)","=VLOOKUP(A291,Socioeconômico!A$2:M$405,13,FALSE)",=(2*F291+G291+2*H291)/5/100,"=VLOOKUP(A291,Demográfico!A$2:E$400,5,FALSE)/(VLOOKUP(C291,Controle!A$2:G$9,7,FALSE))*D291","=VLOOKUP(A291,Demográfico!A$2:E$400,5,FALSE)/(VLOOKUP(C291,Controle!A$16:G$24,7,FALSE))*E291",=((J291*(1+I291))+3*(I291+K291))/4,0,"=VLOOKUP(A291,Demográfico!A$2:E$400,5,FALSE)*I291","=FLOOR(L291,1)",=L291-O291,"=RANK(P291,P$2:P$400,0)","=O291+IF(Q291<Q$1,1,0)",,"=VLOOKUP(A291,Demográfico!A$2:E$400,5,FALSE)*(I291)"
São Tomé,5232,"=_xlfn.IFS(B292<20000, ""P1"",B292<40000, ""P2"",B292<70000, ""P3"",B292<100000, ""P4"",B292<200000,""M1"",B292<500000,""M2"",B292<1000000,""G1"",B292>1000000,""G2"")","=VLOOKUP(C292,Controle!A$2:H$9,8,FALSE)","=VLOOKUP(C292,Controle!A$16:H$23,8,FALSE)","=VLOOKUP(A292,Educacional!A$2:P$405,16,FALSE)","=VLOOKUP(A292,Demográfico!A$2:L$405,12,FALSE)","=VLOOKUP(A292,Socioeconômico!A$2:M$405,13,FALSE)",=(2*F292+G292+2*H292)/5/100,"=VLOOKUP(A292,Demográfico!A$2:E$400,5,FALSE)/(VLOOKUP(C292,Controle!A$2:G$9,7,FALSE))*D292","=VLOOKUP(A292,Demográfico!A$2:E$400,5,FALSE)/(VLOOKUP(C292,Controle!A$16:G$24,7,FALSE))*E292",=((J292*(1+I292))+3*(I292+K292))/4,0,"=VLOOKUP(A292,Demográfico!A$2:E$400,5,FALSE)*I292","=FLOOR(L292,1)",=L292-O292,"=RANK(P292,P$2:P$400,0)","=O292+IF(Q292<Q$1,1,0)",,"=VLOOKUP(A292,Demográfico!A$2:E$400,5,FALSE)*(I292)"
Salto do Itararé,5192,"=_xlfn.IFS(B293<20000, ""P1"",B293<40000, ""P2"",B293<70000, ""P3"",B293<100000, ""P4"",B293<200000,""M1"",B293<500000,""M2"",B293<1000000,""G1"",B293>1000000,""G2"")","=VLOOKUP(C293,Controle!A$2:H$9,8,FALSE)","=VLOOKUP(C293,Controle!A$16:H$23,8,FALSE)","=VLOOKUP(A293,Educacional!A$2:P$405,16,FALSE)","=VLOOKUP(A293,Demográfico!A$2:L$405,12,FALSE)","=VLOOKUP(A293,Socioeconômico!A$2:M$405,13,FALSE)",=(2*F293+G293+2*H293)/5/100,"=VLOOKUP(A293,Demográfico!A$2:E$400,5,FALSE)/(VLOOKUP(C293,Controle!A$2:G$9,7,FALSE))*D293","=VLOOKUP(A293,Demográfico!A$2:E$400,5,FALSE)/(VLOOKUP(C293,Controle!A$16:G$24,7,FALSE))*E293",=((J293*(1+I293))+3*(I293+K293))/4,0,"=VLOOKUP(A293,Demográfico!A$2:E$400,5,FALSE)*I293","=FLOOR(L293,1)",=L293-O293,"=RANK(P293,P$2:P$400,0)","=O293+IF(Q293<Q$1,1,0)",,"=VLOOKUP(A293,Demográfico!A$2:E$400,5,FALSE)*(I293)"
Lindoeste,5175,"=_xlfn.IFS(B294<20000, ""P1"",B294<40000, ""P2"",B294<70000, ""P3"",B294<100000, ""P4"",B294<200000,""M1"",B294<500000,""M2"",B294<1000000,""G1"",B294>1000000,""G2"")","=VLOOKUP(C294,Controle!A$2:H$9,8,FALSE)","=VLOOKUP(C294,Controle!A$16:H$23,8,FALSE)","=VLOOKUP(A294,Educacional!A$2:P$405,16,FALSE)","=VLOOKUP(A294,Demográfico!A$2:L$405,12,FALSE)","=VLOOKUP(A294,Socioeconômico!A$2:M$405,13,FALSE)",=(2*F294+G294+2*H294)/5/100,"=VLOOKUP(A294,Demográfico!A$2:E$400,5,FALSE)/(VLOOKUP(C294,Controle!A$2:G$9,7,FALSE))*D294","=VLOOKUP(A294,Demográfico!A$2:E$400,5,FALSE)/(VLOOKUP(C294,Controle!A$16:G$24,7,FALSE))*E294",=((J294*(1+I294))+3*(I294+K294))/4,1,"=VLOOKUP(A294,Demográfico!A$2:E$400,5,FALSE)*I294","=FLOOR(L294,1)",=L294-O294,"=RANK(P294,P$2:P$400,0)","=O294+IF(Q294<Q$1,1,0)",,"=VLOOKUP(A294,Demográfico!A$2:E$400,5,FALSE)*(I294)"
São Jorge do Ivaí,5168,"=_xlfn.IFS(B295<20000, ""P1"",B295<40000, ""P2"",B295<70000, ""P3"",B295<100000, ""P4"",B295<200000,""M1"",B295<500000,""M2"",B295<1000000,""G1"",B295>1000000,""G2"")","=VLOOKUP(C295,Controle!A$2:H$9,8,FALSE)","=VLOOKUP(C295,Controle!A$16:H$23,8,FALSE)","=VLOOKUP(A295,Educacional!A$2:P$405,16,FALSE)","=VLOOKUP(A295,Demográfico!A$2:L$405,12,FALSE)","=VLOOKUP(A295,Socioeconômico!A$2:M$405,13,FALSE)",=(2*F295+G295+2*H295)/5/100,"=VLOOKUP(A295,Demográfico!A$2:E$400,5,FALSE)/(VLOOKUP(C295,Controle!A$2:G$9,7,FALSE))*D295","=VLOOKUP(A295,Demográfico!A$2:E$400,5,FALSE)/(VLOOKUP(C295,Controle!A$16:G$24,7,FALSE))*E295",=((J295*(1+I295))+3*(I295+K295))/4,0,"=VLOOKUP(A295,Demográfico!A$2:E$400,5,FALSE)*I295","=FLOOR(L295,1)",=L295-O295,"=RANK(P295,P$2:P$400,0)","=O295+IF(Q295<Q$1,1,0)",,"=VLOOKUP(A295,Demográfico!A$2:E$400,5,FALSE)*(I295)"
Diamante do Norte,5142,"=_xlfn.IFS(B296<20000, ""P1"",B296<40000, ""P2"",B296<70000, ""P3"",B296<100000, ""P4"",B296<200000,""M1"",B296<500000,""M2"",B296<1000000,""G1"",B296>1000000,""G2"")","=VLOOKUP(C296,Controle!A$2:H$9,8,FALSE)","=VLOOKUP(C296,Controle!A$16:H$23,8,FALSE)","=VLOOKUP(A296,Educacional!A$2:P$405,16,FALSE)","=VLOOKUP(A296,Demográfico!A$2:L$405,12,FALSE)","=VLOOKUP(A296,Socioeconômico!A$2:M$405,13,FALSE)",=(2*F296+G296+2*H296)/5/100,"=VLOOKUP(A296,Demográfico!A$2:E$400,5,FALSE)/(VLOOKUP(C296,Controle!A$2:G$9,7,FALSE))*D296","=VLOOKUP(A296,Demográfico!A$2:E$400,5,FALSE)/(VLOOKUP(C296,Controle!A$16:G$24,7,FALSE))*E296",=((J296*(1+I296))+3*(I296+K296))/4,0,"=VLOOKUP(A296,Demográfico!A$2:E$400,5,FALSE)*I296","=FLOOR(L296,1)",=L296-O296,"=RANK(P296,P$2:P$400,0)","=O296+IF(Q296<Q$1,1,0)",,"=VLOOKUP(A296,Demográfico!A$2:E$400,5,FALSE)*(I296)"
Serranópolis do Iguaçu,5007,"=_xlfn.IFS(B297<20000, ""P1"",B297<40000, ""P2"",B297<70000, ""P3"",B297<100000, ""P4"",B297<200000,""M1"",B297<500000,""M2"",B297<1000000,""G1"",B297>1000000,""G2"")","=VLOOKUP(C297,Controle!A$2:H$9,8,FALSE)","=VLOOKUP(C297,Controle!A$16:H$23,8,FALSE)","=VLOOKUP(A297,Educacional!A$2:P$405,16,FALSE)","=VLOOKUP(A297,Demográfico!A$2:L$405,12,FALSE)","=VLOOKUP(A297,Socioeconômico!A$2:M$405,13,FALSE)",=(2*F297+G297+2*H297)/5/100,"=VLOOKUP(A297,Demográfico!A$2:E$400,5,FALSE)/(VLOOKUP(C297,Controle!A$2:G$9,7,FALSE))*D297","=VLOOKUP(A297,Demográfico!A$2:E$400,5,FALSE)/(VLOOKUP(C297,Controle!A$16:G$24,7,FALSE))*E297",=((J297*(1+I297))+3*(I297+K297))/4,1,"=VLOOKUP(A297,Demográfico!A$2:E$400,5,FALSE)*I297","=FLOOR(L297,1)",=L297-O297,"=RANK(P297,P$2:P$400,0)","=O297+IF(Q297<Q$1,1,0)",,"=VLOOKUP(A297,Demográfico!A$2:E$400,5,FALSE)*(I297)"
Quinta do Sol,5001,"=_xlfn.IFS(B298<20000, ""P1"",B298<40000, ""P2"",B298<70000, ""P3"",B298<100000, ""P4"",B298<200000,""M1"",B298<500000,""M2"",B298<1000000,""G1"",B298>1000000,""G2"")","=VLOOKUP(C298,Controle!A$2:H$9,8,FALSE)","=VLOOKUP(C298,Controle!A$16:H$23,8,FALSE)","=VLOOKUP(A298,Educacional!A$2:P$405,16,FALSE)","=VLOOKUP(A298,Demográfico!A$2:L$405,12,FALSE)","=VLOOKUP(A298,Socioeconômico!A$2:M$405,13,FALSE)",=(2*F298+G298+2*H298)/5/100,"=VLOOKUP(A298,Demográfico!A$2:E$400,5,FALSE)/(VLOOKUP(C298,Controle!A$2:G$9,7,FALSE))*D298","=VLOOKUP(A298,Demográfico!A$2:E$400,5,FALSE)/(VLOOKUP(C298,Controle!A$16:G$24,7,FALSE))*E298",=((J298*(1+I298))+3*(I298+K298))/4,1,"=VLOOKUP(A298,Demográfico!A$2:E$400,5,FALSE)*I298","=FLOOR(L298,1)",=L298-O298,"=RANK(P298,P$2:P$400,0)","=O298+IF(Q298<Q$1,1,0)",,"=VLOOKUP(A298,Demográfico!A$2:E$400,5,FALSE)*(I298)"
Japira,4972,"=_xlfn.IFS(B299<20000, ""P1"",B299<40000, ""P2"",B299<70000, ""P3"",B299<100000, ""P4"",B299<200000,""M1"",B299<500000,""M2"",B299<1000000,""G1"",B299>1000000,""G2"")","=VLOOKUP(C299,Controle!A$2:H$9,8,FALSE)","=VLOOKUP(C299,Controle!A$16:H$23,8,FALSE)","=VLOOKUP(A299,Educacional!A$2:P$405,16,FALSE)","=VLOOKUP(A299,Demográfico!A$2:L$405,12,FALSE)","=VLOOKUP(A299,Socioeconômico!A$2:M$405,13,FALSE)",=(2*F299+G299+2*H299)/5/100,"=VLOOKUP(A299,Demográfico!A$2:E$400,5,FALSE)/(VLOOKUP(C299,Controle!A$2:G$9,7,FALSE))*D299","=VLOOKUP(A299,Demográfico!A$2:E$400,5,FALSE)/(VLOOKUP(C299,Controle!A$16:G$24,7,FALSE))*E299",=((J299*(1+I299))+3*(I299+K299))/4,1,"=VLOOKUP(A299,Demográfico!A$2:E$400,5,FALSE)*I299","=FLOOR(L299,1)",=L299-O299,"=RANK(P299,P$2:P$400,0)","=O299+IF(Q299<Q$1,1,0)",,"=VLOOKUP(A299,Demográfico!A$2:E$400,5,FALSE)*(I299)"
Honório Serpa,4941,"=_xlfn.IFS(B300<20000, ""P1"",B300<40000, ""P2"",B300<70000, ""P3"",B300<100000, ""P4"",B300<200000,""M1"",B300<500000,""M2"",B300<1000000,""G1"",B300>1000000,""G2"")","=VLOOKUP(C300,Controle!A$2:H$9,8,FALSE)","=VLOOKUP(C300,Controle!A$16:H$23,8,FALSE)","=VLOOKUP(A300,Educacional!A$2:P$405,16,FALSE)","=VLOOKUP(A300,Demográfico!A$2:L$405,12,FALSE)","=VLOOKUP(A300,Socioeconômico!A$2:M$405,13,FALSE)",=(2*F300+G300+2*H300)/5/100,"=VLOOKUP(A300,Demográfico!A$2:E$400,5,FALSE)/(VLOOKUP(C300,Controle!A$2:G$9,7,FALSE))*D300","=VLOOKUP(A300,Demográfico!A$2:E$400,5,FALSE)/(VLOOKUP(C300,Controle!A$16:G$24,7,FALSE))*E300",=((J300*(1+I300))+3*(I300+K300))/4,1,"=VLOOKUP(A300,Demográfico!A$2:E$400,5,FALSE)*I300","=FLOOR(L300,1)",=L300-O300,"=RANK(P300,P$2:P$400,0)","=O300+IF(Q300<Q$1,1,0)",,"=VLOOKUP(A300,Demográfico!A$2:E$400,5,FALSE)*(I300)"
Foz do Jordão,4926,"=_xlfn.IFS(B301<20000, ""P1"",B301<40000, ""P2"",B301<70000, ""P3"",B301<100000, ""P4"",B301<200000,""M1"",B301<500000,""M2"",B301<1000000,""G1"",B301>1000000,""G2"")","=VLOOKUP(C301,Controle!A$2:H$9,8,FALSE)","=VLOOKUP(C301,Controle!A$16:H$23,8,FALSE)","=VLOOKUP(A301,Educacional!A$2:P$405,16,FALSE)","=VLOOKUP(A301,Demográfico!A$2:L$405,12,FALSE)","=VLOOKUP(A301,Socioeconômico!A$2:M$405,13,FALSE)",=(2*F301+G301+2*H301)/5/100,"=VLOOKUP(A301,Demográfico!A$2:E$400,5,FALSE)/(VLOOKUP(C301,Controle!A$2:G$9,7,FALSE))*D301","=VLOOKUP(A301,Demográfico!A$2:E$400,5,FALSE)/(VLOOKUP(C301,Controle!A$16:G$24,7,FALSE))*E301",=((J301*(1+I301))+3*(I301+K301))/4,1,"=VLOOKUP(A301,Demográfico!A$2:E$400,5,FALSE)*I301","=FLOOR(L301,1)",=L301-O301,"=RANK(P301,P$2:P$400,0)","=O301+IF(Q301<Q$1,1,0)",,"=VLOOKUP(A301,Demográfico!A$2:E$400,5,FALSE)*(I301)"
Tamboara,4880,"=_xlfn.IFS(B302<20000, ""P1"",B302<40000, ""P2"",B302<70000, ""P3"",B302<100000, ""P4"",B302<200000,""M1"",B302<500000,""M2"",B302<1000000,""G1"",B302>1000000,""G2"")","=VLOOKUP(C302,Controle!A$2:H$9,8,FALSE)","=VLOOKUP(C302,Controle!A$16:H$23,8,FALSE)","=VLOOKUP(A302,Educacional!A$2:P$405,16,FALSE)","=VLOOKUP(A302,Demográfico!A$2:L$405,12,FALSE)","=VLOOKUP(A302,Socioeconômico!A$2:M$405,13,FALSE)",=(2*F302+G302+2*H302)/5/100,"=VLOOKUP(A302,Demográfico!A$2:E$400,5,FALSE)/(VLOOKUP(C302,Controle!A$2:G$9,7,FALSE))*D302","=VLOOKUP(A302,Demográfico!A$2:E$400,5,FALSE)/(VLOOKUP(C302,Controle!A$16:G$24,7,FALSE))*E302",=((J302*(1+I302))+3*(I302+K302))/4,0,"=VLOOKUP(A302,Demográfico!A$2:E$400,5,FALSE)*I302","=FLOOR(L302,1)",=L302-O302,"=RANK(P302,P$2:P$400,0)","=O302+IF(Q302<Q$1,1,0)",,"=VLOOKUP(A302,Demográfico!A$2:E$400,5,FALSE)*(I302)"
Lunardelli,4872,"=_xlfn.IFS(B303<20000, ""P1"",B303<40000, ""P2"",B303<70000, ""P3"",B303<100000, ""P4"",B303<200000,""M1"",B303<500000,""M2"",B303<1000000,""G1"",B303>1000000,""G2"")","=VLOOKUP(C303,Controle!A$2:H$9,8,FALSE)","=VLOOKUP(C303,Controle!A$16:H$23,8,FALSE)","=VLOOKUP(A303,Educacional!A$2:P$405,16,FALSE)","=VLOOKUP(A303,Demográfico!A$2:L$405,12,FALSE)","=VLOOKUP(A303,Socioeconômico!A$2:M$405,13,FALSE)",=(2*F303+G303+2*H303)/5/100,"=VLOOKUP(A303,Demográfico!A$2:E$400,5,FALSE)/(VLOOKUP(C303,Controle!A$2:G$9,7,FALSE))*D303","=VLOOKUP(A303,Demográfico!A$2:E$400,5,FALSE)/(VLOOKUP(C303,Controle!A$16:G$24,7,FALSE))*E303",=((J303*(1+I303))+3*(I303+K303))/4,0,"=VLOOKUP(A303,Demográfico!A$2:E$400,5,FALSE)*I303","=FLOOR(L303,1)",=L303-O303,"=RANK(P303,P$2:P$400,0)","=O303+IF(Q303<Q$1,1,0)",,"=VLOOKUP(A303,Demográfico!A$2:E$400,5,FALSE)*(I303)"
Braganey,4854,"=_xlfn.IFS(B304<20000, ""P1"",B304<40000, ""P2"",B304<70000, ""P3"",B304<100000, ""P4"",B304<200000,""M1"",B304<500000,""M2"",B304<1000000,""G1"",B304>1000000,""G2"")","=VLOOKUP(C304,Controle!A$2:H$9,8,FALSE)","=VLOOKUP(C304,Controle!A$16:H$23,8,FALSE)","=VLOOKUP(A304,Educacional!A$2:P$405,16,FALSE)","=VLOOKUP(A304,Demográfico!A$2:L$405,12,FALSE)","=VLOOKUP(A304,Socioeconômico!A$2:M$405,13,FALSE)",=(2*F304+G304+2*H304)/5/100,"=VLOOKUP(A304,Demográfico!A$2:E$400,5,FALSE)/(VLOOKUP(C304,Controle!A$2:G$9,7,FALSE))*D304","=VLOOKUP(A304,Demográfico!A$2:E$400,5,FALSE)/(VLOOKUP(C304,Controle!A$16:G$24,7,FALSE))*E304",=((J304*(1+I304))+3*(I304+K304))/4,0,"=VLOOKUP(A304,Demográfico!A$2:E$400,5,FALSE)*I304","=FLOOR(L304,1)",=L304-O304,"=RANK(P304,P$2:P$400,0)","=O304+IF(Q304<Q$1,1,0)",,"=VLOOKUP(A304,Demográfico!A$2:E$400,5,FALSE)*(I304)"
Lupionópolis,4813,"=_xlfn.IFS(B305<20000, ""P1"",B305<40000, ""P2"",B305<70000, ""P3"",B305<100000, ""P4"",B305<200000,""M1"",B305<500000,""M2"",B305<1000000,""G1"",B305>1000000,""G2"")","=VLOOKUP(C305,Controle!A$2:H$9,8,FALSE)","=VLOOKUP(C305,Controle!A$16:H$23,8,FALSE)","=VLOOKUP(A305,Educacional!A$2:P$405,16,FALSE)","=VLOOKUP(A305,Demográfico!A$2:L$405,12,FALSE)","=VLOOKUP(A305,Socioeconômico!A$2:M$405,13,FALSE)",=(2*F305+G305+2*H305)/5/100,"=VLOOKUP(A305,Demográfico!A$2:E$400,5,FALSE)/(VLOOKUP(C305,Controle!A$2:G$9,7,FALSE))*D305","=VLOOKUP(A305,Demográfico!A$2:E$400,5,FALSE)/(VLOOKUP(C305,Controle!A$16:G$24,7,FALSE))*E305",=((J305*(1+I305))+3*(I305+K305))/4,0,"=VLOOKUP(A305,Demográfico!A$2:E$400,5,FALSE)*I305","=FLOOR(L305,1)",=L305-O305,"=RANK(P305,P$2:P$400,0)","=O305+IF(Q305<Q$1,1,0)",,"=VLOOKUP(A305,Demográfico!A$2:E$400,5,FALSE)*(I305)"
Espigão Alto do Iguaçu,4797,"=_xlfn.IFS(B306<20000, ""P1"",B306<40000, ""P2"",B306<70000, ""P3"",B306<100000, ""P4"",B306<200000,""M1"",B306<500000,""M2"",B306<1000000,""G1"",B306>1000000,""G2"")","=VLOOKUP(C306,Controle!A$2:H$9,8,FALSE)","=VLOOKUP(C306,Controle!A$16:H$23,8,FALSE)","=VLOOKUP(A306,Educacional!A$2:P$405,16,FALSE)","=VLOOKUP(A306,Demográfico!A$2:L$405,12,FALSE)","=VLOOKUP(A306,Socioeconômico!A$2:M$405,13,FALSE)",=(2*F306+G306+2*H306)/5/100,"=VLOOKUP(A306,Demográfico!A$2:E$400,5,FALSE)/(VLOOKUP(C306,Controle!A$2:G$9,7,FALSE))*D306","=VLOOKUP(A306,Demográfico!A$2:E$400,5,FALSE)/(VLOOKUP(C306,Controle!A$16:G$24,7,FALSE))*E306",=((J306*(1+I306))+3*(I306+K306))/4,1,"=VLOOKUP(A306,Demográfico!A$2:E$400,5,FALSE)*I306","=FLOOR(L306,1)",=L306-O306,"=RANK(P306,P$2:P$400,0)","=O306+IF(Q306<Q$1,1,0)",,"=VLOOKUP(A306,Demográfico!A$2:E$400,5,FALSE)*(I306)"
Floraí,4792,"=_xlfn.IFS(B307<20000, ""P1"",B307<40000, ""P2"",B307<70000, ""P3"",B307<100000, ""P4"",B307<200000,""M1"",B307<500000,""M2"",B307<1000000,""G1"",B307>1000000,""G2"")","=VLOOKUP(C307,Controle!A$2:H$9,8,FALSE)","=VLOOKUP(C307,Controle!A$16:H$23,8,FALSE)","=VLOOKUP(A307,Educacional!A$2:P$405,16,FALSE)","=VLOOKUP(A307,Demográfico!A$2:L$405,12,FALSE)","=VLOOKUP(A307,Socioeconômico!A$2:M$405,13,FALSE)",=(2*F307+G307+2*H307)/5/100,"=VLOOKUP(A307,Demográfico!A$2:E$400,5,FALSE)/(VLOOKUP(C307,Controle!A$2:G$9,7,FALSE))*D307","=VLOOKUP(A307,Demográfico!A$2:E$400,5,FALSE)/(VLOOKUP(C307,Controle!A$16:G$24,7,FALSE))*E307",=((J307*(1+I307))+3*(I307+K307))/4,0,"=VLOOKUP(A307,Demográfico!A$2:E$400,5,FALSE)*I307","=FLOOR(L307,1)",=L307-O307,"=RANK(P307,P$2:P$400,0)","=O307+IF(Q307<Q$1,1,0)",,"=VLOOKUP(A307,Demográfico!A$2:E$400,5,FALSE)*(I307)"
Amaporã,4762,"=_xlfn.IFS(B308<20000, ""P1"",B308<40000, ""P2"",B308<70000, ""P3"",B308<100000, ""P4"",B308<200000,""M1"",B308<500000,""M2"",B308<1000000,""G1"",B308>1000000,""G2"")","=VLOOKUP(C308,Controle!A$2:H$9,8,FALSE)","=VLOOKUP(C308,Controle!A$16:H$23,8,FALSE)","=VLOOKUP(A308,Educacional!A$2:P$405,16,FALSE)","=VLOOKUP(A308,Demográfico!A$2:L$405,12,FALSE)","=VLOOKUP(A308,Socioeconômico!A$2:M$405,13,FALSE)",=(2*F308+G308+2*H308)/5/100,"=VLOOKUP(A308,Demográfico!A$2:E$400,5,FALSE)/(VLOOKUP(C308,Controle!A$2:G$9,7,FALSE))*D308","=VLOOKUP(A308,Demográfico!A$2:E$400,5,FALSE)/(VLOOKUP(C308,Controle!A$16:G$24,7,FALSE))*E308",=((J308*(1+I308))+3*(I308+K308))/4,1,"=VLOOKUP(A308,Demográfico!A$2:E$400,5,FALSE)*I308","=FLOOR(L308,1)",=L308-O308,"=RANK(P308,P$2:P$400,0)","=O308+IF(Q308<Q$1,1,0)",,"=VLOOKUP(A308,Demográfico!A$2:E$400,5,FALSE)*(I308)"
Guaraci,4748,"=_xlfn.IFS(B309<20000, ""P1"",B309<40000, ""P2"",B309<70000, ""P3"",B309<100000, ""P4"",B309<200000,""M1"",B309<500000,""M2"",B309<1000000,""G1"",B309>1000000,""G2"")","=VLOOKUP(C309,Controle!A$2:H$9,8,FALSE)","=VLOOKUP(C309,Controle!A$16:H$23,8,FALSE)","=VLOOKUP(A309,Educacional!A$2:P$405,16,FALSE)","=VLOOKUP(A309,Demográfico!A$2:L$405,12,FALSE)","=VLOOKUP(A309,Socioeconômico!A$2:M$405,13,FALSE)",=(2*F309+G309+2*H309)/5/100,"=VLOOKUP(A309,Demográfico!A$2:E$400,5,FALSE)/(VLOOKUP(C309,Controle!A$2:G$9,7,FALSE))*D309","=VLOOKUP(A309,Demográfico!A$2:E$400,5,FALSE)/(VLOOKUP(C309,Controle!A$16:G$24,7,FALSE))*E309",=((J309*(1+I309))+3*(I309+K309))/4,1,"=VLOOKUP(A309,Demográfico!A$2:E$400,5,FALSE)*I309","=FLOOR(L309,1)",=L309-O309,"=RANK(P309,P$2:P$400,0)","=O309+IF(Q309<Q$1,1,0)",,"=VLOOKUP(A309,Demográfico!A$2:E$400,5,FALSE)*(I309)"
Marumbi,4699,"=_xlfn.IFS(B310<20000, ""P1"",B310<40000, ""P2"",B310<70000, ""P3"",B310<100000, ""P4"",B310<200000,""M1"",B310<500000,""M2"",B310<1000000,""G1"",B310>1000000,""G2"")","=VLOOKUP(C310,Controle!A$2:H$9,8,FALSE)","=VLOOKUP(C310,Controle!A$16:H$23,8,FALSE)","=VLOOKUP(A310,Educacional!A$2:P$405,16,FALSE)","=VLOOKUP(A310,Demográfico!A$2:L$405,12,FALSE)","=VLOOKUP(A310,Socioeconômico!A$2:M$405,13,FALSE)",=(2*F310+G310+2*H310)/5/100,"=VLOOKUP(A310,Demográfico!A$2:E$400,5,FALSE)/(VLOOKUP(C310,Controle!A$2:G$9,7,FALSE))*D310","=VLOOKUP(A310,Demográfico!A$2:E$400,5,FALSE)/(VLOOKUP(C310,Controle!A$16:G$24,7,FALSE))*E310",=((J310*(1+I310))+3*(I310+K310))/4,0,"=VLOOKUP(A310,Demográfico!A$2:E$400,5,FALSE)*I310","=FLOOR(L310,1)",=L310-O310,"=RANK(P310,P$2:P$400,0)","=O310+IF(Q310<Q$1,1,0)",,"=VLOOKUP(A310,Demográfico!A$2:E$400,5,FALSE)*(I310)"
Guapirama,4626,"=_xlfn.IFS(B311<20000, ""P1"",B311<40000, ""P2"",B311<70000, ""P3"",B311<100000, ""P4"",B311<200000,""M1"",B311<500000,""M2"",B311<1000000,""G1"",B311>1000000,""G2"")","=VLOOKUP(C311,Controle!A$2:H$9,8,FALSE)","=VLOOKUP(C311,Controle!A$16:H$23,8,FALSE)","=VLOOKUP(A311,Educacional!A$2:P$405,16,FALSE)","=VLOOKUP(A311,Demográfico!A$2:L$405,12,FALSE)","=VLOOKUP(A311,Socioeconômico!A$2:M$405,13,FALSE)",=(2*F311+G311+2*H311)/5/100,"=VLOOKUP(A311,Demográfico!A$2:E$400,5,FALSE)/(VLOOKUP(C311,Controle!A$2:G$9,7,FALSE))*D311","=VLOOKUP(A311,Demográfico!A$2:E$400,5,FALSE)/(VLOOKUP(C311,Controle!A$16:G$24,7,FALSE))*E311",=((J311*(1+I311))+3*(I311+K311))/4,1,"=VLOOKUP(A311,Demográfico!A$2:E$400,5,FALSE)*I311","=FLOOR(L311,1)",=L311-O311,"=RANK(P311,P$2:P$400,0)","=O311+IF(Q311<Q$1,1,0)",,"=VLOOKUP(A311,Demográfico!A$2:E$400,5,FALSE)*(I311)"
Lobato,4601,"=_xlfn.IFS(B312<20000, ""P1"",B312<40000, ""P2"",B312<70000, ""P3"",B312<100000, ""P4"",B312<200000,""M1"",B312<500000,""M2"",B312<1000000,""G1"",B312>1000000,""G2"")","=VLOOKUP(C312,Controle!A$2:H$9,8,FALSE)","=VLOOKUP(C312,Controle!A$16:H$23,8,FALSE)","=VLOOKUP(A312,Educacional!A$2:P$405,16,FALSE)","=VLOOKUP(A312,Demográfico!A$2:L$405,12,FALSE)","=VLOOKUP(A312,Socioeconômico!A$2:M$405,13,FALSE)",=(2*F312+G312+2*H312)/5/100,"=VLOOKUP(A312,Demográfico!A$2:E$400,5,FALSE)/(VLOOKUP(C312,Controle!A$2:G$9,7,FALSE))*D312","=VLOOKUP(A312,Demográfico!A$2:E$400,5,FALSE)/(VLOOKUP(C312,Controle!A$16:G$24,7,FALSE))*E312",=((J312*(1+I312))+3*(I312+K312))/4,0,"=VLOOKUP(A312,Demográfico!A$2:E$400,5,FALSE)*I312","=FLOOR(L312,1)",=L312-O312,"=RANK(P312,P$2:P$400,0)","=O312+IF(Q312<Q$1,1,0)",,"=VLOOKUP(A312,Demográfico!A$2:E$400,5,FALSE)*(I312)"
Kaloré,4582,"=_xlfn.IFS(B313<20000, ""P1"",B313<40000, ""P2"",B313<70000, ""P3"",B313<100000, ""P4"",B313<200000,""M1"",B313<500000,""M2"",B313<1000000,""G1"",B313>1000000,""G2"")","=VLOOKUP(C313,Controle!A$2:H$9,8,FALSE)","=VLOOKUP(C313,Controle!A$16:H$23,8,FALSE)","=VLOOKUP(A313,Educacional!A$2:P$405,16,FALSE)","=VLOOKUP(A313,Demográfico!A$2:L$405,12,FALSE)","=VLOOKUP(A313,Socioeconômico!A$2:M$405,13,FALSE)",=(2*F313+G313+2*H313)/5/100,"=VLOOKUP(A313,Demográfico!A$2:E$400,5,FALSE)/(VLOOKUP(C313,Controle!A$2:G$9,7,FALSE))*D313","=VLOOKUP(A313,Demográfico!A$2:E$400,5,FALSE)/(VLOOKUP(C313,Controle!A$16:G$24,7,FALSE))*E313",=((J313*(1+I313))+3*(I313+K313))/4,0,"=VLOOKUP(A313,Demográfico!A$2:E$400,5,FALSE)*I313","=FLOOR(L313,1)",=L313-O313,"=RANK(P313,P$2:P$400,0)","=O313+IF(Q313<Q$1,1,0)",,"=VLOOKUP(A313,Demográfico!A$2:E$400,5,FALSE)*(I313)"
Entre Rios do Oeste,4575,"=_xlfn.IFS(B314<20000, ""P1"",B314<40000, ""P2"",B314<70000, ""P3"",B314<100000, ""P4"",B314<200000,""M1"",B314<500000,""M2"",B314<1000000,""G1"",B314>1000000,""G2"")","=VLOOKUP(C314,Controle!A$2:H$9,8,FALSE)","=VLOOKUP(C314,Controle!A$16:H$23,8,FALSE)","=VLOOKUP(A314,Educacional!A$2:P$405,16,FALSE)","=VLOOKUP(A314,Demográfico!A$2:L$405,12,FALSE)","=VLOOKUP(A314,Socioeconômico!A$2:M$405,13,FALSE)",=(2*F314+G314+2*H314)/5/100,"=VLOOKUP(A314,Demográfico!A$2:E$400,5,FALSE)/(VLOOKUP(C314,Controle!A$2:G$9,7,FALSE))*D314","=VLOOKUP(A314,Demográfico!A$2:E$400,5,FALSE)/(VLOOKUP(C314,Controle!A$16:G$24,7,FALSE))*E314",=((J314*(1+I314))+3*(I314+K314))/4,0,"=VLOOKUP(A314,Demográfico!A$2:E$400,5,FALSE)*I314","=FLOOR(L314,1)",=L314-O314,"=RANK(P314,P$2:P$400,0)","=O314+IF(Q314<Q$1,1,0)",,"=VLOOKUP(A314,Demográfico!A$2:E$400,5,FALSE)*(I314)"
Boa Esperança,4558,"=_xlfn.IFS(B315<20000, ""P1"",B315<40000, ""P2"",B315<70000, ""P3"",B315<100000, ""P4"",B315<200000,""M1"",B315<500000,""M2"",B315<1000000,""G1"",B315>1000000,""G2"")","=VLOOKUP(C315,Controle!A$2:H$9,8,FALSE)","=VLOOKUP(C315,Controle!A$16:H$23,8,FALSE)","=VLOOKUP(A315,Educacional!A$2:P$405,16,FALSE)","=VLOOKUP(A315,Demográfico!A$2:L$405,12,FALSE)","=VLOOKUP(A315,Socioeconômico!A$2:M$405,13,FALSE)",=(2*F315+G315+2*H315)/5/100,"=VLOOKUP(A315,Demográfico!A$2:E$400,5,FALSE)/(VLOOKUP(C315,Controle!A$2:G$9,7,FALSE))*D315","=VLOOKUP(A315,Demográfico!A$2:E$400,5,FALSE)/(VLOOKUP(C315,Controle!A$16:G$24,7,FALSE))*E315",=((J315*(1+I315))+3*(I315+K315))/4,0,"=VLOOKUP(A315,Demográfico!A$2:E$400,5,FALSE)*I315","=FLOOR(L315,1)",=L315-O315,"=RANK(P315,P$2:P$400,0)","=O315+IF(Q315<Q$1,1,0)",,"=VLOOKUP(A315,Demográfico!A$2:E$400,5,FALSE)*(I315)"
Diamante D'Oeste,4557,"=_xlfn.IFS(B316<20000, ""P1"",B316<40000, ""P2"",B316<70000, ""P3"",B316<100000, ""P4"",B316<200000,""M1"",B316<500000,""M2"",B316<1000000,""G1"",B316>1000000,""G2"")","=VLOOKUP(C316,Controle!A$2:H$9,8,FALSE)","=VLOOKUP(C316,Controle!A$16:H$23,8,FALSE)","=VLOOKUP(A316,Educacional!A$2:P$405,16,FALSE)","=VLOOKUP(A316,Demográfico!A$2:L$405,12,FALSE)","=VLOOKUP(A316,Socioeconômico!A$2:M$405,13,FALSE)",=(2*F316+G316+2*H316)/5/100,"=VLOOKUP(A316,Demográfico!A$2:E$400,5,FALSE)/(VLOOKUP(C316,Controle!A$2:G$9,7,FALSE))*D316","=VLOOKUP(A316,Demográfico!A$2:E$400,5,FALSE)/(VLOOKUP(C316,Controle!A$16:G$24,7,FALSE))*E316",=((J316*(1+I316))+3*(I316+K316))/4,1,"=VLOOKUP(A316,Demográfico!A$2:E$400,5,FALSE)*I316","=FLOOR(L316,1)",=L316-O316,"=RANK(P316,P$2:P$400,0)","=O316+IF(Q316<Q$1,1,0)",,"=VLOOKUP(A316,Demográfico!A$2:E$400,5,FALSE)*(I316)"
Marquinho,4504,"=_xlfn.IFS(B317<20000, ""P1"",B317<40000, ""P2"",B317<70000, ""P3"",B317<100000, ""P4"",B317<200000,""M1"",B317<500000,""M2"",B317<1000000,""G1"",B317>1000000,""G2"")","=VLOOKUP(C317,Controle!A$2:H$9,8,FALSE)","=VLOOKUP(C317,Controle!A$16:H$23,8,FALSE)","=VLOOKUP(A317,Educacional!A$2:P$405,16,FALSE)","=VLOOKUP(A317,Demográfico!A$2:L$405,12,FALSE)","=VLOOKUP(A317,Socioeconômico!A$2:M$405,13,FALSE)",=(2*F317+G317+2*H317)/5/100,"=VLOOKUP(A317,Demográfico!A$2:E$400,5,FALSE)/(VLOOKUP(C317,Controle!A$2:G$9,7,FALSE))*D317","=VLOOKUP(A317,Demográfico!A$2:E$400,5,FALSE)/(VLOOKUP(C317,Controle!A$16:G$24,7,FALSE))*E317",=((J317*(1+I317))+3*(I317+K317))/4,1,"=VLOOKUP(A317,Demográfico!A$2:E$400,5,FALSE)*I317","=FLOOR(L317,1)",=L317-O317,"=RANK(P317,P$2:P$400,0)","=O317+IF(Q317<Q$1,1,0)",,"=VLOOKUP(A317,Demográfico!A$2:E$400,5,FALSE)*(I317)"
Cruzeiro do Sul,4494,"=_xlfn.IFS(B318<20000, ""P1"",B318<40000, ""P2"",B318<70000, ""P3"",B318<100000, ""P4"",B318<200000,""M1"",B318<500000,""M2"",B318<1000000,""G1"",B318>1000000,""G2"")","=VLOOKUP(C318,Controle!A$2:H$9,8,FALSE)","=VLOOKUP(C318,Controle!A$16:H$23,8,FALSE)","=VLOOKUP(A318,Educacional!A$2:P$405,16,FALSE)","=VLOOKUP(A318,Demográfico!A$2:L$405,12,FALSE)","=VLOOKUP(A318,Socioeconômico!A$2:M$405,13,FALSE)",=(2*F318+G318+2*H318)/5/100,"=VLOOKUP(A318,Demográfico!A$2:E$400,5,FALSE)/(VLOOKUP(C318,Controle!A$2:G$9,7,FALSE))*D318","=VLOOKUP(A318,Demográfico!A$2:E$400,5,FALSE)/(VLOOKUP(C318,Controle!A$16:G$24,7,FALSE))*E318",=((J318*(1+I318))+3*(I318+K318))/4,1,"=VLOOKUP(A318,Demográfico!A$2:E$400,5,FALSE)*I318","=FLOOR(L318,1)",=L318-O318,"=RANK(P318,P$2:P$400,0)","=O318+IF(Q318<Q$1,1,0)",,"=VLOOKUP(A318,Demográfico!A$2:E$400,5,FALSE)*(I318)"
Fênix,4492,"=_xlfn.IFS(B319<20000, ""P1"",B319<40000, ""P2"",B319<70000, ""P3"",B319<100000, ""P4"",B319<200000,""M1"",B319<500000,""M2"",B319<1000000,""G1"",B319>1000000,""G2"")","=VLOOKUP(C319,Controle!A$2:H$9,8,FALSE)","=VLOOKUP(C319,Controle!A$16:H$23,8,FALSE)","=VLOOKUP(A319,Educacional!A$2:P$405,16,FALSE)","=VLOOKUP(A319,Demográfico!A$2:L$405,12,FALSE)","=VLOOKUP(A319,Socioeconômico!A$2:M$405,13,FALSE)",=(2*F319+G319+2*H319)/5/100,"=VLOOKUP(A319,Demográfico!A$2:E$400,5,FALSE)/(VLOOKUP(C319,Controle!A$2:G$9,7,FALSE))*D319","=VLOOKUP(A319,Demográfico!A$2:E$400,5,FALSE)/(VLOOKUP(C319,Controle!A$16:G$24,7,FALSE))*E319",=((J319*(1+I319))+3*(I319+K319))/4,0,"=VLOOKUP(A319,Demográfico!A$2:E$400,5,FALSE)*I319","=FLOOR(L319,1)",=L319-O319,"=RANK(P319,P$2:P$400,0)","=O319+IF(Q319<Q$1,1,0)",,"=VLOOKUP(A319,Demográfico!A$2:E$400,5,FALSE)*(I319)"
Itaguajé,4481,"=_xlfn.IFS(B320<20000, ""P1"",B320<40000, ""P2"",B320<70000, ""P3"",B320<100000, ""P4"",B320<200000,""M1"",B320<500000,""M2"",B320<1000000,""G1"",B320>1000000,""G2"")","=VLOOKUP(C320,Controle!A$2:H$9,8,FALSE)","=VLOOKUP(C320,Controle!A$16:H$23,8,FALSE)","=VLOOKUP(A320,Educacional!A$2:P$405,16,FALSE)","=VLOOKUP(A320,Demográfico!A$2:L$405,12,FALSE)","=VLOOKUP(A320,Socioeconômico!A$2:M$405,13,FALSE)",=(2*F320+G320+2*H320)/5/100,"=VLOOKUP(A320,Demográfico!A$2:E$400,5,FALSE)/(VLOOKUP(C320,Controle!A$2:G$9,7,FALSE))*D320","=VLOOKUP(A320,Demográfico!A$2:E$400,5,FALSE)/(VLOOKUP(C320,Controle!A$16:G$24,7,FALSE))*E320",=((J320*(1+I320))+3*(I320+K320))/4,0,"=VLOOKUP(A320,Demográfico!A$2:E$400,5,FALSE)*I320","=FLOOR(L320,1)",=L320-O320,"=RANK(P320,P$2:P$400,0)","=O320+IF(Q320<Q$1,1,0)",,"=VLOOKUP(A320,Demográfico!A$2:E$400,5,FALSE)*(I320)"
Quatro Pontes,4480,"=_xlfn.IFS(B321<20000, ""P1"",B321<40000, ""P2"",B321<70000, ""P3"",B321<100000, ""P4"",B321<200000,""M1"",B321<500000,""M2"",B321<1000000,""G1"",B321>1000000,""G2"")","=VLOOKUP(C321,Controle!A$2:H$9,8,FALSE)","=VLOOKUP(C321,Controle!A$16:H$23,8,FALSE)","=VLOOKUP(A321,Educacional!A$2:P$405,16,FALSE)","=VLOOKUP(A321,Demográfico!A$2:L$405,12,FALSE)","=VLOOKUP(A321,Socioeconômico!A$2:M$405,13,FALSE)",=(2*F321+G321+2*H321)/5/100,"=VLOOKUP(A321,Demográfico!A$2:E$400,5,FALSE)/(VLOOKUP(C321,Controle!A$2:G$9,7,FALSE))*D321","=VLOOKUP(A321,Demográfico!A$2:E$400,5,FALSE)/(VLOOKUP(C321,Controle!A$16:G$24,7,FALSE))*E321",=((J321*(1+I321))+3*(I321+K321))/4,0,"=VLOOKUP(A321,Demográfico!A$2:E$400,5,FALSE)*I321","=FLOOR(L321,1)",=L321-O321,"=RANK(P321,P$2:P$400,0)","=O321+IF(Q321<Q$1,1,0)",,"=VLOOKUP(A321,Demográfico!A$2:E$400,5,FALSE)*(I321)"
Cafezal do Sul,4473,"=_xlfn.IFS(B322<20000, ""P1"",B322<40000, ""P2"",B322<70000, ""P3"",B322<100000, ""P4"",B322<200000,""M1"",B322<500000,""M2"",B322<1000000,""G1"",B322>1000000,""G2"")","=VLOOKUP(C322,Controle!A$2:H$9,8,FALSE)","=VLOOKUP(C322,Controle!A$16:H$23,8,FALSE)","=VLOOKUP(A322,Educacional!A$2:P$405,16,FALSE)","=VLOOKUP(A322,Demográfico!A$2:L$405,12,FALSE)","=VLOOKUP(A322,Socioeconômico!A$2:M$405,13,FALSE)",=(2*F322+G322+2*H322)/5/100,"=VLOOKUP(A322,Demográfico!A$2:E$400,5,FALSE)/(VLOOKUP(C322,Controle!A$2:G$9,7,FALSE))*D322","=VLOOKUP(A322,Demográfico!A$2:E$400,5,FALSE)/(VLOOKUP(C322,Controle!A$16:G$24,7,FALSE))*E322",=((J322*(1+I322))+3*(I322+K322))/4,1,"=VLOOKUP(A322,Demográfico!A$2:E$400,5,FALSE)*I322","=FLOOR(L322,1)",=L322-O322,"=RANK(P322,P$2:P$400,0)","=O322+IF(Q322<Q$1,1,0)",,"=VLOOKUP(A322,Demográfico!A$2:E$400,5,FALSE)*(I322)"
Indianópolis,4448,"=_xlfn.IFS(B323<20000, ""P1"",B323<40000, ""P2"",B323<70000, ""P3"",B323<100000, ""P4"",B323<200000,""M1"",B323<500000,""M2"",B323<1000000,""G1"",B323>1000000,""G2"")","=VLOOKUP(C323,Controle!A$2:H$9,8,FALSE)","=VLOOKUP(C323,Controle!A$16:H$23,8,FALSE)","=VLOOKUP(A323,Educacional!A$2:P$405,16,FALSE)","=VLOOKUP(A323,Demográfico!A$2:L$405,12,FALSE)","=VLOOKUP(A323,Socioeconômico!A$2:M$405,13,FALSE)",=(2*F323+G323+2*H323)/5/100,"=VLOOKUP(A323,Demográfico!A$2:E$400,5,FALSE)/(VLOOKUP(C323,Controle!A$2:G$9,7,FALSE))*D323","=VLOOKUP(A323,Demográfico!A$2:E$400,5,FALSE)/(VLOOKUP(C323,Controle!A$16:G$24,7,FALSE))*E323",=((J323*(1+I323))+3*(I323+K323))/4,0,"=VLOOKUP(A323,Demográfico!A$2:E$400,5,FALSE)*I323","=FLOOR(L323,1)",=L323-O323,"=RANK(P323,P$2:P$400,0)","=O323+IF(Q323<Q$1,1,0)",,"=VLOOKUP(A323,Demográfico!A$2:E$400,5,FALSE)*(I323)"
Flor da Serra do Sul,4364,"=_xlfn.IFS(B324<20000, ""P1"",B324<40000, ""P2"",B324<70000, ""P3"",B324<100000, ""P4"",B324<200000,""M1"",B324<500000,""M2"",B324<1000000,""G1"",B324>1000000,""G2"")","=VLOOKUP(C324,Controle!A$2:H$9,8,FALSE)","=VLOOKUP(C324,Controle!A$16:H$23,8,FALSE)","=VLOOKUP(A324,Educacional!A$2:P$405,16,FALSE)","=VLOOKUP(A324,Demográfico!A$2:L$405,12,FALSE)","=VLOOKUP(A324,Socioeconômico!A$2:M$405,13,FALSE)",=(2*F324+G324+2*H324)/5/100,"=VLOOKUP(A324,Demográfico!A$2:E$400,5,FALSE)/(VLOOKUP(C324,Controle!A$2:G$9,7,FALSE))*D324","=VLOOKUP(A324,Demográfico!A$2:E$400,5,FALSE)/(VLOOKUP(C324,Controle!A$16:G$24,7,FALSE))*E324",=((J324*(1+I324))+3*(I324+K324))/4,0,"=VLOOKUP(A324,Demográfico!A$2:E$400,5,FALSE)*I324","=FLOOR(L324,1)",=L324-O324,"=RANK(P324,P$2:P$400,0)","=O324+IF(Q324<Q$1,1,0)",,"=VLOOKUP(A324,Demográfico!A$2:E$400,5,FALSE)*(I324)"
Presidente Castelo Branco,4336,"=_xlfn.IFS(B325<20000, ""P1"",B325<40000, ""P2"",B325<70000, ""P3"",B325<100000, ""P4"",B325<200000,""M1"",B325<500000,""M2"",B325<1000000,""G1"",B325>1000000,""G2"")","=VLOOKUP(C325,Controle!A$2:H$9,8,FALSE)","=VLOOKUP(C325,Controle!A$16:H$23,8,FALSE)","=VLOOKUP(A325,Educacional!A$2:P$405,16,FALSE)","=VLOOKUP(A325,Demográfico!A$2:L$405,12,FALSE)","=VLOOKUP(A325,Socioeconômico!A$2:M$405,13,FALSE)",=(2*F325+G325+2*H325)/5/100,"=VLOOKUP(A325,Demográfico!A$2:E$400,5,FALSE)/(VLOOKUP(C325,Controle!A$2:G$9,7,FALSE))*D325","=VLOOKUP(A325,Demográfico!A$2:E$400,5,FALSE)/(VLOOKUP(C325,Controle!A$16:G$24,7,FALSE))*E325",=((J325*(1+I325))+3*(I325+K325))/4,1,"=VLOOKUP(A325,Demográfico!A$2:E$400,5,FALSE)*I325","=FLOOR(L325,1)",=L325-O325,"=RANK(P325,P$2:P$400,0)","=O325+IF(Q325<Q$1,1,0)",,"=VLOOKUP(A325,Demográfico!A$2:E$400,5,FALSE)*(I325)"
Ramilândia,4221,"=_xlfn.IFS(B326<20000, ""P1"",B326<40000, ""P2"",B326<70000, ""P3"",B326<100000, ""P4"",B326<200000,""M1"",B326<500000,""M2"",B326<1000000,""G1"",B326>1000000,""G2"")","=VLOOKUP(C326,Controle!A$2:H$9,8,FALSE)","=VLOOKUP(C326,Controle!A$16:H$23,8,FALSE)","=VLOOKUP(A326,Educacional!A$2:P$405,16,FALSE)","=VLOOKUP(A326,Demográfico!A$2:L$405,12,FALSE)","=VLOOKUP(A326,Socioeconômico!A$2:M$405,13,FALSE)",=(2*F326+G326+2*H326)/5/100,"=VLOOKUP(A326,Demográfico!A$2:E$400,5,FALSE)/(VLOOKUP(C326,Controle!A$2:G$9,7,FALSE))*D326","=VLOOKUP(A326,Demográfico!A$2:E$400,5,FALSE)/(VLOOKUP(C326,Controle!A$16:G$24,7,FALSE))*E326",=((J326*(1+I326))+3*(I326+K326))/4,1,"=VLOOKUP(A326,Demográfico!A$2:E$400,5,FALSE)*I326","=FLOOR(L326,1)",=L326-O326,"=RANK(P326,P$2:P$400,0)","=O326+IF(Q326<Q$1,1,0)",,"=VLOOKUP(A326,Demográfico!A$2:E$400,5,FALSE)*(I326)"
Quarto Centenário,4201,"=_xlfn.IFS(B327<20000, ""P1"",B327<40000, ""P2"",B327<70000, ""P3"",B327<100000, ""P4"",B327<200000,""M1"",B327<500000,""M2"",B327<1000000,""G1"",B327>1000000,""G2"")","=VLOOKUP(C327,Controle!A$2:H$9,8,FALSE)","=VLOOKUP(C327,Controle!A$16:H$23,8,FALSE)","=VLOOKUP(A327,Educacional!A$2:P$405,16,FALSE)","=VLOOKUP(A327,Demográfico!A$2:L$405,12,FALSE)","=VLOOKUP(A327,Socioeconômico!A$2:M$405,13,FALSE)",=(2*F327+G327+2*H327)/5/100,"=VLOOKUP(A327,Demográfico!A$2:E$400,5,FALSE)/(VLOOKUP(C327,Controle!A$2:G$9,7,FALSE))*D327","=VLOOKUP(A327,Demográfico!A$2:E$400,5,FALSE)/(VLOOKUP(C327,Controle!A$16:G$24,7,FALSE))*E327",=((J327*(1+I327))+3*(I327+K327))/4,0,"=VLOOKUP(A327,Demográfico!A$2:E$400,5,FALSE)*I327","=FLOOR(L327,1)",=L327-O327,"=RANK(P327,P$2:P$400,0)","=O327+IF(Q327<Q$1,1,0)",,"=VLOOKUP(A327,Demográfico!A$2:E$400,5,FALSE)*(I327)"
Nova Santa Bárbara,4184,"=_xlfn.IFS(B328<20000, ""P1"",B328<40000, ""P2"",B328<70000, ""P3"",B328<100000, ""P4"",B328<200000,""M1"",B328<500000,""M2"",B328<1000000,""G1"",B328>1000000,""G2"")","=VLOOKUP(C328,Controle!A$2:H$9,8,FALSE)","=VLOOKUP(C328,Controle!A$16:H$23,8,FALSE)","=VLOOKUP(A328,Educacional!A$2:P$405,16,FALSE)","=VLOOKUP(A328,Demográfico!A$2:L$405,12,FALSE)","=VLOOKUP(A328,Socioeconômico!A$2:M$405,13,FALSE)",=(2*F328+G328+2*H328)/5/100,"=VLOOKUP(A328,Demográfico!A$2:E$400,5,FALSE)/(VLOOKUP(C328,Controle!A$2:G$9,7,FALSE))*D328","=VLOOKUP(A328,Demográfico!A$2:E$400,5,FALSE)/(VLOOKUP(C328,Controle!A$16:G$24,7,FALSE))*E328",=((J328*(1+I328))+3*(I328+K328))/4,0,"=VLOOKUP(A328,Demográfico!A$2:E$400,5,FALSE)*I328","=FLOOR(L328,1)",=L328-O328,"=RANK(P328,P$2:P$400,0)","=O328+IF(Q328<Q$1,1,0)",,"=VLOOKUP(A328,Demográfico!A$2:E$400,5,FALSE)*(I328)"
Cruzeiro do Iguaçu,4133,"=_xlfn.IFS(B329<20000, ""P1"",B329<40000, ""P2"",B329<70000, ""P3"",B329<100000, ""P4"",B329<200000,""M1"",B329<500000,""M2"",B329<1000000,""G1"",B329>1000000,""G2"")","=VLOOKUP(C329,Controle!A$2:H$9,8,FALSE)","=VLOOKUP(C329,Controle!A$16:H$23,8,FALSE)","=VLOOKUP(A329,Educacional!A$2:P$405,16,FALSE)","=VLOOKUP(A329,Demográfico!A$2:L$405,12,FALSE)","=VLOOKUP(A329,Socioeconômico!A$2:M$405,13,FALSE)",=(2*F329+G329+2*H329)/5/100,"=VLOOKUP(A329,Demográfico!A$2:E$400,5,FALSE)/(VLOOKUP(C329,Controle!A$2:G$9,7,FALSE))*D329","=VLOOKUP(A329,Demográfico!A$2:E$400,5,FALSE)/(VLOOKUP(C329,Controle!A$16:G$24,7,FALSE))*E329",=((J329*(1+I329))+3*(I329+K329))/4,0,"=VLOOKUP(A329,Demográfico!A$2:E$400,5,FALSE)*I329","=FLOOR(L329,1)",=L329-O329,"=RANK(P329,P$2:P$400,0)","=O329+IF(Q329<Q$1,1,0)",,"=VLOOKUP(A329,Demográfico!A$2:E$400,5,FALSE)*(I329)"
Porto Amazonas,4098,"=_xlfn.IFS(B330<20000, ""P1"",B330<40000, ""P2"",B330<70000, ""P3"",B330<100000, ""P4"",B330<200000,""M1"",B330<500000,""M2"",B330<1000000,""G1"",B330>1000000,""G2"")","=VLOOKUP(C330,Controle!A$2:H$9,8,FALSE)","=VLOOKUP(C330,Controle!A$16:H$23,8,FALSE)","=VLOOKUP(A330,Educacional!A$2:P$405,16,FALSE)","=VLOOKUP(A330,Demográfico!A$2:L$405,12,FALSE)","=VLOOKUP(A330,Socioeconômico!A$2:M$405,13,FALSE)",=(2*F330+G330+2*H330)/5/100,"=VLOOKUP(A330,Demográfico!A$2:E$400,5,FALSE)/(VLOOKUP(C330,Controle!A$2:G$9,7,FALSE))*D330","=VLOOKUP(A330,Demográfico!A$2:E$400,5,FALSE)/(VLOOKUP(C330,Controle!A$16:G$24,7,FALSE))*E330",=((J330*(1+I330))+3*(I330+K330))/4,0,"=VLOOKUP(A330,Demográfico!A$2:E$400,5,FALSE)*I330","=FLOOR(L330,1)",=L330-O330,"=RANK(P330,P$2:P$400,0)","=O330+IF(Q330<Q$1,1,0)",,"=VLOOKUP(A330,Demográfico!A$2:E$400,5,FALSE)*(I330)"
Salgado Filho,4075,"=_xlfn.IFS(B331<20000, ""P1"",B331<40000, ""P2"",B331<70000, ""P3"",B331<100000, ""P4"",B331<200000,""M1"",B331<500000,""M2"",B331<1000000,""G1"",B331>1000000,""G2"")","=VLOOKUP(C331,Controle!A$2:H$9,8,FALSE)","=VLOOKUP(C331,Controle!A$16:H$23,8,FALSE)","=VLOOKUP(A331,Educacional!A$2:P$405,16,FALSE)","=VLOOKUP(A331,Demográfico!A$2:L$405,12,FALSE)","=VLOOKUP(A331,Socioeconômico!A$2:M$405,13,FALSE)",=(2*F331+G331+2*H331)/5/100,"=VLOOKUP(A331,Demográfico!A$2:E$400,5,FALSE)/(VLOOKUP(C331,Controle!A$2:G$9,7,FALSE))*D331","=VLOOKUP(A331,Demográfico!A$2:E$400,5,FALSE)/(VLOOKUP(C331,Controle!A$16:G$24,7,FALSE))*E331",=((J331*(1+I331))+3*(I331+K331))/4,0,"=VLOOKUP(A331,Demográfico!A$2:E$400,5,FALSE)*I331","=FLOOR(L331,1)",=L331-O331,"=RANK(P331,P$2:P$400,0)","=O331+IF(Q331<Q$1,1,0)",,"=VLOOKUP(A331,Demográfico!A$2:E$400,5,FALSE)*(I331)"
Planaltina do Paraná,4070,"=_xlfn.IFS(B332<20000, ""P1"",B332<40000, ""P2"",B332<70000, ""P3"",B332<100000, ""P4"",B332<200000,""M1"",B332<500000,""M2"",B332<1000000,""G1"",B332>1000000,""G2"")","=VLOOKUP(C332,Controle!A$2:H$9,8,FALSE)","=VLOOKUP(C332,Controle!A$16:H$23,8,FALSE)","=VLOOKUP(A332,Educacional!A$2:P$405,16,FALSE)","=VLOOKUP(A332,Demográfico!A$2:L$405,12,FALSE)","=VLOOKUP(A332,Socioeconômico!A$2:M$405,13,FALSE)",=(2*F332+G332+2*H332)/5/100,"=VLOOKUP(A332,Demográfico!A$2:E$400,5,FALSE)/(VLOOKUP(C332,Controle!A$2:G$9,7,FALSE))*D332","=VLOOKUP(A332,Demográfico!A$2:E$400,5,FALSE)/(VLOOKUP(C332,Controle!A$16:G$24,7,FALSE))*E332",=((J332*(1+I332))+3*(I332+K332))/4,1,"=VLOOKUP(A332,Demográfico!A$2:E$400,5,FALSE)*I332","=FLOOR(L332,1)",=L332-O332,"=RANK(P332,P$2:P$400,0)","=O332+IF(Q332<Q$1,1,0)",,"=VLOOKUP(A332,Demográfico!A$2:E$400,5,FALSE)*(I332)"
Bela Vista da Caroba,4031,"=_xlfn.IFS(B333<20000, ""P1"",B333<40000, ""P2"",B333<70000, ""P3"",B333<100000, ""P4"",B333<200000,""M1"",B333<500000,""M2"",B333<1000000,""G1"",B333>1000000,""G2"")","=VLOOKUP(C333,Controle!A$2:H$9,8,FALSE)","=VLOOKUP(C333,Controle!A$16:H$23,8,FALSE)","=VLOOKUP(A333,Educacional!A$2:P$405,16,FALSE)","=VLOOKUP(A333,Demográfico!A$2:L$405,12,FALSE)","=VLOOKUP(A333,Socioeconômico!A$2:M$405,13,FALSE)",=(2*F333+G333+2*H333)/5/100,"=VLOOKUP(A333,Demográfico!A$2:E$400,5,FALSE)/(VLOOKUP(C333,Controle!A$2:G$9,7,FALSE))*D333","=VLOOKUP(A333,Demográfico!A$2:E$400,5,FALSE)/(VLOOKUP(C333,Controle!A$16:G$24,7,FALSE))*E333",=((J333*(1+I333))+3*(I333+K333))/4,1,"=VLOOKUP(A333,Demográfico!A$2:E$400,5,FALSE)*I333","=FLOOR(L333,1)",=L333-O333,"=RANK(P333,P$2:P$400,0)","=O333+IF(Q333<Q$1,1,0)",,"=VLOOKUP(A333,Demográfico!A$2:E$400,5,FALSE)*(I333)"
Campo Bonito,4027,"=_xlfn.IFS(B334<20000, ""P1"",B334<40000, ""P2"",B334<70000, ""P3"",B334<100000, ""P4"",B334<200000,""M1"",B334<500000,""M2"",B334<1000000,""G1"",B334>1000000,""G2"")","=VLOOKUP(C334,Controle!A$2:H$9,8,FALSE)","=VLOOKUP(C334,Controle!A$16:H$23,8,FALSE)","=VLOOKUP(A334,Educacional!A$2:P$405,16,FALSE)","=VLOOKUP(A334,Demográfico!A$2:L$405,12,FALSE)","=VLOOKUP(A334,Socioeconômico!A$2:M$405,13,FALSE)",=(2*F334+G334+2*H334)/5/100,"=VLOOKUP(A334,Demográfico!A$2:E$400,5,FALSE)/(VLOOKUP(C334,Controle!A$2:G$9,7,FALSE))*D334","=VLOOKUP(A334,Demográfico!A$2:E$400,5,FALSE)/(VLOOKUP(C334,Controle!A$16:G$24,7,FALSE))*E334",=((J334*(1+I334))+3*(I334+K334))/4,0,"=VLOOKUP(A334,Demográfico!A$2:E$400,5,FALSE)*I334","=FLOOR(L334,1)",=L334-O334,"=RANK(P334,P$2:P$400,0)","=O334+IF(Q334<Q$1,1,0)",,"=VLOOKUP(A334,Demográfico!A$2:E$400,5,FALSE)*(I334)"
Bom Jesus do Sul,3980,"=_xlfn.IFS(B335<20000, ""P1"",B335<40000, ""P2"",B335<70000, ""P3"",B335<100000, ""P4"",B335<200000,""M1"",B335<500000,""M2"",B335<1000000,""G1"",B335>1000000,""G2"")","=VLOOKUP(C335,Controle!A$2:H$9,8,FALSE)","=VLOOKUP(C335,Controle!A$16:H$23,8,FALSE)","=VLOOKUP(A335,Educacional!A$2:P$405,16,FALSE)","=VLOOKUP(A335,Demográfico!A$2:L$405,12,FALSE)","=VLOOKUP(A335,Socioeconômico!A$2:M$405,13,FALSE)",=(2*F335+G335+2*H335)/5/100,"=VLOOKUP(A335,Demográfico!A$2:E$400,5,FALSE)/(VLOOKUP(C335,Controle!A$2:G$9,7,FALSE))*D335","=VLOOKUP(A335,Demográfico!A$2:E$400,5,FALSE)/(VLOOKUP(C335,Controle!A$16:G$24,7,FALSE))*E335",=((J335*(1+I335))+3*(I335+K335))/4,0,"=VLOOKUP(A335,Demográfico!A$2:E$400,5,FALSE)*I335","=FLOOR(L335,1)",=L335-O335,"=RANK(P335,P$2:P$400,0)","=O335+IF(Q335<Q$1,1,0)",,"=VLOOKUP(A335,Demográfico!A$2:E$400,5,FALSE)*(I335)"
Atalaia,3980,"=_xlfn.IFS(B336<20000, ""P1"",B336<40000, ""P2"",B336<70000, ""P3"",B336<100000, ""P4"",B336<200000,""M1"",B336<500000,""M2"",B336<1000000,""G1"",B336>1000000,""G2"")","=VLOOKUP(C336,Controle!A$2:H$9,8,FALSE)","=VLOOKUP(C336,Controle!A$16:H$23,8,FALSE)","=VLOOKUP(A336,Educacional!A$2:P$405,16,FALSE)","=VLOOKUP(A336,Demográfico!A$2:L$405,12,FALSE)","=VLOOKUP(A336,Socioeconômico!A$2:M$405,13,FALSE)",=(2*F336+G336+2*H336)/5/100,"=VLOOKUP(A336,Demográfico!A$2:E$400,5,FALSE)/(VLOOKUP(C336,Controle!A$2:G$9,7,FALSE))*D336","=VLOOKUP(A336,Demográfico!A$2:E$400,5,FALSE)/(VLOOKUP(C336,Controle!A$16:G$24,7,FALSE))*E336",=((J336*(1+I336))+3*(I336+K336))/4,0,"=VLOOKUP(A336,Demográfico!A$2:E$400,5,FALSE)*I336","=FLOOR(L336,1)",=L336-O336,"=RANK(P336,P$2:P$400,0)","=O336+IF(Q336<Q$1,1,0)",,"=VLOOKUP(A336,Demográfico!A$2:E$400,5,FALSE)*(I336)"
São José das Palmeiras,3957,"=_xlfn.IFS(B337<20000, ""P1"",B337<40000, ""P2"",B337<70000, ""P3"",B337<100000, ""P4"",B337<200000,""M1"",B337<500000,""M2"",B337<1000000,""G1"",B337>1000000,""G2"")","=VLOOKUP(C337,Controle!A$2:H$9,8,FALSE)","=VLOOKUP(C337,Controle!A$16:H$23,8,FALSE)","=VLOOKUP(A337,Educacional!A$2:P$405,16,FALSE)","=VLOOKUP(A337,Demográfico!A$2:L$405,12,FALSE)","=VLOOKUP(A337,Socioeconômico!A$2:M$405,13,FALSE)",=(2*F337+G337+2*H337)/5/100,"=VLOOKUP(A337,Demográfico!A$2:E$400,5,FALSE)/(VLOOKUP(C337,Controle!A$2:G$9,7,FALSE))*D337","=VLOOKUP(A337,Demográfico!A$2:E$400,5,FALSE)/(VLOOKUP(C337,Controle!A$16:G$24,7,FALSE))*E337",=((J337*(1+I337))+3*(I337+K337))/4,1,"=VLOOKUP(A337,Demográfico!A$2:E$400,5,FALSE)*I337","=FLOOR(L337,1)",=L337-O337,"=RANK(P337,P$2:P$400,0)","=O337+IF(Q337<Q$1,1,0)",,"=VLOOKUP(A337,Demográfico!A$2:E$400,5,FALSE)*(I337)"
Munhoz de Melo,3951,"=_xlfn.IFS(B338<20000, ""P1"",B338<40000, ""P2"",B338<70000, ""P3"",B338<100000, ""P4"",B338<200000,""M1"",B338<500000,""M2"",B338<1000000,""G1"",B338>1000000,""G2"")","=VLOOKUP(C338,Controle!A$2:H$9,8,FALSE)","=VLOOKUP(C338,Controle!A$16:H$23,8,FALSE)","=VLOOKUP(A338,Educacional!A$2:P$405,16,FALSE)","=VLOOKUP(A338,Demográfico!A$2:L$405,12,FALSE)","=VLOOKUP(A338,Socioeconômico!A$2:M$405,13,FALSE)",=(2*F338+G338+2*H338)/5/100,"=VLOOKUP(A338,Demográfico!A$2:E$400,5,FALSE)/(VLOOKUP(C338,Controle!A$2:G$9,7,FALSE))*D338","=VLOOKUP(A338,Demográfico!A$2:E$400,5,FALSE)/(VLOOKUP(C338,Controle!A$16:G$24,7,FALSE))*E338",=((J338*(1+I338))+3*(I338+K338))/4,0,"=VLOOKUP(A338,Demográfico!A$2:E$400,5,FALSE)*I338","=FLOOR(L338,1)",=L338-O338,"=RANK(P338,P$2:P$400,0)","=O338+IF(Q338<Q$1,1,0)",,"=VLOOKUP(A338,Demográfico!A$2:E$400,5,FALSE)*(I338)"
Lidianópolis,3938,"=_xlfn.IFS(B339<20000, ""P1"",B339<40000, ""P2"",B339<70000, ""P3"",B339<100000, ""P4"",B339<200000,""M1"",B339<500000,""M2"",B339<1000000,""G1"",B339>1000000,""G2"")","=VLOOKUP(C339,Controle!A$2:H$9,8,FALSE)","=VLOOKUP(C339,Controle!A$16:H$23,8,FALSE)","=VLOOKUP(A339,Educacional!A$2:P$405,16,FALSE)","=VLOOKUP(A339,Demográfico!A$2:L$405,12,FALSE)","=VLOOKUP(A339,Socioeconômico!A$2:M$405,13,FALSE)",=(2*F339+G339+2*H339)/5/100,"=VLOOKUP(A339,Demográfico!A$2:E$400,5,FALSE)/(VLOOKUP(C339,Controle!A$2:G$9,7,FALSE))*D339","=VLOOKUP(A339,Demográfico!A$2:E$400,5,FALSE)/(VLOOKUP(C339,Controle!A$16:G$24,7,FALSE))*E339",=((J339*(1+I339))+3*(I339+K339))/4,1,"=VLOOKUP(A339,Demográfico!A$2:E$400,5,FALSE)*I339","=FLOOR(L339,1)",=L339-O339,"=RANK(P339,P$2:P$400,0)","=O339+IF(Q339<Q$1,1,0)",,"=VLOOKUP(A339,Demográfico!A$2:E$400,5,FALSE)*(I339)"
Campina do Simão,3936,"=_xlfn.IFS(B340<20000, ""P1"",B340<40000, ""P2"",B340<70000, ""P3"",B340<100000, ""P4"",B340<200000,""M1"",B340<500000,""M2"",B340<1000000,""G1"",B340>1000000,""G2"")","=VLOOKUP(C340,Controle!A$2:H$9,8,FALSE)","=VLOOKUP(C340,Controle!A$16:H$23,8,FALSE)","=VLOOKUP(A340,Educacional!A$2:P$405,16,FALSE)","=VLOOKUP(A340,Demográfico!A$2:L$405,12,FALSE)","=VLOOKUP(A340,Socioeconômico!A$2:M$405,13,FALSE)",=(2*F340+G340+2*H340)/5/100,"=VLOOKUP(A340,Demográfico!A$2:E$400,5,FALSE)/(VLOOKUP(C340,Controle!A$2:G$9,7,FALSE))*D340","=VLOOKUP(A340,Demográfico!A$2:E$400,5,FALSE)/(VLOOKUP(C340,Controle!A$16:G$24,7,FALSE))*E340",=((J340*(1+I340))+3*(I340+K340))/4,1,"=VLOOKUP(A340,Demográfico!A$2:E$400,5,FALSE)*I340","=FLOOR(L340,1)",=L340-O340,"=RANK(P340,P$2:P$400,0)","=O340+IF(Q340<Q$1,1,0)",,"=VLOOKUP(A340,Demográfico!A$2:E$400,5,FALSE)*(I340)"
Virmond,3811,"=_xlfn.IFS(B341<20000, ""P1"",B341<40000, ""P2"",B341<70000, ""P3"",B341<100000, ""P4"",B341<200000,""M1"",B341<500000,""M2"",B341<1000000,""G1"",B341>1000000,""G2"")","=VLOOKUP(C341,Controle!A$2:H$9,8,FALSE)","=VLOOKUP(C341,Controle!A$16:H$23,8,FALSE)","=VLOOKUP(A341,Educacional!A$2:P$405,16,FALSE)","=VLOOKUP(A341,Demográfico!A$2:L$405,12,FALSE)","=VLOOKUP(A341,Socioeconômico!A$2:M$405,13,FALSE)",=(2*F341+G341+2*H341)/5/100,"=VLOOKUP(A341,Demográfico!A$2:E$400,5,FALSE)/(VLOOKUP(C341,Controle!A$2:G$9,7,FALSE))*D341","=VLOOKUP(A341,Demográfico!A$2:E$400,5,FALSE)/(VLOOKUP(C341,Controle!A$16:G$24,7,FALSE))*E341",=((J341*(1+I341))+3*(I341+K341))/4,1,"=VLOOKUP(A341,Demográfico!A$2:E$400,5,FALSE)*I341","=FLOOR(L341,1)",=L341-O341,"=RANK(P341,P$2:P$400,0)","=O341+IF(Q341<Q$1,1,0)",,"=VLOOKUP(A341,Demográfico!A$2:E$400,5,FALSE)*(I341)"
Rio Branco do Ivaí,3808,"=_xlfn.IFS(B342<20000, ""P1"",B342<40000, ""P2"",B342<70000, ""P3"",B342<100000, ""P4"",B342<200000,""M1"",B342<500000,""M2"",B342<1000000,""G1"",B342>1000000,""G2"")","=VLOOKUP(C342,Controle!A$2:H$9,8,FALSE)","=VLOOKUP(C342,Controle!A$16:H$23,8,FALSE)","=VLOOKUP(A342,Educacional!A$2:P$405,16,FALSE)","=VLOOKUP(A342,Demográfico!A$2:L$405,12,FALSE)","=VLOOKUP(A342,Socioeconômico!A$2:M$405,13,FALSE)",=(2*F342+G342+2*H342)/5/100,"=VLOOKUP(A342,Demográfico!A$2:E$400,5,FALSE)/(VLOOKUP(C342,Controle!A$2:G$9,7,FALSE))*D342","=VLOOKUP(A342,Demográfico!A$2:E$400,5,FALSE)/(VLOOKUP(C342,Controle!A$16:G$24,7,FALSE))*E342",=((J342*(1+I342))+3*(I342+K342))/4,1,"=VLOOKUP(A342,Demográfico!A$2:E$400,5,FALSE)*I342","=FLOOR(L342,1)",=L342-O342,"=RANK(P342,P$2:P$400,0)","=O342+IF(Q342<Q$1,1,0)",,"=VLOOKUP(A342,Demográfico!A$2:E$400,5,FALSE)*(I342)"
Corumbataí do Sul,3760,"=_xlfn.IFS(B343<20000, ""P1"",B343<40000, ""P2"",B343<70000, ""P3"",B343<100000, ""P4"",B343<200000,""M1"",B343<500000,""M2"",B343<1000000,""G1"",B343>1000000,""G2"")","=VLOOKUP(C343,Controle!A$2:H$9,8,FALSE)","=VLOOKUP(C343,Controle!A$16:H$23,8,FALSE)","=VLOOKUP(A343,Educacional!A$2:P$405,16,FALSE)","=VLOOKUP(A343,Demográfico!A$2:L$405,12,FALSE)","=VLOOKUP(A343,Socioeconômico!A$2:M$405,13,FALSE)",=(2*F343+G343+2*H343)/5/100,"=VLOOKUP(A343,Demográfico!A$2:E$400,5,FALSE)/(VLOOKUP(C343,Controle!A$2:G$9,7,FALSE))*D343","=VLOOKUP(A343,Demográfico!A$2:E$400,5,FALSE)/(VLOOKUP(C343,Controle!A$16:G$24,7,FALSE))*E343",=((J343*(1+I343))+3*(I343+K343))/4,0,"=VLOOKUP(A343,Demográfico!A$2:E$400,5,FALSE)*I343","=FLOOR(L343,1)",=L343-O343,"=RANK(P343,P$2:P$400,0)","=O343+IF(Q343<Q$1,1,0)",,"=VLOOKUP(A343,Demográfico!A$2:E$400,5,FALSE)*(I343)"
Leópolis,3752,"=_xlfn.IFS(B344<20000, ""P1"",B344<40000, ""P2"",B344<70000, ""P3"",B344<100000, ""P4"",B344<200000,""M1"",B344<500000,""M2"",B344<1000000,""G1"",B344>1000000,""G2"")","=VLOOKUP(C344,Controle!A$2:H$9,8,FALSE)","=VLOOKUP(C344,Controle!A$16:H$23,8,FALSE)","=VLOOKUP(A344,Educacional!A$2:P$405,16,FALSE)","=VLOOKUP(A344,Demográfico!A$2:L$405,12,FALSE)","=VLOOKUP(A344,Socioeconômico!A$2:M$405,13,FALSE)",=(2*F344+G344+2*H344)/5/100,"=VLOOKUP(A344,Demográfico!A$2:E$400,5,FALSE)/(VLOOKUP(C344,Controle!A$2:G$9,7,FALSE))*D344","=VLOOKUP(A344,Demográfico!A$2:E$400,5,FALSE)/(VLOOKUP(C344,Controle!A$16:G$24,7,FALSE))*E344",=((J344*(1+I344))+3*(I344+K344))/4,0,"=VLOOKUP(A344,Demográfico!A$2:E$400,5,FALSE)*I344","=FLOOR(L344,1)",=L344-O344,"=RANK(P344,P$2:P$400,0)","=O344+IF(Q344<Q$1,1,0)",,"=VLOOKUP(A344,Demográfico!A$2:E$400,5,FALSE)*(I344)"
Prado Ferreira,3709,"=_xlfn.IFS(B345<20000, ""P1"",B345<40000, ""P2"",B345<70000, ""P3"",B345<100000, ""P4"",B345<200000,""M1"",B345<500000,""M2"",B345<1000000,""G1"",B345>1000000,""G2"")","=VLOOKUP(C345,Controle!A$2:H$9,8,FALSE)","=VLOOKUP(C345,Controle!A$16:H$23,8,FALSE)","=VLOOKUP(A345,Educacional!A$2:P$405,16,FALSE)","=VLOOKUP(A345,Demográfico!A$2:L$405,12,FALSE)","=VLOOKUP(A345,Socioeconômico!A$2:M$405,13,FALSE)",=(2*F345+G345+2*H345)/5/100,"=VLOOKUP(A345,Demográfico!A$2:E$400,5,FALSE)/(VLOOKUP(C345,Controle!A$2:G$9,7,FALSE))*D345","=VLOOKUP(A345,Demográfico!A$2:E$400,5,FALSE)/(VLOOKUP(C345,Controle!A$16:G$24,7,FALSE))*E345",=((J345*(1+I345))+3*(I345+K345))/4,0,"=VLOOKUP(A345,Demográfico!A$2:E$400,5,FALSE)*I345","=FLOOR(L345,1)",=L345-O345,"=RANK(P345,P$2:P$400,0)","=O345+IF(Q345<Q$1,1,0)",,"=VLOOKUP(A345,Demográfico!A$2:E$400,5,FALSE)*(I345)"
Brasilândia do Sul,3708,"=_xlfn.IFS(B346<20000, ""P1"",B346<40000, ""P2"",B346<70000, ""P3"",B346<100000, ""P4"",B346<200000,""M1"",B346<500000,""M2"",B346<1000000,""G1"",B346>1000000,""G2"")","=VLOOKUP(C346,Controle!A$2:H$9,8,FALSE)","=VLOOKUP(C346,Controle!A$16:H$23,8,FALSE)","=VLOOKUP(A346,Educacional!A$2:P$405,16,FALSE)","=VLOOKUP(A346,Demográfico!A$2:L$405,12,FALSE)","=VLOOKUP(A346,Socioeconômico!A$2:M$405,13,FALSE)",=(2*F346+G346+2*H346)/5/100,"=VLOOKUP(A346,Demográfico!A$2:E$400,5,FALSE)/(VLOOKUP(C346,Controle!A$2:G$9,7,FALSE))*D346","=VLOOKUP(A346,Demográfico!A$2:E$400,5,FALSE)/(VLOOKUP(C346,Controle!A$16:G$24,7,FALSE))*E346",=((J346*(1+I346))+3*(I346+K346))/4,0,"=VLOOKUP(A346,Demográfico!A$2:E$400,5,FALSE)*I346","=FLOOR(L346,1)",=L346-O346,"=RANK(P346,P$2:P$400,0)","=O346+IF(Q346<Q$1,1,0)",,"=VLOOKUP(A346,Demográfico!A$2:E$400,5,FALSE)*(I346)"
Nossa Senhora das Graças,3669,"=_xlfn.IFS(B347<20000, ""P1"",B347<40000, ""P2"",B347<70000, ""P3"",B347<100000, ""P4"",B347<200000,""M1"",B347<500000,""M2"",B347<1000000,""G1"",B347>1000000,""G2"")","=VLOOKUP(C347,Controle!A$2:H$9,8,FALSE)","=VLOOKUP(C347,Controle!A$16:H$23,8,FALSE)","=VLOOKUP(A347,Educacional!A$2:P$405,16,FALSE)","=VLOOKUP(A347,Demográfico!A$2:L$405,12,FALSE)","=VLOOKUP(A347,Socioeconômico!A$2:M$405,13,FALSE)",=(2*F347+G347+2*H347)/5/100,"=VLOOKUP(A347,Demográfico!A$2:E$400,5,FALSE)/(VLOOKUP(C347,Controle!A$2:G$9,7,FALSE))*D347","=VLOOKUP(A347,Demográfico!A$2:E$400,5,FALSE)/(VLOOKUP(C347,Controle!A$16:G$24,7,FALSE))*E347",=((J347*(1+I347))+3*(I347+K347))/4,1,"=VLOOKUP(A347,Demográfico!A$2:E$400,5,FALSE)*I347","=FLOOR(L347,1)",=L347-O347,"=RANK(P347,P$2:P$400,0)","=O347+IF(Q347<Q$1,1,0)",,"=VLOOKUP(A347,Demográfico!A$2:E$400,5,FALSE)*(I347)"
Santa Lúcia,3644,"=_xlfn.IFS(B348<20000, ""P1"",B348<40000, ""P2"",B348<70000, ""P3"",B348<100000, ""P4"",B348<200000,""M1"",B348<500000,""M2"",B348<1000000,""G1"",B348>1000000,""G2"")","=VLOOKUP(C348,Controle!A$2:H$9,8,FALSE)","=VLOOKUP(C348,Controle!A$16:H$23,8,FALSE)","=VLOOKUP(A348,Educacional!A$2:P$405,16,FALSE)","=VLOOKUP(A348,Demográfico!A$2:L$405,12,FALSE)","=VLOOKUP(A348,Socioeconômico!A$2:M$405,13,FALSE)",=(2*F348+G348+2*H348)/5/100,"=VLOOKUP(A348,Demográfico!A$2:E$400,5,FALSE)/(VLOOKUP(C348,Controle!A$2:G$9,7,FALSE))*D348","=VLOOKUP(A348,Demográfico!A$2:E$400,5,FALSE)/(VLOOKUP(C348,Controle!A$16:G$24,7,FALSE))*E348",=((J348*(1+I348))+3*(I348+K348))/4,1,"=VLOOKUP(A348,Demográfico!A$2:E$400,5,FALSE)*I348","=FLOOR(L348,1)",=L348-O348,"=RANK(P348,P$2:P$400,0)","=O348+IF(Q348<Q$1,1,0)",,"=VLOOKUP(A348,Demográfico!A$2:E$400,5,FALSE)*(I348)"
Altamira do Paraná,3590,"=_xlfn.IFS(B349<20000, ""P1"",B349<40000, ""P2"",B349<70000, ""P3"",B349<100000, ""P4"",B349<200000,""M1"",B349<500000,""M2"",B349<1000000,""G1"",B349>1000000,""G2"")","=VLOOKUP(C349,Controle!A$2:H$9,8,FALSE)","=VLOOKUP(C349,Controle!A$16:H$23,8,FALSE)","=VLOOKUP(A349,Educacional!A$2:P$405,16,FALSE)","=VLOOKUP(A349,Demográfico!A$2:L$405,12,FALSE)","=VLOOKUP(A349,Socioeconômico!A$2:M$405,13,FALSE)",=(2*F349+G349+2*H349)/5/100,"=VLOOKUP(A349,Demográfico!A$2:E$400,5,FALSE)/(VLOOKUP(C349,Controle!A$2:G$9,7,FALSE))*D349","=VLOOKUP(A349,Demográfico!A$2:E$400,5,FALSE)/(VLOOKUP(C349,Controle!A$16:G$24,7,FALSE))*E349",=((J349*(1+I349))+3*(I349+K349))/4,1,"=VLOOKUP(A349,Demográfico!A$2:E$400,5,FALSE)*I349","=FLOOR(L349,1)",=L349-O349,"=RANK(P349,P$2:P$400,0)","=O349+IF(Q349<Q$1,1,0)",,"=VLOOKUP(A349,Demográfico!A$2:E$400,5,FALSE)*(I349)"
Itaúna do Sul,3572,"=_xlfn.IFS(B350<20000, ""P1"",B350<40000, ""P2"",B350<70000, ""P3"",B350<100000, ""P4"",B350<200000,""M1"",B350<500000,""M2"",B350<1000000,""G1"",B350>1000000,""G2"")","=VLOOKUP(C350,Controle!A$2:H$9,8,FALSE)","=VLOOKUP(C350,Controle!A$16:H$23,8,FALSE)","=VLOOKUP(A350,Educacional!A$2:P$405,16,FALSE)","=VLOOKUP(A350,Demográfico!A$2:L$405,12,FALSE)","=VLOOKUP(A350,Socioeconômico!A$2:M$405,13,FALSE)",=(2*F350+G350+2*H350)/5/100,"=VLOOKUP(A350,Demográfico!A$2:E$400,5,FALSE)/(VLOOKUP(C350,Controle!A$2:G$9,7,FALSE))*D350","=VLOOKUP(A350,Demográfico!A$2:E$400,5,FALSE)/(VLOOKUP(C350,Controle!A$16:G$24,7,FALSE))*E350",=((J350*(1+I350))+3*(I350+K350))/4,1,"=VLOOKUP(A350,Demográfico!A$2:E$400,5,FALSE)*I350","=FLOOR(L350,1)",=L350-O350,"=RANK(P350,P$2:P$400,0)","=O350+IF(Q350<Q$1,1,0)",,"=VLOOKUP(A350,Demográfico!A$2:E$400,5,FALSE)*(I350)"
Porto Vitória,3562,"=_xlfn.IFS(B351<20000, ""P1"",B351<40000, ""P2"",B351<70000, ""P3"",B351<100000, ""P4"",B351<200000,""M1"",B351<500000,""M2"",B351<1000000,""G1"",B351>1000000,""G2"")","=VLOOKUP(C351,Controle!A$2:H$9,8,FALSE)","=VLOOKUP(C351,Controle!A$16:H$23,8,FALSE)","=VLOOKUP(A351,Educacional!A$2:P$405,16,FALSE)","=VLOOKUP(A351,Demográfico!A$2:L$405,12,FALSE)","=VLOOKUP(A351,Socioeconômico!A$2:M$405,13,FALSE)",=(2*F351+G351+2*H351)/5/100,"=VLOOKUP(A351,Demográfico!A$2:E$400,5,FALSE)/(VLOOKUP(C351,Controle!A$2:G$9,7,FALSE))*D351","=VLOOKUP(A351,Demográfico!A$2:E$400,5,FALSE)/(VLOOKUP(C351,Controle!A$16:G$24,7,FALSE))*E351",=((J351*(1+I351))+3*(I351+K351))/4,1,"=VLOOKUP(A351,Demográfico!A$2:E$400,5,FALSE)*I351","=FLOOR(L351,1)",=L351-O351,"=RANK(P351,P$2:P$400,0)","=O351+IF(Q351<Q$1,1,0)",,"=VLOOKUP(A351,Demográfico!A$2:E$400,5,FALSE)*(I351)"
Arapuã,3527,"=_xlfn.IFS(B352<20000, ""P1"",B352<40000, ""P2"",B352<70000, ""P3"",B352<100000, ""P4"",B352<200000,""M1"",B352<500000,""M2"",B352<1000000,""G1"",B352>1000000,""G2"")","=VLOOKUP(C352,Controle!A$2:H$9,8,FALSE)","=VLOOKUP(C352,Controle!A$16:H$23,8,FALSE)","=VLOOKUP(A352,Educacional!A$2:P$405,16,FALSE)","=VLOOKUP(A352,Demográfico!A$2:L$405,12,FALSE)","=VLOOKUP(A352,Socioeconômico!A$2:M$405,13,FALSE)",=(2*F352+G352+2*H352)/5/100,"=VLOOKUP(A352,Demográfico!A$2:E$400,5,FALSE)/(VLOOKUP(C352,Controle!A$2:G$9,7,FALSE))*D352","=VLOOKUP(A352,Demográfico!A$2:E$400,5,FALSE)/(VLOOKUP(C352,Controle!A$16:G$24,7,FALSE))*E352",=((J352*(1+I352))+3*(I352+K352))/4,1,"=VLOOKUP(A352,Demográfico!A$2:E$400,5,FALSE)*I352","=FLOOR(L352,1)",=L352-O352,"=RANK(P352,P$2:P$400,0)","=O352+IF(Q352<Q$1,1,0)",,"=VLOOKUP(A352,Demográfico!A$2:E$400,5,FALSE)*(I352)"
Rancho Alegre,3512,"=_xlfn.IFS(B353<20000, ""P1"",B353<40000, ""P2"",B353<70000, ""P3"",B353<100000, ""P4"",B353<200000,""M1"",B353<500000,""M2"",B353<1000000,""G1"",B353>1000000,""G2"")","=VLOOKUP(C353,Controle!A$2:H$9,8,FALSE)","=VLOOKUP(C353,Controle!A$16:H$23,8,FALSE)","=VLOOKUP(A353,Educacional!A$2:P$405,16,FALSE)","=VLOOKUP(A353,Demográfico!A$2:L$405,12,FALSE)","=VLOOKUP(A353,Socioeconômico!A$2:M$405,13,FALSE)",=(2*F353+G353+2*H353)/5/100,"=VLOOKUP(A353,Demográfico!A$2:E$400,5,FALSE)/(VLOOKUP(C353,Controle!A$2:G$9,7,FALSE))*D353","=VLOOKUP(A353,Demográfico!A$2:E$400,5,FALSE)/(VLOOKUP(C353,Controle!A$16:G$24,7,FALSE))*E353",=((J353*(1+I353))+3*(I353+K353))/4,0,"=VLOOKUP(A353,Demográfico!A$2:E$400,5,FALSE)*I353","=FLOOR(L353,1)",=L353-O353,"=RANK(P353,P$2:P$400,0)","=O353+IF(Q353<Q$1,1,0)",,"=VLOOKUP(A353,Demográfico!A$2:E$400,5,FALSE)*(I353)"
Conselheiro Mairinck,3461,"=_xlfn.IFS(B354<20000, ""P1"",B354<40000, ""P2"",B354<70000, ""P3"",B354<100000, ""P4"",B354<200000,""M1"",B354<500000,""M2"",B354<1000000,""G1"",B354>1000000,""G2"")","=VLOOKUP(C354,Controle!A$2:H$9,8,FALSE)","=VLOOKUP(C354,Controle!A$16:H$23,8,FALSE)","=VLOOKUP(A354,Educacional!A$2:P$405,16,FALSE)","=VLOOKUP(A354,Demográfico!A$2:L$405,12,FALSE)","=VLOOKUP(A354,Socioeconômico!A$2:M$405,13,FALSE)",=(2*F354+G354+2*H354)/5/100,"=VLOOKUP(A354,Demográfico!A$2:E$400,5,FALSE)/(VLOOKUP(C354,Controle!A$2:G$9,7,FALSE))*D354","=VLOOKUP(A354,Demográfico!A$2:E$400,5,FALSE)/(VLOOKUP(C354,Controle!A$16:G$24,7,FALSE))*E354",=((J354*(1+I354))+3*(I354+K354))/4,0,"=VLOOKUP(A354,Demográfico!A$2:E$400,5,FALSE)*I354","=FLOOR(L354,1)",=L354-O354,"=RANK(P354,P$2:P$400,0)","=O354+IF(Q354<Q$1,1,0)",,"=VLOOKUP(A354,Demográfico!A$2:E$400,5,FALSE)*(I354)"
Sulina,3440,"=_xlfn.IFS(B355<20000, ""P1"",B355<40000, ""P2"",B355<70000, ""P3"",B355<100000, ""P4"",B355<200000,""M1"",B355<500000,""M2"",B355<1000000,""G1"",B355>1000000,""G2"")","=VLOOKUP(C355,Controle!A$2:H$9,8,FALSE)","=VLOOKUP(C355,Controle!A$16:H$23,8,FALSE)","=VLOOKUP(A355,Educacional!A$2:P$405,16,FALSE)","=VLOOKUP(A355,Demográfico!A$2:L$405,12,FALSE)","=VLOOKUP(A355,Socioeconômico!A$2:M$405,13,FALSE)",=(2*F355+G355+2*H355)/5/100,"=VLOOKUP(A355,Demográfico!A$2:E$400,5,FALSE)/(VLOOKUP(C355,Controle!A$2:G$9,7,FALSE))*D355","=VLOOKUP(A355,Demográfico!A$2:E$400,5,FALSE)/(VLOOKUP(C355,Controle!A$16:G$24,7,FALSE))*E355",=((J355*(1+I355))+3*(I355+K355))/4,1,"=VLOOKUP(A355,Demográfico!A$2:E$400,5,FALSE)*I355","=FLOOR(L355,1)",=L355-O355,"=RANK(P355,P$2:P$400,0)","=O355+IF(Q355<Q$1,1,0)",,"=VLOOKUP(A355,Demográfico!A$2:E$400,5,FALSE)*(I355)"
Santa Amélia,3394,"=_xlfn.IFS(B356<20000, ""P1"",B356<40000, ""P2"",B356<70000, ""P3"",B356<100000, ""P4"",B356<200000,""M1"",B356<500000,""M2"",B356<1000000,""G1"",B356>1000000,""G2"")","=VLOOKUP(C356,Controle!A$2:H$9,8,FALSE)","=VLOOKUP(C356,Controle!A$16:H$23,8,FALSE)","=VLOOKUP(A356,Educacional!A$2:P$405,16,FALSE)","=VLOOKUP(A356,Demográfico!A$2:L$405,12,FALSE)","=VLOOKUP(A356,Socioeconômico!A$2:M$405,13,FALSE)",=(2*F356+G356+2*H356)/5/100,"=VLOOKUP(A356,Demográfico!A$2:E$400,5,FALSE)/(VLOOKUP(C356,Controle!A$2:G$9,7,FALSE))*D356","=VLOOKUP(A356,Demográfico!A$2:E$400,5,FALSE)/(VLOOKUP(C356,Controle!A$16:G$24,7,FALSE))*E356",=((J356*(1+I356))+3*(I356+K356))/4,0,"=VLOOKUP(A356,Demográfico!A$2:E$400,5,FALSE)*I356","=FLOOR(L356,1)",=L356-O356,"=RANK(P356,P$2:P$400,0)","=O356+IF(Q356<Q$1,1,0)",,"=VLOOKUP(A356,Demográfico!A$2:E$400,5,FALSE)*(I356)"
Santa Cecília do Pavão,3365,"=_xlfn.IFS(B357<20000, ""P1"",B357<40000, ""P2"",B357<70000, ""P3"",B357<100000, ""P4"",B357<200000,""M1"",B357<500000,""M2"",B357<1000000,""G1"",B357>1000000,""G2"")","=VLOOKUP(C357,Controle!A$2:H$9,8,FALSE)","=VLOOKUP(C357,Controle!A$16:H$23,8,FALSE)","=VLOOKUP(A357,Educacional!A$2:P$405,16,FALSE)","=VLOOKUP(A357,Demográfico!A$2:L$405,12,FALSE)","=VLOOKUP(A357,Socioeconômico!A$2:M$405,13,FALSE)",=(2*F357+G357+2*H357)/5/100,"=VLOOKUP(A357,Demográfico!A$2:E$400,5,FALSE)/(VLOOKUP(C357,Controle!A$2:G$9,7,FALSE))*D357","=VLOOKUP(A357,Demográfico!A$2:E$400,5,FALSE)/(VLOOKUP(C357,Controle!A$16:G$24,7,FALSE))*E357",=((J357*(1+I357))+3*(I357+K357))/4,0,"=VLOOKUP(A357,Demográfico!A$2:E$400,5,FALSE)*I357","=FLOOR(L357,1)",=L357-O357,"=RANK(P357,P$2:P$400,0)","=O357+IF(Q357<Q$1,1,0)",,"=VLOOKUP(A357,Demográfico!A$2:E$400,5,FALSE)*(I357)"
Santa Mônica,3356,"=_xlfn.IFS(B358<20000, ""P1"",B358<40000, ""P2"",B358<70000, ""P3"",B358<100000, ""P4"",B358<200000,""M1"",B358<500000,""M2"",B358<1000000,""G1"",B358>1000000,""G2"")","=VLOOKUP(C358,Controle!A$2:H$9,8,FALSE)","=VLOOKUP(C358,Controle!A$16:H$23,8,FALSE)","=VLOOKUP(A358,Educacional!A$2:P$405,16,FALSE)","=VLOOKUP(A358,Demográfico!A$2:L$405,12,FALSE)","=VLOOKUP(A358,Socioeconômico!A$2:M$405,13,FALSE)",=(2*F358+G358+2*H358)/5/100,"=VLOOKUP(A358,Demográfico!A$2:E$400,5,FALSE)/(VLOOKUP(C358,Controle!A$2:G$9,7,FALSE))*D358","=VLOOKUP(A358,Demográfico!A$2:E$400,5,FALSE)/(VLOOKUP(C358,Controle!A$16:G$24,7,FALSE))*E358",=((J358*(1+I358))+3*(I358+K358))/4,0,"=VLOOKUP(A358,Demográfico!A$2:E$400,5,FALSE)*I358","=FLOOR(L358,1)",=L358-O358,"=RANK(P358,P$2:P$400,0)","=O358+IF(Q358<Q$1,1,0)",,"=VLOOKUP(A358,Demográfico!A$2:E$400,5,FALSE)*(I358)"
Jundiaí do Sul,3333,"=_xlfn.IFS(B359<20000, ""P1"",B359<40000, ""P2"",B359<70000, ""P3"",B359<100000, ""P4"",B359<200000,""M1"",B359<500000,""M2"",B359<1000000,""G1"",B359>1000000,""G2"")","=VLOOKUP(C359,Controle!A$2:H$9,8,FALSE)","=VLOOKUP(C359,Controle!A$16:H$23,8,FALSE)","=VLOOKUP(A359,Educacional!A$2:P$405,16,FALSE)","=VLOOKUP(A359,Demográfico!A$2:L$405,12,FALSE)","=VLOOKUP(A359,Socioeconômico!A$2:M$405,13,FALSE)",=(2*F359+G359+2*H359)/5/100,"=VLOOKUP(A359,Demográfico!A$2:E$400,5,FALSE)/(VLOOKUP(C359,Controle!A$2:G$9,7,FALSE))*D359","=VLOOKUP(A359,Demográfico!A$2:E$400,5,FALSE)/(VLOOKUP(C359,Controle!A$16:G$24,7,FALSE))*E359",=((J359*(1+I359))+3*(I359+K359))/4,0,"=VLOOKUP(A359,Demográfico!A$2:E$400,5,FALSE)*I359","=FLOOR(L359,1)",=L359-O359,"=RANK(P359,P$2:P$400,0)","=O359+IF(Q359<Q$1,1,0)",,"=VLOOKUP(A359,Demográfico!A$2:E$400,5,FALSE)*(I359)"
Nova América da Colina,3280,"=_xlfn.IFS(B360<20000, ""P1"",B360<40000, ""P2"",B360<70000, ""P3"",B360<100000, ""P4"",B360<200000,""M1"",B360<500000,""M2"",B360<1000000,""G1"",B360>1000000,""G2"")","=VLOOKUP(C360,Controle!A$2:H$9,8,FALSE)","=VLOOKUP(C360,Controle!A$16:H$23,8,FALSE)","=VLOOKUP(A360,Educacional!A$2:P$405,16,FALSE)","=VLOOKUP(A360,Demográfico!A$2:L$405,12,FALSE)","=VLOOKUP(A360,Socioeconômico!A$2:M$405,13,FALSE)",=(2*F360+G360+2*H360)/5/100,"=VLOOKUP(A360,Demográfico!A$2:E$400,5,FALSE)/(VLOOKUP(C360,Controle!A$2:G$9,7,FALSE))*D360","=VLOOKUP(A360,Demográfico!A$2:E$400,5,FALSE)/(VLOOKUP(C360,Controle!A$16:G$24,7,FALSE))*E360",=((J360*(1+I360))+3*(I360+K360))/4,0,"=VLOOKUP(A360,Demográfico!A$2:E$400,5,FALSE)*I360","=FLOOR(L360,1)",=L360-O360,"=RANK(P360,P$2:P$400,0)","=O360+IF(Q360<Q$1,1,0)",,"=VLOOKUP(A360,Demográfico!A$2:E$400,5,FALSE)*(I360)"
Mato Rico,3267,"=_xlfn.IFS(B361<20000, ""P1"",B361<40000, ""P2"",B361<70000, ""P3"",B361<100000, ""P4"",B361<200000,""M1"",B361<500000,""M2"",B361<1000000,""G1"",B361>1000000,""G2"")","=VLOOKUP(C361,Controle!A$2:H$9,8,FALSE)","=VLOOKUP(C361,Controle!A$16:H$23,8,FALSE)","=VLOOKUP(A361,Educacional!A$2:P$405,16,FALSE)","=VLOOKUP(A361,Demográfico!A$2:L$405,12,FALSE)","=VLOOKUP(A361,Socioeconômico!A$2:M$405,13,FALSE)",=(2*F361+G361+2*H361)/5/100,"=VLOOKUP(A361,Demográfico!A$2:E$400,5,FALSE)/(VLOOKUP(C361,Controle!A$2:G$9,7,FALSE))*D361","=VLOOKUP(A361,Demográfico!A$2:E$400,5,FALSE)/(VLOOKUP(C361,Controle!A$16:G$24,7,FALSE))*E361",=((J361*(1+I361))+3*(I361+K361))/4,1,"=VLOOKUP(A361,Demográfico!A$2:E$400,5,FALSE)*I361","=FLOOR(L361,1)",=L361-O361,"=RANK(P361,P$2:P$400,0)","=O361+IF(Q361<Q$1,1,0)",,"=VLOOKUP(A361,Demográfico!A$2:E$400,5,FALSE)*(I361)"
Ângulo,3235,"=_xlfn.IFS(B362<20000, ""P1"",B362<40000, ""P2"",B362<70000, ""P3"",B362<100000, ""P4"",B362<200000,""M1"",B362<500000,""M2"",B362<1000000,""G1"",B362>1000000,""G2"")","=VLOOKUP(C362,Controle!A$2:H$9,8,FALSE)","=VLOOKUP(C362,Controle!A$16:H$23,8,FALSE)","=VLOOKUP(A362,Educacional!A$2:P$405,16,FALSE)","=VLOOKUP(A362,Demográfico!A$2:L$405,12,FALSE)","=VLOOKUP(A362,Socioeconômico!A$2:M$405,13,FALSE)",=(2*F362+G362+2*H362)/5/100,"=VLOOKUP(A362,Demográfico!A$2:E$400,5,FALSE)/(VLOOKUP(C362,Controle!A$2:G$9,7,FALSE))*D362","=VLOOKUP(A362,Demográfico!A$2:E$400,5,FALSE)/(VLOOKUP(C362,Controle!A$16:G$24,7,FALSE))*E362",=((J362*(1+I362))+3*(I362+K362))/4,0,"=VLOOKUP(A362,Demográfico!A$2:E$400,5,FALSE)*I362","=FLOOR(L362,1)",=L362-O362,"=RANK(P362,P$2:P$400,0)","=O362+IF(Q362<Q$1,1,0)",,"=VLOOKUP(A362,Demográfico!A$2:E$400,5,FALSE)*(I362)"
Bom Sucesso do Sul,3202,"=_xlfn.IFS(B363<20000, ""P1"",B363<40000, ""P2"",B363<70000, ""P3"",B363<100000, ""P4"",B363<200000,""M1"",B363<500000,""M2"",B363<1000000,""G1"",B363>1000000,""G2"")","=VLOOKUP(C363,Controle!A$2:H$9,8,FALSE)","=VLOOKUP(C363,Controle!A$16:H$23,8,FALSE)","=VLOOKUP(A363,Educacional!A$2:P$405,16,FALSE)","=VLOOKUP(A363,Demográfico!A$2:L$405,12,FALSE)","=VLOOKUP(A363,Socioeconômico!A$2:M$405,13,FALSE)",=(2*F363+G363+2*H363)/5/100,"=VLOOKUP(A363,Demográfico!A$2:E$400,5,FALSE)/(VLOOKUP(C363,Controle!A$2:G$9,7,FALSE))*D363","=VLOOKUP(A363,Demográfico!A$2:E$400,5,FALSE)/(VLOOKUP(C363,Controle!A$16:G$24,7,FALSE))*E363",=((J363*(1+I363))+3*(I363+K363))/4,0,"=VLOOKUP(A363,Demográfico!A$2:E$400,5,FALSE)*I363","=FLOOR(L363,1)",=L363-O363,"=RANK(P363,P$2:P$400,0)","=O363+IF(Q363<Q$1,1,0)",,"=VLOOKUP(A363,Demográfico!A$2:E$400,5,FALSE)*(I363)"
Rio Bom,3197,"=_xlfn.IFS(B364<20000, ""P1"",B364<40000, ""P2"",B364<70000, ""P3"",B364<100000, ""P4"",B364<200000,""M1"",B364<500000,""M2"",B364<1000000,""G1"",B364>1000000,""G2"")","=VLOOKUP(C364,Controle!A$2:H$9,8,FALSE)","=VLOOKUP(C364,Controle!A$16:H$23,8,FALSE)","=VLOOKUP(A364,Educacional!A$2:P$405,16,FALSE)","=VLOOKUP(A364,Demográfico!A$2:L$405,12,FALSE)","=VLOOKUP(A364,Socioeconômico!A$2:M$405,13,FALSE)",=(2*F364+G364+2*H364)/5/100,"=VLOOKUP(A364,Demográfico!A$2:E$400,5,FALSE)/(VLOOKUP(C364,Controle!A$2:G$9,7,FALSE))*D364","=VLOOKUP(A364,Demográfico!A$2:E$400,5,FALSE)/(VLOOKUP(C364,Controle!A$16:G$24,7,FALSE))*E364",=((J364*(1+I364))+3*(I364+K364))/4,0,"=VLOOKUP(A364,Demográfico!A$2:E$400,5,FALSE)*I364","=FLOOR(L364,1)",=L364-O364,"=RANK(P364,P$2:P$400,0)","=O364+IF(Q364<Q$1,1,0)",,"=VLOOKUP(A364,Demográfico!A$2:E$400,5,FALSE)*(I364)"
Ourizona,3187,"=_xlfn.IFS(B365<20000, ""P1"",B365<40000, ""P2"",B365<70000, ""P3"",B365<100000, ""P4"",B365<200000,""M1"",B365<500000,""M2"",B365<1000000,""G1"",B365>1000000,""G2"")","=VLOOKUP(C365,Controle!A$2:H$9,8,FALSE)","=VLOOKUP(C365,Controle!A$16:H$23,8,FALSE)","=VLOOKUP(A365,Educacional!A$2:P$405,16,FALSE)","=VLOOKUP(A365,Demográfico!A$2:L$405,12,FALSE)","=VLOOKUP(A365,Socioeconômico!A$2:M$405,13,FALSE)",=(2*F365+G365+2*H365)/5/100,"=VLOOKUP(A365,Demográfico!A$2:E$400,5,FALSE)/(VLOOKUP(C365,Controle!A$2:G$9,7,FALSE))*D365","=VLOOKUP(A365,Demográfico!A$2:E$400,5,FALSE)/(VLOOKUP(C365,Controle!A$16:G$24,7,FALSE))*E365",=((J365*(1+I365))+3*(I365+K365))/4,0,"=VLOOKUP(A365,Demográfico!A$2:E$400,5,FALSE)*I365","=FLOOR(L365,1)",=L365-O365,"=RANK(P365,P$2:P$400,0)","=O365+IF(Q365<Q$1,1,0)",,"=VLOOKUP(A365,Demográfico!A$2:E$400,5,FALSE)*(I365)"
Porto Rico,3182,"=_xlfn.IFS(B366<20000, ""P1"",B366<40000, ""P2"",B366<70000, ""P3"",B366<100000, ""P4"",B366<200000,""M1"",B366<500000,""M2"",B366<1000000,""G1"",B366>1000000,""G2"")","=VLOOKUP(C366,Controle!A$2:H$9,8,FALSE)","=VLOOKUP(C366,Controle!A$16:H$23,8,FALSE)","=VLOOKUP(A366,Educacional!A$2:P$405,16,FALSE)","=VLOOKUP(A366,Demográfico!A$2:L$405,12,FALSE)","=VLOOKUP(A366,Socioeconômico!A$2:M$405,13,FALSE)",=(2*F366+G366+2*H366)/5/100,"=VLOOKUP(A366,Demográfico!A$2:E$400,5,FALSE)/(VLOOKUP(C366,Controle!A$2:G$9,7,FALSE))*D366","=VLOOKUP(A366,Demográfico!A$2:E$400,5,FALSE)/(VLOOKUP(C366,Controle!A$16:G$24,7,FALSE))*E366",=((J366*(1+I366))+3*(I366+K366))/4,0,"=VLOOKUP(A366,Demográfico!A$2:E$400,5,FALSE)*I366","=FLOOR(L366,1)",=L366-O366,"=RANK(P366,P$2:P$400,0)","=O366+IF(Q366<Q$1,1,0)",,"=VLOOKUP(A366,Demográfico!A$2:E$400,5,FALSE)*(I366)"
Diamante do Sul,3171,"=_xlfn.IFS(B367<20000, ""P1"",B367<40000, ""P2"",B367<70000, ""P3"",B367<100000, ""P4"",B367<200000,""M1"",B367<500000,""M2"",B367<1000000,""G1"",B367>1000000,""G2"")","=VLOOKUP(C367,Controle!A$2:H$9,8,FALSE)","=VLOOKUP(C367,Controle!A$16:H$23,8,FALSE)","=VLOOKUP(A367,Educacional!A$2:P$405,16,FALSE)","=VLOOKUP(A367,Demográfico!A$2:L$405,12,FALSE)","=VLOOKUP(A367,Socioeconômico!A$2:M$405,13,FALSE)",=(2*F367+G367+2*H367)/5/100,"=VLOOKUP(A367,Demográfico!A$2:E$400,5,FALSE)/(VLOOKUP(C367,Controle!A$2:G$9,7,FALSE))*D367","=VLOOKUP(A367,Demográfico!A$2:E$400,5,FALSE)/(VLOOKUP(C367,Controle!A$16:G$24,7,FALSE))*E367",=((J367*(1+I367))+3*(I367+K367))/4,1,"=VLOOKUP(A367,Demográfico!A$2:E$400,5,FALSE)*I367","=FLOOR(L367,1)",=L367-O367,"=RANK(P367,P$2:P$400,0)","=O367+IF(Q367<Q$1,1,0)",,"=VLOOKUP(A367,Demográfico!A$2:E$400,5,FALSE)*(I367)"
Novo Itacolomi,3125,"=_xlfn.IFS(B368<20000, ""P1"",B368<40000, ""P2"",B368<70000, ""P3"",B368<100000, ""P4"",B368<200000,""M1"",B368<500000,""M2"",B368<1000000,""G1"",B368>1000000,""G2"")","=VLOOKUP(C368,Controle!A$2:H$9,8,FALSE)","=VLOOKUP(C368,Controle!A$16:H$23,8,FALSE)","=VLOOKUP(A368,Educacional!A$2:P$405,16,FALSE)","=VLOOKUP(A368,Demográfico!A$2:L$405,12,FALSE)","=VLOOKUP(A368,Socioeconômico!A$2:M$405,13,FALSE)",=(2*F368+G368+2*H368)/5/100,"=VLOOKUP(A368,Demográfico!A$2:E$400,5,FALSE)/(VLOOKUP(C368,Controle!A$2:G$9,7,FALSE))*D368","=VLOOKUP(A368,Demográfico!A$2:E$400,5,FALSE)/(VLOOKUP(C368,Controle!A$16:G$24,7,FALSE))*E368",=((J368*(1+I368))+3*(I368+K368))/4,0,"=VLOOKUP(A368,Demográfico!A$2:E$400,5,FALSE)*I368","=FLOOR(L368,1)",=L368-O368,"=RANK(P368,P$2:P$400,0)","=O368+IF(Q368<Q$1,1,0)",,"=VLOOKUP(A368,Demográfico!A$2:E$400,5,FALSE)*(I368)"
Porto Barreiro,3110,"=_xlfn.IFS(B369<20000, ""P1"",B369<40000, ""P2"",B369<70000, ""P3"",B369<100000, ""P4"",B369<200000,""M1"",B369<500000,""M2"",B369<1000000,""G1"",B369>1000000,""G2"")","=VLOOKUP(C369,Controle!A$2:H$9,8,FALSE)","=VLOOKUP(C369,Controle!A$16:H$23,8,FALSE)","=VLOOKUP(A369,Educacional!A$2:P$405,16,FALSE)","=VLOOKUP(A369,Demográfico!A$2:L$405,12,FALSE)","=VLOOKUP(A369,Socioeconômico!A$2:M$405,13,FALSE)",=(2*F369+G369+2*H369)/5/100,"=VLOOKUP(A369,Demográfico!A$2:E$400,5,FALSE)/(VLOOKUP(C369,Controle!A$2:G$9,7,FALSE))*D369","=VLOOKUP(A369,Demográfico!A$2:E$400,5,FALSE)/(VLOOKUP(C369,Controle!A$16:G$24,7,FALSE))*E369",=((J369*(1+I369))+3*(I369+K369))/4,1,"=VLOOKUP(A369,Demográfico!A$2:E$400,5,FALSE)*I369","=FLOOR(L369,1)",=L369-O369,"=RANK(P369,P$2:P$400,0)","=O369+IF(Q369<Q$1,1,0)",,"=VLOOKUP(A369,Demográfico!A$2:E$400,5,FALSE)*(I369)"
Alto Paraíso,3055,"=_xlfn.IFS(B370<20000, ""P1"",B370<40000, ""P2"",B370<70000, ""P3"",B370<100000, ""P4"",B370<200000,""M1"",B370<500000,""M2"",B370<1000000,""G1"",B370>1000000,""G2"")","=VLOOKUP(C370,Controle!A$2:H$9,8,FALSE)","=VLOOKUP(C370,Controle!A$16:H$23,8,FALSE)","=VLOOKUP(A370,Educacional!A$2:P$405,16,FALSE)","=VLOOKUP(A370,Demográfico!A$2:L$405,12,FALSE)","=VLOOKUP(A370,Socioeconômico!A$2:M$405,13,FALSE)",=(2*F370+G370+2*H370)/5/100,"=VLOOKUP(A370,Demográfico!A$2:E$400,5,FALSE)/(VLOOKUP(C370,Controle!A$2:G$9,7,FALSE))*D370","=VLOOKUP(A370,Demográfico!A$2:E$400,5,FALSE)/(VLOOKUP(C370,Controle!A$16:G$24,7,FALSE))*E370",=((J370*(1+I370))+3*(I370+K370))/4,0,"=VLOOKUP(A370,Demográfico!A$2:E$400,5,FALSE)*I370","=FLOOR(L370,1)",=L370-O370,"=RANK(P370,P$2:P$400,0)","=O370+IF(Q370<Q$1,1,0)",,"=VLOOKUP(A370,Demográfico!A$2:E$400,5,FALSE)*(I370)"
Pitangueiras,3046,"=_xlfn.IFS(B371<20000, ""P1"",B371<40000, ""P2"",B371<70000, ""P3"",B371<100000, ""P4"",B371<200000,""M1"",B371<500000,""M2"",B371<1000000,""G1"",B371>1000000,""G2"")","=VLOOKUP(C371,Controle!A$2:H$9,8,FALSE)","=VLOOKUP(C371,Controle!A$16:H$23,8,FALSE)","=VLOOKUP(A371,Educacional!A$2:P$405,16,FALSE)","=VLOOKUP(A371,Demográfico!A$2:L$405,12,FALSE)","=VLOOKUP(A371,Socioeconômico!A$2:M$405,13,FALSE)",=(2*F371+G371+2*H371)/5/100,"=VLOOKUP(A371,Demográfico!A$2:E$400,5,FALSE)/(VLOOKUP(C371,Controle!A$2:G$9,7,FALSE))*D371","=VLOOKUP(A371,Demográfico!A$2:E$400,5,FALSE)/(VLOOKUP(C371,Controle!A$16:G$24,7,FALSE))*E371",=((J371*(1+I371))+3*(I371+K371))/4,0,"=VLOOKUP(A371,Demográfico!A$2:E$400,5,FALSE)*I371","=FLOOR(L371,1)",=L371-O371,"=RANK(P371,P$2:P$400,0)","=O371+IF(Q371<Q$1,1,0)",,"=VLOOKUP(A371,Demográfico!A$2:E$400,5,FALSE)*(I371)"
Farol,3039,"=_xlfn.IFS(B372<20000, ""P1"",B372<40000, ""P2"",B372<70000, ""P3"",B372<100000, ""P4"",B372<200000,""M1"",B372<500000,""M2"",B372<1000000,""G1"",B372>1000000,""G2"")","=VLOOKUP(C372,Controle!A$2:H$9,8,FALSE)","=VLOOKUP(C372,Controle!A$16:H$23,8,FALSE)","=VLOOKUP(A372,Educacional!A$2:P$405,16,FALSE)","=VLOOKUP(A372,Demográfico!A$2:L$405,12,FALSE)","=VLOOKUP(A372,Socioeconômico!A$2:M$405,13,FALSE)",=(2*F372+G372+2*H372)/5/100,"=VLOOKUP(A372,Demográfico!A$2:E$400,5,FALSE)/(VLOOKUP(C372,Controle!A$2:G$9,7,FALSE))*D372","=VLOOKUP(A372,Demográfico!A$2:E$400,5,FALSE)/(VLOOKUP(C372,Controle!A$16:G$24,7,FALSE))*E372",=((J372*(1+I372))+3*(I372+K372))/4,1,"=VLOOKUP(A372,Demográfico!A$2:E$400,5,FALSE)*I372","=FLOOR(L372,1)",=L372-O372,"=RANK(P372,P$2:P$400,0)","=O372+IF(Q372<Q$1,1,0)",,"=VLOOKUP(A372,Demográfico!A$2:E$400,5,FALSE)*(I372)"
Godoy Moreira,2977,"=_xlfn.IFS(B373<20000, ""P1"",B373<40000, ""P2"",B373<70000, ""P3"",B373<100000, ""P4"",B373<200000,""M1"",B373<500000,""M2"",B373<1000000,""G1"",B373>1000000,""G2"")","=VLOOKUP(C373,Controle!A$2:H$9,8,FALSE)","=VLOOKUP(C373,Controle!A$16:H$23,8,FALSE)","=VLOOKUP(A373,Educacional!A$2:P$405,16,FALSE)","=VLOOKUP(A373,Demográfico!A$2:L$405,12,FALSE)","=VLOOKUP(A373,Socioeconômico!A$2:M$405,13,FALSE)",=(2*F373+G373+2*H373)/5/100,"=VLOOKUP(A373,Demográfico!A$2:E$400,5,FALSE)/(VLOOKUP(C373,Controle!A$2:G$9,7,FALSE))*D373","=VLOOKUP(A373,Demográfico!A$2:E$400,5,FALSE)/(VLOOKUP(C373,Controle!A$16:G$24,7,FALSE))*E373",=((J373*(1+I373))+3*(I373+K373))/4,0,"=VLOOKUP(A373,Demográfico!A$2:E$400,5,FALSE)*I373","=FLOOR(L373,1)",=L373-O373,"=RANK(P373,P$2:P$400,0)","=O373+IF(Q373<Q$1,1,0)",,"=VLOOKUP(A373,Demográfico!A$2:E$400,5,FALSE)*(I373)"
Anahy,2918,"=_xlfn.IFS(B374<20000, ""P1"",B374<40000, ""P2"",B374<70000, ""P3"",B374<100000, ""P4"",B374<200000,""M1"",B374<500000,""M2"",B374<1000000,""G1"",B374>1000000,""G2"")","=VLOOKUP(C374,Controle!A$2:H$9,8,FALSE)","=VLOOKUP(C374,Controle!A$16:H$23,8,FALSE)","=VLOOKUP(A374,Educacional!A$2:P$405,16,FALSE)","=VLOOKUP(A374,Demográfico!A$2:L$405,12,FALSE)","=VLOOKUP(A374,Socioeconômico!A$2:M$405,13,FALSE)",=(2*F374+G374+2*H374)/5/100,"=VLOOKUP(A374,Demográfico!A$2:E$400,5,FALSE)/(VLOOKUP(C374,Controle!A$2:G$9,7,FALSE))*D374","=VLOOKUP(A374,Demográfico!A$2:E$400,5,FALSE)/(VLOOKUP(C374,Controle!A$16:G$24,7,FALSE))*E374",=((J374*(1+I374))+3*(I374+K374))/4,0,"=VLOOKUP(A374,Demográfico!A$2:E$400,5,FALSE)*I374","=FLOOR(L374,1)",=L374-O374,"=RANK(P374,P$2:P$400,0)","=O374+IF(Q374<Q$1,1,0)",,"=VLOOKUP(A374,Demográfico!A$2:E$400,5,FALSE)*(I374)"
Cruzmaltina,2892,"=_xlfn.IFS(B375<20000, ""P1"",B375<40000, ""P2"",B375<70000, ""P3"",B375<100000, ""P4"",B375<200000,""M1"",B375<500000,""M2"",B375<1000000,""G1"",B375>1000000,""G2"")","=VLOOKUP(C375,Controle!A$2:H$9,8,FALSE)","=VLOOKUP(C375,Controle!A$16:H$23,8,FALSE)","=VLOOKUP(A375,Educacional!A$2:P$405,16,FALSE)","=VLOOKUP(A375,Demográfico!A$2:L$405,12,FALSE)","=VLOOKUP(A375,Socioeconômico!A$2:M$405,13,FALSE)",=(2*F375+G375+2*H375)/5/100,"=VLOOKUP(A375,Demográfico!A$2:E$400,5,FALSE)/(VLOOKUP(C375,Controle!A$2:G$9,7,FALSE))*D375","=VLOOKUP(A375,Demográfico!A$2:E$400,5,FALSE)/(VLOOKUP(C375,Controle!A$16:G$24,7,FALSE))*E375",=((J375*(1+I375))+3*(I375+K375))/4,1,"=VLOOKUP(A375,Demográfico!A$2:E$400,5,FALSE)*I375","=FLOOR(L375,1)",=L375-O375,"=RANK(P375,P$2:P$400,0)","=O375+IF(Q375<Q$1,1,0)",,"=VLOOKUP(A375,Demográfico!A$2:E$400,5,FALSE)*(I375)"
Barra do Jacaré,2814,"=_xlfn.IFS(B376<20000, ""P1"",B376<40000, ""P2"",B376<70000, ""P3"",B376<100000, ""P4"",B376<200000,""M1"",B376<500000,""M2"",B376<1000000,""G1"",B376>1000000,""G2"")","=VLOOKUP(C376,Controle!A$2:H$9,8,FALSE)","=VLOOKUP(C376,Controle!A$16:H$23,8,FALSE)","=VLOOKUP(A376,Educacional!A$2:P$405,16,FALSE)","=VLOOKUP(A376,Demográfico!A$2:L$405,12,FALSE)","=VLOOKUP(A376,Socioeconômico!A$2:M$405,13,FALSE)",=(2*F376+G376+2*H376)/5/100,"=VLOOKUP(A376,Demográfico!A$2:E$400,5,FALSE)/(VLOOKUP(C376,Controle!A$2:G$9,7,FALSE))*D376","=VLOOKUP(A376,Demográfico!A$2:E$400,5,FALSE)/(VLOOKUP(C376,Controle!A$16:G$24,7,FALSE))*E376",=((J376*(1+I376))+3*(I376+K376))/4,0,"=VLOOKUP(A376,Demográfico!A$2:E$400,5,FALSE)*I376","=FLOOR(L376,1)",=L376-O376,"=RANK(P376,P$2:P$400,0)","=O376+IF(Q376<Q$1,1,0)",,"=VLOOKUP(A376,Demográfico!A$2:E$400,5,FALSE)*(I376)"
Manfrinópolis,2770,"=_xlfn.IFS(B377<20000, ""P1"",B377<40000, ""P2"",B377<70000, ""P3"",B377<100000, ""P4"",B377<200000,""M1"",B377<500000,""M2"",B377<1000000,""G1"",B377>1000000,""G2"")","=VLOOKUP(C377,Controle!A$2:H$9,8,FALSE)","=VLOOKUP(C377,Controle!A$16:H$23,8,FALSE)","=VLOOKUP(A377,Educacional!A$2:P$405,16,FALSE)","=VLOOKUP(A377,Demográfico!A$2:L$405,12,FALSE)","=VLOOKUP(A377,Socioeconômico!A$2:M$405,13,FALSE)",=(2*F377+G377+2*H377)/5/100,"=VLOOKUP(A377,Demográfico!A$2:E$400,5,FALSE)/(VLOOKUP(C377,Controle!A$2:G$9,7,FALSE))*D377","=VLOOKUP(A377,Demográfico!A$2:E$400,5,FALSE)/(VLOOKUP(C377,Controle!A$16:G$24,7,FALSE))*E377",=((J377*(1+I377))+3*(I377+K377))/4,1,"=VLOOKUP(A377,Demográfico!A$2:E$400,5,FALSE)*I377","=FLOOR(L377,1)",=L377-O377,"=RANK(P377,P$2:P$400,0)","=O377+IF(Q377<Q$1,1,0)",,"=VLOOKUP(A377,Demográfico!A$2:E$400,5,FALSE)*(I377)"
Pinhal de São Bento,2761,"=_xlfn.IFS(B378<20000, ""P1"",B378<40000, ""P2"",B378<70000, ""P3"",B378<100000, ""P4"",B378<200000,""M1"",B378<500000,""M2"",B378<1000000,""G1"",B378>1000000,""G2"")","=VLOOKUP(C378,Controle!A$2:H$9,8,FALSE)","=VLOOKUP(C378,Controle!A$16:H$23,8,FALSE)","=VLOOKUP(A378,Educacional!A$2:P$405,16,FALSE)","=VLOOKUP(A378,Demográfico!A$2:L$405,12,FALSE)","=VLOOKUP(A378,Socioeconômico!A$2:M$405,13,FALSE)",=(2*F378+G378+2*H378)/5/100,"=VLOOKUP(A378,Demográfico!A$2:E$400,5,FALSE)/(VLOOKUP(C378,Controle!A$2:G$9,7,FALSE))*D378","=VLOOKUP(A378,Demográfico!A$2:E$400,5,FALSE)/(VLOOKUP(C378,Controle!A$16:G$24,7,FALSE))*E378",=((J378*(1+I378))+3*(I378+K378))/4,0,"=VLOOKUP(A378,Demográfico!A$2:E$400,5,FALSE)*I378","=FLOOR(L378,1)",=L378-O378,"=RANK(P378,P$2:P$400,0)","=O378+IF(Q378<Q$1,1,0)",,"=VLOOKUP(A378,Demográfico!A$2:E$400,5,FALSE)*(I378)"
Ivatuba,2708,"=_xlfn.IFS(B379<20000, ""P1"",B379<40000, ""P2"",B379<70000, ""P3"",B379<100000, ""P4"",B379<200000,""M1"",B379<500000,""M2"",B379<1000000,""G1"",B379>1000000,""G2"")","=VLOOKUP(C379,Controle!A$2:H$9,8,FALSE)","=VLOOKUP(C379,Controle!A$16:H$23,8,FALSE)","=VLOOKUP(A379,Educacional!A$2:P$405,16,FALSE)","=VLOOKUP(A379,Demográfico!A$2:L$405,12,FALSE)","=VLOOKUP(A379,Socioeconômico!A$2:M$405,13,FALSE)",=(2*F379+G379+2*H379)/5/100,"=VLOOKUP(A379,Demográfico!A$2:E$400,5,FALSE)/(VLOOKUP(C379,Controle!A$2:G$9,7,FALSE))*D379","=VLOOKUP(A379,Demográfico!A$2:E$400,5,FALSE)/(VLOOKUP(C379,Controle!A$16:G$24,7,FALSE))*E379",=((J379*(1+I379))+3*(I379+K379))/4,0,"=VLOOKUP(A379,Demográfico!A$2:E$400,5,FALSE)*I379","=FLOOR(L379,1)",=L379-O379,"=RANK(P379,P$2:P$400,0)","=O379+IF(Q379<Q$1,1,0)",,"=VLOOKUP(A379,Demográfico!A$2:E$400,5,FALSE)*(I379)"
São Pedro do Paraná,2661,"=_xlfn.IFS(B380<20000, ""P1"",B380<40000, ""P2"",B380<70000, ""P3"",B380<100000, ""P4"",B380<200000,""M1"",B380<500000,""M2"",B380<1000000,""G1"",B380>1000000,""G2"")","=VLOOKUP(C380,Controle!A$2:H$9,8,FALSE)","=VLOOKUP(C380,Controle!A$16:H$23,8,FALSE)","=VLOOKUP(A380,Educacional!A$2:P$405,16,FALSE)","=VLOOKUP(A380,Demográfico!A$2:L$405,12,FALSE)","=VLOOKUP(A380,Socioeconômico!A$2:M$405,13,FALSE)",=(2*F380+G380+2*H380)/5/100,"=VLOOKUP(A380,Demográfico!A$2:E$400,5,FALSE)/(VLOOKUP(C380,Controle!A$2:G$9,7,FALSE))*D380","=VLOOKUP(A380,Demográfico!A$2:E$400,5,FALSE)/(VLOOKUP(C380,Controle!A$16:G$24,7,FALSE))*E380",=((J380*(1+I380))+3*(I380+K380))/4,0,"=VLOOKUP(A380,Demográfico!A$2:E$400,5,FALSE)*I380","=FLOOR(L380,1)",=L380-O380,"=RANK(P380,P$2:P$400,0)","=O380+IF(Q380<Q$1,1,0)",,"=VLOOKUP(A380,Demográfico!A$2:E$400,5,FALSE)*(I380)"
Flórida,2652,"=_xlfn.IFS(B381<20000, ""P1"",B381<40000, ""P2"",B381<70000, ""P3"",B381<100000, ""P4"",B381<200000,""M1"",B381<500000,""M2"",B381<1000000,""G1"",B381>1000000,""G2"")","=VLOOKUP(C381,Controle!A$2:H$9,8,FALSE)","=VLOOKUP(C381,Controle!A$16:H$23,8,FALSE)","=VLOOKUP(A381,Educacional!A$2:P$405,16,FALSE)","=VLOOKUP(A381,Demográfico!A$2:L$405,12,FALSE)","=VLOOKUP(A381,Socioeconômico!A$2:M$405,13,FALSE)",=(2*F381+G381+2*H381)/5/100,"=VLOOKUP(A381,Demográfico!A$2:E$400,5,FALSE)/(VLOOKUP(C381,Controle!A$2:G$9,7,FALSE))*D381","=VLOOKUP(A381,Demográfico!A$2:E$400,5,FALSE)/(VLOOKUP(C381,Controle!A$16:G$24,7,FALSE))*E381",=((J381*(1+I381))+3*(I381+K381))/4,0,"=VLOOKUP(A381,Demográfico!A$2:E$400,5,FALSE)*I381","=FLOOR(L381,1)",=L381-O381,"=RANK(P381,P$2:P$400,0)","=O381+IF(Q381<Q$1,1,0)",,"=VLOOKUP(A381,Demográfico!A$2:E$400,5,FALSE)*(I381)"
Cafeara,2627,"=_xlfn.IFS(B382<20000, ""P1"",B382<40000, ""P2"",B382<70000, ""P3"",B382<100000, ""P4"",B382<200000,""M1"",B382<500000,""M2"",B382<1000000,""G1"",B382>1000000,""G2"")","=VLOOKUP(C382,Controle!A$2:H$9,8,FALSE)","=VLOOKUP(C382,Controle!A$16:H$23,8,FALSE)","=VLOOKUP(A382,Educacional!A$2:P$405,16,FALSE)","=VLOOKUP(A382,Demográfico!A$2:L$405,12,FALSE)","=VLOOKUP(A382,Socioeconômico!A$2:M$405,13,FALSE)",=(2*F382+G382+2*H382)/5/100,"=VLOOKUP(A382,Demográfico!A$2:E$400,5,FALSE)/(VLOOKUP(C382,Controle!A$2:G$9,7,FALSE))*D382","=VLOOKUP(A382,Demográfico!A$2:E$400,5,FALSE)/(VLOOKUP(C382,Controle!A$16:G$24,7,FALSE))*E382",=((J382*(1+I382))+3*(I382+K382))/4,0,"=VLOOKUP(A382,Demográfico!A$2:E$400,5,FALSE)*I382","=FLOOR(L382,1)",=L382-O382,"=RANK(P382,P$2:P$400,0)","=O382+IF(Q382<Q$1,1,0)",,"=VLOOKUP(A382,Demográfico!A$2:E$400,5,FALSE)*(I382)"
Rancho Alegre D'Oeste,2618,"=_xlfn.IFS(B383<20000, ""P1"",B383<40000, ""P2"",B383<70000, ""P3"",B383<100000, ""P4"",B383<200000,""M1"",B383<500000,""M2"",B383<1000000,""G1"",B383>1000000,""G2"")","=VLOOKUP(C383,Controle!A$2:H$9,8,FALSE)","=VLOOKUP(C383,Controle!A$16:H$23,8,FALSE)","=VLOOKUP(A383,Educacional!A$2:P$405,16,FALSE)","=VLOOKUP(A383,Demográfico!A$2:L$405,12,FALSE)","=VLOOKUP(A383,Socioeconômico!A$2:M$405,13,FALSE)",=(2*F383+G383+2*H383)/5/100,"=VLOOKUP(A383,Demográfico!A$2:E$400,5,FALSE)/(VLOOKUP(C383,Controle!A$2:G$9,7,FALSE))*D383","=VLOOKUP(A383,Demográfico!A$2:E$400,5,FALSE)/(VLOOKUP(C383,Controle!A$16:G$24,7,FALSE))*E383",=((J383*(1+I383))+3*(I383+K383))/4,0,"=VLOOKUP(A383,Demográfico!A$2:E$400,5,FALSE)*I383","=FLOOR(L383,1)",=L383-O383,"=RANK(P383,P$2:P$400,0)","=O383+IF(Q383<Q$1,1,0)",,"=VLOOKUP(A383,Demográfico!A$2:E$400,5,FALSE)*(I383)"
Inajá,2536,"=_xlfn.IFS(B384<20000, ""P1"",B384<40000, ""P2"",B384<70000, ""P3"",B384<100000, ""P4"",B384<200000,""M1"",B384<500000,""M2"",B384<1000000,""G1"",B384>1000000,""G2"")","=VLOOKUP(C384,Controle!A$2:H$9,8,FALSE)","=VLOOKUP(C384,Controle!A$16:H$23,8,FALSE)","=VLOOKUP(A384,Educacional!A$2:P$405,16,FALSE)","=VLOOKUP(A384,Demográfico!A$2:L$405,12,FALSE)","=VLOOKUP(A384,Socioeconômico!A$2:M$405,13,FALSE)",=(2*F384+G384+2*H384)/5/100,"=VLOOKUP(A384,Demográfico!A$2:E$400,5,FALSE)/(VLOOKUP(C384,Controle!A$2:G$9,7,FALSE))*D384","=VLOOKUP(A384,Demográfico!A$2:E$400,5,FALSE)/(VLOOKUP(C384,Controle!A$16:G$24,7,FALSE))*E384",=((J384*(1+I384))+3*(I384+K384))/4,0,"=VLOOKUP(A384,Demográfico!A$2:E$400,5,FALSE)*I384","=FLOOR(L384,1)",=L384-O384,"=RANK(P384,P$2:P$400,0)","=O384+IF(Q384<Q$1,1,0)",,"=VLOOKUP(A384,Demográfico!A$2:E$400,5,FALSE)*(I384)"
Santo Antônio do Caiuá,2493,"=_xlfn.IFS(B385<20000, ""P1"",B385<40000, ""P2"",B385<70000, ""P3"",B385<100000, ""P4"",B385<200000,""M1"",B385<500000,""M2"",B385<1000000,""G1"",B385>1000000,""G2"")","=VLOOKUP(C385,Controle!A$2:H$9,8,FALSE)","=VLOOKUP(C385,Controle!A$16:H$23,8,FALSE)","=VLOOKUP(A385,Educacional!A$2:P$405,16,FALSE)","=VLOOKUP(A385,Demográfico!A$2:L$405,12,FALSE)","=VLOOKUP(A385,Socioeconômico!A$2:M$405,13,FALSE)",=(2*F385+G385+2*H385)/5/100,"=VLOOKUP(A385,Demográfico!A$2:E$400,5,FALSE)/(VLOOKUP(C385,Controle!A$2:G$9,7,FALSE))*D385","=VLOOKUP(A385,Demográfico!A$2:E$400,5,FALSE)/(VLOOKUP(C385,Controle!A$16:G$24,7,FALSE))*E385",=((J385*(1+I385))+3*(I385+K385))/4,0,"=VLOOKUP(A385,Demográfico!A$2:E$400,5,FALSE)*I385","=FLOOR(L385,1)",=L385-O385,"=RANK(P385,P$2:P$400,0)","=O385+IF(Q385<Q$1,1,0)",,"=VLOOKUP(A385,Demográfico!A$2:E$400,5,FALSE)*(I385)"
Boa Esperança do Iguaçu,2455,"=_xlfn.IFS(B386<20000, ""P1"",B386<40000, ""P2"",B386<70000, ""P3"",B386<100000, ""P4"",B386<200000,""M1"",B386<500000,""M2"",B386<1000000,""G1"",B386>1000000,""G2"")","=VLOOKUP(C386,Controle!A$2:H$9,8,FALSE)","=VLOOKUP(C386,Controle!A$16:H$23,8,FALSE)","=VLOOKUP(A386,Educacional!A$2:P$405,16,FALSE)","=VLOOKUP(A386,Demográfico!A$2:L$405,12,FALSE)","=VLOOKUP(A386,Socioeconômico!A$2:M$405,13,FALSE)",=(2*F386+G386+2*H386)/5/100,"=VLOOKUP(A386,Demográfico!A$2:E$400,5,FALSE)/(VLOOKUP(C386,Controle!A$2:G$9,7,FALSE))*D386","=VLOOKUP(A386,Demográfico!A$2:E$400,5,FALSE)/(VLOOKUP(C386,Controle!A$16:G$24,7,FALSE))*E386",=((J386*(1+I386))+3*(I386+K386))/4,0,"=VLOOKUP(A386,Demográfico!A$2:E$400,5,FALSE)*I386","=FLOOR(L386,1)",=L386-O386,"=RANK(P386,P$2:P$400,0)","=O386+IF(Q386<Q$1,1,0)",,"=VLOOKUP(A386,Demográfico!A$2:E$400,5,FALSE)*(I386)"
Paranapoema,2398,"=_xlfn.IFS(B387<20000, ""P1"",B387<40000, ""P2"",B387<70000, ""P3"",B387<100000, ""P4"",B387<200000,""M1"",B387<500000,""M2"",B387<1000000,""G1"",B387>1000000,""G2"")","=VLOOKUP(C387,Controle!A$2:H$9,8,FALSE)","=VLOOKUP(C387,Controle!A$16:H$23,8,FALSE)","=VLOOKUP(A387,Educacional!A$2:P$405,16,FALSE)","=VLOOKUP(A387,Demográfico!A$2:L$405,12,FALSE)","=VLOOKUP(A387,Socioeconômico!A$2:M$405,13,FALSE)",=(2*F387+G387+2*H387)/5/100,"=VLOOKUP(A387,Demográfico!A$2:E$400,5,FALSE)/(VLOOKUP(C387,Controle!A$2:G$9,7,FALSE))*D387","=VLOOKUP(A387,Demográfico!A$2:E$400,5,FALSE)/(VLOOKUP(C387,Controle!A$16:G$24,7,FALSE))*E387",=((J387*(1+I387))+3*(I387+K387))/4,0,"=VLOOKUP(A387,Demográfico!A$2:E$400,5,FALSE)*I387","=FLOOR(L387,1)",=L387-O387,"=RANK(P387,P$2:P$400,0)","=O387+IF(Q387<Q$1,1,0)",,"=VLOOKUP(A387,Demográfico!A$2:E$400,5,FALSE)*(I387)"
Iracema do Oeste,2343,"=_xlfn.IFS(B388<20000, ""P1"",B388<40000, ""P2"",B388<70000, ""P3"",B388<100000, ""P4"",B388<200000,""M1"",B388<500000,""M2"",B388<1000000,""G1"",B388>1000000,""G2"")","=VLOOKUP(C388,Controle!A$2:H$9,8,FALSE)","=VLOOKUP(C388,Controle!A$16:H$23,8,FALSE)","=VLOOKUP(A388,Educacional!A$2:P$405,16,FALSE)","=VLOOKUP(A388,Demográfico!A$2:L$405,12,FALSE)","=VLOOKUP(A388,Socioeconômico!A$2:M$405,13,FALSE)",=(2*F388+G388+2*H388)/5/100,"=VLOOKUP(A388,Demográfico!A$2:E$400,5,FALSE)/(VLOOKUP(C388,Controle!A$2:G$9,7,FALSE))*D388","=VLOOKUP(A388,Demográfico!A$2:E$400,5,FALSE)/(VLOOKUP(C388,Controle!A$16:G$24,7,FALSE))*E388",=((J388*(1+I388))+3*(I388+K388))/4,0,"=VLOOKUP(A388,Demográfico!A$2:E$400,5,FALSE)*I388","=FLOOR(L388,1)",=L388-O388,"=RANK(P388,P$2:P$400,0)","=O388+IF(Q388<Q$1,1,0)",,"=VLOOKUP(A388,Demográfico!A$2:E$400,5,FALSE)*(I388)"
Ariranha do Ivaí,2329,"=_xlfn.IFS(B389<20000, ""P1"",B389<40000, ""P2"",B389<70000, ""P3"",B389<100000, ""P4"",B389<200000,""M1"",B389<500000,""M2"",B389<1000000,""G1"",B389>1000000,""G2"")","=VLOOKUP(C389,Controle!A$2:H$9,8,FALSE)","=VLOOKUP(C389,Controle!A$16:H$23,8,FALSE)","=VLOOKUP(A389,Educacional!A$2:P$405,16,FALSE)","=VLOOKUP(A389,Demográfico!A$2:L$405,12,FALSE)","=VLOOKUP(A389,Socioeconômico!A$2:M$405,13,FALSE)",=(2*F389+G389+2*H389)/5/100,"=VLOOKUP(A389,Demográfico!A$2:E$400,5,FALSE)/(VLOOKUP(C389,Controle!A$2:G$9,7,FALSE))*D389","=VLOOKUP(A389,Demográfico!A$2:E$400,5,FALSE)/(VLOOKUP(C389,Controle!A$16:G$24,7,FALSE))*E389",=((J389*(1+I389))+3*(I389+K389))/4,0,"=VLOOKUP(A389,Demográfico!A$2:E$400,5,FALSE)*I389","=FLOOR(L389,1)",=L389-O389,"=RANK(P389,P$2:P$400,0)","=O389+IF(Q389<Q$1,1,0)",,"=VLOOKUP(A389,Demográfico!A$2:E$400,5,FALSE)*(I389)"
Mirador,2238,"=_xlfn.IFS(B390<20000, ""P1"",B390<40000, ""P2"",B390<70000, ""P3"",B390<100000, ""P4"",B390<200000,""M1"",B390<500000,""M2"",B390<1000000,""G1"",B390>1000000,""G2"")","=VLOOKUP(C390,Controle!A$2:H$9,8,FALSE)","=VLOOKUP(C390,Controle!A$16:H$23,8,FALSE)","=VLOOKUP(A390,Educacional!A$2:P$405,16,FALSE)","=VLOOKUP(A390,Demográfico!A$2:L$405,12,FALSE)","=VLOOKUP(A390,Socioeconômico!A$2:M$405,13,FALSE)",=(2*F390+G390+2*H390)/5/100,"=VLOOKUP(A390,Demográfico!A$2:E$400,5,FALSE)/(VLOOKUP(C390,Controle!A$2:G$9,7,FALSE))*D390","=VLOOKUP(A390,Demográfico!A$2:E$400,5,FALSE)/(VLOOKUP(C390,Controle!A$16:G$24,7,FALSE))*E390",=((J390*(1+I390))+3*(I390+K390))/4,0,"=VLOOKUP(A390,Demográfico!A$2:E$400,5,FALSE)*I390","=FLOOR(L390,1)",=L390-O390,"=RANK(P390,P$2:P$400,0)","=O390+IF(Q390<Q$1,1,0)",,"=VLOOKUP(A390,Demográfico!A$2:E$400,5,FALSE)*(I390)"
Guaporema,2191,"=_xlfn.IFS(B391<20000, ""P1"",B391<40000, ""P2"",B391<70000, ""P3"",B391<100000, ""P4"",B391<200000,""M1"",B391<500000,""M2"",B391<1000000,""G1"",B391>1000000,""G2"")","=VLOOKUP(C391,Controle!A$2:H$9,8,FALSE)","=VLOOKUP(C391,Controle!A$16:H$23,8,FALSE)","=VLOOKUP(A391,Educacional!A$2:P$405,16,FALSE)","=VLOOKUP(A391,Demográfico!A$2:L$405,12,FALSE)","=VLOOKUP(A391,Socioeconômico!A$2:M$405,13,FALSE)",=(2*F391+G391+2*H391)/5/100,"=VLOOKUP(A391,Demográfico!A$2:E$400,5,FALSE)/(VLOOKUP(C391,Controle!A$2:G$9,7,FALSE))*D391","=VLOOKUP(A391,Demográfico!A$2:E$400,5,FALSE)/(VLOOKUP(C391,Controle!A$16:G$24,7,FALSE))*E391",=((J391*(1+I391))+3*(I391+K391))/4,0,"=VLOOKUP(A391,Demográfico!A$2:E$400,5,FALSE)*I391","=FLOOR(L391,1)",=L391-O391,"=RANK(P391,P$2:P$400,0)","=O391+IF(Q391<Q$1,1,0)",,"=VLOOKUP(A391,Demográfico!A$2:E$400,5,FALSE)*(I391)"
Iguatu,2144,"=_xlfn.IFS(B392<20000, ""P1"",B392<40000, ""P2"",B392<70000, ""P3"",B392<100000, ""P4"",B392<200000,""M1"",B392<500000,""M2"",B392<1000000,""G1"",B392>1000000,""G2"")","=VLOOKUP(C392,Controle!A$2:H$9,8,FALSE)","=VLOOKUP(C392,Controle!A$16:H$23,8,FALSE)","=VLOOKUP(A392,Educacional!A$2:P$405,16,FALSE)","=VLOOKUP(A392,Demográfico!A$2:L$405,12,FALSE)","=VLOOKUP(A392,Socioeconômico!A$2:M$405,13,FALSE)",=(2*F392+G392+2*H392)/5/100,"=VLOOKUP(A392,Demográfico!A$2:E$400,5,FALSE)/(VLOOKUP(C392,Controle!A$2:G$9,7,FALSE))*D392","=VLOOKUP(A392,Demográfico!A$2:E$400,5,FALSE)/(VLOOKUP(C392,Controle!A$16:G$24,7,FALSE))*E392",=((J392*(1+I392))+3*(I392+K392))/4,0,"=VLOOKUP(A392,Demográfico!A$2:E$400,5,FALSE)*I392","=FLOOR(L392,1)",=L392-O392,"=RANK(P392,P$2:P$400,0)","=O392+IF(Q392<Q$1,1,0)",,"=VLOOKUP(A392,Demográfico!A$2:E$400,5,FALSE)*(I392)"
São Manoel do Paraná,2138,"=_xlfn.IFS(B393<20000, ""P1"",B393<40000, ""P2"",B393<70000, ""P3"",B393<100000, ""P4"",B393<200000,""M1"",B393<500000,""M2"",B393<1000000,""G1"",B393>1000000,""G2"")","=VLOOKUP(C393,Controle!A$2:H$9,8,FALSE)","=VLOOKUP(C393,Controle!A$16:H$23,8,FALSE)","=VLOOKUP(A393,Educacional!A$2:P$405,16,FALSE)","=VLOOKUP(A393,Demográfico!A$2:L$405,12,FALSE)","=VLOOKUP(A393,Socioeconômico!A$2:M$405,13,FALSE)",=(2*F393+G393+2*H393)/5/100,"=VLOOKUP(A393,Demográfico!A$2:E$400,5,FALSE)/(VLOOKUP(C393,Controle!A$2:G$9,7,FALSE))*D393","=VLOOKUP(A393,Demográfico!A$2:E$400,5,FALSE)/(VLOOKUP(C393,Controle!A$16:G$24,7,FALSE))*E393",=((J393*(1+I393))+3*(I393+K393))/4,0,"=VLOOKUP(A393,Demográfico!A$2:E$400,5,FALSE)*I393","=FLOOR(L393,1)",=L393-O393,"=RANK(P393,P$2:P$400,0)","=O393+IF(Q393<Q$1,1,0)",,"=VLOOKUP(A393,Demográfico!A$2:E$400,5,FALSE)*(I393)"
Uniflor,2136,"=_xlfn.IFS(B394<20000, ""P1"",B394<40000, ""P2"",B394<70000, ""P3"",B394<100000, ""P4"",B394<200000,""M1"",B394<500000,""M2"",B394<1000000,""G1"",B394>1000000,""G2"")","=VLOOKUP(C394,Controle!A$2:H$9,8,FALSE)","=VLOOKUP(C394,Controle!A$16:H$23,8,FALSE)","=VLOOKUP(A394,Educacional!A$2:P$405,16,FALSE)","=VLOOKUP(A394,Demográfico!A$2:L$405,12,FALSE)","=VLOOKUP(A394,Socioeconômico!A$2:M$405,13,FALSE)",=(2*F394+G394+2*H394)/5/100,"=VLOOKUP(A394,Demográfico!A$2:E$400,5,FALSE)/(VLOOKUP(C394,Controle!A$2:G$9,7,FALSE))*D394","=VLOOKUP(A394,Demográfico!A$2:E$400,5,FALSE)/(VLOOKUP(C394,Controle!A$16:G$24,7,FALSE))*E394",=((J394*(1+I394))+3*(I394+K394))/4,0,"=VLOOKUP(A394,Demográfico!A$2:E$400,5,FALSE)*I394","=FLOOR(L394,1)",=L394-O394,"=RANK(P394,P$2:P$400,0)","=O394+IF(Q394<Q$1,1,0)",,"=VLOOKUP(A394,Demográfico!A$2:E$400,5,FALSE)*(I394)"
Santo Antônio do Paraíso,2125,"=_xlfn.IFS(B395<20000, ""P1"",B395<40000, ""P2"",B395<70000, ""P3"",B395<100000, ""P4"",B395<200000,""M1"",B395<500000,""M2"",B395<1000000,""G1"",B395>1000000,""G2"")","=VLOOKUP(C395,Controle!A$2:H$9,8,FALSE)","=VLOOKUP(C395,Controle!A$16:H$23,8,FALSE)","=VLOOKUP(A395,Educacional!A$2:P$405,16,FALSE)","=VLOOKUP(A395,Demográfico!A$2:L$405,12,FALSE)","=VLOOKUP(A395,Socioeconômico!A$2:M$405,13,FALSE)",=(2*F395+G395+2*H395)/5/100,"=VLOOKUP(A395,Demográfico!A$2:E$400,5,FALSE)/(VLOOKUP(C395,Controle!A$2:G$9,7,FALSE))*D395","=VLOOKUP(A395,Demográfico!A$2:E$400,5,FALSE)/(VLOOKUP(C395,Controle!A$16:G$24,7,FALSE))*E395",=((J395*(1+I395))+3*(I395+K395))/4,0,"=VLOOKUP(A395,Demográfico!A$2:E$400,5,FALSE)*I395","=FLOOR(L395,1)",=L395-O395,"=RANK(P395,P$2:P$400,0)","=O395+IF(Q395<Q$1,1,0)",,"=VLOOKUP(A395,Demográfico!A$2:E$400,5,FALSE)*(I395)"
Miraselva,1966,"=_xlfn.IFS(B396<20000, ""P1"",B396<40000, ""P2"",B396<70000, ""P3"",B396<100000, ""P4"",B396<200000,""M1"",B396<500000,""M2"",B396<1000000,""G1"",B396>1000000,""G2"")","=VLOOKUP(C396,Controle!A$2:H$9,8,FALSE)","=VLOOKUP(C396,Controle!A$16:H$23,8,FALSE)","=VLOOKUP(A396,Educacional!A$2:P$405,16,FALSE)","=VLOOKUP(A396,Demográfico!A$2:L$405,12,FALSE)","=VLOOKUP(A396,Socioeconômico!A$2:M$405,13,FALSE)",=(2*F396+G396+2*H396)/5/100,"=VLOOKUP(A396,Demográfico!A$2:E$400,5,FALSE)/(VLOOKUP(C396,Controle!A$2:G$9,7,FALSE))*D396","=VLOOKUP(A396,Demográfico!A$2:E$400,5,FALSE)/(VLOOKUP(C396,Controle!A$16:G$24,7,FALSE))*E396",=((J396*(1+I396))+3*(I396+K396))/4,0,"=VLOOKUP(A396,Demográfico!A$2:E$400,5,FALSE)*I396","=FLOOR(L396,1)",=L396-O396,"=RANK(P396,P$2:P$400,0)","=O396+IF(Q396<Q$1,1,0)",,"=VLOOKUP(A396,Demográfico!A$2:E$400,5,FALSE)*(I396)"
Esperança Nova,1849,"=_xlfn.IFS(B397<20000, ""P1"",B397<40000, ""P2"",B397<70000, ""P3"",B397<100000, ""P4"",B397<200000,""M1"",B397<500000,""M2"",B397<1000000,""G1"",B397>1000000,""G2"")","=VLOOKUP(C397,Controle!A$2:H$9,8,FALSE)","=VLOOKUP(C397,Controle!A$16:H$23,8,FALSE)","=VLOOKUP(A397,Educacional!A$2:P$405,16,FALSE)","=VLOOKUP(A397,Demográfico!A$2:L$405,12,FALSE)","=VLOOKUP(A397,Socioeconômico!A$2:M$405,13,FALSE)",=(2*F397+G397+2*H397)/5/100,"=VLOOKUP(A397,Demográfico!A$2:E$400,5,FALSE)/(VLOOKUP(C397,Controle!A$2:G$9,7,FALSE))*D397","=VLOOKUP(A397,Demográfico!A$2:E$400,5,FALSE)/(VLOOKUP(C397,Controle!A$16:G$24,7,FALSE))*E397",=((J397*(1+I397))+3*(I397+K397))/4,0,"=VLOOKUP(A397,Demográfico!A$2:E$400,5,FALSE)*I397","=FLOOR(L397,1)",=L397-O397,"=RANK(P397,P$2:P$400,0)","=O397+IF(Q397<Q$1,1,0)",,"=VLOOKUP(A397,Demográfico!A$2:E$400,5,FALSE)*(I397)"
Santa Inês,1748,"=_xlfn.IFS(B398<20000, ""P1"",B398<40000, ""P2"",B398<70000, ""P3"",B398<100000, ""P4"",B398<200000,""M1"",B398<500000,""M2"",B398<1000000,""G1"",B398>1000000,""G2"")","=VLOOKUP(C398,Controle!A$2:H$9,8,FALSE)","=VLOOKUP(C398,Controle!A$16:H$23,8,FALSE)","=VLOOKUP(A398,Educacional!A$2:P$405,16,FALSE)","=VLOOKUP(A398,Demográfico!A$2:L$405,12,FALSE)","=VLOOKUP(A398,Socioeconômico!A$2:M$405,13,FALSE)",=(2*F398+G398+2*H398)/5/100,"=VLOOKUP(A398,Demográfico!A$2:E$400,5,FALSE)/(VLOOKUP(C398,Controle!A$2:G$9,7,FALSE))*D398","=VLOOKUP(A398,Demográfico!A$2:E$400,5,FALSE)/(VLOOKUP(C398,Controle!A$16:G$24,7,FALSE))*E398",=((J398*(1+I398))+3*(I398+K398))/4,0,"=VLOOKUP(A398,Demográfico!A$2:E$400,5,FALSE)*I398","=FLOOR(L398,1)",=L398-O398,"=RANK(P398,P$2:P$400,0)","=O398+IF(Q398<Q$1,1,0)",,"=VLOOKUP(A398,Demográfico!A$2:E$400,5,FALSE)*(I398)"
Jardim Olinda,1343,"=_xlfn.IFS(B399<20000, ""P1"",B399<40000, ""P2"",B399<70000, ""P3"",B399<100000, ""P4"",B399<200000,""M1"",B399<500000,""M2"",B399<1000000,""G1"",B399>1000000,""G2"")","=VLOOKUP(C399,Controle!A$2:H$9,8,FALSE)","=VLOOKUP(C399,Controle!A$16:H$23,8,FALSE)","=VLOOKUP(A399,Educacional!A$2:P$405,16,FALSE)","=VLOOKUP(A399,Demográfico!A$2:L$405,12,FALSE)","=VLOOKUP(A399,Socioeconômico!A$2:M$405,13,FALSE)",=(2*F399+G399+2*H399)/5/100,"=VLOOKUP(A399,Demográfico!A$2:E$400,5,FALSE)/(VLOOKUP(C399,Controle!A$2:G$9,7,FALSE))*D399","=VLOOKUP(A399,Demográfico!A$2:E$400,5,FALSE)/(VLOOKUP(C399,Controle!A$16:G$24,7,FALSE))*E399",=((J399*(1+I399))+3*(I399+K399))/4,0,"=VLOOKUP(A399,Demográfico!A$2:E$400,5,FALSE)*I399","=FLOOR(L399,1)",=L399-O399,"=RANK(P399,P$2:P$400,0)","=O399+IF(Q399<Q$1,1,0)",,"=VLOOKUP(A399,Demográfico!A$2:E$400,5,FALSE)*(I399)"
Nova Aliança do Ivaí,1323,"=_xlfn.IFS(B400<20000, ""P1"",B400<40000, ""P2"",B400<70000, ""P3"",B400<100000, ""P4"",B400<200000,""M1"",B400<500000,""M2"",B400<1000000,""G1"",B400>1000000,""G2"")","=VLOOKUP(C400,Controle!A$2:H$9,8,FALSE)","=VLOOKUP(C400,Controle!A$16:H$23,8,FALSE)","=VLOOKUP(A400,Educacional!A$2:P$405,16,FALSE)","=VLOOKUP(A400,Demográfico!A$2:L$405,12,FALSE)","=VLOOKUP(A400,Socioeconômico!A$2:M$405,13,FALSE)",=(2*F400+G400+2*H400)/5/100,"=VLOOKUP(A400,Demográfico!A$2:E$400,5,FALSE)/(VLOOKUP(C400,Controle!A$2:G$9,7,FALSE))*D400","=VLOOKUP(A400,Demográfico!A$2:E$400,5,FALSE)/(VLOOKUP(C400,Controle!A$16:G$24,7,FALSE))*E400",=((J400*(1+I400))+3*(I400+K400))/4,0,"=VLOOKUP(A400,Demográfico!A$2:E$400,5,FALSE)*I400","=FLOOR(L400,1)",=L400-O400,"=RANK(P400,P$2:P$400,0)","=O400+IF(Q400<Q$1,1,0)",,"=VLOOKUP(A400,Demográfico!A$2:E$400,5,FALSE)*(I400)"
,,,,,,,,,,,,,=SUM(N2:N400)/Demográfico!E405,,,,,,
,,,,,,,,,,,,,,,,,,,=SUM(T2:T400)/Controle!C10
,,,,,,,,,,,,,,,,,,,
,,,,,,,,,,,,,,,,,,,
,,,,,,,,,,,,,,,,,,,
,,,,,,,,,,,,,,,,,,,
,,,,,,,,,,,,,,,,,,,
,,,,,,,,,,,,,,,,,,,
,,,,,,,,,,,,,,,,,,,
,,,,,,,,,,,,,,,,,,,
,,,,,,,,,,,,,,,,,,,
,,,,,,,,,,,,,,,,,,,
,,,,,,,,,,,,,,,,,,,
,,,,,,,,,,,,,,,,,,,
,,,,,,,,,,,,,,,,,,,
,,,,,,,,,,,,,,,,,,,
,,,,,,,,,,,,,,,,,,,
,,,,,,,,,,,,,,,,,,,
,,,,,,,,,,,,,,,,,,,
,,,,,,,,,,,,,,,,,,,
,,,,,,,,,,,,,,,,,,,
,,,,,,,,,,,,,,,,,,,
,,,,,,,,,,,,,,,,,,,
,,,,,,,,,,,,,,,,,,,
,,,,,,,,,,,,,,,,,,,
,,,,,,,,,,,,,,,,,,,
,,,,,,,,,,,,,,,,,,,
,,,,,,,,,,,,,,,,,,,
,,,,,,,,,,,,,,,,,,,
,,,,,,,,,,,,,,,,,,,
,,,,,,,,,,,,,,,,,,,
,,,,,,,,,,,,,,,,,,,
,,,,,,,,,,,,,,,,,,,
,,,,,,,,,,,,,,,,,,,
,,,,,,,,,,,,,,,,,,,
,,,,,,,,,,,,,,,,,,,
,,,,,,,,,,,,,,,,,,,
,,,,,,,,,,,,,,,,,,,
,,,,,,,,,,,,,,,,,,,
,,,,,,,,,,,,,,,,,,,
,,,,,,,,,,,,,,,,,,,
,,,,,,,,,,,,,,,,,,,
,,,,,,,,,,,,,,,,,,,
,,,,,,,,,,,,,,,,,,,
,,,,,,,,,,,,,,,,,,,
,,,,,,,,,,,,,,,,,,,
,,,,,,,,,,,,,,,,,,,
,,,,,,,,,,,,,,,,,,,
,,,,,,,,,,,,,,,,,,,
,,,,,,,,,,,,,,,,,,,
,,,,,,,,,,,,,,,,,,,
,,,,,,,,,,,,,,,,,,,
,,,,,,,,,,,,,,,,,,,
,,,,,,,,,,,,,,,,,,,
,,,,,,,,,,,,,,,,,,,
,,,,,,,,,,,,,,,,,,,
,,,,,,,,,,,,,,,,,,,
,,,,,,,,,,,,,,,,,,,
,,,,,,,,,,,,,,,,,,,
,,,,,,,,,,,,,,,,,,,
,,,,,,,,,,,,,,,,,,,
,,,,,,,,,,,,,,,,,,,
,,,,,,,,,,,,,,,,,,,
,,,,,,,,,,,,,,,,,,,
,,,,,,,,,,,,,,,,,,,
,,,,,,,,,,,,,,,,,,,
,,,,,,,,,,,,,,,,,,,
,,,,,,,,,,,,,,,,,,,
,,,,,,,,,,,,,,,,,,,
,,,,,,,,,,,,,,,,,,,
,,,,,,,,,,,,,,,,,,,
,,,,,,,,,,,,,,,,,,,
,,,,,,,,,,,,,,,,,,,
,,,,,,,,,,,,,,,,,,,
,,,,,,,,,,,,,,,,,,,
,,,,,,,,,,,,,,,,,,,
,,,,,,,,,,,,,,,,,,,
,,,,,,,,,,,,,,,,,,,
,,,,,,,,,,,,,,,,,,,
,,,,,,,,,,,,,,,,,,,
,,,,,,,,,,,,,,,,,,,
,,,,,,,,,,,,,,,,,,,
,,,,,,,,,,,,,,,,,,,
,,,,,,,,,,,,,,,,,,,
,,,,,,,,,,,,,,,,,,,
,,,,,,,,,,,,,,,,,,,
,,,,,,,,,,,,,,,,,,,
,,,,,,,,,,,,,,,,,,,
,,,,,,,,,,,,,,,,,,,
,,,,,,,,,,,,,,,,,,,
,,,,,,,,,,,,,,,,,,,
,,,,,,,,,,,,,,,,,,,
,,,,,,,,,,,,,,,,,,,
,,,,,,,,,,,,,,,,,,,
,,,,,,,,,,,,,,,,,,,
,,,,,,,,,,,,,,,,,,,
,,,,,,,,,,,,,,,,,,,
,,,,,,,,,,,,,,,,,,,
,,,,,,,,,,,,,,,,,,,
,,,,,,,,,,,,,,,,,,,
,,,,,,,,,,,,,,,,,,,
,,,,,,,,,,,,,,,,,,,
,,,,,,,,,,,,,,,,,,,
,,,,,,,,,,,,,,,,,,,
,,,,,,,,,,,,,,,,,,,
,,,,,,,,,,,,,,,,,,,
,,,,,,,,,,,,,,,,,,,
,,,,,,,,,,,,,,,,,,,
,,,,,,,,,,,,,,,,,,,
,,,,,,,,,,,,,,,,,,,
,,,,,,,,,,,,,,,,,,,
,,,,,,,,,,,,,,,,,,,
,,,,,,,,,,,,,,,,,,,
,,,,,,,,,,,,,,,,,,,
,,,,,,,,,,,,,,,,,,,
,,,,,,,,,,,,,,,,,,,
,,,,,,,,,,,,,,,,,,,
,,,,,,,,,,,,,,,,,,,
,,,,,,,,,,,,,,,,,,,
,,,,,,,,,,,,,,,,,,,
,,,,,,,,,,,,,,,,,,,
,,,,,,,,,,,,,,,,,,,
,,,,,,,,,,,,,,,,,,,
,,,,,,,,,,,,,,,,,,,
,,,,,,,,,,,,,,,,,,,
,,,,,,,,,,,,,,,,,,,
,,,,,,,,,,,,,,,,,,,
,,,,,,,,,,,,,,,,,,,
,,,,,,,,,,,,,,,,,,,
,,,,,,,,,,,,,,,,,,,
,,,,,,,,,,,,,,,,,,,
,,,,,,,,,,,,,,,,,,,
,,,,,,,,,,,,,,,,,,,
,,,,,,,,,,,,,,,,,,,
,,,,,,,,,,,,,,,,,,,
,,,,,,,,,,,,,,,,,,,
,,,,,,,,,,,,,,,,,,,
,,,,,,,,,,,,,,,,,,,
,,,,,,,,,,,,,,,,,,,
,,,,,,,,,,,,,,,,,,,
,,,,,,,,,,,,,,,,,,,
,,,,,,,,,,,,,,,,,,,
,,,,,,,,,,,,,,,,,,,
,,,,,,,,,,,,,,,,,,,
,,,,,,,,,,,,,,,,,,,
,,,,,,,,,,,,,,,,,,,
,,,,,,,,,,,,,,,,,,,
,,,,,,,,,,,,,,,,,,,
,,,,,,,,,,,,,,,,,,,
,,,,,,,,,,,,,,,,,,,
